frameNumber,components,mse,sizeBytes,genTime,recvTime,delay_ms,receivedOnTime,effectiveError,deadline_ms,cqi
0,350,32.939,27063,0.031273468,0.034500000,3.226532,1,32.939025,5.000000,11
1,350,32.939025,27063,0.045780686,0.048500000,2.719314,1,32.939025,5.000000,11
2,350,31.436273,27063,0.060822199,0.063500000,2.677801,1,31.436273,5.000000,11
3,350,31.437446,27063,0.076656979,0.079500000,2.843021,1,31.437446,5.000000,11
4,350,28.704620,27063,0.089385514,0.092000000,2.614486,1,28.704620,5.000000,11
5,350,28.704749,27063,0.103768417,0.112500000,8.731583,0,2120.889459,5.000000,11
6,350,26.881130,27063,0.117167617,0.120500000,3.332383,1,26.881130,5.000000,11
7,350,26.880389,27063,0.131835715,0.134500000,2.664285,1,26.880389,5.000000,11
8,350,24.356545,27063,0.146223608,0.149000000,2.776392,1,24.356545,5.000000,11
9,350,24.357002,27063,0.159803731,0.166000000,6.196269,0,2120.889459,5.000000,11
10,350,22.280237,27063,0.174096340,0.180000000,5.903660,0,2120.889459,5.000000,11
11,350,22.290803,27063,0.189849505,0.193000000,3.150495,1,22.290803,5.000000,11
12,350,20.350232,27063,0.203465706,0.209500000,6.034294,0,2120.889459,5.000000,11
13,350,20.348565,27063,0.218279171,0.223500000,5.220829,0,2120.889459,5.000000,11
14,350,18.106871,27063,0.231082488,0.234000000,2.917512,1,18.106871,5.000000,11
15,350,18.106953,27063,0.243971272,0.246500000,2.528728,1,18.106953,5.000000,11
16,350,16.982075,27063,0.259704208,0.262500000,2.795792,1,16.982075,5.000000,11
18,350,15.318376,27063,0.273413862,0.276000000,2.586138,1,15.318376,5.000000,11
20,350,13.472901,27063,0.287069437,0.290000000,2.930563,1,13.472901,5.000000,11
21,350,13.473775,27063,0.301904685,0.307500000,5.595315,0,2120.889459,5.000000,14
22,350,11.990766,27063,0.316309234,0.321500000,5.190766,0,2120.889459,5.000000,14
24,350,10.315348,27063,0.330698766,0.333000000,2.301234,1,10.315348,5.000000,14
25,350,9.010883,27063,0.344461362,0.346500000,2.038638,1,9.010883,5.000000,14
27,350,7.926515,27063,0.357341795,0.359500000,2.158205,1,7.926515,5.000000,14
28,350,7.880859,27063,0.370871674,0.373000000,2.128326,1,7.880859,5.000000,14
29,350,6.857413,27063,0.387066638,0.389500000,2.433362,1,6.857413,5.000000,14
30,350,6.858161,27063,0.400882955,0.412000000,11.117045,0,2120.889459,5.000000,13
32,350,5.834431,27063,0.413719233,0.416000000,2.280767,1,5.834431,5.000000,14
34,350,4.906726,27063,0.427910234,0.430000000,2.089766,1,4.906726,5.000000,14
35,350,3.884007,27063,0.441624158,0.444000000,2.375842,1,3.884007,5.000000,14
36,350,3.891104,27063,0.454701015,0.457500000,2.798985,1,3.891104,5.000000,14
38,350,3.040907,27063,0.470344862,0.472500000,2.155138,1,3.040907,5.000000,14
39,350,2.468064,27063,0.488442560,0.490500000,2.057440,1,2.468064,5.000000,14
40,350,2.468136,27063,0.501611017,0.507000000,5.388983,0,2120.889459,5.000000,14
42,350,1.709168,27063,0.518181093,0.520500000,2.318907,1,1.709168,5.000000,14
43,350,1.342920,27063,0.531805581,0.534500000,2.694419,1,1.342920,5.000000,14
44,350,1.351442,27063,0.544973851,0.553000000,8.026149,0,2120.889459,5.000000,14
45,350,0.928515,27063,0.558216037,0.560500000,2.283963,1,0.928515,5.000000,14
46,350,0.928868,27063,0.573793337,0.576000000,2.206663,1,0.928868,5.000000,14
47,350,0.605529,27063,0.587563787,0.590000000,2.436213,1,0.605529,5.000000,14
49,350,0.396898,27063,0.601842497,0.607000000,5.157503,0,2120.889459,5.000000,13
51,350,0.255742,27063,0.615150333,0.618000000,2.849667,1,0.255742,5.000000,13
52,350,0.241040,27063,0.629381191,0.635000000,5.618809,0,2120.889459,5.000000,13
53,350,0.241042,27063,0.642874384,0.646000000,3.125616,1,0.241042,5.000000,13
54,350,0.306159,27063,0.656596651,0.662500000,5.903349,0,2120.889459,5.000000,13
55,350,0.306545,27063,0.672119179,0.677500000,5.380821,0,2120.889459,5.000000,13
57,350,0.418994,27063,0.687375453,0.689500000,2.124547,1,0.418994,5.000000,13
58,350,0.418963,27063,0.701932246,0.707000000,5.067754,0,2120.889459,5.000000,13
59,350,0.418516,27063,0.717388899,0.722500000,5.111101,0,2120.889459,5.000000,13
60,350,0.418540,27063,0.733867204,0.736500000,2.632796,1,0.418540,5.000000,13
62,350,0.418548,27063,0.747251848,0.749500000,2.248152,1,0.418548,5.000000,13
63,350,0.418642,27063,0.761317772,0.766500000,5.182228,0,2120.889459,5.000000,13
64,350,0.418679,27063,0.776727923,0.779000000,2.272077,1,0.418679,5.000000,13
66,350,0.418560,27063,0.792362777,0.794500000,2.137223,1,0.418560,5.000000,13
67,350,0.418560,27063,0.805626570,0.811000000,5.373430,0,2120.889459,5.000000,13
68,350,0.418595,27063,0.819879968,0.825000000,5.120032,0,2120.889459,5.000000,13
70,350,0.418595,27063,0.834885543,0.840000000,5.114457,0,2120.889459,5.000000,13
71,350,0.418595,27063,0.850186122,0.858500000,8.313878,0,2120.889459,5.000000,13
72,350,0.418595,27063,0.863573883,0.866000000,2.426117,1,0.418595,5.000000,13
74,350,0.418595,27063,0.878382968,0.886500000,8.117032,0,2120.889459,5.000000,13
75,350,0.418595,27063,0.891776187,0.894000000,2.223813,1,0.418595,5.000000,13
76,350,0.418595,27063,0.904659868,0.910500000,5.840132,0,2120.889459,5.000000,12
77,350,0.418595,27063,0.919649450,0.922500000,2.850550,1,0.418595,5.000000,12
78,350,0.418595,27063,0.933598703,0.936500000,2.901297,1,0.418595,5.000000,12
81,350,0.418595,27063,0.946633139,0.949500000,2.866861,1,0.418595,5.000000,12
82,350,0.418595,27063,0.960788970,0.963500000,2.711030,1,0.418595,5.000000,12
83,350,0.418595,27063,0.973656084,0.976500000,2.843916,1,0.418595,5.000000,12
84,350,0.418595,27063,0.988286076,0.993500000,5.213924,0,2120.889459,5.000000,12
85,350,0.418595,27063,1.003464278,1.012500000,9.035722,0,2120.889459,5.000000,12
86,350,0.418595,27063,1.018756075,1.024000000,5.243925,0,2120.889459,5.000000,12
88,350,0.418595,27063,1.033807674,1.036500000,2.692326,1,0.418595,5.000000,12
89,350,0.418595,27063,1.047550384,1.050500000,2.949616,1,0.418595,5.000000,12
90,350,0.418595,27063,1.061617112,1.064500000,2.882888,1,0.418595,5.000000,12
92,350,0.418595,27063,1.074736134,1.077500000,2.763866,1,0.418595,5.000000,12
94,350,0.418595,27063,1.089036988,1.094500000,5.463012,0,2120.889459,5.000000,12
96,350,0.418595,27063,1.101903147,1.108000000,6.096853,0,2120.889459,5.000000,12
97,350,0.418519,27063,1.114840631,1.118000000,3.159369,1,0.418519,5.000000,12
98,350,0.298959,27063,1.128305888,1.134500000,6.194112,0,2120.889459,5.000000,12
99,350,0.298959,27063,1.141862668,1.150500000,8.637332,0,2120.889459,5.000000,12
100,350,1.416893,27063,1.155665182,1.158500000,2.834818,1,1.416893,5.000000,12
102,350,4.085330,27063,1.168540916,1.171500000,2.959084,1,4.085330,5.000000,12
103,350,4.077718,27063,1.181755796,1.184500000,2.744204,1,4.077718,5.000000,12
104,350,8.373342,27063,1.195993132,1.199000000,3.006868,1,8.373342,5.000000,12
105,350,8.341453,27063,1.209370906,1.215000000,5.629094,0,2120.889459,5.000000,10
107,350,13.862632,27063,1.222208479,1.225000000,2.791521,1,13.862632,5.000000,10
108,350,21.316452,27063,1.235591220,1.241500000,5.908780,0,2120.889459,5.000000,10
109,350,21.313315,27063,1.252083988,1.257500000,5.416012,0,2120.889459,5.000000,10
110,350,28.274360,27063,1.265596149,1.271000000,5.403851,0,2120.889459,5.000000,10
111,350,28.275883,27063,1.279521176,1.288500000,8.978824,0,2120.889459,5.000000,10
112,350,42.592631,27063,1.293630581,1.299500000,5.869419,0,2120.889459,5.000000,10
113,350,42.577643,27063,1.306427783,1.315000000,8.572217,0,2120.889459,5.000000,10
114,350,40.581487,27063,1.320843143,1.325000000,4.156857,1,40.581487,5.000000,10
115,350,40.581650,27063,1.335288590,1.344500000,9.211410,0,2120.889459,5.000000,10
116,350,34.802390,27063,1.349659334,1.355500000,5.840666,0,2120.889459,5.000000,10
117,350,34.808892,27063,1.364894154,1.371500000,6.605846,0,2120.889459,5.000000,10
119,350,32.532447,27063,1.379745919,1.385500000,5.754081,0,2120.889459,5.000000,10
120,350,30.065654,27063,1.393831669,1.397500000,3.668331,1,30.065654,5.000000,10
121,350,22.084894,27063,1.407534162,1.413500000,5.965838,0,2120.889459,5.000000,10
122,350,22.084853,27063,1.420621736,1.423500000,2.878264,1,22.084853,5.000000,10
123,350,18.869529,27063,1.434333837,1.438000000,3.666163,1,18.869529,5.000000,10
124,350,18.809820,27063,1.447694558,1.450500000,2.805442,1,18.809820,5.000000,10
125,350,14.711549,27063,1.461709310,1.470000000,8.290690,0,2120.889459,5.000000,10
126,350,14.711549,27063,1.475002262,1.484500000,9.497738,0,2120.889459,5.000000,10
127,350,13.084182,27063,1.489784651,1.496500000,6.715349,0,2120.889459,5.000000,10
128,350,13.084119,27063,1.502930410,1.513000000,10.069590,0,2120.889459,5.000000,11
129,350,8.350902,27063,1.516308240,1.519000000,2.691760,1,8.350902,5.000000,11
130,350,8.379484,27063,1.530648450,1.537000000,6.351550,0,2120.889459,5.000000,11
133,350,3.329262,27063,1.544124648,1.547000000,2.875352,1,3.329262,5.000000,11
134,350,3.329262,27063,1.556981552,1.565500000,8.518448,0,2120.889459,5.000000,11
135,350,2.918692,27063,1.570199514,1.573000000,2.800486,1,2.918692,5.000000,11
136,350,2.918692,27063,1.583356089,1.586000000,2.643911,1,2.918692,5.000000,11
137,350,2.425747,27063,1.598995032,1.608000000,9.004968,0,2120.889459,5.000000,11
138,350,2.464885,27063,1.614920840,1.617500000,2.579160,1,2.464885,5.000000,11
139,350,2.039657,27063,1.629576301,1.632500000,2.923699,1,2.039657,5.000000,11
140,350,2.039623,27063,1.643937726,1.649000000,5.062274,0,2120.889459,5.000000,11
141,350,1.846751,27063,1.656758558,1.665000000,8.241442,0,2120.889459,5.000000,11
142,350,1.846784,27063,1.669620275,1.672500000,2.879725,1,1.846784,5.000000,11
143,350,1.704153,27063,1.682656292,1.685500000,2.843708,1,1.704153,5.000000,11
144,350,1.585278,27063,1.695569736,1.701000000,5.430264,0,2120.889459,5.000000,11
145,350,1.587141,27063,1.709757358,1.718000000,8.242642,0,2120.889459,5.000000,11
146,350,1.530254,27063,1.727727328,1.730500000,2.772672,1,1.530254,5.000000,11
147,350,1.511034,27063,1.741958482,1.744500000,2.541518,1,1.511034,5.000000,11
148,350,1.446250,27063,1.758571945,1.764000000,5.428055,0,2120.889459,5.000000,11
150,350,1.749615,27063,1.772996197,1.781500000,8.503803,0,2120.889459,5.000000,11
151,350,1.751258,27063,1.786939575,1.792000000,5.060425,0,2120.889459,5.000000,11
152,350,2.117068,27063,1.804930824,1.813000000,8.069176,0,2120.889459,5.000000,9
153,350,2.119773,27063,1.819182794,1.822000000,2.817206,1,2.119773,5.000000,9
154,350,2.348490,27063,1.833882123,1.839500000,5.617877,0,2120.889459,5.000000,9
155,350,2.349062,27063,1.846718944,1.850000000,3.281056,1,2.349062,5.000000,9
156,350,2.356966,27063,1.861616860,1.867500000,5.883140,0,2120.889459,5.000000,9
158,350,2.924447,27063,1.877214877,1.880000000,2.785123,1,2.924447,5.000000,9
159,350,2.924447,27063,1.890920106,1.899000000,8.079894,0,2120.889459,5.000000,9
160,350,3.280563,27063,1.904979503,1.913500000,8.520497,0,2120.889459,5.000000,9
161,350,3.280599,27063,1.918448235,1.923500000,5.051765,0,2120.889459,5.000000,9
162,350,4.162225,27063,1.932410167,1.940500000,8.089833,0,2120.889459,5.000000,9
163,350,4.162225,27063,1.947661169,1.951500000,3.838831,1,4.162225,5.000000,9
164,350,3.717784,27063,1.960463066,1.963000000,2.536934,1,3.717784,5.000000,9
165,350,3.718319,27063,1.973801784,1.979000000,5.198216,0,2120.889459,5.000000,9
166,350,3.675832,27063,1.988925478,1.994000000,5.074522,0,2120.889459,5.000000,9
170,350,4.860710,27063,2.004490037,2.013500000,9.009963,0,2120.889459,5.000000,10
171,350,3.826938,27063,2.017914664,2.021500000,3.585336,1,3.826938,5.000000,9
172,350,3.826608,27063,2.030789547,2.036500000,5.710453,0,2120.889459,5.000000,9
173,350,4.347060,27063,2.045334368,2.050500000,5.165632,0,2120.889459,5.000000,9
174,350,4.345777,27063,2.059183422,2.064500000,5.316578,0,2120.889459,5.000000,9
175,350,3.999699,27063,2.073696080,2.079500000,5.803920,0,2120.889459,5.000000,9
178,350,4.653782,27063,2.088066418,2.091000000,2.933582,1,4.653782,5.000000,9
182,350,3.579266,27063,2.114628890,2.174500000,59.871110,0,2120.889459,5.000000,8
183,350,3.751750,27063,2.128417504,2.174500000,46.082496,0,2120.889459,5.000000,8
184,350,3.751723,27063,2.142760624,2.174500000,31.739376,0,2120.889459,5.000000,8
186,350,4.253899,27063,2.156975786,2.174500000,17.524214,0,2120.889459,5.000000,8
187,350,4.014608,27063,2.171331222,2.176500000,5.168778,0,2120.889459,5.000000,8
188,350,4.005758,27063,2.184540778,2.191500000,6.959222,0,2120.889459,5.000000,8
189,350,4.157829,27063,2.197527302,2.203000000,5.472698,0,2120.889459,5.000000,8
190,350,4.158121,27063,2.212055587,2.217500000,5.444413,0,2120.889459,5.000000,8
191,350,3.446884,27063,2.228497340,2.235500000,7.002660,0,2120.889459,5.000000,8
192,350,3.524086,27063,2.243685240,2.247000000,3.314760,1,3.524086,5.000000,8
193,350,3.523417,27063,2.258606018,2.264500000,5.893982,0,2120.889459,5.000000,8
194,350,4.138074,27063,2.271611438,2.280500000,8.888562,0,2120.889459,5.000000,8
195,350,4.138368,27063,2.286360640,2.291500000,5.139360,0,2120.889459,5.000000,8
196,350,4.431721,27063,2.301385825,2.307500000,6.114175,0,2120.889459,5.000000,8
197,350,4.452904,27063,2.317148870,2.325500000,8.351130,0,2120.889459,5.000000,8
198,350,4.558561,27063,2.332194604,2.335500000,3.305396,1,4.558561,5.000000,8
200,350,4.385990,27063,2.347250174,2.353000000,5.749826,0,2120.889459,5.000000,8
201,350,4.385990,27063,2.360504765,2.369500000,8.995235,0,2120.889459,5.000000,8
202,350,3.947250,27063,2.373454492,2.379000000,5.545508,0,2120.889459,5.000000,8
203,350,3.999144,27063,2.387700649,2.397500000,9.799351,0,2120.889459,5.000000,8
204,350,3.589296,27063,2.403952073,2.410000000,6.047927,0,2120.889459,5.000000,11
205,350,3.589296,27063,2.419313604,2.425000000,5.686396,0,2120.889459,5.000000,11
206,350,3.230514,27063,2.433321776,2.436000000,2.678224,1,3.230514,5.000000,11
207,350,3.230749,27063,2.446009447,2.449500000,3.490553,1,3.230749,5.000000,11
208,350,3.034971,27063,2.460458731,2.463500000,3.041269,1,3.034971,5.000000,11
209,350,3.009697,27063,2.474535205,2.478500000,3.964795,1,3.009697,5.000000,11
210,350,3.150136,27063,2.490910484,2.499000000,8.089516,0,2120.889459,5.000000,11
211,350,3.150118,27063,2.505336090,2.515500000,10.163910,0,2120.889459,5.000000,11
212,350,3.669959,27063,2.518113664,2.522000000,3.886336,1,3.669959,5.000000,11
213,350,3.669959,27063,2.532142982,2.537500000,5.357018,0,2120.889459,5.000000,11
214,350,3.865242,27063,2.545092875,2.550500000,5.407125,0,2120.889459,5.000000,11
215,350,3.865242,27063,2.558878303,2.562000000,3.121697,1,3.865242,5.000000,11
216,350,3.486609,27063,2.573468718,2.576000000,2.531282,1,3.486609,5.000000,11
218,350,3.092961,27063,2.589396978,2.595000000,5.603022,0,2120.889459,5.000000,11
219,350,2.824752,27063,2.602889332,2.611500000,8.610668,0,2120.889459,5.000000,11
220,350,2.789921,27063,2.618089462,2.621000000,2.910538,1,2.789921,5.000000,11
221,350,2.759140,27063,2.632658097,2.635500000,2.841903,1,2.759140,5.000000,11
223,350,2.306215,27063,2.648184580,2.652000000,3.815420,1,2.306215,5.000000,11
224,350,2.306215,27063,2.665476423,2.668000000,2.523577,1,2.306215,5.000000,11
225,350,2.062844,27063,2.680749889,2.683500000,2.750111,1,2.062844,5.000000,11
226,350,2.062844,27063,2.696420560,2.699500000,3.079440,1,2.062844,5.000000,11
227,350,1.968306,27063,2.709850718,2.719000000,9.149282,0,2120.889459,5.000000,11
228,350,1.946824,27063,2.723327721,2.726000000,2.672279,1,1.946824,5.000000,11
229,350,1.927033,27063,2.737356472,2.740000000,2.643528,1,1.927033,5.000000,11
231,350,1.982601,27063,2.753093324,2.756000000,2.906676,1,1.982601,5.000000,11
232,350,1.979756,27063,2.767833827,2.770500000,2.666173,1,1.979756,5.000000,11
234,350,1.979756,27063,2.784046512,2.787000000,2.953488,1,1.979756,5.000000,11
235,350,1.979756,27063,2.802040170,2.811000000,8.959830,0,2120.889459,5.000000,11
236,350,1.979756,27063,2.815710601,2.818500000,2.789399,1,1.979756,5.000000,11
237,350,1.979756,27063,2.829147587,2.832000000,2.852413,1,1.979756,5.000000,11
238,350,1.979756,27063,2.842844350,2.851000000,8.155650,0,2120.889459,5.000000,11
240,350,1.979756,27063,2.856308286,2.859000000,2.691714,1,1.979756,5.000000,11
241,350,1.979756,27063,2.870470046,2.876000000,5.529954,0,2120.889459,5.000000,11
242,350,1.979756,27063,2.884274731,2.887000000,2.725269,1,1.979756,5.000000,11
243,350,1.979756,27063,2.901115080,2.909500000,8.384920,0,2120.889459,5.000000,11
244,350,1.979756,27063,2.915099788,2.918500000,3.400212,1,1.979756,5.000000,11
246,350,1.979756,27063,2.929889255,2.932500000,2.610745,1,1.979756,5.000000,11
247,350,1.979756,27063,2.946476031,2.951500000,5.023969,0,2120.889459,5.000000,11
248,350,1.979756,27063,2.961114117,2.966500000,5.385883,0,2120.889459,5.000000,11
249,350,1.979756,27063,2.974315341,2.977000000,2.684659,1,1.979756,5.000000,11
250,350,1.979756,27063,2.988885523,2.998000000,9.114477,0,2120.889459,5.000000,11
252,350,1.979756,27063,3.003509860,3.012500000,8.990140,0,2120.889459,5.000000,13
253,350,1.979756,27063,3.016961355,3.019500000,2.538645,1,1.979756,5.000000,13
254,350,1.979756,27063,3.030131865,3.036000000,5.868135,0,2120.889459,5.000000,13
255,350,1.979756,27063,3.044734859,3.047500000,2.765141,1,1.979756,5.000000,13
256,350,1.979756,27063,3.060155575,3.065500000,5.344425,0,2120.889459,5.000000,13
258,350,1.979756,27063,3.074022111,3.077000000,2.977889,1,1.979756,5.000000,13
259,350,2.348340,27063,3.089467988,3.092000000,2.532012,1,2.348340,5.000000,13
260,350,2.799839,27063,3.102707494,3.108500000,5.792506,0,2120.889459,5.000000,13
261,350,3.878818,27063,3.117036717,3.120000000,2.963283,1,3.878818,5.000000,13
262,350,4.602220,27063,3.132242547,3.135000000,2.757453,1,4.602220,5.000000,13
264,350,6.076707,27063,3.147854277,3.150500000,2.645723,1,6.076707,5.000000,13
265,350,7.022339,27063,3.160655909,3.163500000,2.844091,1,7.022339,5.000000,13
266,350,8.683534,27063,3.177027703,3.180000000,2.972297,1,8.683534,5.000000,13
267,350,10.402297,27063,3.192927067,3.195500000,2.572933,1,10.402297,5.000000,13
268,350,11.829641,27063,3.206371780,3.211500000,5.128220,0,2120.889459,5.000000,13
269,350,13.326565,27063,3.220831853,3.223500000,2.668147,1,13.326565,5.000000,13
270,350,15.422922,27063,3.234126187,3.237000000,2.873813,1,15.422922,5.000000,13
271,350,17.927395,27063,3.246856877,3.249500000,2.643123,1,17.927395,5.000000,13
272,350,19.930281,27063,3.261051459,3.264000000,2.948541,1,19.930281,5.000000,13
273,350,21.890251,27063,3.274405313,3.277000000,2.594687,1,21.890251,5.000000,13
274,350,24.540313,27063,3.288020709,3.291000000,2.979291,1,24.540313,5.000000,13
275,350,26.456913,27063,3.303086178,3.308500000,5.413822,0,2120.889459,5.000000,14
276,350,28.791117,27063,3.316099997,3.318500000,2.400003,1,28.791117,5.000000,14
277,350,31.650194,27063,3.328854484,3.331000000,2.145516,1,31.650194,5.000000,14
278,350,33.548604,27063,3.345705634,3.348000000,2.294366,1,33.548604,5.000000,14
279,350,36.392022,27063,3.360011305,3.362500000,2.488695,1,36.392022,5.000000,14
280,350,39.441299,27063,3.376716657,3.379000000,2.283343,1,39.441299,5.000000,14
281,350,42.281594,27063,3.389521931,3.392000000,2.478069,1,42.281594,5.000000,14
282,350,45.718051,27063,3.402898692,3.408000000,5.101308,0,2120.889459,5.000000,14
283,350,48.491873,27063,3.418372898,3.420500000,2.127102,1,48.491873,5.000000,14
284,350,51.377923,27063,3.431519612,3.434500000,2.980388,1,51.377923,5.000000,14
285,350,54.331243,27063,3.444589348,3.447000000,2.410652,1,54.331243,5.000000,14
286,350,57.223931,27063,3.459212564,3.462000000,2.787436,1,57.223931,5.000000,14
287,350,60.969061,27063,3.473199271,3.475500000,2.300729,1,60.969061,5.000000,14
288,350,59.149958,27063,3.486822442,3.489000000,2.177558,1,59.149958,5.000000,14
289,350,61.960925,27063,3.499524540,3.505000000,5.475460,0,2120.889459,5.000000,14
290,350,64.592708,27063,3.512500174,3.521000000,8.499826,0,2120.889459,5.000000,14
291,350,66.605102,27063,3.527503022,3.530000000,2.496978,1,66.605102,5.000000,14
292,350,66.440521,27063,3.541672997,3.544000000,2.327003,1,66.440521,5.000000,14
293,350,69.534836,27063,3.554873690,3.557000000,2.126310,1,69.534836,5.000000,14
294,350,72.045390,27063,3.569227967,3.571500000,2.272033,1,72.045390,5.000000,14
295,350,75.260277,27063,3.585093509,3.587500000,2.406491,1,75.260277,5.000000,14
296,350,74.895528,27063,3.598189444,3.603500000,5.310556,0,2120.889459,5.000000,14
297,350,74.472351,27063,3.611807181,3.615000000,3.192819,1,74.472351,5.000000,14
298,350,76.417633,27063,3.624498217,3.627500000,3.001783,1,76.417633,5.000000,14
299,350,76.294123,27063,3.639161183,3.642500000,3.338817,1,76.294123,5.000000,14
300,350,76.798531,27063,3.654878661,3.657000000,2.121339,1,76.798531,5.000000,14
301,350,79.615928,27063,3.667668254,3.670000000,2.331746,1,79.615928,5.000000,14
302,350,81.202345,27063,3.681448124,3.683500000,2.051876,1,81.202345,5.000000,14
303,350,80.113021,27063,3.694235890,3.697500000,3.264110,1,80.113021,5.000000,14
304,350,77.133711,27063,3.707156493,3.713000000,5.843507,0,2120.889459,5.000000,14
305,350,74.438233,27063,3.720334147,3.722500000,2.165853,1,74.438233,5.000000,14
306,350,73.403341,27063,3.733702981,3.736000000,2.297019,1,73.403341,5.000000,14
307,350,69.975491,27063,3.748184854,3.750500000,2.315146,1,69.975491,5.000000,14
309,350,69.925565,27063,3.763902861,3.766000000,2.097139,1,69.925565,5.000000,14
310,350,69.054527,27063,3.777397593,3.779500000,2.102407,1,69.054527,5.000000,14
311,350,70.007427,27063,3.790278311,3.792500000,2.221689,1,70.007427,5.000000,14
312,350,66.481830,27063,3.805757795,3.811000000,5.242205,0,2120.889459,5.000000,14
313,350,64.137322,27063,3.819097034,3.821500000,2.402966,1,64.137322,5.000000,14
314,350,54.555067,27063,3.834489051,3.838000000,3.510949,1,54.555067,5.000000,14
316,350,38.074729,27063,3.850012616,3.852500000,2.487384,1,38.074729,5.000000,14
317,350,31.842916,27063,3.864167885,3.866500000,2.332115,1,31.842916,5.000000,14
320,350,24.091067,27063,3.878068919,3.880500000,2.431081,1,24.091067,5.000000,14
322,350,25.649363,27063,3.891714836,3.894000000,2.285164,1,25.649363,5.000000,14
323,350,27.009880,27063,3.906029554,3.911500000,5.470446,0,2120.889459,5.000000,14
324,350,29.645297,27063,3.918878580,3.921000000,2.121420,1,29.645297,5.000000,14
325,350,28.602873,27063,3.931786146,3.934500000,2.713854,1,28.602873,5.000000,14
326,350,31.873925,27063,3.947108401,3.949500000,2.391599,1,31.873925,5.000000,14
327,350,32.041437,27063,3.960481891,3.966000000,5.518109,0,2120.889459,5.000000,14
329,350,35.104351,27063,3.974399478,3.977500000,3.100522,1,35.104351,5.000000,14
330,350,38.270500,27063,3.990039750,3.992500000,2.460250,1,38.270500,5.000000,14
331,350,39.153528,27063,4.002918358,4.008000000,5.081642,0,2120.889459,5.000000,14
333,350,42.554007,27063,4.016917581,4.019000000,2.082419,1,42.554007,5.000000,14
335,350,52.426161,27063,4.030113222,4.032500000,2.386778,1,52.426161,5.000000,14
336,350,55.366618,27063,4.044307755,4.046500000,2.192245,1,55.366618,5.000000,14
337,350,61.071061,27063,4.059475603,4.062000000,2.524397,1,61.071061,5.000000,14
338,350,64.125849,27063,4.072603477,4.075000000,2.396523,1,64.125849,5.000000,14
339,350,67.921414,27063,4.086798737,4.092000000,5.201263,0,2120.889459,5.000000,14
340,350,68.464042,27063,4.099861176,4.105000000,5.138824,0,2120.889459,5.000000,14
341,350,69.553941,27063,4.114367683,4.116500000,2.132317,1,69.553941,5.000000,14
342,350,67.900696,27063,4.128309604,4.130500000,2.190396,1,67.900696,5.000000,14
343,350,69.650080,27063,4.141280571,4.143500000,2.219429,1,69.650080,5.000000,14
344,350,67.806622,27063,4.156558897,4.159000000,2.441103,1,67.806622,5.000000,14
345,350,66.845707,27063,4.169375504,4.171500000,2.124496,1,66.845707,5.000000,14
346,350,65.354162,27063,4.183952626,4.186000000,2.047374,1,65.354162,5.000000,14
347,350,64.695220,27063,4.196743234,4.199500000,2.756766,1,64.695220,5.000000,14
348,350,61.018679,27063,4.211912685,4.217500000,5.587315,0,2120.889459,5.000000,12
350,350,58.585492,27063,4.224792484,4.227500000,2.707516,1,58.585492,5.000000,12
351,350,56.069961,27063,4.238348930,4.244000000,5.651070,0,2120.889459,5.000000,12
352,350,53.682932,27063,4.253010021,4.256000000,2.989979,1,53.682932,5.000000,12
355,350,58.619628,27063,4.265702330,4.271500000,5.797670,0,2120.889459,5.000000,12
356,350,63.463659,27063,4.278612869,4.287000000,8.387131,0,2120.889459,5.000000,12
357,350,66.712553,27063,4.292984006,4.296000000,3.015994,1,66.712553,5.000000,12
358,350,70.552068,27063,4.306300170,4.312000000,5.699830,0,2120.889459,5.000000,12
359,350,73.505961,27063,4.320095285,4.323000000,2.904715,1,73.505961,5.000000,12
360,350,75.391243,27063,4.334694607,4.337500000,2.805393,1,75.391243,5.000000,12
361,350,78.670622,27063,4.348859555,4.351500000,2.640445,1,78.670622,5.000000,12
362,350,78.392383,27063,4.362164620,4.367500000,5.335380,0,2120.889459,5.000000,12
363,350,80.592262,27063,4.374988474,4.378000000,3.011526,1,80.592262,5.000000,12
364,350,79.479297,27063,4.388070008,4.391000000,2.929992,1,79.479297,5.000000,12
365,350,78.633902,27063,4.401853748,4.411000000,9.146252,0,2120.889459,5.000000,12
366,350,77.202469,27063,4.416121522,4.419000000,2.878478,1,77.202469,5.000000,12
368,350,81.057238,27063,4.432809164,4.435500000,2.690836,1,81.057238,5.000000,12
369,350,83.984368,27063,4.445482430,4.448500000,3.017570,1,83.984368,5.000000,12
370,350,87.453452,27063,4.460921695,4.463500000,2.578305,1,87.453452,5.000000,12
371,350,87.812415,27063,4.477758096,4.480500000,2.741904,1,87.812415,5.000000,12
372,350,89.354769,27063,4.491221037,4.494000000,2.778963,1,89.354769,5.000000,12
373,350,86.529867,27063,4.505909097,4.515000000,9.090903,0,2120.889459,5.000000,11
374,350,87.915157,27063,4.518622153,4.522000000,3.377847,1,87.915157,5.000000,11
375,350,85.852244,27063,4.531413614,4.534000000,2.586386,1,85.852244,5.000000,11
376,350,86.894564,27063,4.545012991,4.554000000,8.987009,0,2120.889459,5.000000,11
377,350,83.406951,27063,4.557714857,4.560500000,2.785143,1,83.406951,5.000000,11
378,350,80.538372,27063,4.571352309,4.574500000,3.147691,1,80.538372,5.000000,11
379,350,75.153210,27063,4.584702542,4.588500000,3.797458,1,75.153210,5.000000,11
380,350,73.798825,27063,4.598153874,4.603500000,5.346126,0,2120.889459,5.000000,11
382,350,72.757207,27063,4.610965355,4.616500000,5.534645,0,2120.889459,5.000000,11
383,350,75.878302,27063,4.624264580,4.628000000,3.735420,1,75.878302,5.000000,11
384,350,75.037464,27063,4.637428821,4.640000000,2.571179,1,75.037464,5.000000,11
385,350,76.700850,27063,4.651920906,4.661000000,9.079094,0,2120.889459,5.000000,11
386,350,75.553827,27063,4.664914176,4.674000000,9.085824,0,2120.889459,5.000000,11
387,350,77.337497,27063,4.681350915,4.684000000,2.649085,1,77.337497,5.000000,11
388,350,76.662611,27063,4.695858142,4.698500000,2.641858,1,76.662611,5.000000,11
389,350,76.742531,27063,4.711840116,4.720500000,8.659884,0,2120.889459,5.000000,11
390,350,73.425545,27063,4.725277521,4.728000000,2.722479,1,73.425545,5.000000,11
391,350,72.764875,27063,4.743165613,4.748500000,5.334387,0,2120.889459,5.000000,11
392,350,69.896720,27063,4.757271473,4.760000000,2.728527,1,69.896720,5.000000,11
394,350,70.489232,27063,4.770742119,4.773500000,2.757881,1,70.489232,5.000000,11
395,350,73.329528,27063,4.784936524,4.787500000,2.563476,1,73.329528,5.000000,11
396,350,73.867905,27063,4.799290227,4.805000000,5.709773,0,2120.889459,5.000000,11
397,350,77.335566,27063,4.813325481,4.816000000,2.674519,1,77.335566,5.000000,11
398,350,79.408202,27063,4.828186364,4.833500000,5.313636,0,2120.889459,5.000000,11
399,350,83.669794,27063,4.841194908,4.846500000,5.305092,0,2120.889459,5.000000,11
400,350,81.852680,27063,4.855349341,4.858000000,2.650659,1,81.852680,5.000000,11
401,350,83.307879,27063,4.868047681,4.871000000,2.952319,1,83.307879,5.000000,11
402,350,83.995007,27063,4.883009730,4.886000000,2.990270,1,83.995007,5.000000,11
403,350,86.010914,27063,4.896157006,4.899500000,3.342994,1,86.010914,5.000000,11
404,350,83.136115,27063,4.911926375,4.917500000,5.573625,0,2120.889459,5.000000,11
405,350,82.009078,27063,4.927883117,4.933500000,5.616883,0,2120.889459,5.000000,11
406,350,77.773156,27063,4.943317015,4.946500000,3.182985,1,77.773156,5.000000,11
407,350,77.085142,27063,4.961296663,4.964000000,2.703337,1,77.085142,5.000000,11
409,350,81.090859,27063,4.976191153,4.979000000,2.808847,1,81.090859,5.000000,11
410,350,88.755383,27063,4.989731219,4.995500000,5.768781,0,2120.889459,5.000000,11
411,350,95.737354,27063,5.003303824,5.012000000,8.696176,0,2120.889459,5.000000,11
412,350,101.205804,27063,5.018413410,5.021000000,2.586590,1,101.205804,5.000000,11
413,350,103.242970,27063,5.032352885,5.037500000,5.147115,0,2120.889459,5.000000,11
414,350,106.273422,27063,5.046442824,5.051500000,5.057176,0,2120.889459,5.000000,11
415,350,103.992131,27063,5.060325027,5.063000000,2.674973,1,103.992131,5.000000,11
416,350,102.838994,27063,5.074085082,5.077000000,2.914918,1,102.838994,5.000000,11
417,350,95.115542,27063,5.087504922,5.094000000,6.495078,0,2120.889459,5.000000,11
418,350,91.287839,27063,5.101373280,5.107000000,5.626720,0,2120.889459,5.000000,11
419,350,81.198132,27063,5.118772829,5.121500000,2.727171,1,81.198132,5.000000,11
420,350,76.516797,27063,5.133537346,5.137000000,3.462654,1,76.516797,5.000000,11
421,350,68.758307,27063,5.148204264,5.151000000,2.795736,1,68.758307,5.000000,11
422,350,66.083642,27063,5.161713817,5.168000000,6.286183,0,2120.889459,5.000000,11
423,350,60.725007,27063,5.176755444,5.179500000,2.744556,1,60.725007,5.000000,11
424,350,58.541180,27063,5.190437596,5.196000000,5.562404,0,2120.889459,5.000000,11
425,350,54.035482,27063,5.204044415,5.210500000,6.455585,0,2120.889459,5.000000,11
426,350,51.992787,27063,5.218322462,5.222000000,3.677538,1,51.992787,5.000000,11
427,350,47.670330,27063,5.231845641,5.237000000,5.154359,0,2120.889459,5.000000,11
428,350,45.358653,27063,5.246068958,5.250000000,3.931042,1,45.358653,5.000000,11
430,350,40.722566,27063,5.261421033,5.265000000,3.578967,1,40.722566,5.000000,11
431,350,37.518751,27063,5.274888301,5.277500000,2.611699,1,37.518751,5.000000,11
432,350,36.491473,27063,5.290778195,5.300000000,9.221805,0,2120.889459,5.000000,11
433,350,34.196063,27063,5.304742610,5.317500000,12.757390,0,2120.889459,5.000000,11
434,350,29.601957,27063,5.319100457,5.322500000,3.399543,1,29.601957,5.000000,11
436,350,25.986447,27063,5.332823880,5.335500000,2.676120,1,25.986447,5.000000,11
438,350,29.042796,27063,5.347249569,5.350000000,2.750431,1,29.042796,5.000000,11
439,350,32.517918,27063,5.363079333,5.366000000,2.920667,1,32.517918,5.000000,11
440,350,35.430928,27063,5.377266097,5.380000000,2.733903,1,35.430928,5.000000,11
441,350,34.906326,27063,5.390148715,5.396500000,6.351285,0,2120.889459,5.000000,11
442,350,35.901857,27063,5.405662811,5.411500000,5.837189,0,2120.889459,5.000000,14
443,350,35.882580,27063,5.421446586,5.424500000,3.053414,1,35.882580,5.000000,14
444,350,35.511447,27063,5.434148164,5.436500000,2.351836,1,35.511447,5.000000,14
446,350,33.447167,27063,5.447389492,5.449500000,2.110508,1,33.447167,5.000000,14
447,350,32.561966,27063,5.461321387,5.463500000,2.178613,1,32.561966,5.000000,14
448,350,33.414222,27063,5.474968902,5.480000000,5.031098,0,2120.889459,5.000000,14
449,350,31.980441,27063,5.487787934,5.493000000,5.212066,0,2120.889459,5.000000,14
450,350,32.421331,27063,5.500979770,5.506500000,5.520230,0,2120.889459,5.000000,14
451,350,31.488030,27063,5.515153200,5.520500000,5.346800,0,2120.889459,5.000000,14
452,350,31.862585,27063,5.528986548,5.531500000,2.513452,1,31.862585,5.000000,14
454,350,27.930721,27063,5.542521657,5.545000000,2.478343,1,27.930721,5.000000,14
455,350,27.845702,27063,5.556879939,5.559000000,2.120061,1,27.845702,5.000000,14
456,350,26.409497,27063,5.570053092,5.575500000,5.446908,0,2120.889459,5.000000,14
458,350,22.080724,27063,5.586186440,5.588500000,2.313560,1,22.080724,5.000000,14
459,350,23.076672,27063,5.600434308,5.608500000,8.065692,0,2120.889459,5.000000,14
460,350,21.181636,27063,5.615805171,5.618000000,2.194829,1,21.181636,5.000000,14
462,350,19.020545,27063,5.628700312,5.631000000,2.299688,1,19.020545,5.000000,14
463,350,18.512978,27063,5.641942761,5.647000000,5.057239,0,2120.889459,5.000000,14
464,350,20.240048,27063,5.656317221,5.658500000,2.182779,1,20.240048,5.000000,14
466,350,20.464991,27063,5.670967802,5.673500000,2.532198,1,20.464991,5.000000,14
467,350,23.205423,27063,5.683654705,5.686000000,2.345295,1,23.205423,5.000000,14
469,350,26.929998,27063,5.696657738,5.699000000,2.342262,1,26.929998,5.000000,14
470,350,24.978536,27063,5.709911596,5.715000000,5.088404,0,2120.889459,5.000000,13
471,350,26.704202,27063,5.723635935,5.726000000,2.364065,1,26.704202,5.000000,13
473,350,40.127910,27063,5.736562465,5.739000000,2.437535,1,40.127910,5.000000,13
474,350,52.304765,27063,5.751415778,5.753500000,2.084222,1,52.304765,5.000000,13
475,350,57.415836,27063,5.765130837,5.767500000,2.369163,1,57.415836,5.000000,13
477,350,67.491333,27063,5.777984228,5.783000000,5.015772,0,2120.889459,5.000000,13
478,350,71.369208,27063,5.791359448,5.793500000,2.140552,1,71.369208,5.000000,13
479,350,70.674382,27063,5.805723984,5.811000000,5.276016,0,2120.889459,5.000000,14
480,350,67.029665,27063,5.819270057,5.821500000,2.229943,1,67.029665,5.000000,13
481,350,62.900771,27063,5.835362506,5.837500000,2.137494,1,62.900771,5.000000,13
482,350,50.015428,27063,5.849392483,5.851500000,2.107517,1,50.015428,5.000000,13
484,350,37.688262,27063,5.862510580,5.865000000,2.489420,1,37.688262,5.000000,13
485,350,30.198730,27063,5.877386933,5.879500000,2.113067,1,30.198730,5.000000,13
488,350,22.606696,27063,5.893173770,5.895500000,2.326230,1,22.606696,5.000000,13
489,350,24.056951,27063,5.906013985,5.911500000,5.486015,0,2120.889459,5.000000,14
490,350,28.489205,27063,5.920753237,5.923000000,2.246763,1,28.489205,5.000000,13
492,350,32.439401,27063,5.935903359,5.939000000,3.096641,1,32.439401,5.000000,13
493,350,38.407810,27063,5.950796762,5.953500000,2.703238,1,38.407810,5.000000,13
494,350,40.336033,27063,5.965787517,5.968000000,2.212483,1,40.336033,5.000000,13
495,350,46.242063,27063,5.979033924,5.984500000,5.466076,0,2120.889459,5.000000,13
497,350,52.320793,27063,5.992475267,5.996000000,3.524733,1,52.320793,5.000000,13
498,350,54.995040,27063,6.007652852,6.013500000,5.847148,0,2120.889459,5.000000,14
499,350,58.679967,27063,6.023036123,6.025500000,2.463877,1,58.679967,5.000000,14
501,350,59.701416,27063,6.035992403,6.038500000,2.507597,1,59.701416,5.000000,14
502,350,60.763235,27063,6.051132560,6.056500000,5.367440,0,2120.889459,5.000000,14
504,350,58.493916,27063,6.064202934,6.066500000,2.297066,1,58.493916,5.000000,14
505,350,54.922375,27063,6.080503312,6.083500000,2.996688,1,54.922375,5.000000,14
506,350,52.187661,27063,6.094324659,6.097000000,2.675341,1,52.187661,5.000000,14
507,350,42.839706,27063,6.109107549,6.117500000,8.392451,0,2120.889459,5.000000,14
508,350,38.033894,27063,6.122602819,6.126000000,3.397181,1,38.033894,5.000000,14
510,350,33.742271,27063,6.138133042,6.141000000,2.866958,1,33.742271,5.000000,14
512,350,53.326779,27063,6.150981265,6.153500000,2.518735,1,53.326779,5.000000,14
513,350,85.441631,27063,6.166240118,6.168500000,2.259882,1,85.441631,5.000000,14
514,350,144.721237,27063,6.181052095,6.183500000,2.447905,1,144.721237,5.000000,14
515,350,163.181832,27063,6.195173933,6.197500000,2.326067,1,163.181832,5.000000,14
516,350,151.484779,27063,6.208115818,6.213500000,5.384182,0,2120.889459,5.000000,14
517,350,118.814567,27063,6.222282582,6.224500000,2.217418,1,118.814567,5.000000,14
519,350,118.444750,27063,6.239821947,6.242000000,2.178053,1,118.444750,5.000000,14
520,350,129.785240,27063,6.252931694,6.255000000,2.068306,1,129.785240,5.000000,14
521,350,140.028797,27063,6.268378184,6.270500000,2.121816,1,140.028797,5.000000,14
522,350,152.129553,27063,6.281378735,6.283500000,2.121265,1,152.129553,5.000000,14
523,350,152.723942,27063,6.294907485,6.297000000,2.092515,1,152.723942,5.000000,14
524,350,150.094143,27063,6.308804463,6.314000000,5.195537,0,2120.889459,5.000000,14
525,350,150.021410,27063,6.321795704,6.324000000,2.204296,1,150.021410,5.000000,14
526,350,140.036304,27063,6.335732267,6.338000000,2.267733,1,140.036304,5.000000,14
527,350,127.554242,27063,6.351254457,6.354500000,3.245543,1,127.554242,5.000000,14
528,350,115.059708,27063,6.364871282,6.368000000,3.128718,1,115.059708,5.000000,14
529,350,96.342552,27063,6.378473082,6.382000000,3.526918,1,96.342552,5.000000,14
531,350,63.080303,27063,6.394431795,6.396500000,2.068205,1,63.080303,5.000000,14
532,350,48.059270,27063,6.407500754,6.416000000,8.499246,0,2120.889459,5.000000,14
535,350,33.784868,27063,6.422069078,6.424500000,2.430922,1,33.784868,5.000000,14
536,350,38.284214,27063,6.438008825,6.440500000,2.491175,1,38.284214,5.000000,14
537,350,35.923108,27063,6.452156866,6.454500000,2.343134,1,35.923108,5.000000,14
539,350,29.412625,27063,6.465729106,6.468000000,2.270894,1,29.412625,5.000000,14
541,350,31.331744,27063,6.481342613,6.483500000,2.157387,1,31.331744,5.000000,14
542,350,30.416725,27063,6.497436066,6.499500000,2.063934,1,30.416725,5.000000,14
545,350,56.340800,27063,6.511813697,6.517000000,5.186303,0,2120.889459,5.000000,14
546,350,72.296652,27063,6.527554404,6.530000000,2.445596,1,72.296652,5.000000,14
547,350,92.742073,27063,6.542588076,6.545000000,2.411924,1,92.742073,5.000000,14
548,350,106.625004,27063,6.556276043,6.558500000,2.223957,1,106.625004,5.000000,14
549,350,123.526229,27063,6.569680805,6.572000000,2.319195,1,123.526229,5.000000,14
550,350,141.838702,27063,6.582596846,6.585000000,2.403154,1,141.838702,5.000000,14
551,350,145.293153,27063,6.596280863,6.598500000,2.219137,1,145.293153,5.000000,14
552,350,144.855792,27063,6.611129844,6.622500000,11.370156,0,2120.889459,5.000000,13
553,350,133.563367,27063,6.625742573,6.634500000,8.757427,0,2120.889459,5.000000,13
555,350,145.063088,27063,6.640486773,6.643000000,2.513227,1,145.063088,5.000000,13
556,350,197.681324,27063,6.655078794,6.658000000,2.921206,1,197.681324,5.000000,13
557,350,194.029807,27063,6.668846652,6.672000000,3.153348,1,194.029807,5.000000,13
558,350,171.517046,27063,6.681852861,6.684000000,2.147139,1,171.517046,5.000000,13
559,350,175.696621,27063,6.696328605,6.701500000,5.171395,0,2120.889459,5.000000,13
560,350,176.263449,27063,6.708998954,6.717500000,8.501046,0,2120.889459,5.000000,13
561,350,180.163129,27063,6.725389872,6.727500000,2.110128,1,180.163129,5.000000,13
562,350,188.402304,27063,6.744486730,6.750000000,5.513270,0,2120.889459,5.000000,13
563,350,178.438435,27063,6.757973368,6.760500000,2.526632,1,178.438435,5.000000,13
564,350,159.721674,27063,6.771668263,6.775000000,3.331737,1,159.721674,5.000000,13
565,350,145.064779,27063,6.786624495,6.789000000,2.375505,1,145.064779,5.000000,13
566,350,126.517812,27063,6.802082995,6.807500000,5.417005,0,2120.889459,5.000000,13
567,350,113.750870,27063,6.814974894,6.817500000,2.525106,1,113.750870,5.000000,13
568,350,101.979820,27063,6.829655574,6.832000000,2.344426,1,101.979820,5.000000,13
569,350,90.257223,27063,6.843170302,6.845500000,2.329698,1,90.257223,5.000000,13
570,350,89.197284,27063,6.858596441,6.861000000,2.403559,1,89.197284,5.000000,13
571,350,85.872711,27063,6.873174361,6.875500000,2.325639,1,85.872711,5.000000,13
572,350,84.377249,27063,6.886155039,6.889000000,2.844961,1,84.377249,5.000000,13
573,350,74.875041,27063,6.901945710,6.907000000,5.054290,0,2120.889459,5.000000,14
574,350,69.490387,27063,6.915565952,6.918000000,2.434048,1,69.490387,5.000000,14
575,350,60.059137,27063,6.928611853,6.931000000,2.388147,1,60.059137,5.000000,14
577,350,54.686164,27063,6.944217483,6.946500000,2.282517,1,54.686164,5.000000,14
578,350,56.349506,27063,6.958809841,6.961000000,2.190159,1,56.349506,5.000000,14
579,350,54.668394,27063,6.973656235,6.976000000,2.343765,1,54.668394,5.000000,14
580,350,52.133067,27063,6.990114230,6.992500000,2.385770,1,52.133067,5.000000,14
581,350,55.151873,27063,7.004186227,7.009500000,5.313773,0,2120.889459,5.000000,14
582,350,52.104381,27063,7.017483403,7.020500000,3.016597,1,52.104381,5.000000,14
583,350,49.560411,27063,7.032634911,7.035000000,2.365089,1,49.560411,5.000000,14
584,350,46.953574,27063,7.046294064,7.048500000,2.205936,1,46.953574,5.000000,14
587,350,45.293795,27063,7.061093716,7.063500000,2.406284,1,45.293795,5.000000,14
588,350,51.502076,27063,7.074940991,7.078000000,3.059009,1,51.502076,5.000000,14
589,350,56.546110,27063,7.090803760,7.093000000,2.196240,1,56.546110,5.000000,14
590,350,58.903895,27063,7.104704320,7.113000000,8.295680,0,2120.889459,5.000000,14
591,350,60.063805,27063,7.119073117,7.122000000,2.926883,1,60.063805,5.000000,14
592,350,63.559363,27063,7.131998276,7.135500000,3.501724,1,63.559363,5.000000,14
593,350,64.246653,27063,7.144688436,7.147000000,2.311564,1,64.246653,5.000000,14
594,350,64.983023,27063,7.157715336,7.160500000,2.784664,1,64.983023,5.000000,14
595,350,67.042932,27063,7.172635899,7.175000000,2.364101,1,67.042932,5.000000,14
596,350,67.250740,27063,7.187703787,7.190000000,2.296213,1,67.250740,5.000000,14
597,350,69.025192,27063,7.200979485,7.209500000,8.520515,0,2120.889459,5.000000,14
598,350,66.133365,27063,7.213913324,7.216000000,2.086676,1,66.133365,5.000000,14
599,350,65.640054,27063,7.228541084,7.231000000,2.458916,1,65.640054,5.000000,14
600,350,65.128337,27063,7.242557313,7.248000000,5.442687,0,2120.889459,5.000000,14
602,350,66.445844,27063,7.257540452,7.260000000,2.459548,1,66.445844,5.000000,14
603,350,69.814732,27063,7.272080263,7.274500000,2.419737,1,69.814732,5.000000,14
604,350,70.956222,27063,7.286622119,7.292000000,5.377881,0,2120.889459,5.000000,14
605,350,69.502591,27063,7.302432078,7.307500000,5.067922,0,2120.889459,5.000000,14
606,350,71.903777,27063,7.317307103,7.319500000,2.192897,1,71.903777,5.000000,14
607,350,74.611269,27063,7.332125993,7.334500000,2.374007,1,74.611269,5.000000,14
608,350,76.143420,27063,7.344887715,7.347000000,2.112285,1,76.143420,5.000000,14
609,350,76.795602,27063,7.358289535,7.363500000,5.210465,0,2120.889459,5.000000,14
610,350,74.399982,27063,7.372902945,7.375000000,2.097055,1,74.399982,5.000000,14
611,350,75.796082,27063,7.387511135,7.390000000,2.488865,1,75.796082,5.000000,14
612,350,73.905819,27063,7.403301661,7.415000000,11.698339,0,2120.889459,5.000000,14
613,350,75.296676,27063,7.416145483,7.419000000,2.854517,1,75.296676,5.000000,14
614,350,72.371224,27063,7.430441021,7.432500000,2.058979,1,72.371224,5.000000,14
615,350,74.099526,27063,7.445586780,7.448000000,2.413220,1,74.099526,5.000000,14
616,350,70.774562,27063,7.459732802,7.462000000,2.267198,1,70.774562,5.000000,14
617,350,70.283665,27063,7.475328928,7.483500000,8.171072,0,2120.889459,5.000000,14
619,350,73.468354,27063,7.490407259,7.492500000,2.092741,1,73.468354,5.000000,14
620,350,73.289532,27063,7.503449939,7.508500000,5.050061,0,2120.889459,5.000000,13
621,350,73.556364,27063,7.516952981,7.519000000,2.047019,1,73.556364,5.000000,13
622,350,70.794024,27063,7.533883555,7.536000000,2.116445,1,70.794024,5.000000,13
623,350,71.828386,27063,7.548018215,7.550500000,2.481785,1,71.828386,5.000000,13
624,350,67.303593,27063,7.561397100,7.563500000,2.102900,1,67.303593,5.000000,13
626,350,71.532031,27063,7.574331184,7.576500000,2.168816,1,71.532031,5.000000,13
627,350,74.702035,27063,7.587221609,7.589500000,2.278391,1,74.702035,5.000000,13
628,350,79.061240,27063,7.602450008,7.607500000,5.049992,0,2120.889459,5.000000,13
629,350,77.811456,27063,7.615574886,7.618000000,2.425114,1,77.811456,5.000000,13
630,350,77.905978,27063,7.628890982,7.631000000,2.109018,1,77.905978,5.000000,13
631,350,78.819908,27063,7.643264299,7.645500000,2.235701,1,78.819908,5.000000,13
632,350,77.842439,27063,7.659673823,7.662000000,2.326177,1,77.842439,5.000000,13
633,350,77.894582,27063,7.672553947,7.675000000,2.446053,1,77.894582,5.000000,13
634,350,78.089495,27063,7.685446738,7.688500000,3.053262,1,78.089495,5.000000,13
635,350,76.430429,27063,7.699034675,7.705000000,5.965325,0,2120.889459,5.000000,13
636,350,72.236067,27063,7.714461054,7.716500000,2.038946,1,72.236067,5.000000,13
637,350,72.860708,27063,7.727592984,7.731000000,3.407016,1,72.860708,5.000000,13
638,350,68.253506,27063,7.741526390,7.744000000,2.473610,1,68.253506,5.000000,13
639,350,67.494716,27063,7.755231613,7.758000000,2.768387,1,67.494716,5.000000,13
640,350,60.990890,27063,7.770038141,7.773000000,2.961859,1,60.990890,5.000000,13
643,350,56.329700,27063,7.783090742,7.786000000,2.909258,1,56.329700,5.000000,13
644,350,59.346479,27063,7.797482307,7.800000000,2.517693,1,59.346479,5.000000,13
645,350,60.914326,27063,7.813155143,7.822000000,8.844857,0,2120.889459,5.000000,10
646,350,63.918613,27063,7.825989012,7.832000000,6.010988,0,2120.889459,5.000000,10
648,350,66.046737,27063,7.839521169,7.842500000,2.978831,1,66.046737,5.000000,10
649,350,69.770015,27063,7.852427059,7.855000000,2.572941,1,69.770015,5.000000,10
650,350,71.033032,27063,7.866411546,7.872000000,5.588454,0,2120.889459,5.000000,10
651,350,74.689501,27063,7.879964619,7.882500000,2.535381,1,74.689501,5.000000,10
652,350,76.081885,27063,7.894597408,7.903000000,8.402592,0,2120.889459,5.000000,10
653,350,78.177417,27063,7.907768016,7.916000000,8.231984,0,2120.889459,5.000000,10
654,350,76.272893,27063,7.920470099,7.923000000,2.529901,1,76.272893,5.000000,10
655,350,77.622900,27063,7.933502663,7.936500000,2.997337,1,77.622900,5.000000,10
656,350,74.531407,27063,7.946352909,7.954500000,8.147091,0,2120.889459,5.000000,10
657,350,73.715656,27063,7.964041528,7.973500000,9.458472,0,2120.889459,5.000000,10
658,350,72.788328,27063,7.976861929,7.982000000,5.138071,0,2120.889459,5.000000,10
659,350,73.870903,27063,7.991308563,7.994000000,2.691437,1,73.870903,5.000000,10
660,350,72.155620,27063,8.005366879,8.011000000,5.633121,0,2120.889459,5.000000,10
661,350,70.828720,27063,8.020900714,8.023500000,2.599286,1,70.828720,5.000000,10
662,350,69.715003,27063,8.034759822,8.037500000,2.740178,1,69.715003,5.000000,10
663,350,70.205123,27063,8.048187142,8.051000000,2.812858,1,70.205123,5.000000,10
664,350,66.301052,27063,8.060907911,8.066500000,5.592089,0,2120.889459,5.000000,10
666,350,61.462026,27063,8.075470145,8.078000000,2.529855,1,61.462026,5.000000,10
667,350,57.178084,27063,8.092834172,8.095500000,2.665828,1,57.178084,5.000000,10
668,350,50.296028,27063,8.106760648,8.112500000,5.739352,0,2120.889459,5.000000,9
669,350,47.063221,27063,8.120023271,8.123000000,2.976729,1,47.063221,5.000000,9
670,350,44.542461,27063,8.133275704,8.139000000,5.724296,0,2120.889459,5.000000,9
671,350,44.858388,27063,8.146549797,8.152500000,5.950203,0,2120.889459,5.000000,9
672,350,46.148522,27063,8.159333475,8.162000000,2.666525,1,46.148522,5.000000,9
673,350,44.838375,27063,8.172176166,8.181000000,8.823834,0,2120.889459,5.000000,9
674,350,44.754677,27063,8.186610734,8.195000000,8.389266,0,2120.889459,5.000000,9
675,350,42.387531,27063,8.199735209,8.208000000,8.264791,0,2120.889459,5.000000,9
677,350,38.867710,27063,8.214200406,8.219500000,5.299594,0,2120.889459,5.000000,9
678,350,38.916996,27063,8.227945279,8.236000000,8.054721,0,2120.889459,5.000000,9
679,350,36.038826,27063,8.242063867,8.251000000,8.936133,0,2120.889459,5.000000,9
680,350,34.168041,27063,8.256246710,8.261500000,5.253290,0,2120.889459,5.000000,9
681,350,30.733028,27063,8.271539019,8.277500000,5.960981,0,2120.889459,5.000000,9
684,350,27.471419,27063,8.285541355,8.297000000,11.458645,0,2120.889459,5.000000,9
685,350,26.191221,27063,8.299248422,8.308000000,8.751578,0,2120.889459,5.000000,9
686,350,27.324895,27063,8.313860116,8.322500000,8.639884,0,2120.889459,5.000000,9
687,350,27.489545,27063,8.327166635,8.332500000,5.333365,0,2120.889459,5.000000,9
688,350,28.707639,27063,8.342276866,8.351000000,8.723134,0,2120.889459,5.000000,9
689,350,28.585690,27063,8.355191384,8.358000000,2.808616,1,28.585690,5.000000,9
690,350,29.216573,27063,8.369725163,8.373500000,3.774837,1,29.216573,5.000000,9
691,350,27.042025,27063,8.384209977,8.390000000,5.790023,0,2120.889459,5.000000,9
692,350,25.734144,27063,8.397720621,8.403000000,5.279379,0,2120.889459,5.000000,9
693,350,24.882168,27063,8.410480161,8.415500000,5.019839,0,2120.889459,5.000000,10
695,350,23.322279,27063,8.425220157,8.432000000,6.779843,0,2120.889459,5.000000,10
697,350,24.431339,27063,8.439496784,8.442500000,3.003216,1,24.431339,5.000000,10
698,350,25.136530,27063,8.453284038,8.456000000,2.715962,1,25.136530,5.000000,10
699,350,25.051435,27063,8.466722088,8.469500000,2.777912,1,25.051435,5.000000,10
700,350,24.569316,27063,8.482234216,8.488000000,5.765784,0,2120.889459,5.000000,10
701,350,25.247887,27063,8.497486247,8.503500000,6.013753,0,2120.889459,5.000000,10
702,350,24.314349,27063,8.513193256,8.519000000,5.806744,0,2120.889459,5.000000,10
703,350,24.670695,27063,8.527113140,8.530000000,2.886860,1,24.670695,5.000000,10
704,350,23.705519,27063,8.540017820,8.545500000,5.482180,0,2120.889459,5.000000,10
705,350,24.160046,27063,8.555278140,8.560500000,5.221860,0,2120.889459,5.000000,10
707,350,23.596637,27063,8.569078192,8.574500000,5.421808,0,2120.889459,5.000000,10
708,350,23.380847,27063,8.582669207,8.588000000,5.330793,0,2120.889459,5.000000,10
709,350,24.061802,27063,8.596357350,8.601500000,5.142650,0,2120.889459,5.000000,10
713,350,30.112937,27063,8.610024434,8.616000000,5.975566,0,2120.889459,5.000000,12
714,350,33.827206,27063,8.623105447,8.628500000,5.394553,0,2120.889459,5.000000,12
715,350,37.762798,27063,8.639074651,8.644500000,5.425349,0,2120.889459,5.000000,12
716,350,39.857130,27063,8.651806650,8.660000000,8.193350,0,2120.889459,5.000000,12
717,350,43.959846,27063,8.664768355,8.668000000,3.231645,1,43.959846,5.000000,12
718,350,45.844035,27063,8.681356235,8.686500000,5.143765,0,2120.889459,5.000000,12
719,350,47.719775,27063,8.694191151,8.697000000,2.808849,1,47.719775,5.000000,12
720,350,46.256346,27063,8.709314456,8.715000000,5.685544,0,2120.889459,5.000000,12
721,350,49.267889,27063,8.724320595,8.729500000,5.179405,0,2120.889459,5.000000,12
722,350,46.333467,27063,8.737895994,8.740500000,2.604006,1,46.333467,5.000000,12
723,350,47.027131,27063,8.751495095,8.754500000,3.004905,1,47.027131,5.000000,12
724,350,43.887445,27063,8.764291652,8.769500000,5.208348,0,2120.889459,5.000000,12
725,350,41.822989,27063,8.778489570,8.781500000,3.010430,1,41.822989,5.000000,12
726,350,38.752011,27063,8.792309035,8.795000000,2.690965,1,38.752011,5.000000,12
727,350,38.738686,27063,8.809443179,8.909000000,99.556821,0,2120.889459,5.000000,13
728,350,36.083805,27063,8.823311463,8.909000000,85.688537,0,2120.889459,5.000000,13
729,350,33.467210,27063,8.839462009,8.909000000,69.537991,0,2120.889459,5.000000,13
731,350,29.759142,27063,8.854056426,8.909000000,54.943574,0,2120.889459,5.000000,13
732,350,27.811585,27063,8.869778814,8.909000000,39.221186,0,2120.889459,5.000000,13
734,350,22.445467,27063,8.884148752,8.909000000,24.851248,0,2120.889459,5.000000,13
735,350,19.769770,27063,8.898280053,8.909000000,10.719947,0,2120.889459,5.000000,13
738,350,17.627590,27063,8.912247613,8.915500000,3.252387,1,17.627590,5.000000,13
739,350,19.670998,27063,8.928294947,8.934000000,5.705053,0,2120.889459,5.000000,13
740,350,23.206303,27063,8.945469343,8.951000000,5.530657,0,2120.889459,5.000000,13
741,350,22.952070,27063,8.958756432,8.964000000,5.243568,0,2120.889459,5.000000,13
744,350,35.505158,27063,8.973212834,8.980000000,6.787166,0,2120.889459,5.000000,13
745,350,40.546795,27063,8.987080533,8.997000000,9.919467,0,2120.889459,5.000000,13
746,350,52.910698,27063,9.000764852,9.010500000,9.735148,0,2120.889459,5.000000,13
747,350,63.247045,27063,9.016173986,9.019000000,2.826014,1,63.247045,5.000000,13
749,350,107.202854,27063,9.030784740,9.033500000,2.715260,1,107.202854,5.000000,13
750,350,103.328519,27063,9.044388735,9.047000000,2.611265,1,103.328519,5.000000,13
752,350,124.138325,27063,9.058333439,9.061000000,2.666561,1,124.138325,5.000000,13
753,350,141.197391,27063,9.072316079,9.075500000,3.183921,1,141.197391,5.000000,13
754,350,131.023595,27063,9.086569786,9.092000000,5.430214,0,2120.889459,5.000000,13
755,350,127.426885,27063,9.102527556,9.112500000,9.972444,0,2120.889459,5.000000,13
756,350,112.956306,27063,9.115892873,9.121000000,5.107127,0,2120.889459,5.000000,13
757,350,95.781641,27063,9.131813225,9.137000000,5.186775,0,2120.889459,5.000000,13
758,350,86.930188,27063,9.146665101,9.152000000,5.334899,0,2120.889459,5.000000,13
759,350,79.945580,27063,9.159782398,9.165000000,5.217602,0,2120.889459,5.000000,13
760,350,74.170029,27063,9.173616195,9.176500000,2.883805,1,74.170029,5.000000,13
761,350,74.520834,27063,9.186806476,9.192000000,5.193524,0,2120.889459,5.000000,13
762,350,73.261148,27063,9.200113118,9.205500000,5.386882,0,2120.889459,5.000000,13
764,350,66.286614,27063,9.215578595,9.218500000,2.921405,1,66.286614,5.000000,12
765,350,65.000028,27063,9.228725526,9.232000000,3.274474,1,65.000028,5.000000,12
766,350,59.391021,27063,9.243645242,9.247000000,3.354758,1,59.391021,5.000000,12
767,350,56.210412,27063,9.256785169,9.260000000,3.214831,1,56.210412,5.000000,12
768,350,52.519851,27063,9.272848897,9.275500000,2.651103,1,52.519851,5.000000,12
769,350,49.897869,27063,9.286015902,9.289000000,2.984098,1,49.897869,5.000000,12
770,350,50.311864,27063,9.298853089,9.307500000,8.646911,0,2120.889459,5.000000,12
771,350,47.487033,27063,9.312974188,9.315500000,2.525812,1,47.487033,5.000000,12
772,350,45.752972,27063,9.325929650,9.331000000,5.070350,0,2120.889459,5.000000,12
774,350,42.969952,27063,9.338695927,9.341500000,2.804073,1,42.969952,5.000000,12
775,350,41.435525,27063,9.353511420,9.356500000,2.988580,1,41.435525,5.000000,12
776,350,41.450904,27063,9.366579522,9.369500000,2.920478,1,41.450904,5.000000,12
777,350,38.660018,27063,9.379853863,9.385000000,5.146137,0,2120.889459,5.000000,12
778,350,38.792780,27063,9.394062671,9.397000000,2.937329,1,38.792780,5.000000,12
779,350,39.032318,27063,9.407029355,9.413000000,5.970645,0,2120.889459,5.000000,12
780,350,36.624861,27063,9.421596830,9.424500000,2.903170,1,36.624861,5.000000,12
781,350,38.150832,27063,9.435293723,9.438000000,2.706277,1,38.150832,5.000000,12
782,350,35.088096,27063,9.448928650,9.451500000,2.571350,1,35.088096,5.000000,12
783,350,33.859805,27063,9.462439542,9.465000000,2.560458,1,33.859805,5.000000,12
784,350,30.210253,27063,9.475896159,9.484000000,8.103841,0,2120.889459,5.000000,12
785,350,29.086035,27063,9.489705621,9.492500000,2.794379,1,29.086035,5.000000,12
787,350,25.796365,27063,9.503884143,9.509500000,5.615857,0,2120.889459,5.000000,13
788,350,24.904735,27063,9.516693450,9.519500000,2.806550,1,24.904735,5.000000,13
790,350,24.524956,27063,9.531535791,9.534500000,2.964209,1,24.524956,5.000000,13
791,350,25.138471,27063,9.546270667,9.549000000,2.729333,1,25.138471,5.000000,13
792,350,27.248596,27063,9.560018215,9.563000000,2.981785,1,27.248596,5.000000,13
793,350,29.087476,27063,9.572868158,9.578000000,5.131842,0,2120.889459,5.000000,13
795,350,34.951275,27063,9.585997233,9.589000000,3.002767,1,34.951275,5.000000,13
796,350,34.976570,27063,9.601030576,9.607000000,5.969424,0,2120.889459,5.000000,13
797,350,35.889195,27063,9.615759416,9.618500000,2.740584,1,35.889195,5.000000,13
798,350,33.099877,27063,9.631487641,9.637000000,5.512359,0,2120.889459,5.000000,13
799,350,29.432785,27063,9.645621347,9.654000000,8.378653,0,2120.889459,5.000000,13
801,350,32.361536,27063,9.660081625,9.663000000,2.918375,1,32.361536,5.000000,13
802,350,36.510668,27063,9.674964671,9.677500000,2.535329,1,36.510668,5.000000,13
803,350,45.061413,27063,9.690746125,9.693500000,2.753875,1,45.061413,5.000000,13
804,350,57.019621,27063,9.703829145,9.712000000,8.170855,0,2120.889459,5.000000,13
806,350,84.434335,27063,9.717872641,9.720500000,2.627359,1,84.434335,5.000000,13
807,350,92.153281,27063,9.731438739,9.734000000,2.561261,1,92.153281,5.000000,13
808,350,95.979966,27063,9.745177115,9.748000000,2.822885,1,95.979966,5.000000,13
809,350,88.394623,27063,9.758204196,9.766500000,8.295804,0,2120.889459,5.000000,13
810,350,61.290715,27063,9.773925781,9.779000000,5.074219,0,2120.889459,5.000000,13
812,350,104.834136,27063,9.787468416,9.790000000,2.531584,1,104.834136,5.000000,13
813,350,174.543319,27063,9.800953116,9.809000000,8.046884,0,2120.889459,5.000000,14
814,350,244.164997,27063,9.814704981,9.817000000,2.295019,1,244.164997,5.000000,14
815,350,320.424430,27063,9.829674245,9.832000000,2.325755,1,320.424430,5.000000,14
816,350,376.633922,27063,9.846009491,9.848500000,2.490509,1,376.633922,5.000000,14
817,350,433.511075,27063,9.860753376,9.863000000,2.246624,1,433.511075,5.000000,14
818,350,488.120441,27063,9.874700317,9.877000000,2.299683,1,488.120441,5.000000,14
819,350,509.554078,27063,9.887449358,9.892500000,5.050642,0,2120.889459,5.000000,14
820,350,542.093369,27063,9.900734255,9.909000000,8.265745,0,2120.889459,5.000000,14
821,350,566.046381,27063,9.914468911,9.917000000,2.531089,1,566.046381,5.000000,14
822,350,552.382865,27063,9.928119858,9.930500000,2.380142,1,552.382865,5.000000,14
823,350,522.754008,27063,9.941105966,9.943500000,2.394034,1,522.754008,5.000000,14
824,350,498.949278,27063,9.957427667,9.959500000,2.072333,1,498.949278,5.000000,14
825,350,428.051646,27063,9.972478818,9.975000000,2.521182,1,428.051646,5.000000,14
826,350,330.046639,27063,9.985700472,9.991000000,5.299528,0,2120.889459,5.000000,14
827,350,177.418976,27063,9.999769003,10.005000000,5.230997,0,2120.889459,5.000000,14
829,350,160.907129,27063,10.013584122,10.016000000,2.415878,1,160.907129,5.000000,14
830,350,328.138937,27063,10.026717560,10.029000000,2.282440,1,328.138937,5.000000,14
831,350,391.649866,27063,10.040726676,10.043000000,2.273324,1,391.649866,5.000000,14
832,350,402.093607,27063,10.059007825,10.061500000,2.492175,1,402.093607,5.000000,14
833,350,362.902852,27063,10.073688727,10.076000000,2.311273,1,362.902852,5.000000,14
834,350,212.156479,27063,10.086787861,10.089000000,2.212139,1,212.156479,5.000000,14
836,350,243.085717,27063,10.100294005,10.105500000,5.205995,0,2120.889459,5.000000,14
837,350,458.275741,27063,10.113557518,10.116500000,2.942482,1,458.275741,5.000000,12
838,350,614.131544,27063,10.127652733,10.133000000,5.347267,0,2120.889459,5.000000,12
839,350,724.995059,27063,10.143040245,10.146000000,2.959755,1,724.995059,5.000000,12
840,350,812.290811,27063,10.157402225,10.165500000,8.097775,0,2120.889459,5.000000,12
841,350,896.948848,27063,10.174382541,10.177000000,2.617459,1,896.948848,5.000000,12
842,350,942.813595,27063,10.187760615,10.190500000,2.739385,1,942.813595,5.000000,12
843,350,983.263100,27063,10.201973766,10.210500000,8.526234,0,2120.889459,5.000000,12
844,350,1027.065907,27063,10.216222972,10.221500000,5.277028,0,2120.889459,5.000000,12
845,350,1020.875840,27063,10.232803829,10.238000000,5.196171,0,2120.889459,5.000000,12
846,350,988.845587,27063,10.245659565,10.251000000,5.340435,0,2120.889459,5.000000,12
847,350,952.202544,27063,10.259079544,10.264500000,5.420456,0,2120.889459,5.000000,12
848,350,882.485577,27063,10.274315347,10.282500000,8.184653,0,2120.889459,5.000000,12
849,350,812.186109,27063,10.288614227,10.291500000,2.885773,1,812.186109,5.000000,12
850,350,659.923726,27063,10.301507564,10.315500000,13.992436,0,2120.889459,5.000000,12
851,350,402.171257,27063,10.316775956,10.319500000,2.724044,1,402.171257,5.000000,12
853,350,363.475686,27063,10.330221708,10.333000000,2.778292,1,363.475686,5.000000,12
854,350,486.731052,27063,10.344467461,10.347000000,2.532539,1,486.731052,5.000000,12
855,350,368.808741,27063,10.358999292,10.362000000,3.000708,1,368.808741,5.000000,12
857,350,256.144290,27063,10.372450117,10.375000000,2.549883,1,256.144290,5.000000,12
859,350,448.141716,27063,10.385401268,10.388000000,2.598732,1,448.141716,5.000000,12
860,350,694.424559,27063,10.400544630,10.412000000,11.455370,0,2120.889459,5.000000,13
861,350,826.597720,27063,10.413770297,10.416500000,2.729703,1,826.597720,5.000000,13
862,350,870.546281,27063,10.427476570,10.430000000,2.523430,1,870.546281,5.000000,13
863,350,853.609568,27063,10.443379029,10.445500000,2.120971,1,853.609568,5.000000,13
864,350,729.567510,27063,10.456688472,10.459000000,2.311528,1,729.567510,5.000000,13
865,350,474.117547,27063,10.471348712,10.473500000,2.151288,1,474.117547,5.000000,13
867,350,442.741084,27063,10.486034121,10.488500000,2.465879,1,442.741084,5.000000,13
868,350,717.056707,27063,10.498964670,10.501000000,2.035330,1,717.056707,5.000000,13
869,350,881.083453,27063,10.511750697,10.517000000,5.249303,0,2120.889459,5.000000,13
870,350,910.032281,27063,10.525779963,10.528000000,2.220037,1,910.032281,5.000000,13
871,350,967.366746,27063,10.540009858,10.542500000,2.490142,1,967.366746,5.000000,13
872,350,976.123613,27063,10.553339908,10.555500000,2.160092,1,976.123613,5.000000,13
873,350,983.495182,27063,10.566618621,10.569000000,2.381379,1,983.495182,5.000000,13
874,350,953.449018,27063,10.581363465,10.583500000,2.136535,1,953.449018,5.000000,13
875,350,900.544861,27063,10.595298297,10.598000000,2.701703,1,900.544861,5.000000,13
876,350,829.211680,27063,10.608492800,10.614000000,5.507200,0,2120.889459,5.000000,13
877,350,752.689503,27063,10.624531836,10.627000000,2.468164,1,752.689503,5.000000,13
878,350,483.563571,27063,10.637319337,10.640000000,2.680663,1,483.563571,5.000000,13
880,350,515.965980,27063,10.650659651,10.656000000,5.340349,0,2120.889459,5.000000,13
881,350,781.796577,27063,10.664961083,10.667000000,2.038917,1,781.796577,5.000000,13
882,350,866.528761,27063,10.678139481,10.686500000,8.360519,0,2120.889459,5.000000,13
883,350,931.166020,27063,10.694457334,10.696500000,2.042666,1,931.166020,5.000000,13
884,350,990.589455,27063,10.708557863,10.717500000,8.942137,0,2120.889459,5.000000,13
885,350,1066.208694,27063,10.722824921,10.725500000,2.675079,1,1066.208694,5.000000,13
886,350,1076.704983,27063,10.737874725,10.743000000,5.125275,0,2120.889459,5.000000,13
887,350,1111.194302,27063,10.751198279,10.761500000,10.301721,0,2120.889459,5.000000,13
888,350,1114.984917,27063,10.764215868,10.767500000,3.284132,1,1114.984917,5.000000,13
889,350,1141.437957,27063,10.778522688,10.784000000,5.477312,0,2120.889459,5.000000,13
890,350,1135.980312,27063,10.793757477,10.797500000,3.742523,1,1135.980312,5.000000,13
891,350,1127.017452,27063,10.808719686,10.817500000,8.780314,0,2120.889459,5.000000,13
892,350,1146.251698,27063,10.824057258,10.827000000,2.942742,1,1146.251698,5.000000,13
893,350,1150.647794,27063,10.837620445,10.840500000,2.879555,1,1150.647794,5.000000,13
894,350,1174.430596,27063,10.852330075,10.855000000,2.669925,1,1174.430596,5.000000,13
895,350,1191.585812,27063,10.865418361,10.868000000,2.581639,1,1191.585812,5.000000,13
896,350,1200.855840,27063,10.880286884,10.883000000,2.713116,1,1200.855840,5.000000,13
897,350,1193.687540,27063,10.893403915,10.897500000,4.096085,1,1193.687540,5.000000,13
898,350,1201.606550,27063,10.906796057,10.913000000,6.203943,0,2120.889459,5.000000,13
899,350,1192.062439,27063,10.920529430,10.924000000,3.470570,1,1192.062439,5.000000,13
900,350,1196.552581,27063,10.935254930,10.940500000,5.245070,0,2120.889459,5.000000,13
901,350,1176.365130,27063,10.951436263,10.956500000,5.063737,0,2120.889459,5.000000,13
902,350,1168.577174,27063,10.965799295,10.968500000,2.700705,1,1168.577174,5.000000,13
903,350,1149.949023,27063,10.980452371,10.985500000,5.047629,0,2120.889459,5.000000,13
904,350,1141.223755,27063,10.993766050,10.996500000,2.733950,1,1141.223755,5.000000,13
905,350,1075.273527,27063,11.007448388,11.013000000,5.551612,0,2120.889459,5.000000,12
906,350,978.852756,27063,11.020550640,11.023500000,2.949360,1,978.852756,5.000000,13
907,350,781.304848,27063,11.034964007,11.037500000,2.535993,1,781.304848,5.000000,13
909,350,877.338467,27063,11.048364976,11.053500000,5.135024,0,2120.889459,5.000000,13
910,350,1081.261416,27063,11.061939953,11.064500000,2.560047,1,1081.261416,5.000000,13
911,350,1186.266929,27063,11.075391686,11.083500000,8.108314,0,2120.889459,5.000000,13
912,350,1223.788164,27063,11.090044951,11.095500000,5.455049,0,2120.889459,5.000000,13
913,350,1283.128960,27063,11.105124506,11.111000000,5.875494,0,2120.889459,5.000000,13
914,350,1315.467367,27063,11.120293554,11.123000000,2.706446,1,1315.467367,5.000000,13
915,350,1365.434513,27063,11.135621683,11.141000000,5.378317,0,2120.889459,5.000000,13
916,350,1412.883241,27063,11.148864769,11.151500000,2.635231,1,1412.883241,5.000000,13
917,350,1447.058792,27063,11.162033857,11.165000000,2.966143,1,1447.058792,5.000000,13
918,350,1411.280216,27063,11.177023234,11.180000000,2.976766,1,1411.280216,5.000000,13
919,350,1375.700610,27063,11.191249148,11.196500000,5.250852,0,2120.889459,5.000000,13
920,350,1317.523751,27063,11.204318634,11.209500000,5.181366,0,2120.889459,5.000000,13
921,350,1260.843645,27063,11.219917529,11.222500000,2.582471,1,1260.843645,5.000000,13
922,350,1148.193023,27063,11.235549844,11.238500000,2.950156,1,1148.193023,5.000000,13
923,350,1092.268945,27063,11.249387405,11.252000000,2.612595,1,1092.268945,5.000000,13
924,350,1076.505373,27063,11.266507077,11.272000000,5.492923,0,2120.889459,5.000000,13
925,350,1045.575760,27063,11.282310798,11.285000000,2.689202,1,1045.575760,5.000000,13
926,350,844.389982,27063,11.297170023,11.300000000,2.829977,1,844.389982,5.000000,13
928,350,949.867061,27063,11.311259629,11.319500000,8.240371,0,2120.889459,5.000000,13
929,350,1205.029366,27063,11.325430749,11.327500000,2.069251,1,1205.029366,5.000000,13
930,350,1189.075468,27063,11.338367976,11.340500000,2.132024,1,1189.075468,5.000000,13
931,350,975.994556,27063,11.351494237,11.357000000,5.505763,0,2120.889459,5.000000,13
933,350,1002.067345,27063,11.366079408,11.368500000,2.420592,1,1002.067345,5.000000,13
934,350,1206.270983,27063,11.380335378,11.382500000,2.164622,1,1206.270983,5.000000,13
935,350,1218.019730,27063,11.396252577,11.398500000,2.247423,1,1218.019730,5.000000,13
936,350,1097.995744,27063,11.410868122,11.416000000,5.131878,0,2120.889459,5.000000,13
937,350,1049.553480,27063,11.424088922,11.429500000,5.411078,0,2120.889459,5.000000,13
938,350,982.756874,27063,11.438093207,11.440500000,2.406793,1,982.756874,5.000000,13
939,350,809.734107,27063,11.452652696,11.455000000,2.347304,1,809.734107,5.000000,13
941,350,798.081249,27063,11.468292307,11.470500000,2.207693,1,798.081249,5.000000,13
942,350,981.488704,27063,11.481770681,11.484000000,2.229319,1,981.488704,5.000000,13
943,350,1017.294832,27063,11.495328324,11.497500000,2.171676,1,1017.294832,5.000000,13
944,350,1044.965362,27063,11.508642119,11.517000000,8.357881,0,2120.889459,5.000000,13
945,350,1096.001030,27063,11.521678952,11.524000000,2.321048,1,1096.001030,5.000000,13
946,350,1087.078540,27063,11.538665292,11.541000000,2.334708,1,1087.078540,5.000000,13
947,350,1095.290649,27063,11.552306249,11.554500000,2.193751,1,1095.290649,5.000000,13
948,350,1089.234505,27063,11.567904864,11.570000000,2.095136,1,1089.234505,5.000000,13
949,350,1104.571792,27063,11.581774954,11.584000000,2.225046,1,1104.571792,5.000000,13
950,350,1096.170714,27063,11.596783066,11.599000000,2.216934,1,1096.170714,5.000000,13
951,350,1092.686538,27063,11.613577483,11.619000000,5.422517,0,2120.889459,5.000000,14
952,350,1044.472874,27063,11.626387489,11.628500000,2.112511,1,1044.472874,5.000000,14
953,350,1050.144739,27063,11.640909477,11.643000000,2.090523,1,1050.144739,5.000000,14
954,350,1023.252206,27063,11.653997959,11.656500000,2.502041,1,1023.252206,5.000000,14
955,350,972.362491,27063,11.668764726,11.671000000,2.235274,1,972.362491,5.000000,14
956,350,848.929073,27063,11.682158817,11.684500000,2.341183,1,848.929073,5.000000,14
958,350,822.635162,27063,11.695852405,11.698000000,2.147595,1,822.635162,5.000000,14
959,350,900.451997,27063,11.708953456,11.714000000,5.046544,0,2120.889459,5.000000,14
960,350,934.879803,27063,11.723710322,11.726000000,2.289678,1,934.879803,5.000000,14
961,350,902.020404,27063,11.736591564,11.739500000,2.908436,1,902.020404,5.000000,14
962,350,916.528490,27063,11.750047963,11.754000000,3.952037,1,916.528490,5.000000,14
963,350,918.120128,27063,11.763481549,11.767500000,4.018451,1,918.120128,5.000000,14
964,350,776.903506,27063,11.776314838,11.778500000,2.185162,1,776.903506,5.000000,14
966,350,764.863615,27063,11.790896565,11.794000000,3.103435,1,764.863615,5.000000,14
967,350,856.750486,27063,11.804639673,11.811500000,6.860327,0,2120.889459,5.000000,14
968,350,851.827565,27063,11.820374882,11.828500000,8.125118,0,2120.889459,5.000000,14
969,350,766.265891,27063,11.835750182,11.841000000,5.249818,0,2120.889459,5.000000,14
971,350,789.826847,27063,11.850372348,11.852500000,2.127652,1,789.826847,5.000000,14
972,350,911.309417,27063,11.865378605,11.867500000,2.121395,1,911.309417,5.000000,14
973,350,938.335936,27063,11.878171244,11.881000000,2.828756,1,938.335936,5.000000,14
974,350,989.614383,27063,11.892145428,11.894500000,2.354572,1,989.614383,5.000000,14
975,350,997.901165,27063,11.906076652,11.914500000,8.423348,0,2120.889459,5.000000,14
976,350,1026.857881,27063,11.922272924,11.924500000,2.227076,1,1026.857881,5.000000,14
977,350,1027.544834,27063,11.935842574,11.941000000,5.157426,0,2120.889459,5.000000,14
978,350,994.685288,27063,11.949335049,11.951500000,2.164951,1,994.685288,5.000000,14
979,350,990.150895,27063,11.964569380,11.967000000,2.430620,1,990.150895,5.000000,14
980,350,949.257162,27063,11.980432627,11.982500000,2.067373,1,949.257162,5.000000,14
981,350,767.110017,27063,11.997421027,12.000000000,2.578973,1,767.110017,5.000000,14
983,350,764.603434,27063,12.010492390,12.019000000,8.507610,0,2120.889459,5.000000,14
984,350,944.535680,27063,12.023558080,12.026000000,2.441920,1,944.535680,5.000000,14
985,350,1028.938426,27063,12.036232860,12.039000000,2.767140,1,1028.938426,5.000000,14
986,350,1017.729306,27063,12.051848356,12.054000000,2.151644,1,1017.729306,5.000000,14
987,350,1102.755273,27063,12.067260137,12.069500000,2.239863,1,1102.755273,5.000000,14
988,350,1052.446394,27063,12.083447072,12.085500000,2.052928,1,1052.446394,5.000000,14
989,350,1057.524854,27063,12.097622249,12.100000000,2.377751,1,1057.524854,5.000000,14
990,350,1037.148458,27063,12.110520595,12.119000000,8.479405,0,2120.889459,5.000000,14
991,350,989.168309,27063,12.126246819,12.129500000,3.253181,1,989.168309,5.000000,14
992,350,944.719865,27063,12.140547238,12.143000000,2.452762,1,944.719865,5.000000,14
993,350,801.844577,27063,12.155550435,12.158000000,2.449565,1,801.844577,5.000000,14
995,350,707.225648,27063,12.168483342,12.171000000,2.516658,1,707.225648,5.000000,14
998,350,784.326043,27063,12.181719354,12.184000000,2.280646,1,784.326043,5.000000,14
999,350,902.079001,27063,12.196460338,12.198500000,2.039662,1,902.079001,5.000000,14
1000,350,932.470402,27063,12.209694384,12.215000000,5.305616,0,2120.889459,5.000000,14
1001,350,812.002231,27063,12.222553446,12.225000000,2.446554,1,812.002231,5.000000,14
1003,350,787.865611,27063,12.239109251,12.241500000,2.390749,1,787.865611,5.000000,14
1004,350,820.395756,27063,12.253635780,12.256000000,2.364220,1,820.395756,5.000000,14
1006,350,841.550652,27063,12.266925933,12.269000000,2.074067,1,841.550652,5.000000,14
1007,350,894.611123,27063,12.281052085,12.283500000,2.447915,1,894.611123,5.000000,14
1008,350,810.289214,27063,12.297230501,12.299500000,2.269499,1,810.289214,5.000000,14
1011,350,863.517902,27063,12.310826802,12.316000000,5.173198,0,2120.889459,5.000000,14
1012,350,988.262616,27063,12.324955059,12.327000000,2.044941,1,988.262616,5.000000,14
1013,350,1052.661514,27063,12.337714749,12.340000000,2.285251,1,1052.661514,5.000000,14
1014,350,1054.807510,27063,12.350546848,12.353000000,2.453152,1,1054.807510,5.000000,14
1015,350,987.513997,27063,12.364269877,12.366500000,2.230123,1,987.513997,5.000000,14
1016,350,849.167531,27063,12.378884561,12.381000000,2.115439,1,849.167531,5.000000,14
1019,350,815.556713,27063,12.391780101,12.394500000,2.719899,1,815.556713,5.000000,14
1020,350,910.720608,27063,12.405705058,12.411500000,5.794942,0,2120.889459,5.000000,14
1021,350,803.811029,27063,12.419569114,12.422000000,2.430886,1,803.811029,5.000000,14
1023,350,763.280473,27063,12.433266155,12.435500000,2.233845,1,763.280473,5.000000,14
1024,350,765.737877,27063,12.446190788,12.448500000,2.309212,1,765.737877,5.000000,14
1026,350,675.479808,27063,12.460695829,12.463000000,2.304171,1,675.479808,5.000000,14
1028,350,745.656758,27063,12.473669906,12.476000000,2.330094,1,745.656758,5.000000,14
1029,350,859.487739,27063,12.488722896,12.491500000,2.777104,1,859.487739,5.000000,14
1030,350,924.935891,27063,12.502937414,12.508000000,5.062586,0,2120.889459,5.000000,14
1031,350,977.649544,27063,12.515659446,12.518500000,2.840554,1,977.649544,5.000000,12
1032,350,963.936770,27063,12.528337477,12.531500000,3.162523,1,963.936770,5.000000,12
1033,350,802.633629,27063,12.541126442,12.547500000,6.373558,0,2120.889459,5.000000,12
1035,350,861.868245,27063,12.554790217,12.557500000,2.709783,1,861.868245,5.000000,12
1036,350,1126.647886,27063,12.568364659,12.577500000,9.135341,0,2120.889459,5.000000,12
1037,350,1191.669416,27063,12.583606749,12.592500000,8.893251,0,2120.889459,5.000000,12
1038,350,1217.803029,27063,12.596941126,12.599500000,2.558874,1,1217.803029,5.000000,12
1039,350,1222.520010,27063,12.610723518,12.619000000,8.276482,0,2120.889459,5.000000,12
1040,350,1200.618264,27063,12.624537881,12.627500000,2.962119,1,1200.618264,5.000000,12
1041,350,982.975308,27063,12.637639838,12.643000000,5.360162,0,2120.889459,5.000000,12
1043,350,759.732763,27063,12.651109237,12.654000000,2.890763,1,759.732763,5.000000,12
1045,350,691.304244,27063,12.665735520,12.671500000,5.764480,0,2120.889459,5.000000,12
1047,350,817.291104,27063,12.679174967,12.684500000,5.325033,0,2120.889459,5.000000,12
1048,350,976.615001,27063,12.693921196,12.696500000,2.578804,1,976.615001,5.000000,12
1049,350,975.253730,27063,12.707689613,12.717000000,9.310387,0,2120.889459,5.000000,12
1050,350,951.167871,27063,12.721774017,12.728000000,6.225983,0,2120.889459,5.000000,12
1051,350,901.305189,27063,12.734891672,12.737500000,2.608328,1,901.305189,5.000000,12
1052,350,746.760380,27063,12.748537261,12.751500000,2.962739,1,746.760380,5.000000,12
1054,350,689.517333,27063,12.762504531,12.765500000,2.995469,1,689.517333,5.000000,12
1058,350,794.144468,27063,12.776996418,12.782500000,5.503582,0,2120.889459,5.000000,12
1059,350,890.077000,27063,12.792753678,12.798000000,5.246322,0,2120.889459,5.000000,12
1060,350,697.771141,27063,12.806406127,12.815000000,8.593873,0,2120.889459,5.000000,12
1062,350,719.598601,27063,12.820307356,12.823000000,2.692644,1,719.598601,5.000000,12
1063,350,952.270499,27063,12.835702164,12.838500000,2.797836,1,952.270499,5.000000,12
1064,350,1055.161316,27063,12.848758099,12.854000000,5.241901,0,2120.889459,5.000000,12
1065,350,1102.421128,27063,12.861866987,12.864500000,2.633013,1,1102.421128,5.000000,12
1066,350,1079.837717,27063,12.874542685,12.877500000,2.957315,1,1079.837717,5.000000,12
1067,350,1081.996274,27063,12.888090771,12.891000000,2.909229,1,1081.996274,5.000000,12
1068,350,1056.326277,27063,12.902379401,12.908000000,5.620599,0,2120.889459,5.000000,12
1069,350,1017.336348,27063,12.915666310,12.921000000,5.333690,0,2120.889459,5.000000,12
1070,350,940.009641,27063,12.928415635,12.931500000,3.084365,1,940.009641,5.000000,12
1071,350,867.008853,27063,12.943068947,12.946500000,3.431053,1,867.008853,5.000000,12
1072,350,737.483696,27063,12.958354232,12.963500000,5.145768,0,2120.889459,5.000000,12
1073,350,560.012976,27063,12.972278711,12.977500000,5.221289,0,2120.889459,5.000000,12
1076,350,442.581789,27063,12.988269280,12.996500000,8.230720,0,2120.889459,5.000000,12
1077,350,439.627100,27063,13.003602085,13.012000000,8.397915,0,2120.889459,5.000000,12
1079,350,438.530519,27063,13.016808679,13.022000000,5.191321,0,2120.889459,5.000000,12
1080,350,572.220443,27063,13.030648964,13.033500000,2.851036,1,572.220443,5.000000,12
1081,350,612.787989,27063,13.044323399,13.047000000,2.676601,1,612.787989,5.000000,12
1082,350,539.591148,27063,13.059095747,13.062000000,2.904253,1,539.591148,5.000000,12
1083,350,384.758071,27063,13.073111937,13.076000000,2.888063,1,384.758071,5.000000,12
1085,350,352.669626,27063,13.086928672,13.089500000,2.571328,1,352.669626,5.000000,12
1086,350,337.397427,27063,13.101043258,13.107000000,5.956742,0,2120.889459,5.000000,12
1088,350,421.143918,27063,13.117124580,13.119500000,2.375420,1,421.143918,5.000000,13
1089,350,570.257229,27063,13.132151045,13.135500000,3.348955,1,570.257229,5.000000,13
1090,350,638.747767,27063,13.147205449,13.149500000,2.294551,1,638.747767,5.000000,13
1091,350,680.349605,27063,13.161748117,13.164000000,2.251883,1,680.349605,5.000000,13
1092,350,726.630507,27063,13.175457596,13.180500000,5.042404,0,2120.889459,5.000000,13
1093,350,750.584798,27063,13.190792574,13.193000000,2.207426,1,750.584798,5.000000,13
1094,350,763.147967,27063,13.204194420,13.212500000,8.305580,0,2120.889459,5.000000,13
1095,350,753.893254,27063,13.219867916,13.223000000,3.132084,1,753.893254,5.000000,13
1096,350,757.833392,27063,13.233158888,13.235500000,2.341112,1,757.833392,5.000000,13
1097,350,726.455199,27063,13.246310971,13.248500000,2.189029,1,726.455199,5.000000,13
1098,350,684.664937,27063,13.262639023,13.265000000,2.360977,1,684.664937,5.000000,13
1099,350,654.267903,27063,13.277174995,13.282500000,5.325005,0,2120.889459,5.000000,13
1100,350,614.242439,27063,13.290853724,13.293000000,2.146276,1,614.242439,5.000000,13
1101,350,524.040013,27063,13.303963921,13.309000000,5.036079,0,2120.889459,5.000000,13
1102,350,363.919303,27063,13.318828496,13.324500000,5.671504,0,2120.889459,5.000000,13
1104,350,367.728477,27063,13.331972960,13.334500000,2.527040,1,367.728477,5.000000,13
1105,350,557.092118,27063,13.345074380,13.347500000,2.425620,1,557.092118,5.000000,13
1106,350,630.742149,27063,13.360379328,13.362500000,2.120672,1,630.742149,5.000000,13
1107,350,691.995432,27063,13.373228748,13.375500000,2.271252,1,691.995432,5.000000,13
1108,350,713.730642,27063,13.387004940,13.390500000,3.495060,1,713.730642,5.000000,13
1109,350,765.219669,27063,13.400168233,13.414500000,14.331767,0,2120.889459,5.000000,13
1110,350,775.036527,27063,13.415330369,13.420500000,5.169631,0,2120.889459,5.000000,13
1111,350,792.842244,27063,13.430227272,13.432500000,2.272728,1,792.842244,5.000000,13
1112,350,779.252871,27063,13.444628562,13.447000000,2.371438,1,779.252871,5.000000,13
1113,350,802.912782,27063,13.458509442,13.461000000,2.490558,1,802.912782,5.000000,13
1114,350,795.677980,27063,13.473364379,13.478500000,5.135621,0,2120.889459,5.000000,13
1115,350,802.229976,27063,13.486300744,13.488500000,2.199256,1,802.229976,5.000000,13
1116,350,793.028999,27063,13.501320746,13.510000000,8.679254,0,2120.889459,5.000000,13
1117,350,794.187086,27063,13.517359692,13.519500000,2.140308,1,794.187086,5.000000,13
1118,350,746.709075,27063,13.531542942,13.534000000,2.457058,1,746.709075,5.000000,13
1119,350,725.887859,27063,13.544589112,13.550000000,5.410888,0,2120.889459,5.000000,13
1120,350,665.621028,27063,13.557442853,13.559500000,2.057147,1,665.621028,5.000000,13
1121,350,603.359666,27063,13.573079677,13.575500000,2.420323,1,603.359666,5.000000,13
1122,350,433.889590,27063,13.586840301,13.589000000,2.159699,1,433.889590,5.000000,13
1124,350,416.670493,27063,13.602025740,13.610500000,8.474260,0,2120.889459,5.000000,13
1125,350,538.790943,27063,13.617203533,13.622500000,5.296467,0,2120.889459,5.000000,13
1126,350,476.254910,27063,13.630237357,13.632500000,2.262643,1,476.254910,5.000000,13
1128,350,572.654625,27063,13.643901537,13.649000000,5.098463,0,2120.889459,5.000000,13
1129,350,802.439537,27063,13.659116759,13.664500000,5.383241,0,2120.889459,5.000000,13
1130,350,904.070846,27063,13.678685988,13.682000000,3.314012,1,904.070846,5.000000,13
1131,350,956.872870,27063,13.691857111,13.694000000,2.142889,1,956.872870,5.000000,13
1132,350,1059.287936,27063,13.706069876,13.711500000,5.430124,0,2120.889459,5.000000,14
1133,350,1131.142326,27063,13.720599598,13.726000000,5.400402,0,2120.889459,5.000000,14
1134,350,1183.601113,27063,13.733304844,13.735500000,2.195156,1,1183.601113,5.000000,14
1135,350,1213.016021,27063,13.748319307,13.750500000,2.180693,1,1213.016021,5.000000,14
1136,350,1250.987811,27063,13.761963679,13.764000000,2.036321,1,1250.987811,5.000000,14
1137,350,1217.023637,27063,13.777612817,13.780000000,2.387183,1,1217.023637,5.000000,14
1138,350,1221.661920,27063,13.791201446,13.793500000,2.298554,1,1221.661920,5.000000,14
1139,350,1196.276305,27063,13.808887888,13.814000000,5.112112,0,2120.889459,5.000000,14
1140,350,1130.583768,27063,13.822675786,13.825000000,2.324214,1,1130.583768,5.000000,14
1141,350,822.407207,27063,13.836811481,13.842500000,5.688519,0,2120.889459,5.000000,14
1143,350,647.014058,27063,13.850392085,13.853500000,3.107915,1,647.014058,5.000000,14
1145,350,901.897459,27063,13.865861636,13.868000000,2.138364,1,901.897459,5.000000,14
1146,350,1206.406367,27063,13.878642211,13.881000000,2.357789,1,1206.406367,5.000000,14
1147,350,1351.570805,27063,13.892352947,13.894500000,2.147053,1,1351.570805,5.000000,14
1148,350,1396.527905,27063,13.905213767,13.910500000,5.286233,0,2120.889459,5.000000,14
1149,350,1448.015224,27063,13.918152238,13.920500000,2.347762,1,1448.015224,5.000000,14
1150,350,1470.208351,27063,13.931406549,13.936500000,5.093451,0,2120.889459,5.000000,14
1151,350,1522.592522,27063,13.945874558,13.948000000,2.125442,1,1522.592522,5.000000,14
1152,350,1498.139786,27063,13.960132026,13.962500000,2.367974,1,1498.139786,5.000000,14
1153,350,1500.373652,27063,13.973284288,13.975500000,2.215712,1,1500.373652,5.000000,14
1154,350,1454.808664,27063,13.987556776,13.990000000,2.443224,1,1454.808664,5.000000,14
1155,350,1432.223323,27063,14.003961957,14.009500000,5.538043,0,2120.889459,5.000000,14
1156,350,1412.961626,27063,14.021465599,14.023500000,2.034401,1,1412.961626,5.000000,14
1157,350,1414.191372,27063,14.037893257,14.040000000,2.106743,1,1414.191372,5.000000,14
1158,350,1348.596303,27063,14.051903566,14.054000000,2.096434,1,1348.596303,5.000000,14
1159,350,1306.841907,27063,14.066769849,14.069000000,2.230151,1,1306.841907,5.000000,14
1160,350,1230.525193,27063,14.079844496,14.082000000,2.155504,1,1230.525193,5.000000,14
1161,350,1089.676114,27063,14.092867479,14.095500000,2.632521,1,1089.676114,5.000000,14
1162,350,757.013446,27063,14.106810691,14.115000000,8.189309,0,2120.889459,5.000000,14
1164,350,725.547869,27063,14.122008774,14.125500000,3.491226,1,725.547869,5.000000,14
1165,350,968.106724,27063,14.137624971,14.140000000,2.375029,1,968.106724,5.000000,14
1166,350,931.830279,27063,14.151752657,14.154000000,2.247343,1,931.830279,5.000000,14
1167,350,723.346459,27063,14.164546965,14.167000000,2.453035,1,723.346459,5.000000,14
1169,350,712.778377,27063,14.177406341,14.179500000,2.093659,1,712.778377,5.000000,14
1170,350,895.552266,27063,14.190481550,14.193000000,2.518450,1,895.552266,5.000000,14
1171,350,682.870672,27063,14.203177451,14.211500000,8.322549,0,2120.889459,5.000000,14
1173,350,644.880645,27063,14.217405954,14.219500000,2.094046,1,644.880645,5.000000,14
1174,350,840.587160,27063,14.232263072,14.234500000,2.236928,1,840.587160,5.000000,14
1175,350,665.770588,27063,14.245012397,14.247500000,2.487603,1,665.770588,5.000000,14
1177,350,693.947799,27063,14.261008202,14.263500000,2.491798,1,693.947799,5.000000,14
1178,350,799.374176,27063,14.274425735,14.276500000,2.074265,1,799.374176,5.000000,14
1179,350,613.024018,27063,14.287611457,14.293000000,5.388543,0,2120.889459,5.000000,14
1181,350,584.509968,27063,14.301158224,14.306500000,5.341776,0,2120.889459,5.000000,14
1182,350,578.565863,27063,14.314768547,14.317500000,2.731453,1,578.565863,5.000000,14
1184,350,608.706538,27063,14.331388627,14.333500000,2.111373,1,608.706538,5.000000,14
1185,350,861.522854,27063,14.346375452,14.348500000,2.124548,1,861.522854,5.000000,14
1186,350,950.018143,27063,14.361177794,14.363500000,2.322206,1,950.018143,5.000000,14
1187,350,1005.631533,27063,14.375880618,14.378000000,2.119382,1,1005.631533,5.000000,14
1188,350,1004.752975,27063,14.390129193,14.392500000,2.370807,1,1004.752975,5.000000,14
1189,350,1007.469529,27063,14.403010487,14.408500000,5.489513,0,2120.889459,5.000000,14
1190,350,937.545401,27063,14.417690096,14.420000000,2.309904,1,937.545401,5.000000,14
1191,350,830.504615,27063,14.430769943,14.433000000,2.230057,1,830.504615,5.000000,14
1192,350,550.549100,27063,14.449762462,14.452500000,2.737538,1,550.549100,5.000000,14
1194,350,505.361601,27063,14.463970341,14.467000000,3.029659,1,505.361601,5.000000,14
1195,350,635.803233,27063,14.477845975,14.480000000,2.154025,1,635.803233,5.000000,14
1196,350,494.823290,27063,14.492895052,14.495000000,2.104948,1,494.823290,5.000000,14
1198,350,359.892174,27063,14.508662362,14.517000000,8.337638,0,2120.889459,5.000000,14
1200,350,470.819751,27063,14.522056683,14.524500000,2.443317,1,470.819751,5.000000,14
1201,350,604.954311,27063,14.536212087,14.538500000,2.287913,1,604.954311,5.000000,14
1202,350,460.909861,27063,14.550143726,14.552500000,2.356274,1,460.909861,5.000000,14
1204,350,503.837535,27063,14.565036185,14.567500000,2.463815,1,503.837535,5.000000,14
1205,350,764.865974,27063,14.577988711,14.586500000,8.511289,0,2120.889459,5.000000,14
1206,350,883.750815,27063,14.593678818,14.596000000,2.321182,1,883.750815,5.000000,14
1207,350,995.376270,27063,14.609809103,14.615000000,5.190897,0,2120.889459,5.000000,14
1208,350,1038.029755,27063,14.624623495,14.630000000,5.376505,0,2120.889459,5.000000,14
1209,350,1100.271205,27063,14.637900076,14.640000000,2.099924,1,1100.271205,5.000000,14
1210,350,1121.801419,27063,14.653574624,14.659000000,5.425376,0,2120.889459,5.000000,14
1211,350,1173.284994,27063,14.666806366,14.672000000,5.193634,0,2120.889459,5.000000,14
1212,350,1191.731457,27063,14.684350815,14.692500000,8.149185,0,2120.889459,5.000000,14
1213,350,1215.527265,27063,14.697203766,14.702500000,5.296234,0,2120.889459,5.000000,14
1214,350,1228.730915,27063,14.710695030,14.716000000,5.304970,0,2120.889459,5.000000,14
1215,350,1261.315249,27063,14.723382221,14.725500000,2.117779,1,1261.315249,5.000000,14
1216,350,1256.724137,27063,14.736533034,14.739000000,2.466966,1,1256.724137,5.000000,14
1217,350,1275.895566,27063,14.751041518,14.754000000,2.958482,1,1275.895566,5.000000,14
1218,350,1270.263863,27063,14.766175622,14.768500000,2.324378,1,1270.263863,5.000000,14
1219,350,1286.544528,27063,14.781470185,14.784000000,2.529815,1,1286.544528,5.000000,14
1220,350,1292.506097,27063,14.795386690,14.797500000,2.113310,1,1292.506097,5.000000,14
1221,350,1277.115937,27063,14.808062541,14.817000000,8.937459,0,2120.889459,5.000000,14
1222,350,1281.559498,27063,14.821281850,14.826500000,5.218150,0,2120.889459,5.000000,14
1223,350,1268.129965,27063,14.835561561,14.838000000,2.438439,1,1268.129965,5.000000,14
1224,350,1231.249563,27063,14.850160942,14.852500000,2.339058,1,1231.249563,5.000000,14
1225,350,1240.116041,27063,14.863241065,14.865500000,2.258935,1,1240.116041,5.000000,14
1226,350,1204.012829,27063,14.879063653,14.881500000,2.436347,1,1204.012829,5.000000,14
1227,350,1206.996447,27063,14.895687800,14.898000000,2.312200,1,1206.996447,5.000000,14
1228,350,1183.658946,27063,14.910162380,14.915500000,5.337620,0,2120.889459,5.000000,14
1229,350,1184.503925,27063,14.924916726,14.927000000,2.083274,1,1184.503925,5.000000,14
1230,350,1157.174647,27063,14.938078332,14.941000000,2.921668,1,1157.174647,5.000000,14
1231,350,1157.318398,27063,14.951861227,14.954000000,2.138773,1,1157.318398,5.000000,14
1232,350,1119.744731,27063,14.966007295,14.968500000,2.492705,1,1119.744731,5.000000,14
1233,350,1114.064147,27063,14.978897279,14.987000000,8.102721,0,2120.889459,5.000000,14
1234,350,1069.677631,27063,14.994835407,14.997000000,2.164593,1,1069.677631,5.000000,14
1235,350,1064.274921,27063,15.010334203,15.015500000,5.165797,0,2120.889459,5.000000,14
1236,350,1013.205477,27063,15.025043852,15.027500000,2.456148,1,1013.205477,5.000000,14
1237,350,973.789837,27063,15.038365093,15.041000000,2.634907,1,973.789837,5.000000,14
1238,350,915.549549,27063,15.052260037,15.054500000,2.239963,1,915.549549,5.000000,14
1239,350,835.916006,27063,15.067717265,15.070000000,2.282735,1,835.916006,5.000000,14
1240,350,678.371644,27063,15.080613630,15.083000000,2.386370,1,678.371644,5.000000,14
1241,350,444.341541,27063,15.094409462,15.096500000,2.090538,1,444.341541,5.000000,14
1243,350,281.901899,27063,15.108319919,15.113500000,5.180081,0,2120.889459,5.000000,14
1245,350,447.487336,27063,15.122460239,15.124500000,2.039761,1,447.487336,5.000000,14
1246,350,676.337069,27063,15.135129898,15.137500000,2.370102,1,676.337069,5.000000,14
1247,350,820.570728,27063,15.149481817,15.152000000,2.518183,1,820.570728,5.000000,14
1248,350,873.404858,27063,15.162493741,15.171000000,8.506259,0,2120.889459,5.000000,14
1249,350,923.046885,27063,15.176917690,15.179000000,2.082310,1,923.046885,5.000000,14
1250,350,941.546502,27063,15.190755205,15.193000000,2.244795,1,941.546502,5.000000,14
1251,350,962.212666,27063,15.205096605,15.213500000,8.403395,0,2120.889459,5.000000,14
1252,350,943.925048,27063,15.219968020,15.222500000,2.531980,1,943.925048,5.000000,14
1253,350,946.601963,27063,15.238945067,15.247000000,8.054933,0,2120.889459,5.000000,14
1254,350,923.926647,27063,15.252558877,15.255000000,2.441123,1,923.926647,5.000000,14
1255,350,915.935897,27063,15.267337690,15.269500000,2.162310,1,915.935897,5.000000,14
1256,350,871.541562,27063,15.282817460,15.288000000,5.182540,0,2120.889459,5.000000,14
1257,350,829.730958,27063,15.296455208,15.298500000,2.044792,1,829.730958,5.000000,14
1258,350,731.985522,27063,15.309567116,15.315000000,5.432884,0,2120.889459,5.000000,14
1259,350,625.958609,27063,15.323879449,15.326000000,2.120551,1,625.958609,5.000000,14
1260,350,405.318137,27063,15.336841220,15.339000000,2.158780,1,405.318137,5.000000,14
1262,350,260.563965,27063,15.349652758,15.352500000,2.847242,1,260.563965,5.000000,14
1264,350,377.778095,27063,15.366866764,15.372000000,5.133236,0,2120.889459,5.000000,14
1265,350,567.899430,27063,15.379937129,15.382000000,2.062871,1,567.899430,5.000000,14
1266,350,662.955392,27063,15.393407520,15.395500000,2.092480,1,662.955392,5.000000,14
1267,350,718.324766,27063,15.406798911,15.412000000,5.201089,0,2120.889459,5.000000,14
1268,350,743.021695,27063,15.419594845,15.422000000,2.405155,1,743.021695,5.000000,14
1269,350,769.011894,27063,15.432617415,15.438000000,5.382585,0,2120.889459,5.000000,14
1270,350,760.191870,27063,15.446021021,15.448500000,2.478979,1,760.191870,5.000000,14
1271,350,746.807985,27063,15.460050878,15.462500000,2.449122,1,746.807985,5.000000,14
1272,350,709.472228,27063,15.475388420,15.480500000,5.111580,0,2120.889459,5.000000,14
1273,350,696.684571,27063,15.489695399,15.492000000,2.304601,1,696.684571,5.000000,14
1274,350,625.772111,27063,15.503677161,15.509000000,5.322839,0,2120.889459,5.000000,13
1275,350,548.668112,27063,15.517244135,15.519500000,2.255865,1,548.668112,5.000000,14
1276,350,363.381384,27063,15.531463116,15.533500000,2.036884,1,363.381384,5.000000,14
1278,350,327.720614,27063,15.544586221,15.547000000,2.413779,1,327.720614,5.000000,14
1279,350,420.392375,27063,15.558832290,15.561000000,2.167710,1,420.392375,5.000000,14
1280,350,315.131130,27063,15.574276501,15.576500000,2.223499,1,315.131130,5.000000,14
1282,350,332.602399,27063,15.587610785,15.590000000,2.389215,1,332.602399,5.000000,14
1283,350,462.823204,27063,15.601913195,15.607000000,5.086805,0,2120.889459,5.000000,14
1284,350,509.683851,27063,15.614792166,15.618000000,3.207834,1,509.683851,5.000000,14
1285,350,465.467374,27063,15.627578431,15.630000000,2.421569,1,465.467374,5.000000,14
1286,350,330.789781,27063,15.642346267,15.644500000,2.153733,1,330.789781,5.000000,14
1288,350,351.731993,27063,15.657034401,15.659500000,2.465599,1,351.731993,5.000000,14
1289,350,513.924001,27063,15.670756309,15.673000000,2.243691,1,513.924001,5.000000,14
1290,350,583.004994,27063,15.686434913,15.688500000,2.065087,1,583.004994,5.000000,14
1291,350,592.294307,27063,15.699664331,15.705000000,5.335669,0,2120.889459,5.000000,14
1292,350,578.181432,27063,15.714102827,15.719500000,5.397173,0,2120.889459,5.000000,14
1293,350,498.822431,27063,15.728686795,15.731000000,2.313205,1,498.822431,5.000000,14
1294,350,356.811117,27063,15.742512497,15.745000000,2.487503,1,356.811117,5.000000,14
1296,350,234.151919,27063,15.757205381,15.759500000,2.294619,1,234.151919,5.000000,14
1298,350,314.830201,27063,15.770189732,15.772500000,2.310268,1,314.830201,5.000000,14
1299,350,417.175897,27063,15.787048769,15.789500000,2.451231,1,417.175897,5.000000,14
1300,350,420.240945,27063,15.800155397,15.808500000,8.344603,0,2120.889459,5.000000,14
1301,350,306.521079,27063,15.814938929,15.817000000,2.061071,1,306.521079,5.000000,14
1303,350,307.326162,27063,15.830254617,15.832500000,2.245383,1,307.326162,5.000000,14
1304,350,487.267271,27063,15.843775837,15.846000000,2.224163,1,487.267271,5.000000,14
1305,350,558.928102,27063,15.857271168,15.859500000,2.228832,1,558.928102,5.000000,14
1306,350,612.856967,27063,15.871693622,15.874000000,2.306378,1,612.856967,5.000000,14
1307,350,611.587641,27063,15.884486296,15.887000000,2.513704,1,611.587641,5.000000,14
1308,350,620.182846,27063,15.900738534,15.909500000,8.761466,0,2120.889459,5.000000,14
1309,350,588.238105,27063,15.916551832,15.919000000,2.448168,1,588.238105,5.000000,14
1310,350,557.171524,27063,15.931275545,15.933500000,2.224455,1,557.171524,5.000000,14
1311,350,472.322653,27063,15.945258799,15.947500000,2.241201,1,472.322653,5.000000,14
1312,350,364.308116,27063,15.958619139,15.961000000,2.380861,1,364.308116,5.000000,14
1314,350,215.498340,27063,15.973424937,15.975500000,2.075063,1,215.498340,5.000000,14
1316,350,322.575778,27063,15.986594554,15.989000000,2.405446,1,322.575778,5.000000,14
1317,350,405.495578,27063,15.999682793,16.002000000,2.317207,1,405.495578,5.000000,14
1318,350,410.398551,27063,16.014593272,16.020500000,5.906728,0,2120.889459,5.000000,14
1319,350,317.744149,27063,16.030355932,16.032500000,2.144068,1,317.744149,5.000000,14
1321,350,233.295358,27063,16.047304189,16.049500000,2.195811,1,233.295358,5.000000,14
1324,350,334.954886,27063,16.062951377,16.065000000,2.048623,1,334.954886,5.000000,14
1325,350,415.053329,27063,16.076226545,16.078500000,2.273455,1,415.053329,5.000000,14
1326,350,391.312631,27063,16.089239973,16.091500000,2.260027,1,391.312631,5.000000,14
1327,350,331.785147,27063,16.105634494,16.112000000,6.365506,0,2120.889459,5.000000,14
1329,350,208.957508,27063,16.121016904,16.123500000,2.483096,1,208.957508,5.000000,14
1331,350,327.226264,27063,16.136117935,16.138500000,2.382065,1,327.226264,5.000000,14
1332,350,410.081654,27063,16.149949847,16.152500000,2.550153,1,410.081654,5.000000,14
1333,350,474.469209,27063,16.162834115,16.174000000,11.165885,0,2120.889459,5.000000,14
1334,350,474.065703,27063,16.175509389,16.178000000,2.490611,1,474.065703,5.000000,14
1335,350,486.589328,27063,16.188234485,16.190500000,2.265515,1,486.589328,5.000000,14
1336,350,461.528053,27063,16.202447515,16.207500000,5.052485,0,2120.889459,5.000000,14
1337,350,404.262030,27063,16.216287684,16.222000000,5.712316,0,2120.889459,5.000000,14
1338,350,277.460389,27063,16.230816478,16.233000000,2.183522,1,277.460389,5.000000,14
1340,350,272.295046,27063,16.245457143,16.247500000,2.042857,1,272.295046,5.000000,14
1341,350,386.509222,27063,16.259397514,16.261500000,2.102486,1,386.509222,5.000000,14
1342,350,399.733979,27063,16.272564072,16.275000000,2.435928,1,399.733979,5.000000,14
1343,350,391.044341,27063,16.287102058,16.289500000,2.397942,1,391.044341,5.000000,14
1344,350,290.432370,27063,16.299896042,16.305000000,5.103958,0,2120.889459,5.000000,14
1347,350,314.037903,27063,16.312845725,16.315000000,2.154275,1,314.037903,5.000000,14
1348,350,418.905213,27063,16.326147108,16.328500000,2.352892,1,418.905213,5.000000,14
1349,350,493.544014,27063,16.341158720,16.346500000,5.341280,0,2120.889459,5.000000,14
1350,350,550.446802,27063,16.354696478,16.357000000,2.303522,1,550.446802,5.000000,14
1351,350,588.029903,27063,16.370405884,16.373000000,2.594116,1,588.029903,5.000000,14
1352,350,622.204408,27063,16.386511579,16.389000000,2.488421,1,622.204408,5.000000,14
1353,350,642.762604,27063,16.399672018,16.405500000,5.827982,0,2120.889459,5.000000,14
1354,350,633.131278,27063,16.414310133,16.416500000,2.189867,1,633.131278,5.000000,14
1355,350,644.962001,27063,16.429082909,16.431500000,2.417091,1,644.962001,5.000000,14
1356,350,639.271900,27063,16.442029889,16.444500000,2.470111,1,639.271900,5.000000,14
1357,350,612.511461,27063,16.455989706,16.459000000,3.010294,1,612.511461,5.000000,14
1358,350,577.109100,27063,16.471610952,16.474000000,2.389048,1,577.109100,5.000000,14
1359,350,561.825588,27063,16.487504009,16.490000000,2.495991,1,561.825588,5.000000,14
1360,350,541.271864,27063,16.505559414,16.511000000,5.440586,0,2120.889459,5.000000,14
1361,350,519.473754,27063,16.520942978,16.524500000,3.557022,1,519.473754,5.000000,14
1362,350,496.507116,27063,16.534031087,16.536500000,2.468913,1,496.507116,5.000000,14
1363,350,494.007992,27063,16.548873321,16.551000000,2.126679,1,494.007992,5.000000,14
1364,350,488.420323,27063,16.564240714,16.566500000,2.259286,1,488.420323,5.000000,14
1365,350,475.082147,27063,16.579388918,16.581500000,2.111082,1,475.082147,5.000000,14
1366,350,471.489295,27063,16.595514586,16.598000000,2.485414,1,471.489295,5.000000,14
1367,350,447.907031,27063,16.610372113,16.615500000,5.127887,0,2120.889459,5.000000,14
1368,350,436.973250,27063,16.623181893,16.625500000,2.318107,1,436.973250,5.000000,14
1369,350,414.189375,27063,16.637921511,16.643000000,5.078489,0,2120.889459,5.000000,14
1370,350,393.725525,27063,16.651969633,16.654500000,2.530367,1,393.725525,5.000000,14
1371,350,336.555198,27063,16.665395488,16.667500000,2.104512,1,336.555198,5.000000,14
1372,350,263.286600,27063,16.678635766,16.684000000,5.364234,0,2120.889459,5.000000,14
1375,350,252.316385,27063,16.691475805,16.694000000,2.524195,1,252.316385,5.000000,14
1376,350,320.211653,27063,16.704362498,16.709500000,5.137502,0,2120.889459,5.000000,13
1377,350,332.438171,27063,16.720908723,16.723000000,2.091277,1,332.438171,5.000000,13
1378,350,355.271825,27063,16.735326480,16.737500000,2.173520,1,355.271825,5.000000,13
1379,350,352.840561,27063,16.750329173,16.755500000,5.170827,0,2120.889459,5.000000,13
1380,350,350.899628,27063,16.763434491,16.765500000,2.065509,1,350.899628,5.000000,13
1381,350,344.309814,27063,16.776912651,16.782000000,5.087349,0,2120.889459,5.000000,13
1382,350,266.733545,27063,16.789748271,16.792000000,2.251729,1,266.733545,5.000000,13
1384,350,317.087124,27063,16.804896356,16.813000000,8.103644,0,2120.889459,5.000000,13
1385,350,382.058498,27063,16.820569719,16.823000000,2.430281,1,382.058498,5.000000,13
1386,350,361.307884,27063,16.834620395,16.837000000,2.379605,1,361.307884,5.000000,13
1387,350,375.496025,27063,16.849052591,16.854500000,5.447409,0,2120.889459,5.000000,13
1388,350,365.389230,27063,16.862630857,16.865000000,2.369143,1,365.389230,5.000000,13
1389,350,365.836357,27063,16.876164420,16.878500000,2.335580,1,365.836357,5.000000,13
1390,350,369.908110,27063,16.891029174,16.894500000,3.470826,1,369.908110,5.000000,13
1391,350,377.824984,27063,16.903933352,16.915500000,11.566648,0,2120.889459,5.000000,13
1392,350,369.820412,27063,16.919323175,16.921500000,2.176825,1,369.820412,5.000000,13
1393,350,356.682951,27063,16.933511595,16.936000000,2.488405,1,356.682951,5.000000,13
1394,350,333.763236,27063,16.946811403,16.949000000,2.188597,1,333.763236,5.000000,13
1395,350,333.270385,27063,16.960188742,16.962500000,2.311258,1,333.270385,5.000000,13
1396,350,322.271964,27063,16.975730979,16.978000000,2.269021,1,322.271964,5.000000,13
1397,350,301.842662,27063,16.989052377,16.991500000,2.447623,1,301.842662,5.000000,13
1398,350,285.883395,27063,17.002610678,17.008000000,5.389322,0,2120.889459,5.000000,13
1399,350,217.608098,27063,17.018936407,17.021000000,2.063593,1,217.608098,5.000000,14
1401,350,173.359456,27063,17.031881529,17.034000000,2.118471,1,173.359456,5.000000,14
1403,350,200.942129,27063,17.046873600,17.049000000,2.126400,1,200.942129,5.000000,14
1404,350,209.158684,27063,17.060231828,17.062500000,2.268172,1,209.158684,5.000000,14
1406,350,191.426862,27063,17.073713446,17.076000000,2.286554,1,191.426862,5.000000,14
1408,350,229.481162,27063,17.087556583,17.090000000,2.443417,1,229.481162,5.000000,14
1409,350,269.551697,27063,17.102128236,17.110500000,8.371764,0,2120.889459,5.000000,14
1410,350,290.760555,27063,17.116951075,17.119500000,2.548925,1,290.760555,5.000000,14
1411,350,324.311050,27063,17.130443443,17.132500000,2.056557,1,324.311050,5.000000,14
1412,350,318.217600,27063,17.144104576,17.146500000,2.395424,1,318.217600,5.000000,14
1413,350,292.283695,27063,17.156824642,17.159000000,2.175358,1,292.283695,5.000000,14
1415,350,249.317077,27063,17.169888150,17.172000000,2.111850,1,249.317077,5.000000,14
1416,350,235.406943,27063,17.182576764,17.185000000,2.423236,1,235.406943,5.000000,14
1418,350,226.851198,27063,17.196136962,17.198500000,2.363038,1,226.851198,5.000000,14
1419,350,210.059702,27063,17.211537028,17.217000000,5.462972,0,2120.889459,5.000000,14
1422,350,201.902739,27063,17.227967727,17.230500000,2.532273,1,201.902739,5.000000,14
1423,350,245.921784,27063,17.243089289,17.245500000,2.410711,1,245.921784,5.000000,14
1424,350,220.970210,27063,17.256290320,17.258500000,2.209680,1,220.970210,5.000000,14
1425,350,204.450755,27063,17.270428870,17.272500000,2.071130,1,204.450755,5.000000,14
1428,350,173.129853,27063,17.284550431,17.287000000,2.449569,1,173.129853,5.000000,14
1431,350,240.280325,27063,17.297853392,17.300000000,2.146608,1,240.280325,5.000000,14
1432,350,290.291073,27063,17.311790153,17.317000000,5.209847,0,2120.889459,5.000000,14
1433,350,320.822085,27063,17.324478106,17.327000000,2.521894,1,320.822085,5.000000,14
1434,350,282.885608,27063,17.337919975,17.340000000,2.080025,1,282.885608,5.000000,14
1435,350,310.253994,27063,17.351354416,17.353500000,2.145584,1,310.253994,5.000000,14
1436,350,270.719721,27063,17.366726044,17.375000000,8.273956,0,2120.889459,5.000000,14
1437,350,254.381226,27063,17.379942324,17.382500000,2.557676,1,254.381226,5.000000,14
1439,350,227.419800,27063,17.392998381,17.395500000,2.501619,1,227.419800,5.000000,14
1440,350,248.661555,27063,17.406380485,17.408500000,2.119515,1,248.661555,5.000000,14
1441,350,272.390046,27063,17.420323609,17.425500000,5.176391,0,2120.889459,5.000000,14
1442,350,283.088378,27063,17.433335039,17.435500000,2.164961,1,283.088378,5.000000,14
1443,350,283.679997,27063,17.448823584,17.451000000,2.176416,1,283.679997,5.000000,14
1444,350,263.243616,27063,17.462951447,17.465000000,2.048553,1,263.243616,5.000000,14
1445,350,280.579600,27063,17.477020489,17.479500000,2.479511,1,280.579600,5.000000,14
1446,350,276.450228,27063,17.490305944,17.492500000,2.194056,1,276.450228,5.000000,14
1447,350,298.800062,27063,17.504113053,17.510000000,5.886947,0,2120.889459,5.000000,14
1448,350,327.308777,27063,17.518501748,17.521000000,2.498252,1,327.308777,5.000000,14
1449,350,355.528521,27063,17.531221606,17.533500000,2.278394,1,355.528521,5.000000,14
1450,350,334.794460,27063,17.545084272,17.547500000,2.415728,1,334.794460,5.000000,14
1451,350,284.535304,27063,17.562758032,17.565000000,2.241968,1,284.535304,5.000000,14
1453,350,264.818571,27063,17.578898866,17.581000000,2.101134,1,264.818571,5.000000,14
1455,350,266.639237,27063,17.592003866,17.594500000,2.496134,1,266.639237,5.000000,14
1456,350,303.556230,27063,17.608107120,17.614000000,5.892880,0,2120.889459,5.000000,14
1457,350,335.859065,27063,17.623108594,17.625500000,2.391406,1,335.859065,5.000000,14
1458,350,319.687296,27063,17.636791739,17.639000000,2.208261,1,319.687296,5.000000,14
1459,350,329.226401,27063,17.649577905,17.652000000,2.422095,1,329.226401,5.000000,14
1460,350,332.269766,27063,17.665356494,17.668000000,2.643506,1,332.269766,5.000000,14
1461,350,322.695136,27063,17.678234656,17.680500000,2.265344,1,322.695136,5.000000,14
1462,350,331.168374,27063,17.691445873,17.693500000,2.054127,1,331.168374,5.000000,14
1463,350,353.624249,27063,17.706902583,17.712000000,5.097417,0,2120.889459,5.000000,14
1464,350,347.561353,27063,17.721309154,17.723500000,2.190846,1,347.561353,5.000000,14
1466,350,294.714236,27063,17.734110359,17.736500000,2.389641,1,294.714236,5.000000,14
1467,350,312.308250,27063,17.747356038,17.749500000,2.143962,1,312.308250,5.000000,14
1468,350,301.122803,27063,17.760047679,17.762500000,2.452321,1,301.122803,5.000000,14
1469,350,293.753577,27063,17.776034215,17.778500000,2.465785,1,293.753577,5.000000,14
1470,350,296.924994,27063,17.789201381,17.791500000,2.298619,1,296.924994,5.000000,14
1471,350,313.484046,27063,17.803836092,17.809500000,5.663908,0,2120.889459,5.000000,14
1472,350,299.259155,27063,17.819488584,17.822000000,2.511416,1,299.259155,5.000000,14
1473,350,295.822573,27063,17.833465487,17.835500000,2.034513,1,295.822573,5.000000,14
1474,350,299.685549,27063,17.849757467,17.852000000,2.242533,1,299.685549,5.000000,14
1475,350,313.288183,27063,17.863778529,17.866000000,2.221471,1,313.288183,5.000000,14
1476,350,315.681673,27063,17.877422970,17.880000000,2.577030,1,315.681673,5.000000,14
1477,350,357.361354,27063,17.891886010,17.894000000,2.113990,1,357.361354,5.000000,14
1478,350,336.197917,27063,17.908112917,17.913500000,5.387083,0,2120.889459,5.000000,14
1481,350,264.030159,27063,17.921711062,17.924000000,2.288938,1,264.030159,5.000000,14
1482,350,243.275753,27063,17.934880634,17.937000000,2.119366,1,243.275753,5.000000,14
1484,350,243.044996,27063,17.948230085,17.950500000,2.269915,1,243.044996,5.000000,14
1485,350,273.781386,27063,17.964852626,17.967000000,2.147374,1,273.781386,5.000000,14
1486,350,233.396655,27063,17.979134979,17.981500000,2.365021,1,233.396655,5.000000,14
1488,350,253.609494,27063,17.994360328,17.996500000,2.139672,1,253.609494,5.000000,14
1489,350,282.526465,27063,18.008866353,18.014000000,5.133647,0,2120.889459,5.000000,14
1490,350,301.845207,27063,18.024405356,18.026500000,2.094644,1,301.845207,5.000000,14
1491,350,329.171683,27063,18.037398142,18.039500000,2.101858,1,329.171683,5.000000,14
1492,350,329.190027,27063,18.052638158,18.055000000,2.361842,1,329.190027,5.000000,14
1493,350,301.255176,27063,18.066837041,18.069000000,2.162959,1,301.255176,5.000000,14
1494,350,299.022863,27063,18.080601246,18.083000000,2.398754,1,299.022863,5.000000,14
1495,350,321.502362,27063,18.094591906,18.097000000,2.408094,1,321.502362,5.000000,14
1496,350,293.531968,27063,18.108470695,18.114500000,6.029305,0,2120.889459,5.000000,14
1497,350,259.411117,27063,18.121498907,18.124000000,2.501093,1,259.411117,5.000000,14
1498,350,254.071155,27063,18.137241035,18.139500000,2.258965,1,254.071155,5.000000,14
1499,350,263.744080,27063,18.150311552,18.152500000,2.188448,1,263.744080,5.000000,14
1500,350,200.275091,27063,18.165764966,18.168000000,2.235034,1,200.275091,5.000000,14
1503,350,207.251872,27063,18.178757861,18.181500000,2.742139,1,207.251872,5.000000,14
1504,350,236.911389,27063,18.194227496,18.196500000,2.272504,1,236.911389,5.000000,14
1505,350,291.201219,27063,18.207448499,18.212500000,5.051501,0,2120.889459,5.000000,14
1506,350,267.415332,27063,18.224794289,18.227000000,2.205711,1,267.415332,5.000000,14
1508,350,213.627685,27063,18.239683612,18.242000000,2.316388,1,213.627685,5.000000,14
1510,350,201.164449,27063,18.252736835,18.255000000,2.263165,1,201.164449,5.000000,14
1512,350,161.897942,27063,18.267389043,18.270000000,2.610957,1,161.897942,5.000000,14
1514,350,193.613462,27063,18.282713248,18.285000000,2.286752,1,193.613462,5.000000,14
1516,350,196.165792,27063,18.297894673,18.300000000,2.105327,1,196.165792,5.000000,14
1517,350,223.223878,27063,18.313203458,18.318500000,5.296542,0,2120.889459,5.000000,14
1518,350,253.679424,27063,18.327361946,18.329500000,2.138054,1,253.679424,5.000000,14
1519,350,251.693563,27063,18.340570113,18.343000000,2.429887,1,251.693563,5.000000,14
1520,350,307.009095,27063,18.357628249,18.360000000,2.371751,1,307.009095,5.000000,14
1521,350,331.410566,27063,18.371405987,18.373500000,2.094013,1,331.410566,5.000000,14
1522,350,300.919355,27063,18.384396536,18.386500000,2.103464,1,300.919355,5.000000,14
1523,350,315.474965,27063,18.399835527,18.408500000,8.664473,0,2120.889459,5.000000,14
1524,350,316.065062,27063,18.413133967,18.416500000,3.366033,1,316.065062,5.000000,14
1525,350,315.842908,27063,18.427516619,18.436000000,8.483381,0,2120.889459,5.000000,14
1526,350,302.089893,27063,18.444107726,18.446500000,2.392274,1,302.089893,5.000000,14
1527,350,296.944634,27063,18.459085030,18.461500000,2.414970,1,296.944634,5.000000,14
1528,350,275.857403,27063,18.475373939,18.477500000,2.126061,1,275.857403,5.000000,14
1529,350,280.237147,27063,18.488200424,18.490500000,2.299576,1,280.237147,5.000000,14
1530,350,280.744471,27063,18.503217068,18.508500000,5.282932,0,2120.889459,5.000000,14
1531,350,266.310188,27063,18.519830839,18.522000000,2.169161,1,266.310188,5.000000,14
1532,350,266.156460,27063,18.533191890,18.535500000,2.308110,1,266.156460,5.000000,14
1533,350,246.140692,27063,18.547377194,18.549500000,2.122806,1,246.140692,5.000000,14
1534,350,230.267876,27063,18.560536254,18.563000000,2.463746,1,230.267876,5.000000,14
1536,350,264.184338,27063,18.576650445,18.579000000,2.349555,1,264.184338,5.000000,14
1537,350,310.169508,27063,18.590240699,18.592500000,2.259301,1,310.169508,5.000000,14
1538,350,289.291652,27063,18.604187912,18.610000000,5.812088,0,2120.889459,5.000000,14
1539,350,266.412198,27063,18.619485310,18.622000000,2.514690,1,266.412198,5.000000,14
1540,350,270.294815,27063,18.634441855,18.636500000,2.058145,1,270.294815,5.000000,14
1541,350,286.625826,27063,18.649589264,18.652000000,2.410736,1,286.625826,5.000000,14
1542,350,289.424581,27063,18.662709612,18.668000000,5.290388,0,2120.889459,5.000000,14
1543,350,258.152810,27063,18.676690776,18.679000000,2.309224,1,258.152810,5.000000,14
1544,350,221.444029,27063,18.690634936,18.693000000,2.365064,1,221.444029,5.000000,14
1546,350,240.917789,27063,18.703851053,18.712000000,8.148947,0,2120.889459,5.000000,14
1547,350,254.006569,27063,18.716947782,18.719500000,2.552218,1,254.006569,5.000000,14
1548,350,258.031325,27063,18.731395475,18.733500000,2.104525,1,258.031325,5.000000,14
1549,350,264.186360,27063,18.745289142,18.747500000,2.210858,1,264.186360,5.000000,14
1550,350,275.926334,27063,18.762638860,18.765000000,2.361140,1,275.926334,5.000000,14
1551,350,273.380231,27063,18.777681606,18.780000000,2.318394,1,273.380231,5.000000,14
1552,350,256.524460,27063,18.790928019,18.793000000,2.071981,1,256.524460,5.000000,14
1553,350,296.736436,27063,18.804973404,18.814000000,9.026597,0,2120.889459,5.000000,12
1554,350,321.527230,27063,18.818743735,18.821500000,2.756265,1,321.527230,5.000000,12
1555,350,274.547777,27063,18.832931822,18.838500000,5.568178,0,2120.889459,5.000000,12
1556,350,237.848882,27063,18.846361112,18.849000000,2.638888,1,237.848882,5.000000,12
1558,350,232.036011,27063,18.861743488,18.864500000,2.756512,1,232.036011,5.000000,12
1559,350,247.271897,27063,18.876887750,18.882500000,5.612250,0,2120.889459,5.000000,12
1560,350,223.432313,27063,18.889889435,18.892500000,2.610565,1,223.432313,5.000000,12
1563,350,200.629750,27063,18.903020670,18.909000000,5.979330,0,2120.889459,5.000000,12
1564,350,267.649682,27063,18.917621212,18.923500000,5.878788,0,2120.889459,5.000000,12
1565,350,268.688228,27063,18.931419679,18.937000000,5.580321,0,2120.889459,5.000000,12
1566,350,265.777614,27063,18.947447637,18.953000000,5.552363,0,2120.889459,5.000000,12
1567,350,274.867464,27063,18.960178904,18.963000000,2.821096,1,274.867464,5.000000,12
1568,350,272.481274,27063,18.974586024,18.977500000,2.913976,1,272.481274,5.000000,12
1569,350,303.538448,27063,18.989599645,18.992500000,2.900355,1,303.538448,5.000000,12
1570,350,301.567676,27063,19.003553029,19.013000000,9.446971,0,2120.889459,5.000000,12
1571,350,328.862876,27063,19.018244101,19.023500000,5.255899,0,2120.889459,5.000000,12
1572,350,348.971820,27063,19.031876802,19.034500000,2.623198,1,348.971820,5.000000,12
1573,350,350.207197,27063,19.045741523,19.049000000,3.258477,1,350.207197,5.000000,12
1574,350,261.857261,27063,19.058558396,19.064000000,5.441604,0,2120.889459,5.000000,12
1576,350,273.995573,27063,19.072543206,19.075500000,2.956794,1,273.995573,5.000000,12
1577,350,346.016601,27063,19.085937402,19.094000000,8.062598,0,2120.889459,5.000000,12
1578,350,347.801630,27063,19.099301950,19.105000000,5.698050,0,2120.889459,5.000000,12
1579,350,361.401700,27063,19.113294818,19.115500000,2.205182,1,361.401700,5.000000,14
1580,350,350.918902,27063,19.126205213,19.128500000,2.294787,1,350.918902,5.000000,14
1581,350,362.761345,27063,19.138880550,19.142000000,3.119450,1,362.761345,5.000000,14
1582,350,356.158116,27063,19.155165040,19.157500000,2.334960,1,356.158116,5.000000,14
1583,350,373.413065,27063,19.168546831,19.171000000,2.453169,1,373.413065,5.000000,14
1584,350,368.065072,27063,19.182149680,19.184500000,2.350320,1,368.065072,5.000000,14
1585,350,365.066449,27063,19.195327906,19.198000000,2.672094,1,365.066449,5.000000,14
1586,350,369.400389,27063,19.210090080,19.218500000,8.409920,0,2120.889459,5.000000,14
1587,350,357.895153,27063,19.224509365,19.227000000,2.490635,1,357.895153,5.000000,14
1588,350,346.296669,27063,19.238696693,19.241500000,2.803307,1,346.296669,5.000000,14
1589,350,346.211551,27063,19.252438266,19.254500000,2.061734,1,346.211551,5.000000,14
1590,350,362.142871,27063,19.267700293,19.270000000,2.299707,1,362.142871,5.000000,14
1591,350,348.816281,27063,19.282221767,19.285000000,2.778233,1,348.816281,5.000000,14
1592,350,310.441733,27063,19.295680098,19.298000000,2.319902,1,310.441733,5.000000,14
1594,350,224.348032,27063,19.309985821,19.318500000,8.514179,0,2120.889459,5.000000,14
1596,350,285.946519,27063,19.324176240,19.326500000,2.323760,1,285.946519,5.000000,14
1597,350,313.424366,27063,19.339194160,19.341500000,2.305840,1,313.424366,5.000000,14
1598,350,337.988463,27063,19.353488446,19.356000000,2.511554,1,337.988463,5.000000,14
1599,350,310.912939,27063,19.366889423,19.369000000,2.110577,1,310.912939,5.000000,14
1600,350,327.592666,27063,19.380071779,19.382500000,2.428221,1,327.592666,5.000000,14
1601,350,308.574966,27063,19.394246399,19.396500000,2.253601,1,308.574966,5.000000,14
1602,350,317.201542,27063,19.407596256,19.413000000,5.403744,0,2120.889459,5.000000,13
1603,350,309.217785,27063,19.422136497,19.424500000,2.363503,1,309.217785,5.000000,14
1604,350,289.519466,27063,19.435828176,19.438000000,2.171824,1,289.519466,5.000000,14
1605,350,240.349162,27063,19.448770110,19.451000000,2.229890,1,240.349162,5.000000,14
1607,350,196.142874,27063,19.463046514,19.465500000,2.453486,1,196.142874,5.000000,14
1609,350,245.858719,27063,19.479079264,19.484500000,5.420736,0,2120.889459,5.000000,14
1610,350,282.948005,27063,19.492208904,19.494500000,2.291096,1,282.948005,5.000000,14
1611,350,298.668383,27063,19.505749254,19.511000000,5.250746,0,2120.889459,5.000000,14
1612,350,284.900555,27063,19.519287171,19.525000000,5.712829,0,2120.889459,5.000000,14
1613,350,282.603008,27063,19.534121854,19.539500000,5.378146,0,2120.889459,5.000000,14
1614,350,261.032150,27063,19.548296768,19.550500000,2.203232,1,261.032150,5.000000,14
1615,350,228.338375,27063,19.561401944,19.566500000,5.098056,0,2120.889459,5.000000,14
1618,350,229.181452,27063,19.575629479,19.578000000,2.370521,1,229.181452,5.000000,14
1619,350,259.193119,27063,19.589831492,19.598000000,8.168508,0,2120.889459,5.000000,14
1620,350,269.782779,27063,19.606404351,19.612000000,5.595649,0,2120.889459,5.000000,13
1621,350,277.620919,27063,19.622590169,19.628000000,5.409831,0,2120.889459,5.000000,14
1622,350,278.841854,27063,19.636265903,19.641500000,5.234097,0,2120.889459,5.000000,14
1623,350,254.938611,27063,19.649325959,19.651500000,2.174041,1,254.938611,5.000000,14
1624,350,266.843735,27063,19.662800901,19.665000000,2.199099,1,266.843735,5.000000,14
1625,350,223.035196,27063,19.677110133,19.679500000,2.389867,1,223.035196,5.000000,14
1627,350,232.368293,27063,19.690030743,19.692500000,2.469257,1,232.368293,5.000000,14
1628,350,268.010271,27063,19.703510102,19.709000000,5.489898,0,2120.889459,5.000000,13
1629,350,279.342540,27063,19.718563037,19.721000000,2.436963,1,279.342540,5.000000,13
1630,350,286.506028,27063,19.731493491,19.737000000,5.506509,0,2120.889459,5.000000,13
1631,350,242.868800,27063,19.744697248,19.747000000,2.302752,1,242.868800,5.000000,13
1633,350,251.638691,27063,19.760252082,19.762500000,2.247918,1,251.638691,5.000000,13
1634,350,270.240173,27063,19.774555410,19.783000000,8.444590,0,2120.889459,5.000000,13
1635,350,276.378219,27063,19.787701376,19.790000000,2.298624,1,276.378219,5.000000,13
1636,350,291.735405,27063,19.802690706,19.808000000,5.309294,0,2120.889459,5.000000,13
1637,350,283.202031,27063,19.816078783,19.821500000,5.421217,0,2120.889459,5.000000,13
1638,350,284.250534,27063,19.829881449,19.832000000,2.118551,1,284.250534,5.000000,13
1639,350,290.819308,27063,19.847517907,19.850000000,2.482093,1,290.819308,5.000000,13
1640,350,294.139573,27063,19.860348789,19.865500000,5.151211,0,2120.889459,5.000000,13
1641,350,257.201381,27063,19.875596805,19.878000000,2.403195,1,257.201381,5.000000,13
1642,350,257.108895,27063,19.889141491,19.891500000,2.358509,1,257.108895,5.000000,13
1644,350,276.335077,27063,19.903832056,19.909000000,5.167944,0,2120.889459,5.000000,13
1645,350,302.992902,27063,19.920655264,19.926000000,5.344736,0,2120.889459,5.000000,13
1646,350,313.084012,27063,19.934523875,19.937000000,2.476125,1,313.084012,5.000000,13
1647,350,324.219958,27063,19.948947394,19.951000000,2.052606,1,324.219958,5.000000,13
1648,350,331.035725,27063,19.962384637,19.964500000,2.115363,1,331.035725,5.000000,13
1651,350,329.015697,27063,19.976564919,19.979000000,2.435081,1,329.015697,5.000000,13
1652,350,353.074587,27063,19.991216290,19.993500000,2.283710,1,353.074587,5.000000,13
1653,350,367.557381,27063,20.005354324,20.010500000,5.145676,0,2120.889459,5.000000,14
1654,350,363.902041,27063,20.018436878,20.020500000,2.063122,1,363.902041,5.000000,14
1655,350,382.739321,27063,20.031674516,20.034000000,2.325484,1,382.739321,5.000000,14
1656,350,390.394546,27063,20.046306270,20.048500000,2.193730,1,390.394546,5.000000,14
1657,350,377.027980,27063,20.061933687,20.064000000,2.066313,1,377.027980,5.000000,14
1658,350,404.829547,27063,20.076605366,20.079000000,2.394634,1,404.829547,5.000000,14
1659,350,390.024670,27063,20.089509253,20.092000000,2.490747,1,390.024670,5.000000,14
1660,350,399.790884,27063,20.103911048,20.109000000,5.088952,0,2120.889459,5.000000,14
1661,350,329.013267,27063,20.117189483,20.119500000,2.310517,1,329.013267,5.000000,14
1663,350,336.105724,27063,20.133792300,20.139000000,5.207700,0,2120.889459,5.000000,14
1664,350,334.103947,27063,20.147965746,20.150000000,2.034254,1,334.103947,5.000000,14
1666,350,369.048082,27063,20.163478689,20.166000000,2.521311,1,369.048082,5.000000,14
1667,350,384.770301,27063,20.176832176,20.182000000,5.167824,0,2120.889459,5.000000,14
1668,350,366.713701,27063,20.191403630,20.193500000,2.096370,1,366.713701,5.000000,14
1669,350,339.305732,27063,20.208437382,20.218000000,9.562618,0,2120.889459,5.000000,14
1673,350,270.367732,27063,20.223323837,20.225500000,2.176163,1,270.367732,5.000000,14
1674,350,311.748694,27063,20.238838693,20.241000000,2.161307,1,311.748694,5.000000,14
1675,350,309.614077,27063,20.251856175,20.257000000,5.143825,0,2120.889459,5.000000,14
1676,350,276.302376,27063,20.264902492,20.267000000,2.097508,1,276.302376,5.000000,14
1678,350,276.282105,27063,20.278243085,20.283500000,5.256915,0,2120.889459,5.000000,14
1679,350,299.065052,27063,20.293488502,20.297000000,3.511498,1,299.065052,5.000000,14
1680,350,301.337161,27063,20.306891912,20.315500000,8.608088,0,2120.889459,5.000000,12
1681,350,331.884428,27063,20.319681801,20.322500000,2.818199,1,331.884428,5.000000,12
1682,350,337.041215,27063,20.334440308,20.342500000,8.059692,0,2120.889459,5.000000,12
1683,350,346.392779,27063,20.347412653,20.353000000,5.587347,0,2120.889459,5.000000,12
1684,350,346.858219,27063,20.362073217,20.367500000,5.426783,0,2120.889459,5.000000,12
1685,350,363.948615,27063,20.376030716,20.382500000,6.469284,0,2120.889459,5.000000,12
1686,350,325.604976,27063,20.393002578,20.398500000,5.497422,0,2120.889459,5.000000,12
1688,350,310.408742,27063,20.419834226,20.511000000,91.165774,0,2120.889459,5.000000,12
1689,350,315.596407,27063,20.435283379,20.511000000,75.716621,0,2120.889459,5.000000,12
1690,350,273.456141,27063,20.449108505,20.511000000,61.891495,0,2120.889459,5.000000,12
1692,350,261.327000,27063,20.463068067,20.511000000,47.931933,0,2120.889459,5.000000,12
1693,350,310.675580,27063,20.477578720,20.511000000,33.421280,0,2120.889459,5.000000,12
1694,350,323.394523,27063,20.491893503,20.511000000,19.106497,0,2120.889459,5.000000,12
1695,350,328.656075,27063,20.505133158,20.511000000,5.866842,0,2120.889459,5.000000,12
1696,350,329.940604,27063,20.519012564,20.522000000,2.987436,1,329.940604,5.000000,12
1697,350,341.476902,27063,20.534603476,20.537500000,2.896524,1,341.476902,5.000000,12
1698,350,351.136602,27063,20.547347336,20.556000000,8.652664,0,2120.889459,5.000000,12
1699,350,360.509630,27063,20.562706176,20.565500000,2.793824,1,360.509630,5.000000,12
1700,350,357.665727,27063,20.575951564,20.584500000,8.548436,0,2120.889459,5.000000,12
1701,350,350.217083,27063,20.590075333,20.595500000,5.424667,0,2120.889459,5.000000,12
1702,350,349.581444,27063,20.604022008,20.613000000,8.977992,0,2120.889459,5.000000,13
1703,350,340.044841,27063,20.618594774,20.621500000,2.905226,1,340.044841,5.000000,13
1704,350,357.823624,27063,20.631596319,20.634500000,2.903681,1,357.823624,5.000000,13
1705,350,359.832093,27063,20.645150688,20.648000000,2.849312,1,359.832093,5.000000,13
1706,350,364.488766,27063,20.657904385,20.663000000,5.095615,0,2120.889459,5.000000,13
1707,350,372.263078,27063,20.673457028,20.676000000,2.542972,1,372.263078,5.000000,13
1708,350,366.723432,27063,20.689336989,20.694500000,5.163011,0,2120.889459,5.000000,13
1709,350,375.372932,27063,20.705559762,20.714000000,8.440238,0,2120.889459,5.000000,13
1710,350,375.290917,27063,20.718534553,20.724000000,5.465447,0,2120.889459,5.000000,13
1711,350,383.086578,27063,20.731552496,20.737000000,5.447504,0,2120.889459,5.000000,13
1712,350,370.314921,27063,20.747614498,20.750500000,2.885502,1,370.314921,5.000000,13
1713,350,366.426776,27063,20.762080305,20.765000000,2.919695,1,366.426776,5.000000,13
1714,350,333.703893,27063,20.775846917,20.781000000,5.153083,0,2120.889459,5.000000,13
1715,350,327.733819,27063,20.793017633,20.798500000,5.482367,0,2120.889459,5.000000,13
1716,350,323.337814,27063,20.806875164,20.812500000,5.624836,0,2120.889459,5.000000,13
1717,350,248.542598,27063,20.820447850,20.823000000,2.552150,1,248.542598,5.000000,13
1719,350,173.823815,27063,20.834439328,20.837000000,2.560672,1,173.823815,5.000000,13
1721,350,220.480610,27063,20.847243530,20.850000000,2.756470,1,220.480610,5.000000,13
1722,350,273.292329,27063,20.861989723,20.865000000,3.010277,1,273.292329,5.000000,13
1723,350,281.525140,27063,20.875703803,20.879000000,3.296197,1,281.525140,5.000000,13
1724,350,262.909126,27063,20.889648599,20.892500000,2.851401,1,262.909126,5.000000,13
1725,350,224.702967,27063,20.904452369,20.909500000,5.047631,0,2120.889459,5.000000,14
1727,350,171.424534,27063,20.918318544,20.920500000,2.181456,1,171.424534,5.000000,14
1732,350,201.367787,27063,20.935345797,20.937500000,2.154203,1,201.367787,5.000000,14
1733,350,219.040170,27063,20.948826035,20.951000000,2.173965,1,219.040170,5.000000,14
1734,350,230.741260,27063,20.962359665,20.964500000,2.140335,1,230.741260,5.000000,14
1735,350,227.477775,27063,20.978381739,20.986500000,8.118261,0,2120.889459,5.000000,14
1736,350,193.675857,27063,20.992359569,20.994500000,2.140431,1,193.675857,5.000000,14
1738,350,156.786865,27063,21.005991968,21.012000000,6.008032,0,2120.889459,5.000000,14
1741,350,190.318750,27063,21.020368414,21.022500000,2.131586,1,190.318750,5.000000,14
1742,350,213.460749,27063,21.033253107,21.035500000,2.246893,1,213.460749,5.000000,14
1743,350,185.908963,27063,21.047940433,21.050000000,2.059567,1,185.908963,5.000000,14
1745,350,172.109914,27063,21.064063964,21.066500000,2.436036,1,172.109914,5.000000,14
1748,350,241.797812,27063,21.078975053,21.081500000,2.524947,1,241.797812,5.000000,14
1749,350,280.720158,27063,21.093398844,21.095500000,2.101156,1,280.720158,5.000000,14
1750,350,296.765782,27063,21.106194339,21.115000000,8.805661,0,2120.889459,5.000000,14
1751,350,331.080327,27063,21.120152037,21.122500000,2.347963,1,331.080327,5.000000,14
1752,350,351.707014,27063,21.134433209,21.139500000,5.066791,0,2120.889459,5.000000,14
1753,350,372.681883,27063,21.152793740,21.155000000,2.206260,1,372.681883,5.000000,14
1754,350,387.991865,27063,21.169416909,21.171500000,2.083091,1,387.991865,5.000000,14
1755,350,369.695359,27063,21.184288813,21.186500000,2.211187,1,369.695359,5.000000,14
1756,350,335.537411,27063,21.197184670,21.199500000,2.315330,1,335.537411,5.000000,14
1757,350,279.651745,27063,21.210086238,21.215500000,5.413762,0,2120.889459,5.000000,14
1759,350,288.408213,27063,21.224065497,21.226500000,2.434503,1,288.408213,5.000000,14
1760,350,322.258676,27063,21.238439144,21.241000000,2.560856,1,322.258676,5.000000,14
1761,350,302.827635,27063,21.253253586,21.255500000,2.246414,1,302.827635,5.000000,14
1762,350,279.338709,27063,21.267537067,21.270000000,2.462933,1,279.338709,5.000000,14
1763,350,289.496231,27063,21.281972482,21.284500000,2.527518,1,289.496231,5.000000,14
1764,350,256.551888,27063,21.297944862,21.300000000,2.055138,1,256.551888,5.000000,14
1766,350,249.854984,27063,21.313137815,21.318500000,5.362185,0,2120.889459,5.000000,14
1767,350,262.320977,27063,21.329593218,21.332000000,2.406782,1,262.320977,5.000000,14
1768,350,280.673146,27063,21.343288120,21.345500000,2.211880,1,280.673146,5.000000,14
1769,350,271.713549,27063,21.356176895,21.358500000,2.323105,1,271.713549,5.000000,14
1770,350,276.164647,27063,21.370071077,21.372500000,2.428923,1,276.164647,5.000000,14
1771,350,258.281137,27063,21.384282364,21.386500000,2.217636,1,258.281137,5.000000,14
1772,350,228.803621,27063,21.399202315,21.404500000,5.297685,0,2120.889459,5.000000,14
1773,350,229.185825,27063,21.412810630,21.415000000,2.189370,1,229.185825,5.000000,14
1774,350,204.392808,27063,21.426112230,21.428500000,2.387770,1,204.392808,5.000000,14
1776,350,201.242030,27063,21.441633517,21.444000000,2.366483,1,201.242030,5.000000,14
1777,350,217.939891,27063,21.456725237,21.459000000,2.274763,1,217.939891,5.000000,14
1778,350,210.192091,27063,21.470911116,21.473000000,2.088884,1,210.192091,5.000000,14
1779,350,197.708870,27063,21.483920903,21.486000000,2.079097,1,197.708870,5.000000,14
1780,350,202.415703,27063,21.497804538,21.500000000,2.195462,1,202.415703,5.000000,14
1781,350,187.984075,27063,21.511869680,21.520500000,8.630320,0,2120.889459,5.000000,14
1782,350,182.402160,27063,21.525823869,21.528000000,2.176131,1,182.402160,5.000000,14
1784,350,172.190445,27063,21.541097200,21.543500000,2.402800,1,172.190445,5.000000,14
1785,350,176.163859,27063,21.553861416,21.556000000,2.138584,1,176.163859,5.000000,14
1786,350,190.914905,27063,21.567577070,21.570000000,2.422930,1,190.914905,5.000000,14
1787,350,194.706588,27063,21.580558501,21.583000000,2.441499,1,194.706588,5.000000,14
1788,350,202.401183,27063,21.595822667,21.598000000,2.177333,1,202.401183,5.000000,14
1789,350,195.127118,27063,21.609894827,21.615000000,5.105173,0,2120.889459,5.000000,14
1790,350,188.669352,27063,21.624668246,21.627500000,2.831754,1,188.669352,5.000000,14
1791,350,193.802322,27063,21.637966925,21.640500000,2.533075,1,193.802322,5.000000,14
1792,350,186.585554,27063,21.652142805,21.654500000,2.357195,1,186.585554,5.000000,14
1794,350,173.408357,27063,21.665830298,21.668000000,2.169702,1,173.408357,5.000000,14
1795,350,178.910867,27063,21.680301398,21.682500000,2.198602,1,178.910867,5.000000,14
1796,350,181.909870,27063,21.694581863,21.697000000,2.418137,1,181.909870,5.000000,14
1797,350,174.006645,27063,21.708911225,21.715000000,6.088775,0,2120.889459,5.000000,14
1798,350,190.269079,27063,21.723251214,21.725500000,2.248786,1,190.269079,5.000000,14
1799,350,195.544131,27063,21.736544329,21.739000000,2.455671,1,195.544131,5.000000,14
1800,350,176.707938,27063,21.749454047,21.751500000,2.045953,1,176.707938,5.000000,14
1801,350,171.504059,27063,21.764010633,21.767500000,3.489367,1,171.504059,5.000000,14
1802,350,170.005555,27063,21.777187131,21.779500000,2.312869,1,170.005555,5.000000,14
1804,350,189.488930,27063,21.793913863,21.796000000,2.086137,1,189.488930,5.000000,14
1805,350,190.848092,27063,21.807516895,21.811000000,3.483105,1,190.848092,5.000000,14
1806,350,187.956229,27063,21.822495681,21.825000000,2.504319,1,187.956229,5.000000,14
1807,350,193.770398,27063,21.836663517,21.839000000,2.336483,1,193.770398,5.000000,14
1808,350,201.704302,27063,21.850035322,21.852500000,2.464678,1,201.704302,5.000000,14
1809,350,198.059670,27063,21.864793912,21.867000000,2.206088,1,198.059670,5.000000,14
1810,350,201.927769,27063,21.877550094,21.880000000,2.449906,1,201.927769,5.000000,14
1811,350,192.933954,27063,21.890310560,21.892500000,2.189440,1,192.933954,5.000000,14
1812,350,207.694388,27063,21.903493199,21.907500000,4.006801,1,207.694388,5.000000,14
1813,350,208.586957,27063,21.917166982,21.919500000,2.333018,1,208.586957,5.000000,14
1814,350,206.215196,27063,21.931536986,21.934000000,2.463014,1,206.215196,5.000000,14
1815,350,221.442118,27063,21.945676705,21.948000000,2.323295,1,221.442118,5.000000,14
1816,350,209.200757,27063,21.958626155,21.961000000,2.373845,1,209.200757,5.000000,14
1817,350,190.134109,27063,21.972856264,21.975000000,2.143736,1,190.134109,5.000000,14
1818,350,192.237954,27063,21.986372596,21.988500000,2.127404,1,192.237954,5.000000,14
1819,350,182.516527,27063,22.000745823,22.009000000,8.254177,0,2120.889459,5.000000,14
1821,350,178.180688,27063,22.014679617,22.017000000,2.320383,1,178.180688,5.000000,14
1822,350,212.820932,27063,22.028044027,22.030500000,2.455973,1,212.820932,5.000000,14
1823,350,229.055213,27063,22.041556436,22.044000000,2.443564,1,229.055213,5.000000,14
1824,350,248.026906,27063,22.055586124,22.058000000,2.413876,1,248.026906,5.000000,14
1825,350,260.842185,27063,22.071437943,22.073500000,2.062057,1,260.842185,5.000000,14
1826,350,255.445450,27063,22.084475805,22.087000000,2.524195,1,255.445450,5.000000,14
1827,350,265.305087,27063,22.097690855,22.100000000,2.309145,1,265.305087,5.000000,14
1828,350,237.501118,27063,22.112708330,22.121500000,8.791670,0,2120.889459,5.000000,14
1829,350,238.285298,27063,22.126158865,22.128500000,2.341135,1,238.285298,5.000000,14
1830,350,243.867747,27063,22.139032582,22.141500000,2.467418,1,243.867747,5.000000,14
1831,350,245.984508,27063,22.153344242,22.155500000,2.155758,1,245.984508,5.000000,14
1832,350,237.457714,27063,22.166430937,22.168500000,2.069063,1,237.457714,5.000000,14
1833,350,241.709063,27063,22.181515109,22.184000000,2.484891,1,241.709063,5.000000,14
1834,350,228.120766,27063,22.195187204,22.197500000,2.312796,1,228.120766,5.000000,14
1836,350,210.872976,27063,22.209122590,22.214500000,5.377410,0,2120.889459,5.000000,14
1837,350,213.698501,27063,22.225532583,22.228000000,2.467417,1,213.698501,5.000000,14
1838,350,227.920394,27063,22.238428114,22.240500000,2.071886,1,227.920394,5.000000,14
1839,350,232.109091,27063,22.251182285,22.253500000,2.317715,1,232.109091,5.000000,14
1840,350,246.159416,27063,22.264356530,22.266500000,2.143470,1,246.159416,5.000000,14
1841,350,264.719560,27063,22.279722933,22.282000000,2.277067,1,264.719560,5.000000,14
1842,350,279.024424,27063,22.294668600,22.297000000,2.331400,1,279.024424,5.000000,14
1843,350,244.266660,27063,22.308986063,22.314500000,5.513937,0,2120.889459,5.000000,14
1845,350,250.102664,27063,22.321756309,22.324000000,2.243691,1,250.102664,5.000000,14
1846,350,272.254906,27063,22.334757992,22.337000000,2.242008,1,272.254906,5.000000,14
1847,350,287.678022,27063,22.350096684,22.352500000,2.403316,1,287.678022,5.000000,14
1848,350,288.142202,27063,22.362923901,22.365000000,2.076099,1,288.142202,5.000000,14
1849,350,300.201146,27063,22.376291498,22.378500000,2.208502,1,300.201146,5.000000,14
1850,350,293.686406,27063,22.390443606,22.392500000,2.056394,1,293.686406,5.000000,14
1851,350,294.490757,27063,22.404926921,22.413000000,8.073079,0,2120.889459,5.000000,13
1852,350,283.899800,27063,22.418811155,22.421000000,2.188845,1,283.899800,5.000000,13
1853,350,278.132876,27063,22.433651619,22.436000000,2.348381,1,278.132876,5.000000,13
1854,350,274.620754,27063,22.448806414,22.451000000,2.193586,1,274.620754,5.000000,13
1855,350,277.514292,27063,22.462834638,22.465000000,2.165362,1,277.514292,5.000000,13
1856,350,286.421138,27063,22.477971787,22.481500000,3.528213,1,286.421138,5.000000,13
1857,350,289.401894,27063,22.491963909,22.495500000,3.536091,1,289.401894,5.000000,13
1858,350,299.015210,27063,22.505117301,22.510500000,5.382699,0,2120.889459,5.000000,13
1859,350,289.030465,27063,22.518627448,22.525000000,6.372552,0,2120.889459,5.000000,13
1860,350,309.126297,27063,22.531356495,22.539500000,8.143505,0,2120.889459,5.000000,13
1861,350,252.622784,27063,22.544381623,22.546500000,2.118377,1,252.622784,5.000000,13
1863,350,265.834007,27063,22.558935580,22.567000000,8.064420,0,2120.889459,5.000000,13
1864,350,281.900670,27063,22.571777484,22.574500000,2.722516,1,281.900670,5.000000,13
1865,350,285.034290,27063,22.584449662,22.586500000,2.050338,1,285.034290,5.000000,13
1866,350,282.371051,27063,22.597909643,22.606000000,8.090357,0,2120.889459,5.000000,13
1867,350,284.306434,27063,22.612229800,22.617500000,5.270200,0,2120.889459,5.000000,13
1868,350,270.523180,27063,22.627871029,22.630000000,2.128971,1,270.523180,5.000000,13
1869,350,248.969650,27063,22.642430006,22.644500000,2.069994,1,248.969650,5.000000,13
1872,350,218.413943,27063,22.655916220,22.658000000,2.083780,1,218.413943,5.000000,13
1873,350,247.948417,27063,22.670642222,22.673000000,2.357778,1,247.948417,5.000000,13
1874,350,250.572087,27063,22.684668693,22.687000000,2.331307,1,250.572087,5.000000,13
1875,350,258.929035,27063,22.698706376,22.701000000,2.293624,1,258.929035,5.000000,13
1876,350,243.369570,27063,22.713286794,22.719000000,5.713206,0,2120.889459,5.000000,11
1878,350,233.431767,27063,22.726270582,22.734500000,8.229418,0,2120.889459,5.000000,11
1879,350,236.266895,27063,22.740170859,22.743000000,2.829141,1,236.266895,5.000000,11
1880,350,230.169652,27063,22.754759953,22.757500000,2.740047,1,230.169652,5.000000,11
1881,350,204.874144,27063,22.768182935,22.771000000,2.817065,1,204.874144,5.000000,11
1884,350,207.966875,27063,22.782367650,22.788000000,5.632350,0,2120.889459,5.000000,11
1885,350,227.198740,27063,22.795227621,22.798000000,2.772379,1,227.198740,5.000000,11
1886,350,244.000890,27063,22.810726662,22.819500000,8.773338,0,2120.889459,5.000000,11
1887,350,225.638244,27063,22.825394166,22.828000000,2.605834,1,225.638244,5.000000,11
1889,350,238.715724,27063,22.838846869,22.841500000,2.653131,1,238.715724,5.000000,11
1890,350,263.511779,27063,22.854859686,22.861000000,6.140314,0,2120.889459,5.000000,11
1891,350,256.618336,27063,22.868806053,22.871500000,2.693947,1,256.618336,5.000000,11
1892,350,262.816980,27063,22.883312429,22.892000000,8.687571,0,2120.889459,5.000000,11
1893,350,235.398364,27063,22.897500160,22.900500000,2.999840,1,235.398364,5.000000,11
1895,350,250.055622,27063,22.911436327,22.917000000,5.563673,0,2120.889459,5.000000,11
1896,350,309.335206,27063,22.924278623,22.927000000,2.721377,1,309.335206,5.000000,11
1897,350,350.561545,27063,22.938219115,22.947000000,8.780885,0,2120.889459,5.000000,11
1898,350,364.678908,27063,22.954477582,22.960000000,5.522418,0,2120.889459,5.000000,11
1899,350,401.686628,27063,22.969471249,22.974500000,5.028751,0,2120.889459,5.000000,11
1900,350,403.965782,27063,22.983203327,22.992000000,8.796673,0,2120.889459,5.000000,11
1901,350,384.946092,27063,22.996065739,22.999000000,2.934261,1,384.946092,5.000000,11
1902,350,366.458294,27063,23.011551824,23.017500000,5.948176,0,2120.889459,5.000000,11
1903,350,353.050399,27063,23.026902323,23.032000000,5.097677,0,2120.889459,5.000000,11
1904,350,252.534650,27063,23.040410600,23.043000000,2.589400,1,252.534650,5.000000,11
1906,350,256.301570,27063,23.054169995,23.057000000,2.830005,1,256.301570,5.000000,11
1907,350,379.682390,27063,23.068553292,23.071500000,2.946708,1,379.682390,5.000000,11
1908,350,426.098911,27063,23.081426162,23.084000000,2.573838,1,426.098911,5.000000,11
1909,350,462.990222,27063,23.097115273,23.102500000,5.384727,0,2120.889459,5.000000,11
1910,350,527.563459,27063,23.111078411,23.119500000,8.421589,0,2120.889459,5.000000,11
1911,350,542.955957,27063,23.125981613,23.128500000,2.518387,1,542.955957,5.000000,11
1912,350,516.293594,27063,23.139055732,23.145000000,5.944268,0,2120.889459,5.000000,11
1913,350,505.556132,27063,23.153949413,23.159000000,5.050587,0,2120.889459,5.000000,11
1914,350,466.086221,27063,23.168571074,23.177000000,8.428926,0,2120.889459,5.000000,11
1915,350,350.892612,27063,23.182820006,23.188000000,5.179994,0,2120.889459,5.000000,11
1917,350,273.969824,27063,23.196928127,23.202000000,5.071873,0,2120.889459,5.000000,11
1919,350,409.026676,27063,23.212115922,23.218000000,5.884078,0,2120.889459,5.000000,13
1920,350,525.484418,27063,23.225947713,23.228500000,2.552287,1,525.484418,5.000000,13
1921,350,427.550686,27063,23.239391298,23.242000000,2.608702,1,427.550686,5.000000,13
1923,350,515.895586,27063,23.253764618,23.256500000,2.735382,1,515.895586,5.000000,13
1924,350,763.025480,27063,23.266936473,23.269500000,2.563527,1,763.025480,5.000000,13
1925,350,664.801637,27063,23.279830419,23.283000000,3.169581,1,664.801637,5.000000,13
1927,350,773.994200,27063,23.292832510,23.295500000,2.667490,1,773.994200,5.000000,13
1928,350,1104.008355,27063,23.306987057,23.313000000,6.012943,0,2120.889459,5.000000,13
1929,350,1329.261887,27063,23.319795688,23.322500000,2.704312,1,1329.261887,5.000000,13
1930,350,1243.271913,27063,23.333332392,23.341500000,8.167608,0,2120.889459,5.000000,13
1931,350,1187.639174,27063,23.348556224,23.351500000,2.943776,1,1187.639174,5.000000,13
1932,350,1160.894511,27063,23.362578958,23.369000000,6.421042,0,2120.889459,5.000000,13
1933,350,1098.265760,27063,23.375716279,23.378500000,2.783721,1,1098.265760,5.000000,13
1934,350,1038.656510,27063,23.388740464,23.392000000,3.259536,1,1038.656510,5.000000,13
1935,350,984.914240,27063,23.402006360,23.408500000,6.493640,0,2120.889459,5.000000,12
1936,350,940.809741,27063,23.417732520,23.420500000,2.767480,1,940.809741,5.000000,13
1937,350,893.122656,27063,23.431161398,23.437500000,6.338602,0,2120.889459,5.000000,13
1938,350,832.547247,27063,23.445690026,23.451000000,5.309974,0,2120.889459,5.000000,13
1939,350,803.496079,27063,23.458766778,23.462000000,3.233222,1,803.496079,5.000000,13
1940,350,753.265313,27063,23.472082509,23.475500000,3.417491,1,753.265313,5.000000,13
1941,350,648.801215,27063,23.487323787,23.490500000,3.176213,1,648.801215,5.000000,13
1942,350,561.249608,27063,23.502232692,23.508000000,5.767308,0,2120.889459,5.000000,14
1943,350,476.193044,27063,23.516277181,23.518500000,2.222819,1,476.193044,5.000000,14
1944,350,329.290323,27063,23.532459659,23.534500000,2.040341,1,329.290323,5.000000,14
1946,350,279.545807,27063,23.548462131,23.550500000,2.037869,1,279.545807,5.000000,14
1947,350,376.534886,27063,23.562445612,23.564500000,2.054388,1,376.534886,5.000000,14
1948,350,388.483905,27063,23.575267176,23.580500000,5.232824,0,2120.889459,5.000000,14
1949,350,378.761231,27063,23.588196139,23.590500000,2.303861,1,378.761231,5.000000,14
1950,350,361.116566,27063,23.601973622,23.608500000,6.526378,0,2120.889459,5.000000,14
1951,350,342.071780,27063,23.616762969,23.619500000,2.737031,1,342.071780,5.000000,14
1952,350,297.310124,27063,23.631025785,23.634000000,2.974215,1,297.310124,5.000000,14
1953,350,222.228331,27063,23.644683367,23.647500000,2.816633,1,222.228331,5.000000,14
1955,350,219.399468,27063,23.658470931,23.663500000,5.029069,0,2120.889459,5.000000,14
1956,350,241.895236,27063,23.672133716,23.674500000,2.366284,1,241.895236,5.000000,14
1957,350,215.212847,27063,23.685025057,23.687500000,2.474943,1,215.212847,5.000000,14
1958,350,224.600583,27063,23.697713889,23.700000000,2.286111,1,224.600583,5.000000,14
1959,350,243.440759,27063,23.710833861,23.716000000,5.166139,0,2120.889459,5.000000,14
1960,350,232.045527,27063,23.724329722,23.726500000,2.170278,1,232.045527,5.000000,14
1961,350,187.227066,27063,23.738342725,23.740500000,2.157275,1,187.227066,5.000000,14
1962,350,186.596884,27063,23.751888926,23.754000000,2.111074,1,186.596884,5.000000,14
1963,350,180.416139,27063,23.765614892,23.768000000,2.385108,1,180.416139,5.000000,14
1964,350,147.582716,27063,23.779543255,23.782000000,2.456745,1,147.582716,5.000000,14
1966,350,142.408630,27063,23.793399270,23.795500000,2.100730,1,142.408630,5.000000,14
1967,350,147.629731,27063,23.807044294,23.814500000,7.455706,0,2120.889459,5.000000,14
1968,350,138.826563,27063,23.820801091,23.823000000,2.198909,1,138.826563,5.000000,14
1969,350,135.935633,27063,23.834932526,23.837000000,2.067474,1,135.935633,5.000000,14
1970,350,133.403995,27063,23.849654403,23.852000000,2.345597,1,133.403995,5.000000,14
1972,350,121.493244,27063,23.864129010,23.866500000,2.370990,1,121.493244,5.000000,14
1973,350,139.850803,27063,23.879759664,23.882000000,2.240336,1,139.850803,5.000000,14
1974,350,134.983726,27063,23.893963346,23.899000000,5.036654,0,2120.889459,5.000000,14
1975,350,132.388193,27063,23.907437437,23.913000000,5.562563,0,2120.889459,5.000000,14
1976,350,141.020246,27063,23.921184757,23.923500000,2.315243,1,141.020246,5.000000,14
1977,350,141.594660,27063,23.935130263,23.937500000,2.369737,1,141.594660,5.000000,14
1978,350,128.619627,27063,23.952217040,23.954500000,2.282960,1,128.619627,5.000000,14
1980,350,130.182895,27063,23.965800611,23.968000000,2.199389,1,130.182895,5.000000,14
1981,350,142.066326,27063,23.980140053,23.982500000,2.359947,1,142.066326,5.000000,14
1982,350,134.670009,27063,23.993762536,23.996000000,2.237464,1,134.670009,5.000000,14
1983,350,137.801620,27063,24.007658604,24.013500000,5.841396,0,2120.889459,5.000000,14
1984,350,141.494634,27063,24.024200556,24.027000000,2.799444,1,141.494634,5.000000,14
1985,350,141.714041,27063,24.037713400,24.040500000,2.786600,1,141.714041,5.000000,14
1986,350,138.069798,27063,24.051351316,24.053500000,2.148684,1,138.069798,5.000000,14
1987,350,140.839006,27063,24.064078307,24.072500000,8.421693,0,2120.889459,5.000000,14
1988,350,140.908748,27063,24.078103786,24.080500000,2.396214,1,140.908748,5.000000,14
1989,350,137.465293,27063,24.092823448,24.095000000,2.176552,1,137.465293,5.000000,14
1990,350,135.339377,27063,24.107981572,24.113500000,5.518428,0,2120.889459,5.000000,12
1991,350,140.026612,27063,24.124215097,24.127000000,2.784903,1,140.026612,5.000000,12
1992,350,133.181306,27063,24.137632191,24.146500000,8.867809,0,2120.889459,5.000000,12
1993,350,130.018404,27063,24.152672491,24.158500000,5.827509,0,2120.889459,5.000000,12
1994,350,129.530266,27063,24.166271364,24.175000000,8.728636,0,2120.889459,5.000000,12
1996,350,120.964243,27063,24.180200602,24.183000000,2.799398,1,120.964243,5.000000,12
1997,350,129.321061,27063,24.194743625,24.201000000,6.256375,0,2120.889459,5.000000,12
1999,350,143.964149,27063,24.220532325,24.306000000,85.467675,0,2120.889459,5.000000,12
2000,350,138.279190,27063,24.234488696,24.306000000,71.511304,0,2120.889459,5.000000,12
2001,350,140.613310,27063,24.247649210,24.306000000,58.350790,0,2120.889459,5.000000,12
2002,350,156.128701,27063,24.260631440,24.306000000,45.368560,0,2120.889459,5.000000,12
2003,350,145.774822,27063,24.275636431,24.306000000,30.363569,0,2120.889459,5.000000,12
2004,350,144.361464,27063,24.288741955,24.306000000,17.258045,0,2120.889459,5.000000,12
2005,350,150.320010,27063,24.302094482,24.308500000,6.405518,0,2120.889459,5.000000,12
2006,350,143.806905,27063,24.315900998,24.322000000,6.099002,0,2120.889459,5.000000,12
2007,350,147.037634,27063,24.329197042,24.332500000,3.302958,1,147.037634,5.000000,12
2008,350,152.933650,27063,24.342983771,24.348000000,5.016229,0,2120.889459,5.000000,12
2009,350,153.107883,27063,24.359147973,24.362000000,2.852027,1,153.107883,5.000000,12
2010,350,148.021936,27063,24.372393578,24.375000000,2.606422,1,148.021936,5.000000,12
2011,350,147.119183,27063,24.386993710,24.390000000,3.006290,1,147.119183,5.000000,12
2012,350,143.583551,27063,24.399673410,24.408000000,8.326590,0,2120.889459,5.000000,13
2013,350,137.114208,27063,24.414638956,24.417500000,2.861044,1,137.114208,5.000000,13
2014,350,127.579739,27063,24.429690281,24.432500000,2.809719,1,127.579739,5.000000,13
2015,350,120.880349,27063,24.443558883,24.446500000,2.941117,1,120.880349,5.000000,13
2016,350,130.756024,27063,24.461119749,24.464000000,2.880251,1,130.756024,5.000000,13
2017,350,118.918315,27063,24.479064318,24.482000000,2.935682,1,118.918315,5.000000,13
2019,350,105.246982,27063,24.494761393,24.497500000,2.738607,1,105.246982,5.000000,13
2020,350,112.090284,27063,24.507727686,24.516500000,8.772314,0,2120.889459,5.000000,13
2021,350,99.886432,27063,24.522552328,24.525500000,2.947672,1,99.886432,5.000000,13
2023,350,103.977984,27063,24.536429164,24.539000000,2.570836,1,103.977984,5.000000,13
2024,350,114.486357,27063,24.550449968,24.553000000,2.550032,1,114.486357,5.000000,13
2025,350,104.681939,27063,24.564536595,24.567500000,2.963405,1,104.681939,5.000000,13
2026,350,104.962784,27063,24.578424767,24.581500000,3.075233,1,104.962784,5.000000,13
2027,350,108.785315,27063,24.592864603,24.595500000,2.635397,1,108.785315,5.000000,13
2030,350,102.581582,27063,24.619666575,24.724000000,104.333425,0,2120.889459,5.000000,13
2031,350,114.758082,27063,24.636810609,24.724000000,87.189391,0,2120.889459,5.000000,13
2032,350,98.850991,27063,24.650208173,24.724000000,73.791827,0,2120.889459,5.000000,13
2033,350,97.522414,27063,24.665829789,24.724000000,58.170211,0,2120.889459,5.000000,13
2035,350,103.611639,27063,24.680062961,24.724000000,43.937039,0,2120.889459,5.000000,13
2037,350,109.854123,27063,24.694060124,24.724000000,29.939876,0,2120.889459,5.000000,13
2038,350,120.901762,27063,24.707901876,24.809000000,101.098124,0,2120.889459,5.000000,13
2039,350,121.169921,27063,24.721941603,24.809000000,87.058397,0,2120.889459,5.000000,13
2040,350,125.748565,27063,24.735273660,24.809000000,73.726340,0,2120.889459,5.000000,13
2041,350,133.797020,27063,24.748377729,24.809000000,60.622271,0,2120.889459,5.000000,13
2042,350,140.579826,27063,24.765012872,24.809000000,43.987128,0,2120.889459,5.000000,13
2043,350,138.160108,27063,24.778405514,24.809000000,30.594486,0,2120.889459,5.000000,13
2044,350,142.183590,27063,24.791797609,24.809000000,17.202391,0,2120.889459,5.000000,13
2045,350,142.963692,27063,24.807018714,24.813000000,5.981286,0,2120.889459,5.000000,13
2046,350,145.114734,27063,24.821807839,24.827500000,5.692161,0,2120.889459,5.000000,13
2047,350,141.647248,27063,24.834796745,24.837500000,2.703255,1,141.647248,5.000000,13
2048,350,144.427649,27063,24.848312987,24.851000000,2.687013,1,144.427649,5.000000,13
2049,350,150.611585,27063,24.862741477,24.865500000,2.758523,1,150.611585,5.000000,13
2050,350,145.677580,27063,24.875519905,24.878500000,2.980095,1,145.677580,5.000000,13
2051,350,144.460198,27063,24.888314706,24.891000000,2.685294,1,144.460198,5.000000,13
2052,350,143.069149,27063,24.904790811,24.910000000,5.209189,0,2120.889459,5.000000,13
2053,350,140.624359,27063,24.921417584,24.926500000,5.082416,0,2120.889459,5.000000,13
2054,350,137.568210,27063,24.934375108,24.937000000,2.624892,1,137.568210,5.000000,13
2055,350,152.231942,27063,24.947971742,24.950500000,2.528258,1,152.231942,5.000000,13
2056,350,151.885612,27063,24.962640681,24.965500000,2.859319,1,151.885612,5.000000,13
2057,350,148.397280,27063,24.975354909,24.983500000,8.145091,0,2120.889459,5.000000,13
2058,350,148.917121,27063,24.988221836,24.991000000,2.778164,1,148.917121,5.000000,13
2059,350,151.270170,27063,25.002815855,25.008500000,5.684145,0,2120.889459,5.000000,13
2060,350,139.174952,27063,25.015975421,25.018500000,2.524579,1,139.174952,5.000000,13
2062,350,147.892223,27063,25.029010924,25.034500000,5.489076,0,2120.889459,5.000000,13
2064,350,163.539226,27063,25.044236668,25.046500000,2.263332,1,163.539226,5.000000,13
2065,350,175.248427,27063,25.059664460,25.062000000,2.335540,1,175.248427,5.000000,13
2066,350,188.003956,27063,25.073158481,25.075500000,2.341519,1,188.003956,5.000000,13
2067,350,186.293445,27063,25.086434876,25.088500000,2.065124,1,186.293445,5.000000,13
2068,350,206.014687,27063,25.101586790,25.107000000,5.413210,0,2120.889459,5.000000,13
2069,350,204.607305,27063,25.114640015,25.117000000,2.359985,1,204.607305,5.000000,13
2070,350,221.410917,27063,25.129274686,25.131500000,2.225314,1,221.410917,5.000000,13
2071,350,214.294092,27063,25.142063752,25.144500000,2.436248,1,214.294092,5.000000,13
2072,350,209.979874,27063,25.155665161,25.158000000,2.334839,1,209.979874,5.000000,13
2073,350,202.266721,27063,25.170005997,25.172500000,2.494003,1,202.266721,5.000000,13
2074,350,205.021530,27063,25.182718181,25.185500000,2.781819,1,205.021530,5.000000,13
2075,350,200.462915,27063,25.196899744,25.199000000,2.100256,1,200.462915,5.000000,13
2076,350,199.970306,27063,25.209880684,25.216000000,6.119316,0,2120.889459,5.000000,13
2077,350,194.855693,27063,25.223519240,25.227500000,3.980760,1,194.855693,5.000000,13
2078,350,209.794339,27063,25.237065451,25.241000000,3.934549,1,209.794339,5.000000,13
2079,350,189.624558,27063,25.252269115,25.257500000,5.230885,0,2120.889459,5.000000,13
2081,350,186.675420,27063,25.266983459,25.269500000,2.516541,1,186.675420,5.000000,13
2082,350,217.776910,27063,25.282591359,25.285000000,2.408641,1,217.776910,5.000000,13
2083,350,214.550289,27063,25.296379421,25.304500000,8.120579,0,2120.889459,5.000000,13
2084,350,212.170924,27063,25.313713957,25.316000000,2.286043,1,212.170924,5.000000,14
2085,350,224.208581,27063,25.328138016,25.330500000,2.361984,1,224.208581,5.000000,14
2086,350,225.311852,27063,25.341113568,25.343500000,2.386432,1,225.311852,5.000000,14
2087,350,206.383756,27063,25.354507582,25.357500000,2.992418,1,206.383756,5.000000,14
2089,350,213.412975,27063,25.368512149,25.371000000,2.487851,1,213.412975,5.000000,14
2090,350,229.541849,27063,25.382379248,25.384500000,2.120752,1,229.541849,5.000000,14
2091,350,227.431674,27063,25.396719795,25.399000000,2.280205,1,227.431674,5.000000,14
2092,350,232.933996,27063,25.410761358,25.419000000,8.238642,0,2120.889459,5.000000,14
2093,350,232.972247,27063,25.424571221,25.427000000,2.428779,1,232.972247,5.000000,14
2094,350,231.147938,27063,25.438661924,25.441000000,2.338076,1,231.147938,5.000000,14
2095,350,241.273624,27063,25.453631079,25.456000000,2.368921,1,241.273624,5.000000,14
2096,350,247.510061,27063,25.466863470,25.472000000,5.136530,0,2120.889459,5.000000,14
2097,350,233.929153,27063,25.484382267,25.486500000,2.117733,1,233.929153,5.000000,14
2099,350,204.778846,27063,25.500017072,25.505500000,5.482928,0,2120.889459,5.000000,14
2100,350,199.195660,27063,25.512718982,25.515000000,2.281018,1,199.195660,5.000000,14
2101,350,201.840053,27063,25.526218638,25.528500000,2.281362,1,201.840053,5.000000,14
2102,350,194.562374,27063,25.539901918,25.542000000,2.098082,1,194.562374,5.000000,14
2103,350,179.619278,27063,25.552775592,25.555000000,2.224408,1,179.619278,5.000000,14
2104,350,171.182776,27063,25.567531352,25.570000000,2.468648,1,171.182776,5.000000,14
2105,350,164.352745,27063,25.583551447,25.586000000,2.448553,1,164.352745,5.000000,14
2106,350,155.993786,27063,25.597456087,25.599500000,2.043913,1,155.993786,5.000000,14
2108,350,134.741573,27063,25.612850207,25.618000000,5.149793,0,2120.889459,5.000000,14
2109,350,139.482882,27063,25.627451451,25.629500000,2.048549,1,139.482882,5.000000,14
2110,350,136.694682,27063,25.644015044,25.646500000,2.484956,1,136.694682,5.000000,14
2111,350,135.058758,27063,25.657184971,25.659500000,2.315029,1,135.058758,5.000000,14
2112,350,136.726479,27063,25.670892437,25.673000000,2.107563,1,136.726479,5.000000,14
2113,350,125.200763,27063,25.685805003,25.688000000,2.194997,1,125.200763,5.000000,14
2114,350,118.598700,27063,25.698690586,25.701000000,2.309414,1,118.598700,5.000000,14
2116,350,111.370588,27063,25.712705711,25.718000000,5.294289,0,2120.889459,5.000000,14
2117,350,108.751996,27063,25.725432149,25.727500000,2.067851,1,108.751996,5.000000,14
2118,350,106.016958,27063,25.743053430,25.745500000,2.446570,1,106.016958,5.000000,14
2119,350,107.155597,27063,25.757778155,25.760000000,2.221845,1,107.155597,5.000000,14
2120,350,98.818353,27063,25.771953410,25.774000000,2.046590,1,98.818353,5.000000,14
2121,350,91.261186,27063,25.786207347,25.788500000,2.292653,1,91.261186,5.000000,14
2122,350,79.472501,27063,25.799007696,25.804500000,5.492304,0,2120.889459,5.000000,14
2123,350,68.924603,27063,25.814164799,25.816500000,2.335201,1,68.924603,5.000000,14
2125,350,55.253455,27063,25.827941890,25.830000000,2.058110,1,55.253455,5.000000,14
2128,350,68.309745,27063,25.841821269,25.844000000,2.178731,1,68.309745,5.000000,14
2129,350,79.882475,27063,25.855348472,25.857500000,2.151528,1,79.882475,5.000000,14
2130,350,87.043352,27063,25.868585755,25.871000000,2.414245,1,87.043352,5.000000,14
2131,350,89.746698,27063,25.883749555,25.886000000,2.250445,1,89.746698,5.000000,14
2132,350,89.590426,27063,25.899468394,25.905000000,5.531606,0,2120.889459,5.000000,14
2134,350,93.530026,27063,25.914154264,25.916500000,2.345736,1,93.530026,5.000000,14
2135,350,98.173188,27063,25.927115875,25.929500000,2.384125,1,98.173188,5.000000,14
2136,350,95.976478,27063,25.942114595,25.944500000,2.385405,1,95.976478,5.000000,14
2137,350,95.526032,27063,25.956814633,25.959000000,2.185367,1,95.526032,5.000000,14
2138,350,97.677484,27063,25.969890467,25.972000000,2.109533,1,97.677484,5.000000,14
2139,350,96.820535,27063,25.985096563,25.987500000,2.403437,1,96.820535,5.000000,14
2140,350,98.439669,27063,25.999222169,26.004500000,5.277831,0,2120.889459,5.000000,14
2141,350,94.455178,27063,26.012421957,26.014500000,2.078043,1,94.455178,5.000000,14
2143,350,96.219411,27063,26.026142355,26.028500000,2.357645,1,96.219411,5.000000,14
2144,350,102.343485,27063,26.041914506,26.044000000,2.085494,1,102.343485,5.000000,14
2145,350,100.754170,27063,26.055574257,26.058000000,2.425743,1,100.754170,5.000000,14
2146,350,106.592213,27063,26.069036042,26.071500000,2.463958,1,106.592213,5.000000,14
2147,350,111.831908,27063,26.082369767,26.084500000,2.130233,1,111.831908,5.000000,14
2148,350,109.501174,27063,26.096431218,26.098500000,2.068782,1,109.501174,5.000000,14
2149,350,108.702191,27063,26.109571849,26.118000000,8.428151,0,2120.889459,5.000000,14
2150,350,112.113482,27063,26.123532188,26.129000000,5.467812,0,2120.889459,5.000000,14
2151,350,110.200402,27063,26.137176369,26.142500000,5.323631,0,2120.889459,5.000000,14
2152,350,110.103146,27063,26.150099505,26.152500000,2.400495,1,110.103146,5.000000,14
2153,350,115.013577,27063,26.163388634,26.166000000,2.611366,1,115.013577,5.000000,14
2154,350,109.437550,27063,26.176349582,26.178500000,2.150418,1,109.437550,5.000000,14
2155,350,111.798171,27063,26.190808798,26.194000000,3.191202,1,111.798171,5.000000,14
2156,350,112.070340,27063,26.203802394,26.212500000,8.697606,0,2120.889459,5.000000,14
2157,350,109.259116,27063,26.216573265,26.219000000,2.426735,1,109.259116,5.000000,14
2158,350,108.499945,27063,26.230125138,26.232500000,2.374862,1,108.499945,5.000000,14
2159,350,107.170529,27063,26.244540599,26.247000000,2.459401,1,107.170529,5.000000,14
2160,350,103.436478,27063,26.258685072,26.261000000,2.314928,1,103.436478,5.000000,14
2161,350,103.552579,27063,26.271466089,26.273500000,2.033911,1,103.552579,5.000000,14
2162,350,101.436482,27063,26.285511850,26.288000000,2.488150,1,101.436482,5.000000,14
2163,350,97.665354,27063,26.299118414,26.304500000,5.381586,0,2120.889459,5.000000,14
2164,350,99.953263,27063,26.315154759,26.318000000,2.845241,1,99.953263,5.000000,14
2165,350,96.781340,27063,26.331393237,26.333500000,2.106763,1,96.781340,5.000000,14
2167,350,89.863709,27063,26.347356556,26.349500000,2.143444,1,89.863709,5.000000,14
2168,350,95.642407,27063,26.360588236,26.363000000,2.411764,1,95.642407,5.000000,14
2169,350,91.105317,27063,26.377080981,26.379500000,2.419019,1,91.105317,5.000000,14
2170,350,88.819019,27063,26.391468169,26.394000000,2.531831,1,88.819019,5.000000,14
2171,350,87.322036,27063,26.405786171,26.411500000,5.713829,0,2120.889459,5.000000,14
2172,350,87.626437,27063,26.418473258,26.421000000,2.526742,1,87.626437,5.000000,14
2173,350,86.482845,27063,26.431834426,26.434000000,2.165574,1,86.482845,5.000000,14
2174,350,75.107378,27063,26.444966807,26.447000000,2.033193,1,75.107378,5.000000,14
2175,350,69.937413,27063,26.461567442,26.464000000,2.432558,1,69.937413,5.000000,14
2176,350,67.542623,27063,26.474735164,26.477500000,2.764836,1,67.542623,5.000000,14
2177,350,54.958630,27063,26.489588848,26.492500000,2.911152,1,54.958630,5.000000,14
2179,350,55.676911,27063,26.502750462,26.511000000,8.249538,0,2120.889459,5.000000,14
2180,350,57.441639,27063,26.517057932,26.519500000,2.442068,1,57.441639,5.000000,14
2182,350,50.440919,27063,26.532239835,26.537500000,5.260165,0,2120.889459,5.000000,14
2183,350,52.496738,27063,26.546129389,26.548500000,2.370611,1,52.496738,5.000000,14
2184,350,50.189794,27063,26.560779657,26.563000000,2.220343,1,50.189794,5.000000,14
2185,350,49.519777,27063,26.573583999,26.576500000,2.916001,1,49.519777,5.000000,14
2186,350,49.535786,27063,26.586724458,26.589000000,2.275542,1,49.535786,5.000000,14
2187,350,47.344375,27063,26.600304931,26.605500000,5.195069,0,2120.889459,5.000000,14
2188,350,48.495104,27063,26.614563909,26.617000000,2.436091,1,48.495104,5.000000,14
2190,350,47.795830,27063,26.627763475,26.630000000,2.236525,1,47.795830,5.000000,14
2192,350,52.772417,27063,26.641423694,26.643500000,2.076306,1,52.772417,5.000000,14
2193,350,54.965082,27063,26.655168686,26.657500000,2.331314,1,54.965082,5.000000,14
2194,350,59.441152,27063,26.668679810,26.671500000,2.820190,1,59.441152,5.000000,14
2195,350,69.360242,27063,26.683061942,26.685500000,2.438058,1,69.360242,5.000000,14
2196,350,74.233151,27063,26.697817624,26.700000000,2.182376,1,74.233151,5.000000,14
2197,350,79.641390,27063,26.710672535,26.716500000,5.827465,0,2120.889459,5.000000,14
2198,350,87.725099,27063,26.729779577,26.732000000,2.220423,1,87.725099,5.000000,14
2199,350,96.785270,27063,26.746264248,26.751500000,5.235752,0,2120.889459,5.000000,14
2200,350,108.338196,27063,26.759848657,26.762000000,2.151343,1,108.338196,5.000000,14
2201,350,110.405760,27063,26.772863412,26.775000000,2.136588,1,110.405760,5.000000,14
2202,350,97.833150,27063,26.789182934,26.794500000,5.317066,0,2120.889459,5.000000,14
2203,350,90.503703,27063,26.801939796,26.807000000,5.060204,0,2120.889459,5.000000,14
2204,350,92.613986,27063,26.816265222,26.818500000,2.234778,1,92.613986,5.000000,14
2205,350,94.559356,27063,26.831058390,26.833500000,2.441610,1,94.559356,5.000000,14
2206,350,86.293707,27063,26.846424354,26.848500000,2.075646,1,86.293707,5.000000,14
2207,350,75.066470,27063,26.861037126,26.863500000,2.462874,1,75.066470,5.000000,14
2209,350,69.808290,27063,26.874271927,26.876500000,2.228073,1,69.808290,5.000000,14
2211,350,74.832015,27063,26.887046115,26.892500000,5.453885,0,2120.889459,5.000000,14
2212,350,73.015100,27063,26.901322547,26.906500000,5.177453,0,2120.889459,5.000000,14
2213,350,70.952675,27063,26.914144679,26.916500000,2.355321,1,70.952675,5.000000,14
2214,350,72.100627,27063,26.927581472,26.930000000,2.418528,1,72.100627,5.000000,14
2216,350,63.921960,27063,26.942000915,26.948500000,6.499085,0,2120.889459,5.000000,14
2217,350,61.446305,27063,26.957604685,26.960000000,2.395315,1,61.446305,5.000000,14
2218,350,62.087888,27063,26.970701086,26.974000000,3.298914,1,62.087888,5.000000,14
2219,350,57.742093,27063,26.986414037,26.988500000,2.085963,1,57.742093,5.000000,14
2220,350,51.054921,27063,27.001130141,27.006500000,5.369859,0,2120.889459,5.000000,14
2222,350,43.870423,27063,27.015591998,27.018000000,2.408002,1,43.870423,5.000000,14
2224,350,41.651444,27063,27.029478207,27.032000000,2.521793,1,41.651444,5.000000,14
2226,350,43.419719,27063,27.043059230,27.045500000,2.440770,1,43.419719,5.000000,14
2228,350,54.155021,27063,27.056700488,27.059000000,2.299512,1,54.155021,5.000000,14
2229,350,62.504380,27063,27.070788073,27.073000000,2.211927,1,62.504380,5.000000,14
2230,350,66.533643,27063,27.084454890,27.086500000,2.045110,1,66.533643,5.000000,14
2231,350,70.084244,27063,27.100577898,27.106000000,5.422102,0,2120.889459,5.000000,14
2232,350,70.825288,27063,27.113933604,27.116000000,2.066396,1,70.825288,5.000000,14
2234,350,85.987641,27063,27.126772918,27.129000000,2.227082,1,85.987641,5.000000,14
2235,350,87.382469,27063,27.139596123,27.142000000,2.403877,1,87.382469,5.000000,14
2236,350,93.675935,27063,27.153525025,27.156000000,2.474975,1,93.675935,5.000000,14
2237,350,106.856810,27063,27.167020212,27.169500000,2.479788,1,106.856810,5.000000,14
2238,350,104.220410,27063,27.179797282,27.182000000,2.202718,1,104.220410,5.000000,14
2239,350,108.274603,27063,27.192529802,27.195500000,2.970198,1,108.274603,5.000000,14
2240,350,109.965861,27063,27.206279123,27.211500000,5.220877,0,2120.889459,5.000000,14
2241,350,104.401946,27063,27.219777191,27.222000000,2.222809,1,104.401946,5.000000,14
2242,350,101.954550,27063,27.235417477,27.237500000,2.082523,1,101.954550,5.000000,14
2243,350,92.951795,27063,27.252073513,27.254500000,2.426487,1,92.951795,5.000000,14
2244,350,73.732136,27063,27.267332883,27.269500000,2.167117,1,73.732136,5.000000,14
2247,350,62.230452,27063,27.281735154,27.284500000,2.764846,1,62.230452,5.000000,14
2248,350,74.664999,27063,27.295495745,27.298500000,3.004255,1,74.664999,5.000000,14
2249,350,81.940489,27063,27.309926928,27.315000000,5.073072,0,2120.889459,5.000000,14
2250,350,81.513098,27063,27.323759863,27.326500000,2.740137,1,81.513098,5.000000,14
2252,350,93.054556,27063,27.338851318,27.341000000,2.148682,1,93.054556,5.000000,14
2253,350,98.946162,27063,27.352718432,27.355500000,2.781568,1,98.946162,5.000000,14
2254,350,109.013924,27063,27.366000989,27.368500000,2.499011,1,109.013924,5.000000,14
2255,350,122.476386,27063,27.378688235,27.381000000,2.311765,1,122.476386,5.000000,14
2256,350,123.926246,27063,27.391636544,27.394000000,2.363456,1,123.926246,5.000000,14
2257,350,126.183636,27063,27.405760641,27.414000000,8.239359,0,2120.889459,5.000000,14
2258,350,125.602739,27063,27.419520347,27.423000000,3.479653,1,125.602739,5.000000,14
2259,350,121.689506,27063,27.433988282,27.436500000,2.511718,1,121.689506,5.000000,14
2261,350,132.689697,27063,27.449170578,27.451500000,2.329422,1,132.689697,5.000000,14
2262,350,139.833486,27063,27.463010736,27.465500000,2.489264,1,139.833486,5.000000,14
2263,350,145.799951,27063,27.478069019,27.484000000,5.930981,0,2120.889459,5.000000,14
2264,350,151.934402,27063,27.492352680,27.495000000,2.647320,1,151.934402,5.000000,14
2265,350,150.332168,27063,27.506545460,27.512000000,5.454540,0,2120.889459,5.000000,14
2266,350,146.558594,27063,27.520316030,27.524000000,3.683970,1,146.558594,5.000000,14
2267,350,146.183315,27063,27.534863806,27.537000000,2.136194,1,146.183315,5.000000,14
2268,350,139.031579,27063,27.547717709,27.550000000,2.282291,1,139.031579,5.000000,14
2269,350,127.581860,27063,27.564450802,27.566500000,2.049198,1,127.581860,5.000000,14
2270,350,115.889686,27063,27.579877429,27.582000000,2.122571,1,115.889686,5.000000,14
2271,350,84.639730,27063,27.592576458,27.595000000,2.423542,1,84.639730,5.000000,14
2274,350,53.100311,27063,27.605570589,27.611000000,5.429411,0,2120.889459,5.000000,14
2276,350,76.307909,27063,27.620415267,27.622500000,2.084733,1,76.307909,5.000000,14
2277,350,95.587153,27063,27.635647954,27.638000000,2.352046,1,95.587153,5.000000,14
2278,350,102.262764,27063,27.650318643,27.652500000,2.181357,1,102.262764,5.000000,14
2279,350,98.347751,27063,27.663693804,27.666000000,2.306196,1,98.347751,5.000000,14
2281,350,110.449030,27063,27.678309885,27.680500000,2.190115,1,110.449030,5.000000,14
2282,350,114.120316,27063,27.693015969,27.695500000,2.484031,1,114.120316,5.000000,14
2284,350,108.399774,27063,27.706900494,27.712000000,5.099506,0,2120.889459,5.000000,14
2285,350,115.256968,27063,27.723250177,27.725500000,2.249823,1,115.256968,5.000000,14
2286,350,95.581781,27063,27.736514721,27.739000000,2.485279,1,95.581781,5.000000,14
2289,350,78.386209,27063,27.753202283,27.758500000,5.297717,0,2120.889459,5.000000,14
2290,350,92.123152,27063,27.768332172,27.770500000,2.167828,1,92.123152,5.000000,14
2292,350,128.754007,27063,27.781377532,27.783500000,2.122468,1,128.754007,5.000000,14
2293,350,154.525150,27063,27.794316864,27.796500000,2.183136,1,154.525150,5.000000,14
2294,350,183.132538,27063,27.808940748,27.814000000,5.059252,0,2120.889459,5.000000,14
2295,350,196.265395,27063,27.822637715,27.825000000,2.362285,1,196.265395,5.000000,14
2296,350,201.456699,27063,27.836351615,27.845000000,8.648385,0,2120.889459,5.000000,14
2297,350,209.566604,27063,27.850571285,27.853000000,2.428715,1,209.566604,5.000000,14
2298,350,213.306671,27063,27.865870552,27.871000000,5.129448,0,2120.889459,5.000000,14
2299,350,215.814610,27063,27.878885249,27.881000000,2.114751,1,215.814610,5.000000,14
2300,350,217.890997,27063,27.891970919,27.894500000,2.529081,1,217.890997,5.000000,14
2301,350,207.645360,27063,27.904686449,27.914500000,9.813551,0,2120.889459,5.000000,14
2302,350,193.839079,27063,27.917420466,27.919500000,2.079534,1,193.839079,5.000000,14
2303,350,184.175588,27063,27.930855029,27.933000000,2.144971,1,184.175588,5.000000,14
2304,350,172.176452,27063,27.944877745,27.947500000,2.622255,1,172.176452,5.000000,14
2305,350,148.581465,27063,27.958372559,27.960500000,2.127441,1,148.581465,5.000000,14
2307,350,123.033293,27063,27.972725899,27.975500000,2.774101,1,123.033293,5.000000,14
2308,350,127.549675,27063,27.988530169,27.991000000,2.469831,1,127.549675,5.000000,14
2310,350,125.998492,27063,28.015961560,28.120000000,104.038440,0,2120.889459,5.000000,13
2311,350,114.667577,27063,28.031224639,28.120000000,88.775361,0,2120.889459,5.000000,13
2313,350,97.337279,27063,28.046124268,28.120000000,73.875732,0,2120.889459,5.000000,13
2314,350,92.215283,27063,28.061539325,28.120000000,58.460675,0,2120.889459,5.000000,13
2315,350,77.727640,27063,28.074991306,28.120000000,45.008694,0,2120.889459,5.000000,13
2320,350,68.984981,27063,28.087971947,28.120000000,32.028053,0,2120.889459,5.000000,13
2322,350,121.993596,27063,28.101402697,28.120000000,18.597303,0,2120.889459,5.000000,13
2323,350,153.406908,27063,28.117289769,28.120000000,2.710231,1,153.406908,5.000000,13
2324,350,163.968714,27063,28.130175265,28.133500000,3.324735,1,163.968714,5.000000,13
2325,350,173.560177,27063,28.145011776,28.148000000,2.988224,1,173.560177,5.000000,13
2326,350,181.975374,27063,28.157938406,28.163000000,5.061594,0,2120.889459,5.000000,13
2327,350,184.241514,27063,28.173493595,28.182000000,8.506405,0,2120.889459,5.000000,13
2328,350,188.791472,27063,28.186361560,28.189000000,2.638440,1,188.791472,5.000000,13
2329,350,189.763364,27063,28.199297156,28.208500000,9.202844,0,2120.889459,5.000000,13
2330,350,181.467387,27063,28.214712981,28.218000000,3.287019,1,181.467387,5.000000,13
2331,350,169.382849,27063,28.227460959,28.232500000,5.039041,0,2120.889459,5.000000,13
2332,350,154.833539,27063,28.240764537,28.243500000,2.735463,1,154.833539,5.000000,13
2333,350,141.183235,27063,28.254706741,28.257500000,2.793259,1,141.183235,5.000000,13
2334,350,123.647305,27063,28.268515493,28.274000000,5.484507,0,2120.889459,5.000000,13
2335,350,102.025365,27063,28.284197191,28.290000000,5.802809,0,2120.889459,5.000000,13
2336,350,75.948065,27063,28.296920255,28.300500000,3.579745,1,75.948065,5.000000,13
2339,350,72.115408,27063,28.312397848,28.317500000,5.102152,0,2120.889459,5.000000,14
2340,350,99.661622,27063,28.326232547,28.329500000,3.267453,1,99.661622,5.000000,14
2341,350,118.404644,27063,28.339705599,28.342000000,2.294401,1,118.404644,5.000000,14
2342,350,133.560559,27063,28.353380620,28.355500000,2.119380,1,133.560559,5.000000,14
2343,350,145.866698,27063,28.369212987,28.374500000,5.287013,0,2120.889459,5.000000,14
2344,350,155.691898,27063,28.382246818,28.384500000,2.253182,1,155.691898,5.000000,14
2345,350,155.920785,27063,28.395015696,28.397500000,2.484304,1,155.920785,5.000000,14
2346,350,153.924875,27063,28.408332167,28.413500000,5.167833,0,2120.889459,5.000000,14
17,0,0,0,0,0,-1,0,2120.889459,5.000000,0
19,0,0,0,0,0,-1,0,2120.889459,5.000000,0
23,0,0,0,0,0,-1,0,2120.889459,5.000000,0
26,0,0,0,0,0,-1,0,2120.889459,5.000000,0
31,0,0,0,0,0,-1,0,2120.889459,5.000000,0
33,0,0,0,0,0,-1,0,2120.889459,5.000000,0
37,0,0,0,0,0,-1,0,2120.889459,5.000000,0
41,0,0,0,0,0,-1,0,2120.889459,5.000000,0
48,0,0,0,0,0,-1,0,2120.889459,5.000000,0
50,0,0,0,0,0,-1,0,2120.889459,5.000000,0
56,0,0,0,0,0,-1,0,2120.889459,5.000000,0
61,0,0,0,0,0,-1,0,2120.889459,5.000000,0
65,0,0,0,0,0,-1,0,2120.889459,5.000000,0
69,0,0,0,0,0,-1,0,2120.889459,5.000000,0
73,0,0,0,0,0,-1,0,2120.889459,5.000000,0
79,0,0,0,0,0,-1,0,2120.889459,5.000000,0
80,0,0,0,0,0,-1,0,2120.889459,5.000000,0
87,0,0,0,0,0,-1,0,2120.889459,5.000000,0
91,0,0,0,0,0,-1,0,2120.889459,5.000000,0
93,0,0,0,0,0,-1,0,2120.889459,5.000000,0
95,0,0,0,0,0,-1,0,2120.889459,5.000000,0
101,0,0,0,0,0,-1,0,2120.889459,5.000000,0
106,0,0,0,0,0,-1,0,2120.889459,5.000000,0
118,0,0,0,0,0,-1,0,2120.889459,5.000000,0
131,0,0,0,0,0,-1,0,2120.889459,5.000000,0
132,0,0,0,0,0,-1,0,2120.889459,5.000000,0
149,0,0,0,0,0,-1,0,2120.889459,5.000000,0
157,0,0,0,0,0,-1,0,2120.889459,5.000000,0
167,0,0,0,0,0,-1,0,2120.889459,5.000000,0
168,0,0,0,0,0,-1,0,2120.889459,5.000000,0
169,0,0,0,0,0,-1,0,2120.889459,5.000000,0
176,0,0,0,0,0,-1,0,2120.889459,5.000000,0
177,0,0,0,0,0,-1,0,2120.889459,5.000000,0
179,0,0,0,0,0,-1,0,2120.889459,5.000000,0
180,0,0,0,0,0,-1,0,2120.889459,5.000000,0
181,0,0,0,0,0,-1,0,2120.889459,5.000000,0
185,0,0,0,0,0,-1,0,2120.889459,5.000000,0
199,0,0,0,0,0,-1,0,2120.889459,5.000000,0
217,0,0,0,0,0,-1,0,2120.889459,5.000000,0
222,0,0,0,0,0,-1,0,2120.889459,5.000000,0
230,0,0,0,0,0,-1,0,2120.889459,5.000000,0
233,0,0,0,0,0,-1,0,2120.889459,5.000000,0
239,0,0,0,0,0,-1,0,2120.889459,5.000000,0
245,0,0,0,0,0,-1,0,2120.889459,5.000000,0
251,0,0,0,0,0,-1,0,2120.889459,5.000000,0
257,0,0,0,0,0,-1,0,2120.889459,5.000000,0
263,0,0,0,0,0,-1,0,2120.889459,5.000000,0
308,0,0,0,0,0,-1,0,2120.889459,5.000000,0
315,0,0,0,0,0,-1,0,2120.889459,5.000000,0
318,0,0,0,0,0,-1,0,2120.889459,5.000000,0
319,0,0,0,0,0,-1,0,2120.889459,5.000000,0
321,0,0,0,0,0,-1,0,2120.889459,5.000000,0
328,0,0,0,0,0,-1,0,2120.889459,5.000000,0
332,0,0,0,0,0,-1,0,2120.889459,5.000000,0
334,0,0,0,0,0,-1,0,2120.889459,5.000000,0
349,0,0,0,0,0,-1,0,2120.889459,5.000000,0
353,0,0,0,0,0,-1,0,2120.889459,5.000000,0
354,0,0,0,0,0,-1,0,2120.889459,5.000000,0
367,0,0,0,0,0,-1,0,2120.889459,5.000000,0
381,0,0,0,0,0,-1,0,2120.889459,5.000000,0
393,0,0,0,0,0,-1,0,2120.889459,5.000000,0
408,0,0,0,0,0,-1,0,2120.889459,5.000000,0
429,0,0,0,0,0,-1,0,2120.889459,5.000000,0
435,0,0,0,0,0,-1,0,2120.889459,5.000000,0
437,0,0,0,0,0,-1,0,2120.889459,5.000000,0
445,0,0,0,0,0,-1,0,2120.889459,5.000000,0
453,0,0,0,0,0,-1,0,2120.889459,5.000000,0
457,0,0,0,0,0,-1,0,2120.889459,5.000000,0
461,0,0,0,0,0,-1,0,2120.889459,5.000000,0
465,0,0,0,0,0,-1,0,2120.889459,5.000000,0
468,0,0,0,0,0,-1,0,2120.889459,5.000000,0
472,0,0,0,0,0,-1,0,2120.889459,5.000000,0
476,0,0,0,0,0,-1,0,2120.889459,5.000000,0
483,0,0,0,0,0,-1,0,2120.889459,5.000000,0
486,0,0,0,0,0,-1,0,2120.889459,5.000000,0
487,0,0,0,0,0,-1,0,2120.889459,5.000000,0
491,0,0,0,0,0,-1,0,2120.889459,5.000000,0
496,0,0,0,0,0,-1,0,2120.889459,5.000000,0
500,0,0,0,0,0,-1,0,2120.889459,5.000000,0
503,0,0,0,0,0,-1,0,2120.889459,5.000000,0
509,0,0,0,0,0,-1,0,2120.889459,5.000000,0
511,0,0,0,0,0,-1,0,2120.889459,5.000000,0
518,0,0,0,0,0,-1,0,2120.889459,5.000000,0
530,0,0,0,0,0,-1,0,2120.889459,5.000000,0
533,0,0,0,0,0,-1,0,2120.889459,5.000000,0
534,0,0,0,0,0,-1,0,2120.889459,5.000000,0
538,0,0,0,0,0,-1,0,2120.889459,5.000000,0
540,0,0,0,0,0,-1,0,2120.889459,5.000000,0
543,0,0,0,0,0,-1,0,2120.889459,5.000000,0
544,0,0,0,0,0,-1,0,2120.889459,5.000000,0
554,0,0,0,0,0,-1,0,2120.889459,5.000000,0
576,0,0,0,0,0,-1,0,2120.889459,5.000000,0
585,0,0,0,0,0,-1,0,2120.889459,5.000000,0
586,0,0,0,0,0,-1,0,2120.889459,5.000000,0
601,0,0,0,0,0,-1,0,2120.889459,5.000000,0
618,0,0,0,0,0,-1,0,2120.889459,5.000000,0
625,0,0,0,0,0,-1,0,2120.889459,5.000000,0
641,0,0,0,0,0,-1,0,2120.889459,5.000000,0
642,0,0,0,0,0,-1,0,2120.889459,5.000000,0
647,0,0,0,0,0,-1,0,2120.889459,5.000000,0
665,0,0,0,0,0,-1,0,2120.889459,5.000000,0
676,0,0,0,0,0,-1,0,2120.889459,5.000000,0
682,0,0,0,0,0,-1,0,2120.889459,5.000000,0
683,0,0,0,0,0,-1,0,2120.889459,5.000000,0
694,0,0,0,0,0,-1,0,2120.889459,5.000000,0
696,0,0,0,0,0,-1,0,2120.889459,5.000000,0
706,0,0,0,0,0,-1,0,2120.889459,5.000000,0
710,0,0,0,0,0,-1,0,2120.889459,5.000000,0
711,0,0,0,0,0,-1,0,2120.889459,5.000000,0
712,0,0,0,0,0,-1,0,2120.889459,5.000000,0
730,0,0,0,0,0,-1,0,2120.889459,5.000000,0
733,0,0,0,0,0,-1,0,2120.889459,5.000000,0
736,0,0,0,0,0,-1,0,2120.889459,5.000000,0
737,0,0,0,0,0,-1,0,2120.889459,5.000000,0
742,0,0,0,0,0,-1,0,2120.889459,5.000000,0
743,0,0,0,0,0,-1,0,2120.889459,5.000000,0
748,0,0,0,0,0,-1,0,2120.889459,5.000000,0
751,0,0,0,0,0,-1,0,2120.889459,5.000000,0
763,0,0,0,0,0,-1,0,2120.889459,5.000000,0
773,0,0,0,0,0,-1,0,2120.889459,5.000000,0
786,0,0,0,0,0,-1,0,2120.889459,5.000000,0
789,0,0,0,0,0,-1,0,2120.889459,5.000000,0
794,0,0,0,0,0,-1,0,2120.889459,5.000000,0
800,0,0,0,0,0,-1,0,2120.889459,5.000000,0
805,0,0,0,0,0,-1,0,2120.889459,5.000000,0
811,0,0,0,0,0,-1,0,2120.889459,5.000000,0
828,0,0,0,0,0,-1,0,2120.889459,5.000000,0
835,0,0,0,0,0,-1,0,2120.889459,5.000000,0
852,0,0,0,0,0,-1,0,2120.889459,5.000000,0
856,0,0,0,0,0,-1,0,2120.889459,5.000000,0
858,0,0,0,0,0,-1,0,2120.889459,5.000000,0
866,0,0,0,0,0,-1,0,2120.889459,5.000000,0
879,0,0,0,0,0,-1,0,2120.889459,5.000000,0
908,0,0,0,0,0,-1,0,2120.889459,5.000000,0
927,0,0,0,0,0,-1,0,2120.889459,5.000000,0
932,0,0,0,0,0,-1,0,2120.889459,5.000000,0
940,0,0,0,0,0,-1,0,2120.889459,5.000000,0
957,0,0,0,0,0,-1,0,2120.889459,5.000000,0
965,0,0,0,0,0,-1,0,2120.889459,5.000000,0
970,0,0,0,0,0,-1,0,2120.889459,5.000000,0
982,0,0,0,0,0,-1,0,2120.889459,5.000000,0
994,0,0,0,0,0,-1,0,2120.889459,5.000000,0
996,0,0,0,0,0,-1,0,2120.889459,5.000000,0
997,0,0,0,0,0,-1,0,2120.889459,5.000000,0
1002,0,0,0,0,0,-1,0,2120.889459,5.000000,0
1005,0,0,0,0,0,-1,0,2120.889459,5.000000,0
1009,0,0,0,0,0,-1,0,2120.889459,5.000000,0
1010,0,0,0,0,0,-1,0,2120.889459,5.000000,0
1017,0,0,0,0,0,-1,0,2120.889459,5.000000,0
1018,0,0,0,0,0,-1,0,2120.889459,5.000000,0
1022,0,0,0,0,0,-1,0,2120.889459,5.000000,0
1025,0,0,0,0,0,-1,0,2120.889459,5.000000,0
1027,0,0,0,0,0,-1,0,2120.889459,5.000000,0
1034,0,0,0,0,0,-1,0,2120.889459,5.000000,0
1042,0,0,0,0,0,-1,0,2120.889459,5.000000,0
1044,0,0,0,0,0,-1,0,2120.889459,5.000000,0
1046,0,0,0,0,0,-1,0,2120.889459,5.000000,0
1053,0,0,0,0,0,-1,0,2120.889459,5.000000,0
1055,0,0,0,0,0,-1,0,2120.889459,5.000000,0
1056,0,0,0,0,0,-1,0,2120.889459,5.000000,0
1057,0,0,0,0,0,-1,0,2120.889459,5.000000,0
1061,0,0,0,0,0,-1,0,2120.889459,5.000000,0
1074,0,0,0,0,0,-1,0,2120.889459,5.000000,0
1075,0,0,0,0,0,-1,0,2120.889459,5.000000,0
1078,0,0,0,0,0,-1,0,2120.889459,5.000000,0
1084,0,0,0,0,0,-1,0,2120.889459,5.000000,0
1087,0,0,0,0,0,-1,0,2120.889459,5.000000,0
1103,0,0,0,0,0,-1,0,2120.889459,5.000000,0
1123,0,0,0,0,0,-1,0,2120.889459,5.000000,0
1127,0,0,0,0,0,-1,0,2120.889459,5.000000,0
1142,0,0,0,0,0,-1,0,2120.889459,5.000000,0
1144,0,0,0,0,0,-1,0,2120.889459,5.000000,0
1163,0,0,0,0,0,-1,0,2120.889459,5.000000,0
1168,0,0,0,0,0,-1,0,2120.889459,5.000000,0
1172,0,0,0,0,0,-1,0,2120.889459,5.000000,0
1176,0,0,0,0,0,-1,0,2120.889459,5.000000,0
1180,0,0,0,0,0,-1,0,2120.889459,5.000000,0
1183,0,0,0,0,0,-1,0,2120.889459,5.000000,0
1193,0,0,0,0,0,-1,0,2120.889459,5.000000,0
1197,0,0,0,0,0,-1,0,2120.889459,5.000000,0
1199,0,0,0,0,0,-1,0,2120.889459,5.000000,0
1203,0,0,0,0,0,-1,0,2120.889459,5.000000,0
1242,0,0,0,0,0,-1,0,2120.889459,5.000000,0
1244,0,0,0,0,0,-1,0,2120.889459,5.000000,0
1261,0,0,0,0,0,-1,0,2120.889459,5.000000,0
1263,0,0,0,0,0,-1,0,2120.889459,5.000000,0
1277,0,0,0,0,0,-1,0,2120.889459,5.000000,0
1281,0,0,0,0,0,-1,0,2120.889459,5.000000,0
1287,0,0,0,0,0,-1,0,2120.889459,5.000000,0
1295,0,0,0,0,0,-1,0,2120.889459,5.000000,0
1297,0,0,0,0,0,-1,0,2120.889459,5.000000,0
1302,0,0,0,0,0,-1,0,2120.889459,5.000000,0
1313,0,0,0,0,0,-1,0,2120.889459,5.000000,0
1315,0,0,0,0,0,-1,0,2120.889459,5.000000,0
1320,0,0,0,0,0,-1,0,2120.889459,5.000000,0
1322,0,0,0,0,0,-1,0,2120.889459,5.000000,0
1323,0,0,0,0,0,-1,0,2120.889459,5.000000,0
1328,0,0,0,0,0,-1,0,2120.889459,5.000000,0
1330,0,0,0,0,0,-1,0,2120.889459,5.000000,0
1339,0,0,0,0,0,-1,0,2120.889459,5.000000,0
1345,0,0,0,0,0,-1,0,2120.889459,5.000000,0
1346,0,0,0,0,0,-1,0,2120.889459,5.000000,0
1373,0,0,0,0,0,-1,0,2120.889459,5.000000,0
1374,0,0,0,0,0,-1,0,2120.889459,5.000000,0
1383,0,0,0,0,0,-1,0,2120.889459,5.000000,0
1400,0,0,0,0,0,-1,0,2120.889459,5.000000,0
1402,0,0,0,0,0,-1,0,2120.889459,5.000000,0
1405,0,0,0,0,0,-1,0,2120.889459,5.000000,0
1407,0,0,0,0,0,-1,0,2120.889459,5.000000,0
1414,0,0,0,0,0,-1,0,2120.889459,5.000000,0
1417,0,0,0,0,0,-1,0,2120.889459,5.000000,0
1420,0,0,0,0,0,-1,0,2120.889459,5.000000,0
1421,0,0,0,0,0,-1,0,2120.889459,5.000000,0
1426,0,0,0,0,0,-1,0,2120.889459,5.000000,0
1427,0,0,0,0,0,-1,0,2120.889459,5.000000,0
1429,0,0,0,0,0,-1,0,2120.889459,5.000000,0
1430,0,0,0,0,0,-1,0,2120.889459,5.000000,0
1438,0,0,0,0,0,-1,0,2120.889459,5.000000,0
1452,0,0,0,0,0,-1,0,2120.889459,5.000000,0
1454,0,0,0,0,0,-1,0,2120.889459,5.000000,0
1465,0,0,0,0,0,-1,0,2120.889459,5.000000,0
1479,0,0,0,0,0,-1,0,2120.889459,5.000000,0
1480,0,0,0,0,0,-1,0,2120.889459,5.000000,0
1483,0,0,0,0,0,-1,0,2120.889459,5.000000,0
1487,0,0,0,0,0,-1,0,2120.889459,5.000000,0
1501,0,0,0,0,0,-1,0,2120.889459,5.000000,0
1502,0,0,0,0,0,-1,0,2120.889459,5.000000,0
1507,0,0,0,0,0,-1,0,2120.889459,5.000000,0
1509,0,0,0,0,0,-1,0,2120.889459,5.000000,0
1511,0,0,0,0,0,-1,0,2120.889459,5.000000,0
1513,0,0,0,0,0,-1,0,2120.889459,5.000000,0
1515,0,0,0,0,0,-1,0,2120.889459,5.000000,0
1535,0,0,0,0,0,-1,0,2120.889459,5.000000,0
1545,0,0,0,0,0,-1,0,2120.889459,5.000000,0
1557,0,0,0,0,0,-1,0,2120.889459,5.000000,0
1561,0,0,0,0,0,-1,0,2120.889459,5.000000,0
1562,0,0,0,0,0,-1,0,2120.889459,5.000000,0
1575,0,0,0,0,0,-1,0,2120.889459,5.000000,0
1593,0,0,0,0,0,-1,0,2120.889459,5.000000,0
1595,0,0,0,0,0,-1,0,2120.889459,5.000000,0
1606,0,0,0,0,0,-1,0,2120.889459,5.000000,0
1608,0,0,0,0,0,-1,0,2120.889459,5.000000,0
1616,0,0,0,0,0,-1,0,2120.889459,5.000000,0
1617,0,0,0,0,0,-1,0,2120.889459,5.000000,0
1626,0,0,0,0,0,-1,0,2120.889459,5.000000,0
1632,0,0,0,0,0,-1,0,2120.889459,5.000000,0
1643,0,0,0,0,0,-1,0,2120.889459,5.000000,0
1649,0,0,0,0,0,-1,0,2120.889459,5.000000,0
1650,0,0,0,0,0,-1,0,2120.889459,5.000000,0
1662,0,0,0,0,0,-1,0,2120.889459,5.000000,0
1665,0,0,0,0,0,-1,0,2120.889459,5.000000,0
1670,0,0,0,0,0,-1,0,2120.889459,5.000000,0
1671,0,0,0,0,0,-1,0,2120.889459,5.000000,0
1672,0,0,0,0,0,-1,0,2120.889459,5.000000,0
1677,0,0,0,0,0,-1,0,2120.889459,5.000000,0
1687,0,0,0,0,0,-1,0,2120.889459,5.000000,0
1691,0,0,0,0,0,-1,0,2120.889459,5.000000,0
1718,0,0,0,0,0,-1,0,2120.889459,5.000000,0
1720,0,0,0,0,0,-1,0,2120.889459,5.000000,0
1726,0,0,0,0,0,-1,0,2120.889459,5.000000,0
1728,0,0,0,0,0,-1,0,2120.889459,5.000000,0
1729,0,0,0,0,0,-1,0,2120.889459,5.000000,0
1730,0,0,0,0,0,-1,0,2120.889459,5.000000,0
1731,0,0,0,0,0,-1,0,2120.889459,5.000000,0
1737,0,0,0,0,0,-1,0,2120.889459,5.000000,0
1739,0,0,0,0,0,-1,0,2120.889459,5.000000,0
1740,0,0,0,0,0,-1,0,2120.889459,5.000000,0
1744,0,0,0,0,0,-1,0,2120.889459,5.000000,0
1746,0,0,0,0,0,-1,0,2120.889459,5.000000,0
1747,0,0,0,0,0,-1,0,2120.889459,5.000000,0
1758,0,0,0,0,0,-1,0,2120.889459,5.000000,0
1765,0,0,0,0,0,-1,0,2120.889459,5.000000,0
1775,0,0,0,0,0,-1,0,2120.889459,5.000000,0
1783,0,0,0,0,0,-1,0,2120.889459,5.000000,0
1793,0,0,0,0,0,-1,0,2120.889459,5.000000,0
1803,0,0,0,0,0,-1,0,2120.889459,5.000000,0
1820,0,0,0,0,0,-1,0,2120.889459,5.000000,0
1835,0,0,0,0,0,-1,0,2120.889459,5.000000,0
1844,0,0,0,0,0,-1,0,2120.889459,5.000000,0
1862,0,0,0,0,0,-1,0,2120.889459,5.000000,0
1870,0,0,0,0,0,-1,0,2120.889459,5.000000,0
1871,0,0,0,0,0,-1,0,2120.889459,5.000000,0
1877,0,0,0,0,0,-1,0,2120.889459,5.000000,0
1882,0,0,0,0,0,-1,0,2120.889459,5.000000,0
1883,0,0,0,0,0,-1,0,2120.889459,5.000000,0
1888,0,0,0,0,0,-1,0,2120.889459,5.000000,0
1894,0,0,0,0,0,-1,0,2120.889459,5.000000,0
1905,0,0,0,0,0,-1,0,2120.889459,5.000000,0
1916,0,0,0,0,0,-1,0,2120.889459,5.000000,0
1918,0,0,0,0,0,-1,0,2120.889459,5.000000,0
1922,0,0,0,0,0,-1,0,2120.889459,5.000000,0
1926,0,0,0,0,0,-1,0,2120.889459,5.000000,0
1945,0,0,0,0,0,-1,0,2120.889459,5.000000,0
1954,0,0,0,0,0,-1,0,2120.889459,5.000000,0
1965,0,0,0,0,0,-1,0,2120.889459,5.000000,0
1971,0,0,0,0,0,-1,0,2120.889459,5.000000,0
1979,0,0,0,0,0,-1,0,2120.889459,5.000000,0
1995,0,0,0,0,0,-1,0,2120.889459,5.000000,0
1998,0,0,0,0,0,-1,0,2120.889459,5.000000,0
