frameNumber,components,mse,sizeBytes,genTime,recvTime,delay_ms,receivedOnTime,effectiveError,deadline_ms,cqi
1,75,3.11491,14542,0.026690927,0.029000000,2.309073,1,3.114907,5.000000,15
2,75,3.114890,14542,0.039647159,0.042000000,2.352841,1,3.114890,5.000000,15
3,75,3.114908,14542,0.054220691,0.056500000,2.279309,1,3.114908,5.000000,15
4,75,3.114908,14542,0.067916560,0.070000000,2.083440,1,3.114908,5.000000,15
5,75,3.114908,14542,0.083634940,0.086000000,2.365060,1,3.114908,5.000000,15
6,75,3.114728,14542,0.098602789,0.101000000,2.397211,1,3.114728,5.000000,15
7,75,3.114728,14542,0.111270127,0.113500000,2.229873,1,3.114728,5.000000,15
8,75,3.114728,14542,0.125128368,0.127500000,2.371632,1,3.114728,5.000000,15
9,75,3.114728,14542,0.139143301,0.141500000,2.356699,1,3.114728,5.000000,15
10,75,3.114728,14542,0.152802565,0.155000000,2.197435,1,3.114728,5.000000,15
11,75,3.114728,14542,0.168339225,0.170500000,2.160775,1,3.114728,5.000000,15
12,75,3.114728,14542,0.183523908,0.186000000,2.476092,1,3.114728,5.000000,15
13,75,3.114728,14542,0.196472339,0.198500000,2.027661,1,3.114728,5.000000,15
15,75,3.114728,14542,0.210402493,0.212500000,2.097507,1,3.114728,5.000000,15
16,75,3.114728,14542,0.225695867,0.228000000,2.304133,1,3.114728,5.000000,15
18,75,3.114728,14542,0.239304362,0.241500000,2.195638,1,3.114728,5.000000,15
19,75,3.114728,14542,0.253369469,0.255500000,2.130531,1,3.114728,5.000000,15
20,75,3.114728,14542,0.268947877,0.271000000,2.052123,1,3.114728,5.000000,15
21,75,3.114728,14542,0.282876440,0.285000000,2.123560,1,3.114728,5.000000,15
22,75,3.114728,14542,0.295819337,0.298000000,2.180663,1,3.114728,5.000000,15
23,75,3.114728,14542,0.308710073,0.311000000,2.289927,1,3.114728,5.000000,15
24,75,2.325768,14542,0.323929274,0.326000000,2.070726,1,2.325768,5.000000,15
26,75,1.179734,14542,0.338903665,0.341000000,2.096335,1,1.179734,5.000000,15
27,75,0.729522,14542,0.354545783,0.357000000,2.454217,1,0.729522,5.000000,15
28,75,0.436981,14542,0.368964472,0.371000000,2.035528,1,0.436981,5.000000,15
29,75,0.271406,14542,0.383859096,0.386000000,2.140904,1,0.271406,5.000000,15
34,75,0.301631,14542,0.397335134,0.399500000,2.164866,1,0.301631,5.000000,15
35,75,0.359306,14542,0.411202379,0.413500000,2.297621,1,0.359306,5.000000,15
36,75,0.364229,14542,0.428043708,0.430500000,2.456292,1,0.364229,5.000000,15
37,75,0.364367,14542,0.444490713,0.447000000,2.509287,1,0.364367,5.000000,15
38,75,0.365613,14542,0.457453892,0.459500000,2.046108,1,0.365613,5.000000,15
39,75,0.366660,14542,0.471322465,0.473500000,2.177535,1,0.366660,5.000000,15
40,75,0.366903,14542,0.485176438,0.487500000,2.323562,1,0.366903,5.000000,15
41,75,0.364604,14542,0.501912083,0.504000000,2.087917,1,0.364604,5.000000,15
42,75,0.365797,14542,0.516801111,0.519000000,2.198889,1,0.365797,5.000000,15
43,75,0.364556,14542,0.530867162,0.533000000,2.132838,1,0.364556,5.000000,15
46,75,0.363486,14542,0.544636292,0.547000000,2.363708,1,0.363486,5.000000,15
47,75,0.362951,14542,0.558877283,0.561000000,2.122717,1,0.362951,5.000000,15
48,75,0.362927,14542,0.571821249,0.574000000,2.178751,1,0.362927,5.000000,15
49,75,0.362931,14542,0.585463793,0.587500000,2.036207,1,0.362931,5.000000,15
50,75,0.362785,14542,0.598219322,0.600500000,2.280678,1,0.362785,5.000000,15
53,75,0.363042,14542,0.611759934,0.614000000,2.240066,1,0.363042,5.000000,15
54,75,0.363042,14542,0.624677052,0.627000000,2.322948,1,0.363042,5.000000,15
55,75,0.363042,14542,0.637956377,0.640000000,2.043623,1,0.363042,5.000000,15
56,75,0.363042,14542,0.653656335,0.656000000,2.343665,1,0.363042,5.000000,15
57,75,0.363042,14542,0.667930783,0.670000000,2.069217,1,0.363042,5.000000,15
59,75,0.363042,14542,0.680981955,0.683500000,2.518045,1,0.363042,5.000000,15
60,75,0.363042,14542,0.695732965,0.698000000,2.267035,1,0.363042,5.000000,15
61,75,0.363042,14542,0.709259351,0.711500000,2.240649,1,0.363042,5.000000,15
62,75,0.363042,14542,0.724936749,0.727000000,2.063251,1,0.363042,5.000000,15
64,75,0.363042,14542,0.739206327,0.741500000,2.293673,1,0.363042,5.000000,15
65,75,0.363042,14542,0.752276889,0.754500000,2.223111,1,0.363042,5.000000,15
66,75,0.363042,14542,0.766487198,0.769000000,2.512802,1,0.363042,5.000000,15
68,75,0.363042,14542,0.782418245,0.784500000,2.081755,1,0.363042,5.000000,15
69,75,0.363042,14542,0.796058286,0.798500000,2.441714,1,0.363042,5.000000,15
71,75,0.363042,14542,0.809795089,0.812000000,2.204911,1,0.363042,5.000000,15
72,75,0.363042,14542,0.825207138,0.827500000,2.292862,1,0.363042,5.000000,15
73,75,0.363042,14542,0.839603766,0.842000000,2.396234,1,0.363042,5.000000,15
74,75,0.363042,14542,0.852937459,0.855000000,2.062541,1,0.363042,5.000000,15
75,75,0.363042,14542,0.866973648,0.869000000,2.026352,1,0.363042,5.000000,15
77,75,0.363042,14542,0.880896487,0.883000000,2.103513,1,0.363042,5.000000,15
78,75,0.363042,14542,0.894133932,0.896500000,2.366068,1,0.363042,5.000000,15
79,75,0.363042,14542,0.908284073,0.910500000,2.215927,1,0.363042,5.000000,15
81,75,0.363042,14542,0.923112050,0.925500000,2.387950,1,0.363042,5.000000,15
82,75,0.363042,14542,0.937154817,0.939500000,2.345183,1,0.363042,5.000000,15
83,75,0.363042,14542,0.953335210,0.955500000,2.164790,1,0.363042,5.000000,15
84,75,0.363042,14542,0.968565712,0.971000000,2.434288,1,0.363042,5.000000,15
85,75,0.363042,14542,0.984779841,0.987000000,2.220159,1,0.363042,5.000000,15
86,75,0.363042,14542,0.999619823,1.002000000,2.380177,1,0.363042,5.000000,15
87,75,0.363042,14542,1.014106998,1.016500000,2.393002,1,0.363042,5.000000,15
89,75,0.363042,14542,1.030278807,1.032500000,2.221193,1,0.363042,5.000000,15
90,75,0.363042,14542,1.043712038,1.046000000,2.287962,1,0.363042,5.000000,15
91,75,0.363042,14542,1.058972349,1.061000000,2.027651,1,0.363042,5.000000,15
92,75,0.363042,14542,1.072467739,1.074500000,2.032261,1,0.363042,5.000000,15
94,75,0.363042,14542,1.085192495,1.087500000,2.307505,1,0.363042,5.000000,15
95,75,0.363042,14542,1.099520610,1.102000000,2.479390,1,0.363042,5.000000,15
96,75,0.363042,14542,1.113417680,1.115500000,2.082320,1,0.363042,5.000000,15
97,75,0.363042,14542,1.129381225,1.131500000,2.118775,1,0.363042,5.000000,15
98,75,0.363042,14542,1.144158972,1.146500000,2.341028,1,0.363042,5.000000,15
99,75,0.363042,14542,1.158975587,1.161000000,2.024413,1,0.363042,5.000000,15
100,75,0.363042,14542,1.172815253,1.175000000,2.184747,1,0.363042,5.000000,15
101,75,0.363042,14542,1.186491178,1.189000000,2.508822,1,0.363042,5.000000,15
103,75,0.363042,14542,1.201773585,1.204000000,2.226415,1,0.363042,5.000000,15
104,75,0.363042,14542,1.216424401,1.218500000,2.075599,1,0.363042,5.000000,15
105,75,0.363042,14542,1.231190979,1.233500000,2.309021,1,0.363042,5.000000,15
106,75,0.363042,14542,1.243864303,1.246000000,2.135697,1,0.363042,5.000000,15
107,75,0.363042,14542,1.259677224,1.262000000,2.322776,1,0.363042,5.000000,15
108,75,0.363042,14542,1.273007084,1.275500000,2.492916,1,0.363042,5.000000,15
109,75,0.363042,14542,1.289035305,1.291500000,2.464695,1,0.363042,5.000000,15
110,75,0.363042,14542,1.301924588,1.304000000,2.075412,1,0.363042,5.000000,15
111,75,0.363042,14542,1.315522488,1.318000000,2.477512,1,0.363042,5.000000,15
112,75,0.363042,14542,1.328262106,1.330500000,2.237894,1,0.363042,5.000000,15
113,75,0.363042,14542,1.341342344,1.343500000,2.157656,1,0.363042,5.000000,15
114,75,0.363042,14542,1.356166685,1.358500000,2.333315,1,0.363042,5.000000,15
115,75,0.363042,14542,1.370478738,1.373000000,2.521262,1,0.363042,5.000000,15
116,75,0.360510,14542,1.383492471,1.386000000,2.507529,1,0.360510,5.000000,15
117,75,0.351453,14542,1.397782828,1.400000000,2.217172,1,0.351453,5.000000,15
118,75,0.348569,14542,1.411455419,1.413500000,2.044581,1,0.348569,5.000000,15
119,75,0.329377,14542,1.427019811,1.429500000,2.480189,1,0.329377,5.000000,15
121,75,0.297010,14542,1.440175301,1.442500000,2.324699,1,0.297010,5.000000,15
122,75,0.252103,14542,1.452849321,1.455000000,2.150679,1,0.252103,5.000000,15
123,75,0.235700,14542,1.468918915,1.471000000,2.081085,1,0.235700,5.000000,15
125,75,0.254425,14542,1.481853733,1.484000000,2.146267,1,0.254425,5.000000,15
126,75,0.356263,14542,1.495440382,1.497500000,2.059618,1,0.356263,5.000000,15
127,75,0.696803,14542,1.511125647,1.513500000,2.374353,1,0.696803,5.000000,15
128,75,1.019931,14542,1.527945237,1.530000000,2.054763,1,1.019931,5.000000,15
129,75,2.983965,14542,1.542463083,1.544500000,2.036917,1,2.983965,5.000000,15
130,75,2.981191,14542,1.557156867,1.559500000,2.343133,1,2.981191,5.000000,15
131,75,2.980603,14542,1.569831691,1.572000000,2.168309,1,2.980603,5.000000,15
132,75,2.980791,14542,1.583198764,1.585500000,2.301236,1,2.980791,5.000000,15
133,75,2.980774,14542,1.598383876,1.600500000,2.116124,1,2.980774,5.000000,15
135,75,2.980784,14542,1.613482793,1.616000000,2.517207,1,2.980784,5.000000,15
136,75,2.980784,14542,1.629423838,1.631500000,2.076162,1,2.980784,5.000000,15
137,75,2.980778,14542,1.644961258,1.647000000,2.038742,1,2.980778,5.000000,15
138,75,2.980778,14542,1.657828891,1.660000000,2.171109,1,2.980778,5.000000,15
140,75,2.980846,14542,1.672164523,1.674500000,2.335477,1,2.980846,5.000000,15
142,75,2.980846,14542,1.685641495,1.688000000,2.358505,1,2.980846,5.000000,15
143,75,2.980846,14542,1.698565508,1.701000000,2.434492,1,2.980846,5.000000,15
145,75,2.980846,14542,1.711261366,1.713500000,2.238634,1,2.980846,5.000000,15
146,75,2.980846,14542,1.727205745,1.729500000,2.294255,1,2.980846,5.000000,15
147,75,2.980846,14542,1.740920186,1.743000000,2.079814,1,2.980846,5.000000,15
148,75,2.980846,14542,1.755428741,1.757500000,2.071259,1,2.980846,5.000000,15
150,75,2.980846,14542,1.768890922,1.771000000,2.109078,1,2.980846,5.000000,15
151,75,2.980846,14542,1.782956211,1.785000000,2.043789,1,2.980846,5.000000,15
153,75,2.980846,14542,1.796293182,1.798500000,2.206818,1,2.980846,5.000000,15
154,75,2.980846,14542,1.811125343,1.813500000,2.374657,1,2.980846,5.000000,15
155,75,2.980846,14542,1.824896994,1.827000000,2.103006,1,2.980846,5.000000,15
156,75,2.980846,14542,1.838186027,1.840500000,2.313973,1,2.980846,5.000000,15
157,75,2.980846,14542,1.853810304,1.856000000,2.189696,1,2.980846,5.000000,15
158,75,2.980846,14542,1.872472432,1.874500000,2.027568,1,2.980846,5.000000,15
159,75,2.980846,14542,1.886122289,1.888500000,2.377711,1,2.980846,5.000000,15
160,75,2.980846,14542,1.902247591,1.904500000,2.252409,1,2.980846,5.000000,15
161,75,2.980846,14542,1.915474375,1.917500000,2.025625,1,2.980846,5.000000,15
162,75,2.980846,14542,1.930645743,1.933000000,2.354257,1,2.980846,5.000000,15
163,75,2.980846,14542,1.944033050,1.946500000,2.466950,1,2.980846,5.000000,15
164,75,2.980846,14542,1.956885939,1.959000000,2.114061,1,2.980846,5.000000,15
165,75,2.980846,14542,1.971296703,1.973500000,2.203297,1,2.980846,5.000000,15
167,75,2.980846,14542,1.984002217,1.986500000,2.497783,1,2.980846,5.000000,15
168,75,2.980846,14542,1.997082828,1.999500000,2.417172,1,2.980846,5.000000,15
169,75,2.980846,14542,2.012000236,2.014500000,2.499764,1,2.980846,5.000000,15
171,75,2.980846,14542,2.027451774,2.029500000,2.048226,1,2.980846,5.000000,15
172,75,2.980846,14542,2.041264365,2.043500000,2.235635,1,2.980846,5.000000,15
177,75,2.980846,14542,2.054705062,2.057000000,2.294938,1,2.980846,5.000000,15
179,75,2.981539,14542,2.068909217,2.071000000,2.090783,1,2.981539,5.000000,15
180,75,2.980846,14542,2.084092787,2.086500000,2.407213,1,2.980846,5.000000,15
181,75,8.601043,14542,2.099033784,2.101500000,2.466216,1,8.601043,5.000000,15
182,75,22.343408,14542,2.112887971,2.115000000,2.112029,1,22.343408,5.000000,15
183,75,58.769633,14542,2.127010494,2.129500000,2.489506,1,58.769633,5.000000,15
185,75,63.908860,14542,2.140848306,2.143000000,2.151694,1,63.908860,5.000000,15
186,75,82.315011,14542,2.156263472,2.158500000,2.236528,1,82.315011,5.000000,15
187,75,87.360656,14542,2.172060658,2.174500000,2.439342,1,87.360656,5.000000,15
189,75,54.940327,14542,2.187750371,2.190000000,2.249629,1,54.940327,5.000000,15
190,75,45.864857,14542,2.200450875,2.202500000,2.049125,1,45.864857,5.000000,15
191,75,57.797334,14542,2.215631561,2.218000000,2.368439,1,57.797334,5.000000,15
193,75,35.450986,14542,2.229731081,2.232000000,2.268919,1,35.450986,5.000000,15
195,75,36.638931,14542,2.244642292,2.247000000,2.357708,1,36.638931,5.000000,15
197,75,54.186034,14542,2.258759627,2.261000000,2.240373,1,54.186034,5.000000,15
198,75,73.621116,14542,2.272481327,2.275000000,2.518673,1,73.621116,5.000000,15
199,75,52.680832,14542,2.286653039,2.289000000,2.346961,1,52.680832,5.000000,15
200,75,50.079695,14542,2.299332943,2.301500000,2.167057,1,50.079695,5.000000,15
201,75,51.652570,14542,2.315249885,2.317500000,2.250115,1,51.652570,5.000000,15
202,75,68.587699,14542,2.329022156,2.331500000,2.477844,1,68.587699,5.000000,15
204,75,49.567619,14542,2.345001187,2.347500000,2.498813,1,49.567619,5.000000,15
205,75,54.158490,14542,2.358161211,2.360500000,2.338789,1,54.158490,5.000000,15
206,75,56.946810,14542,2.371020204,2.373500000,2.479796,1,56.946810,5.000000,15
207,75,65.556666,14542,2.385842334,2.388000000,2.157666,1,65.556666,5.000000,15
208,75,51.083461,14542,2.399927248,2.402000000,2.072752,1,51.083461,5.000000,15
209,75,66.367227,14542,2.414300802,2.416500000,2.199198,1,66.367227,5.000000,15
210,75,67.213195,14542,2.427723648,2.430000000,2.276352,1,67.213195,5.000000,15
212,75,76.316844,14542,2.440818671,2.443000000,2.181329,1,76.316844,5.000000,15
213,75,74.206601,14542,2.454554511,2.457000000,2.445489,1,74.206601,5.000000,15
215,75,51.442757,14542,2.467821963,2.470000000,2.178037,1,51.442757,5.000000,15
216,75,57.783433,14542,2.480608178,2.483000000,2.391822,1,57.783433,5.000000,15
217,75,59.133516,14542,2.493747180,2.496000000,2.252820,1,59.133516,5.000000,15
219,75,86.038874,14542,2.506943073,2.509000000,2.056927,1,86.038874,5.000000,15
220,75,151.313570,14542,2.521909846,2.524000000,2.090154,1,151.313570,5.000000,15
221,75,139.372958,14542,2.539777152,2.542000000,2.222848,1,139.372958,5.000000,15
222,75,125.925458,14542,2.552883549,2.555000000,2.116451,1,125.925458,5.000000,15
223,75,119.873170,14542,2.565967846,2.568000000,2.032154,1,119.873170,5.000000,15
224,75,75.515894,14542,2.581599297,2.584000000,2.400703,1,75.515894,5.000000,15
225,75,57.082191,14542,2.594896833,2.597000000,2.103167,1,57.082191,5.000000,15
226,75,49.245212,14542,2.610417990,2.612500000,2.082010,1,49.245212,5.000000,15
227,75,66.122905,14542,2.624138833,2.626500000,2.361167,1,66.122905,5.000000,15
228,75,57.572668,14542,2.636953048,2.639000000,2.046952,1,57.572668,5.000000,15
230,75,54.620897,14542,2.652441865,2.654500000,2.058135,1,54.620897,5.000000,15
231,75,72.070506,14542,2.666113265,2.668500000,2.386735,1,72.070506,5.000000,15
232,75,58.840739,14542,2.679116502,2.681500000,2.383498,1,58.840739,5.000000,15
233,75,63.053456,14542,2.692080830,2.694500000,2.419170,1,63.053456,5.000000,15
234,75,57.326995,14542,2.705727233,2.708000000,2.272767,1,57.326995,5.000000,15
235,75,63.946605,14542,2.718989773,2.721500000,2.510227,1,63.946605,5.000000,15
236,75,59.739662,14542,2.735086614,2.737500000,2.413386,1,59.739662,5.000000,15
237,75,62.285569,14542,2.748828390,2.751000000,2.171610,1,62.285569,5.000000,15
238,75,80.669297,14542,2.762487716,2.765000000,2.512284,1,80.669297,5.000000,15
241,75,75.230780,14542,2.776697927,2.779000000,2.302073,1,75.230780,5.000000,15
242,75,97.889438,14542,2.790372421,2.792500000,2.127579,1,97.889438,5.000000,15
243,75,97.294443,14542,2.804999834,2.807500000,2.500166,1,97.294443,5.000000,15
244,75,76.081478,14542,2.819214529,2.821500000,2.285471,1,76.081478,5.000000,15
245,75,55.955264,14542,2.834190622,2.836500000,2.309378,1,55.955264,5.000000,15
248,75,55.666777,14542,2.850611804,2.853000000,2.388196,1,55.666777,5.000000,15
249,75,79.033024,14542,2.867031209,2.869500000,2.468791,1,79.033024,5.000000,15
250,75,49.697276,14542,2.880077859,2.882500000,2.422141,1,49.697276,5.000000,15
252,75,60.431613,14542,2.894352440,2.896500000,2.147560,1,60.431613,5.000000,15
253,75,45.372730,14542,2.908110731,2.910500000,2.389269,1,45.372730,5.000000,15
255,75,40.152378,14542,2.921367663,2.923500000,2.132337,1,40.152378,5.000000,15
258,75,85.081367,14542,2.934880921,2.937000000,2.119079,1,85.081367,5.000000,15
259,75,83.662892,14542,2.949357808,2.951500000,2.142192,1,83.662892,5.000000,15
260,75,90.198995,14542,2.964203893,2.966500000,2.296107,1,90.198995,5.000000,15
261,75,98.476955,14542,2.979227530,2.981500000,2.272470,1,98.476955,5.000000,15
262,75,63.796323,14542,2.992238131,2.994500000,2.261869,1,63.796323,5.000000,15
264,75,45.390216,14542,3.006992956,3.009500000,2.507044,1,45.390216,5.000000,15
265,75,45.432538,14542,3.020227648,3.022500000,2.272352,1,45.432538,5.000000,15
267,75,62.125558,14542,3.033202761,3.035500000,2.297239,1,62.125558,5.000000,15
268,75,50.720383,14542,3.047263330,3.049500000,2.236670,1,50.720383,5.000000,15
269,75,49.485117,14542,3.061304563,3.063500000,2.195437,1,49.485117,5.000000,15
271,75,53.457307,14542,3.074142727,3.076500000,2.357273,1,53.457307,5.000000,15
272,75,55.293670,14542,3.086942605,3.089000000,2.057395,1,55.293670,5.000000,15
273,75,55.017541,14542,3.103242745,3.105500000,2.257255,1,55.017541,5.000000,15
274,75,48.426997,14542,3.117938668,3.120000000,2.061332,1,48.426997,5.000000,15
275,75,51.571568,14542,3.131693314,3.134000000,2.306686,1,51.571568,5.000000,15
276,75,43.034124,14542,3.144449923,3.146500000,2.050077,1,43.034124,5.000000,15
277,75,49.863871,14542,3.158503314,3.161000000,2.496686,1,49.863871,5.000000,15
280,75,52.861698,14542,3.171674301,3.174000000,2.325699,1,52.861698,5.000000,15
281,75,81.676160,14542,3.185050221,3.187500000,2.449779,1,81.676160,5.000000,15
282,75,105.467685,14542,3.199840681,3.202000000,2.159319,1,105.467685,5.000000,15
283,75,116.148543,14542,3.213224317,3.215500000,2.275683,1,116.148543,5.000000,15
284,75,80.183304,14542,3.226935168,3.229000000,2.064832,1,80.183304,5.000000,15
285,75,56.523833,14542,3.240666698,3.243000000,2.333302,1,56.523833,5.000000,15
286,75,43.849132,14542,3.256468898,3.258500000,2.031102,1,43.849132,5.000000,15
287,75,59.368538,14542,3.271702711,3.274000000,2.297289,1,59.368538,5.000000,15
288,75,59.599826,14542,3.285548349,3.288000000,2.451651,1,59.599826,5.000000,15
290,75,38.688252,14542,3.298757389,3.301000000,2.242611,1,38.688252,5.000000,15
292,75,42.847673,14542,3.312788158,3.315000000,2.211842,1,42.847673,5.000000,15
293,75,41.415630,14542,3.325551683,3.328000000,2.448317,1,41.415630,5.000000,15
294,75,50.761398,14542,3.339167300,3.341500000,2.332700,1,50.761398,5.000000,15
295,75,57.977719,14542,3.356701786,3.359000000,2.298214,1,57.977719,5.000000,15
297,75,64.377603,14542,3.370809506,3.373000000,2.190494,1,64.377603,5.000000,15
300,75,79.311703,14542,3.386273048,3.388500000,2.226952,1,79.311703,5.000000,15
301,75,87.102965,14542,3.400023679,3.402500000,2.476321,1,87.102965,5.000000,15
302,75,58.617405,14542,3.415210262,3.417500000,2.289738,1,58.617405,5.000000,15
303,75,50.610372,14542,3.429285582,3.431500000,2.214418,1,50.610372,5.000000,15
304,75,37.616056,14542,3.441974301,3.444000000,2.025699,1,37.616056,5.000000,15
305,75,34.755919,14542,3.456322367,3.458500000,2.177633,1,34.755919,5.000000,15
306,75,43.614136,14542,3.469458473,3.471500000,2.041527,1,43.614136,5.000000,15
307,75,52.554742,14542,3.484808195,3.487000000,2.191805,1,52.554742,5.000000,15
308,75,70.270549,14542,3.500014722,3.502500000,2.485278,1,70.270549,5.000000,15
310,75,55.179239,14542,3.512791244,3.515000000,2.208756,1,55.179239,5.000000,15
311,75,74.729992,14542,3.527693475,3.530000000,2.306525,1,74.729992,5.000000,15
312,75,54.533389,14542,3.542000548,3.544500000,2.499452,1,54.533389,5.000000,15
313,75,44.925110,14542,3.555040347,3.557500000,2.459653,1,44.925110,5.000000,15
315,75,138.031338,14542,3.570030194,3.572500000,2.469806,1,138.031338,5.000000,15
316,75,130.207650,14542,3.584763663,3.587000000,2.236337,1,130.207650,5.000000,15
317,75,123.984575,14542,3.601137493,3.603500000,2.362507,1,123.984575,5.000000,15
318,75,118.667841,14542,3.615400737,3.617500000,2.099263,1,118.667841,5.000000,15
319,75,105.927068,14542,3.628498654,3.631000000,2.501346,1,105.927068,5.000000,15
320,75,74.997782,14542,3.642082404,3.644500000,2.417596,1,74.997782,5.000000,15
323,75,112.808775,14542,3.654930508,3.657000000,2.069492,1,112.808775,5.000000,15
326,75,59.418940,14542,3.669904131,3.672000000,2.095869,1,59.418940,5.000000,15
327,75,45.890079,14542,3.682688255,3.685000000,2.311745,1,45.890079,5.000000,15
328,75,47.402345,14542,3.697004038,3.699500000,2.495962,1,47.402345,5.000000,15
329,75,42.666280,14542,3.710428482,3.712500000,2.071518,1,42.666280,5.000000,15
330,75,43.181511,14542,3.725689229,3.728000000,2.310771,1,43.181511,5.000000,15
333,75,53.723332,14542,3.739902262,3.742000000,2.097738,1,53.723332,5.000000,15
334,75,29.743148,14542,3.754155440,3.756500000,2.344560,1,29.743148,5.000000,15
335,75,39.945089,14542,3.767506786,3.770000000,2.493214,1,39.945089,5.000000,15
336,75,37.260951,14542,3.781885099,3.784000000,2.114901,1,37.260951,5.000000,15
337,75,24.489476,14542,3.795145949,3.797500000,2.354051,1,24.489476,5.000000,15
338,75,19.264926,14542,3.808171342,3.810500000,2.328658,1,19.264926,5.000000,15
339,75,14.451571,14542,3.820882853,3.823000000,2.117147,1,14.451571,5.000000,15
340,75,13.093531,14542,3.833967514,3.836000000,2.032486,1,13.093531,5.000000,15
341,75,11.501583,14542,3.848362878,3.850500000,2.137122,1,11.501583,5.000000,15
342,75,10.748750,14542,3.862907462,3.865000000,2.092538,1,10.748750,5.000000,15
344,75,10.053504,14542,3.878377642,3.880500000,2.122358,1,10.053504,5.000000,15
345,75,10.065156,14542,3.892897500,3.895000000,2.102500,1,10.065156,5.000000,15
347,75,10.185557,14542,3.906248547,3.908500000,2.251453,1,10.185557,5.000000,15
348,75,10.626528,14542,3.919363621,3.921500000,2.136379,1,10.626528,5.000000,15
349,75,10.669303,14542,3.936865423,3.939000000,2.134577,1,10.669303,5.000000,15
350,75,10.992421,14542,3.950437422,3.952500000,2.062578,1,10.992421,5.000000,15
351,75,10.552370,14542,3.965110016,3.967500000,2.389984,1,10.552370,5.000000,15
352,75,10.186347,14542,3.979795909,3.982000000,2.204091,1,10.186347,5.000000,15
353,75,10.230766,14542,3.993122247,3.995500000,2.377753,1,10.230766,5.000000,15
355,75,10.073622,14542,4.009656619,4.012000000,2.343381,1,10.073622,5.000000,15
356,75,9.964936,14542,4.023363698,4.025500000,2.136302,1,9.964936,5.000000,15
357,75,10.079593,14542,4.037737310,4.040000000,2.262690,1,10.079593,5.000000,15
358,75,10.172114,14542,4.052582753,4.055000000,2.417247,1,10.172114,5.000000,15
359,75,10.130126,14542,4.069292073,4.071500000,2.207927,1,10.130126,5.000000,15
360,75,10.496940,14542,4.083045287,4.085500000,2.454713,1,10.496940,5.000000,15
361,75,10.773671,14542,4.099646525,4.102000000,2.353475,1,10.773671,5.000000,15
362,75,10.892288,14542,4.114112076,4.116500000,2.387924,1,10.892288,5.000000,15
363,75,11.160351,14542,4.128451066,4.130500000,2.048934,1,11.160351,5.000000,15
364,75,11.528861,14542,4.141577253,4.144000000,2.422747,1,11.528861,5.000000,15
365,75,11.579665,14542,4.154768225,4.157000000,2.231775,1,11.579665,5.000000,15
366,75,11.996216,14542,4.167796221,4.170000000,2.203779,1,11.996216,5.000000,15
367,75,12.442467,14542,4.181840401,4.184000000,2.159599,1,12.442467,5.000000,15
369,75,11.237475,14542,4.196947645,4.199000000,2.052355,1,11.237475,5.000000,15
371,75,10.717424,14542,4.214201565,4.216500000,2.298435,1,10.717424,5.000000,15
372,75,10.642663,14542,4.228575658,4.231000000,2.424342,1,10.642663,5.000000,15
373,75,11.278895,14542,4.243749595,4.246000000,2.250405,1,11.278895,5.000000,15
374,75,11.173437,14542,4.256861821,4.259000000,2.138179,1,11.173437,5.000000,15
375,75,11.834239,14542,4.270746790,4.273000000,2.253210,1,11.834239,5.000000,15
376,75,11.692918,14542,4.284643757,4.287000000,2.356243,1,11.692918,5.000000,15
377,75,11.389298,14542,4.297690455,4.300000000,2.309545,1,11.389298,5.000000,15
378,75,11.094504,14542,4.310730487,4.313000000,2.269513,1,11.094504,5.000000,15
379,75,10.806113,14542,4.326171270,4.328500000,2.328730,1,10.806113,5.000000,15
380,75,11.313067,14542,4.340205697,4.342500000,2.294303,1,11.313067,5.000000,15
381,75,11.817073,14542,4.353681913,4.356000000,2.318087,1,11.817073,5.000000,15
382,75,13.161262,14542,4.368254364,4.370500000,2.245636,1,13.161262,5.000000,15
383,75,11.346022,14542,4.384134317,4.386500000,2.365683,1,11.346022,5.000000,15
384,75,11.591053,14542,4.397880879,4.400000000,2.119121,1,11.591053,5.000000,15
385,75,11.816015,14542,4.410967606,4.413000000,2.032394,1,11.816015,5.000000,15
386,75,11.742367,14542,4.425798143,4.428000000,2.201857,1,11.742367,5.000000,15
388,75,12.273699,14542,4.440968001,4.443000000,2.031999,1,12.273699,5.000000,15
389,75,10.230444,14542,4.455354393,4.457500000,2.145607,1,10.230444,5.000000,15
390,75,10.763940,14542,4.468475569,4.470500000,2.024431,1,10.763940,5.000000,15
391,75,10.786196,14542,4.483054474,4.485500000,2.445526,1,10.786196,5.000000,15
392,75,11.210445,14542,4.496725010,4.499000000,2.274990,1,11.210445,5.000000,15
393,75,10.957060,14542,4.511507781,4.514000000,2.492219,1,10.957060,5.000000,15
394,75,11.285361,14542,4.528592531,4.531000000,2.407469,1,11.285361,5.000000,15
395,75,10.583171,14542,4.545090063,4.547500000,2.409937,1,10.583171,5.000000,15
396,75,11.061957,14542,4.561282066,4.563500000,2.217934,1,11.061957,5.000000,15
397,75,11.588111,14542,4.574392413,4.576500000,2.107587,1,11.588111,5.000000,15
398,75,10.872998,14542,4.589208601,4.591500000,2.291399,1,10.872998,5.000000,15
399,75,10.804864,14542,4.602987818,4.605500000,2.512182,1,10.804864,5.000000,15
400,75,11.728587,14542,4.616769518,4.619000000,2.230482,1,11.728587,5.000000,15
401,75,11.699569,14542,4.629611869,4.632000000,2.388131,1,11.699569,5.000000,15
403,75,12.029336,14542,4.644943409,4.647000000,2.056591,1,12.029336,5.000000,15
404,75,13.177470,14542,4.660361138,4.662500000,2.138862,1,13.177470,5.000000,15
405,75,14.152932,14542,4.676917871,4.679000000,2.082129,1,14.152932,5.000000,15
406,75,14.498029,14542,4.690572710,4.693000000,2.427290,1,14.498029,5.000000,15
407,75,14.992319,14542,4.706687276,4.709000000,2.312724,1,14.992319,5.000000,15
409,75,15.397211,14542,4.721671062,4.724000000,2.328938,1,15.397211,5.000000,15
412,75,15.791024,14542,4.736398304,4.738500000,2.101696,1,15.791024,5.000000,15
413,75,13.722225,14542,4.749848994,4.752000000,2.151006,1,13.722225,5.000000,15
415,75,13.558246,14542,4.765974466,4.768000000,2.025534,1,13.558246,5.000000,15
416,75,13.817925,14542,4.780526239,4.783000000,2.473761,1,13.817925,5.000000,15
417,75,14.357482,14542,4.795373439,4.797500000,2.126561,1,14.357482,5.000000,15
418,75,14.553746,14542,4.809145641,4.811500000,2.354359,1,14.553746,5.000000,15
419,75,15.198042,14542,4.826367371,4.828500000,2.132629,1,15.198042,5.000000,15
420,75,15.954246,14542,4.840424025,4.842500000,2.075975,1,15.954246,5.000000,15
421,75,16.002745,14542,4.854273743,4.856500000,2.226257,1,16.002745,5.000000,15
422,75,16.480253,14542,4.868894286,4.871000000,2.105714,1,16.480253,5.000000,15
424,75,17.123555,14542,4.881831584,4.884000000,2.168416,1,17.123555,5.000000,15
425,75,18.088577,14542,4.896524391,4.899000000,2.475609,1,18.088577,5.000000,15
426,75,19.670648,14542,4.909383720,4.911500000,2.116280,1,19.670648,5.000000,15
427,75,19.903165,14542,4.922256111,4.924500000,2.243889,1,19.903165,5.000000,15
428,75,18.008275,14542,4.937998296,4.940500000,2.501704,1,18.008275,5.000000,15
429,75,16.110561,14542,4.954494434,4.957000000,2.505566,1,16.110561,5.000000,15
431,75,13.958098,14542,4.968474356,4.970500000,2.025644,1,13.958098,5.000000,15
434,75,16.554689,14542,4.981825274,4.984000000,2.174726,1,16.554689,5.000000,15
435,75,16.792451,14542,4.996441982,4.998500000,2.058018,1,16.792451,5.000000,15
436,75,17.274005,14542,5.009531330,5.012000000,2.468670,1,17.274005,5.000000,15
437,75,16.226054,14542,5.023115738,5.025500000,2.384262,1,16.226054,5.000000,15
440,75,15.208225,14542,5.038002596,5.040500000,2.497404,1,15.208225,5.000000,15
441,75,14.787414,14542,5.051415382,5.053500000,2.084618,1,14.787414,5.000000,15
444,75,11.633491,14542,5.064897001,5.067000000,2.102999,1,11.633491,5.000000,15
445,75,11.493727,14542,5.080158116,5.082500000,2.341884,1,11.493727,5.000000,15
446,75,10.293728,14542,5.093350822,5.095500000,2.149178,1,10.293728,5.000000,15
447,75,10.462217,14542,5.107958182,5.110000000,2.041818,1,10.462217,5.000000,15
448,75,9.854197,14542,5.122877598,5.125000000,2.122402,1,9.854197,5.000000,15
451,75,9.404220,14542,5.138639144,5.141000000,2.360856,1,9.404220,5.000000,15
452,75,9.431962,14542,5.153647520,5.156000000,2.352480,1,9.431962,5.000000,15
453,75,9.273400,14542,5.169801714,5.172000000,2.198286,1,9.273400,5.000000,15
454,75,9.069062,14542,5.182893511,5.185000000,2.106489,1,9.069062,5.000000,15
455,75,9.482909,14542,5.196254665,5.198500000,2.245335,1,9.482909,5.000000,15
456,75,9.403881,14542,5.212760796,5.215000000,2.239204,1,9.403881,5.000000,15
458,75,9.618562,14542,5.225956829,5.228000000,2.043171,1,9.618562,5.000000,15
459,75,9.431368,14542,5.240175946,5.242500000,2.324054,1,9.431368,5.000000,15
460,75,10.122996,14542,5.255385996,5.257500000,2.114004,1,10.122996,5.000000,15
461,75,10.407171,14542,5.271559064,5.274000000,2.440936,1,10.407171,5.000000,15
462,75,10.224717,14542,5.284906715,5.287000000,2.093285,1,10.224717,5.000000,15
464,75,10.281741,14542,5.299389127,5.301500000,2.110873,1,10.281741,5.000000,15
465,75,9.842147,14542,5.315674592,5.318000000,2.325408,1,9.842147,5.000000,15
466,75,9.879225,14542,5.329186341,5.331500000,2.313659,1,9.879225,5.000000,15
467,75,10.191143,14542,5.341861462,5.344000000,2.138538,1,10.191143,5.000000,15
468,75,9.983543,14542,5.355999399,5.358500000,2.500601,1,9.983543,5.000000,15
469,75,10.035382,14542,5.369855731,5.372000000,2.144269,1,10.035382,5.000000,15
470,75,10.617012,14542,5.383631196,5.386000000,2.368804,1,10.617012,5.000000,15
472,75,11.582215,14542,5.398698834,5.401000000,2.301166,1,11.582215,5.000000,15
473,75,11.494220,14542,5.412530086,5.415000000,2.469914,1,11.494220,5.000000,15
474,75,12.045183,14542,5.425660718,5.428000000,2.339282,1,12.045183,5.000000,15
475,75,13.373725,14542,5.440719380,5.443000000,2.280620,1,13.373725,5.000000,15
476,75,14.022298,14542,5.454454943,5.456500000,2.045057,1,14.022298,5.000000,15
477,75,14.563948,14542,5.470107833,5.472500000,2.392167,1,14.563948,5.000000,15
478,75,13.629606,14542,5.484064691,5.486500000,2.435309,1,13.629606,5.000000,15
480,75,13.551378,14542,5.497126494,5.499500000,2.373506,1,13.551378,5.000000,15
481,75,14.885416,14542,5.510394297,5.512500000,2.105703,1,14.885416,5.000000,15
482,75,14.353337,14542,5.523380297,5.525500000,2.119703,1,14.353337,5.000000,15
483,75,13.799274,14542,5.538354920,5.540500000,2.145080,1,13.799274,5.000000,15
484,75,12.786946,14542,5.551738559,5.554000000,2.261441,1,12.786946,5.000000,15
487,75,12.352007,14542,5.566928960,5.569000000,2.071040,1,12.352007,5.000000,15
488,75,12.136453,14542,5.579900712,5.582000000,2.099288,1,12.136453,5.000000,15
489,75,11.689335,14542,5.593820262,5.596000000,2.179738,1,11.689335,5.000000,15
490,75,11.164506,14542,5.607880626,5.610000000,2.119374,1,11.164506,5.000000,14
491,75,10.576715,14542,5.620715610,5.623000000,2.284390,1,10.576715,5.000000,15
492,75,9.930848,14542,5.635031794,5.637500000,2.468206,1,9.930848,5.000000,15
493,75,9.228238,14542,5.651013356,5.653500000,2.486644,1,9.228238,5.000000,15
494,75,9.483093,14542,5.664697601,5.667000000,2.302399,1,9.483093,5.000000,15
496,75,9.268426,14542,5.677502920,5.680000000,2.497080,1,9.268426,5.000000,15
497,75,8.987560,14542,5.691719759,5.694000000,2.280241,1,8.987560,5.000000,15
498,75,8.726672,14542,5.705215598,5.707500000,2.284402,1,8.726672,5.000000,15
499,75,8.128360,14542,5.720123624,5.722500000,2.376376,1,8.128360,5.000000,15
500,75,8.338043,14542,5.733868024,5.736000000,2.131976,1,8.338043,5.000000,15
502,75,8.590620,14542,5.747329189,5.749500000,2.170811,1,8.590620,5.000000,15
503,75,9.105046,14542,5.762891837,5.765000000,2.108163,1,9.105046,5.000000,15
504,75,9.291232,14542,5.778235252,5.780500000,2.264748,1,9.291232,5.000000,15
505,75,8.596004,14542,5.793673827,5.796000000,2.326173,1,8.596004,5.000000,15
508,75,8.747049,14542,5.807602725,5.810000000,2.397275,1,8.747049,5.000000,15
509,75,8.291765,14542,5.822004664,5.824500000,2.495336,1,8.291765,5.000000,15
510,75,8.528103,14542,5.837344755,5.839500000,2.155245,1,8.528103,5.000000,15
512,75,8.056809,14542,5.851783754,5.854000000,2.216246,1,8.056809,5.000000,15
513,75,8.574483,14542,5.866390172,5.868500000,2.109828,1,8.574483,5.000000,15
514,75,8.966936,14542,5.881220668,5.883500000,2.279332,1,8.966936,5.000000,15
515,75,8.906582,14542,5.895564079,5.898000000,2.435921,1,8.906582,5.000000,15
516,75,9.208228,14542,5.913201755,5.915500000,2.298245,1,9.208228,5.000000,15
517,75,9.313986,14542,5.927837749,5.930000000,2.162251,1,9.313986,5.000000,15
518,75,9.038888,14542,5.941731195,5.944000000,2.268805,1,9.038888,5.000000,15
519,75,9.258333,14542,5.954695137,5.957000000,2.304863,1,9.258333,5.000000,15
520,75,8.787529,14542,5.968603830,5.971000000,2.396170,1,8.787529,5.000000,15
521,75,9.302451,14542,5.983949400,5.986000000,2.050600,1,9.302451,5.000000,15
522,75,9.232429,14542,5.998555041,6.001000000,2.444959,1,9.232429,5.000000,15
523,75,9.140092,14542,6.011658271,6.014000000,2.341729,1,9.140092,5.000000,15
524,75,9.702599,14542,6.027077442,6.029500000,2.422558,1,9.702599,5.000000,15
525,75,9.869221,14542,6.040827736,6.043000000,2.172264,1,9.869221,5.000000,15
526,75,9.871821,14542,6.053526729,6.056000000,2.473271,1,9.871821,5.000000,15
529,75,10.460175,14542,6.068444030,6.070500000,2.055970,1,10.460175,5.000000,15
530,75,10.727313,14542,6.082302633,6.084500000,2.197367,1,10.727313,5.000000,15
531,75,10.956488,14542,6.097790956,6.100000000,2.209044,1,10.956488,5.000000,15
533,75,10.663499,14542,6.111689549,6.114000000,2.310451,1,10.663499,5.000000,15
534,75,10.678863,14542,6.127035559,6.129500000,2.464441,1,10.678863,5.000000,15
535,75,10.871984,14542,6.142204926,6.144500000,2.295074,1,10.871984,5.000000,15
536,75,10.868471,14542,6.155208062,6.157500000,2.291938,1,10.868471,5.000000,15
537,75,10.460056,14542,6.167974379,6.170000000,2.025621,1,10.460056,5.000000,15
539,75,9.891721,14542,6.181411220,6.183500000,2.088780,1,9.891721,5.000000,15
540,75,9.898005,14542,6.196421472,6.198500000,2.078528,1,9.898005,5.000000,15
541,75,9.454573,14542,6.210535634,6.213000000,2.464366,1,9.454573,5.000000,15
542,75,9.521807,14542,6.224244621,6.226500000,2.255379,1,9.521807,5.000000,15
543,75,9.759884,14542,6.239589447,6.242000000,2.410553,1,9.759884,5.000000,15
544,75,9.153813,14542,6.252997506,6.255500000,2.502494,1,9.153813,5.000000,15
545,75,8.863460,14542,6.267613530,6.270000000,2.386470,1,8.863460,5.000000,15
546,75,8.938843,14542,6.284594057,6.287000000,2.405943,1,8.938843,5.000000,15
548,75,8.035545,14542,6.299562912,6.302000000,2.437088,1,8.035545,5.000000,15
549,75,8.830385,14542,6.314159090,6.316500000,2.340910,1,8.830385,5.000000,15
550,75,8.383052,14542,6.328060300,6.330500000,2.439700,1,8.383052,5.000000,15
551,75,8.431432,14542,6.341732990,6.344000000,2.267010,1,8.431432,5.000000,15
552,75,8.686211,14542,6.354583668,6.357000000,2.416332,1,8.686211,5.000000,15
553,75,8.387028,14542,6.368735304,6.371000000,2.264696,1,8.387028,5.000000,15
555,75,8.213514,14542,6.384293470,6.386500000,2.206530,1,8.213514,5.000000,15
556,75,8.181566,14542,6.397116668,6.399500000,2.383332,1,8.181566,5.000000,15
558,75,8.348164,14542,6.412144037,6.414500000,2.355963,1,8.348164,5.000000,15
559,75,8.379001,14542,6.426166674,6.428500000,2.333326,1,8.379001,5.000000,15
560,75,8.967974,14542,6.439890460,6.442000000,2.109540,1,8.967974,5.000000,15
561,75,9.363929,14542,6.454988414,6.457500000,2.511586,1,9.363929,5.000000,15
562,75,9.308748,14542,6.471754024,6.474000000,2.245976,1,9.308748,5.000000,15
563,75,9.149019,14542,6.486020535,6.488500000,2.479465,1,9.149019,5.000000,15
565,75,8.950820,14542,6.498710556,6.501000000,2.289444,1,8.950820,5.000000,15
566,75,8.979456,14542,6.511820609,6.514000000,2.179391,1,8.979456,5.000000,15
569,75,9.832234,14542,6.526508832,6.529000000,2.491168,1,9.832234,5.000000,15
570,75,8.656047,14542,6.541526629,6.544000000,2.473371,1,8.656047,5.000000,15
571,75,8.834548,14542,6.557821524,6.560000000,2.178476,1,8.834548,5.000000,15
573,75,8.378086,14542,6.571482474,6.574000000,2.517526,1,8.378086,5.000000,15
574,75,8.748946,14542,6.584187966,6.586500000,2.312034,1,8.748946,5.000000,15
575,75,9.008182,14542,6.600755950,6.603000000,2.244050,1,9.008182,5.000000,15
576,75,10.013768,14542,6.616769165,6.619000000,2.230835,1,10.013768,5.000000,15
577,75,10.130561,14542,6.631860939,6.634000000,2.139061,1,10.130561,5.000000,15
579,75,14.199669,14542,6.646979710,6.649500000,2.520290,1,14.199669,5.000000,15
580,75,15.345927,14542,6.662687574,6.665000000,2.312426,1,15.345927,5.000000,15
583,75,20.049282,14542,6.679446616,6.681500000,2.053384,1,20.049282,5.000000,15
584,75,20.683945,14542,6.692796421,6.695000000,2.203579,1,20.683945,5.000000,15
585,75,21.614227,14542,6.705876241,6.708000000,2.123759,1,21.614227,5.000000,15
586,75,20.106322,14542,6.720265897,6.722500000,2.234103,1,20.106322,5.000000,15
587,75,20.426009,14542,6.733661772,6.736000000,2.338228,1,20.426009,5.000000,15
588,75,21.439733,14542,6.746832676,6.749000000,2.167324,1,21.439733,5.000000,15
589,75,22.247138,14542,6.760070418,6.762500000,2.429582,1,22.247138,5.000000,15
590,75,23.782901,14542,6.776784417,6.779000000,2.215583,1,23.782901,5.000000,15
591,75,25.576728,14542,6.790606801,6.793000000,2.393199,1,25.576728,5.000000,15
592,75,27.467022,14542,6.807091344,6.809500000,2.408656,1,27.467022,5.000000,15
593,75,27.352128,14542,6.823332799,6.825500000,2.167201,1,27.352128,5.000000,15
595,75,24.553034,14542,6.836175790,6.838500000,2.324210,1,24.553034,5.000000,15
597,75,21.088776,14542,6.851320976,6.853500000,2.179024,1,21.088776,5.000000,15
598,75,17.546523,14542,6.864322644,6.866500000,2.177356,1,17.546523,5.000000,15
600,75,15.418991,14542,6.877589213,6.880000000,2.410787,1,15.418991,5.000000,15
601,75,14.969857,14542,6.891892554,6.894000000,2.107446,1,14.969857,5.000000,15
603,75,15.865184,14542,6.904852362,6.907000000,2.147638,1,15.865184,5.000000,15
604,75,15.557531,14542,6.922225706,6.924500000,2.274294,1,15.557531,5.000000,15
606,75,15.608362,14542,6.935163641,6.937500000,2.336359,1,15.608362,5.000000,15
607,75,16.739133,14542,6.948616799,6.951000000,2.383201,1,16.739133,5.000000,15
608,75,17.336262,14542,6.961451032,6.963500000,2.048968,1,17.336262,5.000000,15
609,75,16.227555,14542,6.975085319,6.977500000,2.414681,1,16.227555,5.000000,15
611,75,17.391624,14542,6.988831557,6.991000000,2.168443,1,17.391624,5.000000,15
612,75,19.586501,14542,7.003216743,7.005500000,2.283257,1,19.586501,5.000000,15
613,75,21.974419,14542,7.019656718,7.022000000,2.343282,1,21.974419,5.000000,15
614,75,20.604101,14542,7.032950793,7.035000000,2.049207,1,20.604101,5.000000,15
615,75,19.066200,14542,7.049727896,7.052000000,2.272104,1,19.066200,5.000000,15
616,75,16.410040,14542,7.064606922,7.067000000,2.393078,1,16.410040,5.000000,15
617,75,12.637182,14542,7.079721177,7.082000000,2.278823,1,12.637182,5.000000,15
618,75,11.516431,14542,7.093098875,7.095500000,2.401125,1,11.516431,5.000000,15
619,75,7.942897,14542,7.109333179,7.111500000,2.166821,1,7.942897,5.000000,15
620,75,6.844738,14542,7.122612432,7.125000000,2.387568,1,6.844738,5.000000,15
622,75,7.154556,14542,7.138014557,7.140500000,2.485443,1,7.154556,5.000000,15
623,75,7.488605,14542,7.153070686,7.155500000,2.429314,1,7.488605,5.000000,15
624,75,7.369271,14542,7.166176532,7.168500000,2.323468,1,7.369271,5.000000,15
625,75,7.086349,14542,7.180612887,7.183000000,2.387113,1,7.086349,5.000000,15
626,75,6.800143,14542,7.195972309,7.198000000,2.027691,1,6.800143,5.000000,15
627,75,6.523095,14542,7.209814804,7.212000000,2.185196,1,6.523095,5.000000,15
628,75,6.354588,14542,7.222701545,7.225000000,2.298455,1,6.354588,5.000000,15
629,75,6.534646,14542,7.239904108,7.242000000,2.095892,1,6.534646,5.000000,15
630,75,6.963950,14542,7.253644409,7.256000000,2.355591,1,6.963950,5.000000,15
632,75,6.872598,14542,7.267258411,7.269500000,2.241589,1,6.872598,5.000000,15
633,75,6.912508,14542,7.282974789,7.285000000,2.025211,1,6.912508,5.000000,15
634,75,6.809986,14542,7.295675644,7.298000000,2.324356,1,6.809986,5.000000,15
635,75,6.918058,14542,7.310922583,7.313000000,2.077417,1,6.918058,5.000000,15
636,75,7.146092,14542,7.324159926,7.326500000,2.340074,1,7.146092,5.000000,15
637,75,7.074104,14542,7.339591010,7.342000000,2.408990,1,7.074104,5.000000,15
638,75,7.051820,14542,7.352283904,7.354500000,2.216096,1,7.051820,5.000000,15
639,75,7.080242,14542,7.365503788,7.368000000,2.496212,1,7.080242,5.000000,15
640,75,6.969597,14542,7.380979574,7.383500000,2.520426,1,6.969597,5.000000,15
641,75,7.039917,14542,7.394902869,7.397000000,2.097131,1,7.039917,5.000000,15
643,75,6.995875,14542,7.407725538,7.410000000,2.274462,1,6.995875,5.000000,15
644,75,7.119837,14542,7.421042327,7.423500000,2.457673,1,7.119837,5.000000,15
645,75,6.874454,14542,7.437648048,7.440000000,2.351952,1,6.874454,5.000000,15
646,75,6.826196,14542,7.451505390,7.454000000,2.494610,1,6.826196,5.000000,15
647,75,6.694303,14542,7.464187962,7.466500000,2.312038,1,6.694303,5.000000,15
648,75,6.638124,14542,7.478763104,7.481000000,2.236896,1,6.638124,5.000000,15
649,75,6.564093,14542,7.493101132,7.495500000,2.398868,1,6.564093,5.000000,15
650,75,6.372191,14542,7.508376995,7.510500000,2.123005,1,6.372191,5.000000,15
651,75,6.457933,14542,7.524628460,7.527000000,2.371540,1,6.457933,5.000000,15
652,75,6.497389,14542,7.537580686,7.540000000,2.419314,1,6.497389,5.000000,15
653,75,6.781097,14542,7.551406921,7.553500000,2.093079,1,6.781097,5.000000,15
656,75,7.533538,14542,7.566497271,7.569000000,2.502729,1,7.533538,5.000000,15
657,75,7.620964,14542,7.579737884,7.582000000,2.262116,1,7.620964,5.000000,15
658,75,7.343978,14542,7.594113632,7.596500000,2.386368,1,7.343978,5.000000,15
659,75,7.692655,14542,7.608328517,7.610500000,2.171483,1,7.692655,5.000000,15
660,75,8.137637,14542,7.622480605,7.625000000,2.519395,1,8.137637,5.000000,15
661,75,8.869023,14542,7.638493064,7.641000000,2.506936,1,8.869023,5.000000,15
662,75,9.434347,14542,7.651862874,7.654000000,2.137126,1,9.434347,5.000000,15
663,75,9.940338,14542,7.664564997,7.667000000,2.435003,1,9.940338,5.000000,15
664,75,9.072884,14542,7.680092839,7.682500000,2.407161,1,9.072884,5.000000,15
665,75,8.894902,14542,7.693829332,7.696000000,2.170668,1,8.894902,5.000000,15
666,75,9.270152,14542,7.707389886,7.709500000,2.110114,1,9.270152,5.000000,15
667,75,9.322201,14542,7.721947286,7.724000000,2.052714,1,9.322201,5.000000,15
668,75,10.073107,14542,7.735382507,7.737500000,2.117493,1,10.073107,5.000000,15
669,75,10.207906,14542,7.748543563,7.751000000,2.456437,1,10.207906,5.000000,15
671,75,9.264362,14542,7.761832796,7.764000000,2.167204,1,9.264362,5.000000,15
672,75,10.161773,14542,7.777055755,7.779500000,2.444245,1,10.161773,5.000000,15
673,75,10.722010,14542,7.790788021,7.793000000,2.211979,1,10.722010,5.000000,15
674,75,10.833942,14542,7.809011652,7.811500000,2.488348,1,10.833942,5.000000,15
675,75,11.702988,14542,7.823199044,7.828500000,5.300956,0,1392.803497,5.000000,15
677,75,10.176841,14542,7.836443947,7.838500000,2.056053,1,10.176841,5.000000,15
681,75,11.865665,14542,7.850152986,7.852500000,2.347014,1,11.865665,5.000000,15
683,75,11.676313,14542,7.864020959,7.866500000,2.479041,1,11.676313,5.000000,15
684,75,11.643646,14542,7.879199575,7.881500000,2.300425,1,11.643646,5.000000,15
685,75,11.956812,14542,7.893979437,7.896500000,2.520563,1,11.956812,5.000000,15
686,75,12.446378,14542,7.906930928,7.909000000,2.069072,1,12.446378,5.000000,14
687,75,12.499286,14542,7.920281711,7.925500000,5.218289,0,1392.803497,5.000000,15
688,75,12.660372,14542,7.933466122,7.935500000,2.033878,1,12.660372,5.000000,15
689,75,12.706741,14542,7.949077076,7.951500000,2.422924,1,12.706741,5.000000,15
690,75,12.586534,14542,7.962317229,7.964500000,2.182771,1,12.586534,5.000000,15
692,75,12.261897,14542,7.977690599,7.980000000,2.309401,1,12.261897,5.000000,15
694,75,11.813666,14542,7.991147105,7.993500000,2.352895,1,11.813666,5.000000,15
696,75,11.486094,14542,8.004693215,8.007000000,2.306785,1,11.486094,5.000000,15
697,75,11.549560,14542,8.020456613,8.022500000,2.043387,1,11.549560,5.000000,15
698,75,11.593059,14542,8.035512400,8.038000000,2.487600,1,11.593059,5.000000,15
699,75,11.722862,14542,8.053462117,8.055500000,2.037883,1,11.722862,5.000000,15
700,75,11.557265,14542,8.068849282,8.071000000,2.150718,1,11.557265,5.000000,15
701,75,11.691088,14542,8.083629410,8.086000000,2.370590,1,11.691088,5.000000,15
702,75,12.527554,14542,8.098920694,8.101000000,2.079306,1,12.527554,5.000000,15
703,75,12.248851,14542,8.113377408,8.115500000,2.122592,1,12.248851,5.000000,15
704,75,12.119058,14542,8.128409846,8.130500000,2.090154,1,12.119058,5.000000,15
706,75,12.290427,14542,8.142167608,8.144500000,2.332392,1,12.290427,5.000000,15
707,75,12.877198,14542,8.155147349,8.157500000,2.352651,1,12.877198,5.000000,15
708,75,12.779450,14542,8.170588999,8.173000000,2.411001,1,12.779450,5.000000,15
709,75,13.364180,14542,8.185840245,8.188000000,2.159755,1,13.364180,5.000000,15
710,75,13.060943,14542,8.199598005,8.202000000,2.401995,1,13.060943,5.000000,15
711,75,12.691202,14542,8.213362578,8.215500000,2.137422,1,12.691202,5.000000,15
712,75,12.532005,14542,8.227537785,8.230000000,2.462215,1,12.532005,5.000000,15
713,75,12.140052,14542,8.240920771,8.243000000,2.079229,1,12.140052,5.000000,15
714,75,11.990068,14542,8.254168371,8.256500000,2.331629,1,11.990068,5.000000,15
715,75,11.504342,14542,8.267540163,8.270000000,2.459837,1,11.504342,5.000000,15
716,75,11.309859,14542,8.280991583,8.283500000,2.508417,1,11.309859,5.000000,15
717,75,11.314836,14542,8.295061061,8.297500000,2.438939,1,11.314836,5.000000,15
719,75,10.881057,14542,8.308063535,8.310500000,2.436465,1,10.881057,5.000000,14
720,75,10.539586,14542,8.322385067,8.324500000,2.114933,1,10.539586,5.000000,15
721,75,10.453345,14542,8.337319119,8.339500000,2.180881,1,10.453345,5.000000,15
722,75,10.289613,14542,8.350147383,8.352500000,2.352617,1,10.289613,5.000000,15
723,75,10.403214,14542,8.365712629,8.368000000,2.287371,1,10.403214,5.000000,15
724,75,10.142124,14542,8.378422896,8.380500000,2.077104,1,10.142124,5.000000,15
725,75,10.257719,14542,8.392058293,8.394500000,2.441707,1,10.257719,5.000000,15
726,75,9.728270,14542,8.407086500,8.409500000,2.413500,1,9.728270,5.000000,15
728,75,9.404543,14542,8.422787702,8.425000000,2.212298,1,9.404543,5.000000,15
729,75,9.215558,14542,8.435780905,8.438000000,2.219095,1,9.215558,5.000000,15
730,75,9.219748,14542,8.450734121,8.453000000,2.265879,1,9.219748,5.000000,15
731,75,8.945422,14542,8.463595544,8.466000000,2.404456,1,8.945422,5.000000,15
732,75,8.700313,14542,8.478400003,8.480500000,2.099997,1,8.700313,5.000000,15
733,75,8.856384,14542,8.493613293,8.496000000,2.386707,1,8.856384,5.000000,15
735,75,9.024144,14542,8.507112237,8.509500000,2.387763,1,9.024144,5.000000,15
737,75,8.423422,14542,8.520490493,8.523000000,2.509507,1,8.423422,5.000000,15
738,75,8.341773,14542,8.534342001,8.536500000,2.157999,1,8.341773,5.000000,15
739,75,8.441177,14542,8.549263450,8.551500000,2.236550,1,8.441177,5.000000,15
740,75,8.090683,14542,8.561931905,8.564000000,2.068095,1,8.090683,5.000000,15
741,75,8.020737,14542,8.574830413,8.577000000,2.169587,1,8.020737,5.000000,15
743,75,7.650147,14542,8.587893548,8.590000000,2.106452,1,7.650147,5.000000,15
744,75,7.280308,14542,8.602167439,8.604500000,2.332561,1,7.280308,5.000000,15
745,75,7.255388,14542,8.615838932,8.618000000,2.161068,1,7.255388,5.000000,15
746,75,7.073455,14542,8.629970378,8.632000000,2.029622,1,7.073455,5.000000,15
747,75,7.058370,14542,8.643952292,8.646000000,2.047708,1,7.058370,5.000000,15
748,75,6.939748,14542,8.657355745,8.659500000,2.144255,1,6.939748,5.000000,15
749,75,6.932189,14542,8.674559007,8.677000000,2.440993,1,6.932189,5.000000,15
750,75,6.992670,14542,8.687627643,8.690000000,2.372357,1,6.992670,5.000000,15
751,75,7.065586,14542,8.700468566,8.702500000,2.031434,1,7.065586,5.000000,15
752,75,7.343630,14542,8.713643499,8.716000000,2.356501,1,7.343630,5.000000,15
753,75,7.350656,14542,8.726621118,8.729000000,2.378882,1,7.350656,5.000000,15
754,75,7.553579,14542,8.740900747,8.743000000,2.099253,1,7.553579,5.000000,15
757,75,8.134603,14542,8.753864190,8.756000000,2.135810,1,8.134603,5.000000,15
758,75,8.231839,14542,8.767429750,8.769500000,2.070250,1,8.231839,5.000000,15
759,75,8.388837,14542,8.780209232,8.782500000,2.290768,1,8.388837,5.000000,15
760,75,8.436185,14542,8.793584997,8.796000000,2.415003,1,8.436185,5.000000,15
762,75,8.542875,14542,8.806442469,8.808500000,2.057531,1,8.542875,5.000000,15
763,75,8.638270,14542,8.820260764,8.822500000,2.239236,1,8.638270,5.000000,14
764,75,8.805969,14542,8.834095413,8.836500000,2.404587,1,8.805969,5.000000,14
766,75,9.422861,14542,8.849362640,8.851500000,2.137360,1,9.422861,5.000000,14
767,75,9.156406,14542,8.862732816,8.865000000,2.267184,1,9.156406,5.000000,14
768,75,9.061227,14542,8.877448100,8.879500000,2.051900,1,9.061227,5.000000,14
769,75,9.213380,14542,8.892227791,8.894500000,2.272209,1,9.213380,5.000000,14
770,75,8.899316,14542,8.907946400,8.910000000,2.053600,1,8.899316,5.000000,15
771,75,8.860376,14542,8.922047321,8.924500000,2.452679,1,8.860376,5.000000,14
773,75,9.215145,14542,8.937666756,8.940000000,2.333244,1,9.215145,5.000000,14
774,75,9.388038,14542,8.950860478,8.953000000,2.139522,1,9.388038,5.000000,14
775,75,9.594880,14542,8.964565208,8.967000000,2.434792,1,9.594880,5.000000,14
776,75,9.387949,14542,8.979697043,8.982000000,2.302957,1,9.387949,5.000000,14
777,75,9.482611,14542,8.993952734,8.996000000,2.047266,1,9.482611,5.000000,14
778,75,9.374955,14542,9.010843226,9.013000000,2.156774,1,9.374955,5.000000,14
779,75,9.689156,14542,9.025297699,9.027500000,2.202301,1,9.689156,5.000000,14
780,75,10.285825,14542,9.042042645,9.044500000,2.457355,1,10.285825,5.000000,14
781,75,10.168993,14542,9.057089815,9.059500000,2.410185,1,10.168993,5.000000,14
782,75,9.429295,14542,9.069780475,9.072000000,2.219525,1,9.429295,5.000000,14
783,75,9.775182,14542,9.083634048,9.086000000,2.365952,1,9.775182,5.000000,14
784,75,11.058717,14542,9.098500560,9.101000000,2.499440,1,11.058717,5.000000,14
786,75,11.243780,14542,9.111185029,9.113500000,2.314971,1,11.243780,5.000000,14
787,75,10.948917,14542,9.126258419,9.131500000,5.241581,0,1392.803497,5.000000,14
788,75,11.894552,14542,9.139780786,9.142000000,2.219214,1,11.894552,5.000000,14
789,75,11.355825,14542,9.152499222,9.155000000,2.500778,1,11.355825,5.000000,14
791,75,13.252042,14542,9.165280798,9.167500000,2.219202,1,13.252042,5.000000,14
792,75,13.336704,14542,9.178050289,9.180500000,2.449711,1,13.336704,5.000000,14
793,75,13.399074,14542,9.192363328,9.194500000,2.136672,1,13.399074,5.000000,14
795,75,12.934521,14542,9.207400992,9.212500000,5.099008,0,1392.803497,5.000000,14
796,75,14.268559,14542,9.221195233,9.223500000,2.304767,1,14.268559,5.000000,14
797,75,15.844325,14542,9.234719511,9.237000000,2.280489,1,15.844325,5.000000,14
799,75,17.478770,14542,9.249712567,9.252000000,2.287433,1,17.478770,5.000000,14
800,75,18.556574,14542,9.263824923,9.266000000,2.175077,1,18.556574,5.000000,14
802,75,19.248029,14542,9.279892399,9.282000000,2.107601,1,19.248029,5.000000,14
803,75,19.734635,14542,9.292698724,9.295000000,2.301276,1,19.734635,5.000000,14
804,75,19.290075,14542,9.305451814,9.307500000,2.048186,1,19.290075,5.000000,14
805,75,17.413488,14542,9.318417438,9.323500000,5.082562,0,1392.803497,5.000000,14
806,75,17.132704,14542,9.334507648,9.337000000,2.492352,1,17.132704,5.000000,14
808,75,16.929014,14542,9.350257535,9.352500000,2.242465,1,16.929014,5.000000,14
812,75,16.319049,14542,9.364257771,9.366500000,2.242229,1,16.319049,5.000000,14
813,75,15.885026,14542,9.380926351,9.383000000,2.073649,1,15.885026,5.000000,14
814,75,14.712500,14542,9.394480510,9.397000000,2.519490,1,14.712500,5.000000,14
815,75,13.598184,14542,9.408073346,9.410500000,2.426654,1,13.598184,5.000000,14
816,75,13.022550,14542,9.421693733,9.424000000,2.306267,1,13.022550,5.000000,15
817,75,11.796790,14542,9.434405789,9.436500000,2.094211,1,11.796790,5.000000,15
818,75,11.259266,14542,9.449937331,9.452000000,2.062669,1,11.259266,5.000000,15
819,75,10.598396,14542,9.464040751,9.466500000,2.459249,1,10.598396,5.000000,15
820,75,10.382940,14542,9.481377300,9.483500000,2.122700,1,10.382940,5.000000,15
821,75,10.665238,14542,9.494382388,9.496500000,2.117612,1,10.665238,5.000000,15
822,75,10.761975,14542,9.508140374,9.510500000,2.359626,1,10.761975,5.000000,15
823,75,10.500317,14542,9.522910224,9.525000000,2.089776,1,10.500317,5.000000,14
824,75,10.058474,14542,9.539585218,9.542000000,2.414782,1,10.058474,5.000000,14
825,75,10.223884,14542,9.552746409,9.555000000,2.253591,1,10.223884,5.000000,14
826,75,9.249691,14542,9.566206472,9.568500000,2.293528,1,9.249691,5.000000,14
827,75,9.006736,14542,9.580173402,9.582500000,2.326598,1,9.006736,5.000000,14
828,75,9.815961,14542,9.595342099,9.597500000,2.157901,1,9.815961,5.000000,14
829,75,9.818406,14542,9.608258545,9.610500000,2.241455,1,9.818406,5.000000,14
830,75,9.703189,14542,9.621623185,9.624000000,2.376815,1,9.703189,5.000000,14
831,75,9.894128,14542,9.637529211,9.640000000,2.470789,1,9.894128,5.000000,14
832,75,9.930230,14542,9.657393140,9.659500000,2.106860,1,9.930230,5.000000,14
833,75,10.023972,14542,9.671013295,9.673500000,2.486705,1,10.023972,5.000000,14
834,75,10.310711,14542,9.685109365,9.687500000,2.390635,1,10.310711,5.000000,14
835,75,9.970196,14542,9.701546873,9.704000000,2.453127,1,9.970196,5.000000,14
836,75,9.876804,14542,9.715204965,9.717500000,2.295035,1,9.876804,5.000000,14
837,75,10.187391,14542,9.728084392,9.730500000,2.415608,1,10.187391,5.000000,14
839,75,10.657786,14542,9.742772446,9.745000000,2.227554,1,10.657786,5.000000,14
841,75,11.163590,14542,9.757097165,9.759500000,2.402835,1,11.163590,5.000000,14
842,75,11.879353,14542,9.770756025,9.773000000,2.243975,1,11.879353,5.000000,14
843,75,12.598178,14542,9.783629867,9.786000000,2.370133,1,12.598178,5.000000,14
845,75,13.821608,14542,9.798279092,9.800500000,2.220908,1,13.821608,5.000000,14
846,75,14.417733,14542,9.811247323,9.813500000,2.252677,1,14.417733,5.000000,15
847,75,15.199673,14542,9.824376743,9.826500000,2.123257,1,15.199673,5.000000,15
848,75,16.101491,14542,9.839141094,9.841500000,2.358906,1,16.101491,5.000000,15
849,75,15.291356,14542,9.853539378,9.856000000,2.460622,1,15.291356,5.000000,15
850,75,15.662147,14542,9.866696792,9.869000000,2.303208,1,15.662147,5.000000,15
851,75,16.457667,14542,9.879460383,9.881500000,2.039617,1,16.457667,5.000000,15
852,75,16.055353,14542,9.892788023,9.895000000,2.211977,1,16.055353,5.000000,15
853,75,16.132631,14542,9.907041200,9.909500000,2.458800,1,16.132631,5.000000,14
854,75,16.829430,14542,9.921184356,9.923500000,2.315644,1,16.829430,5.000000,15
855,75,17.044062,14542,9.934058028,9.936500000,2.441972,1,17.044062,5.000000,15
856,75,17.393930,14542,9.946762030,9.949000000,2.237970,1,17.393930,5.000000,15
857,75,17.095944,14542,9.963177110,9.965500000,2.322890,1,17.095944,5.000000,15
858,75,17.412667,14542,9.979050548,9.981500000,2.449452,1,17.412667,5.000000,15
859,75,17.839317,14542,9.991941564,9.994000000,2.058436,1,17.839317,5.000000,15
860,75,17.846162,14542,10.006063713,10.008500000,2.436287,1,17.846162,5.000000,14
861,75,17.532503,14542,10.019941739,10.022000000,2.058261,1,17.532503,5.000000,15
863,75,17.819859,14542,10.033983508,10.036500000,2.516492,1,17.819859,5.000000,15
865,75,16.368894,14542,10.046774510,10.049000000,2.225490,1,16.368894,5.000000,15
866,75,15.925081,14542,10.059979903,10.062500000,2.520097,1,15.925081,5.000000,15
867,75,14.338300,14542,10.073795084,10.076000000,2.204916,1,14.338300,5.000000,15
868,75,13.995044,14542,10.086610906,10.089000000,2.389094,1,13.995044,5.000000,15
870,75,12.275724,14542,10.100213957,10.102500000,2.286043,1,12.275724,5.000000,15
871,75,12.521764,14542,10.114425140,10.116500000,2.074860,1,12.521764,5.000000,14
872,75,12.483304,14542,10.128074196,10.130500000,2.425804,1,12.483304,5.000000,14
873,75,11.797649,14542,10.143125780,10.145500000,2.374220,1,11.797649,5.000000,14
874,75,11.928794,14542,10.159500002,10.162000000,2.499998,1,11.928794,5.000000,14
875,75,12.421723,14542,10.173639897,10.176000000,2.360103,1,12.421723,5.000000,14
876,75,12.852623,14542,10.189397680,10.191500000,2.102320,1,12.852623,5.000000,14
877,75,12.485807,14542,10.204639062,10.207000000,2.360938,1,12.485807,5.000000,14
878,75,13.112140,14542,10.217841341,10.220000000,2.158659,1,13.112140,5.000000,15
879,75,13.764745,14542,10.234135594,10.236500000,2.364406,1,13.764745,5.000000,15
880,75,13.462337,14542,10.247313587,10.249500000,2.186413,1,13.462337,5.000000,15
881,75,12.933709,14542,10.260290357,10.262500000,2.209643,1,12.933709,5.000000,15
882,75,12.521827,14542,10.275115643,10.277500000,2.384357,1,12.521827,5.000000,15
883,75,12.652187,14542,10.287956556,10.290000000,2.043444,1,12.652187,5.000000,15
884,75,11.817283,14542,10.301003371,10.303500000,2.496629,1,11.817283,5.000000,15
885,75,12.277462,14542,10.316038990,10.321500000,5.461010,0,1392.803497,5.000000,15
886,75,12.663683,14542,10.330242161,10.332500000,2.257839,1,12.663683,5.000000,15
887,75,14.698631,14542,10.343237720,10.345500000,2.262280,1,14.698631,5.000000,15
888,75,15.293610,14542,10.359104246,10.361500000,2.395754,1,15.293610,5.000000,15
889,75,16.016853,14542,10.373958327,10.376000000,2.041673,1,16.016853,5.000000,15
890,75,16.134812,14542,10.388139189,10.390500000,2.360811,1,16.134812,5.000000,15
891,75,16.035765,14542,10.403125470,10.405500000,2.374530,1,16.035765,5.000000,15
892,75,15.029317,14542,10.416788830,10.419000000,2.211170,1,15.029317,5.000000,14
893,75,14.767400,14542,10.429683705,10.432000000,2.316295,1,14.767400,5.000000,14
894,75,14.573037,14542,10.443337833,10.445500000,2.162167,1,14.573037,5.000000,14
895,75,14.063107,14542,10.456199764,10.458500000,2.300236,1,14.063107,5.000000,14
896,75,14.112447,14542,10.469045640,10.471500000,2.454360,1,14.112447,5.000000,14
897,75,13.886063,14542,10.482457028,10.484500000,2.042972,1,13.886063,5.000000,14
898,75,13.940496,14542,10.497550989,10.500000000,2.449011,1,13.940496,5.000000,14
899,75,13.481108,14542,10.511724657,10.514000000,2.275343,1,13.481108,5.000000,14
901,75,13.591055,14542,10.524748266,10.527000000,2.251734,1,13.591055,5.000000,14
902,75,13.476010,14542,10.538427226,10.540500000,2.072774,1,13.476010,5.000000,14
903,75,13.162743,14542,10.552306562,10.554500000,2.193438,1,13.162743,5.000000,14
904,75,13.187370,14542,10.566296687,10.568500000,2.203313,1,13.187370,5.000000,14
905,75,13.085548,14542,10.583107534,10.585500000,2.392466,1,13.085548,5.000000,14
906,75,13.015947,14542,10.597931041,10.600000000,2.068959,1,13.015947,5.000000,14
907,75,13.730842,14542,10.611248113,10.613500000,2.251887,1,13.730842,5.000000,15
908,75,14.424272,14542,10.624350267,10.626500000,2.149733,1,14.424272,5.000000,15
909,75,14.327846,14542,10.638688649,10.641000000,2.311351,1,14.327846,5.000000,15
910,75,13.894205,14542,10.651873681,10.654000000,2.126319,1,13.894205,5.000000,15
911,75,13.614821,14542,10.667349330,10.669500000,2.150670,1,13.614821,5.000000,15
912,75,12.638381,14542,10.682858307,10.685000000,2.141693,1,12.638381,5.000000,15
913,75,11.584762,14542,10.697710687,10.700000000,2.289313,1,11.584762,5.000000,15
914,75,10.603668,14542,10.711211998,10.713500000,2.288002,1,10.603668,5.000000,14
915,75,9.512977,14542,10.724534097,10.727000000,2.465903,1,9.512977,5.000000,15
916,75,9.881527,14542,10.737415567,10.739500000,2.084433,1,9.881527,5.000000,15
917,75,9.632653,14542,10.751565447,10.754000000,2.434553,1,9.632653,5.000000,15
918,75,9.713759,14542,10.766470236,10.768500000,2.029764,1,9.713759,5.000000,15
919,75,9.932375,14542,10.779157205,10.781500000,2.342795,1,9.932375,5.000000,15
920,75,10.504980,14542,10.793147736,10.795500000,2.352264,1,10.504980,5.000000,15
921,75,10.248309,14542,10.806315378,10.808500000,2.184622,1,10.248309,5.000000,14
922,75,10.327539,14542,10.819711920,10.822000000,2.288080,1,10.327539,5.000000,15
923,75,10.203397,14542,10.833183117,10.835500000,2.316883,1,10.203397,5.000000,15
924,75,10.231830,14542,10.846030345,10.848500000,2.469655,1,10.231830,5.000000,15
925,75,9.856134,14542,10.859209263,10.861500000,2.290737,1,9.856134,5.000000,15
926,75,9.928014,14542,10.873991208,10.876500000,2.508792,1,9.928014,5.000000,15
927,75,10.105808,14542,10.887103290,10.889500000,2.396710,1,10.105808,5.000000,15
928,75,10.303940,14542,10.901478987,10.904000000,2.521013,1,10.303940,5.000000,15
929,75,10.347878,14542,10.914591559,10.917000000,2.408441,1,10.347878,5.000000,15
930,75,10.939881,14542,10.929364002,10.931500000,2.135998,1,10.939881,5.000000,15
931,75,10.538397,14542,10.942823002,10.945000000,2.176998,1,10.538397,5.000000,15
933,75,9.881940,14542,10.955494462,10.958000000,2.505538,1,9.881940,5.000000,15
934,75,9.559523,14542,10.971572977,10.974000000,2.427023,1,9.559523,5.000000,15
935,75,9.185935,14542,10.984351878,10.986500000,2.148122,1,9.185935,5.000000,15
936,75,8.958090,14542,10.997198104,10.999500000,2.301896,1,8.958090,5.000000,15
937,75,8.694094,14542,11.011404916,11.013500000,2.095084,1,8.694094,5.000000,14
938,75,8.686194,14542,11.024443352,11.026500000,2.056648,1,8.686194,5.000000,14
939,75,8.666507,14542,11.038528678,11.041000000,2.471322,1,8.666507,5.000000,14
940,75,8.963369,14542,11.051790063,11.054000000,2.209937,1,8.963369,5.000000,14
941,75,9.332659,14542,11.066275813,11.068500000,2.224187,1,9.332659,5.000000,14
942,75,9.392442,14542,11.082287319,11.084500000,2.212681,1,9.392442,5.000000,14
943,75,9.537303,14542,11.097882196,11.100000000,2.117804,1,9.537303,5.000000,14
944,75,9.716233,14542,11.113024689,11.118500000,5.475311,0,1392.803497,5.000000,14
945,75,10.098671,14542,11.125837684,11.128000000,2.162316,1,10.098671,5.000000,14
946,75,10.197026,14542,11.141457856,11.143500000,2.042144,1,10.197026,5.000000,14
947,75,10.139403,14542,11.156023260,11.158500000,2.476740,1,10.139403,5.000000,14
948,75,10.367267,14542,11.170922056,11.173000000,2.077944,1,10.367267,5.000000,14
950,75,10.656467,14542,11.186124741,11.188500000,2.375259,1,10.656467,5.000000,14
951,75,10.532296,14542,11.198890319,11.201000000,2.109681,1,10.532296,5.000000,14
952,75,11.514403,14542,11.212569513,11.215000000,2.430487,1,11.514403,5.000000,14
953,75,11.538265,14542,11.226057716,11.228500000,2.442284,1,11.538265,5.000000,14
954,75,11.792786,14542,11.240982037,11.243500000,2.517963,1,11.792786,5.000000,14
955,75,11.895524,14542,11.255647869,11.258000000,2.352131,1,11.895524,5.000000,14
956,75,12.206912,14542,11.272576157,11.275000000,2.423843,1,12.206912,5.000000,14
957,75,12.113134,14542,11.287904071,11.290000000,2.095929,1,12.113134,5.000000,14
958,75,12.064960,14542,11.304835105,11.310000000,5.164895,0,1392.803497,5.000000,14
959,75,11.764777,14542,11.319862800,11.322000000,2.137200,1,11.764777,5.000000,14
960,75,11.619838,14542,11.333195531,11.335500000,2.304469,1,11.619838,5.000000,14
961,75,10.783903,14542,11.346836153,11.349000000,2.163847,1,10.783903,5.000000,14
962,75,10.713843,14542,11.360829974,11.363000000,2.170026,1,10.713843,5.000000,14
963,75,10.224840,14542,11.373732412,11.376000000,2.267588,1,10.224840,5.000000,14
965,75,9.373820,14542,11.387311292,11.389500000,2.188708,1,9.373820,5.000000,14
966,75,9.302388,14542,11.401076558,11.403500000,2.423442,1,9.302388,5.000000,14
967,75,8.601134,14542,11.417655584,11.423000000,5.344416,0,1392.803497,5.000000,14
968,75,8.276553,14542,11.432062666,11.434500000,2.437334,1,8.276553,5.000000,14
969,75,7.852469,14542,11.446311726,11.448500000,2.188274,1,7.852469,5.000000,14
970,75,7.927959,14542,11.460126603,11.462500000,2.373397,1,7.927959,5.000000,14
971,75,8.122302,14542,11.473638147,11.476000000,2.361853,1,8.122302,5.000000,14
972,75,8.798589,14542,11.489772436,11.492000000,2.227564,1,8.798589,5.000000,14
973,75,8.499047,14542,11.504356872,11.506500000,2.143128,1,8.499047,5.000000,14
974,75,8.320748,14542,11.517461455,11.519500000,2.038545,1,8.320748,5.000000,14
975,75,7.912683,14542,11.531494336,11.534000000,2.505664,1,7.912683,5.000000,14
977,75,7.921334,14542,11.545154083,11.547500000,2.345917,1,7.921334,5.000000,14
979,75,8.824924,14542,11.558651331,11.561000000,2.348669,1,8.824924,5.000000,14
980,75,8.873519,14542,11.572117291,11.574500000,2.382709,1,8.873519,5.000000,14
981,75,8.517183,14542,11.586477693,11.589000000,2.522307,1,8.517183,5.000000,14
982,75,8.365686,14542,11.600593132,11.603000000,2.406868,1,8.365686,5.000000,14
983,75,8.417359,14542,11.613793777,11.616000000,2.206223,1,8.417359,5.000000,14
984,75,8.514090,14542,11.626681992,11.629000000,2.318008,1,8.514090,5.000000,14
985,75,8.368189,14542,11.639782532,11.642000000,2.217468,1,8.368189,5.000000,14
986,75,8.423263,14542,11.653427947,11.655500000,2.072053,1,8.423263,5.000000,14
987,75,8.336770,14542,11.666805584,11.669000000,2.194416,1,8.336770,5.000000,14
988,75,8.238157,14542,11.681222933,11.683500000,2.277067,1,8.238157,5.000000,14
989,75,8.223003,14542,11.694963410,11.697000000,2.036590,1,8.223003,5.000000,14
991,75,8.255245,14542,11.709456275,11.714500000,5.043725,0,1392.803497,5.000000,14
992,75,8.255201,14542,11.723863726,11.726000000,2.136274,1,8.255201,5.000000,14
993,75,8.092539,14542,11.741034844,11.743500000,2.465156,1,8.092539,5.000000,14
994,75,8.042154,14542,11.757632785,11.760000000,2.367215,1,8.042154,5.000000,14
995,75,7.738120,14542,11.771014022,11.773500000,2.485978,1,7.738120,5.000000,14
996,75,7.832525,14542,11.785727308,11.788000000,2.272692,1,7.832525,5.000000,14
997,75,7.917661,14542,11.802886179,11.805000000,2.113821,1,7.917661,5.000000,14
998,75,8.074684,14542,11.815945546,11.818000000,2.054454,1,8.074684,5.000000,14
999,75,8.189422,14542,11.830565539,11.833000000,2.434461,1,8.189422,5.000000,14
1000,75,8.493583,14542,11.844161057,11.846500000,2.338943,1,8.493583,5.000000,14
1001,75,8.566123,14542,11.859061239,11.861500000,2.438761,1,8.566123,5.000000,14
1002,75,8.740016,14542,11.873901312,11.876000000,2.098688,1,8.740016,5.000000,14
1004,75,8.849538,14542,11.887008032,11.889500000,2.491968,1,8.849538,5.000000,14
1005,75,9.000264,14542,11.901043649,11.903500000,2.456351,1,9.000264,5.000000,14
1006,75,9.246507,14542,11.915318680,11.917500000,2.181320,1,9.246507,5.000000,14
1007,75,9.532710,14542,11.931026426,11.933500000,2.473574,1,9.532710,5.000000,14
1008,75,9.844414,14542,11.944384737,11.946500000,2.115263,1,9.844414,5.000000,14
1009,75,10.132678,14542,11.958329300,11.960500000,2.170700,1,10.132678,5.000000,14
1010,75,10.444861,14542,11.973002665,11.975500000,2.497335,1,10.444861,5.000000,14
1012,75,10.089196,14542,11.986865194,11.989000000,2.134806,1,10.089196,5.000000,14
1013,75,9.803770,14542,12.001838789,12.004000000,2.161211,1,9.803770,5.000000,14
1014,75,9.974966,14542,12.015680757,12.018000000,2.319243,1,9.974966,5.000000,15
1015,75,10.014934,14542,12.028759936,12.031000000,2.240064,1,10.014934,5.000000,15
1016,75,9.738888,14542,12.042214472,12.044500000,2.285528,1,9.738888,5.000000,15
1017,75,9.525484,14542,12.058210499,12.060500000,2.289501,1,9.525484,5.000000,15
1019,75,9.548980,14542,12.071130388,12.073500000,2.369612,1,9.548980,5.000000,15
1020,75,9.812287,14542,12.085947013,12.088000000,2.052987,1,9.812287,5.000000,15
1021,75,9.954546,14542,12.099445745,12.104500000,5.054255,0,1392.803497,5.000000,15
1022,75,10.189817,14542,12.112736132,12.115000000,2.263868,1,10.189817,5.000000,15
1023,75,10.204353,14542,12.125958814,12.128000000,2.041186,1,10.204353,5.000000,15
1024,75,10.588375,14542,12.140986690,12.143500000,2.513310,1,10.588375,5.000000,15
1025,75,10.772852,14542,12.155103805,12.157500000,2.396195,1,10.772852,5.000000,15
1026,75,10.990538,14542,12.168630882,12.171000000,2.369118,1,10.990538,5.000000,15
1027,75,11.246399,14542,12.181388324,12.183500000,2.111676,1,11.246399,5.000000,15
1028,75,11.915625,14542,12.194961150,12.197000000,2.038850,1,11.915625,5.000000,15
1030,75,12.353423,14542,12.207912847,12.210000000,2.087153,1,12.353423,5.000000,14
1031,75,11.908668,14542,12.222215812,12.224500000,2.284188,1,11.908668,5.000000,14
1033,75,11.393579,14542,12.234932095,12.237000000,2.067905,1,11.393579,5.000000,14
1034,75,11.447993,14542,12.248308679,12.250500000,2.191321,1,11.447993,5.000000,14
1035,75,10.671160,14542,12.264822987,12.267000000,2.177013,1,10.671160,5.000000,14
1038,75,9.818470,14542,12.279397757,12.281500000,2.102243,1,9.818470,5.000000,14
1039,75,9.079490,14542,12.293289822,12.295500000,2.210178,1,9.079490,5.000000,14
1040,75,8.680755,14542,12.307564200,12.310000000,2.435800,1,8.680755,5.000000,14
1042,75,8.959997,14542,12.321807484,12.324000000,2.192516,1,8.959997,5.000000,14
1043,75,9.139034,14542,12.338822564,12.341000000,2.177436,1,9.139034,5.000000,14
1044,75,9.511826,14542,12.354858584,12.357000000,2.141416,1,9.511826,5.000000,14
1045,75,9.024264,14542,12.370146491,12.372500000,2.353509,1,9.024264,5.000000,14
1046,75,9.317852,14542,12.383912715,12.386000000,2.087285,1,9.317852,5.000000,14
1049,75,10.230944,14542,12.398024038,12.400500000,2.475962,1,10.230944,5.000000,14
1050,75,12.053434,14542,12.416123493,12.418500000,2.376507,1,12.053434,5.000000,14
1051,75,13.132112,14542,12.429339179,12.431500000,2.160821,1,13.132112,5.000000,14
1052,75,14.675723,14542,12.443516426,12.446000000,2.483574,1,14.675723,5.000000,14
1054,75,14.303376,14542,12.457927002,12.460000000,2.072998,1,14.303376,5.000000,14
1056,75,14.200503,14542,12.470957414,12.473000000,2.042586,1,14.200503,5.000000,14
1058,75,15.878652,14542,12.484472306,12.486500000,2.027694,1,15.878652,5.000000,14
1059,75,15.073620,14542,12.498317576,12.500500000,2.182424,1,15.073620,5.000000,14
1060,75,15.054019,14542,12.514201841,12.516500000,2.298159,1,15.054019,5.000000,14
1062,75,14.611534,14542,12.529297143,12.531500000,2.202857,1,14.611534,5.000000,14
1063,75,13.595480,14542,12.544688120,12.547000000,2.311880,1,13.595480,5.000000,14
1064,75,14.048917,14542,12.560983734,12.563500000,2.516266,1,14.048917,5.000000,14
1065,75,14.891281,14542,12.574994948,12.577500000,2.505052,1,14.891281,5.000000,14
1066,75,16.339950,14542,12.590234894,12.592500000,2.265106,1,16.339950,5.000000,14
1067,75,17.055991,14542,12.603498905,12.606000000,2.501095,1,17.055991,5.000000,14
1069,75,20.116131,14542,12.616636061,12.619000000,2.363939,1,20.116131,5.000000,15
1070,75,21.785289,14542,12.629405154,12.631500000,2.094846,1,21.785289,5.000000,15
1071,75,23.325184,14542,12.642769011,12.645000000,2.230989,1,23.325184,5.000000,15
1072,75,26.847406,14542,12.656711466,12.659000000,2.288534,1,26.847406,5.000000,15
1073,75,30.569800,14542,12.670781384,12.673000000,2.218616,1,30.569800,5.000000,15
1074,75,36.854643,14542,12.686657566,12.689000000,2.342434,1,36.854643,5.000000,15
1075,75,38.669339,14542,12.699839906,12.702000000,2.160094,1,38.669339,5.000000,15
1076,75,43.790243,14542,12.714265484,12.716500000,2.234516,1,43.790243,5.000000,15
1077,75,44.207098,14542,12.728882481,12.731000000,2.117519,1,44.207098,5.000000,15
1078,75,46.601541,14542,12.744981676,12.747500000,2.518324,1,46.601541,5.000000,15
1079,75,45.642471,14542,12.759920357,12.762000000,2.079643,1,45.642471,5.000000,15
1081,75,46.900128,14542,12.775932117,12.778000000,2.067883,1,46.900128,5.000000,15
1082,75,49.421523,14542,12.789176296,12.791500000,2.323704,1,49.421523,5.000000,15
1083,75,49.266128,14542,12.802451101,12.804500000,2.048899,1,49.266128,5.000000,15
1084,75,51.908602,14542,12.817094466,12.819500000,2.405534,1,51.908602,5.000000,15
1085,75,50.769549,14542,12.831235598,12.833500000,2.264402,1,50.769549,5.000000,15
1086,75,51.876512,14542,12.844692400,12.847000000,2.307600,1,51.876512,5.000000,15
1087,75,50.923110,14542,12.858746629,12.861000000,2.253371,1,50.923110,5.000000,15
1088,75,50.413086,14542,12.872880958,12.875000000,2.119042,1,50.413086,5.000000,15
1090,75,49.817471,14542,12.889425792,12.891500000,2.074208,1,49.817471,5.000000,15
1091,75,51.982977,14542,12.902782572,12.905000000,2.217428,1,51.982977,5.000000,15
1092,75,54.975013,14542,12.915879591,12.918000000,2.120409,1,54.975013,5.000000,15
1093,75,51.706095,14542,12.930482426,12.933000000,2.517574,1,51.706095,5.000000,15
1094,75,49.566677,14542,12.944221196,12.946500000,2.278804,1,49.566677,5.000000,15
1095,75,44.173654,14542,12.959702873,12.962000000,2.297127,1,44.173654,5.000000,15
1096,75,43.536326,14542,12.974744669,12.977000000,2.255331,1,43.536326,5.000000,15
1097,75,43.260650,14542,12.990666424,12.993000000,2.333576,1,43.260650,5.000000,15
1098,75,40.415911,14542,13.003704104,13.006000000,2.295896,1,40.415911,5.000000,15
1099,75,38.224401,14542,13.018638195,13.021000000,2.361805,1,38.224401,5.000000,15
1101,75,36.723463,14542,13.031439193,13.033500000,2.060807,1,36.723463,5.000000,15
1102,75,36.944145,14542,13.045466570,13.047500000,2.033430,1,36.944145,5.000000,15
1103,75,34.651839,14542,13.060020387,13.062500000,2.479613,1,34.651839,5.000000,15
1104,75,33.583064,14542,13.072691224,13.075000000,2.308776,1,33.583064,5.000000,15
1105,75,30.331262,14542,13.086645661,13.089000000,2.354339,1,30.331262,5.000000,15
1107,75,24.330065,14542,13.100169283,13.102500000,2.330717,1,24.330065,5.000000,15
1108,75,22.918483,14542,13.115816204,13.118000000,2.183796,1,22.918483,5.000000,15
1109,75,18.105430,14542,13.132705809,13.135000000,2.294191,1,18.105430,5.000000,15
1111,75,13.717341,14542,13.145438396,13.147500000,2.061604,1,13.717341,5.000000,15
1112,75,14.945340,14542,13.162793456,13.165000000,2.206544,1,14.945340,5.000000,15
1113,75,15.650293,14542,13.176200088,13.178500000,2.299912,1,15.650293,5.000000,15
1115,75,20.077239,14542,13.189565833,13.192000000,2.434167,1,20.077239,5.000000,15
1116,75,21.237102,14542,13.204462508,13.206500000,2.037492,1,21.237102,5.000000,14
1117,75,20.266759,14542,13.218810192,13.221000000,2.189808,1,20.266759,5.000000,15
1118,75,21.299981,14542,13.232368680,13.234500000,2.131320,1,21.299981,5.000000,15
1119,75,21.233714,14542,13.246993114,13.249500000,2.506886,1,21.233714,5.000000,15
1120,75,21.796082,14542,13.261303757,13.263500000,2.196243,1,21.796082,5.000000,15
1121,75,21.005472,14542,13.276724490,13.279000000,2.275510,1,21.005472,5.000000,15
1122,75,21.252120,14542,13.289416523,13.291500000,2.083477,1,21.252120,5.000000,15
1123,75,21.034933,14542,13.302619130,13.305000000,2.380870,1,21.034933,5.000000,15
1125,75,19.568589,14542,13.317232529,13.319500000,2.267471,1,19.568589,5.000000,15
1126,75,18.978771,14542,13.331940640,13.334000000,2.059360,1,18.978771,5.000000,15
1128,75,16.413457,14542,13.346209841,13.348500000,2.290159,1,16.413457,5.000000,15
1129,75,15.394482,14542,13.360848889,13.363000000,2.151111,1,15.394482,5.000000,15
1130,75,14.915919,14542,13.374173398,13.376500000,2.326602,1,14.915919,5.000000,15
1131,75,12.423039,14542,13.387487577,13.390000000,2.512423,1,12.423039,5.000000,15
1133,75,10.692268,14542,13.400663266,13.403000000,2.336734,1,10.692268,5.000000,15
1134,75,12.402599,14542,13.414291799,13.416500000,2.208201,1,12.402599,5.000000,15
1136,75,16.251626,14542,13.427672512,13.430000000,2.327488,1,16.251626,5.000000,15
1137,75,17.212893,14542,13.442586326,13.445000000,2.413674,1,17.212893,5.000000,15
1139,75,22.059230,14542,13.456522388,13.459000000,2.477612,1,22.059230,5.000000,15
1140,75,25.102676,14542,13.470344375,13.472500000,2.155625,1,25.102676,5.000000,15
1141,75,26.262144,14542,13.483356125,13.485500000,2.143875,1,26.262144,5.000000,15
1142,75,29.280546,14542,13.499366948,13.501500000,2.133052,1,29.280546,5.000000,15
1143,75,31.612073,14542,13.512915796,13.515000000,2.084204,1,31.612073,5.000000,15
1144,75,34.605385,14542,13.526015341,13.528500000,2.484659,1,34.605385,5.000000,15
1145,75,33.732785,14542,13.539869532,13.542000000,2.130468,1,33.732785,5.000000,15
1146,75,34.519018,14542,13.553242230,13.555500000,2.257770,1,34.519018,5.000000,15
1147,75,32.625537,14542,13.567264247,13.569500000,2.235753,1,32.625537,5.000000,15
1148,75,33.470438,14542,13.580103900,13.582500000,2.396100,1,33.470438,5.000000,15
1149,75,33.104909,14542,13.593719075,13.596000000,2.280925,1,33.104909,5.000000,15
1150,75,33.089406,14542,13.607798509,13.613000000,5.201491,0,1392.803497,5.000000,14
1152,75,32.579819,14542,13.622169949,13.624500000,2.330051,1,32.579819,5.000000,14
1153,75,33.871200,14542,13.635697617,13.638000000,2.302383,1,33.871200,5.000000,14
1154,75,35.186592,14542,13.651854215,13.654000000,2.145785,1,35.186592,5.000000,14
1155,75,34.755099,14542,13.668004173,13.670500000,2.495827,1,34.755099,5.000000,14
1156,75,33.603032,14542,13.680852845,13.683000000,2.147155,1,33.603032,5.000000,14
1158,75,32.563928,14542,13.693768259,13.696000000,2.231741,1,32.563928,5.000000,14
1159,75,32.236921,14542,13.707887720,13.710000000,2.112280,1,32.236921,5.000000,14
1160,75,33.086616,14542,13.721715402,13.727000000,5.284598,0,1392.803497,5.000000,14
1162,75,40.342726,14542,13.734813332,13.737000000,2.186668,1,40.342726,5.000000,14
1163,75,42.164677,14542,13.749036902,13.751500000,2.463098,1,42.164677,5.000000,14
1164,75,46.323288,14542,13.762216296,13.764500000,2.283704,1,46.323288,5.000000,14
1165,75,49.512722,14542,13.777307717,13.779500000,2.192283,1,49.512722,5.000000,14
1166,75,51.490389,14542,13.791786847,13.794000000,2.213153,1,51.490389,5.000000,14
1167,75,48.879264,14542,13.808149156,13.810500000,2.350844,1,48.879264,5.000000,14
1168,75,47.508402,14542,13.820882824,13.823000000,2.117176,1,47.508402,5.000000,14
1169,75,43.485490,14542,13.835949042,13.838000000,2.050958,1,43.485490,5.000000,14
1170,75,43.207881,14542,13.850369562,13.852500000,2.130438,1,43.207881,5.000000,14
1171,75,41.487179,14542,13.863295221,13.865500000,2.204779,1,41.487179,5.000000,14
1172,75,39.974192,14542,13.877507685,13.880000000,2.492315,1,39.974192,5.000000,14
1175,75,37.606625,14542,13.891093435,13.893500000,2.406565,1,37.606625,5.000000,14
1176,75,36.582812,14542,13.905568599,13.908000000,2.431401,1,36.582812,5.000000,14
1177,75,35.451148,14542,13.920176708,13.922500000,2.323292,1,35.451148,5.000000,14
1179,75,33.329622,14542,13.933361055,13.935500000,2.138945,1,33.329622,5.000000,14
1180,75,32.457461,14542,13.946038125,13.948500000,2.461875,1,32.457461,5.000000,14
1182,75,29.994905,14542,13.960277527,13.962500000,2.222473,1,29.994905,5.000000,14
1183,75,28.301716,14542,13.973497427,13.976000000,2.502573,1,28.301716,5.000000,14
1184,75,28.277206,14542,13.987762005,13.990000000,2.237995,1,28.277206,5.000000,14
1185,75,24.252809,14542,14.000650282,14.003000000,2.349718,1,24.252809,5.000000,14
1186,75,21.962836,14542,14.014145091,14.016500000,2.354909,1,21.962836,5.000000,15
1188,75,18.640610,14542,14.029252943,14.031500000,2.247057,1,18.640610,5.000000,15
1189,75,15.934654,14542,14.044447405,14.046500000,2.052595,1,15.934654,5.000000,15
1190,75,15.128686,14542,14.059621146,14.062000000,2.378854,1,15.128686,5.000000,15
1191,75,12.976973,14542,14.073368298,14.075500000,2.131702,1,12.976973,5.000000,15
1193,75,12.021788,14542,14.087229276,14.089500000,2.270724,1,12.021788,5.000000,15
1194,75,12.440373,14542,14.100637832,14.103000000,2.362168,1,12.440373,5.000000,15
1197,75,16.844728,14542,14.115111973,14.117500000,2.388027,1,16.844728,5.000000,15
1198,75,18.105959,14542,14.130459035,14.132500000,2.040965,1,18.105959,5.000000,15
1199,75,17.638704,14542,14.146230251,14.148500000,2.269749,1,17.638704,5.000000,15
1201,75,17.693667,14542,14.161293627,14.163500000,2.206373,1,17.693667,5.000000,15
1202,75,18.155239,14542,14.176902944,14.179000000,2.097056,1,18.155239,5.000000,15
1203,75,17.842515,14542,14.193099185,14.195500000,2.400815,1,17.842515,5.000000,15
1205,75,17.846851,14542,14.205883607,14.211000000,5.116393,0,1392.803497,5.000000,14
1206,75,18.324507,14542,14.221764449,14.224000000,2.235551,1,18.324507,5.000000,14
1207,75,18.143631,14542,14.236673852,14.239000000,2.326148,1,18.143631,5.000000,14
1208,75,18.104483,14542,14.249963028,14.252000000,2.036972,1,18.104483,5.000000,14
1209,75,17.412415,14542,14.266265759,14.268500000,2.234241,1,17.412415,5.000000,14
1211,75,16.631228,14542,14.280004767,14.282500000,2.495233,1,16.631228,5.000000,14
1212,75,15.902158,14542,14.298598613,14.301000000,2.401387,1,15.902158,5.000000,14
1213,75,15.569878,14542,14.311742524,14.314000000,2.257476,1,15.569878,5.000000,14
1214,75,16.137798,14542,14.324971815,14.327000000,2.028185,1,16.137798,5.000000,14
1215,75,15.141466,14542,14.339600605,14.342000000,2.399395,1,15.141466,5.000000,14
1216,75,14.871504,14542,14.355763032,14.358000000,2.236968,1,14.871504,5.000000,14
1217,75,13.484643,14542,14.368439330,14.370500000,2.060670,1,13.484643,5.000000,14
1218,75,14.647141,14542,14.383133385,14.385500000,2.366615,1,14.647141,5.000000,14
1219,75,13.896355,14542,14.396480112,14.399000000,2.519888,1,13.896355,5.000000,14
1220,75,13.921331,14542,14.411574051,14.417000000,5.425949,0,1392.803497,5.000000,15
1223,75,15.121818,14542,14.424329801,14.426500000,2.170199,1,15.121818,5.000000,15
1224,75,16.492548,14542,14.437541586,14.440000000,2.458414,1,16.492548,5.000000,15
1226,75,19.055728,14542,14.451023940,14.453500000,2.476060,1,19.055728,5.000000,15
1227,75,20.444605,14542,14.464977538,14.467500000,2.522462,1,20.444605,5.000000,15
1228,75,22.899396,14542,14.478778643,14.481000000,2.221357,1,22.899396,5.000000,15
1229,75,23.549221,14542,14.491941892,14.494000000,2.058108,1,23.549221,5.000000,15
1230,75,26.095740,14542,14.505348493,14.507500000,2.151507,1,26.095740,5.000000,15
1231,75,26.874069,14542,14.524770682,14.527000000,2.229318,1,26.874069,5.000000,15
1232,75,29.380480,14542,14.538847687,14.541000000,2.152313,1,29.380480,5.000000,15
1233,75,29.314408,14542,14.553444339,14.555500000,2.055661,1,29.314408,5.000000,15
1234,75,31.065214,14542,14.568886885,14.571000000,2.113115,1,31.065214,5.000000,15
1235,75,31.085381,14542,14.582849908,14.585000000,2.150092,1,31.085381,5.000000,15
1237,75,31.338376,14542,14.596057766,14.598500000,2.442234,1,31.338376,5.000000,15
1238,75,32.043431,14542,14.611245440,14.613500000,2.254560,1,32.043431,5.000000,14
1239,75,31.493104,14542,14.624907856,14.627000000,2.092144,1,31.493104,5.000000,15
1240,75,32.018900,14542,14.638226470,14.640500000,2.273530,1,32.018900,5.000000,15
1241,75,32.106574,14542,14.651017305,14.653500000,2.482695,1,32.106574,5.000000,15
1242,75,33.108834,14542,14.669434171,14.671500000,2.065829,1,33.108834,5.000000,15
1243,75,33.620830,14542,14.683116592,14.685500000,2.383408,1,33.620830,5.000000,15
1244,75,34.292318,14542,14.698145927,14.700500000,2.354073,1,34.292318,5.000000,15
1245,75,34.697108,14542,14.712879139,14.715000000,2.120861,1,34.697108,5.000000,15
1246,75,34.988069,14542,14.728572320,14.731000000,2.427680,1,34.988069,5.000000,15
1247,75,36.066136,14542,14.741344398,14.743500000,2.155602,1,36.066136,5.000000,15
1248,75,37.882257,14542,14.756025508,14.758500000,2.474492,1,37.882257,5.000000,15
1249,75,41.449851,14542,14.768884617,14.771000000,2.115383,1,41.449851,5.000000,15
1250,75,43.524074,14542,14.786042976,14.788500000,2.457024,1,43.524074,5.000000,15
1251,75,41.930527,14542,14.800776070,14.803000000,2.223930,1,41.930527,5.000000,15
1252,75,41.287793,14542,14.814902766,14.817000000,2.097234,1,41.287793,5.000000,14
1253,75,75.609140,14542,14.827650718,14.830000000,2.349282,1,75.609140,5.000000,14
1254,75,58.595864,14542,14.840910820,14.843000000,2.089180,1,58.595864,5.000000,14
1255,75,60.398581,14542,14.854262026,14.856500000,2.237974,1,60.398581,5.000000,14
1256,75,55.577052,14542,14.868161074,14.870500000,2.338926,1,55.577052,5.000000,14
1257,75,58.034516,14542,14.881484194,14.884000000,2.515806,1,58.034516,5.000000,14
1259,75,67.639934,14542,14.897208681,14.899500000,2.291319,1,67.639934,5.000000,14
1260,75,68.060544,14542,14.912399050,14.914500000,2.100950,1,68.060544,5.000000,14
1261,75,76.251902,14542,14.928476047,14.930500000,2.023953,1,76.251902,5.000000,14
1262,75,50.851995,14542,14.941814528,14.944000000,2.185472,1,50.851995,5.000000,14
1265,75,52.472734,14542,14.957318772,14.959500000,2.181228,1,52.472734,5.000000,14
1266,75,58.194240,14542,14.972232136,14.974500000,2.267864,1,58.194240,5.000000,14
1267,75,71.991995,14542,14.986321185,14.988500000,2.178815,1,71.991995,5.000000,14
1268,75,97.665297,14542,14.999241441,15.004500000,5.258559,0,1392.803497,5.000000,14
1269,75,110.920539,14542,15.016395823,15.018500000,2.104177,1,110.920539,5.000000,14
1270,75,121.094389,14542,15.031527121,15.034000000,2.472879,1,121.094389,5.000000,14
1272,75,143.200806,14542,15.044613138,15.047000000,2.386862,1,143.200806,5.000000,14
1273,75,158.270408,14542,15.057924892,15.060000000,2.075108,1,158.270408,5.000000,14
1274,75,172.075586,14542,15.071274870,15.073500000,2.225130,1,172.075586,5.000000,14
1275,75,182.413782,14542,15.084048420,15.086500000,2.451580,1,182.413782,5.000000,14
1276,75,197.989478,14542,15.098041622,15.100500000,2.458378,1,197.989478,5.000000,14
1277,75,208.810036,14542,15.111857405,15.114000000,2.142595,1,208.810036,5.000000,14
1278,75,220.605958,14542,15.126285842,15.128500000,2.214158,1,220.605958,5.000000,14
1279,75,257.980117,14542,15.139565097,15.142000000,2.434903,1,257.980117,5.000000,14
1280,75,280.941325,14542,15.152980067,15.155500000,2.519933,1,280.941325,5.000000,14
1281,75,319.359121,14542,15.165689030,15.168000000,2.310970,1,319.359121,5.000000,14
1282,75,328.706948,14542,15.178865521,15.181000000,2.134479,1,328.706948,5.000000,14
1283,75,359.785035,14542,15.192491381,15.195000000,2.508619,1,359.785035,5.000000,14
1284,75,370.108622,14542,15.206312245,15.211500000,5.187755,0,1392.803497,5.000000,15
1285,75,354.505433,14542,15.220731248,15.223000000,2.268752,1,354.505433,5.000000,15
1286,75,323.537591,14542,15.235313029,15.237500000,2.186971,1,323.537591,5.000000,15
1287,75,613.193121,14542,15.248708916,15.251000000,2.291084,1,613.193121,5.000000,15
1288,75,330.629350,14542,15.262123445,15.264500000,2.376555,1,330.629350,5.000000,15
1289,75,91.014707,14542,15.276470215,15.278500000,2.029785,1,91.014707,5.000000,15
1290,75,57.879102,14542,15.294253632,15.296500000,2.246368,1,57.879102,5.000000,15
1291,75,64.085637,14542,15.307171299,15.309500000,2.328701,1,64.085637,5.000000,15
1293,75,59.420981,14542,15.320023720,15.322500000,2.476280,1,59.420981,5.000000,15
1294,75,88.794662,14542,15.332929519,15.335000000,2.070481,1,88.794662,5.000000,15
1295,75,90.130406,14542,15.346367688,15.348500000,2.132312,1,90.130406,5.000000,15
1296,75,90.136430,14542,15.362070280,15.364500000,2.429720,1,90.136430,5.000000,15
1297,75,96.782889,14542,15.376287693,15.378500000,2.212307,1,96.782889,5.000000,15
1298,75,54.979688,14542,15.389091579,15.391500000,2.408421,1,54.979688,5.000000,15
1299,75,54.451103,14542,15.403709079,15.406000000,2.290921,1,54.451103,5.000000,15
1300,75,75.086336,14542,15.419402421,15.421500000,2.097579,1,75.086336,5.000000,14
1301,75,79.669837,14542,15.433111212,15.435500000,2.388788,1,79.669837,5.000000,14
1303,75,45.606678,14542,15.447545334,15.450000000,2.454666,1,45.606678,5.000000,14
1304,75,34.994922,14542,15.463145908,15.465500000,2.354092,1,34.994922,5.000000,14
1305,75,32.679256,14542,15.477595459,15.480000000,2.404541,1,32.679256,5.000000,14
1306,75,44.311514,14542,15.490834070,15.493000000,2.165930,1,44.311514,5.000000,14
1307,75,48.357064,14542,15.503958092,15.506000000,2.041908,1,48.357064,5.000000,14
1308,75,68.487195,14542,15.516776005,15.522000000,5.223995,0,1392.803497,5.000000,14
1309,75,44.730287,14542,15.530310583,15.532500000,2.189417,1,44.730287,5.000000,14
1310,75,46.459177,14542,15.543149016,15.545500000,2.350984,1,46.459177,5.000000,14
1311,75,60.306444,14542,15.559544119,15.562000000,2.455881,1,60.306444,5.000000,14
1312,75,47.913803,14542,15.574249310,15.576500000,2.250690,1,47.913803,5.000000,14
1314,75,40.013216,14542,15.589120253,15.591500000,2.379747,1,40.013216,5.000000,14
1315,75,62.976022,14542,15.603290764,15.605500000,2.209236,1,62.976022,5.000000,14
1316,75,59.192528,14542,15.619186253,15.621500000,2.313747,1,59.192528,5.000000,14
1317,75,56.392429,14542,15.634715722,15.637000000,2.284278,1,56.392429,5.000000,14
1318,75,56.658694,14542,15.648343202,15.650500000,2.156798,1,56.658694,5.000000,14
1319,75,44.994863,14542,15.661819125,15.664000000,2.180875,1,44.994863,5.000000,14
1321,75,45.501322,14542,15.678031052,15.680500000,2.468948,1,45.501322,5.000000,14
1322,75,64.657922,14542,15.692013561,15.694500000,2.486439,1,64.657922,5.000000,14
1323,75,116.008496,14542,15.705124208,15.707500000,2.375792,1,116.008496,5.000000,14
1324,75,102.587811,14542,15.721139812,15.723500000,2.360188,1,102.587811,5.000000,14
1325,75,70.847509,14542,15.734727542,15.737000000,2.272458,1,70.847509,5.000000,14
1327,75,50.445439,14542,15.748743810,15.751000000,2.256190,1,50.445439,5.000000,14
1328,75,51.987293,14542,15.762037232,15.764500000,2.462768,1,51.987293,5.000000,14
1329,75,66.271314,14542,15.775596735,15.778000000,2.403265,1,66.271314,5.000000,14
1330,75,83.959259,14542,15.789158548,15.791500000,2.341452,1,83.959259,5.000000,14
1331,75,79.609054,14542,15.803152631,15.808500000,5.347369,0,1392.803497,5.000000,15
1332,75,65.118780,14542,15.819351320,15.821500000,2.148680,1,65.118780,5.000000,15
1333,75,85.751097,14542,15.834570684,15.837000000,2.429316,1,85.751097,5.000000,15
1334,75,70.576215,14542,15.849445560,15.851500000,2.054440,1,70.576215,5.000000,15
1335,75,52.576719,14542,15.863254857,15.865500000,2.245143,1,52.576719,5.000000,15
1337,75,40.100475,14542,15.878528052,15.881000000,2.471948,1,40.100475,5.000000,15
1338,75,36.037168,14542,15.891645177,15.894000000,2.354823,1,36.037168,5.000000,15
1339,75,58.676699,14542,15.904900819,15.907000000,2.099181,1,58.676699,5.000000,14
1341,75,55.264677,14542,15.919862492,15.922000000,2.137508,1,55.264677,5.000000,15
1342,75,76.953946,14542,15.933671929,15.936000000,2.328071,1,76.953946,5.000000,15
1343,75,57.404869,14542,15.949074434,15.951500000,2.425566,1,57.404869,5.000000,15
1344,75,45.415443,14542,15.963415436,15.965500000,2.084564,1,45.415443,5.000000,15
1345,75,53.224199,14542,15.977927720,15.980000000,2.072280,1,53.224199,5.000000,15
1346,75,87.277880,14542,15.993386746,15.995500000,2.113254,1,87.277880,5.000000,15
1347,75,117.349844,14542,16.006657297,16.012000000,5.342703,0,1392.803497,5.000000,14
1348,75,114.238192,14542,16.019410090,16.021500000,2.089910,1,114.238192,5.000000,14
1349,75,64.557326,14542,16.033255771,16.035500000,2.244229,1,64.557326,5.000000,14
1353,75,47.670582,14542,16.047063603,16.049500000,2.436397,1,47.670582,5.000000,14
1354,75,57.566055,14542,16.062958050,16.065000000,2.041950,1,57.566055,5.000000,14
1355,75,84.439275,14542,16.078166814,16.080500000,2.333186,1,84.439275,5.000000,14
1356,75,65.370793,14542,16.091351060,16.093500000,2.148940,1,65.370793,5.000000,14
1357,75,55.637881,14542,16.106179847,16.111500000,5.320153,0,1392.803497,5.000000,14
1358,75,52.733539,14542,16.120073477,16.122500000,2.426523,1,52.733539,5.000000,14
1360,75,55.053214,14542,16.136098508,16.138500000,2.401492,1,55.053214,5.000000,14
1361,75,55.346238,14542,16.149482691,16.152000000,2.517309,1,55.346238,5.000000,14
1362,75,59.908624,14542,16.162256729,16.164500000,2.243271,1,59.908624,5.000000,14
1363,75,56.226545,14542,16.176336004,16.178500000,2.163996,1,56.226545,5.000000,14
1364,75,85.098694,14542,16.189080819,16.191500000,2.419181,1,85.098694,5.000000,14
1365,75,82.575614,14542,16.203018932,16.208500000,5.481068,0,1392.803497,5.000000,14
1367,75,64.644591,14542,16.216837647,16.219000000,2.162353,1,64.644591,5.000000,14
1368,75,71.491366,14542,16.230487158,16.233000000,2.512842,1,71.491366,5.000000,14
1369,75,78.540225,14542,16.243184588,16.245500000,2.315412,1,78.540225,5.000000,14
1371,75,79.312561,14542,16.258903963,16.261000000,2.096037,1,79.312561,5.000000,14
1372,75,101.826648,14542,16.272335262,16.274500000,2.164738,1,101.826648,5.000000,14
1374,75,100.257351,14542,16.286804914,16.289000000,2.195086,1,100.257351,5.000000,14
1375,75,191.480998,14542,16.300682783,16.303000000,2.317217,1,191.480998,5.000000,14
1376,75,138.800758,14542,16.316575277,16.319000000,2.424723,1,138.800758,5.000000,14
1378,75,96.746823,14542,16.331574023,16.334000000,2.425977,1,96.746823,5.000000,14
1379,75,110.004256,14542,16.344644515,16.347000000,2.355485,1,110.004256,5.000000,14
1380,75,123.890288,14542,16.359351675,16.361500000,2.148325,1,123.890288,5.000000,14
1382,75,111.738773,14542,16.372820306,16.375000000,2.179694,1,111.738773,5.000000,14
1383,75,142.350973,14542,16.387859474,16.390000000,2.140526,1,142.350973,5.000000,14
1384,75,193.066544,14542,16.401974848,16.404000000,2.025152,1,193.066544,5.000000,14
1385,75,348.788001,14542,16.418022224,16.420500000,2.477776,1,348.788001,5.000000,15
1386,75,838.338374,14542,16.431097409,16.433500000,2.402591,1,838.338374,5.000000,15
1387,75,224.640480,14542,16.445106204,16.447500000,2.393796,1,224.640480,5.000000,15
1388,75,276.053989,14542,16.459920346,16.462000000,2.079654,1,276.053989,5.000000,15
1389,75,128.763174,14542,16.473207015,16.475500000,2.292985,1,128.763174,5.000000,15
1390,75,112.151555,14542,16.486151013,16.488500000,2.348987,1,112.151555,5.000000,15
1392,75,55.205327,14542,16.499982839,16.502500000,2.517161,1,55.205327,5.000000,15
1393,75,47.755360,14542,16.520030228,16.522500000,2.469772,1,47.755360,5.000000,15
1394,75,52.885918,14542,16.535502750,16.538000000,2.497250,1,52.885918,5.000000,15
1396,75,76.754481,14542,16.552366179,16.554500000,2.133821,1,76.754481,5.000000,15
1397,75,76.733559,14542,16.565125801,16.567500000,2.374199,1,76.733559,5.000000,15
1399,75,73.850760,14542,16.578133426,16.580500000,2.366574,1,73.850760,5.000000,15
1400,75,59.467836,14542,16.591822604,16.594000000,2.177396,1,59.467836,5.000000,15
1401,75,42.758996,14542,16.608740411,16.611000000,2.259589,1,42.758996,5.000000,14
1402,75,44.440226,14542,16.622067313,16.624500000,2.432687,1,44.440226,5.000000,15
1403,75,41.272292,14542,16.634832225,16.637000000,2.167775,1,41.272292,5.000000,15
1405,75,40.401901,14542,16.648424726,16.650500000,2.075274,1,40.401901,5.000000,15
1406,75,41.294658,14542,16.663854969,16.666000000,2.145031,1,41.294658,5.000000,15
1407,75,41.894059,14542,16.679689905,16.682000000,2.310095,1,41.894059,5.000000,15
1408,75,44.104894,14542,16.692401822,16.694500000,2.098178,1,44.104894,5.000000,15
1409,75,43.977451,14542,16.707737697,16.710000000,2.262303,1,43.977451,5.000000,15
1410,75,46.845891,14542,16.720626845,16.723000000,2.373155,1,46.845891,5.000000,15
1411,75,46.784112,14542,16.733629644,16.736000000,2.370356,1,46.784112,5.000000,15
1412,75,47.880664,14542,16.746845265,16.749000000,2.154735,1,47.880664,5.000000,15
1413,75,46.383343,14542,16.763423255,16.765500000,2.076745,1,46.383343,5.000000,15
1414,75,46.952028,14542,16.779137037,16.781500000,2.362963,1,46.952028,5.000000,15
1415,75,45.031493,14542,16.792516527,16.795000000,2.483473,1,45.031493,5.000000,15
1416,75,45.217092,14542,16.807883007,16.810000000,2.116993,1,45.217092,5.000000,14
1417,75,41.137346,14542,16.822115146,16.824500000,2.384854,1,41.137346,5.000000,14
1418,75,40.018573,14542,16.835421397,16.837500000,2.078603,1,40.018573,5.000000,14
1420,75,36.477271,14542,16.849041123,16.851500000,2.458877,1,36.477271,5.000000,14
1421,75,38.317056,14542,16.863721898,16.866000000,2.278102,1,38.317056,5.000000,14
1422,75,36.524310,14542,16.878545608,16.881000000,2.454392,1,36.524310,5.000000,14
1423,75,35.983221,14542,16.894741530,16.897000000,2.258470,1,35.983221,5.000000,14
1424,75,37.758067,14542,16.909586385,16.912000000,2.413615,1,37.758067,5.000000,14
1426,75,38.157284,14542,16.924698816,16.930000000,5.301184,0,1392.803497,5.000000,14
1427,75,39.449479,14542,16.938608763,16.941000000,2.391237,1,39.449479,5.000000,14
1428,75,40.551608,14542,16.954340978,16.956500000,2.159022,1,40.551608,5.000000,14
1429,75,43.210169,14542,16.969329883,16.971500000,2.170117,1,43.210169,5.000000,14
1430,75,47.942115,14542,16.982199780,16.984500000,2.300220,1,47.942115,5.000000,14
1431,75,47.039595,14542,16.998116262,17.000500000,2.383738,1,47.039595,5.000000,14
1432,75,52.299396,14542,17.014267878,17.016500000,2.232122,1,52.299396,5.000000,14
1433,75,50.838975,14542,17.027598959,17.033000000,5.401041,0,1392.803497,5.000000,14
1434,75,50.804427,14542,17.042144519,17.044500000,2.355481,1,50.804427,5.000000,14
1435,75,49.658071,14542,17.055958544,17.058000000,2.041456,1,49.658071,5.000000,14
1436,75,50.592700,14542,17.068819744,17.071000000,2.180256,1,50.592700,5.000000,14
1437,75,48.571176,14542,17.084684967,17.087000000,2.315033,1,48.571176,5.000000,14
1438,75,46.155747,14542,17.097527124,17.100000000,2.472876,1,46.155747,5.000000,14
1439,75,43.410901,14542,17.112127233,17.114500000,2.372767,1,43.410901,5.000000,14
1440,75,44.541729,14542,17.128540059,17.131000000,2.459941,1,44.541729,5.000000,14
1442,75,41.029787,14542,17.141965545,17.144000000,2.034455,1,41.029787,5.000000,14
1443,75,40.242525,14542,17.157717037,17.160000000,2.282963,1,40.242525,5.000000,14
1444,75,41.012388,14542,17.171910325,17.174000000,2.089675,1,41.012388,5.000000,14
1445,75,40.771807,14542,17.186104949,17.188500000,2.395051,1,40.771807,5.000000,14
1446,75,41.791920,14542,17.199078330,17.201500000,2.421670,1,41.791920,5.000000,14
1448,75,38.072375,14542,17.213345322,17.215500000,2.154678,1,38.072375,5.000000,14
1449,75,40.002556,14542,17.228292707,17.230500000,2.207293,1,40.002556,5.000000,14
1451,75,55.813565,14542,17.241933882,17.244000000,2.066118,1,55.813565,5.000000,14
1452,75,67.379464,14542,17.254604724,17.257000000,2.395276,1,67.379464,5.000000,14
1453,75,66.850667,14542,17.269372458,17.271500000,2.127542,1,66.850667,5.000000,14
1454,75,68.313841,14542,17.282777295,17.285000000,2.222705,1,68.313841,5.000000,14
1456,75,89.613682,14542,17.296822453,17.299000000,2.177547,1,89.613682,5.000000,14
1457,75,105.726679,14542,17.310445728,17.312500000,2.054272,1,105.726679,5.000000,14
1458,75,126.368556,14542,17.323174383,17.325500000,2.325617,1,126.368556,5.000000,14
1459,75,133.921163,14542,17.337107858,17.339500000,2.392142,1,133.921163,5.000000,14
1460,75,128.416855,14542,17.352169342,17.354500000,2.330658,1,128.416855,5.000000,14
1463,75,196.075503,14542,17.365509889,17.368000000,2.490111,1,196.075503,5.000000,14
1464,75,273.699357,14542,17.379994470,17.382500000,2.505530,1,273.699357,5.000000,14
1465,75,299.447423,14542,17.393390293,17.395500000,2.109707,1,299.447423,5.000000,14
1466,75,285.069428,14542,17.409024110,17.411500000,2.475890,1,285.069428,5.000000,15
1468,75,332.412842,14542,17.424286321,17.426500000,2.213679,1,332.412842,5.000000,15
1469,75,407.328085,14542,17.437706695,17.440000000,2.293305,1,407.328085,5.000000,15
1470,75,461.522962,14542,17.452048155,17.454500000,2.451845,1,461.522962,5.000000,15
1471,75,502.108213,14542,17.465184709,17.467500000,2.315291,1,502.108213,5.000000,15
1472,75,364.521123,14542,17.479996223,17.482500000,2.503777,1,364.521123,5.000000,15
1473,75,221.451050,14542,17.494348504,17.496500000,2.151496,1,221.451050,5.000000,15
1475,75,102.165017,14542,17.509013288,17.511500000,2.486712,1,102.165017,5.000000,15
1476,75,80.219881,14542,17.523057218,17.525500000,2.442782,1,80.219881,5.000000,15
1477,75,70.488955,14542,17.538420500,17.540500000,2.079500,1,70.488955,5.000000,15
1478,75,65.640760,14542,17.553634088,17.556000000,2.365912,1,65.640760,5.000000,15
1479,75,56.742239,14542,17.566325328,17.568500000,2.174672,1,56.742239,5.000000,15
1480,75,48.162401,14542,17.579523050,17.582000000,2.476950,1,48.162401,5.000000,15
1481,75,42.329673,14542,17.593438564,17.595500000,2.061436,1,42.329673,5.000000,15
1482,75,42.665087,14542,17.606256513,17.608500000,2.243487,1,42.665087,5.000000,15
1483,75,39.834327,14542,17.621516430,17.624000000,2.483570,1,39.834327,5.000000,15
1484,75,39.458000,14542,17.634940633,17.637000000,2.059367,1,39.458000,5.000000,15
1485,75,39.561879,14542,17.647950342,17.650000000,2.049658,1,39.561879,5.000000,15
1486,75,40.574300,14542,17.661254368,17.663500000,2.245632,1,40.574300,5.000000,15
1487,75,38.077932,14542,17.674639707,17.677000000,2.360293,1,38.077932,5.000000,15
1489,75,34.590817,14542,17.687736718,17.690000000,2.263282,1,34.590817,5.000000,15
1490,75,33.480212,14542,17.700734433,17.703000000,2.265567,1,33.480212,5.000000,15
1492,75,31.247753,14542,17.714792845,17.717000000,2.207155,1,31.247753,5.000000,15
1493,75,31.694843,14542,17.727810138,17.730000000,2.189862,1,31.694843,5.000000,15
1494,75,28.800987,14542,17.741025205,17.743500000,2.474795,1,28.800987,5.000000,15
1495,75,28.685258,14542,17.755067762,17.757500000,2.432238,1,28.685258,5.000000,15
1496,75,29.949037,14542,17.769352893,17.771500000,2.147107,1,29.949037,5.000000,15
1499,75,31.137548,14542,17.782984884,17.785500000,2.515116,1,31.137548,5.000000,15
1500,75,29.402511,14542,17.796705272,17.799000000,2.294728,1,29.402511,5.000000,15
1501,75,35.187127,14542,17.811822881,17.814000000,2.177119,1,35.187127,5.000000,15
1502,75,35.637014,14542,17.825246233,17.827500000,2.253767,1,35.637014,5.000000,15
1503,75,34.491636,14542,17.839292363,17.841500000,2.207637,1,34.491636,5.000000,15
1504,75,38.751924,14542,17.853660956,17.856000000,2.339044,1,38.751924,5.000000,15
1505,75,43.423314,14542,17.866559832,17.869000000,2.440168,1,43.423314,5.000000,15
1506,75,44.009491,14542,17.879254664,17.881500000,2.245336,1,44.009491,5.000000,15
1507,75,44.538233,14542,17.893062235,17.895500000,2.437765,1,44.538233,5.000000,15
1508,75,43.660114,14542,17.907467479,17.909500000,2.032521,1,43.660114,5.000000,15
1509,75,44.193770,14542,17.922318591,17.924500000,2.181409,1,44.193770,5.000000,15
1510,75,43.964726,14542,17.937230464,17.939500000,2.269536,1,43.964726,5.000000,15
1512,75,35.895103,14542,17.953057141,17.955500000,2.442859,1,35.895103,5.000000,15
1513,75,40.154067,14542,17.967965096,17.970000000,2.034904,1,40.154067,5.000000,15
1514,75,31.404716,14542,17.982748054,17.985000000,2.251946,1,31.404716,5.000000,15
1515,75,26.823155,14542,17.996937956,17.999000000,2.062044,1,26.823155,5.000000,15
1516,75,24.683624,14542,18.010145570,18.012500000,2.354430,1,24.683624,5.000000,14
1519,75,31.539995,14542,18.023065250,18.025500000,2.434750,1,31.539995,5.000000,14
1520,75,33.224672,14542,18.036238050,18.038500000,2.261950,1,33.224672,5.000000,14
1521,75,32.237178,14542,18.049451713,18.051500000,2.048287,1,32.237178,5.000000,14
1522,75,34.882959,14542,18.062527360,18.065000000,2.472640,1,34.882959,5.000000,14
1523,75,37.524133,14542,18.076343063,18.078500000,2.156937,1,37.524133,5.000000,14
1524,75,44.351680,14542,18.091417179,18.093500000,2.082821,1,44.351680,5.000000,14
1526,75,40.716347,14542,18.105251448,18.107500000,2.248552,1,40.716347,5.000000,15
1527,75,40.910203,14542,18.121246759,18.123500000,2.253241,1,40.910203,5.000000,14
1528,75,45.118630,14542,18.135162616,18.137500000,2.337384,1,45.118630,5.000000,14
1529,75,45.142920,14542,18.147917358,18.150000000,2.082642,1,45.142920,5.000000,14
1530,75,48.295743,14542,18.161823261,18.164000000,2.176739,1,48.295743,5.000000,14
1531,75,52.800063,14542,18.176336393,18.178500000,2.163607,1,52.800063,5.000000,14
1532,75,56.556421,14542,18.190165519,18.192500000,2.334481,1,56.556421,5.000000,14
1533,75,63.004439,14542,18.205357966,18.210500000,5.142034,0,1392.803497,5.000000,14
1534,75,65.465694,14542,18.219292617,18.221500000,2.207383,1,65.465694,5.000000,14
1535,75,67.803634,14542,18.232691654,18.235000000,2.308346,1,67.803634,5.000000,14
1536,75,71.712119,14542,18.246805929,18.249000000,2.194071,1,71.712119,5.000000,14
1537,75,71.585433,14542,18.260799763,18.263000000,2.200237,1,71.585433,5.000000,14
1538,75,80.144106,14542,18.273519787,18.276000000,2.480213,1,80.144106,5.000000,14
1539,75,77.917572,14542,18.286532033,18.289000000,2.467967,1,77.917572,5.000000,14
1540,75,83.508849,14542,18.299441780,18.301500000,2.058220,1,83.508849,5.000000,14
1541,75,80.175815,14542,18.313583453,18.319000000,5.416547,0,1392.803497,5.000000,14
1542,75,82.356014,14542,18.328669754,18.331000000,2.330246,1,82.356014,5.000000,14
1543,75,86.642395,14542,18.341865511,18.344000000,2.134489,1,86.642395,5.000000,14
1544,75,86.944263,14542,18.355847735,18.358000000,2.152265,1,86.944263,5.000000,14
1545,75,82.708768,14542,18.373146195,18.375500000,2.353805,1,82.708768,5.000000,14
1546,75,74.415855,14542,18.386011314,18.388500000,2.488686,1,74.415855,5.000000,14
1547,75,69.739665,14542,18.401610337,18.404000000,2.389663,1,69.739665,5.000000,14
1548,75,68.800569,14542,18.414675041,18.420000000,5.324959,0,1392.803497,5.000000,14
1549,75,67.001132,14542,18.431269630,18.433500000,2.230370,1,67.001132,5.000000,14
1550,75,50.572519,14542,18.446000888,18.448500000,2.499112,1,50.572519,5.000000,14
1553,75,35.152656,14542,18.461679879,18.464000000,2.320121,1,35.152656,5.000000,14
1555,75,39.989711,14542,18.478421808,18.480500000,2.078192,1,39.989711,5.000000,14
1558,75,50.112492,14542,18.493385452,18.495500000,2.114548,1,50.112492,5.000000,14
1559,75,57.445294,14542,18.508793044,18.511000000,2.206956,1,57.445294,5.000000,14
1560,75,64.606040,14542,18.521514460,18.527000000,5.485540,0,1392.803497,5.000000,14
1561,75,65.076876,14542,18.536234705,18.538500000,2.265295,1,65.076876,5.000000,14
1564,75,81.407209,14542,18.551921211,18.554000000,2.078789,1,81.407209,5.000000,14
1565,75,90.290077,14542,18.565805237,18.568000000,2.194763,1,90.290077,5.000000,14
1566,75,103.578104,14542,18.581371291,18.583500000,2.128709,1,103.578104,5.000000,14
1567,75,110.320913,14542,18.596331143,18.598500000,2.168857,1,110.320913,5.000000,14
1568,75,114.288938,14542,18.609508622,18.612000000,2.491378,1,114.288938,5.000000,14
1569,75,113.821662,14542,18.622616005,18.628000000,5.383995,0,1392.803497,5.000000,14
1570,75,110.012775,14542,18.639294634,18.641500000,2.205366,1,110.012775,5.000000,14
1571,75,115.590681,14542,18.654739455,18.657000000,2.260545,1,115.590681,5.000000,14
1572,75,104.555499,14542,18.668632297,18.671000000,2.367703,1,104.555499,5.000000,14
1573,75,85.399756,14542,18.681784209,18.684000000,2.215791,1,85.399756,5.000000,14
1574,75,74.433338,14542,18.697442363,18.699500000,2.057637,1,74.433338,5.000000,14
1577,75,66.971819,14542,18.714091532,18.719500000,5.408468,0,1392.803497,5.000000,14
1578,75,73.636056,14542,18.726906305,18.729000000,2.093695,1,73.636056,5.000000,14
1579,75,78.262561,14542,18.740637437,18.743000000,2.362563,1,78.262561,5.000000,14
1580,75,78.670772,14542,18.754740744,18.757000000,2.259256,1,78.670772,5.000000,14
1581,75,81.388879,14542,18.769531032,18.772000000,2.468968,1,81.388879,5.000000,14
1583,75,81.845174,14542,18.783551968,18.786000000,2.448032,1,81.845174,5.000000,14
1584,75,89.203798,14542,18.796464785,18.798500000,2.035215,1,89.203798,5.000000,14
1585,75,100.050122,14542,18.810992726,18.813500000,2.507274,1,100.050122,5.000000,14
1586,75,98.587925,14542,18.823960664,18.826000000,2.039336,1,98.587925,5.000000,14
1587,75,95.427815,14542,18.838641030,18.841000000,2.358970,1,95.427815,5.000000,14
1588,75,96.213751,14542,18.853178227,18.855500000,2.321773,1,96.213751,5.000000,14
1589,75,91.186292,14542,18.866483023,18.869000000,2.516977,1,91.186292,5.000000,14
1591,75,101.013185,14542,18.880431592,18.882500000,2.068408,1,101.013185,5.000000,14
1592,75,111.048534,14542,18.896680323,18.899000000,2.319677,1,111.048534,5.000000,14
1593,75,121.197838,14542,18.911693001,18.917000000,5.306999,0,1392.803497,5.000000,14
1594,75,129.322932,14542,18.925193830,18.927500000,2.306170,1,129.322932,5.000000,14
1595,75,133.053431,14542,18.938494084,18.941000000,2.505916,1,133.053431,5.000000,14
1596,75,141.672913,14542,18.951861048,18.954000000,2.138952,1,141.672913,5.000000,14
1597,75,144.961564,14542,18.967313359,18.969500000,2.186641,1,144.961564,5.000000,14
1598,75,153.031732,14542,18.981694635,18.984000000,2.305365,1,153.031732,5.000000,14
1599,75,155.004272,14542,18.996872963,18.999000000,2.127037,1,155.004272,5.000000,14
1600,75,157.942808,14542,19.012046710,19.014500000,2.453290,1,157.942808,5.000000,14
1601,75,166.593073,14542,19.027039384,19.032500000,5.460616,0,1392.803497,5.000000,14
1602,75,169.946650,14542,19.043890999,19.046000000,2.109001,1,169.946650,5.000000,14
1603,75,171.404080,14542,19.058780960,19.061000000,2.219040,1,171.404080,5.000000,14
1604,75,169.786689,14542,19.074746488,19.077000000,2.253512,1,169.786689,5.000000,14
1605,75,156.152698,14542,19.089913414,19.092000000,2.086586,1,156.152698,5.000000,14
1606,75,148.244319,14542,19.105368202,19.110500000,5.131798,0,1392.803497,5.000000,14
1607,75,147.132753,14542,19.118731153,19.121000000,2.268847,1,147.132753,5.000000,14
1608,75,134.903305,14542,19.131460369,19.133500000,2.039631,1,134.903305,5.000000,14
1609,75,124.011297,14542,19.145410924,19.147500000,2.089076,1,124.011297,5.000000,14
1610,75,97.766551,14542,19.158418147,19.160500000,2.081853,1,97.766551,5.000000,14
1612,75,82.180067,14542,19.172026575,19.174500000,2.473425,1,82.180067,5.000000,14
1613,75,95.639168,14542,19.184919418,19.187000000,2.080582,1,95.639168,5.000000,14
1614,75,93.521994,14542,19.198254001,19.200500000,2.245999,1,93.521994,5.000000,14
1615,75,88.954913,14542,19.213037264,19.215500000,2.462736,1,88.954913,5.000000,14
1617,75,109.223267,14542,19.226972801,19.229000000,2.027199,1,109.223267,5.000000,14
1618,75,143.840982,14542,19.241104015,19.243500000,2.395985,1,143.840982,5.000000,14
1619,75,168.590601,14542,19.259343387,19.261500000,2.156613,1,168.590601,5.000000,14
1620,75,173.739808,14542,19.277921546,19.280000000,2.078454,1,173.739808,5.000000,14
1621,75,171.008905,14542,19.292940555,19.295000000,2.059445,1,171.008905,5.000000,14
1622,75,154.443159,14542,19.308242400,19.310500000,2.257600,1,154.443159,5.000000,14
1623,75,121.154904,14542,19.323152593,19.325500000,2.347407,1,121.154904,5.000000,14
1625,75,107.007698,14542,19.336855704,19.339000000,2.144296,1,107.007698,5.000000,14
1626,75,128.431433,14542,19.352750829,19.355000000,2.249171,1,128.431433,5.000000,14
1627,75,138.407373,14542,19.366416100,19.368500000,2.083900,1,138.407373,5.000000,14
1628,75,137.898306,14542,19.381062735,19.383500000,2.437265,1,137.898306,5.000000,14
1629,75,136.450498,14542,19.394951598,19.397000000,2.048402,1,136.450498,5.000000,14
1630,75,121.930093,14542,19.408673583,19.411000000,2.326417,1,121.930093,5.000000,14
1631,75,103.280074,14542,19.423019785,19.425500000,2.480215,1,103.280074,5.000000,14
1633,75,111.516371,14542,19.437853471,19.440000000,2.146529,1,111.516371,5.000000,14
1634,75,132.773433,14542,19.453437988,19.455500000,2.062012,1,132.773433,5.000000,14
1635,75,147.990921,14542,19.468066578,19.470500000,2.433422,1,147.990921,5.000000,14
1636,75,155.313354,14542,19.484313400,19.486500000,2.186600,1,155.313354,5.000000,14
1637,75,159.425191,14542,19.497179226,19.499500000,2.320774,1,159.425191,5.000000,14
1638,75,160.779822,14542,19.510079530,19.512500000,2.420470,1,160.779822,5.000000,14
1639,75,149.276588,14542,19.524523025,19.527000000,2.476975,1,149.276588,5.000000,14
1640,75,130.669740,14542,19.538387834,19.540500000,2.112166,1,130.669740,5.000000,14
1641,75,110.980558,14542,19.552222048,19.554500000,2.277952,1,110.980558,5.000000,14
1643,75,91.067603,14542,19.566111817,19.568500000,2.388183,1,91.067603,5.000000,14
1644,75,96.089765,14542,19.580544715,19.583000000,2.455285,1,96.089765,5.000000,14
1645,75,91.417777,14542,19.594799221,19.597000000,2.200779,1,91.417777,5.000000,14
1646,75,79.797110,14542,19.610996091,19.613500000,2.503909,1,79.797110,5.000000,14
1648,75,72.235194,14542,19.625189704,19.627500000,2.310296,1,72.235194,5.000000,14
1649,75,74.612509,14542,19.637955457,19.640000000,2.044543,1,74.612509,5.000000,14
1650,75,70.252629,14542,19.650886535,19.653000000,2.113465,1,70.252629,5.000000,14
1652,75,77.988942,14542,19.665807577,19.668000000,2.192423,1,77.988942,5.000000,14
1653,75,85.545366,14542,19.679550820,19.682000000,2.449180,1,85.545366,5.000000,14
1654,75,87.130902,14542,19.693571293,19.696000000,2.428707,1,87.130902,5.000000,14
1655,75,85.348950,14542,19.706256364,19.711500000,5.243636,0,1392.803497,5.000000,14
1657,75,89.651778,14542,19.720380459,19.722500000,2.119541,1,89.651778,5.000000,14
1658,75,94.092507,14542,19.734919911,19.737000000,2.080089,1,94.092507,5.000000,14
1659,75,98.003455,14542,19.748735457,19.751000000,2.264543,1,98.003455,5.000000,14
1660,75,97.819529,14542,19.762833366,19.765000000,2.166634,1,97.819529,5.000000,14
1661,75,93.742071,14542,19.779269255,19.781500000,2.230745,1,93.742071,5.000000,14
1662,75,85.786650,14542,19.793362844,19.795500000,2.137156,1,85.786650,5.000000,14
1663,75,82.324413,14542,19.807252040,19.812500000,5.247960,0,1392.803497,5.000000,14
1664,75,67.530170,14542,19.821312918,19.823500000,2.187082,1,67.530170,5.000000,14
1666,75,50.874894,14542,19.837454023,19.839500000,2.045977,1,50.874894,5.000000,14
1668,75,52.711798,14542,19.851057531,19.853500000,2.442469,1,52.711798,5.000000,14
1669,75,62.189735,14542,19.864494962,19.867000000,2.505038,1,62.189735,5.000000,14
1670,75,60.065943,14542,19.881844346,19.884000000,2.155654,1,60.065943,5.000000,14
1671,75,59.565762,14542,19.896763411,19.899000000,2.236589,1,59.565762,5.000000,14
1672,75,63.167361,14542,19.911376627,19.916500000,5.123373,0,1392.803497,5.000000,14
1673,75,55.061849,14542,19.926638020,19.929000000,2.361980,1,55.061849,5.000000,14
1675,75,58.630437,14542,19.942747464,19.945000000,2.252536,1,58.630437,5.000000,14
1676,75,61.881715,14542,19.955451989,19.957500000,2.048011,1,61.881715,5.000000,14
1678,75,72.020154,14542,19.968534151,19.971000000,2.465849,1,72.020154,5.000000,14
1679,75,90.526915,14542,19.982348128,19.984500000,2.151872,1,90.526915,5.000000,14
1680,75,96.197601,14542,19.997873664,20.000000000,2.126336,1,96.197601,5.000000,14
1681,75,108.539873,14542,20.012671599,20.018000000,5.328401,0,1392.803497,5.000000,14
1682,75,110.598138,14542,20.028211166,20.030500000,2.288834,1,110.598138,5.000000,14
1683,75,121.730689,14542,20.041643847,20.044000000,2.356153,1,121.730689,5.000000,14
1684,75,120.619294,14542,20.055402978,20.057500000,2.097022,1,120.619294,5.000000,14
1685,75,128.388114,14542,20.068598968,20.074000000,5.401032,0,1392.803497,5.000000,14
1686,75,125.057809,14542,20.083854404,20.086000000,2.145596,1,125.057809,5.000000,14
1687,75,125.496075,14542,20.096567604,20.099000000,2.432396,1,125.496075,5.000000,14
1688,75,123.825349,14542,20.109868640,20.115000000,5.131360,0,1392.803497,5.000000,14
1689,75,119.503199,14542,20.125148386,20.127500000,2.351614,1,119.503199,5.000000,14
1690,75,111.372609,14542,20.138043080,20.140500000,2.456920,1,111.372609,5.000000,14
1691,75,99.685470,14542,20.151534821,20.154000000,2.465179,1,99.685470,5.000000,14
1692,75,89.152382,14542,20.165295373,20.167500000,2.204627,1,89.152382,5.000000,14
1693,75,78.330652,14542,20.178271917,20.180500000,2.228083,1,78.330652,5.000000,14
1695,75,56.813195,14542,20.192393056,20.194500000,2.106944,1,56.813195,5.000000,14
1696,75,54.077064,14542,20.207057228,20.212500000,5.442772,0,1392.803497,5.000000,14
1698,75,51.833514,14542,20.220289412,20.222500000,2.210588,1,51.833514,5.000000,14
1699,75,56.644991,14542,20.233363889,20.235500000,2.136111,1,56.644991,5.000000,14
1700,75,56.547986,14542,20.246570560,20.249000000,2.429440,1,56.547986,5.000000,14
1701,75,60.526606,14542,20.260913458,20.263000000,2.086542,1,60.526606,5.000000,14
1702,75,60.176509,14542,20.276138769,20.278500000,2.361231,1,60.176509,5.000000,14
1704,75,86.670242,14542,20.291127686,20.293500000,2.372314,1,86.670242,5.000000,14
1705,75,110.139999,14542,20.304675882,20.310000000,5.324118,0,1392.803497,5.000000,14
1706,75,134.325871,14542,20.317666698,20.320000000,2.333302,1,134.325871,5.000000,14
1707,75,168.194185,14542,20.331612446,20.334000000,2.387554,1,168.194185,5.000000,14
1708,75,222.162832,14542,20.346101319,20.348500000,2.398681,1,222.162832,5.000000,14
1709,75,276.977072,14542,20.361648090,20.364000000,2.351910,1,276.977072,5.000000,14
1710,75,333.935992,14542,20.375574670,20.378000000,2.425330,1,333.935992,5.000000,14
1711,75,350.572213,14542,20.389669982,20.392000000,2.330018,1,350.572213,5.000000,14
1712,75,275.471827,14542,20.403775629,20.409000000,5.224371,0,1392.803497,5.000000,14
1713,75,172.889134,14542,20.417759453,20.420000000,2.240547,1,172.889134,5.000000,14
1715,75,140.501887,14542,20.430907572,20.436000000,5.092428,0,1392.803497,5.000000,14
1716,75,181.060214,14542,20.444584666,20.447000000,2.415334,1,181.060214,5.000000,14
1717,75,208.000203,14542,20.459291000,20.461500000,2.209000,1,208.000203,5.000000,14
1718,75,228.710147,14542,20.474821048,20.477000000,2.178952,1,228.710147,5.000000,14
1719,75,238.322210,14542,20.489197171,20.491500000,2.302829,1,238.322210,5.000000,14
1720,75,248.783391,14542,20.503945701,20.509000000,5.054299,0,1392.803497,5.000000,14
1721,75,252.222393,14542,20.518019536,20.520500000,2.480464,1,252.222393,5.000000,14
1722,75,242.723596,14542,20.531334721,20.533500000,2.165279,1,242.723596,5.000000,14
1723,75,225.963786,14542,20.544717970,20.547000000,2.282030,1,225.963786,5.000000,14
1724,75,196.472099,14542,20.558138382,20.560500000,2.361618,1,196.472099,5.000000,14
1725,75,175.750714,14542,20.571768938,20.574000000,2.231062,1,175.750714,5.000000,14
1726,75,155.694394,14542,20.584453720,20.586500000,2.046280,1,155.694394,5.000000,14
1727,75,141.327261,14542,20.600774215,20.606000000,5.225785,0,1392.803497,5.000000,14
1728,75,124.322738,14542,20.613979628,20.616500000,2.520372,1,124.322738,5.000000,14
1729,75,98.210892,14542,20.632059805,20.634500000,2.440195,1,98.210892,5.000000,14
1731,75,70.477621,14542,20.644816075,20.647000000,2.183925,1,70.477621,5.000000,14
1733,75,87.550478,14542,20.664683981,20.667000000,2.316019,1,87.550478,5.000000,14
1734,75,95.919571,14542,20.682060624,20.684500000,2.439376,1,95.919571,5.000000,14
1735,75,96.230623,14542,20.695535443,20.698000000,2.464557,1,96.230623,5.000000,14
1736,75,85.316361,14542,20.709834556,20.715000000,5.165444,0,1392.803497,5.000000,14
1738,75,68.617537,14542,20.724296662,20.726500000,2.203338,1,68.617537,5.000000,14
1739,75,68.076383,14542,20.738178064,20.740500000,2.321936,1,68.076383,5.000000,14
1740,75,64.258356,14542,20.753036741,20.755500000,2.463259,1,64.258356,5.000000,14
1742,75,55.509183,14542,20.766987285,20.769500000,2.512715,1,55.509183,5.000000,14
1743,75,60.024871,14542,20.784218998,20.786500000,2.281002,1,60.024871,5.000000,14
1745,75,61.155642,14542,20.799010136,20.801500000,2.489864,1,61.155642,5.000000,14
1746,75,62.151983,14542,20.814812058,20.820000000,5.187942,0,1392.803497,5.000000,14
1747,75,65.182646,14542,20.828025269,20.830500000,2.474731,1,65.182646,5.000000,14
1748,75,63.158735,14542,20.842390356,20.844500000,2.109644,1,63.158735,5.000000,14
1750,75,56.928382,14542,20.855140461,20.857500000,2.359539,1,56.928382,5.000000,14
1751,75,56.799065,14542,20.872568351,20.875000000,2.431649,1,56.799065,5.000000,14
1752,75,52.109635,14542,20.885495904,20.888000000,2.504096,1,52.109635,5.000000,14
1753,75,50.231529,14542,20.899708818,20.902000000,2.291182,1,50.231529,5.000000,14
1754,75,48.407879,14542,20.913896314,20.916000000,2.103686,1,48.407879,5.000000,14
1755,75,44.391731,14542,20.928014579,20.930500000,2.485421,1,44.391731,5.000000,14
1757,75,41.441425,14542,20.944491681,20.947000000,2.508319,1,41.441425,5.000000,14
1758,75,42.640668,14542,20.958078231,20.960500000,2.421769,1,42.640668,5.000000,14
1759,75,43.682548,14542,20.973063974,20.975500000,2.436026,1,43.682548,5.000000,14
1761,75,43.835579,14542,20.987308846,20.989500000,2.191154,1,43.835579,5.000000,14
1762,75,39.888799,14542,21.000936440,21.003000000,2.063560,1,39.888799,5.000000,14
1764,75,40.453396,14542,21.014268197,21.016500000,2.231803,1,40.453396,5.000000,14
1765,75,40.513687,14542,21.028637366,21.031000000,2.362634,1,40.513687,5.000000,14
1766,75,43.908227,14542,21.041439310,21.043500000,2.060690,1,43.908227,5.000000,14
1767,75,42.885299,14542,21.054450167,21.056500000,2.049833,1,42.885299,5.000000,14
1768,75,41.854187,14542,21.069836962,21.072000000,2.163038,1,41.854187,5.000000,14
1769,75,40.651081,14542,21.083010230,21.085500000,2.489770,1,40.651081,5.000000,14
1771,75,44.308654,14542,21.097413593,21.099500000,2.086407,1,44.308654,5.000000,14
1772,75,40.035203,14542,21.112536454,21.115000000,2.463546,1,40.035203,5.000000,14
1773,75,41.746264,14542,21.126657522,21.129000000,2.342478,1,41.746264,5.000000,14
1774,75,44.283181,14542,21.141234433,21.143500000,2.265567,1,44.283181,5.000000,14
1775,75,46.564051,14542,21.155309011,21.157500000,2.190989,1,46.564051,5.000000,14
1776,75,45.131022,14542,21.170642435,21.173000000,2.357565,1,45.131022,5.000000,14
1777,75,43.393756,14542,21.183444941,21.185500000,2.055059,1,43.393756,5.000000,14
1778,75,45.941882,14542,21.198131953,21.200500000,2.368047,1,45.941882,5.000000,14
1779,75,48.026605,14542,21.212536956,21.218000000,5.463044,0,1392.803497,5.000000,14
1780,75,47.298282,14542,21.225480682,21.228000000,2.519318,1,47.298282,5.000000,14
1781,75,48.539119,14542,21.238818383,21.241000000,2.181617,1,48.539119,5.000000,14
1782,75,49.371796,14542,21.256545891,21.259000000,2.454109,1,49.371796,5.000000,14
1783,75,49.418469,14542,21.272637830,21.275000000,2.362170,1,49.418469,5.000000,14
1784,75,51.912922,14542,21.288843346,21.291000000,2.156654,1,51.912922,5.000000,14
1785,75,52.807244,14542,21.301639535,21.307000000,5.360465,0,1392.803497,5.000000,14
1786,75,51.594270,14542,21.316267173,21.318500000,2.232827,1,51.594270,5.000000,14
1787,75,55.055148,14542,21.333265674,21.335500000,2.234326,1,55.055148,5.000000,14
1788,75,60.263846,14542,21.348816202,21.351000000,2.183798,1,60.263846,5.000000,14
1789,75,58.278994,14542,21.362585278,21.365000000,2.414722,1,58.278994,5.000000,14
1790,75,59.709277,14542,21.377663076,21.380000000,2.336924,1,59.709277,5.000000,14
1792,75,60.516598,14542,21.390590028,21.393000000,2.409972,1,60.516598,5.000000,14
1793,75,59.193286,14542,21.404480644,21.410000000,5.519356,0,1392.803497,5.000000,14
1794,75,59.779090,14542,21.417801681,21.420000000,2.198319,1,59.779090,5.000000,14
1795,75,61.238767,14542,21.431751106,21.434000000,2.248894,1,61.238767,5.000000,14
1796,75,61.893532,14542,21.449072386,21.451500000,2.427614,1,61.893532,5.000000,14
1797,75,62.393408,14542,21.461799706,21.464000000,2.200294,1,62.393408,5.000000,14
1798,75,57.090067,14542,21.475276766,21.477500000,2.223234,1,57.090067,5.000000,14
1799,75,58.826913,14542,21.488247737,21.490500000,2.252263,1,58.826913,5.000000,14
1800,75,52.669953,14542,21.503962729,21.509000000,5.037271,0,1392.803497,5.000000,14
1801,75,51.683697,14542,21.518467093,21.520500000,2.032907,1,51.683697,5.000000,14
1802,75,55.341656,14542,21.531520066,21.534000000,2.479934,1,55.341656,5.000000,14
1803,75,52.225467,14542,21.544366218,21.546500000,2.133782,1,52.225467,5.000000,14
1804,75,56.128381,14542,21.557655725,21.560000000,2.344275,1,56.128381,5.000000,14
1805,75,47.638461,14542,21.570890145,21.573000000,2.109855,1,47.638461,5.000000,14
1806,75,41.600654,14542,21.585852562,21.588000000,2.147438,1,41.600654,5.000000,14
1808,75,40.049888,14542,21.599235433,21.604500000,5.264567,0,1392.803497,5.000000,14
1809,75,39.740240,14542,21.613497875,21.616000000,2.502125,1,39.740240,5.000000,14
1810,75,33.150869,14542,21.628964194,21.631000000,2.035806,1,33.150869,5.000000,14
1811,75,27.593458,14542,21.641668172,21.644000000,2.331828,1,27.593458,5.000000,14
1815,75,25.896164,14542,21.654651765,21.657000000,2.348235,1,25.896164,5.000000,14
1816,75,31.995932,14542,21.668280509,21.670500000,2.219491,1,31.995932,5.000000,14
1817,75,32.219405,14542,21.686332410,21.688500000,2.167590,1,32.219405,5.000000,14
1818,75,36.053046,14542,21.699664389,21.702000000,2.335611,1,36.053046,5.000000,14
1819,75,36.828339,14542,21.714094768,21.719500000,5.405232,0,1392.803497,5.000000,14
1821,75,37.982826,14542,21.730920794,21.733000000,2.079206,1,37.982826,5.000000,14
1822,75,40.995982,14542,21.747874824,21.750000000,2.125176,1,40.995982,5.000000,14
1823,75,40.948368,14542,21.764568617,21.767000000,2.431383,1,40.948368,5.000000,14
1824,75,43.318977,14542,21.779354066,21.781500000,2.145934,1,43.318977,5.000000,14
1825,75,44.277191,14542,21.793517251,21.796000000,2.482749,1,44.277191,5.000000,14
1826,75,43.191624,14542,21.807889795,21.813000000,5.110205,0,1392.803497,5.000000,14
1827,75,44.575468,14542,21.823353754,21.825500000,2.146246,1,44.575468,5.000000,14
1828,75,43.123575,14542,21.836513432,21.839000000,2.486568,1,43.123575,5.000000,14
1829,75,45.136723,14542,21.849374694,21.851500000,2.125306,1,45.136723,5.000000,14
1830,75,44.951572,14542,21.863562901,21.866000000,2.437099,1,44.951572,5.000000,14
1831,75,45.325466,14542,21.878810691,21.881000000,2.189309,1,45.325466,5.000000,14
1832,75,44.351659,14542,21.891599743,21.894000000,2.400257,1,44.351659,5.000000,14
1834,75,46.519348,14542,21.905800899,21.911000000,5.199101,0,1392.803497,5.000000,14
1835,75,46.787327,14542,21.921145971,21.923500000,2.354029,1,46.787327,5.000000,14
1836,75,46.061632,14542,21.937283023,21.939500000,2.216977,1,46.061632,5.000000,14
1837,75,44.629357,14542,21.952011686,21.954500000,2.488314,1,44.629357,5.000000,14
1838,75,48.638360,14542,21.965241606,21.967500000,2.258394,1,48.638360,5.000000,14
1839,75,48.470312,14542,21.979306832,21.981500000,2.193168,1,48.470312,5.000000,14
1840,75,47.146085,14542,21.991984455,21.994500000,2.515545,1,47.146085,5.000000,14
1841,75,48.075757,14542,22.006880054,22.009000000,2.119946,1,48.075757,5.000000,14
1842,75,46.477509,14542,22.021412059,22.023500000,2.087941,1,46.477509,5.000000,14
1843,75,45.274779,14542,22.038971455,22.041000000,2.028545,1,45.274779,5.000000,14
1844,75,46.783437,14542,22.052159298,22.054500000,2.340702,1,46.783437,5.000000,14
1845,75,46.707536,14542,22.065951670,22.068000000,2.048330,1,46.707536,5.000000,14
1846,75,45.141977,14542,22.078928182,22.081000000,2.071818,1,45.141977,5.000000,14
1848,75,44.803953,14542,22.093248970,22.095500000,2.251030,1,44.803953,5.000000,14
1850,75,52.174193,14542,22.108193320,22.110500000,2.306680,1,52.174193,5.000000,14
1851,75,53.674886,14542,22.124059325,22.129500000,5.440675,0,1392.803497,5.000000,14
1852,75,55.795577,14542,22.137601130,22.140000000,2.398870,1,55.795577,5.000000,14
1853,75,57.468832,14542,22.151739261,22.154000000,2.260739,1,57.468832,5.000000,14
1854,75,54.462117,14542,22.165823544,22.168000000,2.176456,1,54.462117,5.000000,14
1855,75,56.370954,14542,22.180385560,22.182500000,2.114440,1,56.370954,5.000000,14
1856,75,56.241386,14542,22.194938921,22.197000000,2.061079,1,56.241386,5.000000,14
1857,75,53.926166,14542,22.207992036,22.210500000,2.507964,1,53.926166,5.000000,14
1858,75,54.194741,14542,22.221218308,22.226500000,5.281692,0,1392.803497,5.000000,14
1859,75,54.590619,14542,22.234332734,22.236500000,2.167266,1,54.590619,5.000000,14
1860,75,55.695378,14542,22.247559675,22.250000000,2.440325,1,55.695378,5.000000,14
1861,75,54.822804,14542,22.263750967,22.266000000,2.249033,1,54.822804,5.000000,14
1862,75,54.256218,14542,22.279110588,22.281500000,2.389412,1,54.256218,5.000000,14
1863,75,56.520633,14542,22.292129854,22.294500000,2.370146,1,56.520633,5.000000,14
1864,75,54.890085,14542,22.308930032,22.311000000,2.069968,1,54.890085,5.000000,14
1865,75,55.063150,14542,22.324578283,22.327000000,2.421717,1,55.063150,5.000000,14
1866,75,52.799963,14542,22.337402226,22.339500000,2.097774,1,52.799963,5.000000,14
1867,75,51.698612,14542,22.350924361,22.353000000,2.075639,1,51.698612,5.000000,14
1868,75,50.465577,14542,22.364355942,22.366500000,2.144058,1,50.465577,5.000000,14
1870,75,50.215006,14542,22.377882819,22.380000000,2.117181,1,50.215006,5.000000,14
1872,75,53.101265,14542,22.391354311,22.393500000,2.145689,1,53.101265,5.000000,14
1873,75,54.457789,14542,22.406038577,22.411500000,5.461423,0,1392.803497,5.000000,14
1874,75,60.273532,14542,22.418992339,22.421500000,2.507661,1,60.273532,5.000000,14
1875,75,61.709449,14542,22.432769562,22.435000000,2.230438,1,61.709449,5.000000,14
1876,75,59.718655,14542,22.445447362,22.447500000,2.052638,1,59.718655,5.000000,14
1877,75,56.454251,14542,22.459140149,22.461500000,2.359851,1,56.454251,5.000000,14
1878,75,57.152496,14542,22.473956276,22.476000000,2.043724,1,57.152496,5.000000,14
1879,75,56.918702,14542,22.487167966,22.489500000,2.332034,1,56.918702,5.000000,14
1880,75,73.881298,14542,22.499972360,22.508000000,8.027640,0,1392.803497,5.000000,14
1881,75,77.231451,14542,22.513544477,22.516000000,2.455523,1,77.231451,5.000000,14
1882,75,77.883406,14542,22.528533491,22.531000000,2.466509,1,77.883406,5.000000,14
1883,75,73.781813,14542,22.543890710,22.546000000,2.109290,1,73.781813,5.000000,14
1884,75,66.341577,14542,22.556742958,22.559000000,2.257042,1,66.341577,5.000000,14
1886,75,60.900708,14542,22.573150627,22.575500000,2.349373,1,60.900708,5.000000,14
1887,75,59.352067,14542,22.589466055,22.591500000,2.033945,1,59.352067,5.000000,14
1888,75,56.936255,14542,22.605272264,22.607500000,2.227736,1,56.936255,5.000000,14
1889,75,59.080198,14542,22.619475485,22.624500000,5.024515,0,1392.803497,5.000000,14
1890,75,62.516449,14542,22.633244089,22.635500000,2.255911,1,62.516449,5.000000,14
1891,75,62.941714,14542,22.647333740,22.649500000,2.166260,1,62.941714,5.000000,14
1892,75,65.232943,14542,22.661676414,22.664000000,2.323586,1,65.232943,5.000000,14
1893,75,78.922351,14542,22.674692760,22.677000000,2.307240,1,78.922351,5.000000,14
1894,75,119.290160,14542,22.687454649,22.689500000,2.045351,1,119.290160,5.000000,14
1895,75,173.605798,14542,22.700220408,22.705500000,5.279592,0,1392.803497,5.000000,14
1896,75,161.036004,14542,22.714321763,22.716500000,2.178237,1,161.036004,5.000000,14
1897,75,154.389122,14542,22.727977871,22.730500000,2.522129,1,154.389122,5.000000,14
1898,75,141.695388,14542,22.742338542,22.744500000,2.161458,1,141.695388,5.000000,14
1899,75,126.480081,14542,22.755525058,22.758000000,2.474942,1,126.480081,5.000000,14
1900,75,104.394019,14542,22.769769367,22.772000000,2.230633,1,104.394019,5.000000,14
1901,75,89.223013,14542,22.783648374,22.786000000,2.351626,1,89.223013,5.000000,14
1902,75,66.561852,14542,22.799278968,22.807500000,8.221032,0,1392.803497,5.000000,14
1903,75,43.841066,14542,22.814381165,22.816500000,2.118835,1,43.841066,5.000000,14
1905,75,42.796382,14542,22.827800746,22.830000000,2.199254,1,42.796382,5.000000,14
1906,75,68.274370,14542,22.845176107,22.847500000,2.323893,1,68.274370,5.000000,14
1907,75,98.738153,14542,22.860877589,22.863000000,2.122411,1,98.738153,5.000000,14
1908,75,125.706407,14542,22.877781646,22.880000000,2.218354,1,125.706407,5.000000,14
1909,75,149.697646,14542,22.891107938,22.893500000,2.392062,1,149.697646,5.000000,14
1910,75,163.352367,14542,22.904279156,22.906500000,2.220844,1,163.352367,5.000000,14
1911,75,181.457737,14542,22.918480245,22.923500000,5.019755,0,1392.803497,5.000000,14
1912,75,189.076140,14542,22.935651242,22.938000000,2.348758,1,189.076140,5.000000,14
1913,75,207.701708,14542,22.949190693,22.951500000,2.309307,1,207.701708,5.000000,14
1914,75,219.814234,14542,22.965185773,22.967500000,2.314227,1,219.814234,5.000000,14
1915,75,220.589468,14542,22.978936974,22.981000000,2.063026,1,220.589468,5.000000,14
1916,75,216.009065,14542,22.993103589,22.995500000,2.396411,1,216.009065,5.000000,14
1917,75,217.943879,14542,23.008046048,23.013500000,5.453952,0,1392.803497,5.000000,14
1918,75,227.468439,14542,23.023658359,23.026000000,2.341641,1,227.468439,5.000000,14
1919,75,222.210628,14542,23.037121907,23.039500000,2.378093,1,222.210628,5.000000,14
1920,75,207.356557,14542,23.053288866,23.055500000,2.211134,1,207.356557,5.000000,14
1921,75,201.113772,14542,23.067314736,23.069500000,2.185264,1,201.113772,5.000000,14
1922,75,186.596915,14542,23.081818179,23.084000000,2.181821,1,186.596915,5.000000,14
1923,75,171.159233,14542,23.094990801,23.097500000,2.509199,1,171.159233,5.000000,14
1924,75,149.197984,14542,23.111757586,23.114000000,2.242414,1,149.197984,5.000000,14
1925,75,124.514264,14542,23.124560986,23.130000000,5.439014,0,1392.803497,5.000000,14
1926,75,75.908982,14542,23.137584704,23.140000000,2.415296,1,75.908982,5.000000,14
1928,75,88.119180,14542,23.151378326,23.153500000,2.121674,1,88.119180,5.000000,14
1929,75,132.987766,14542,23.164167706,23.166500000,2.332294,1,132.987766,5.000000,14
1930,75,180.881360,14542,23.177912597,23.180000000,2.087403,1,180.881360,5.000000,14
1931,75,214.005821,14542,23.192081453,23.194500000,2.418547,1,214.005821,5.000000,14
1932,75,225.101542,14542,23.206233453,23.211500000,5.266547,0,1392.803497,5.000000,14
1933,75,222.343860,14542,23.219666392,23.222000000,2.333608,1,222.343860,5.000000,14
1934,75,214.779590,14542,23.232380305,23.234500000,2.119695,1,214.779590,5.000000,14
1935,75,193.090392,14542,23.245712727,23.248000000,2.287273,1,193.090392,5.000000,14
1936,75,150.776090,14542,23.259186932,23.261500000,2.313068,1,150.776090,5.000000,14
1937,75,101.360219,14542,23.273423721,23.275500000,2.076279,1,101.360219,5.000000,14
1939,75,73.397902,14542,23.288363513,23.290500000,2.136487,1,73.397902,5.000000,14
1940,75,101.033914,14542,23.301358992,23.306500000,5.141008,0,1392.803497,5.000000,14
1941,75,107.436931,14542,23.314625712,23.317000000,2.374288,1,107.436931,5.000000,14
1942,75,103.762906,14542,23.330050223,23.332500000,2.449777,1,103.762906,5.000000,14
1943,75,92.504732,14542,23.343629804,23.346000000,2.370196,1,92.504732,5.000000,14
1944,75,71.863915,14542,23.361341937,23.363500000,2.158063,1,71.863915,5.000000,14
1946,75,86.443575,14542,23.376341777,23.378500000,2.158223,1,86.443575,5.000000,14
1947,75,106.521502,14542,23.390902611,23.393000000,2.097389,1,106.521502,5.000000,14
1948,75,120.988146,14542,23.404033634,23.409500000,5.466366,0,1392.803497,5.000000,14
1949,75,134.377894,14542,23.416978050,23.419500000,2.521950,1,134.377894,5.000000,14
1950,75,132.454761,14542,23.435261959,23.437500000,2.238041,1,132.454761,5.000000,14
1951,75,137.046916,14542,23.449641478,23.452000000,2.358522,1,137.046916,5.000000,14
1952,75,133.828802,14542,23.462666552,23.465000000,2.333448,1,133.828802,5.000000,14
1953,75,124.244124,14542,23.477264829,23.479500000,2.235171,1,124.244124,5.000000,14
1954,75,110.169879,14542,23.490677075,23.493000000,2.322925,1,110.169879,5.000000,14
1955,75,96.663320,14542,23.508219646,23.510500000,2.280354,1,96.663320,5.000000,14
1957,75,93.840888,14542,23.522475838,23.524500000,2.024162,1,93.840888,5.000000,14
1958,75,97.330091,14542,23.535745199,23.538000000,2.254801,1,97.330091,5.000000,14
1959,75,100.826639,14542,23.549001775,23.551500000,2.498225,1,100.826639,5.000000,14
1960,75,99.464314,14542,23.563393820,23.565500000,2.106180,1,99.464314,5.000000,14
1961,75,96.933316,14542,23.577107010,23.579500000,2.392990,1,96.933316,5.000000,14
1962,75,88.156068,14542,23.590613015,23.593000000,2.386985,1,88.156068,5.000000,14
1963,75,83.294468,14542,23.606154186,23.611500000,5.345814,0,1392.803497,5.000000,14
1964,75,72.459125,14542,23.620287517,23.622500000,2.212483,1,72.459125,5.000000,14
1965,75,64.248311,14542,23.634586309,23.637000000,2.413691,1,64.248311,5.000000,14
1967,75,55.277214,14542,23.650646027,23.653000000,2.353973,1,55.277214,5.000000,14
1968,75,50.345555,14542,23.664641161,23.667000000,2.358839,1,50.345555,5.000000,14
1969,75,50.050991,14542,23.677817061,23.680000000,2.182939,1,50.050991,5.000000,14
1970,75,47.604008,14542,23.690949000,23.693000000,2.051000,1,47.604008,5.000000,14
1971,75,49.800443,14542,23.705154606,23.710500000,5.345394,0,1392.803497,5.000000,14
1973,75,49.899888,14542,23.719773266,23.722000000,2.226734,1,49.899888,5.000000,14
1974,75,49.854725,14542,23.734541191,23.737000000,2.458809,1,49.854725,5.000000,14
1975,75,50.729567,14542,23.747335945,23.749500000,2.164055,1,50.729567,5.000000,14
1976,75,50.292674,14542,23.760185799,23.762500000,2.314201,1,50.292674,5.000000,14
1977,75,51.292088,14542,23.774712704,23.777000000,2.287296,1,51.292088,5.000000,14
1978,75,51.178777,14542,23.788124700,23.790500000,2.375300,1,51.178777,5.000000,14
1980,75,51.013967,14542,23.801267660,23.806500000,5.232340,0,1392.803497,5.000000,14
1981,75,51.238318,14542,23.814443067,23.816500000,2.056933,1,51.238318,5.000000,14
1982,75,50.216841,14542,23.827387415,23.829500000,2.112585,1,50.216841,5.000000,14
1983,75,49.996255,14542,23.841006380,23.843500000,2.493620,1,49.996255,5.000000,14
1984,75,49.790889,14542,23.855553331,23.858000000,2.446669,1,49.790889,5.000000,14
1985,75,49.838416,14542,23.869636380,23.872000000,2.363620,1,49.838416,5.000000,14
1986,75,47.499382,14542,23.882799154,23.885000000,2.200846,1,47.499382,5.000000,14
1987,75,46.539660,14542,23.895901913,23.898000000,2.098087,1,46.539660,5.000000,14
1989,75,44.360122,14542,23.909820616,23.915000000,5.179384,0,1392.803497,5.000000,14
1990,75,42.969909,14542,23.922682244,23.925000000,2.317756,1,42.969909,5.000000,14
1991,75,43.137075,14542,23.936114952,23.938500000,2.385048,1,43.137075,5.000000,14
1992,75,42.063890,14542,23.950880332,23.953000000,2.119668,1,42.063890,5.000000,14
1993,75,41.695195,14542,23.967814659,23.970000000,2.185341,1,41.695195,5.000000,14
1994,75,39.452061,14542,23.981633715,23.984000000,2.366285,1,39.452061,5.000000,14
1995,75,38.769244,14542,23.996397246,23.998500000,2.102754,1,38.769244,5.000000,14
1996,75,35.267521,14542,24.009754329,24.015000000,5.245671,0,1392.803497,5.000000,14
1997,75,34.152058,14542,24.022666517,24.025000000,2.333483,1,34.152058,5.000000,14
1998,75,31.371901,14542,24.036393660,24.038500000,2.106340,1,31.371901,5.000000,14
1999,75,30.171913,14542,24.053331378,24.055500000,2.168622,1,30.171913,5.000000,14
2000,75,26.162193,14542,24.067222817,24.069500000,2.277183,1,26.162193,5.000000,14
2001,75,23.714082,14542,24.082434388,24.084500000,2.065612,1,23.714082,5.000000,14
2003,75,21.408634,14542,24.096675211,24.099000000,2.324789,1,21.408634,5.000000,14
2004,75,21.278337,14542,24.112928244,24.121000000,8.071756,0,1392.803497,5.000000,14
2006,75,20.151255,14542,24.126471608,24.128500000,2.028392,1,20.151255,5.000000,14
2007,75,19.634242,14542,24.140003353,24.142500000,2.496647,1,19.634242,5.000000,14
2008,75,19.602388,14542,24.154388522,24.156500000,2.111478,1,19.602388,5.000000,14
2009,75,18.627859,14542,24.167205750,24.169500000,2.294250,1,18.627859,5.000000,14
2010,75,19.044396,14542,24.182423914,24.184500000,2.076086,1,19.044396,5.000000,14
2011,75,18.622814,14542,24.198028279,24.200500000,2.471721,1,18.622814,5.000000,14
2013,75,17.839121,14542,24.211793962,24.217000000,5.206038,0,1392.803497,5.000000,14
2014,75,17.585879,14542,24.226881979,24.229000000,2.118021,1,17.585879,5.000000,14
2015,75,16.657397,14542,24.239817522,24.242000000,2.182478,1,16.657397,5.000000,14
2017,75,15.848712,14542,24.256537581,24.259000000,2.462419,1,15.848712,5.000000,14
2021,75,15.830404,14542,24.270160723,24.272500000,2.339277,1,15.830404,5.000000,14
2022,75,14.951329,14542,24.283286140,24.285500000,2.213860,1,14.951329,5.000000,14
2023,75,15.479596,14542,24.297551622,24.300000000,2.448378,1,15.479596,5.000000,14
2026,75,17.072210,14542,24.312053471,24.317500000,5.446529,0,1392.803497,5.000000,14
2027,75,19.400970,14542,24.326137445,24.328500000,2.362555,1,19.400970,5.000000,14
2028,75,24.369508,14542,24.342684353,24.345000000,2.315647,1,24.369508,5.000000,14
2030,75,25.851081,14542,24.357483957,24.360000000,2.516043,1,25.851081,5.000000,14
2034,75,35.003894,14542,24.372486035,24.375000000,2.513965,1,35.003894,5.000000,14
2035,75,35.312558,14542,24.385651279,24.388000000,2.348721,1,35.312558,5.000000,14
2036,75,37.720888,14542,24.400055014,24.402500000,2.444986,1,37.720888,5.000000,14
2037,75,42.175930,14542,24.414525056,24.420000000,5.474944,0,1392.803497,5.000000,14
2038,75,42.739678,14542,24.430608956,24.433000000,2.391044,1,42.739678,5.000000,14
2039,75,45.791218,14542,24.443479264,24.446000000,2.520736,1,45.791218,5.000000,14
2040,75,41.802298,14542,24.457597750,24.460000000,2.402250,1,41.802298,5.000000,14
2041,75,40.855795,14542,24.470340794,24.472500000,2.159206,1,40.855795,5.000000,14
2042,75,35.999310,14542,24.484772044,24.487000000,2.227956,1,35.999310,5.000000,14
2044,75,32.092245,14542,24.498570932,24.501000000,2.429068,1,32.092245,5.000000,14
2047,75,33.437799,14542,24.512618513,24.521000000,8.381487,0,1392.803497,5.000000,14
2048,75,33.885222,14542,24.526086665,24.528500000,2.413335,1,33.885222,5.000000,14
2049,75,37.341752,14542,24.539704045,24.542000000,2.295955,1,37.341752,5.000000,14
2050,75,36.352626,14542,24.555973467,24.558000000,2.026533,1,36.352626,5.000000,14
2051,75,38.000369,14542,24.570738837,24.573000000,2.261163,1,38.000369,5.000000,14
2052,75,36.388288,14542,24.584506271,24.587000000,2.493729,1,36.388288,5.000000,14
2053,75,38.942309,14542,24.597470973,24.599500000,2.029027,1,38.942309,5.000000,14
2054,75,35.633467,14542,24.611205758,24.613500000,2.294242,1,35.633467,5.000000,14
2055,75,35.935271,14542,24.625182929,24.627500000,2.317071,1,35.935271,5.000000,14
2056,75,36.776573,14542,24.639424649,24.641500000,2.075351,1,36.776573,5.000000,14
2057,75,34.527051,14542,24.656307097,24.658500000,2.192903,1,34.527051,5.000000,14
2058,75,34.962312,14542,24.671124995,24.673500000,2.375005,1,34.962312,5.000000,14
2059,75,37.581436,14542,24.687282548,24.689500000,2.217452,1,37.581436,5.000000,14
2060,75,36.705408,14542,24.701935534,24.704000000,2.064466,1,36.705408,5.000000,14
2061,75,37.393395,14542,24.717945146,24.720000000,2.054854,1,37.393395,5.000000,14
2062,75,37.160897,14542,24.732278537,24.734500000,2.221463,1,37.160897,5.000000,14
2064,75,38.220186,14542,24.748675382,24.751000000,2.324618,1,38.220186,5.000000,14
2065,75,38.999041,14542,24.763771773,24.766000000,2.228227,1,38.999041,5.000000,14
2066,75,41.466208,14542,24.779277569,24.781500000,2.222431,1,41.466208,5.000000,14
2067,75,41.790927,14542,24.794370652,24.796500000,2.129348,1,41.790927,5.000000,14
2068,75,42.312774,14542,24.808084761,24.810500000,2.415239,1,42.312774,5.000000,14
2069,75,41.714799,14542,24.822592280,24.825000000,2.407720,1,41.714799,5.000000,14
2070,75,42.136921,14542,24.837990604,24.840500000,2.509396,1,42.136921,5.000000,14
2071,75,43.143132,14542,24.854472977,24.856500000,2.027023,1,43.143132,5.000000,14
2072,75,41.355251,14542,24.869805192,24.872000000,2.194808,1,41.355251,5.000000,14
2073,75,40.608113,14542,24.884205078,24.886500000,2.294922,1,40.608113,5.000000,14
2074,75,41.269526,14542,24.899166357,24.901500000,2.333643,1,41.269526,5.000000,14
2075,75,40.852407,14542,24.912661555,24.915000000,2.338445,1,40.852407,5.000000,14
2076,75,41.154790,14542,24.926037277,24.928500000,2.462723,1,41.154790,5.000000,14
2077,75,39.133822,14542,24.940750246,24.943000000,2.249754,1,39.133822,5.000000,14
2078,75,38.841168,14542,24.955963384,24.958000000,2.036616,1,38.841168,5.000000,14
2079,75,37.154248,14542,24.970845590,24.973000000,2.154410,1,37.154248,5.000000,14
2080,75,35.606087,14542,24.983823150,24.986000000,2.176850,1,35.606087,5.000000,14
2081,75,35.170180,14542,24.996943566,24.999000000,2.056434,1,35.170180,5.000000,14
2082,75,33.106281,14542,25.012175180,25.017500000,5.324820,0,1392.803497,5.000000,14
2083,75,31.407526,14542,25.027221043,25.029500000,2.278957,1,31.407526,5.000000,14
2084,75,31.198585,14542,25.041644696,25.044000000,2.355304,1,31.198585,5.000000,14
2085,75,29.519858,14542,25.055541615,25.058000000,2.458385,1,29.519858,5.000000,14
2088,75,35.557394,14542,25.069305558,25.071500000,2.194442,1,35.557394,5.000000,14
2089,75,36.935056,14542,25.082679752,25.085000000,2.320248,1,36.935056,5.000000,14
2090,75,36.306092,14542,25.098171975,25.100500000,2.328025,1,36.306092,5.000000,14
2091,75,34.606646,14542,25.112219122,25.114500000,2.280878,1,34.606646,5.000000,14
2092,75,34.459694,14542,25.126315126,25.128500000,2.184874,1,34.459694,5.000000,14
2093,75,31.600464,14542,25.139485073,25.142000000,2.514927,1,31.600464,5.000000,14
2094,75,32.765504,14542,25.155016738,25.157500000,2.483262,1,32.765504,5.000000,14
2095,75,32.013543,14542,25.168015361,25.170500000,2.484639,1,32.013543,5.000000,14
2096,75,32.737009,14542,25.181673063,25.184000000,2.326937,1,32.737009,5.000000,14
2098,75,39.929188,14542,25.197503294,25.200000000,2.496706,1,39.929188,5.000000,14
2099,75,42.426604,14542,25.210622292,25.216000000,5.377708,0,1392.803497,5.000000,14
2100,75,47.352514,14542,25.224939769,25.227000000,2.060231,1,47.352514,5.000000,14
2101,75,45.416255,14542,25.237920436,25.240000000,2.079564,1,45.416255,5.000000,14
2102,75,45.965852,14542,25.256353822,25.258500000,2.146178,1,45.965852,5.000000,14
2103,75,44.897340,14542,25.272937432,25.275000000,2.062568,1,44.897340,5.000000,14
2104,75,50.786657,14542,25.285903703,25.288000000,2.096297,1,50.786657,5.000000,14
2105,75,55.662252,14542,25.299927283,25.302000000,2.072717,1,55.662252,5.000000,14
2106,75,61.260265,14542,25.313308210,25.315500000,2.191790,1,61.260265,5.000000,14
2107,75,70.928397,14542,25.329669246,25.332000000,2.330754,1,70.928397,5.000000,14
2108,75,61.568676,14542,25.343721130,25.346000000,2.278870,1,61.568676,5.000000,14
2109,75,66.757722,14542,25.356708530,25.359000000,2.291470,1,66.757722,5.000000,14
2110,75,63.084783,14542,25.369895190,25.372000000,2.104810,1,63.084783,5.000000,14
2111,75,80.175085,14542,25.384220123,25.386500000,2.279877,1,80.175085,5.000000,14
2112,75,73.538810,14542,25.397421865,25.399500000,2.078135,1,73.538810,5.000000,14
2113,75,71.780150,14542,25.413647473,25.416000000,2.352527,1,71.780150,5.000000,14
2114,75,75.671900,14542,25.427318176,25.429500000,2.181824,1,75.671900,5.000000,14
2115,75,72.001451,14542,25.441285709,25.443500000,2.214291,1,72.001451,5.000000,14
2116,75,55.198066,14542,25.454475665,25.456500000,2.024335,1,55.198066,5.000000,14
2118,75,82.602652,14542,25.471394105,25.473500000,2.105895,1,82.602652,5.000000,14
2119,75,85.264613,14542,25.484980109,25.487500000,2.519891,1,85.264613,5.000000,14
2120,75,90.007663,14542,25.500218631,25.505500000,5.281369,0,1392.803497,5.000000,14
2121,75,93.406109,14542,25.514925561,25.517000000,2.074439,1,93.406109,5.000000,14
2122,75,95.794749,14542,25.530183170,25.532500000,2.316830,1,95.794749,5.000000,14
2123,75,96.340868,14542,25.544295588,25.546500000,2.204412,1,96.340868,5.000000,14
2124,75,89.064618,14542,25.557685814,25.560000000,2.314186,1,89.064618,5.000000,14
2125,75,85.552467,14542,25.572296941,25.574500000,2.203059,1,85.552467,5.000000,14
2126,75,74.690152,14542,25.587115136,25.589500000,2.384864,1,74.690152,5.000000,14
2127,75,55.102698,14542,25.599812662,25.602000000,2.187338,1,55.102698,5.000000,14
2128,75,37.170907,14542,25.612742529,25.615000000,2.257471,1,37.170907,5.000000,14
2131,75,51.955472,14542,25.625899566,25.628000000,2.100434,1,51.955472,5.000000,14
2132,75,66.405211,14542,25.640532540,25.643000000,2.467460,1,66.405211,5.000000,14
2133,75,57.418379,14542,25.653493053,25.656000000,2.506947,1,57.418379,5.000000,14
2135,75,59.299303,14542,25.668304630,25.670500000,2.195370,1,59.299303,5.000000,14
2136,75,85.500669,14542,25.681424541,25.683500000,2.075459,1,85.500669,5.000000,14
2137,75,114.561272,14542,25.698184999,25.700500000,2.315001,1,114.561272,5.000000,14
2138,75,137.588936,14542,25.711835676,25.714000000,2.164324,1,137.588936,5.000000,14
2139,75,163.972908,14542,25.725297886,25.727500000,2.202114,1,163.972908,5.000000,14
2140,75,179.217612,14542,25.738080430,25.740500000,2.419570,1,179.217612,5.000000,14
2141,75,188.420629,14542,25.751749119,25.754000000,2.250881,1,188.420629,5.000000,14
2142,75,197.309204,14542,25.765576131,25.768000000,2.423869,1,197.309204,5.000000,14
2143,75,187.661846,14542,25.778731125,25.781000000,2.268875,1,187.661846,5.000000,14
2144,75,162.334333,14542,25.793497208,25.796000000,2.502792,1,162.334333,5.000000,14
2145,75,146.898962,14542,25.809550644,25.815000000,5.449356,0,1392.803497,5.000000,14
2146,75,137.944758,14542,25.823597534,25.826000000,2.402466,1,137.944758,5.000000,14
2148,75,133.374581,14542,25.838999770,25.841500000,2.500230,1,133.374581,5.000000,14
2149,75,112.971478,14542,25.853410127,25.855500000,2.089873,1,112.971478,5.000000,14
2150,75,130.120794,14542,25.866634070,25.869000000,2.365930,1,130.120794,5.000000,14
2151,75,132.305667,14542,25.879827481,25.882000000,2.172519,1,132.305667,5.000000,14
2152,75,113.390493,14542,25.893076835,25.895500000,2.423165,1,113.390493,5.000000,14
2154,75,119.570754,14542,25.907992050,25.913500000,5.507950,0,1392.803497,5.000000,14
2155,75,148.110643,14542,25.921015699,25.923500000,2.484301,1,148.110643,5.000000,14
2156,75,147.181254,14542,25.934248545,25.942500000,8.251455,0,1392.803497,5.000000,14
2157,75,124.963821,14542,25.947627223,25.950000000,2.372777,1,124.963821,5.000000,14
2158,75,133.939924,14542,25.960830195,25.963000000,2.169805,1,133.939924,5.000000,14
2159,75,138.721487,14542,25.973526631,25.976000000,2.473369,1,138.721487,5.000000,14
2160,75,156.268643,14542,25.987731472,25.990000000,2.268528,1,156.268643,5.000000,14
2161,75,167.776739,14542,26.002086347,26.007500000,5.413653,0,1392.803497,5.000000,14
2162,75,189.574451,14542,26.015650279,26.018000000,2.349721,1,189.574451,5.000000,14
2163,75,183.666358,14542,26.030402229,26.032500000,2.097771,1,183.666358,5.000000,14
2164,75,185.451004,14542,26.044375714,26.046500000,2.124286,1,185.451004,5.000000,14
2165,75,182.856929,14542,26.057981848,26.060500000,2.518152,1,182.856929,5.000000,14
2166,75,181.450365,14542,26.071814265,26.077000000,5.185735,0,1392.803497,5.000000,14
2167,75,178.712273,14542,26.085594713,26.088000000,2.405287,1,178.712273,5.000000,14
2168,75,169.621138,14542,26.099623540,26.105000000,5.376460,0,1392.803497,5.000000,14
2169,75,160.067343,14542,26.113094727,26.115500000,2.405273,1,160.067343,5.000000,14
2170,75,144.330355,14542,26.126909368,26.129000000,2.090632,1,144.330355,5.000000,14
2171,75,128.798204,14542,26.140719550,26.146000000,5.280450,0,1392.803497,5.000000,14
2172,75,113.670446,14542,26.157467790,26.159500000,2.032210,1,113.670446,5.000000,14
2173,75,95.989456,14542,26.171077586,26.176500000,5.422414,0,1392.803497,5.000000,14
2174,75,77.458164,14542,26.185347714,26.187500000,2.152286,1,77.458164,5.000000,14
2175,75,58.176818,14542,26.198129783,26.200500000,2.370217,1,58.176818,5.000000,14
2178,75,40.093422,14542,26.211132105,26.213500000,2.367895,1,40.093422,5.000000,14
2179,75,53.532883,14542,26.224228090,26.226500000,2.271910,1,53.532883,5.000000,14
2180,75,60.957863,14542,26.238213672,26.240500000,2.286328,1,60.957863,5.000000,14
2181,75,69.289146,14542,26.251310048,26.253500000,2.189952,1,69.289146,5.000000,14
2182,75,69.692808,14542,26.264165374,26.266500000,2.334626,1,69.692808,5.000000,14
2183,75,71.115609,14542,26.277925985,26.280000000,2.074015,1,71.115609,5.000000,14
2184,75,71.528519,14542,26.294041975,26.296500000,2.458025,1,71.528519,5.000000,14
2185,75,69.491541,14542,26.307655011,26.310000000,2.344989,1,69.491541,5.000000,14
2187,75,72.053457,14542,26.324174340,26.326500000,2.325660,1,72.053457,5.000000,14
2188,75,80.623064,14542,26.337165855,26.339500000,2.334145,1,80.623064,5.000000,14
2189,75,82.774002,14542,26.352432691,26.354500000,2.067309,1,82.774002,5.000000,14
2190,75,85.928799,14542,26.367738444,26.370000000,2.261556,1,85.928799,5.000000,14
2191,75,89.761146,14542,26.380632249,26.383000000,2.367751,1,89.761146,5.000000,14
2192,75,87.032595,14542,26.393498412,26.396000000,2.501588,1,87.032595,5.000000,14
2193,75,88.921424,14542,26.406574361,26.409000000,2.425639,1,88.921424,5.000000,14
2194,75,89.237583,14542,26.421785018,26.424000000,2.214982,1,89.237583,5.000000,14
2195,75,91.319539,14542,26.435242587,26.437500000,2.257413,1,91.319539,5.000000,14
2197,75,94.583325,14542,26.448611709,26.451000000,2.388291,1,94.583325,5.000000,14
2198,75,94.740277,14542,26.462565807,26.465000000,2.434193,1,94.740277,5.000000,14
2199,75,102.676604,14542,26.475973472,26.478000000,2.026528,1,102.676604,5.000000,14
2200,75,103.537782,14542,26.491369664,26.493500000,2.130336,1,103.537782,5.000000,14
2201,75,106.914403,14542,26.505978781,26.508500000,2.521219,1,106.914403,5.000000,14
2202,75,104.947707,14542,26.522531165,26.525000000,2.468835,1,104.947707,5.000000,14
2203,75,107.805148,14542,26.536605885,26.539000000,2.394115,1,107.805148,5.000000,14
2204,75,112.626988,14542,26.549610895,26.552000000,2.389105,1,112.626988,5.000000,14
2205,75,111.627834,14542,26.563449022,26.565500000,2.050978,1,111.627834,5.000000,14
2206,75,107.593846,14542,26.578301701,26.580500000,2.198299,1,107.593846,5.000000,14
2207,75,107.168437,14542,26.591092939,26.593500000,2.407061,1,107.168437,5.000000,14
2208,75,107.522916,14542,26.605640910,26.608000000,2.359090,1,107.522916,5.000000,14
2209,75,102.355086,14542,26.618770214,26.621000000,2.229786,1,102.355086,5.000000,14
2210,75,100.705055,14542,26.631597972,26.634000000,2.402028,1,100.705055,5.000000,14
2211,75,95.863122,14542,26.645611488,26.648000000,2.388512,1,95.863122,5.000000,14
2212,75,90.545440,14542,26.659913599,26.662000000,2.086401,1,90.545440,5.000000,14
2213,75,86.425040,14542,26.676724890,26.679000000,2.275110,1,86.425040,5.000000,14
2214,75,81.753546,14542,26.689750192,26.692000000,2.249808,1,81.753546,5.000000,14
2215,75,103.441380,14542,26.703329441,26.705500000,2.170559,1,103.441380,5.000000,14
2216,75,219.510384,14542,26.716420102,26.718500000,2.079898,1,219.510384,5.000000,14
2217,75,75.716984,14542,26.729697799,26.732000000,2.302201,1,75.716984,5.000000,14
2218,75,65.271219,14542,26.742496588,26.745000000,2.503412,1,65.271219,5.000000,14
2219,75,115.733772,14542,26.758792156,26.761000000,2.207844,1,115.733772,5.000000,14
2220,75,124.272630,14542,26.772614648,26.775000000,2.385352,1,124.272630,5.000000,14
2223,75,36.446336,14542,26.786276165,26.788500000,2.223835,1,36.446336,5.000000,14
2224,75,237.531605,14542,26.801454167,26.803500000,2.045833,1,237.531605,5.000000,14
2226,75,48.011283,14542,26.816418843,26.818500000,2.081157,1,48.011283,5.000000,14
2227,75,54.923147,14542,26.830516979,26.833000000,2.483021,1,54.923147,5.000000,14
2228,75,64.003356,14542,26.845101914,26.847500000,2.398086,1,64.003356,5.000000,14
2229,75,67.581093,14542,26.858253750,26.860500000,2.246250,1,67.581093,5.000000,14
2230,75,69.523800,14542,26.872053991,26.874500000,2.446009,1,69.523800,5.000000,14
2231,75,74.403786,14542,26.885201128,26.887500000,2.298872,1,74.403786,5.000000,14
2232,75,83.583605,14542,26.899206087,26.901500000,2.293913,1,83.583605,5.000000,14
2233,75,86.632376,14542,26.913022837,26.915500000,2.477163,1,86.632376,5.000000,14
2234,75,89.789399,14542,26.926085055,26.928500000,2.414945,1,89.789399,5.000000,14
2235,75,88.867340,14542,26.939473680,26.941500000,2.026320,1,88.867340,5.000000,14
2236,75,88.425913,14542,26.952422243,26.954500000,2.077757,1,88.425913,5.000000,14
2237,75,82.385698,14542,26.968449371,26.970500000,2.050629,1,82.385698,5.000000,14
2238,75,81.771408,14542,26.982769885,26.985000000,2.230115,1,81.771408,5.000000,14
2239,75,82.914366,14542,26.996566490,26.999000000,2.433510,1,82.914366,5.000000,14
2240,75,84.429277,14542,27.011164883,27.013500000,2.335117,1,84.429277,5.000000,14
2241,75,90.728447,14542,27.025137512,27.027500000,2.362488,1,90.728447,5.000000,14
2242,75,90.764937,14542,27.040492839,27.043000000,2.507161,1,90.764937,5.000000,14
2243,75,87.355604,14542,27.053767307,27.056000000,2.232693,1,87.355604,5.000000,14
2244,75,78.853675,14542,27.067943866,27.070000000,2.056134,1,78.853675,5.000000,14
2245,75,71.297569,14542,27.082897231,27.085000000,2.102769,1,71.297569,5.000000,14
2246,75,67.986073,14542,27.096933318,27.099000000,2.066682,1,67.986073,5.000000,14
2248,75,63.089086,14542,27.114197676,27.119500000,5.302324,0,1392.803497,5.000000,14
2249,75,64.923452,14542,27.129002248,27.131500000,2.497752,1,64.923452,5.000000,14
2250,75,63.651494,14542,27.144341547,27.146500000,2.158453,1,63.651494,5.000000,14
2251,75,64.142182,14542,27.159256005,27.161500000,2.243995,1,64.142182,5.000000,14
2252,75,63.930553,14542,27.172308934,27.174500000,2.191066,1,63.930553,5.000000,14
2253,75,58.847818,14542,27.186391274,27.188500000,2.108726,1,58.847818,5.000000,14
2254,75,52.039583,14542,27.200803024,27.203000000,2.196976,1,52.039583,5.000000,14
2255,75,46.605508,14542,27.215745580,27.218000000,2.254420,1,46.605508,5.000000,15
2256,75,39.512789,14542,27.229847284,27.232000000,2.152716,1,39.512789,5.000000,15
2257,75,34.712913,14542,27.242781531,27.245000000,2.218469,1,34.712913,5.000000,15
2260,75,30.889848,14542,27.255654297,27.258000000,2.345703,1,30.889848,5.000000,15
2261,75,31.886984,14542,27.271552345,27.274000000,2.447655,1,31.886984,5.000000,15
2262,75,34.692104,14542,27.288526372,27.291000000,2.473628,1,34.692104,5.000000,15
2263,75,36.734424,14542,27.304000810,27.306500000,2.499190,1,36.734424,5.000000,15
2264,75,36.638018,14542,27.318434787,27.320500000,2.065213,1,36.638018,5.000000,15
2265,75,33.974093,14542,27.331908975,27.334000000,2.091025,1,33.974093,5.000000,15
2267,75,33.558972,14542,27.346927958,27.349000000,2.072042,1,33.558972,5.000000,15
2268,75,39.427624,14542,27.359604527,27.362000000,2.395473,1,39.427624,5.000000,15
2269,75,38.947314,14542,27.373273436,27.375500000,2.226564,1,38.947314,5.000000,15
2271,75,44.104628,14542,27.389218529,27.391500000,2.281471,1,44.104628,5.000000,15
2272,75,45.363606,14542,27.403760138,27.406000000,2.239862,1,45.363606,5.000000,15
2273,75,50.161451,14542,27.416435716,27.418500000,2.064284,1,50.161451,5.000000,14
2275,75,67.204860,14542,27.430410474,27.432500000,2.089526,1,67.204860,5.000000,14
2277,75,84.995330,14542,27.443391123,27.445500000,2.108877,1,84.995330,5.000000,14
2278,75,86.037759,14542,27.457701788,27.460000000,2.298212,1,86.037759,5.000000,14
2279,75,777.126943,14542,27.472868797,27.475000000,2.131203,1,777.126943,5.000000,14
2280,75,840.309733,14542,27.488966998,27.491000000,2.033002,1,840.309733,5.000000,14
2281,75,123.364470,14542,27.505583330,27.508000000,2.416670,1,123.364470,5.000000,14
2282,75,113.389331,14542,27.520370820,27.522500000,2.129180,1,113.389331,5.000000,14
2284,75,174.280053,14542,27.535508696,27.538000000,2.491304,1,174.280053,5.000000,14
2285,75,236.985867,14542,27.549241729,27.551500000,2.258271,1,236.985867,5.000000,14
2286,75,158.259984,14542,27.564234576,27.566500000,2.265424,1,158.259984,5.000000,14
2287,75,121.390674,14542,27.578735648,27.581000000,2.264352,1,121.390674,5.000000,14
2288,75,306.154703,14542,27.595063948,27.597500000,2.436052,1,306.154703,5.000000,14
2289,75,211.478517,14542,27.609097167,27.611500000,2.402833,1,211.478517,5.000000,14
2290,75,128.183845,14542,27.625435855,27.627500000,2.064145,1,128.183845,5.000000,14
2291,75,111.256199,14542,27.639972077,27.642000000,2.027923,1,111.256199,5.000000,14
2293,75,91.056126,14542,27.652987288,27.655500000,2.512712,1,91.056126,5.000000,14
2294,75,120.917201,14542,27.668045683,27.670500000,2.454317,1,120.917201,5.000000,14
2295,75,137.197547,14542,27.681966443,27.684000000,2.033557,1,137.197547,5.000000,14
2296,75,157.199872,14542,27.695668237,27.698000000,2.331763,1,157.199872,5.000000,14
2297,75,173.570757,14542,27.711559058,27.714000000,2.440942,1,173.570757,5.000000,14
2298,75,200.758619,14542,27.726578650,27.729000000,2.421350,1,200.758619,5.000000,14
2299,75,246.246489,14542,27.741234311,27.743500000,2.265689,1,246.246489,5.000000,14
2300,75,358.471546,14542,27.754468588,27.756500000,2.031412,1,358.471546,5.000000,14
2301,75,546.461598,14542,27.771227268,27.773500000,2.272732,1,546.461598,5.000000,14
2302,75,1030.152777,14542,27.784137969,27.786500000,2.362031,1,1030.152777,5.000000,14
2303,75,760.526403,14542,27.797496159,27.800000000,2.503841,1,760.526403,5.000000,14
2304,75,938.227519,14542,27.810590601,27.813000000,2.409399,1,938.227519,5.000000,14
2305,75,1066.814486,14542,27.823771266,27.829000000,5.228734,0,1392.803497,5.000000,14
2306,75,404.203197,14542,27.836732684,27.839000000,2.267316,1,404.203197,5.000000,14
2307,75,112.669076,14542,27.851515063,27.854000000,2.484937,1,112.669076,5.000000,14
2309,75,76.243504,14542,27.866726541,27.869000000,2.273459,1,76.243504,5.000000,14
2310,75,77.652904,14542,27.882734374,27.885000000,2.265626,1,77.652904,5.000000,14
2311,75,66.118607,14542,27.895547891,27.898000000,2.452109,1,66.118607,5.000000,14
2312,75,66.424200,14542,27.910986990,27.913500000,2.513010,1,66.424200,5.000000,14
2314,75,60.946546,14542,27.923677842,27.926000000,2.322158,1,60.946546,5.000000,14
2315,75,65.398575,14542,27.937085682,27.939500000,2.414318,1,65.398575,5.000000,14
2316,75,57.991858,14542,27.950824922,27.953000000,2.175078,1,57.991858,5.000000,14
2317,75,63.406176,14542,27.964927369,27.967000000,2.072631,1,63.406176,5.000000,14
2318,75,59.966290,14542,27.978293239,27.980500000,2.206761,1,59.966290,5.000000,14
2319,75,58.136184,14542,27.991063550,27.993500000,2.436450,1,58.136184,5.000000,14
2320,75,59.434544,14542,28.005683818,28.014000000,8.316182,0,1392.803497,5.000000,14
2321,75,58.206567,14542,28.018992726,28.021500000,2.507274,1,58.206567,5.000000,14
2323,75,62.345542,14542,28.034721893,28.037000000,2.278107,1,62.345542,5.000000,14
2324,75,57.619213,14542,28.048302006,28.050500000,2.197994,1,57.619213,5.000000,14
2326,75,60.623838,14542,28.064253260,28.066500000,2.246740,1,60.623838,5.000000,14
2327,75,61.679347,14542,28.080051527,28.082500000,2.448473,1,61.679347,5.000000,14
2328,75,69.539451,14542,28.093643318,28.096000000,2.356682,1,69.539451,5.000000,14
2329,75,69.729384,14542,28.107643622,28.113000000,5.356378,0,1392.803497,5.000000,14
2330,75,72.607445,14542,28.121142702,28.123500000,2.357298,1,72.607445,5.000000,14
2331,75,78.075493,14542,28.134939260,28.137000000,2.060740,1,78.075493,5.000000,14
2332,75,79.048837,14542,28.148088295,28.150500000,2.411705,1,79.048837,5.000000,14
2333,75,81.193875,14542,28.162386633,28.164500000,2.113367,1,81.193875,5.000000,14
2334,75,84.497841,14542,28.175846385,28.178000000,2.153615,1,84.497841,5.000000,14
2335,75,75.588309,14542,28.189517087,28.192000000,2.482913,1,75.588309,5.000000,14
2336,75,74.194809,14542,28.202811818,28.208000000,5.188182,0,1392.803497,5.000000,14
2338,75,69.510468,14542,28.216727625,28.219000000,2.272375,1,69.510468,5.000000,14
2339,75,67.070552,14542,28.229430345,28.231500000,2.069655,1,67.070552,5.000000,14
2340,75,59.194577,14542,28.242507143,28.245000000,2.492857,1,59.194577,5.000000,14
2341,75,51.544656,14542,28.255798865,28.258000000,2.201135,1,51.544656,5.000000,14
2343,75,41.029611,14542,28.270796829,28.273000000,2.203171,1,41.029611,5.000000,14
2344,75,34.814819,14542,28.285235084,28.287500000,2.264916,1,34.814819,5.000000,14
2347,75,28.621792,14542,28.298165106,28.300500000,2.334894,1,28.621792,5.000000,14
2350,75,54.554046,14542,28.312824102,28.315000000,2.175898,1,54.554046,5.000000,14
2351,75,73.127632,14542,28.326643262,28.329000000,2.356738,1,73.127632,5.000000,14
2352,75,86.768250,14542,28.339591937,28.342000000,2.408063,1,86.768250,5.000000,14
2353,75,102.661059,14542,28.352982036,28.355500000,2.517964,1,102.661059,5.000000,14
2354,75,109.531677,14542,28.368575861,28.371000000,2.424139,1,109.531677,5.000000,14
2355,75,118.063235,14542,28.381976862,28.384000000,2.023138,1,118.063235,5.000000,14
2356,75,129.058304,14542,28.394762006,28.397000000,2.237994,1,129.058304,5.000000,14
2357,75,129.338680,14542,28.408961079,28.414000000,5.038921,0,1392.803497,5.000000,14
2358,75,123.787874,14542,28.422151571,28.424500000,2.348429,1,123.787874,5.000000,14
2359,75,120.793861,14542,28.435463869,28.437500000,2.036131,1,120.793861,5.000000,14
2360,75,116.360970,14542,28.449373354,28.451500000,2.126646,1,116.360970,5.000000,14
2361,75,109.013863,14542,28.463274863,28.465500000,2.225137,1,109.013863,5.000000,14
2363,75,109.560751,14542,28.476456432,28.478500000,2.043568,1,109.560751,5.000000,14
2364,75,111.211818,14542,28.489544110,28.492000000,2.455890,1,111.211818,5.000000,14
2365,75,114.858469,14542,28.502484146,28.507500000,5.015854,0,1392.803497,5.000000,14
2366,75,115.736871,14542,28.515506612,28.518000000,2.493388,1,115.736871,5.000000,14
2367,75,116.782652,14542,28.529812675,28.532000000,2.187325,1,116.782652,5.000000,14
14,0,0,0,0,0,-1,0,1392.803497,5.000000,0
17,0,0,0,0,0,-1,0,1392.803497,5.000000,0
25,0,0,0,0,0,-1,0,1392.803497,5.000000,0
30,0,0,0,0,0,-1,0,1392.803497,5.000000,0
31,0,0,0,0,0,-1,0,1392.803497,5.000000,0
32,0,0,0,0,0,-1,0,1392.803497,5.000000,0
33,0,0,0,0,0,-1,0,1392.803497,5.000000,0
44,0,0,0,0,0,-1,0,1392.803497,5.000000,0
45,0,0,0,0,0,-1,0,1392.803497,5.000000,0
51,0,0,0,0,0,-1,0,1392.803497,5.000000,0
52,0,0,0,0,0,-1,0,1392.803497,5.000000,0
58,0,0,0,0,0,-1,0,1392.803497,5.000000,0
63,0,0,0,0,0,-1,0,1392.803497,5.000000,0
67,0,0,0,0,0,-1,0,1392.803497,5.000000,0
70,0,0,0,0,0,-1,0,1392.803497,5.000000,0
76,0,0,0,0,0,-1,0,1392.803497,5.000000,0
80,0,0,0,0,0,-1,0,1392.803497,5.000000,0
88,0,0,0,0,0,-1,0,1392.803497,5.000000,0
93,0,0,0,0,0,-1,0,1392.803497,5.000000,0
102,0,0,0,0,0,-1,0,1392.803497,5.000000,0
120,0,0,0,0,0,-1,0,1392.803497,5.000000,0
124,0,0,0,0,0,-1,0,1392.803497,5.000000,0
134,0,0,0,0,0,-1,0,1392.803497,5.000000,0
139,0,0,0,0,0,-1,0,1392.803497,5.000000,0
141,0,0,0,0,0,-1,0,1392.803497,5.000000,0
144,0,0,0,0,0,-1,0,1392.803497,5.000000,0
149,0,0,0,0,0,-1,0,1392.803497,5.000000,0
152,0,0,0,0,0,-1,0,1392.803497,5.000000,0
166,0,0,0,0,0,-1,0,1392.803497,5.000000,0
170,0,0,0,0,0,-1,0,1392.803497,5.000000,0
173,0,0,0,0,0,-1,0,1392.803497,5.000000,0
174,0,0,0,0,0,-1,0,1392.803497,5.000000,0
175,0,0,0,0,0,-1,0,1392.803497,5.000000,0
176,0,0,0,0,0,-1,0,1392.803497,5.000000,0
178,0,0,0,0,0,-1,0,1392.803497,5.000000,0
184,0,0,0,0,0,-1,0,1392.803497,5.000000,0
188,0,0,0,0,0,-1,0,1392.803497,5.000000,0
192,0,0,0,0,0,-1,0,1392.803497,5.000000,0
194,0,0,0,0,0,-1,0,1392.803497,5.000000,0
196,0,0,0,0,0,-1,0,1392.803497,5.000000,0
203,0,0,0,0,0,-1,0,1392.803497,5.000000,0
211,0,0,0,0,0,-1,0,1392.803497,5.000000,0
214,0,0,0,0,0,-1,0,1392.803497,5.000000,0
218,0,0,0,0,0,-1,0,1392.803497,5.000000,0
229,0,0,0,0,0,-1,0,1392.803497,5.000000,0
239,0,0,0,0,0,-1,0,1392.803497,5.000000,0
240,0,0,0,0,0,-1,0,1392.803497,5.000000,0
246,0,0,0,0,0,-1,0,1392.803497,5.000000,0
247,0,0,0,0,0,-1,0,1392.803497,5.000000,0
251,0,0,0,0,0,-1,0,1392.803497,5.000000,0
254,0,0,0,0,0,-1,0,1392.803497,5.000000,0
256,0,0,0,0,0,-1,0,1392.803497,5.000000,0
257,0,0,0,0,0,-1,0,1392.803497,5.000000,0
263,0,0,0,0,0,-1,0,1392.803497,5.000000,0
266,0,0,0,0,0,-1,0,1392.803497,5.000000,0
270,0,0,0,0,0,-1,0,1392.803497,5.000000,0
278,0,0,0,0,0,-1,0,1392.803497,5.000000,0
279,0,0,0,0,0,-1,0,1392.803497,5.000000,0
289,0,0,0,0,0,-1,0,1392.803497,5.000000,0
291,0,0,0,0,0,-1,0,1392.803497,5.000000,0
296,0,0,0,0,0,-1,0,1392.803497,5.000000,0
298,0,0,0,0,0,-1,0,1392.803497,5.000000,0
299,0,0,0,0,0,-1,0,1392.803497,5.000000,0
309,0,0,0,0,0,-1,0,1392.803497,5.000000,0
314,0,0,0,0,0,-1,0,1392.803497,5.000000,0
321,0,0,0,0,0,-1,0,1392.803497,5.000000,0
322,0,0,0,0,0,-1,0,1392.803497,5.000000,0
324,0,0,0,0,0,-1,0,1392.803497,5.000000,0
325,0,0,0,0,0,-1,0,1392.803497,5.000000,0
331,0,0,0,0,0,-1,0,1392.803497,5.000000,0
332,0,0,0,0,0,-1,0,1392.803497,5.000000,0
343,0,0,0,0,0,-1,0,1392.803497,5.000000,0
346,0,0,0,0,0,-1,0,1392.803497,5.000000,0
354,0,0,0,0,0,-1,0,1392.803497,5.000000,0
368,0,0,0,0,0,-1,0,1392.803497,5.000000,0
370,0,0,0,0,0,-1,0,1392.803497,5.000000,0
387,0,0,0,0,0,-1,0,1392.803497,5.000000,0
402,0,0,0,0,0,-1,0,1392.803497,5.000000,0
408,0,0,0,0,0,-1,0,1392.803497,5.000000,0
410,0,0,0,0,0,-1,0,1392.803497,5.000000,0
411,0,0,0,0,0,-1,0,1392.803497,5.000000,0
414,0,0,0,0,0,-1,0,1392.803497,5.000000,0
423,0,0,0,0,0,-1,0,1392.803497,5.000000,0
430,0,0,0,0,0,-1,0,1392.803497,5.000000,0
432,0,0,0,0,0,-1,0,1392.803497,5.000000,0
433,0,0,0,0,0,-1,0,1392.803497,5.000000,0
438,0,0,0,0,0,-1,0,1392.803497,5.000000,0
439,0,0,0,0,0,-1,0,1392.803497,5.000000,0
442,0,0,0,0,0,-1,0,1392.803497,5.000000,0
443,0,0,0,0,0,-1,0,1392.803497,5.000000,0
449,0,0,0,0,0,-1,0,1392.803497,5.000000,0
450,0,0,0,0,0,-1,0,1392.803497,5.000000,0
457,0,0,0,0,0,-1,0,1392.803497,5.000000,0
463,0,0,0,0,0,-1,0,1392.803497,5.000000,0
471,0,0,0,0,0,-1,0,1392.803497,5.000000,0
479,0,0,0,0,0,-1,0,1392.803497,5.000000,0
485,0,0,0,0,0,-1,0,1392.803497,5.000000,0
486,0,0,0,0,0,-1,0,1392.803497,5.000000,0
495,0,0,0,0,0,-1,0,1392.803497,5.000000,0
501,0,0,0,0,0,-1,0,1392.803497,5.000000,0
506,0,0,0,0,0,-1,0,1392.803497,5.000000,0
507,0,0,0,0,0,-1,0,1392.803497,5.000000,0
511,0,0,0,0,0,-1,0,1392.803497,5.000000,0
527,0,0,0,0,0,-1,0,1392.803497,5.000000,0
528,0,0,0,0,0,-1,0,1392.803497,5.000000,0
532,0,0,0,0,0,-1,0,1392.803497,5.000000,0
538,0,0,0,0,0,-1,0,1392.803497,5.000000,0
547,0,0,0,0,0,-1,0,1392.803497,5.000000,0
554,0,0,0,0,0,-1,0,1392.803497,5.000000,0
557,0,0,0,0,0,-1,0,1392.803497,5.000000,0
564,0,0,0,0,0,-1,0,1392.803497,5.000000,0
567,0,0,0,0,0,-1,0,1392.803497,5.000000,0
568,0,0,0,0,0,-1,0,1392.803497,5.000000,0
572,0,0,0,0,0,-1,0,1392.803497,5.000000,0
578,0,0,0,0,0,-1,0,1392.803497,5.000000,0
581,0,0,0,0,0,-1,0,1392.803497,5.000000,0
582,0,0,0,0,0,-1,0,1392.803497,5.000000,0
594,0,0,0,0,0,-1,0,1392.803497,5.000000,0
596,0,0,0,0,0,-1,0,1392.803497,5.000000,0
599,0,0,0,0,0,-1,0,1392.803497,5.000000,0
602,0,0,0,0,0,-1,0,1392.803497,5.000000,0
605,0,0,0,0,0,-1,0,1392.803497,5.000000,0
610,0,0,0,0,0,-1,0,1392.803497,5.000000,0
621,0,0,0,0,0,-1,0,1392.803497,5.000000,0
631,0,0,0,0,0,-1,0,1392.803497,5.000000,0
642,0,0,0,0,0,-1,0,1392.803497,5.000000,0
654,0,0,0,0,0,-1,0,1392.803497,5.000000,0
655,0,0,0,0,0,-1,0,1392.803497,5.000000,0
670,0,0,0,0,0,-1,0,1392.803497,5.000000,0
676,0,0,0,0,0,-1,0,1392.803497,5.000000,0
678,0,0,0,0,0,-1,0,1392.803497,5.000000,0
679,0,0,0,0,0,-1,0,1392.803497,5.000000,0
680,0,0,0,0,0,-1,0,1392.803497,5.000000,0
682,0,0,0,0,0,-1,0,1392.803497,5.000000,0
691,0,0,0,0,0,-1,0,1392.803497,5.000000,0
693,0,0,0,0,0,-1,0,1392.803497,5.000000,0
695,0,0,0,0,0,-1,0,1392.803497,5.000000,0
705,0,0,0,0,0,-1,0,1392.803497,5.000000,0
718,0,0,0,0,0,-1,0,1392.803497,5.000000,0
727,0,0,0,0,0,-1,0,1392.803497,5.000000,0
734,0,0,0,0,0,-1,0,1392.803497,5.000000,0
736,0,0,0,0,0,-1,0,1392.803497,5.000000,0
742,0,0,0,0,0,-1,0,1392.803497,5.000000,0
755,0,0,0,0,0,-1,0,1392.803497,5.000000,0
756,0,0,0,0,0,-1,0,1392.803497,5.000000,0
761,0,0,0,0,0,-1,0,1392.803497,5.000000,0
765,0,0,0,0,0,-1,0,1392.803497,5.000000,0
772,0,0,0,0,0,-1,0,1392.803497,5.000000,0
785,0,0,0,0,0,-1,0,1392.803497,5.000000,0
790,0,0,0,0,0,-1,0,1392.803497,5.000000,0
794,0,0,0,0,0,-1,0,1392.803497,5.000000,0
798,0,0,0,0,0,-1,0,1392.803497,5.000000,0
801,0,0,0,0,0,-1,0,1392.803497,5.000000,0
807,0,0,0,0,0,-1,0,1392.803497,5.000000,0
809,0,0,0,0,0,-1,0,1392.803497,5.000000,0
810,0,0,0,0,0,-1,0,1392.803497,5.000000,0
811,0,0,0,0,0,-1,0,1392.803497,5.000000,0
838,0,0,0,0,0,-1,0,1392.803497,5.000000,0
840,0,0,0,0,0,-1,0,1392.803497,5.000000,0
844,0,0,0,0,0,-1,0,1392.803497,5.000000,0
862,0,0,0,0,0,-1,0,1392.803497,5.000000,0
864,0,0,0,0,0,-1,0,1392.803497,5.000000,0
869,0,0,0,0,0,-1,0,1392.803497,5.000000,0
900,0,0,0,0,0,-1,0,1392.803497,5.000000,0
932,0,0,0,0,0,-1,0,1392.803497,5.000000,0
949,0,0,0,0,0,-1,0,1392.803497,5.000000,0
964,0,0,0,0,0,-1,0,1392.803497,5.000000,0
976,0,0,0,0,0,-1,0,1392.803497,5.000000,0
978,0,0,0,0,0,-1,0,1392.803497,5.000000,0
990,0,0,0,0,0,-1,0,1392.803497,5.000000,0
1003,0,0,0,0,0,-1,0,1392.803497,5.000000,0
1011,0,0,0,0,0,-1,0,1392.803497,5.000000,0
1018,0,0,0,0,0,-1,0,1392.803497,5.000000,0
1029,0,0,0,0,0,-1,0,1392.803497,5.000000,0
1032,0,0,0,0,0,-1,0,1392.803497,5.000000,0
1036,0,0,0,0,0,-1,0,1392.803497,5.000000,0
1037,0,0,0,0,0,-1,0,1392.803497,5.000000,0
1041,0,0,0,0,0,-1,0,1392.803497,5.000000,0
1047,0,0,0,0,0,-1,0,1392.803497,5.000000,0
1048,0,0,0,0,0,-1,0,1392.803497,5.000000,0
1053,0,0,0,0,0,-1,0,1392.803497,5.000000,0
1055,0,0,0,0,0,-1,0,1392.803497,5.000000,0
1057,0,0,0,0,0,-1,0,1392.803497,5.000000,0
1061,0,0,0,0,0,-1,0,1392.803497,5.000000,0
1068,0,0,0,0,0,-1,0,1392.803497,5.000000,0
1080,0,0,0,0,0,-1,0,1392.803497,5.000000,0
1089,0,0,0,0,0,-1,0,1392.803497,5.000000,0
1100,0,0,0,0,0,-1,0,1392.803497,5.000000,0
1106,0,0,0,0,0,-1,0,1392.803497,5.000000,0
1110,0,0,0,0,0,-1,0,1392.803497,5.000000,0
1114,0,0,0,0,0,-1,0,1392.803497,5.000000,0
1124,0,0,0,0,0,-1,0,1392.803497,5.000000,0
1127,0,0,0,0,0,-1,0,1392.803497,5.000000,0
1132,0,0,0,0,0,-1,0,1392.803497,5.000000,0
1135,0,0,0,0,0,-1,0,1392.803497,5.000000,0
1138,0,0,0,0,0,-1,0,1392.803497,5.000000,0
1151,0,0,0,0,0,-1,0,1392.803497,5.000000,0
1157,0,0,0,0,0,-1,0,1392.803497,5.000000,0
1161,0,0,0,0,0,-1,0,1392.803497,5.000000,0
1173,0,0,0,0,0,-1,0,1392.803497,5.000000,0
1174,0,0,0,0,0,-1,0,1392.803497,5.000000,0
1178,0,0,0,0,0,-1,0,1392.803497,5.000000,0
1181,0,0,0,0,0,-1,0,1392.803497,5.000000,0
1187,0,0,0,0,0,-1,0,1392.803497,5.000000,0
1192,0,0,0,0,0,-1,0,1392.803497,5.000000,0
1195,0,0,0,0,0,-1,0,1392.803497,5.000000,0
1196,0,0,0,0,0,-1,0,1392.803497,5.000000,0
1200,0,0,0,0,0,-1,0,1392.803497,5.000000,0
1204,0,0,0,0,0,-1,0,1392.803497,5.000000,0
1210,0,0,0,0,0,-1,0,1392.803497,5.000000,0
1221,0,0,0,0,0,-1,0,1392.803497,5.000000,0
1222,0,0,0,0,0,-1,0,1392.803497,5.000000,0
1225,0,0,0,0,0,-1,0,1392.803497,5.000000,0
1236,0,0,0,0,0,-1,0,1392.803497,5.000000,0
1258,0,0,0,0,0,-1,0,1392.803497,5.000000,0
1263,0,0,0,0,0,-1,0,1392.803497,5.000000,0
1264,0,0,0,0,0,-1,0,1392.803497,5.000000,0
1271,0,0,0,0,0,-1,0,1392.803497,5.000000,0
1292,0,0,0,0,0,-1,0,1392.803497,5.000000,0
1302,0,0,0,0,0,-1,0,1392.803497,5.000000,0
1313,0,0,0,0,0,-1,0,1392.803497,5.000000,0
1320,0,0,0,0,0,-1,0,1392.803497,5.000000,0
1326,0,0,0,0,0,-1,0,1392.803497,5.000000,0
1336,0,0,0,0,0,-1,0,1392.803497,5.000000,0
1340,0,0,0,0,0,-1,0,1392.803497,5.000000,0
1350,0,0,0,0,0,-1,0,1392.803497,5.000000,0
1351,0,0,0,0,0,-1,0,1392.803497,5.000000,0
1352,0,0,0,0,0,-1,0,1392.803497,5.000000,0
1359,0,0,0,0,0,-1,0,1392.803497,5.000000,0
1366,0,0,0,0,0,-1,0,1392.803497,5.000000,0
1370,0,0,0,0,0,-1,0,1392.803497,5.000000,0
1373,0,0,0,0,0,-1,0,1392.803497,5.000000,0
1377,0,0,0,0,0,-1,0,1392.803497,5.000000,0
1381,0,0,0,0,0,-1,0,1392.803497,5.000000,0
1391,0,0,0,0,0,-1,0,1392.803497,5.000000,0
1395,0,0,0,0,0,-1,0,1392.803497,5.000000,0
1398,0,0,0,0,0,-1,0,1392.803497,5.000000,0
1404,0,0,0,0,0,-1,0,1392.803497,5.000000,0
1419,0,0,0,0,0,-1,0,1392.803497,5.000000,0
1425,0,0,0,0,0,-1,0,1392.803497,5.000000,0
1441,0,0,0,0,0,-1,0,1392.803497,5.000000,0
1447,0,0,0,0,0,-1,0,1392.803497,5.000000,0
1450,0,0,0,0,0,-1,0,1392.803497,5.000000,0
1455,0,0,0,0,0,-1,0,1392.803497,5.000000,0
1461,0,0,0,0,0,-1,0,1392.803497,5.000000,0
1462,0,0,0,0,0,-1,0,1392.803497,5.000000,0
1467,0,0,0,0,0,-1,0,1392.803497,5.000000,0
1474,0,0,0,0,0,-1,0,1392.803497,5.000000,0
1488,0,0,0,0,0,-1,0,1392.803497,5.000000,0
1491,0,0,0,0,0,-1,0,1392.803497,5.000000,0
1497,0,0,0,0,0,-1,0,1392.803497,5.000000,0
1498,0,0,0,0,0,-1,0,1392.803497,5.000000,0
1511,0,0,0,0,0,-1,0,1392.803497,5.000000,0
1517,0,0,0,0,0,-1,0,1392.803497,5.000000,0
1518,0,0,0,0,0,-1,0,1392.803497,5.000000,0
1525,0,0,0,0,0,-1,0,1392.803497,5.000000,0
1551,0,0,0,0,0,-1,0,1392.803497,5.000000,0
1552,0,0,0,0,0,-1,0,1392.803497,5.000000,0
1554,0,0,0,0,0,-1,0,1392.803497,5.000000,0
1556,0,0,0,0,0,-1,0,1392.803497,5.000000,0
1557,0,0,0,0,0,-1,0,1392.803497,5.000000,0
1562,0,0,0,0,0,-1,0,1392.803497,5.000000,0
1563,0,0,0,0,0,-1,0,1392.803497,5.000000,0
1575,0,0,0,0,0,-1,0,1392.803497,5.000000,0
1576,0,0,0,0,0,-1,0,1392.803497,5.000000,0
1582,0,0,0,0,0,-1,0,1392.803497,5.000000,0
1590,0,0,0,0,0,-1,0,1392.803497,5.000000,0
1611,0,0,0,0,0,-1,0,1392.803497,5.000000,0
1616,0,0,0,0,0,-1,0,1392.803497,5.000000,0
1624,0,0,0,0,0,-1,0,1392.803497,5.000000,0
1632,0,0,0,0,0,-1,0,1392.803497,5.000000,0
1642,0,0,0,0,0,-1,0,1392.803497,5.000000,0
1647,0,0,0,0,0,-1,0,1392.803497,5.000000,0
1651,0,0,0,0,0,-1,0,1392.803497,5.000000,0
1656,0,0,0,0,0,-1,0,1392.803497,5.000000,0
1665,0,0,0,0,0,-1,0,1392.803497,5.000000,0
1667,0,0,0,0,0,-1,0,1392.803497,5.000000,0
1674,0,0,0,0,0,-1,0,1392.803497,5.000000,0
1677,0,0,0,0,0,-1,0,1392.803497,5.000000,0
1694,0,0,0,0,0,-1,0,1392.803497,5.000000,0
1697,0,0,0,0,0,-1,0,1392.803497,5.000000,0
1703,0,0,0,0,0,-1,0,1392.803497,5.000000,0
1714,0,0,0,0,0,-1,0,1392.803497,5.000000,0
1730,0,0,0,0,0,-1,0,1392.803497,5.000000,0
1732,0,0,0,0,0,-1,0,1392.803497,5.000000,0
1737,0,0,0,0,0,-1,0,1392.803497,5.000000,0
1741,0,0,0,0,0,-1,0,1392.803497,5.000000,0
1744,0,0,0,0,0,-1,0,1392.803497,5.000000,0
1749,0,0,0,0,0,-1,0,1392.803497,5.000000,0
1756,0,0,0,0,0,-1,0,1392.803497,5.000000,0
1760,0,0,0,0,0,-1,0,1392.803497,5.000000,0
1763,0,0,0,0,0,-1,0,1392.803497,5.000000,0
1770,0,0,0,0,0,-1,0,1392.803497,5.000000,0
1791,0,0,0,0,0,-1,0,1392.803497,5.000000,0
1807,0,0,0,0,0,-1,0,1392.803497,5.000000,0
1812,0,0,0,0,0,-1,0,1392.803497,5.000000,0
1813,0,0,0,0,0,-1,0,1392.803497,5.000000,0
1814,0,0,0,0,0,-1,0,1392.803497,5.000000,0
1820,0,0,0,0,0,-1,0,1392.803497,5.000000,0
1833,0,0,0,0,0,-1,0,1392.803497,5.000000,0
1847,0,0,0,0,0,-1,0,1392.803497,5.000000,0
1849,0,0,0,0,0,-1,0,1392.803497,5.000000,0
1869,0,0,0,0,0,-1,0,1392.803497,5.000000,0
1871,0,0,0,0,0,-1,0,1392.803497,5.000000,0
1885,0,0,0,0,0,-1,0,1392.803497,5.000000,0
1904,0,0,0,0,0,-1,0,1392.803497,5.000000,0
1927,0,0,0,0,0,-1,0,1392.803497,5.000000,0
1938,0,0,0,0,0,-1,0,1392.803497,5.000000,0
1945,0,0,0,0,0,-1,0,1392.803497,5.000000,0
1956,0,0,0,0,0,-1,0,1392.803497,5.000000,0
1966,0,0,0,0,0,-1,0,1392.803497,5.000000,0
1972,0,0,0,0,0,-1,0,1392.803497,5.000000,0
1979,0,0,0,0,0,-1,0,1392.803497,5.000000,0
1988,0,0,0,0,0,-1,0,1392.803497,5.000000,0
