frame,components,mse,size_bytes
1,80,16.864893340071927,71680
1,75,22.693371643555444,67200
1,70,40.21336417590225,62720
1,65,45.35593627542434,58240
1,60,46.05693080367224,53760
1,55,47.72409930391097,49280
1,50,48.79089888698282,44800
1,45,49.42385612802227,40320
1,40,52.35159341020604,35840
1,35,62.800574338022884,31360
1,30,66.80274585997994,26880
1,25,74.45421167543603,22400
1,20,81.42292359167942,17920
1,15,90.39144652983825,13440
1,10,97.71329804064379,8960
1,5,179.34811223115153,4480
2,80,10.812203863266506,71680
2,75,11.519044445583082,67200
2,70,11.945018282991805,62720
2,65,12.834148370392212,58240
2,60,13.044079001142366,53760
2,55,13.307447995411838,49280
2,50,13.72018304344748,44800
2,45,14.013476029603556,40320
2,40,14.97834790664792,35840
2,35,15.072137838727482,31360
2,30,15.368924315652135,26880
2,25,15.64081407902619,22400
2,20,15.817637895705007,17920
2,15,16.150503197779443,13440
2,10,22.434063012437264,8960
2,5,27.536116075128408,4480
3,80,535.9979964404964,71680
3,75,542.5413660406712,67200
3,70,543.0048585681758,62720
3,65,550.8492194478101,58240
3,60,560.1104645680605,53760
3,55,569.686692199505,49280
3,50,598.7371920631404,44800
3,45,608.2942816930639,40320
3,40,609.394551782901,35840
3,35,631.4645225715865,31360
3,30,656.9427383225177,26880
3,25,673.5593927100117,22400
3,20,687.750850119153,17920
3,15,712.0438454305296,13440
3,10,789.7199686052365,8960
3,5,896.8180658323886,4480
4,80,945.4086188783441,71680
4,75,960.5575399085562,67200
4,70,965.2391595263621,62720
4,65,973.0348946299139,58240
4,60,976.4632003529908,53760
4,55,1010.8759056297883,49280
4,50,1026.3447788512551,44800
4,45,1030.552498346924,40320
4,40,1037.2250246657225,35840
4,35,1056.102681046324,31360
4,30,1071.3196786374278,26880
4,25,1092.4291377169943,22400
4,20,1183.2296407604138,17920
4,15,1258.1784777265798,13440
4,10,1313.9758453863212,8960
4,5,1768.613730835177,4480
5,80,181.30305543507296,71680
5,75,181.4665762057781,67200
5,70,181.83908699839185,62720
5,65,182.11130046287195,58240
5,60,185.64719985189976,53760
5,55,202.14087531908726,49280
5,50,208.00217159290378,44800
5,45,213.5287310281593,40320
5,40,218.18966112907918,35840
5,35,225.49363015333438,31360
5,30,245.94394660788342,26880
5,25,252.06012632319974,22400
5,20,266.57052298312027,17920
5,15,269.4543026310833,13440
5,10,305.6383565910106,8960
5,5,332.16120047989926,4480
6,80,7.2516102085736796,71680
6,75,7.255986303526555,67200
6,70,7.2782510826965865,62720
6,65,7.324560715676881,58240
6,60,7.365944011454144,53760
6,55,7.478228682994979,49280
6,50,8.145798432676296,44800
6,45,12.576067796027774,40320
6,40,60.61379462663553,35840
6,35,64.57760075888154,31360
6,30,67.32414624938772,26880
6,25,69.03680920503557,22400
6,20,73.48479554467457,17920
6,15,74.37708125620571,13440
6,10,91.04407541460385,8960
6,5,96.72923975629183,4480
7,80,0.22220523096916944,71680
7,75,0.4426714225853266,67200
7,70,0.4581226988024194,62720
7,65,0.6027546316429946,58240
7,60,0.6768690200524237,53760
7,55,0.8823473626910568,49280
7,50,1.248593914014874,44800
7,45,1.3506318513597306,40320
7,40,2.165551386491393,35840
7,35,2.1994087952796106,31360
7,30,2.485009269193248,26880
7,25,2.659053064782375,22400
7,20,2.8141516934009303,17920
7,15,3.208716259081267,13440
7,10,8.955016035780192,8960
7,5,15.297248850423653,4480
8,80,79.85576944650218,71680
8,75,80.18330863987933,67200
8,70,80.71833004586442,62720
8,65,82.6531662113155,58240
8,60,92.05297350203669,53760
8,55,92.76914410185624,49280
8,50,95.11844364895732,44800
8,45,95.8258622210899,40320
8,40,98.5986481405269,35840
8,35,104.98464315145326,31360
8,30,110.5113633687226,26880
8,25,114.96917557353697,22400
8,20,124.83958445588432,17920
8,15,138.56579290575922,13440
8,10,184.6176700853799,8960
8,5,295.7536132255319,4480
9,80,10.0047836504175,71680
9,75,10.15120554998751,67200
9,70,10.196341190830312,62720
9,65,10.315958630444209,58240
9,60,10.77797863885158,53760
9,55,12.000966650741265,49280
9,50,13.346923834816893,44800
9,45,14.460919371462044,40320
9,40,16.047040585361433,35840
9,35,16.6302560867027,31360
9,30,16.757548643514426,26880
9,25,17.36116128247484,22400
9,20,17.748969922807603,17920
9,15,18.20596455008143,13440
9,10,26.193310950043585,8960
9,5,31.64443400033146,4480
10,80,3.718206423219641,71680
10,75,4.2863499771955675,67200
10,70,4.414932045049021,62720
10,65,5.609998441598902,58240
10,60,5.72614262806447,53760
10,55,6.062799643204806,49280
10,50,15.736593910417934,44800
10,45,17.252610902274814,40320
10,40,17.462011172266863,35840
10,35,18.08338145674243,31360
10,30,22.752670044106104,26880
10,25,32.15029244132703,22400
10,20,35.3736183805426,17920
10,15,216.30743738758616,13440
10,10,229.57540039293153,8960
10,5,372.1387632613823,4480
11,80,6.862263622131228,71680
11,75,7.312138694632532,67200
11,70,7.479989907049522,62720
11,65,8.27752678015371,58240
11,60,8.484775123138553,53760
11,55,8.688922955410163,49280
11,50,9.214570809234173,44800
11,45,9.299889011250318,40320
11,40,10.012636897900597,35840
11,35,10.041598633159314,31360
11,30,10.818572990230404,26880
11,25,11.037706613750778,22400
11,20,11.403353496598253,17920
11,15,11.585787959425941,13440
11,10,21.00500720851587,8960
11,5,26.399554489572523,4480
12,80,0.21132237292320974,71680
12,75,0.39994379652518725,67200
12,70,0.4109528101325273,62720
12,65,0.4609351724996053,58240
12,60,0.5468462974257172,53760
12,55,0.7657624019138226,49280
12,50,1.0178674442967321,44800
12,45,1.1251256466642807,40320
12,40,2.0191988334051536,35840
12,35,2.054759780186381,31360
12,30,2.3263456249039143,26880
12,25,2.4745305805192768,22400
12,20,2.6241975298310325,17920
12,15,3.03392212353731,13440
12,10,8.441352426049184,8960
12,5,13.818773954927789,4480
13,80,24.452756070694935,71680
13,75,31.847649038677627,67200
13,70,32.27053607125119,62720
13,65,41.672208682248524,58240
13,60,42.67372125747967,53760
13,55,44.35951153847923,49280
13,50,48.19036232887671,44800
13,45,74.60452326699104,40320
13,40,76.35339834670377,35840
13,35,76.49379356774955,31360
13,30,78.98644167743926,26880
13,25,159.52014217632302,22400
13,20,160.3721640232673,17920
13,15,183.31712701169275,13440
13,10,224.87008567644028,8960
13,5,414.0028539316969,4480
14,80,129.84816332777675,71680
14,75,129.90461661542264,67200
14,70,133.67070029905238,62720
14,65,133.9082582064534,58240
14,60,133.97104712395856,53760
14,55,137.8117931945741,49280
14,50,137.96025212848994,44800
14,45,161.99968683146085,40320
14,40,181.46598028467068,35840
14,35,182.27395789198914,31360
14,30,182.88115354123542,26880
14,25,183.7394306013105,22400
14,20,184.75643528358603,17920
14,15,217.15611199488123,13440
14,10,409.6834435923415,8960
14,5,1097.5249886383403,4480
15,80,311.5465055842528,71680
15,75,313.0278370664282,67200
15,70,313.4449344596182,62720
15,65,313.6319957259022,58240
15,60,315.4016486136949,53760
15,55,317.198826077904,49280
15,50,320.47896069563814,44800
15,45,326.4191345640804,40320
15,40,387.81740368112503,35840
15,35,505.0555641645836,31360
15,30,555.4282309871925,26880
15,25,629.7826000681016,22400
15,20,826.67261516845,17920
15,15,1011.9122003664714,13440
15,10,1491.2339821275198,8960
15,5,2192.7353612957786,4480
16,80,13.186466095037538,71680
16,75,13.275177108662405,67200
16,70,13.314698868196974,62720
16,65,13.487410659670143,58240
16,60,14.323747769677928,53760
16,55,17.049513190188684,49280
16,50,18.91410900987929,44800
16,45,20.761740671750037,40320
16,40,22.813172649604624,35840
16,35,23.704368028671002,31360
16,30,24.110174829892266,26880
16,25,24.93166778457779,22400
16,20,25.4569692868565,17920
16,15,25.934929078427505,13440
16,10,34.924730042382194,8960
16,5,40.27502166521515,4480
17,80,18.056731758577484,71680
17,75,54.852201701842375,67200
17,70,66.56548927303051,62720
17,65,75.0979513283714,58240
17,60,76.45238003382448,53760
17,55,77.17581775213834,49280
17,50,78.00730836785439,44800
17,45,78.91406575876718,40320
17,40,79.88719055373954,35840
17,35,80.13053764255993,31360
17,30,80.65959395959187,26880
17,25,81.55022057605389,22400
17,20,81.94875109879516,17920
17,15,82.45886920916571,13440
17,10,90.47674381187105,8960
17,5,95.45596753758527,4480
18,80,22.015366770701725,71680
18,75,22.20580108532761,67200
18,70,23.287431312318283,62720
18,65,26.451138936940495,58240
18,60,35.555539466883324,53760
18,55,71.37310570222962,49280
18,50,80.54173059321528,44800
18,45,92.18478172635253,40320
18,40,99.77173831231457,35840
18,35,106.31454414127778,31360
18,30,112.72347332907111,26880
18,25,116.38306419435405,22400
18,20,120.4469927361333,17920
18,15,122.13538571874413,13440
18,10,142.0680771785681,8960
18,5,150.61380864412203,4480
19,80,112.68801339472682,71680
19,75,113.18575304218997,67200
19,70,113.3748280548299,62720
19,65,113.53765750385116,58240
19,60,113.62623351566805,53760
19,55,113.66945393229712,49280
19,50,115.88293181434493,44800
19,45,122.50494752781682,40320
19,40,126.66862246839315,35840
19,35,140.57649496089337,31360
19,30,181.44287316590362,26880
19,25,197.8000018817327,22400
19,20,218.85862698336499,17920
19,15,225.85007462200605,13440
19,10,249.080386545524,8960
19,5,278.41850270614765,4480
20,80,1.579286374187168,71680
20,75,1.7856019904059277,67200
20,70,1.843179291911662,62720
20,65,1.992507416318228,58240
20,60,2.0866980547954035,53760
20,55,2.1890409412286216,49280
20,50,2.7319662195379846,44800
20,45,2.913939030714669,40320
20,40,3.908569284601006,35840
20,35,4.0359067359387595,31360
20,30,4.119081190475776,26880
20,25,4.388810367059642,22400
20,20,4.564725942886306,17920
20,15,4.907649685594336,13440
20,10,10.544626633219272,8960
20,5,16.623165864584195,4480
21,80,7.393671486796041,71680
21,75,8.965778738304003,67200
21,70,9.190620233242223,62720
21,65,9.501504563835574,58240
21,60,9.645468928206226,53760
21,55,10.226791629964849,49280
21,50,10.576852528122677,44800
21,45,10.625870347246847,40320
21,40,11.547810313674068,35840
21,35,12.259230896042746,31360
21,30,13.117269443573885,26880
21,25,15.16396710284241,22400
21,20,16.244540852132953,17920
21,15,19.529934424590596,13440
21,10,30.15236262806766,8960
21,5,38.76257399093364,4480
22,80,10.339497430231972,71680
22,75,11.087926257543764,67200
22,70,11.4050955960729,62720
22,65,11.814512128644308,58240
22,60,11.947376128765118,53760
22,55,12.312479071320727,49280
22,50,12.794200185448247,44800
22,45,13.072200746413964,40320
22,40,13.861623739331856,35840
22,35,13.992310235429567,31360
22,30,14.934724867582,26880
22,25,16.21450259691561,22400
22,20,18.097607247456782,17920
22,15,19.975231107486696,13440
22,10,26.519138579175774,8960
22,5,57.64104215065655,4480
23,80,8.948892347202603,71680
23,75,11.319090180904563,67200
23,70,11.770769508364225,62720
23,65,13.073424491545985,58240
23,60,13.148980824150286,53760
23,55,13.899524093928608,49280
23,50,30.659377010506343,44800
23,45,38.214769596857735,40320
23,40,38.54128254542252,35840
23,35,39.55661135931039,31360
23,30,41.812969254316585,26880
23,25,44.44017904894443,22400
23,20,45.12558271035802,17920
23,15,51.41332134575701,13440
23,10,70.18296753268851,8960
23,5,113.79923520649334,4480
24,80,491.2212845776376,71680
24,75,494.71426083680956,67200
24,70,494.85116204193247,62720
24,65,495.94109132523187,58240
24,60,502.2074207107501,53760
24,55,503.7489484819966,49280
24,50,506.4708886825824,44800
24,45,510.6967754168503,40320
24,40,526.2204258344135,35840
24,35,560.6892828461641,31360
24,30,575.0987213341353,26880
24,25,589.907403863533,22400
24,20,628.9581266282704,17920
24,15,656.5340291101023,13440
24,10,850.6187789531873,8960
24,5,1085.9057766955254,4480
25,80,24.2804046484779,71680
25,75,24.63340116017365,67200
25,70,24.70275860476108,62720
25,65,35.01411004348871,58240
25,60,42.03122211427641,53760
25,55,49.996139272998334,49280
25,50,55.53474194868828,44800
25,45,61.52972624449208,40320
25,40,62.778799025138966,35840
25,35,66.43817938469596,31360
25,30,73.27494091719043,26880
25,25,78.11852095733684,22400
25,20,83.81383057578435,17920
25,15,92.39136229141234,13440
25,10,165.17731148670927,8960
25,5,350.59194066107403,4480
26,80,401.40479228476727,71680
26,75,409.62896170449454,67200
26,70,412.2236791795541,62720
26,65,437.19743287186213,58240
26,60,463.92590884983997,53760
26,55,489.12351591464903,49280
26,50,524.852784657391,44800
26,45,571.7166040355181,40320
26,40,576.3179732373897,35840
26,35,595.4971981263568,31360
26,30,637.32356712982,26880
26,25,669.0180020539078,22400
26,20,696.2997660404961,17920
26,15,708.5647638985156,13440
26,10,886.7790087703256,8960
26,5,1454.918965646192,4480
27,80,70.79982597550546,71680
27,75,81.47610969052633,67200
27,70,85.51881146899944,62720
27,65,90.14978546664797,58240
27,60,90.8027541946873,53760
27,55,91.39973538829331,49280
27,50,91.92692092907703,44800
27,45,92.83399858597228,40320
27,40,93.91197943912073,35840
27,35,94.22469386533741,31360
27,30,95.06279005470368,26880
27,25,95.89958476569723,22400
27,20,96.15048480198635,17920
27,15,96.49762532847147,13440
27,10,104.0758903984142,8960
27,5,108.25329124520455,4480
28,80,157.27954552510926,71680
28,75,157.68695814386587,67200
28,70,158.8283617660678,62720
28,65,193.08257793952055,58240
28,60,193.97809480126608,53760
28,55,194.35362868411272,49280
28,50,194.77505541229195,44800
28,45,207.5675937644206,40320
28,40,248.57013422427465,35840
28,35,255.34199424981514,31360
28,30,263.2474301281591,26880
28,25,279.8571042048829,22400
28,20,285.48847913719607,17920
28,15,309.83311855158655,13440
28,10,438.18579061934577,8960
28,5,601.5153881125973,4480
29,80,19.403186187751352,71680
29,75,23.10245908886078,67200
29,70,23.41544086841689,62720
29,65,23.536798408089627,58240
29,60,23.678908037555278,53760
29,55,24.219875838776737,49280
29,50,26.292043916953478,44800
29,45,27.235170740198,40320
29,40,31.402452328878265,35840
29,35,40.51383504183704,31360
29,30,52.44703118523761,26880
29,25,69.36877549140381,22400
29,20,73.86136387082752,17920
29,15,102.82561537085596,13440
29,10,125.14966128119721,8960
29,5,160.3608565706248,4480
30,80,318.39500741276703,71680
30,75,320.25501360747637,67200
30,70,324.66894984219283,62720
30,65,336.48401496762995,58240
30,60,344.4229452978841,53760
30,55,349.2138658117491,49280
30,50,354.83142876142443,44800
30,45,356.5514855276855,40320
30,40,358.8838831486025,35840
30,35,364.12679448102796,31360
30,30,376.7523565098857,26880
30,25,401.7614892082859,22400
30,20,416.3692135709495,17920
30,15,471.9280109221188,13440
30,10,525.7900363963789,8960
30,5,786.6356640967978,4480
31,80,2.6513766124821077,71680
31,75,2.652332164242326,67200
31,70,2.6790410589374742,62720
31,65,2.734136450312953,58240
31,60,2.7939268571577367,53760
31,55,2.9104735121806775,49280
31,50,3.5957355491093117,44800
31,45,8.401113724418028,40320
31,40,58.76128458116127,35840
31,35,62.872309143949025,31360
31,30,65.67181060895972,26880
31,25,67.36840506264735,22400
31,20,71.76893784975816,17920
31,15,72.64481220233696,13440
31,10,89.29219873866987,8960
31,5,94.9872420904291,4480
32,80,0.00040928726816092515,71680
32,75,0.0004578872084443504,67200
32,70,0.00047133980599351806,62720
32,65,0.0005372845216511902,58240
32,60,0.0007898366901020103,53760
32,55,0.001017997696500053,49280
32,50,0.00193401944835156,44800
32,45,0.003051155006227154,40320
32,40,0.005058206140567403,35840
32,35,0.00807175663828213,31360
32,30,0.01803147403277549,26880
32,25,0.033943062110879815,22400
32,20,0.07999479910089942,17920
32,15,0.10363376474344949,13440
32,10,0.32791171802157004,8960
32,5,3.450568008256963,4480
33,80,97.5795872601246,71680
33,75,98.1444589551471,67200
33,70,100.80541984073547,62720
33,65,109.24094697606176,58240
33,60,147.22577774304096,53760
33,55,149.15535361356547,49280
33,50,161.7840402965157,44800
33,45,162.3390822198953,40320
33,40,167.96984696525874,35840
33,35,179.57968620518596,31360
33,30,187.4568505013212,26880
33,25,205.24796923475168,22400
33,20,240.87654505022613,17920
33,15,266.6088054739899,13440
33,10,325.65493185111694,8960
33,5,434.47064434240605,4480
34,80,59.18226062389383,71680
34,75,59.598757671453356,67200
34,70,59.71045130411713,62720
34,65,67.4565324106756,58240
34,60,71.6560713741555,53760
34,55,77.56291187743057,49280
34,50,79.21776996930377,44800
34,45,83.2233262557396,40320
34,40,85.63288548230355,35840
34,35,91.30163710273641,31360
34,30,99.58816206063284,26880
34,25,106.2696647665229,22400
34,20,113.27262365020589,17920
34,15,121.98488905615193,13440
34,10,186.0294888114407,8960
34,5,328.65500872976565,4480
35,80,649.9970797011808,71680
35,75,653.7196358117685,67200
35,70,656.1019392107853,62720
35,65,660.9999651439022,58240
35,60,662.1476159955854,53760
35,55,665.4593939470875,49280
35,50,666.6123496197469,44800
35,45,672.5804665355467,40320
35,40,676.4941628612506,35840
35,35,686.7456960653969,31360
35,30,701.2693065037538,26880
35,25,843.211908913163,22400
35,20,985.0501081892721,17920
35,15,1097.9313695937133,13440
35,10,1273.2631942192163,8960
35,5,1944.4103462454302,4480
36,80,24.11734665722193,71680
36,75,25.297725620944817,67200
36,70,42.37807505472917,62720
36,65,56.42750429335985,58240
36,60,65.1436540412195,53760
36,55,68.03709913804484,49280
36,50,72.98894061963526,44800
36,45,77.15249407630849,40320
36,40,78.66651039898282,35840
36,35,79.95656039648088,31360
36,30,81.65816898522912,26880
36,25,84.9042689229863,22400
36,20,90.96129283038354,17920
36,15,103.12394309124288,13440
36,10,212.97360357420172,8960
36,5,337.1738947414898,4480
37,80,20.871062638199803,71680
37,75,21.04925173814371,67200
37,70,21.07868350580465,62720
37,65,21.170845849948986,58240
37,60,21.49069300296411,53760
37,55,22.417202987178552,49280
37,50,26.847770643145676,44800
37,45,28.84176981886088,40320
37,40,36.21532138766267,35840
37,35,50.97815811452809,31360
37,30,71.55018892475039,26880
37,25,97.12577377944179,22400
37,20,102.9902077491401,17920
37,15,151.0660615597437,13440
37,10,179.33811934967989,8960
37,5,238.30854805536887,4480
38,80,104.66194113036379,71680
38,75,105.09436635252406,67200
38,70,106.35108037059064,62720
38,65,123.13927749734728,58240
38,60,128.694241878521,53760
38,55,129.27116586089642,49280
38,50,134.1635892975261,44800
38,45,157.96197739946678,40320
38,40,163.8421568091261,35840
38,35,170.7979178413132,31360
38,30,202.51362244797218,26880
38,25,231.36209788246597,22400
38,20,300.65330092772905,17920
38,15,349.79123958168805,13440
38,10,502.27576420564645,8960
38,5,635.6053768855015,4480
39,80,4.561589827366288,71680
39,75,6.90937804038128,67200
39,70,7.367166664010011,62720
39,65,20.880189102893542,58240
39,60,22.115750091354762,53760
39,55,23.89649056303734,49280
39,50,25.62084726681775,44800
39,45,35.00972302019345,40320
39,40,35.23572620660712,35840
39,35,35.42084123350084,31360
39,30,40.48347156442548,26880
39,25,131.17260244160292,22400
39,20,132.98448325118022,17920
39,15,224.85474648929863,13440
39,10,271.3326248835803,8960
39,5,437.7548269471135,4480
40,80,0.22220523096916944,71680
40,75,0.4426714225853266,67200
40,70,0.4581226988024194,62720
40,65,0.6027546316429946,58240
40,60,0.6768690200524237,53760
40,55,0.8823473626910568,49280
40,50,1.248593914014874,44800
40,45,1.3506318513597306,40320
40,40,2.165551386491393,35840
40,35,2.1994087952796106,31360
40,30,2.485009269193248,26880
40,25,2.659053064782375,22400
40,20,2.8141516934009303,17920
40,15,3.208716259081267,13440
40,10,8.955016035780192,8960
40,5,15.297248850423653,4480
41,80,154.91530225032832,71680
41,75,154.99989249025293,67200
41,70,155.5244839276402,62720
41,65,156.43350145844883,58240
41,60,161.25208644822817,53760
41,55,186.96715141165527,49280
41,50,194.53750826877805,44800
41,45,204.23202970365043,40320
41,40,210.57349974150972,35840
41,35,219.77315018498132,31360
41,30,235.65677378815985,26880
41,25,241.72126913282423,22400
41,20,254.71182132284625,17920
41,15,257.7109184765438,13440
41,10,291.5126813812537,8960
41,5,314.45454478387796,4480
42,80,26.386198245711824,71680
42,75,28.045003134969253,67200
42,70,28.65151339666916,62720
42,65,33.71609782344982,58240
42,60,37.84777395498475,53760
42,55,39.84279893342922,49280
42,50,46.62018935200113,44800
42,45,47.57927138051132,40320
42,40,48.42258847075297,35840
42,35,50.27505151457687,31360
42,30,52.85908405626717,26880
42,25,53.63028568779016,22400
42,20,57.16085815444019,17920
42,15,61.016681975951286,13440
42,10,65.99828367943762,8960
42,5,92.86341947754151,4480
43,80,16.994123246323557,71680
43,75,17.176080415958698,67200
43,70,17.309589830904937,62720
43,65,17.477725207881978,58240
43,60,17.58393045384972,53760
43,55,17.839012750069834,49280
43,50,18.2393108595593,44800
43,45,19.48583677514717,40320
43,40,21.194824000075865,35840
43,35,21.363378884240603,31360
43,30,21.661729927487837,26880
43,25,21.7872441627465,22400
43,20,22.30680072603934,17920
43,15,23.343699450878287,13440
43,10,25.592296531520947,8960
43,5,56.556883126232,4480
44,80,517.1583353514267,71680
44,75,518.95920516131,67200
44,70,519.7782390187607,62720
44,65,520.1985596887342,58240
44,60,524.6765569103376,53760
44,55,526.1228629303745,49280
44,50,530.5455661326461,44800
44,45,534.4757143249305,40320
44,40,589.1824531098781,35840
44,35,717.9411215973515,31360
44,30,761.2394740840283,26880
44,25,837.385812357022,22400
44,20,1073.8018983909255,17920
44,15,1315.2709734452462,13440
44,10,1916.9691639881194,8960
44,5,2770.2738669401538,4480
45,80,80.97834022025933,71680
45,75,91.64635878758912,67200
45,70,95.19534649223847,62720
45,65,99.75747116828175,58240
45,60,100.32127462136748,53760
45,55,100.93756096877603,49280
45,50,101.56153777887343,44800
45,45,102.52392038934249,40320
45,40,103.5212185562948,35840
45,35,103.8725596295054,31360
45,30,104.8377536712827,26880
45,25,105.77807233121258,22400
45,20,105.98693518098813,17920
45,15,106.33686727279914,13440
45,10,114.5970589799687,8960
45,5,118.87328938810995,4480
46,80,0.22220523096916944,71680
46,75,0.4426714225853266,67200
46,70,0.4581226988024194,62720
46,65,0.6027546316429946,58240
46,60,0.6768690200524237,53760
46,55,0.8823473626910568,49280
46,50,1.248593914014874,44800
46,45,1.3506318513597306,40320
46,40,2.165551386491393,35840
46,35,2.1994087952796106,31360
46,30,2.485009269193248,26880
46,25,2.659053064782375,22400
46,20,2.8141516934009303,17920
46,15,3.208716259081267,13440
46,10,8.955016035780192,8960
46,5,15.297248850423653,4480
47,80,60.576530360156994,71680
47,75,72.87464174271717,67200
47,70,76.75719344301565,62720
47,65,81.0938526565549,58240
47,60,81.74430587653966,53760
47,55,82.3489253043151,49280
47,50,82.897152785042,44800
47,45,83.71711976914936,40320
47,40,84.73124492964871,35840
47,35,85.04180310949096,31360
47,30,85.66615076769925,26880
47,25,86.49116201924737,22400
47,20,86.77531583518771,17920
47,15,87.12818501179487,13440
47,10,95.22305478775915,8960
47,5,99.88243796463487,4480
48,80,1060.5124169356966,71680
48,75,1062.1532942410786,67200
48,70,1065.8503360676762,62720
48,65,1101.8384183382514,58240
48,60,1109.6685063270522,53760
48,55,1142.5239320439425,49280
48,50,1180.4382401247447,44800
48,45,1199.4206321484621,40320
48,40,1206.5213549276516,35840
48,35,1221.1676808426846,31360
48,30,1264.230527880621,26880
48,25,1348.5483986527533,22400
48,20,1376.0047457703974,17920
48,15,1438.5682558421997,13440
48,10,1516.0205625136443,8960
48,5,1909.1285876211389,4480
49,80,63.72858178333876,71680
49,75,67.74428727112219,67200
49,70,80.57759116172349,62720
49,65,84.4325579506231,58240
49,60,86.4691890658077,53760
49,55,87.725816961257,49280
49,50,93.72057548176369,44800
49,45,95.50346594427812,40320
49,40,97.47855640095376,35840
49,35,98.70786160240985,31360
49,30,100.33791924391328,26880
49,25,101.68188591631267,22400
49,20,107.26059002311129,17920
49,15,115.7601132398599,13440
49,10,137.89963566240925,8960
49,5,168.8763601925351,4480
50,80,179.52640222755755,71680
50,75,184.51514890449155,67200
50,70,189.1587486433809,62720
50,65,195.40095112895239,58240
50,60,198.67668501118206,53760
50,55,201.6181409015478,49280
50,50,207.56504784100545,44800
50,45,209.7777025453336,40320
50,40,214.3390860074802,35840
50,35,237.02965258888386,31360
50,30,253.42380204832583,26880
50,25,260.55361365892935,22400
50,20,295.0249382937527,17920
50,15,329.6111842924745,13440
50,10,369.95126284608426,8960
50,5,469.0353558626375,4480
51,80,192.42073899832747,71680
51,75,192.61640154133747,67200
51,70,192.990479416759,62720
51,65,193.12562540692963,58240
51,60,195.70876789798726,53760
51,55,207.71868049601014,49280
51,50,212.64147854485557,44800
51,45,216.5241554286415,40320
51,40,220.2208024881206,35840
51,35,225.59903206821727,31360
51,30,247.71584239872877,26880
51,25,253.61955397338784,22400
51,20,267.4900756565825,17920
51,15,269.90410964515036,13440
51,10,303.9578759782686,8960
51,5,332.3167425906451,4480
52,80,7.31967089769894,71680
52,75,8.238876237072297,67200
52,70,9.51709835685575,62720
52,65,10.78589809546404,58240
52,60,11.457309561800145,53760
52,55,12.817506992954526,49280
52,50,15.679720524469078,44800
52,45,18.23428505846809,40320
52,40,19.317478466497324,35840
52,35,22.541453638837996,31360
52,30,30.000558802109563,26880
52,25,34.45111575252651,22400
52,20,41.98516222669761,17920
52,15,54.68490568271484,13440
52,10,175.37193508672942,8960
52,5,337.867564633676,4480
53,80,143.54989372245797,71680
53,75,143.59614175522282,67200
53,70,145.78833493011564,62720
53,65,149.6500843727376,58240
53,60,151.6004228206916,53760
53,55,156.0656930424365,49280
53,50,158.51142834101614,44800
53,45,159.0794949733146,40320
53,40,163.47553840814626,35840
53,35,176.70529318901515,31360
53,30,183.15607022530654,26880
53,25,200.10995319499986,22400
53,20,231.63867207808102,17920
53,15,252.2539151708201,13440
53,10,294.8592578537313,8960
53,5,394.34042890609504,4480
54,80,14.649931577043786,71680
54,75,32.499185571814074,67200
54,70,35.73603888564804,62720
54,65,41.943732335293014,58240
54,60,43.25088477644918,53760
54,55,45.08718099456529,49280
54,50,54.74048738087636,44800
54,45,79.25635447060407,40320
54,40,79.94258450950001,35840
54,35,80.53061034676101,31360
54,30,81.23421627212936,26880
54,25,90.24801549298905,22400
54,20,92.3687612390046,17920
54,15,209.50115357581655,13440
54,10,231.47100662691454,8960
54,5,403.35242241960464,4480
55,80,997.3017586379381,71680
55,75,998.1352708973917,67200
55,70,1008.9716968781944,62720
55,65,1014.4043940105506,58240
55,60,1023.5028454661236,53760
55,55,1036.9386429881656,49280
55,50,1053.5958029906808,44800
55,45,1060.8350630050547,40320
55,40,1069.3434320084577,35840
55,35,1074.2551774106714,31360
55,30,1087.0710418537165,26880
55,25,1158.6977337457936,22400
55,20,1172.6934127964082,17920
55,15,1291.943895452167,13440
55,10,1353.3796675548776,8960
55,5,1808.7040345003318,4480
56,80,3.253244715855525,71680
56,75,3.5466258901239236,67200
56,70,3.6687094873239356,62720
56,65,3.8857140939410995,58240
56,60,3.9482740616797614,53760
56,55,4.245617296474106,49280
56,50,4.729065140590355,44800
56,45,4.845877172159813,40320
56,40,5.552621517484515,35840
56,35,5.650776442295119,31360
56,30,6.509360696517082,26880
56,25,7.10072399855851,22400
56,20,8.373783230999118,17920
56,15,9.405269548279888,13440
56,10,16.225570604983307,8960
56,5,31.168867158604378,4480
57,80,8.037264687463473,71680
57,75,8.248970893157155,67200
57,70,8.371359029235617,62720
57,65,8.58439856106098,58240
57,60,8.705512259069344,53760
57,55,9.008381553172773,49280
57,50,9.45873054136829,44800
57,45,9.99503166821447,40320
57,40,11.047599132166814,35840
57,35,11.198129500551985,31360
57,30,11.58903109604278,26880
57,25,11.786913962513275,22400
57,20,12.240295506356352,17920
57,15,12.920138009277016,13440
57,10,15.747817251987236,8960
57,5,32.252399197589575,4480
58,80,9.440223524236341,71680
58,75,36.282025957975364,67200
58,70,39.09649759005707,62720
58,65,50.16367728465095,58240
58,60,51.76645543578486,53760
58,55,54.146067542925216,49280
58,50,58.726091226981914,44800
58,45,91.71448954334524,40320
58,40,93.21417913881413,35840
58,35,93.55004995744869,31360
58,30,94.28421258441291,26880
58,25,129.46583728043106,22400
58,20,130.9342725934425,17920
58,15,199.40379154534972,13440
58,10,228.6183989817819,8960
58,5,405.9287491899899,4480
59,80,40.32647087791293,71680
59,75,40.75225313956139,67200
59,70,44.873445851197026,62720
59,65,59.02305953922474,58240
59,60,127.53639040214169,53760
59,55,131.5792131748254,49280
59,50,149.82718333228672,44800
59,45,150.51041147734705,40320
59,40,156.09705621571186,35840
59,35,166.33591586653682,31360
59,30,175.24569730361145,26880
59,25,191.26448302400703,22400
59,20,225.22743437335478,17920
59,15,250.99596670439183,13440
59,10,309.10412940734216,8960
59,5,418.59073322295365,4480
60,80,448.33780717229143,71680
60,75,448.4906917367921,67200
60,70,449.65099615130845,62720
60,65,449.98292246397125,58240
60,60,454.59194483710473,53760
60,55,458.3653499312294,49280
60,50,461.28170058544225,44800
60,45,483.43413655398047,40320
60,40,484.916913236579,35840
60,35,487.8078771617937,31360
60,30,498.7861686771034,26880
60,25,506.6521211069552,22400
60,20,559.3067054769226,17920
60,15,595.1205707700523,13440
60,10,999.1556577087299,8960
60,5,1830.5251605663843,4480
61,80,1310.298376724661,71680
61,75,1340.0427496190161,67200
61,70,1348.1068325976078,62720
61,65,1388.855752737006,58240
61,60,1426.596587938499,53760
61,55,1428.9033882535407,49280
61,50,1443.9862236912247,44800
61,45,1458.6896471217951,40320
61,40,1487.6734872068675,35840
61,35,1510.0668406527996,31360
61,30,1607.1634730155372,26880
61,25,1666.569792563355,22400
61,20,1840.8529798658114,17920
61,15,1974.4713097281206,13440
61,10,1981.3331863587325,8960
61,5,2961.3791691091815,4480
62,80,80.01650872580697,71680
62,75,91.64121327522615,67200
62,70,95.23551579493477,62720
62,65,99.89616401879519,58240
62,60,100.47417347385806,53760
62,55,101.102315840839,49280
62,50,101.73914449823212,44800
62,45,102.69568570822048,40320
62,40,103.69875850414275,35840
62,35,104.04004167986228,31360
62,30,104.98833320390597,26880
62,25,105.95328847310788,22400
62,20,106.16470984667525,17920
62,15,106.51661324033357,13440
62,10,114.87856022218965,8960
62,5,119.18496644983895,4480
63,80,0.22229828325344894,71680
63,75,0.4427627473118511,67200
63,70,0.45821052863686823,62720
63,65,0.6028431205149533,58240
63,60,0.676954169984327,53760
63,55,0.8824366167369216,49280
63,50,1.2486842392738615,44800
63,45,1.3507238010518132,40320
63,40,2.1656424139907733,35840
63,35,2.199498709516765,31360
63,30,2.4850971386267195,26880
63,25,2.6591386509391195,22400
63,20,2.8142366497675684,17920
63,15,3.208801071572113,13440
63,10,8.955102125645874,8960
63,5,15.29733884609276,4480
64,80,431.9880605211236,71680
64,75,439.5160346858339,67200
64,70,439.6927075423303,62720
64,65,447.4276604025562,58240
64,60,459.5150784832687,53760
64,55,466.52393609932057,49280
64,50,489.72568374043624,44800
64,45,496.8976448652335,40320
64,40,498.8140845222608,35840
64,35,510.8909327975067,31360
64,30,531.5253872252347,26880
64,25,546.4555540181364,22400
64,20,561.950576400065,17920
64,15,581.6190333392296,13440
64,10,624.1130235926943,8960
64,5,740.7070178328075,4480
65,80,27.876932092167678,71680
65,75,35.12341996511327,67200
65,70,40.14788070118926,62720
65,65,42.32238361912934,58240
65,60,44.636508940306946,53760
65,55,46.78398571370191,49280
65,50,47.21017562243967,44800
65,45,49.801982501579594,40320
65,40,55.80371506356518,35840
65,35,92.9300983488659,31360
65,30,114.0069477358917,26880
65,25,131.7583128324875,22400
65,20,145.44440343857173,17920
65,15,168.29498933369095,13440
65,10,178.94199311725313,8960
65,5,289.4569340267809,4480
66,80,63.01818263221085,71680
66,75,63.59606235704078,67200
66,70,65.18019431512138,62720
66,65,65.80596133716273,58240
66,60,71.13279403799449,53760
66,55,75.46059241944465,49280
66,50,76.73848153233556,44800
66,45,77.8671047015418,40320
66,40,80.4777422752458,35840
66,35,82.0953664709832,31360
66,30,84.09195010162802,26880
66,25,87.16171588186721,22400
66,20,90.58490317673876,17920
66,15,92.77492343229184,13440
66,10,96.79542624035811,8960
66,5,106.50526162344325,4480
67,80,1.2357580688899719,71680
67,75,1.2376297867599384,67200
67,70,1.2640407462849133,62720
67,65,1.3207697972669514,58240
67,60,1.3932886994385423,53760
67,55,1.5102924761905228,49280
67,50,2.2052808753174564,44800
67,45,7.22290713160203,40320
67,40,58.787320760224254,35840
67,35,63.00089832320854,31360
67,30,65.82024422834549,26880
67,25,67.50644231639912,22400
67,20,71.929677591455,17920
67,15,72.80169035419381,13440
67,10,89.5102471764459,8960
67,5,95.20214462450838,4480
68,80,8.650781045562898,71680
68,75,10.540777194393385,67200
68,70,10.799861145096957,62720
68,65,11.135206991845436,58240
68,60,11.272963691620715,53760
68,55,11.895681826445642,49280
68,50,12.249065729700648,44800
68,45,12.292355082095044,40320
68,40,13.265682167534557,35840
68,35,14.158625295964388,31360
68,30,15.21930545800781,26880
68,25,17.763214185207275,22400
68,20,18.951553955230725,17920
68,15,22.944261897217228,13440
68,10,34.25299266835426,8960
68,5,44.12150656560888,4480
69,80,0.22220523096916944,71680
69,75,0.4426714225853266,67200
69,70,0.4581226988024194,62720
69,65,0.6027546316429946,58240
69,60,0.6768690200524237,53760
69,55,0.8823473626910568,49280
69,50,1.248593914014874,44800
69,45,1.3506318513597306,40320
69,40,2.165551386491393,35840
69,35,2.1994087952796106,31360
69,30,2.485009269193248,26880
69,25,2.659053064782375,22400
69,20,2.8141516934009303,17920
69,15,3.208716259081267,13440
69,10,8.955016035780192,8960
69,5,15.297248850423653,4480
70,80,17.237084449904593,71680
70,75,17.50748362040297,67200
70,70,17.577357031103187,62720
70,65,17.75565026213669,58240
70,60,18.156517053282546,53760
70,55,19.19907247189033,49280
70,50,24.033236533174463,44800
70,45,26.244112286459078,40320
70,40,34.008752984504525,35840
70,35,49.7716977892417,31360
70,30,72.92929534218845,26880
70,25,98.99681631134814,22400
70,20,105.07406221174699,17920
70,15,157.50980206950734,13440
70,10,186.84330514519667,8960
70,5,251.7181824070139,4480
71,80,718.9390978704225,71680
71,75,726.7160199135609,67200
71,70,730.9250899607808,62720
71,65,733.6168361131537,58240
71,60,734.6277245357569,53760
71,55,735.6855764335446,49280
71,50,737.553764006806,44800
71,45,750.0849130981974,40320
71,40,762.4921247525937,35840
71,35,786.9703950266459,31360
71,30,807.1149094315548,26880
71,25,872.5265697660271,22400
71,20,950.8990674891108,17920
71,15,1038.4057787151182,13440
71,10,1053.179385772159,8960
71,5,1098.1702604064187,4480
72,80,21.187833554083568,71680
72,75,24.09698736032133,67200
72,70,25.563502167733667,62720
72,65,27.46482004727815,58240
72,60,27.829910121907005,53760
72,55,28.17670748430434,49280
72,50,28.785152459585085,44800
72,45,29.321606858932835,40320
72,40,30.229136784169917,35840
72,35,30.394133473638433,31360
72,30,30.83142405839361,26880
72,25,31.29296349163624,22400
72,20,31.498055880029018,17920
72,15,31.824673329695372,13440
72,10,38.36483872562843,8960
72,5,43.2104281047915,4480
73,80,147.00625857031892,71680
73,75,147.1284336796914,67200
73,70,147.16160687169165,62720
73,65,147.19534262552756,58240
73,60,147.33526679940258,53760
73,55,147.5195486956389,49280
73,50,148.89822442607124,44800
73,45,149.65427039328938,40320
73,40,151.0711122771606,35840
73,35,156.35702735127538,31360
73,30,172.3326493977489,26880
73,25,210.37271431835478,22400
73,20,231.51685625195154,17920
73,15,300.46851511934096,13440
73,10,784.7053793547414,8960
73,5,1115.2686525328309,4480
74,80,268.4877723992457,71680
74,75,269.73079105487705,67200
74,70,271.0442786177555,62720
74,65,273.7880757575259,58240
74,60,278.48971192348523,53760
74,55,283.56144213800724,49280
74,50,286.51866285161714,44800
74,45,291.0310414484577,40320
74,40,310.08364595437604,35840
74,35,322.9503096498824,31360
74,30,332.28762546077184,26880
74,25,348.4516923758045,22400
74,20,352.8594929543233,17920
74,15,361.98660243579275,13440
74,10,374.8759092209298,8960
74,5,403.21681486586994,4480
75,80,3.2837914215220305,71680
75,75,3.9621443068537427,67200
75,70,4.09000959990943,62720
75,65,4.344450565008581,58240
75,60,4.475675881626769,53760
75,55,4.920076906804257,49280
75,50,5.308789447661571,44800
75,45,5.359083044946054,40320
75,40,6.143815777958949,35840
75,35,6.346738774446425,31360
75,30,6.591879194705211,26880
75,25,7.227825469002038,22400
75,20,7.766754429663467,17920
75,15,8.844855548077629,13440
75,10,16.90937425317638,8960
75,5,22.833264222039897,4480
76,80,17.118593619500636,71680
76,75,19.055386207738763,67200
76,70,19.12141339669362,62720
76,65,25.945241093024798,58240
76,60,26.62209371741917,53760
76,55,27.8025998136809,49280
76,50,31.92949892070354,44800
76,45,52.1891781837343,40320
76,40,53.77012112655455,35840
76,35,53.920369561524055,31360
76,30,57.27564172022879,26880
76,25,153.58164263902896,22400
76,20,154.35704721648955,17920
76,15,168.8889097178333,13440
76,10,216.4696736689117,8960
76,5,413.1496779727906,4480
77,80,3.5865458505169547,71680
77,75,6.116427292084036,67200
77,70,6.253793794357253,62720
77,65,6.981035412322318,58240
77,60,7.007099149476424,53760
77,55,7.108765987077197,49280
77,50,10.751690741577868,44800
77,45,11.192325002909158,40320
77,40,11.404054458694816,35840
77,35,11.76604398559383,31360
77,30,15.898581581118295,26880
77,25,29.835410078038592,22400
77,20,32.50165072993955,17920
77,15,203.7096627876706,13440
77,10,213.6380806691661,8960
77,5,344.0072948877067,4480
78,80,568.0478269207591,71680
78,75,570.210834039075,67200
78,70,571.4880772101292,62720
78,65,575.5665517148515,58240
78,60,581.4445133149749,53760
78,55,583.9870527322621,49280
78,50,585.6326102262825,44800
78,45,587.0010054790234,40320
78,40,603.6952823812173,35840
78,35,623.3501857861709,31360
78,30,698.0559067769125,26880
78,25,783.9394537687895,22400
78,20,808.6813242532374,17920
78,15,844.8985184308362,13440
78,10,886.3388107935835,8960
78,5,983.6805380823107,4480
79,80,10.919529771635561,71680
79,75,11.761120019014768,67200
79,70,11.888929684709945,62720
79,65,21.67559159899528,58240
79,60,22.378310684915707,53760
79,55,23.46250476925011,49280
79,50,27.322563291860398,44800
79,45,49.72643590206431,40320
79,40,51.53820459107366,35840
79,35,51.79123610376749,31360
79,30,53.2703737438913,26880
79,25,91.92556415227352,22400
79,20,93.17992716850603,17920
79,15,127.43381222448505,13440
79,10,205.4985231089504,8960
79,5,435.11851977789166,4480
80,80,98.57143119580272,71680
80,75,103.74657377315242,67200
80,70,112.393948330584,62720
80,65,116.60286899115312,58240
80,60,119.13388080811178,53760
80,55,126.99089181167476,49280
80,50,134.40859280909223,44800
80,45,149.73448698098147,40320
80,40,154.07286823607564,35840
80,35,157.95782937804955,31360
80,30,176.3623840787208,26880
80,25,199.60796940913406,22400
80,20,247.68924400678142,17920
80,15,295.1501291003615,13440
80,10,410.9659990385599,8960
80,5,520.9201977801633,4480
81,80,143.51771402100437,71680
81,75,143.8497282664008,67200
81,70,147.99293898745523,62720
81,65,160.28125456333618,58240
81,60,169.09158703719265,53760
81,55,173.3660921428037,49280
81,50,190.96891218170754,44800
81,45,192.55667800395656,40320
81,40,197.10391287988384,35840
81,35,202.06656838184833,31360
81,30,210.3933387256753,26880
81,25,215.4052415045429,22400
81,20,238.7788660685561,17920
81,15,273.1031958521184,13440
81,10,339.7748558698041,8960
81,5,435.6807016382525,4480
82,80,148.3222057584087,71680
82,75,148.6433593386034,67200
82,70,149.09119091837752,62720
82,65,149.78036077319092,58240
82,60,198.05344267861432,53760
82,55,207.4122623873401,49280
82,50,210.6936102289448,44800
82,45,215.09440282472346,40320
82,40,223.37446231256072,35840
82,35,236.65240799280724,31360
82,30,260.8357442900204,26880
82,25,307.068900660964,22400
82,20,341.4895797975365,17920
82,15,358.0679806542901,13440
82,10,404.0811809779588,8960
82,5,417.3603643831501,4480
83,80,14.544273662375222,71680
83,75,15.131997563156338,67200
83,70,17.029134827367127,62720
83,65,19.036282273704124,58240
83,60,20.071238747440212,53760
83,55,21.728944741963694,49280
83,50,23.093100890652817,44800
83,45,24.792942787865623,40320
83,40,25.728431440246776,35840
83,35,27.891814675519228,31360
83,30,34.050371047555906,26880
83,25,37.21215871068774,22400
83,20,43.284656151711395,17920
83,15,54.746797210192824,13440
83,10,168.82125872745195,8960
83,5,323.15815509097604,4480
84,80,116.66626418547058,71680
84,75,117.25895334666701,67200
84,70,118.43377372810995,62720
84,65,130.69837932205627,58240
84,60,135.2928224032674,53760
84,55,135.79402637758474,49280
84,50,140.04298198011148,44800
84,45,162.44786179637876,40320
84,40,167.49559156140992,35840
84,35,173.1431959500581,31360
84,30,202.89004834653494,26880
84,25,230.32762547165743,22400
84,20,295.15357951088424,17920
84,15,343.72865492566825,13440
84,10,491.2349220543043,8960
84,5,620.1657787934394,4480
85,80,440.5622205244693,71680
85,75,443.10219616688624,67200
85,70,449.5655583617109,62720
85,65,451.54456359986875,58240
85,60,460.0148890811588,53760
85,55,475.0720131675816,49280
85,50,486.7917612621854,44800
85,45,488.9431201921757,40320
85,40,495.882208591472,35840
85,35,514.1782698604588,31360
85,30,574.7141986797794,26880
85,25,629.5732995879209,22400
85,20,647.2819312859385,17920
85,15,730.0381815142127,13440
85,10,858.8126801868661,8960
85,5,1091.3837678723066,4480
86,80,413.83881795286703,71680
86,75,421.2256557221453,67200
86,70,421.5055027500675,62720
86,65,429.3486786554267,58240
86,60,441.60872669891444,53760
86,55,447.6448070905517,49280
86,50,468.2479004223138,44800
86,45,474.55780323280663,40320
86,40,477.3658692782091,35840
86,35,488.02177674337315,31360
86,30,508.79875804678693,26880
86,25,523.542362669516,22400
86,20,541.0929831745946,17920
86,15,560.0166346401957,13440
86,10,602.7330723794885,8960
86,5,721.6915496415986,4480
87,80,39.440509651331986,71680
87,75,45.08779864177173,67200
87,70,49.24735269867551,62720
87,65,50.92474768916998,58240
87,60,52.810586709642294,53760
87,55,58.924736120484575,49280
87,50,61.29527495492098,44800
87,45,64.0498058657339,40320
87,40,66.9571321242857,35840
87,35,69.08569730473894,31360
87,30,71.6733532858085,26880
87,25,76.3379976486316,22400
87,20,80.27558496261466,17920
87,15,87.10813462032816,13440
87,10,108.21702372136228,8960
87,5,137.2115994156052,4480
88,80,875.2805068563977,71680
88,75,880.0556449791045,67200
88,70,895.140660282575,62720
88,65,924.1300314111552,58240
88,60,975.9199609382193,53760
88,55,1001.471177289271,49280
88,50,1016.5075796494318,44800
88,45,1034.2105343010764,40320
88,40,1048.5887064490728,35840
88,35,1075.3807341296085,31360
88,30,1094.0596578748834,26880
88,25,1195.6000308273783,22400
88,20,1257.2471641307823,17920
88,15,1333.872254997562,13440
88,10,1404.240955597247,8960
88,5,2656.021892298842,4480
89,80,69.40842369185286,71680
89,75,69.42276251917194,67200
89,70,69.4384357049344,62720
89,65,69.47418595848879,58240
89,60,69.54473121346746,53760
89,55,69.75658201365492,49280
89,50,74.77246099771882,44800
89,45,87.60852742139467,40320
89,40,96.16815839470533,35840
89,35,117.33965960470958,31360
89,30,166.06175165096283,26880
89,25,185.56208170923324,22400
89,20,207.44702608605112,17920
89,15,215.07155096492735,13440
89,10,238.0304356555541,8960
89,5,266.29212809316743,4480
90,80,247.4029455525559,71680
90,75,247.53896730718148,67200
90,70,247.57155451363312,62720
90,65,247.66268493976946,58240
90,60,247.78818088673262,53760
90,55,251.5404107217219,49280
90,50,346.4194332053438,44800
90,45,351.5489835283483,40320
90,40,353.01975390039456,35840
90,35,361.5061356133875,31360
90,30,381.266765832039,26880
90,25,429.0574803311822,22400
90,20,448.52092787018006,17920
90,15,519.8470548860159,13440
90,10,921.3526996379578,8960
90,5,1191.3340028347527,4480
91,80,414.60820046328655,71680
91,75,417.7702183178797,67200
91,70,418.36201453828403,62720
91,65,419.9947630256207,58240
91,60,422.3618326607966,53760
91,55,426.84281808055306,49280
91,50,443.0855645016706,44800
91,45,447.63639938346665,40320
91,40,482.5342193744799,35840
91,35,527.2628245952934,31360
91,30,554.8289282028267,26880
91,25,631.9999999646705,22400
91,20,680.3791252186146,17920
91,15,722.8789085116279,13440
91,10,1030.6341776503248,8960
91,5,1312.8792206801468,4480
92,80,28.618565588406533,71680
92,75,28.689117180841812,67200
92,70,28.77316002280656,62720
92,65,29.065809107130676,58240
92,60,29.40272195163181,53760
92,55,30.15983744443009,49280
92,50,34.22739218201699,44800
92,45,36.31451302165135,40320
92,40,44.70877007737532,35840
92,35,64.64503671557404,31360
92,30,108.86990597050449,26880
92,25,167.10642383257976,22400
92,20,543.8953370072871,17920
92,15,1058.541124937101,13440
92,10,1151.09498717146,8960
92,5,1739.3279280011827,4480
93,80,5.947426341012711,71680
93,75,6.048345561071068,67200
93,70,6.14675594959031,62720
93,65,16.259778771855725,58240
93,60,16.929055218177027,53760
93,55,17.816289197602075,49280
93,50,18.958095421662883,44800
93,45,19.06359331700862,40320
93,40,19.49009275800012,35840
93,35,19.688617902746337,31360
93,30,23.834800910749742,26880
93,25,91.3505263644082,22400
93,20,93.54106374533498,17920
93,15,203.44024442793318,13440
93,10,265.90534814147526,8960
93,5,465.9549117597117,4480
94,80,0.0007135071575345623,71680
94,75,0.0007799764149629741,67200
94,70,0.0007975408684853853,62720
94,65,0.0008780771209513007,58240
94,60,0.0011067914509108562,53760
94,55,0.0013376369203356789,49280
94,50,0.0022181499619850845,44800
94,45,0.003314805966909454,40320
94,40,0.005306321967215384,35840
94,35,0.008319340799992251,31360
94,30,0.01834486398353316,26880
94,25,0.034144918546184296,22400
94,20,0.08010879334956103,17920
94,15,0.10382081938004044,13440
94,10,0.32935151513804667,8960
94,5,3.4484096208185844,4480
95,80,103.77995399185225,71680
95,75,104.09647754054966,67200
95,70,104.50416806484198,62720
95,65,104.66992139414661,58240
95,60,104.94383537076041,53760
95,55,105.71331811923238,49280
95,50,109.70548462122166,44800
95,45,111.3236911820043,40320
95,40,119.52737998488672,35840
95,35,136.43344983444385,31360
95,30,180.74812368135707,26880
95,25,233.03808771666345,22400
95,20,591.8681381570817,17920
95,15,1070.9280219997006,13440
95,10,1156.6347131674695,8960
95,5,1738.5641285795716,4480
96,80,9.671871772497267,71680
96,75,10.204994557452006,67200
96,70,10.54399465271977,62720
96,65,11.334165276796824,58240
96,60,11.53957959712663,53760
96,55,11.793530096064265,49280
96,50,12.177442565605691,44800
96,45,12.442282350191716,40320
96,40,13.406810924378869,35840
96,35,13.487747417024227,31360
96,30,13.766286869482467,26880
96,25,14.019178910962525,22400
96,20,14.20208713863066,17920
96,15,14.546287219226178,13440
96,10,20.733270195982286,8960
96,5,25.934338651111826,4480
97,80,13.602245609402138,71680
97,75,13.915693133211109,67200
97,70,15.203525556847831,62720
97,65,23.64131478744607,58240
97,60,30.318306079792638,53760
97,55,32.414456886475755,49280
97,50,36.59068361440338,44800
97,45,37.40125435672369,40320
97,40,38.524473168199,35840
97,35,39.77307801309222,31360
97,30,41.123157830533515,26880
97,25,41.896892697250664,22400
97,20,44.555099183130004,17920
97,15,47.74241895800847,13440
97,10,51.48709127493864,8960
97,5,76.27610198638668,4480
98,80,204.56779141852186,71680
98,75,204.6308024561151,67200
98,70,205.06969117772286,62720
98,65,205.2690663713978,58240
98,60,206.21624332163756,53760
98,55,210.57600582055125,49280
98,50,213.4664287911227,44800
98,45,215.10874431047353,40320
98,40,217.02488346890308,35840
98,35,219.1274643537409,31360
98,30,241.91140020431436,26880
98,25,247.8026460173324,22400
98,20,260.82011331378254,17920
98,15,262.91076371392074,13440
98,10,292.06006897544563,8960
98,5,324.13338496958426,4480
99,80,122.21970606136806,71680
99,75,123.72627827440346,67200
99,70,123.96958660904556,62720
99,65,124.11951952616431,58240
99,60,124.50808834393031,53760
99,55,125.4081024843866,49280
99,50,126.2920879258976,44800
99,45,127.67819370221616,40320
99,40,145.47438665431426,35840
99,35,186.90118795157102,31360
99,30,207.2734979109831,26880
99,25,230.70716719453,22400
99,20,306.5564916594975,17920
99,15,358.8141287612178,13440
99,10,548.1297281111027,8960
99,5,777.6240319191843,4480
100,80,790.3445119937873,71680
100,75,790.703577796195,67200
100,70,793.0267924994088,62720
100,65,797.0080156170711,58240
100,60,799.7014116762372,53760
100,55,817.5880969700886,49280
100,50,834.7258852585156,44800
100,45,865.2011324800121,40320
100,40,889.4981523017693,35840
100,35,928.3868768069372,31360
100,30,935.4725214559074,26880
100,25,968.3910667733371,22400
100,20,987.7020314718742,17920
100,15,1026.414183735744,13440
100,10,1214.5228208094154,8960
100,5,1482.716740953401,4480
101,80,0.22220523096916944,71680
101,75,0.4426714225853266,67200
101,70,0.4581226988024194,62720
101,65,0.6027546316429946,58240
101,60,0.6768690200524237,53760
101,55,0.8823473626910568,49280
101,50,1.248593914014874,44800
101,45,1.3506318513597306,40320
101,40,2.165551386491393,35840
101,35,2.1994087952796106,31360
101,30,2.485009269193248,26880
101,25,2.659053064782375,22400
101,20,2.8141516934009303,17920
101,15,3.208716259081267,13440
101,10,8.955016035780192,8960
101,5,15.297248850423653,4480
102,80,405.3101817083957,71680
102,75,406.6814122637632,67200
102,70,407.81568733158906,62720
102,65,408.1646935634365,58240
102,60,411.6755362498258,53760
102,55,412.18780138007037,49280
102,50,462.9552739348061,44800
102,45,472.75194371776337,40320
102,40,479.7380242292911,35840
102,35,498.9437366570545,31360
102,30,502.8404855075347,26880
102,25,516.4386676676654,22400
102,20,546.4288099657033,17920
102,15,589.94663390585,13440
102,10,850.3921952421921,8960
102,5,1092.2295177716176,4480
103,80,946.9436455684066,71680
103,75,964.9930435818995,67200
103,70,977.7289687605047,62720
103,65,983.2718778162388,58240
103,60,987.3895294064047,53760
103,55,1040.2598097055197,49280
103,50,1066.1150088019976,44800
103,45,1076.925233948517,40320
103,40,1086.352315566422,35840
103,35,1104.1248084767553,31360
103,30,1128.37144298022,26880
103,25,1162.944190574674,22400
103,20,1244.4166751209389,17920
103,15,1306.6198998516127,13440
103,10,1389.8238847851376,8960
103,5,1811.9578748300319,4480
104,80,9.354260684384506,71680
104,75,12.473335789355561,67200
104,70,12.83735805114519,62720
104,65,13.061580608141472,58240
104,60,13.470182566786294,53760
104,55,14.460879006833153,49280
104,50,19.28374923410657,44800
104,45,21.978825239118056,40320
104,40,30.05869510800077,35840
104,35,46.33342574201445,31360
104,30,69.98231385672847,26880
104,25,94.34962782176282,22400
104,20,100.358404314662,17920
104,15,153.6748012691102,13440
104,10,180.83179417730355,8960
104,5,245.54782004406528,4480
105,80,62.13809562497979,71680
105,75,62.15885612395753,67200
105,70,62.17839734166314,62720
105,65,62.2404195252165,58240
105,60,62.3465076052537,53760
105,55,62.57017538350325,49280
105,50,68.2762325758649,44800
105,45,82.56878229842299,40320
105,40,91.9256133355352,35840
105,35,114.25661714479935,31360
105,30,165.0958561381423,26880
105,25,185.61698530364802,22400
105,20,208.0697452950148,17920
105,15,215.8135524636368,13440
105,10,238.50738278901784,8960
105,5,266.7973301922324,4480
106,80,195.80394253238674,71680
106,75,195.99312906325565,67200
106,70,196.32148407668018,62720
106,65,196.43442992387838,58240
106,60,198.39684888120752,53760
106,55,208.3774146209204,49280
106,50,212.99240659225833,44800
106,45,216.11477633459398,40320
106,40,219.5090674530428,35840
106,35,224.19772227394196,31360
106,30,246.36763992023594,26880
106,25,251.96399662359718,22400
106,20,265.8289287115079,17920
106,15,268.0347090641892,13440
106,10,301.68985301813973,8960
106,5,330.9819604248468,4480
107,80,493.99749742911615,71680
107,75,494.16599571379345,67200
107,70,496.7530749587878,62720
107,65,499.9446902854881,58240
107,60,501.992027735802,53760
107,55,507.518633189405,49280
107,50,536.2643592963815,44800
107,45,555.9406937981,40320
107,40,570.6697756862583,35840
107,35,624.493190134953,31360
107,30,635.365220935492,26880
107,25,666.0720240643872,22400
107,20,697.0120275657345,17920
107,15,765.5042852289902,13440
107,10,1042.6514823375057,8960
107,5,1331.055485400822,4480
108,80,177.40743311984494,71680
108,75,178.30219387007222,67200
108,70,178.80497051046916,62720
108,65,179.9329901411285,58240
108,60,195.62705145223106,53760
108,55,197.47527761637187,49280
108,50,198.4207258414697,44800
108,45,200.481588116127,40320
108,40,201.15795073872584,35840
108,35,201.60596237050558,31360
108,30,205.40219375175332,26880
108,25,239.12450347959395,22400
108,20,256.1229699937082,17920
108,15,290.8186847441689,13440
108,10,354.3379912483134,8960
108,5,381.80422935849555,4480
109,80,17.15591714318283,71680
109,75,22.33323656864004,67200
109,70,22.804999017505068,62720
109,65,23.012892934107597,58240
109,60,23.117050151268796,53760
109,55,23.619781959995056,49280
109,50,25.071823088229035,44800
109,45,25.7068039508991,40320
109,40,28.904902955708856,35840
109,35,36.20330414570198,31360
109,30,45.66873677914587,26880
109,25,59.470560595534806,22400
109,20,63.30308136560153,17920
109,15,85.9570608871252,13440
109,10,106.2841679686262,8960
109,5,134.40933590461972,4480
110,80,29.05678198700542,71680
110,75,32.56565300038543,67200
110,70,35.32809564959212,62720
110,65,40.381455014332666,58240
110,60,41.70425970114422,53760
110,55,51.2429969333004,49280
110,50,55.77100758970112,44800
110,45,58.365561101675674,40320
110,40,60.432044959204795,35840
110,35,62.189691214034745,31360
110,30,65.75798618801433,26880
110,25,72.99834143061767,22400
110,20,79.47598905432802,17920
110,15,87.4220606523932,13440
110,10,106.30864191649258,8960
110,5,132.8142074363225,4480
111,80,3.914217524552633,71680
111,75,4.5467883034930665,67200
111,70,4.950452576925712,62720
111,65,20.499282608155525,58240
111,60,31.662860860858686,53760
111,55,41.72218683145146,49280
111,50,52.04187807018074,44800
111,45,60.66761016327439,40320
111,40,61.760152036359095,35840
111,35,65.36037492874034,31360
111,30,74.25769930817732,26880
111,25,79.8925132357361,22400
111,20,86.48980639587029,17920
111,15,98.13240069834785,13440
111,10,186.9244910753313,8960
111,5,427.0781732155598,4480
112,80,61.32347654499806,71680
112,75,61.94746030590968,67200
112,70,65.1423205923375,62720
112,65,96.01026277601908,58240
112,60,104.2160510828557,53760
112,55,105.84724123195747,49280
112,50,112.64926380824467,44800
112,45,140.82979241714403,40320
112,40,149.94119351774003,35840
112,35,159.411855343809,31360
112,30,193.75617958642462,26880
112,25,226.87193333945356,22400
112,20,309.000012897374,17920
112,15,359.0404961382972,13440
112,10,520.234822521966,8960
112,5,661.7714690899967,4480
113,80,4.020491598216906,71680
113,75,4.823097632671938,67200
113,70,4.962886778941713,62720
113,65,5.226802791732142,58240
113,60,5.354234863163159,53760
113,55,5.82428086359835,49280
113,50,6.206701062413795,44800
113,45,6.252048712858661,40320
113,40,7.062211597948289,35840
113,35,7.346450502203801,31360
113,30,7.656906330290637,26880
113,25,8.476425286285737,22400
113,20,9.05693346705155,17920
113,15,10.44058300355526,13440
113,10,19.05226151791651,8960
113,5,25.098052877979043,4480
114,80,4.206932776111987,71680
114,75,5.478872189634149,67200
114,70,6.182505843585912,62720
114,65,9.611104438883855,58240
114,60,10.393181900814422,53760
114,55,12.20412709016924,49280
114,50,34.926762943616154,44800
114,45,48.26030527688339,40320
114,40,48.594070817532646,35840
114,35,49.08867560407294,31360
114,30,49.61481554085424,26880
114,25,57.63511340410263,22400
114,20,57.77548912410383,17920
114,15,98.27136897486287,13440
114,10,105.82019221590696,8960
114,5,169.7145514024699,4480
115,80,49.86870203165751,71680
115,75,50.022746821202574,67200
115,70,50.125484597044185,62720
115,65,50.25453118170675,58240
115,60,50.29364402323011,53760
115,55,55.03518663545047,49280
115,50,56.03861391689782,44800
115,45,61.00719723258012,40320
115,40,65.15002115403723,35840
115,35,65.4136774950472,31360
115,30,65.83438034538942,26880
115,25,66.14115448758287,22400
115,20,66.44061211024577,17920
115,15,70.4314230487648,13440
115,10,88.3288467917033,8960
115,5,202.68703767039432,4480
116,80,20.156104928271667,71680
116,75,22.375899498749824,67200
116,70,23.572100708743484,62720
116,65,25.200004026429518,58240
116,60,25.525040194990414,53760
116,55,25.84437732776497,49280
116,50,26.422134698364868,44800
116,45,26.905647519305862,40320
116,40,27.829976125233124,35840
116,35,27.988337451959605,31360
116,30,28.396730216875504,26880
116,25,28.818515968072017,22400
116,20,29.013028060457565,17920
116,15,29.3366482138415,13440
116,10,35.840924101752904,8960
116,5,40.68028880423692,4480
117,80,254.8779645825926,71680
117,75,256.34564076555523,67200
117,70,257.2408331277638,62720
117,65,257.8644853769852,58240
117,60,279.12425923402753,53760
117,55,281.8143231399041,49280
117,50,283.64118294159556,44800
117,45,293.35818576159403,40320
117,40,295.80611448394353,35840
117,35,303.83887187709604,31360
117,30,310.8103070490452,26880
117,25,326.44138675305487,22400
117,20,350.7655262885264,17920
117,15,384.5212083821864,13440
117,10,480.08988514313114,8960
117,5,505.1079208358099,4480
118,80,197.3253985674094,71680
118,75,200.81186898349563,67200
118,70,201.23220857195054,62720
118,65,201.5042625494369,58240
118,60,203.04187684309048,53760
118,55,203.90357361747553,49280
118,50,207.11242262507292,44800
118,45,225.45228454808122,40320
118,40,232.5461245116659,35840
118,35,245.44670423052204,31360
118,30,248.78226556504737,26880
118,25,264.1950450056648,22400
118,20,272.42170986557477,17920
118,15,280.0995749492823,13440
118,10,329.5896820486025,8960
118,5,360.21458156794574,4480
119,80,14.082108864160842,71680
119,75,19.682050399155877,67200
119,70,23.213937218666043,62720
119,65,28.83019434794179,58240
119,60,29.467883352439905,53760
119,55,30.599951537708932,49280
119,50,36.48959660091265,44800
119,45,38.869179916393435,40320
119,40,39.29219039993948,35840
119,35,40.21332346102038,31360
119,30,43.992323667196416,26880
119,25,45.98376407499794,22400
119,20,47.74263316086174,17920
119,15,49.58195115301108,13440
119,10,90.92239902156314,8960
119,5,148.70029763676223,4480
120,80,96.07515991950628,71680
120,75,96.2130398930612,67200
120,70,96.23925261923262,62720
120,65,100.15522676593817,58240
120,60,101.76180881898183,53760
120,55,132.67941375672504,49280
120,50,161.45339438013204,44800
120,45,208.59543961171457,40320
120,40,231.41933686404363,35840
120,35,236.218993349114,31360
120,30,291.94408021197387,26880
120,25,307.7147237299907,22400
120,20,355.2904595371329,17920
120,15,423.2828943195652,13440
120,10,465.539929752811,8960
120,5,669.2810137234031,4480
121,80,43.80816332381299,71680
121,75,44.10271956890423,67200
121,70,44.125310593331605,62720
121,65,53.43081641927432,58240
121,60,58.58666478283069,53760
121,55,65.3093481651828,49280
121,50,68.37120467242418,44800
121,45,73.20502490539779,40320
121,40,75.18053617657148,35840
121,35,79.86729470703669,31360
121,30,87.94752326231855,26880
121,25,94.33970833027888,22400
121,20,101.47398035868467,17920
121,15,109.58566991285593,13440
121,10,179.131786781663,8960
121,5,342.7221991223712,4480
122,80,18.482140869442134,71680
122,75,18.52172065476248,67200
122,70,18.590185178740683,62720
122,65,19.1196016731098,58240
122,60,21.221915125326454,53760
122,55,28.912705767137492,49280
122,50,32.06696200092899,44800
122,45,35.801794302738834,40320
122,40,38.96286606892648,35840
122,35,40.76015853102756,31360
122,30,41.978545060073515,26880
122,25,43.1434244736805,22400
122,20,44.05029353378138,17920
122,15,44.707424822224155,13440
122,10,56.097017875676364,8960
122,5,61.11099876987606,4480
123,80,13.751166335540173,71680
123,75,18.58854035984056,67200
123,70,20.388258432730378,62720
123,65,23.399008912202554,58240
123,60,24.046688869350227,53760
123,55,25.06651725145326,49280
123,50,40.038135443153095,44800
123,45,52.74009954614172,40320
123,40,53.047219346629404,35840
123,35,53.71125704191327,31360
123,30,55.93151695167159,26880
123,25,57.869146636083805,22400
123,20,60.4102809747578,17920
123,15,223.09067287742505,13440
123,10,238.91901949290644,8960
123,5,401.8084919593483,4480
124,80,65.70545785541692,71680
124,75,66.07314731784992,67200
124,70,66.2337254787283,62720
124,65,73.18958222848532,58240
124,60,76.91364359953803,53760
124,55,82.5171388122425,49280
124,50,83.95710538618233,44800
124,45,87.0993840665192,40320
124,40,89.42051515541952,35840
124,35,96.06807620747071,31360
124,30,104.25494016821368,26880
124,25,110.14318609476166,22400
124,20,117.21229764027325,17920
124,15,126.43301329014403,13440
124,10,185.844387745032,8960
124,5,319.89917896773045,4480
125,80,316.54722836940147,71680
125,75,318.24827272571093,67200
125,70,318.62070151721076,62720
125,65,319.56538742546775,58240
125,60,325.4497696194588,53760
125,55,326.1964658410512,49280
125,50,328.7850584608584,44800
125,45,336.85362511393856,40320
125,40,346.6616679244476,35840
125,35,355.05083986240606,31360
125,30,362.2189139679375,26880
125,25,367.540550340848,22400
125,20,380.1514908732984,17920
125,15,389.6224729281246,13440
125,10,432.8964257915895,8960
125,5,450.0994578142884,4480
126,80,60.40677737623102,71680
126,75,60.532922623820234,67200
126,70,60.64315304822942,62720
126,65,60.68444082989814,58240
126,60,60.76416466914325,53760
126,55,61.16124248705279,49280
126,50,61.32947239330626,44800
126,45,70.33022242556817,40320
126,40,78.68508163998543,35840
126,35,79.05588478428002,31360
126,30,79.23741549100606,26880
126,25,79.46728986881327,22400
126,20,80.24463381635209,17920
126,15,84.54134697047282,13440
126,10,103.55900283454153,8960
126,5,250.1375975343268,4480
127,80,5.738216464251132,71680
127,75,5.944537396947263,67200
127,70,6.06109457537171,62720
127,65,6.283913340172499,58240
127,60,6.399902965821363,53760
127,55,6.697831607671121,49280
127,50,7.143300935539058,44800
127,45,7.528735964677588,40320
127,40,8.456183364687464,35840
127,35,8.593987188711727,31360
127,30,9.000701778040808,26880
127,25,9.21474357263924,22400
127,20,9.639786152645556,17920
127,15,10.262856210281905,13440
127,10,13.550665009440046,8960
127,5,26.586619124117327,4480
128,80,51.6357683812352,71680
128,75,52.01285741761999,67200
128,70,52.061575071829814,62720
128,65,60.88190846960352,58240
128,60,65.44422871880985,53760
128,55,71.55816099471008,49280
128,50,73.89201935170362,44800
128,45,78.46539643115479,40320
128,40,80.70727155238056,35840
128,35,85.99154148465213,31360
128,30,94.34527161680954,26880
128,25,101.15376811129644,22400
128,20,108.41906113645902,17920
128,15,116.75434936067175,13440
128,10,183.82899197002712,8960
128,5,336.83159030127,4480
129,80,0.222778007379039,71680
129,75,0.44312343271680826,67200
129,70,0.4585384552880032,62720
129,65,0.6032678064145598,58240
129,60,0.6774561724641406,53760
129,55,0.8829880291772242,49280
129,50,1.2490576895853858,44800
129,45,1.3510104656513715,40320
129,40,2.166161265046543,35840
129,35,2.1999935710467806,31360
129,30,2.4853919822988435,26880
129,25,2.659465307338778,22400
129,20,2.814733293274345,17920
129,15,3.2093752640752617,13440
129,10,8.954780872821114,8960
129,5,15.296948876830502,4480
130,80,27.810332813212742,71680
130,75,28.724655902940704,67200
130,70,43.73858788605376,62720
130,65,56.0739207867984,58240
130,60,63.736112675114,53760
130,55,66.19418237077683,49280
130,50,70.5575474535773,44800
130,45,74.37880806270961,40320
130,40,75.4577208215223,35840
130,35,77.0054869073697,31360
130,30,78.85330783207155,26880
130,25,81.13659420181811,22400
130,20,87.04532132089791,17920
130,15,96.4402017538494,13440
130,10,205.90526691311308,8960
130,5,337.50088666345476,4480
131,80,37.417207531040305,71680
131,75,65.83476722047696,67200
131,70,74.40438142679915,62720
131,65,81.75109530965382,58240
131,60,82.87410066789758,53760
131,55,83.61945775331013,49280
131,50,84.3133331043114,44800
131,45,85.20846676760921,40320
131,40,86.35572671302418,35840
131,35,86.66834183470998,31360
131,30,87.45556357747782,26880
131,25,88.42744583776695,22400
131,20,88.61581973827552,17920
131,15,89.03678329780804,13440
131,10,97.24762419991856,8960
131,5,101.79103115672385,4480
132,80,82.59726005709473,71680
132,75,86.52986185330056,67200
132,70,134.98698918082445,62720
132,65,168.7918945864678,58240
132,60,176.00036027060918,53760
132,55,179.77249731287043,49280
132,50,182.07997108777423,44800
132,45,184.5564501346624,40320
132,40,200.00925370806956,35840
132,35,202.79597766319026,31360
132,30,205.57171798779217,26880
132,25,213.92650816037394,22400
132,20,220.646204294131,17920
132,15,227.2517244910995,13440
132,10,273.98183933718127,8960
132,5,364.3624700865635,4480
133,80,0.598083237778338,71680
133,75,0.6817516452099884,67200
133,70,0.7225905821471138,62720
133,65,0.9444144200976593,58240
133,60,1.0442406339522843,53760
133,55,1.2563990822587263,49280
133,50,1.616181336564571,44800
133,45,1.7423684441843896,40320
133,40,2.5784325682826466,35840
133,35,2.6154737124042167,31360
133,30,2.8808511941490327,26880
133,25,3.0597200129347657,22400
133,20,3.2231440621903813,17920
133,15,3.6012641061917527,13440
133,10,9.383042323114601,8960
133,5,15.478066839158679,4480
134,80,63.12937781666032,71680
134,75,63.22863493542883,67200
134,70,63.373715969603865,62720
134,65,63.43238901741752,58240
134,60,63.46291009863783,53760
134,55,73.01636809502271,49280
134,50,74.21752273749841,44800
134,45,83.14380545693952,40320
134,40,90.80404483773343,35840
134,35,91.16293306686245,31360
134,30,91.49103269105102,26880
134,25,91.71051425951741,22400
134,20,92.03092359369882,17920
134,15,99.07702805232316,13440
134,10,132.40558700984755,8960
134,5,315.2322704638868,4480
135,80,180.34740755303085,71680
135,75,181.52913605294432,67200
135,70,182.83580770334078,62720
135,65,184.18843678208958,58240
135,60,191.86084186720683,53760
135,55,201.74003441239842,49280
135,50,202.9388909939754,44800
135,45,206.47139547951278,40320
135,40,214.27115384705033,35840
135,35,230.899574313422,31360
135,30,288.68198067900846,26880
135,25,320.7560339260484,22400
135,20,424.77535959387563,17920
135,15,468.8313452125284,13440
135,10,593.6655237118799,8960
135,5,743.4408176849319,4480
136,80,238.90390383253978,71680
136,75,238.9559756569213,67200
136,70,239.11239756811628,62720
136,65,239.24314891946455,58240
136,60,239.90622759738753,53760
136,55,240.94922811935655,49280
136,50,248.1716015805859,44800
136,45,253.14411625838565,40320
136,40,262.10699628827666,35840
136,35,276.25064827125703,31360
136,30,281.8098569226472,26880
136,25,298.8205143432742,22400
136,20,334.5264371274515,17920
136,15,426.3817803747001,13440
136,10,785.5782636230153,8960
136,5,1083.7956089680636,4480
137,80,415.61885449739714,71680
137,75,417.12581991099745,67200
137,70,420.1939110995564,62720
137,65,423.22975452499907,58240
137,60,424.7001053849475,53760
137,55,425.47494011373567,49280
137,50,427.76737375530786,44800
137,45,435.0467342320953,40320
137,40,439.7538974125595,35840
137,35,490.6011025300226,31360
137,30,518.2192818372747,26880
137,25,533.2593189197867,22400
137,20,667.9215143056276,17920
137,15,761.4752239061678,13440
137,10,782.8602026381272,8960
137,5,1519.3894298893395,4480
138,80,0.222778007379039,71680
138,75,0.44312343271680826,67200
138,70,0.4585384552880032,62720
138,65,0.6032678064145598,58240
138,60,0.6774561724641406,53760
138,55,0.8829880291772242,49280
138,50,1.2490576895853858,44800
138,45,1.3510104656513715,40320
138,40,2.166161265046543,35840
138,35,2.1999935710467806,31360
138,30,2.4853919822988435,26880
138,25,2.659465307338778,22400
138,20,2.814733293274345,17920
138,15,3.2093752640752617,13440
138,10,8.954780872821114,8960
138,5,15.296948876830502,4480
139,80,733.2763351108431,71680
139,75,738.2576475888078,67200
139,70,748.1900530647516,62720
139,65,750.5888927287264,58240
139,60,754.6668289334875,53760
139,55,756.2713757085293,49280
139,50,756.5960269113845,44800
139,45,769.2154927679977,40320
139,40,774.6336778036347,35840
139,35,786.3155906618041,31360
139,30,811.3882915560699,26880
139,25,854.1720660876225,22400
139,20,934.9039615094171,17920
139,15,1015.7226518166932,13440
139,10,1049.348887644702,8960
139,5,1082.4789065794528,4480
140,80,44.10909125762107,71680
140,75,44.18278811409397,67200
140,70,44.45308947906384,62720
140,65,45.27686233435696,58240
140,60,45.81075669541372,53760
140,55,46.56389201949654,49280
140,50,49.82642244032443,44800
140,45,52.87400860207847,40320
140,40,59.48531696160794,35840
140,35,79.601174474751,31360
140,30,119.06966985058524,26880
140,25,180.83004135897207,22400
140,20,553.5505019132447,17920
140,15,1076.4286805314964,13440
140,10,1171.4493075859903,8960
140,5,1740.737599833453,4480
141,80,3.662312151016852,71680
141,75,3.6718924903953267,67200
141,70,3.6825533636449124,62720
141,65,3.7212948063695523,58240
141,60,3.800344791461585,53760
141,55,3.8941255646320614,49280
141,50,4.473242609130037,44800
141,45,9.211534427541523,40320
141,40,57.67775885430314,35840
141,35,61.78807495230015,31360
141,30,64.4908602665764,26880
141,25,66.09653448802845,22400
141,20,70.4101689925779,17920
141,15,71.28799223034612,13440
141,10,87.55437672153825,8960
141,5,93.23638274626137,4480
142,80,24.141804011107542,71680
142,75,34.023672454049795,67200
142,70,34.65059351948573,62720
142,65,44.60788645096155,58240
142,60,45.70425030899846,53760
142,55,47.52292423765189,49280
142,50,51.31445727988511,44800
142,45,79.39515701623166,40320
142,40,81.19143906514473,35840
142,35,81.33886503627437,31360
142,30,83.61458078955545,26880
142,25,159.33407541845548,22400
142,20,160.24033243692725,17920
142,15,186.90754025782635,13440
142,10,226.96795873167113,8960
142,5,415.2082243867427,4480
143,80,109.15953159594088,71680
143,75,109.59476102561949,67200
143,70,111.02820953270295,62720
143,65,112.17577739573103,58240
143,60,129.6052803540941,53760
143,55,141.74144375939974,49280
143,50,143.26469677302885,44800
143,45,147.85287649641913,40320
143,40,151.47575296759703,35840
143,35,157.20440568406715,31360
143,30,160.05053568224287,26880
143,25,164.15346257308158,22400
143,20,169.2496966354358,17920
143,15,173.1981972317446,13440
143,10,179.7407977618729,8960
143,5,197.8435260184028,4480
144,80,539.061950689912,71680
144,75,540.2284604424775,67200
144,70,541.0274945186859,62720
144,65,541.4734029823244,58240
144,60,546.7978244748915,53760
144,55,548.0974507594794,49280
144,50,551.9379063969952,44800
144,45,557.2222574394875,40320
144,40,610.4410498683689,35840
144,35,734.0646744041253,31360
144,30,773.602321547118,26880
144,25,842.9279752885983,22400
144,20,1073.3899418468031,17920
144,15,1311.1554780766492,13440
144,10,1926.0616017591058,8960
144,5,2783.4147607925747,4480
145,80,0.22220523096916944,71680
145,75,0.4426714225853266,67200
145,70,0.4581226988024194,62720
145,65,0.6027546316429946,58240
145,60,0.6768690200524237,53760
145,55,0.8823473626910568,49280
145,50,1.248593914014874,44800
145,45,1.3506318513597306,40320
145,40,2.165551386491393,35840
145,35,2.1994087952796106,31360
145,30,2.485009269193248,26880
145,25,2.659053064782375,22400
145,20,2.8141516934009303,17920
145,15,3.208716259081267,13440
145,10,8.955016035780192,8960
145,5,15.297248850423653,4480
146,80,2.3542321154874677,71680
146,75,2.5843237431551658,67200
146,70,2.6478825678118545,62720
146,65,2.8562560890194915,58240
146,60,2.893896576366827,53760
146,55,3.188660385582812,49280
146,50,3.5918507602835112,44800
146,45,3.6594380698889504,40320
146,40,4.489703633307314,35840
146,35,4.56781767431888,31360
146,30,5.091998789525834,26880
146,25,5.303713933640918,22400
146,20,5.461103836457071,17920
146,15,5.961083940808942,13440
146,10,11.604351728885131,8960
146,5,17.6984596216568,4480
147,80,17.902374552234942,71680
147,75,21.332454111706532,67200
147,70,21.669265578249558,62720
147,65,23.043010333000918,58240
147,60,23.405746695608734,53760
147,55,24.162412144349343,49280
147,50,31.235272511629482,44800
147,45,57.30540959620914,40320
147,40,59.56909339902535,35840
147,35,59.71996534226854,31360
147,30,62.87117232002718,26880
147,25,135.5581782622518,22400
147,20,136.6477121081527,17920
147,15,188.3666379168645,13440
147,10,206.93903447680822,8960
147,5,292.18031536205854,4480
148,80,136.8025269551134,71680
148,75,137.84891447426313,67200
148,70,138.10157736149276,62720
148,65,138.42750512200658,58240
148,60,138.62825402218672,53760
148,55,138.72121188146286,49280
148,50,139.79331664502098,44800
148,45,143.68728183338553,40320
148,40,146.5504246643029,35840
148,35,156.33956183271536,31360
148,30,191.9838133507137,26880
148,25,205.1309945295119,22400
148,20,225.742847970803,17920
148,15,231.89256758161653,13440
148,10,253.59184382007803,8960
148,5,283.68607707199396,4480
149,80,89.41498075162859,71680
149,75,89.51867120318717,67200
149,70,117.19299847756697,62720
149,65,117.2697927306453,58240
149,60,117.57199667344982,53760
149,55,154.67873251765766,49280
149,50,156.74741004190722,44800
149,45,157.70384933903387,40320
149,40,158.57315411562985,35840
149,35,158.86978852565443,31360
149,30,160.0514791319447,26880
149,25,162.27979859840448,22400
149,20,163.9041148545401,17920
149,15,195.85649314427448,13440
149,10,384.63728747803503,8960
149,5,1093.8029853459436,4480
150,80,0.8550504797477544,71680
150,75,0.8590696844210686,67200
150,70,0.8842231041229583,62720
150,65,0.9401760681859341,58240
150,60,1.019381721263725,53760
150,55,1.1338765600512646,49280
150,50,1.8231242183294634,44800
150,45,6.9230283226466165,40320
150,40,58.748358228512366,35840
150,35,62.99594144849294,31360
150,30,65.8177375079284,26880
150,25,67.4935782938871,22400
150,20,71.91070500563104,17920
150,15,72.78041400568135,13440
150,10,89.47904171184835,8960
150,5,95.17413837961254,4480
151,80,26.091828205672353,71680
151,75,28.34702055858044,67200
151,70,39.88660833304237,62720
151,65,49.82480477819501,58240
151,60,54.40980072235166,53760
151,55,56.15537290878279,49280
151,50,60.457476440995414,44800
151,45,64.1364724150001,40320
151,40,64.41341406534042,35840
151,35,66.16928841601197,31360
151,30,68.41021997181349,26880
151,25,69.50517751501368,22400
151,20,75.66672694671556,17920
151,15,81.2779406436546,13440
151,10,187.67434477378785,8960
151,5,337.2563041042563,4480
152,80,463.8661931367642,71680
152,75,464.308755197669,67200
152,70,464.73747183939065,62720
152,65,465.11854937296016,58240
152,60,465.4553938776245,53760
152,55,465.65561024002545,49280
152,50,479.49840366051615,44800
152,45,481.56408567965354,40320
152,40,490.10769328900966,35840
152,35,498.9244597718839,31360
152,30,530.1968479046808,26880
152,25,600.5964812125716,22400
152,20,636.639273034213,17920
152,15,644.8662267597156,13440
152,10,806.2385587272911,8960
152,5,1077.3576288245026,4480
153,80,9.870224359257595,71680
153,75,10.059826709667442,67200
153,70,10.56479650052888,62720
153,65,11.010797624859608,58240
153,60,11.592778088984259,53760
153,55,11.885276759558149,49280
153,50,12.224474626817521,44800
153,45,12.365277367841554,40320
153,40,13.383137518550175,35840
153,35,13.818670183722595,31360
153,30,14.650769641015467,26880
153,25,15.305718936947724,22400
153,20,15.793694741381477,17920
153,15,17.1063546344159,13440
153,10,22.149148236853097,8960
153,5,37.94302351116406,4480
154,80,5.39140537369912,71680
154,75,5.59500472703182,67200
154,70,5.67468413095421,62720
154,65,5.888822757642911,58240
154,60,6.079518761291602,53760
154,55,6.3731216180341415,49280
154,50,6.8721418835389345,44800
154,45,6.913610102029372,40320
154,40,7.815980205615066,35840
154,35,8.120936178264552,31360
154,30,8.823383155388862,26880
154,25,9.250998604184678,22400
154,20,9.378843515488652,17920
154,15,10.172448269436215,13440
154,10,16.418516261732517,8960
154,5,28.314915669919067,4480
155,80,77.92854277962081,71680
155,75,90.04158971632913,67200
155,70,93.67900084820741,62720
155,65,98.34794892450273,58240
155,60,98.94596974509456,53760
155,55,99.581433401777,49280
155,50,100.1840852491391,44800
155,45,101.1177467334653,40320
155,40,102.1706347954533,35840
155,35,102.5142040232903,31360
155,30,103.39842612638942,26880
155,25,104.36344059645134,22400
155,20,104.58733897988797,17920
155,15,104.94174872752001,13440
155,10,113.31196638757383,8960
155,5,117.6990791069736,4480
156,80,603.3603799921456,71680
156,75,610.491495179665,67200
156,70,611.1371476945384,62720
156,65,619.2947547043491,58240
156,60,628.5920882405305,53760
156,55,638.5452940038717,49280
156,50,669.5007562355389,44800
156,45,680.6178758534513,40320
156,40,681.5648821283493,35840
156,35,706.5895800455847,31360
156,30,733.9174389778208,26880
156,25,750.4993735075717,22400
156,20,765.2284942131887,17920
156,15,790.0857858558365,13440
156,10,890.518805557268,8960
156,5,1009.5262622296389,4480
157,80,30.374957963419156,71680
157,75,30.71144669000721,67200
157,70,30.743522000699883,62720
157,65,40.6992954253342,58240
157,60,47.01561571080148,53760
157,55,54.634281442059674,49280
157,50,59.14519737471671,44800
157,45,64.77574210505983,40320
157,40,66.34362476574077,35840
157,35,70.41446020690235,31360
157,30,77.66896131097728,26880
157,25,83.09523184925168,22400
157,20,88.94189066583787,17920
157,15,97.22549871611618,13440
157,10,169.3076685566045,8960
157,5,349.2961421675455,4480
158,80,198.49528175596376,71680
158,75,198.6529170219845,67200
158,70,198.93366893365894,62720
158,65,199.04562808030693,58240
158,60,200.51114427693952,53760
158,55,208.31413785703336,49280
158,50,212.36422169334435,44800
158,45,214.67060233944895,40320
158,40,217.7422422326827,35840
158,35,221.43573427306325,31360
158,30,243.97764884176976,26880
158,25,249.71151161679023,22400
158,20,263.50126047923794,17920
158,15,265.5227501045542,13440
158,10,297.87328954933156,8960
158,5,327.97153766439,4480
159,80,2.3696052039037148,71680
159,75,4.114273043807413,67200
159,70,4.4500934634834035,62720
159,65,5.414225856448274,58240
159,60,5.547124423178361,53760
159,55,5.724225126098661,49280
159,50,10.33529062614236,44800
159,45,14.680996335823759,40320
159,40,15.277516551488258,35840
159,35,15.57054144965351,31360
159,30,20.438206756111228,26880
159,25,138.2677698575627,22400
159,20,139.08019460106414,17920
159,15,146.47520146728326,13440
159,10,210.06291490137966,8960
159,5,425.55706826841947,4480
160,80,42.00021804599297,71680
160,75,42.03802821071574,67200
160,70,52.598111796691214,62720
160,65,52.63150418129617,58240
160,60,53.16938439374941,53760
160,55,112.8478656504034,49280
160,50,115.95907930313376,44800
160,45,122.03953933669438,40320
160,40,126.96685488237455,35840
160,35,127.49382115966962,31360
160,30,129.1075115815334,26880
160,25,131.3353871450311,22400
160,20,133.12698225902653,17920
160,15,168.20238842236594,13440
160,10,368.9087596393518,8960
160,5,1095.2549846856282,4480
161,80,12.310459936243538,71680
161,75,12.943236084551478,67200
161,70,13.035015977949953,62720
161,65,17.61693181463642,58240
161,60,17.814970376154946,53760
161,55,17.965919036542715,49280
161,50,28.185259464471585,44800
161,45,58.01871263703334,40320
161,40,62.7733978615299,35840
161,35,62.94774517925065,31360
161,30,64.2522365721275,26880
161,25,106.57378352380736,22400
161,20,107.08774280721514,17920
161,15,130.47764630608688,13440
161,10,135.72985214944111,8960
161,5,171.52858509543057,4480
162,80,0.22220523096916944,71680
162,75,0.4426714225853266,67200
162,70,0.4581226988024194,62720
162,65,0.6027546316429946,58240
162,60,0.6768690200524237,53760
162,55,0.8823473626910568,49280
162,50,1.248593914014874,44800
162,45,1.3506318513597306,40320
162,40,2.165551386491393,35840
162,35,2.1994087952796106,31360
162,30,2.485009269193248,26880
162,25,2.659053064782375,22400
162,20,2.8141516934009303,17920
162,15,3.208716259081267,13440
162,10,8.955016035780192,8960
162,5,15.297248850423653,4480
163,80,0.22220523096916944,71680
163,75,0.4426714225853266,67200
163,70,0.4581226988024194,62720
163,65,0.6027546316429946,58240
163,60,0.6768690200524237,53760
163,55,0.8823473626910568,49280
163,50,1.248593914014874,44800
163,45,1.3506318513597306,40320
163,40,2.165551386491393,35840
163,35,2.1994087952796106,31360
163,30,2.485009269193248,26880
163,25,2.659053064782375,22400
163,20,2.8141516934009303,17920
163,15,3.208716259081267,13440
163,10,8.955016035780192,8960
163,5,15.297248850423653,4480
164,80,34.11561020288206,71680
164,75,38.2239300449057,67200
164,70,43.90202201357368,62720
164,65,46.83375826593004,58240
164,60,53.48041438192027,53760
164,55,81.87752893941591,49280
164,50,94.62241108073128,44800
164,45,99.1064484120091,40320
164,40,100.50343457643855,35840
164,35,102.85027309993657,31360
164,30,109.00558404315784,26880
164,25,110.76488077774027,22400
164,20,134.0422368481059,17920
164,15,143.8395653578473,13440
164,10,169.77521083285313,8960
164,5,199.61318462284632,4480
165,80,49.56704769027435,71680
165,75,52.69985214861851,67200
165,70,62.09104171349566,62720
165,65,69.66332790788972,58240
165,60,78.40298074983706,53760
165,55,84.48050701001624,49280
165,50,90.89869578673584,44800
165,45,95.5584770636159,40320
165,40,98.38642084312826,35840
165,35,100.65246527797903,31360
165,30,103.01482676948875,26880
165,25,112.347774266359,22400
165,20,121.74248035423162,17920
165,15,145.22409644565278,13440
165,10,248.7316695671744,8960
165,5,353.3106492334099,4480
166,80,6.038539007985718,71680
166,75,6.18404076044497,67200
166,70,6.247579417773834,62720
166,65,14.495939652424543,58240
166,60,15.020403238223654,53760
166,55,15.696096846207999,49280
166,50,17.376175165456033,44800
166,45,17.8125452617038,40320
166,40,18.42754200395689,35840
166,35,18.61529060958519,31360
166,30,22.312861280745178,26880
166,25,82.33516928694706,22400
166,20,84.57444100071619,17920
166,15,195.04474432177093,13440
166,10,259.70651913735657,8960
166,5,463.65950705258734,4480
167,80,42.359042069572,71680
167,75,42.44273038992446,67200
167,70,42.9672570487735,62720
167,65,43.010916573865565,58240
167,60,43.033884966946154,53760
167,55,45.580071416919715,49280
167,50,46.034127551356484,44800
167,45,81.15300658872374,40320
167,40,109.03218738642937,35840
167,35,109.96110006959914,31360
167,30,110.37515976986509,26880
167,25,111.29543932903161,22400
167,20,112.69003371509434,17920
167,15,124.23857022653337,13440
167,10,183.72817620654016,8960
167,5,489.8173167011868,4480
168,80,111.98435839919924,71680
168,75,115.9673395448741,67200
168,70,122.86562820452441,62720
168,65,126.60961433435709,58240
168,60,129.03687464506734,53760
168,55,134.14858080170572,49280
168,50,139.73124984377884,44800
168,45,155.89026720873835,40320
168,40,160.06964411557473,35840
168,35,163.8532419378227,31360
168,30,184.2276903753973,26880
168,25,208.12734803358336,22400
168,20,258.07197523992676,17920
168,15,305.51402099648607,13440
168,10,423.6080559889506,8960
168,5,534.935314233877,4480
169,80,278.31503435189603,71680
169,75,278.37527080308774,67200
169,70,278.60077833474554,62720
169,65,278.6726133757117,58240
169,60,278.73045018678016,53760
169,55,281.4423208770155,49280
169,50,372.33314721949,44800
169,45,378.3183974019893,40320
169,40,379.70186263937813,35840
169,35,387.02335823618324,31360
169,30,389.1851694088753,26880
169,25,390.88998316469497,22400
169,20,407.5031430905411,17920
169,15,429.62539926390593,13440
169,10,772.444192989596,8960
169,5,1084.0149873132207,4480
170,80,5.542252980566352,71680
170,75,5.79184684221959,67200
170,70,5.881163776445992,62720
170,65,6.074092907380471,58240
170,60,6.1161935592308625,53760
170,55,6.4446261333312265,49280
170,50,6.879066318655678,44800
170,45,6.914912816442805,40320
170,40,7.870990770316604,35840
170,35,8.000550731188516,31360
170,30,8.757473056350328,26880
170,25,9.053565368827245,22400
170,20,9.288076816719803,17920
170,15,9.88137667545461,13440
170,10,15.971504770812906,8960
170,5,21.590004595195424,4480
171,80,198.0268333960642,71680
171,75,198.41736674672782,67200
171,70,198.97136596158109,62720
171,65,199.25334044896266,58240
171,60,200.07065327562296,53760
171,55,202.14732619217742,49280
171,50,203.9896890740122,44800
171,45,205.04057157531906,40320
171,40,206.8887732566537,35840
171,35,208.72702931453244,31360
171,30,234.77618017535846,26880
171,25,241.85053827960596,22400
171,20,255.77509683332408,17920
171,15,258.35335692744275,13440
171,10,284.58491086978927,8960
171,5,316.91452337918764,4480
172,80,3.4495894490150616,71680
172,75,4.393449348929064,67200
172,70,4.435826652369339,62720
172,65,5.458813140388268,58240
172,60,5.529322977843108,53760
172,55,5.804540108784102,49280
172,50,14.064516112097024,44800
172,45,14.92969552088916,40320
172,40,15.123817965328668,35840
172,35,15.721597385878109,31360
172,30,20.300438361344817,26880
172,25,30.81045411218143,22400
172,20,34.00489784293044,17920
172,15,215.04457433871,13440
172,10,227.73034376186894,8960
172,5,365.9478263208897,4480
173,80,158.02710005250916,71680
173,75,159.09718124110466,67200
173,70,159.3191330733598,62720
173,65,159.69741354490728,58240
173,60,160.20142313364303,53760
173,55,160.499406537419,49280
173,50,161.12388302033824,44800
173,45,163.2536288734723,40320
173,40,165.28376818362625,35840
173,35,171.49054667677225,31360
173,30,203.32582079632476,26880
173,25,214.04519360243017,22400
173,20,233.28680266989096,17920
173,15,238.64483677578397,13440
173,10,258.9075764530731,8960
173,5,289.1717564664638,4480
174,80,803.2534520743152,71680
174,75,808.0104193128425,67200
174,70,813.8651122907798,62720
174,65,816.0663646479951,58240
174,60,828.4566441582184,53760
174,55,830.9117877413156,49280
174,50,833.8634060824431,44800
174,45,853.3260101318845,40320
174,40,869.5916583073846,35840
174,35,907.6404541720905,31360
174,30,936.5316646269264,26880
174,25,997.6635776413593,22400
174,20,1055.1492227293288,17920
174,15,1152.3664821311309,13440
174,10,1169.6839547425163,8960
174,5,1229.2019103218563,4480
175,80,0.222778007379039,71680
175,75,0.44312343271680826,67200
175,70,0.4585384552880032,62720
175,65,0.6032678064145598,58240
175,60,0.6774561724641406,53760
175,55,0.8829880291772242,49280
175,50,1.2490576895853858,44800
175,45,1.3510104656513715,40320
175,40,2.166161265046543,35840
175,35,2.1999935710467806,31360
175,30,2.4853919822988435,26880
175,25,2.659465307338778,22400
175,20,2.814733293274345,17920
175,15,3.2093752640752617,13440
175,10,8.954780872821114,8960
175,5,15.296948876830502,4480
176,80,0.22220523096916944,71680
176,75,0.4426714225853266,67200
176,70,0.4581226988024194,62720
176,65,0.6027546316429946,58240
176,60,0.6768690200524237,53760
176,55,0.8823473626910568,49280
176,50,1.248593914014874,44800
176,45,1.3506318513597306,40320
176,40,2.165551386491393,35840
176,35,2.1994087952796106,31360
176,30,2.485009269193248,26880
176,25,2.659053064782375,22400
176,20,2.8141516934009303,17920
176,15,3.208716259081267,13440
176,10,8.955016035780192,8960
176,5,15.297248850423653,4480
177,80,28.206441233622844,71680
177,75,40.93974300755316,67200
177,70,71.2682486842487,62720
177,65,81.20605068422816,58240
177,60,83.27291873901072,53760
177,55,88.25583265777264,49280
177,50,98.30146356089193,44800
177,45,100.30897981500893,40320
177,40,101.14083425842134,35840
177,35,102.94172017265794,31360
177,30,106.00671246081063,26880
177,25,107.63133073395632,22400
177,20,116.08200286390664,17920
177,15,124.88183812411633,13440
177,10,141.93564178820355,8960
177,5,164.59799129898846,4480
178,80,414.9631501276479,71680
178,75,422.7367093282376,67200
178,70,427.6417667773874,62720
178,65,428.2787766643581,58240
178,60,429.39228362926303,53760
178,55,431.11935521189673,49280
178,50,438.58414696828396,44800
178,45,441.55444063936557,40320
178,40,444.30665914705804,35840
178,35,450.2242062582157,31360
178,30,456.4501870375574,26880
178,25,470.00872068821394,22400
178,20,484.8198432763969,17920
178,15,488.9354748228443,13440
178,10,556.5570089057603,8960
178,5,647.4092052229623,4480
179,80,442.59445329371596,71680
179,75,442.9032293708743,67200
179,70,443.0209574729568,62720
179,65,443.0872586902125,58240
179,60,444.8123874004254,53760
179,55,445.27453652168447,49280
179,50,447.34623518612574,44800
179,45,448.18468824269667,40320
179,40,453.6104128918903,35840
179,35,506.2230313402158,31360
179,30,582.7489382785652,26880
179,25,611.2786486160022,22400
179,20,772.2742581544218,17920
179,15,783.0080048301782,13440
179,10,837.3409264371995,8960
179,5,1091.893023685282,4480
180,80,35.77538476169834,71680
180,75,36.59212919841237,67200
180,70,38.02206900817157,62720
180,65,38.656273534341366,58240
180,60,40.36675605816023,53760
180,55,41.961371941176814,49280
180,50,43.16787235536873,44800
180,45,43.357698546508175,40320
180,40,44.35994712083764,35840
180,35,44.80705547648387,31360
180,30,46.4181059757577,26880
180,25,48.29294461816577,22400
180,20,49.534433812440646,17920
180,15,50.57095928398597,13440
180,10,56.06925052861578,8960
180,5,63.41675106788179,4480
181,80,60.8734761312257,71680
181,75,61.974983960171045,67200
181,70,66.8998411465023,62720
181,65,95.17610133893203,58240
181,60,105.26951078872725,53760
181,55,110.67629734898189,49280
181,50,117.86974133147413,44800
181,45,142.82559990651094,40320
181,40,151.55254402126897,35840
181,35,164.30864868913176,31360
181,30,203.36785961208378,26880
181,25,235.80365415983036,22400
181,20,334.47137813730615,17920
181,15,386.1992456706725,13440
181,10,552.9741891401736,8960
181,5,708.7329422954806,4480
182,80,0.22455945926888596,71680
182,75,0.44509239724508354,67200
182,70,0.4605155520390966,62720
182,65,0.605089998184502,58240
182,60,0.6790767690064754,53760
182,55,0.8848052326839468,49280
182,50,1.250861333060943,44800
182,45,1.3529336498521434,40320
182,40,2.1676490578197725,35840
182,35,2.201430703436361,31360
182,30,2.487061450655507,26880
182,25,2.6607868799459795,22400
182,20,2.815746175254924,17920
182,15,3.210391009435263,13440
182,10,8.955860871177126,8960
182,5,15.2995163250337,4480
183,80,37.12809767318745,71680
183,75,37.271107161667686,67200
183,70,37.41867668293897,62720
183,65,37.521028704868016,58240
183,60,37.598005088441624,53760
183,55,37.80939072140155,49280
183,50,38.05828977955617,44800
183,45,41.46488279987778,40320
183,40,45.05914956724866,35840
183,35,45.294126523626744,31360
183,30,45.50016319889386,26880
183,25,45.61359149978479,22400
183,20,46.232070194033184,17920
183,15,48.190234426382624,13440
183,10,53.97435604558199,8960
183,5,124.8886634004119,4480
184,80,213.75200430411047,71680
184,75,214.2030744447407,67200
184,70,214.39930919715255,62720
184,65,215.8183841372793,58240
184,60,247.42134716110564,53760
184,55,255.77716966532535,49280
184,50,257.4462583195591,44800
184,45,259.8425377460015,40320
184,40,266.34101260402605,35840
184,35,275.62190750677473,31360
184,30,297.61270231559007,26880
184,25,331.37343187134917,22400
184,20,354.372419691436,17920
184,15,367.240519204482,13440
184,10,417.7539541921288,8960
184,5,428.3584492114075,4480
185,80,23.868643105974346,71680
185,75,59.40571936459695,67200
185,70,70.1938941822404,62720
185,65,78.66712245256622,58240
185,60,80.07833655709585,53760
185,55,80.92502071682236,49280
185,50,81.70749389057525,44800
185,45,82.61690175308279,40320
185,40,83.73434831978985,35840
185,35,84.04205782737483,31360
185,30,84.78597859061298,26880
185,25,85.75902590248926,22400
185,20,86.0047925335564,17920
185,15,86.46704572428615,13440
185,10,94.6659456494314,8960
185,5,99.40438937876563,4480
186,80,417.63721719606605,71680
186,75,419.5295376948941,67200
186,70,420.4074127695248,62720
186,65,423.0095626727214,58240
186,60,426.5843428053073,53760
186,55,427.4308682510834,49280
186,50,428.8321444081335,44800
186,45,439.20691840755035,40320
186,40,451.20905100634513,35840
186,35,484.0893252210603,31360
186,30,500.35488963052944,26880
186,25,560.4031677392803,22400
186,20,598.4000490292382,17920
186,15,699.6497913509573,13440
186,10,719.0718787714162,8960
186,5,750.2958416255366,4480
187,80,109.23063978252759,71680
187,75,109.76368800621884,67200
187,70,112.18500429489589,62720
187,65,128.67727618590618,58240
187,60,136.07885697071316,53760
187,55,142.7027031973632,49280
187,50,148.6962435580382,44800
187,45,166.45267318852856,40320
187,40,172.93033492850824,35840
187,35,187.4940140954538,31360
187,30,228.57719181345536,26880
187,25,257.90717037018834,22400
187,20,356.5962604192294,17920
187,15,405.3256368757253,13440
187,10,571.4229159636457,8960
187,5,728.6934268519368,4480
188,80,503.5050284168868,71680
188,75,511.3031713291349,67200
188,70,513.7008815652439,62720
188,65,515.8121051235393,58240
188,60,517.1724780875793,53760
188,55,517.6359503045671,49280
188,50,526.8496737706488,44800
188,45,532.5518886271416,40320
188,40,535.7544006295686,35840
188,35,543.1280300795462,31360
188,30,548.7369493006745,26880
188,25,560.906142520062,22400
188,20,576.7655266590835,17920
188,15,582.3546621153793,13440
188,10,661.870795892951,8960
188,5,790.804233089367,4480
189,80,55.80850276702933,71680
189,75,55.94395379292561,67200
189,70,56.05945816504372,62720
189,65,56.11747131247045,58240
189,60,56.188405803063695,53760
189,55,56.44882871397335,49280
189,50,56.63533875435806,44800
189,45,63.230456430866994,40320
189,40,69.40214726446278,35840
189,35,69.70973080326188,31360
189,30,69.9043995563394,26880
189,25,70.07491858368884,22400
189,20,70.76012658391481,17920
189,15,74.12755582499058,13440
189,10,87.13146122517402,8960
189,5,202.72173387861932,4480
190,80,28.787134353927748,71680
190,75,30.71000147807156,67200
190,70,31.173709117172915,62720
190,65,35.22136217056138,58240
190,60,38.85798702981124,53760
190,55,41.13177379276942,49280
190,50,48.50099395505197,44800
190,45,49.63322902805835,40320
190,40,50.46526142524362,35840
190,35,52.58309205936278,31360
190,30,55.495085227063996,26880
190,25,56.47642739999887,22400
190,20,60.30265802110646,17920
190,15,64.6554422251769,13440
190,10,70.05030792001574,8960
190,5,97.21066043467599,4480
191,80,29.920652656404926,71680
191,75,32.18287058561352,67200
191,70,32.597617554986336,62720
191,65,35.80380581010596,58240
191,60,39.09556154752057,53760
191,55,41.70605762893096,49280
191,50,49.914748217034784,44800
191,45,51.185615210706146,40320
191,40,52.11041140130527,35840
191,35,54.35302674397253,31360
191,30,57.70215399022144,26880
191,25,59.04784702393118,22400
191,20,63.09985817760358,17920
191,15,68.27560101960957,13440
191,10,74.2818287791306,8960
191,5,100.91464397258633,4480
192,80,2.459783542881104,71680
192,75,2.9890129825368144,67200
192,70,3.092046918347952,62720
192,65,3.3232342781605557,58240
192,60,3.443708286866773,53760
192,55,3.856567613654007,49280
192,50,4.239674117884801,44800
192,45,4.296709163789198,40320
192,40,5.064277737482788,35840
192,35,5.223336135595361,31360
192,30,5.4214301367469515,26880
192,25,5.84881412959551,22400
192,20,6.2852661885522565,17920
192,15,7.075146202524646,13440
192,10,14.392735860789637,8960
192,5,20.09967095607871,4480
193,80,15.578407096507497,71680
193,75,24.3159800614946,67200
193,70,40.309485693442355,62720
193,65,45.60292834423054,58240
193,60,46.434149741549106,53760
193,55,48.10921789758138,49280
193,50,49.61878562005711,44800
193,45,50.43268724838715,40320
193,40,52.03910278404102,35840
193,35,56.47294079186737,31360
193,30,57.61660462071541,26880
193,25,62.18867502258764,22400
193,20,66.18523207498917,17920
193,15,73.41246970940644,13440
193,10,81.44102451829957,8960
193,5,156.16362971139435,4480
194,80,0.22220523096916944,71680
194,75,0.4426714225853266,67200
194,70,0.4581226988024194,62720
194,65,0.6027546316429946,58240
194,60,0.6768690200524237,53760
194,55,0.8823473626910568,49280
194,50,1.248593914014874,44800
194,45,1.3506318513597306,40320
194,40,2.165551386491393,35840
194,35,2.1994087952796106,31360
194,30,2.485009269193248,26880
194,25,2.659053064782375,22400
194,20,2.8141516934009303,17920
194,15,3.208716259081267,13440
194,10,8.955016035780192,8960
194,5,15.297248850423653,4480
195,80,465.1674171275495,71680
195,75,465.4641018014942,67200
195,70,466.29993050253665,62720
195,65,466.547908328865,58240
195,60,467.92190811210986,53760
195,55,468.69554074975895,49280
195,50,469.6286634309912,44800
195,45,470.29847059192844,40320
195,40,480.25624569043237,35840
195,35,501.37391747436845,31360
195,30,533.5547129471242,26880
195,25,546.8840159757422,22400
195,20,746.2649179800032,17920
195,15,758.4691750061694,13440
195,10,821.9808038859077,8960
195,5,1083.5016704825468,4480
196,80,484.0098745969853,71680
196,75,491.5452590640552,67200
196,70,491.7980681261118,62720
196,65,499.73087138999864,58240
196,60,511.3983301682359,53760
196,55,519.6382978032383,49280
196,50,546.6132586482171,44800
196,45,555.4323323561971,40320
196,40,556.960107104487,35840
196,35,573.843678983726,31360
196,30,597.6522798085853,26880
196,25,614.3605101541584,22400
196,20,628.2095471853177,17920
196,15,649.9458065823844,13440
196,10,702.5621535768687,8960
196,5,810.2757473329896,4480
197,80,51.66117430309426,71680
197,75,51.85087857214161,67200
197,70,52.92741959378036,62720
197,65,55.82578770268937,58240
197,60,64.66721625269264,53760
197,55,102.47090176270858,49280
197,50,112.03870816853942,44800
197,45,124.87820342501468,40320
197,40,132.58212209037524,35840
197,35,140.53926072914933,31360
197,30,149.39721301896972,26880
197,25,154.30803968450917,22400
197,20,160.51369294370906,17920
197,15,162.61256196616947,13440
197,10,186.72180103733595,8960
197,5,198.49922792410953,4480
198,80,53.14855914402265,71680
198,75,53.23555116823708,67200
198,70,53.34605681452936,62720
198,65,53.88336920039802,58240
198,60,54.29098978537841,53760
198,55,89.86575458925799,49280
198,50,91.37882235416355,44800
198,45,123.53375383037778,40320
198,40,151.062589354096,35840
198,35,152.0146114051308,31360
198,30,152.4054350841923,26880
198,25,153.0269136851986,22400
198,20,153.62275173965807,17920
198,15,179.94895244462964,13440
198,10,325.79850465277957,8960
198,5,877.9429958357462,4480
199,80,24.596593369757535,71680
199,75,27.13545357790802,67200
199,70,32.24140862307135,62720
199,65,36.61249447802243,58240
199,60,37.118987035402284,53760
199,55,37.91897512010198,49280
199,50,41.42439906803242,44800
199,45,44.449094300226974,40320
199,40,44.712912213020275,35840
199,35,47.50924723457773,31360
199,30,52.22191601113386,26880
199,25,54.34477687877113,22400
199,20,61.67690162267099,17920
199,15,69.82729600717842,13440
199,10,182.6483806913338,8960
199,5,343.55280062372935,4480
200,80,3.628219149574588,71680
200,75,4.218494276847961,67200
200,70,4.328544752685287,62720
200,65,11.499671144447023,58240
200,60,12.171349162644077,53760
200,55,12.882918177008984,49280
200,50,14.462631792401012,44800
200,45,18.644201629736347,40320
200,40,21.086393470725703,35840
200,35,21.19123368400713,31360
200,30,21.394075292921958,26880
200,25,23.398391601660435,22400
200,20,23.57345885155559,17920
200,15,24.9422985180279,13440
200,10,27.562780258318565,8960
200,5,27.786090638056272,4480
201,80,0.22220523096916944,71680
201,75,0.4426714225853266,67200
201,70,0.4581226988024194,62720
201,65,0.6027546316429946,58240
201,60,0.6768690200524237,53760
201,55,0.8823473626910568,49280
201,50,1.248593914014874,44800
201,45,1.3506318513597306,40320
201,40,2.165551386491393,35840
201,35,2.1994087952796106,31360
201,30,2.485009269193248,26880
201,25,2.659053064782375,22400
201,20,2.8141516934009303,17920
201,15,3.208716259081267,13440
201,10,8.955016035780192,8960
201,5,15.297248850423653,4480
202,80,2.0228202544478178,71680
202,75,2.556146037096376,67200
202,70,2.7996228458006254,62720
202,65,19.33553308567044,58240
202,60,20.381051596676112,53760
202,55,21.084420406396468,49280
202,50,28.407172373435632,44800
202,45,46.45962166685938,40320
202,40,51.0457024456829,35840
202,35,51.20568629943474,31360
202,30,51.45667645697259,26880
202,25,65.45435867297593,22400
202,20,65.75543066165501,17920
202,15,72.59298534157186,13440
202,10,73.99651127153291,8960
202,5,83.36690469728231,4480
203,80,0.00042052876287039135,71680
203,75,0.00047705955002402524,67200
203,70,0.0004911002767757003,62720
203,65,0.0005591449262674664,58240
203,60,0.0008030268441951484,53760
203,55,0.0010311041621609755,49280
203,50,0.001941635161383431,44800
203,45,0.003046018210705944,40320
203,40,0.0050569774814591,35840
203,35,0.008074466242620891,31360
203,30,0.018018961295250314,26880
203,25,0.033906426119210215,22400
203,20,0.07997041240279976,17920
203,15,0.1036777108822538,13440
203,10,0.3282265821795413,8960
203,5,3.449992903177096,4480
204,80,248.68394834096588,71680
204,75,250.77490875747372,67200
204,70,253.9449467010028,62720
204,65,255.45048230472466,58240
204,60,256.36980996844005,53760
204,55,260.649304910256,49280
204,50,272.4941454460356,44800
204,45,279.27427606363136,40320
204,40,286.53829268365774,35840
204,35,303.7316691467193,31360
204,30,410.06077800316757,26880
204,25,432.31098419769506,22400
204,20,449.8579197823559,17920
204,15,498.9426951586217,13440
204,10,635.3003005602587,8960
204,5,818.479667525891,4480
205,80,61.14305975628929,71680
205,75,69.27131322122733,67200
205,70,82.18707822271222,62720
205,65,89.18303109616177,58240
205,60,92.17335865420475,53760
205,55,108.29113483515351,49280
205,50,120.0873746663908,44800
205,45,134.08829374524126,40320
205,40,138.88966508168363,35840
205,35,143.6428752288102,31360
205,30,157.78511528412648,26880
205,25,180.28766757153429,22400
205,20,225.0344669148452,17920
205,15,272.75895890525624,13440
205,10,384.49336008743006,8960
205,5,491.0750196625115,4480
206,80,1393.1849106468776,71680
206,75,1410.091246007049,67200
206,70,1434.4251847327862,62720
206,65,1456.0455631463108,58240
206,60,1483.169153548766,53760
206,55,1512.9187616128786,49280
206,50,1540.8387156573915,44800
206,45,1579.6172558541225,40320
206,40,1601.7500560220997,35840
206,35,1630.5691371203598,31360
206,30,1737.304715350885,26880
206,25,1820.9150594112248,22400
206,20,1895.992422659468,17920
206,15,1993.1409727824393,13440
206,10,2155.477065376794,8960
206,5,2705.980491211222,4480
207,80,0.0061863798330943215,71680
207,75,0.006278819827443942,67200
207,70,0.00629891215980273,62720
207,65,0.006372876520684136,58240
207,60,0.0066260772412166285,53760
207,55,0.0068410410959508046,49280
207,50,0.0077069648156069944,44800
207,45,0.008849652525263402,40320
207,40,0.01081758013784381,35840
207,35,0.013689760917156077,31360
207,30,0.02386408138759016,26880
207,25,0.039340706848424147,22400
207,20,0.08538389649628592,17920
207,15,0.1091855465315369,13440
207,10,0.33594341096613556,8960
207,5,3.4551856089255804,4480
208,80,247.83097617223777,71680
208,75,249.4105275877304,67200
208,70,252.6911620803846,62720
208,65,264.9485768494512,58240
208,60,274.84983373924206,53760
208,55,279.1250303673014,49280
208,50,294.15659555230326,44800
208,45,309.9844707310776,40320
208,40,313.96053691168026,35840
208,35,322.21364288411365,31360
208,30,343.7834659268034,26880
208,25,346.64462651660097,22400
208,20,389.0486591390327,17920
208,15,393.83852948278184,13440
208,10,466.28735768801266,8960
208,5,712.7004208240244,4480
209,80,415.3081475242092,71680
209,75,417.1047616486493,67200
209,70,417.58889644265975,62720
209,65,417.9085751774082,58240
209,60,420.62289987412913,53760
209,55,422.2798905969892,49280
209,50,426.264147215599,44800
209,45,431.5025509088166,40320
209,40,490.55753386176417,35840
209,35,612.0226111342596,31360
209,30,659.8898421109614,26880
209,25,737.249113209734,22400
209,20,952.2422755195614,17920
209,15,1164.1472409066228,13440
209,10,1700.2930805332633,8960
209,5,2485.305082216167,4480
210,80,0.22220523096916944,71680
210,75,0.4426714225853266,67200
210,70,0.4581226988024194,62720
210,65,0.6027546316429946,58240
210,60,0.6768690200524237,53760
210,55,0.8823473626910568,49280
210,50,1.248593914014874,44800
210,45,1.3506318513597306,40320
210,40,2.165551386491393,35840
210,35,2.1994087952796106,31360
210,30,2.485009269193248,26880
210,25,2.659053064782375,22400
210,20,2.8141516934009303,17920
210,15,3.208716259081267,13440
210,10,8.955016035780192,8960
210,5,15.297248850423653,4480
211,80,1.1595943023188897,71680
211,75,1.2154594224293906,67200
211,70,1.2766728879084341,62720
211,65,1.5494653248921455,58240
211,60,1.665125911452463,53760
211,55,1.8804050223434408,49280
211,50,2.239299331027474,44800
211,45,2.3802071952027255,40320
211,40,3.227105745519514,35840
211,35,3.266960786432263,31360
211,30,3.5250814390562666,26880
211,25,3.708874841141412,22400
211,20,3.875900327417423,17920
211,15,4.246480945788683,13440
211,10,10.046465328928358,8960
211,5,16.024426882987196,4480
212,80,1.1457951713238095,71680
212,75,1.3664557592330069,67200
212,70,1.4356242316553116,62720
212,65,1.632991385926601,58240
212,60,1.7425529056848459,53760
212,55,1.996333243061865,49280
212,50,2.379546939238339,44800
212,45,2.4978950019529083,40320
212,40,3.2489981627112567,35840
212,35,3.320085069565113,31360
212,30,3.6691218869283677,26880
212,25,3.857401819285303,22400
212,20,4.061437361148558,17920
212,15,4.5429388611293176,13440
212,10,9.079362044625741,8960
212,5,16.054957692692074,4480
213,80,18.683865087460543,71680
213,75,23.061362436423575,67200
213,70,23.476149180527955,62720
213,65,23.65535154307437,58240
213,60,23.789477144287563,53760
213,55,24.345533112804965,49280
213,50,26.137015392956314,44800
213,45,26.889066860508027,40320
213,40,30.552015229284383,35840
213,35,38.70191595580285,31360
213,30,49.02535868236398,26880
213,25,64.02796093218485,22400
213,20,68.26743876710088,17920
213,15,93.4307361393505,13440
213,10,114.2172077166468,8960
213,5,143.89884779492243,4480
214,80,39.22254346028225,71680
214,75,60.33315432618777,67200
214,70,67.14920260677326,62720
214,65,72.94526284168508,58240
214,60,73.89318090660255,53760
214,55,74.4612148642588,49280
214,50,75.07477558058405,44800
214,45,75.93420422879798,40320
214,40,76.92746146300045,35840
214,35,77.19709516132468,31360
214,30,77.6906575327451,26880
214,25,78.50838676392098,22400
214,20,78.9048167896336,17920
214,15,79.36671922980045,13440
214,10,87.30523605417207,8960
214,5,92.22393228738171,4480
215,80,66.52027880924572,71680
215,75,69.56882218106763,67200
215,70,108.41283165248088,62720
215,65,135.70579990943745,58240
215,60,141.65743205570521,53760
215,55,145.07201067604746,49280
215,50,146.97465855897997,44800
215,45,148.85043712421063,40320
215,40,161.495645738003,35840
215,35,163.82475796181888,31360
215,30,166.2222057355841,26880
215,25,172.88374172303475,22400
215,20,178.44692163576525,17920
215,15,183.89585232922775,13440
215,10,221.76200057145866,8960
215,5,295.83411232378563,4480
216,80,0.22220523096916944,71680
216,75,0.4426714225853266,67200
216,70,0.4581226988024194,62720
216,65,0.6027546316429946,58240
216,60,0.6768690200524237,53760
216,55,0.8823473626910568,49280
216,50,1.248593914014874,44800
216,45,1.3506318513597306,40320
216,40,2.165551386491393,35840
216,35,2.1994087952796106,31360
216,30,2.485009269193248,26880
216,25,2.659053064782375,22400
216,20,2.8141516934009303,17920
216,15,3.208716259081267,13440
216,10,8.955016035780192,8960
216,5,15.297248850423653,4480
217,80,0.22220523096916944,71680
217,75,0.4426714225853266,67200
217,70,0.4581226988024194,62720
217,65,0.6027546316429946,58240
217,60,0.6768690200524237,53760
217,55,0.8823473626910568,49280
217,50,1.248593914014874,44800
217,45,1.3506318513597306,40320
217,40,2.165551386491393,35840
217,35,2.1994087952796106,31360
217,30,2.485009269193248,26880
217,25,2.659053064782375,22400
217,20,2.8141516934009303,17920
217,15,3.208716259081267,13440
217,10,8.955016035780192,8960
217,5,15.297248850423653,4480
218,80,9.061557184928638,71680
218,75,10.56854818133385,67200
218,70,10.817050994598452,62720
218,65,15.043204489963475,58240
218,60,15.411899414591165,53760
218,55,16.251677538403904,49280
218,50,25.742575376515315,44800
218,45,59.589785918340326,40320
218,40,63.46390352100764,35840
218,35,63.7109307982066,31360
218,30,63.860131574782365,26880
218,25,64.1331913774961,22400
218,20,66.21921531377157,17920
218,15,138.75253848715823,13440
218,10,214.70559645882307,8960
218,5,438.64088110363485,4480
219,80,199.9104127957309,71680
219,75,200.02682643935802,67200
219,70,200.3721298531611,62720
219,65,200.53291887955302,58240
219,60,201.72615928391963,53760
219,55,207.7181782186688,49280
219,50,211.09981789574488,44800
219,45,213.1054988281262,40320
219,40,215.4220060765185,35840
219,35,218.37636467820863,31360
219,30,241.47590886175973,26880
219,25,247.24389092375563,22400
219,20,260.4517033784518,17920
219,15,262.3673874295326,13440
219,10,293.2226907209017,8960
219,5,324.02300842959113,4480
220,80,7.093057067300209,71680
220,75,9.346215324638875,67200
220,70,9.564013332851127,62720
220,65,10.87430391503035,58240
220,60,10.990280441411212,53760
220,55,11.095320218296326,49280
220,50,17.240742866605288,44800
220,45,28.497627105192183,40320
220,40,30.472170652021774,35840
220,35,30.625465564563775,31360
220,30,32.35544069957788,26880
220,25,56.903918197144485,22400
220,20,59.29490790789209,17920
220,15,164.81996023696266,13440
220,10,237.28456402340626,8960
220,5,453.79777813850086,4480
221,80,340.7818918068347,71680
221,75,340.90080208061596,67200
221,70,341.27354698151555,62720
221,65,343.5402082306793,58240
221,60,343.59882925895846,53760
221,55,344.06887722928286,49280
221,50,344.9669777641649,44800
221,45,379.3381812684731,40320
221,40,461.07958695464185,35840
221,35,467.488433023512,31360
221,30,473.16807329729266,26880
221,25,494.450311396908,22400
221,20,527.1432683204226,17920
221,15,578.9833544313421,13440
221,10,750.2655092015793,8960
221,5,1054.6813482722198,4480
222,80,125.6506004992012,71680
222,75,130.94639756458048,67200
222,70,131.13558453231826,62720
222,65,131.4087168843641,58240
222,60,136.36457896927595,53760
222,55,137.2898439633836,49280
222,50,141.0113785961766,44800
222,45,165.21624852979315,40320
222,40,174.2204029806067,35840
222,35,189.37540644355153,31360
222,30,191.57752552005996,26880
222,25,214.91611723657144,22400
222,20,221.1359135446663,17920
222,15,234.0927877697224,13440
222,10,287.61269820447967,8960
222,5,310.74970609726233,4480
223,80,17.66264372897888,71680
223,75,23.011907861755947,67200
223,70,27.48006196176742,62720
223,65,33.6173898898047,58240
223,60,34.436967897138324,53760
223,55,35.80884153687049,49280
223,50,39.43576684052807,44800
223,45,40.819777593227776,40320
223,40,41.51353817364966,35840
223,35,42.56601819650395,31360
223,30,46.830565090028074,26880
223,25,49.03182534847596,22400
223,20,51.39539711303456,17920
223,15,54.56633452868553,13440
223,10,111.54884446051864,8960
223,5,186.14717022239057,4480
224,80,18.140729075017706,71680
224,75,18.871503334518017,67200
224,70,20.937193686810506,62720
224,65,23.30313063903882,58240
224,60,24.29462544771685,53760
224,55,25.790476918014956,49280
224,50,26.806075805977375,44800
224,45,28.275859762809926,40320
224,40,29.31046528544759,35840
224,35,31.14261906534733,31360
224,30,36.80886949589202,26880
224,25,39.40966817691713,22400
224,20,44.31840968471816,17920
224,15,54.94341929769597,13440
224,10,161.3732034227964,8960
224,5,300.3788428545254,4480
225,80,23.329226426820316,71680
225,75,24.642703327813226,67200
225,70,26.885408993005573,62720
225,65,27.983052062012458,58240
225,60,28.257568238946178,53760
225,55,28.90084143303153,49280
225,50,29.642031123080688,44800
225,45,29.99460917709115,40320
225,40,30.936534294368474,35840
225,35,31.763818559167696,31360
225,30,32.41338964951521,26880
225,25,34.53166662986056,22400
225,20,36.67146136076486,17920
225,15,40.55293960679592,13440
225,10,48.05117182131251,8960
225,5,102.02315145527204,4480
226,80,136.40621018593606,71680
226,75,136.51945091905083,67200
226,70,137.66780883992263,62720
226,65,138.92845889914744,58240
226,60,160.14848866294463,53760
226,55,164.00183558039376,49280
226,50,165.0057653779523,44800
226,45,165.5145214094341,40320
226,40,165.8531718416426,35840
226,35,166.33406340917858,31360
226,30,178.6252412247934,26880
226,25,208.93046035087335,22400
226,20,237.56279153680856,17920
226,15,275.7140861438234,13440
226,10,348.64106375590484,8960
226,5,377.1074592606496,4480
227,80,3.935797354775442,71680
227,75,4.168815447206958,67200
227,70,4.249850713838275,62720
227,65,4.441409867827487,58240
227,60,4.57075614201736,53760
227,55,4.831277021798601,49280
227,50,5.422488480240224,44800
227,45,5.4578431373026115,40320
227,40,6.332625404792196,35840
227,35,6.538599487166411,31360
227,30,7.259846313865188,26880
227,25,7.675698034224867,22400
227,20,7.747316351404723,17920
227,15,8.440393067105592,13440
227,10,15.689553415535935,8960
227,5,24.93032524172969,4480
228,80,0.00040928726816092515,71680
228,75,0.0004578872084443504,67200
228,70,0.00047133980599351806,62720
228,65,0.0005372845216511902,58240
228,60,0.0007898366901020103,53760
228,55,0.001017997696500053,49280
228,50,0.00193401944835156,44800
228,45,0.003051155006227154,40320
228,40,0.005058206140567403,35840
228,35,0.00807175663828213,31360
228,30,0.01803147403277549,26880
228,25,0.033943062110879815,22400
228,20,0.07999479910089942,17920
228,15,0.10363376474344949,13440
228,10,0.32791171802157004,8960
228,5,3.450568008256963,4480
229,80,2.3744847713139237,71680
229,75,3.115924862506797,67200
229,70,3.3696695442817806,62720
229,65,19.655157687308872,58240
229,60,20.742858389613335,53760
229,55,21.530745659524403,49280
229,50,27.500836923302057,44800
229,45,42.133313080953904,40320
229,40,46.2782941346288,35840
229,35,46.42471826162119,31360
229,30,46.617996000156225,26880
229,25,56.736828748706614,22400
229,20,57.00859914829652,17920
229,15,62.018429615740224,13440
229,10,63.39974133535652,8960
229,5,69.64261717026507,4480
230,80,0.2253799589198767,71680
230,75,0.44601873641969253,67200
230,70,0.46142092609663965,62720
230,65,0.6059828839209425,58240
230,60,0.6802505632229637,53760
230,55,0.8852133350831141,49280
230,50,1.2513819502726213,44800
230,45,1.3533946372297958,40320
230,40,2.168635570079334,35840
230,35,2.202300848077188,31360
230,30,2.4872884000349402,26880
230,25,2.661098117725267,22400
230,20,2.815582352750482,17920
230,15,3.2099864274647185,13440
230,10,8.951827040684194,8960
230,5,15.294015662810295,4480
231,80,39.14647344790136,71680
231,75,40.58653406979449,67200
231,70,46.106451116952236,62720
231,65,55.34811995045126,58240
231,60,59.07133921063675,53760
231,55,84.94318497327133,49280
231,50,101.3232991109861,44800
231,45,110.72474332076575,40320
231,40,115.75371600508156,35840
231,35,121.9408186355852,31360
231,30,130.18540255806698,26880
231,25,150.58216974960843,22400
231,20,184.29466248514498,17920
231,15,227.48369841653118,13440
231,10,335.94732194996317,8960
231,5,442.71170891331525,4480
232,80,16.21568670675158,71680
232,75,16.52275958113564,67200
232,70,16.69725335118659,62720
232,65,16.967993606263253,58240
232,60,17.27692527042673,53760
232,55,17.830866434461097,49280
232,50,18.45932864134627,44800
232,45,18.48604243903433,40320
232,40,19.486494476830334,35840
232,35,19.65343389313976,31360
232,30,20.71355015777428,26880
232,25,21.277075137871986,22400
232,20,21.547992520307638,17920
232,15,22.474722224303697,13440
232,10,28.243169385777108,8960
232,5,34.10684084968276,4480
233,80,10.294238553319525,71680
233,75,10.567528618944893,67200
233,70,10.67210967417034,62720
233,65,10.85093160076201,58240
233,60,10.980868127360967,53760
233,55,11.355284291517485,49280
233,50,11.937024522048368,44800
233,45,11.95883897039482,40320
233,40,12.944682932188838,35840
233,35,13.13055964004405,31360
233,30,14.010010714060948,26880
233,25,14.46737944590188,22400
233,20,14.720090630076106,17920
233,15,15.4305679552971,13440
233,10,21.434991374747984,8960
233,5,27.03570420952148,4480
234,80,321.27909791727984,71680
234,75,321.59787845896926,67200
234,70,321.6428716000536,62720
234,65,322.45593096211724,58240
234,60,322.6713410398727,53760
234,55,322.77401916523286,49280
234,50,326.3226714351808,44800
234,45,327.57181828586624,40320
234,40,333.4839447090933,35840
234,35,353.8570149579978,31360
234,30,447.04412976266275,26880
234,25,628.4479930402057,22400
234,20,690.1689929229847,17920
234,15,718.2841017691984,13440
234,10,772.5732213607828,8960
234,5,1032.7409506584418,4480
235,80,99.99929258075015,71680
235,75,100.12513298989145,67200
235,70,101.70069142911669,62720
235,65,103.73274596838249,58240
235,60,144.9092091070511,53760
235,55,152.5810617416728,49280
235,50,153.9686861444372,44800
235,45,155.17808955256712,40320
235,40,156.08877960049384,35840
235,35,158.08355431492873,31360
235,30,167.55112744459547,26880
235,25,201.7281566296207,22400
235,20,231.50983474400522,17920
235,15,276.14898427572564,13440
235,10,344.37636210455787,8960
235,5,374.2777500167338,4480
236,80,20.48219838007963,71680
236,75,20.54317592723691,67200
236,70,20.563939617362784,62720
236,65,20.660038162904524,58240
236,60,20.9766931035297,53760
236,55,21.9668244714766,49280
236,50,26.583514166528325,44800
236,45,28.62787400631665,40320
236,40,35.9781969874364,35840
236,35,51.01587327099188,31360
236,30,72.23616070891688,26880
236,25,96.89104507790164,22400
236,20,102.72262109858372,17920
236,15,151.02937533743247,13440
236,10,179.02753428565242,8960
236,5,235.4397016307188,4480
237,80,18.789933260045938,71680
237,75,21.49895477035133,67200
237,70,21.728899099114717,62720
237,65,22.108024801675,58240
237,60,22.31807007501727,53760
237,55,22.822863769098173,49280
237,50,30.741971277097537,44800
237,45,58.4124322356988,40320
237,40,61.21312086029173,35840
237,35,61.36852295836685,31360
237,30,64.07680494753004,26880
237,25,130.35213489719263,22400
237,20,131.28281123361626,17920
237,15,176.27391526751114,13440
237,10,191.00652904234613,8960
237,5,263.56538582814204,4480
238,80,120.3142601206863,71680
238,75,120.39154683065321,67200
238,70,141.4576548600662,62720
238,65,141.49988116186336,58240
238,60,141.6564417211483,53760
238,55,168.3404277248573,49280
238,50,170.13290741360112,44800
238,45,170.66354780221056,40320
238,40,171.0739673752616,35840
238,35,171.33557307407176,31360
238,30,172.4629883389903,26880
238,25,174.48036060775686,22400
238,20,176.03378504821998,17920
238,15,206.60493663126047,13440
238,10,390.883492157629,8960
238,5,1089.2100628597595,4480
239,80,22.50556817346214,71680
239,75,29.239456339948262,67200
239,70,31.914796752987446,62720
239,65,34.984702648997065,58240
239,60,35.54016144716623,53760
239,55,36.04147229833431,49280
239,50,36.64199091783962,44800
239,45,37.208246995075335,40320
239,40,38.18122834167427,35840
239,35,38.36529169531171,31360
239,30,38.821846618202976,26880
239,25,39.31222851094286,22400
239,20,39.57469589728095,17920
239,15,39.92929994186378,13440
239,10,46.6313195315684,8960
239,5,51.661021970219004,4480
240,80,15.922923686054721,71680
240,75,15.994868744412866,67200
240,70,16.035124257422765,62720
240,65,16.316731201450565,58240
240,60,17.661898301003923,53760
240,55,22.329511422810548,49280
240,50,24.7973339344885,44800
240,45,27.395114190753585,40320
240,40,29.9022710741476,35840
240,35,31.18011694323314,31360
240,30,31.877162760918257,26880
240,25,32.800487690582365,22400
240,20,33.48513403757826,17920
240,15,33.99605971884416,13440
240,10,44.25270732192168,8960
240,5,49.40416454376737,4480
241,80,2.8377688454725303,71680
241,75,3.071559854643173,67200
241,70,3.1642524647608985,62720
241,65,3.371127088799688,58240
241,60,3.521635691365557,53760
241,55,3.8631933682416073,49280
241,50,4.38348125977622,44800
241,45,4.419551350394543,40320
241,40,5.258682291233262,35840
241,35,5.406464841959655,31360
241,30,6.022897520618042,26880
241,25,6.3165761607942255,22400
241,20,6.405840260923641,17920
241,15,6.970280663597608,13440
241,10,14.921454081857958,8960
241,5,23.380585201429685,4480
242,80,22.59345012607076,71680
242,75,26.99001775395623,67200
242,70,27.741818839560647,62720
242,65,28.19138126649173,58240
242,60,28.80377042676944,53760
242,55,29.968306630304706,49280
242,50,34.302064374362246,44800
242,45,37.20572390048515,40320
242,40,45.00450891828151,35840
242,35,60.65853344343952,31360
242,30,85.84337762758261,26880
242,25,110.09258502207867,22400
242,20,116.77566822718451,17920
242,15,178.9760236807233,13440
242,10,208.32054158309793,8960
242,5,300.551313364137,4480
243,80,24.976460171039715,71680
243,75,24.994217641212217,67200
243,70,25.074794629425515,62720
243,65,25.132296629137358,58240
243,60,25.16314458816254,53760
243,55,29.733420049212995,49280
243,50,30.399375103921844,44800
243,45,80.50663181075909,40320
243,40,117.26600840417525,35840
243,35,118.57551548405786,31360
243,30,119.03805821965442,26880
243,25,120.4186380662198,22400
243,20,122.16402385399121,17920
243,15,138.89104057897416,13440
243,10,230.32442309777676,8960
243,5,641.5453963270492,4480
244,80,12.054691753788576,71680
244,75,12.450310579978957,67200
244,70,14.259214648961295,62720
244,65,16.0891010690764,58240
244,60,18.952072130429517,53760
244,55,20.020437463330236,49280
244,50,20.828810586325048,44800
244,45,21.434059724837596,40320
244,40,22.609381439247898,35840
244,35,23.01394041757279,31360
244,30,23.503037471069504,26880
244,25,24.745813876266503,22400
244,20,25.940483979080827,17920
244,15,28.768513001223305,13440
244,10,32.70230715167452,8960
244,5,53.640804094644395,4480
245,80,169.08638533769815,71680
245,75,170.19164243439772,67200
245,70,170.4648519844742,62720
245,65,170.8529632766407,58240
245,60,171.36407370326106,53760
245,55,171.7982781903105,49280
245,50,172.3759792751204,44800
245,45,173.96968616483082,40320
245,40,175.87664441974576,35840
245,35,180.447897085633,31360
245,30,211.4192348735578,26880
245,25,220.86815651984293,22400
245,20,238.85863446581263,17920
245,15,243.53218121312497,13440
245,10,263.82365075209344,8960
245,5,294.34889207386067,4480
246,80,33.14990261712209,71680
246,75,38.04133898779447,67200
246,70,40.73927201363505,62720
246,65,43.917087873927386,58240
246,60,46.797836825388245,53760
246,55,64.3317205108462,49280
246,50,77.12664737306115,44800
246,45,79.40410495014791,40320
246,40,80.12717983301583,35840
246,35,80.80785981853154,31360
246,30,84.88756182336489,26880
246,25,86.77866687884398,22400
246,20,104.11449255805297,17920
246,15,111.93322461316039,13440
246,10,125.37983511316153,8960
246,5,142.20261679257564,4480
247,80,22.30171654239461,71680
247,75,27.522754777537212,67200
247,70,27.7816237413073,62720
247,65,36.353799497379214,58240
247,60,37.2449634538086,53760
247,55,38.77770224587344,49280
247,50,42.657718593350815,44800
247,45,67.07785814372669,40320
247,40,68.78069848675275,35840
247,35,68.91925525739836,31360
247,30,71.65123810684331,26880
247,25,156.9481743999674,22400
247,20,157.7497837361351,17920
247,15,177.59776115583537,13440
247,10,221.09017245563604,8960
247,5,412.9758410305963,4480
248,80,9.275217631769236,71680
248,75,9.529361168023653,67200
248,70,11.516326913873906,62720
248,65,18.899434702084175,58240
248,60,25.458503137583165,53760
248,55,27.872126252658635,49280
248,50,30.456714926195506,44800
248,45,31.353357937838304,40320
248,40,32.70542966959278,35840
248,35,33.62455740932406,31360
248,30,34.56325538134881,26880
248,25,35.73658897491347,22400
248,20,37.516665660452816,17920
248,15,40.89898449385563,13440
248,10,44.48607863675305,8960
248,5,68.27770426405839,4480
249,80,2.1361556761343268,71680
249,75,2.412608848902613,67200
249,70,2.617434166173802,62720
249,65,17.860290043243793,58240
249,60,18.763146686351973,53760
249,55,19.3324962571257,49280
249,50,27.947374980746353,44800
249,45,49.54961241009979,40320
249,40,54.51272295287985,35840
249,35,54.68422624733175,31360
249,30,55.046497614312244,26880
249,25,74.00175165561201,22400
249,20,74.33575001726794,17920
249,15,83.63833713765113,13440
249,10,85.29302718324183,8960
249,5,98.84345692684876,4480
250,80,28.085475035233674,71680
250,75,31.32430148965663,67200
250,70,38.05918436287625,62720
250,65,40.50003845822068,58240
250,60,40.96465238562508,53760
250,55,42.18339065876684,49280
250,50,43.13906492725865,44800
250,45,43.61077393841318,40320
250,40,44.92681662276328,35840
250,35,47.274040786268145,31360
250,30,47.85331320886957,26880
250,25,50.91495963563147,22400
250,20,53.75846030846211,17920
250,15,59.76891329535138,13440
250,10,68.00243599637757,8960
250,5,134.08706376673257,4480
251,80,26.996245123173843,71680
251,75,27.899691857742855,67200
251,70,28.378358526823856,62720
251,65,34.367221133897274,58240
251,60,37.38819912876155,53760
251,55,39.89359322833059,49280
251,50,47.03061223008029,44800
251,45,51.392389690261815,40320
251,40,52.193066826460466,35840
251,35,52.79285156472006,31360
251,30,54.43554817152362,26880
251,25,56.81923255860658,22400
251,20,61.20352063607502,17920
251,15,66.88714049297387,13440
251,10,118.36342542633218,8960
251,5,238.5350814024298,4480
252,80,28.03672971541737,71680
252,75,29.903145814429692,67200
252,70,55.91379622684586,62720
252,65,68.45660815436887,58240
252,60,74.55528385327288,53760
252,55,78.3154670164061,49280
252,50,79.83461637350813,44800
252,45,80.6798686646457,40320
252,40,86.37116718038239,35840
252,35,88.2224169972826,31360
252,30,89.74073182718386,26880
252,25,93.92874520604853,22400
252,20,97.37152173447078,17920
252,15,99.03629317434913,13440
252,10,118.66885962544855,8960
252,5,158.55282026228676,4480
253,80,49.90405953104598,71680
253,75,50.02264202067199,67200
253,70,85.34082126769611,62720
253,65,85.44584755173949,58240
253,60,85.84183947209696,53760
253,55,107.48743735737854,49280
253,50,108.6402078097881,44800
253,45,125.00256946082771,40320
253,40,137.95968190121755,35840
253,35,138.64231816340615,31360
253,30,139.83358848554255,26880
253,25,141.25123791798816,22400
253,20,142.64641440919254,17920
253,15,178.35559222938372,13440
253,10,379.991874193609,8960
253,5,1094.660744604979,4480
254,80,603.4035264429659,71680
254,75,604.9308066390348,67200
254,70,608.582877021014,62720
254,65,617.7687957444266,58240
254,60,625.371038985274,53760
254,55,628.9777664574923,49280
254,50,629.7131480535718,44800
254,45,630.7437266009393,40320
254,40,655.410454021737,35840
254,35,679.862974961435,31360
254,30,759.2298611472635,26880
254,25,859.4995420103976,22400
254,20,882.7241603591849,17920
254,15,915.0227411502085,13440
254,10,956.5783531506928,8960
254,5,1055.6698553271196,4480
255,80,32.91413859931581,71680
255,75,36.60820448405317,67200
255,70,37.52719179221269,62720
255,65,38.52965630095162,58240
255,60,41.45546632912976,53760
255,55,47.7016317760148,49280
255,50,59.09243433482307,44800
255,45,61.10643206643512,40320
255,40,63.38368171801957,35840
255,35,65.51758596597482,31360
255,30,69.62967127391602,26880
255,25,73.34808960472915,22400
255,20,79.67924882147156,17920
255,15,86.93883222705462,13440
255,10,97.652396285574,8960
255,5,118.98416447316247,4480
256,80,357.17486038931366,71680
256,75,360.11309727450714,67200
256,70,362.6029988927774,62720
256,65,366.77327439245136,58240
256,60,376.1518805260792,53760
256,55,384.92359418763357,49280
256,50,387.25505913283183,44800
256,45,387.86985880502925,40320
256,40,388.8268878924337,35840
256,35,400.3357365502701,31360
256,30,417.9284638813199,26880
256,25,437.0494285702029,22400
256,20,461.39332473744554,17920
256,15,507.3357704226714,13440
256,10,562.1463400201754,8960
256,5,802.200274101628,4480
257,80,243.87730622484577,71680
257,75,245.00817916228274,67200
257,70,249.18092433746986,62720
257,65,257.07206422860287,58240
257,60,268.01780773823066,53760
257,55,276.79519466544014,49280
257,50,298.99262166456185,44800
257,45,328.8482766226554,40320
257,40,335.8792338871299,35840
257,35,338.59980947614764,31360
257,30,365.81272018364206,26880
257,25,367.91644946435514,22400
257,20,401.7054916320661,17920
257,15,426.2191663872569,13440
257,10,486.27593438159397,8960
257,5,744.9394743658502,4480
258,80,0.7593725334670549,71680
258,75,0.7646246515350481,67200
258,70,0.7888223604447225,62720
258,65,0.8435553149051198,58240
258,60,0.9251541801849861,53760
258,55,1.0366453634413355,49280
258,50,1.7163390082309944,44800
258,45,6.826941866843672,40320
258,40,58.52221213007548,35840
258,35,62.76774746895847,31360
258,30,65.58577058253023,26880
258,25,67.25456200182,22400
258,20,71.65582171412902,17920
258,15,72.52356273708425,13440
258,10,89.18525900040504,8960
258,5,94.88457668978496,4480
259,80,277.5220321633315,71680
259,75,277.5799459866513,67200
259,70,277.7857482430753,62720
259,65,277.86212178992827,58240
259,60,277.92380951567435,53760
259,55,280.69389666815874,49280
259,50,371.23245394724427,44800
259,45,377.16205061024914,40320
259,40,378.53193403851236,35840
259,35,385.8738420318835,31360
259,30,388.01139565069275,26880
259,25,389.6915172252159,22400
259,20,406.46851494005847,17920
259,15,428.4827264905415,13440
259,10,768.8337257361339,8960
259,5,1079.9740684258213,4480
260,80,0.222778007379039,71680
260,75,0.44312343271680826,67200
260,70,0.4585384552880032,62720
260,65,0.6032678064145598,58240
260,60,0.6774561724641406,53760
260,55,0.8829880291772242,49280
260,50,1.2490576895853858,44800
260,45,1.3510104656513715,40320
260,40,2.166161265046543,35840
260,35,2.1999935710467806,31360
260,30,2.4853919822988435,26880
260,25,2.659465307338778,22400
260,20,2.814733293274345,17920
260,15,3.2093752640752617,13440
260,10,8.954780872821114,8960
260,5,15.296948876830502,4480
261,80,112.07500948908427,71680
261,75,115.19135076564254,67200
261,70,115.6953453088222,62720
261,65,115.82866723150472,58240
261,60,116.40006313270288,53760
261,55,116.99755431304062,49280
261,50,118.00974425122058,44800
261,45,118.7036242240837,40320
261,40,125.62335467908616,35840
261,35,145.2018292822466,31360
261,30,155.02263827273418,26880
261,25,166.08498721889546,22400
261,20,201.2271064264523,17920
261,15,226.98382451074087,13440
261,10,344.99126061218215,8960
261,5,475.89607328304885,4480
262,80,5.186948464940107,71680
262,75,6.631139784091255,67200
262,70,6.728486548413045,62720
262,65,8.909823567541771,58240
262,60,9.352433469199893,53760
262,55,10.957341334496983,49280
262,50,36.14832728778393,44800
262,45,48.94560328442492,40320
262,40,49.31543726057169,35840
262,35,49.98175324813011,31360
262,30,50.97248065039206,26880
262,25,56.13627133193514,22400
262,20,56.202177288807974,17920
262,15,78.49294823896399,13440
262,10,89.38762683228913,8960
262,5,144.1599449874734,4480
263,80,170.03282048628765,71680
263,75,170.18349864550547,67200
263,70,171.16169757622382,62720
263,65,173.57011057068843,58240
263,60,178.60847688658956,53760
263,55,196.83005825982195,49280
263,50,223.5953808986626,44800
263,45,273.2818773064583,40320
263,40,292.40608403247455,35840
263,35,294.012418155592,31360
263,30,340.4881715084767,26880
263,25,354.7428711019628,22400
263,20,391.9818054861519,17920
263,15,450.5542217200596,13440
263,10,495.428607264525,8960
263,5,712.3593273873141,4480
264,80,39.06339408958447,71680
264,75,42.24614339328995,67200
264,70,42.31712305811854,62720
264,65,50.87364842087528,58240
264,60,57.175013446519955,53760
264,55,80.82164434083258,49280
264,50,95.53880269769685,44800
264,45,101.81412852493732,40320
264,40,107.07505443396228,35840
264,35,112.94551346613011,31360
264,30,117.4969522111743,26880
264,25,135.48165114829783,22400
264,20,159.06861809060428,17920
264,15,194.95654864063752,13440
264,10,302.58609808601517,8960
264,5,410.19982037839833,4480
265,80,1835.420276302322,71680
265,75,1843.873500670051,67200
265,70,1873.7786708639449,62720
265,65,1918.9849611576276,58240
265,60,1936.1336964413092,53760
265,55,2002.2464461694146,49280
265,50,2046.9276728584603,44800
265,45,2089.200992612068,40320
265,40,2104.923287921792,35840
265,35,2177.04298962775,31360
265,30,2275.81582421137,26880
265,25,2369.222848786354,22400
265,20,2454.5710642117724,17920
265,15,2585.11192722853,13440
265,10,2883.1117301720424,8960
265,5,3181.8023312455666,4480
266,80,11.42229552934061,71680
266,75,11.816857689853903,67200
266,70,11.86325350119905,62720
266,65,17.050667317952648,58240
266,60,17.5515627655145,53760
266,55,18.385797065572678,49280
266,50,22.958726754620383,44800
266,45,38.967397285557794,40320
266,40,40.38682451390975,35840
266,35,40.57211476722109,31360
266,30,44.57507336711612,26880
266,25,151.53553890675482,22400
266,20,152.3160300703851,17920
266,15,162.80204616497727,13440
266,10,214.6929051690606,8960
266,5,416.5094933520453,4480
267,80,314.0256028023552,71680
267,75,314.5124898787883,67200
267,70,315.1560296672546,62720
267,65,315.7473510113389,58240
267,60,316.06203991468357,53760
267,55,316.17942900979887,49280
267,50,316.4903736540155,44800
267,45,323.08091831176495,40320
267,40,381.72327865041825,35840
267,35,398.52922571736025,31360
267,30,459.8386573444677,26880
267,25,499.9830148214983,22400
267,20,588.9358336922472,17920
267,15,632.6866403633695,13440
267,10,676.2128223240557,8960
267,5,758.1090421277866,4480
268,80,89.67817464016913,71680
268,75,89.72929596543919,67200
268,70,89.78763269707115,62720
268,65,89.80321041314896,58240
268,60,89.82312325789499,53760
268,55,89.95601072027198,49280
268,50,93.65737393506183,44800
268,45,104.16782593487933,40320
268,40,110.1854313464442,35840
268,35,128.37271121040507,31360
268,30,174.14073894985262,26880
268,25,192.5347278562582,22400
268,20,214.30777695704842,17920
268,15,221.9413278170425,13440
268,10,245.77226694303673,8960
268,5,274.4714869020266,4480
269,80,348.1832034075014,71680
269,75,353.16757718085285,67200
269,70,353.81810781354073,62720
269,65,361.15225605694803,58240
269,60,370.98780614916274,53760
269,55,375.11891572073165,49280
269,50,392.08602737987434,44800
269,45,399.0398884358415,40320
269,40,402.0416746187648,35840
269,35,408.66748907686883,31360
269,30,423.7805300014522,26880
269,25,433.0772306648963,22400
269,20,453.04854038441044,17920
269,15,467.1454510172882,13440
269,10,517.8740100508103,8960
269,5,663.4083693457661,4480
270,80,11.27283793116446,71680
270,75,12.474124938337411,67200
270,70,12.583045207653534,62720
270,65,21.529077571245672,58240
270,60,22.172686864719314,53760
270,55,23.125612703835404,49280
270,50,25.99964542338918,44800
270,45,44.33512198302006,40320
270,40,45.73040257080877,35840
270,35,45.974411041662954,31360
270,30,47.7216348392734,26880
270,25,93.02343918987782,22400
270,20,94.21407751390944,17920
270,15,125.08767759336706,13440
270,10,202.7348270108556,8960
270,5,432.02394834920034,4480
271,80,184.90678302263777,71680
271,75,185.73522267659737,67200
271,70,186.24994388397945,62720
271,65,186.5749525179494,58240
271,60,187.01748250838682,53760
271,55,188.10102861117701,49280
271,50,189.06463901834687,44800
271,45,190.2257931470452,40320
271,40,192.3783110471362,35840
271,35,194.9094802365142,31360
271,30,224.11197017154157,26880
271,25,232.44797024779302,22400
271,20,248.2047049625926,17920
271,15,252.17035742906515,13440
271,10,274.7324542133232,8960
271,5,306.51162160253756,4480
272,80,0.22221922106207767,71680
272,75,0.4426844136378438,67200
272,70,0.4581341451004167,62720
272,65,0.6027675789708261,58240
272,60,0.6768801977530169,53760
272,55,0.882359529355669,49280
272,50,1.248607813938088,44800
272,45,1.3506470044254921,40320
272,40,2.1655660714332794,35840
272,35,2.1994233964171137,31360
272,30,2.4850233280305716,26880
272,25,2.6590681626740276,22400
272,20,2.8141670292942154,17920
272,15,3.208731486735029,13440
272,10,8.955034330190404,8960
272,5,15.297265645207766,4480
273,80,41.31491948893193,71680
273,75,48.114388884543054,67200
273,70,49.4128742250381,62720
273,65,57.67030006634805,58240
273,60,65.05429356510457,53760
273,55,81.30173036313583,49280
273,50,93.03695235104482,44800
273,45,98.70322439018977,40320
273,40,104.04195361547974,35840
273,35,108.5723077365994,31360
273,30,112.05733552082285,26880
273,25,128.0218833094084,22400
273,20,145.0030534509892,17920
273,15,176.6701893407597,13440
273,10,285.863043885221,8960
273,5,392.4450622644617,4480
274,80,168.23342852748053,71680
274,75,170.1561991245474,67200
274,70,170.54430439056955,62720
274,65,170.8194141129279,58240
274,60,172.44711719364668,53760
274,55,175.75084492815571,49280
274,50,177.35395578948388,44800
274,45,201.92311435311356,40320
274,40,208.84101412762573,35840
274,35,227.00490470200262,31360
274,30,242.37977748011366,26880
274,25,266.50848984175377,22400
274,20,308.5285380724614,17920
274,15,359.6081542214835,13440
274,10,457.6615533132114,8960
274,5,483.75922395958156,4480
275,80,907.2812455678592,71680
275,75,922.1234233754369,67200
275,70,930.1134103848549,62720
275,65,933.5629214479404,58240
275,60,945.1116679830541,53760
275,55,965.6297225012263,49280
275,50,967.9379425808693,44800
275,45,975.6689843294284,40320
275,40,979.0304864674246,35840
275,35,987.8495876757019,31360
275,30,994.6726795482284,26880
275,25,1021.8431621200604,22400
275,20,1058.5159746504014,17920
275,15,1298.8598259967634,13440
275,10,1551.73567296027,8960
275,5,3189.1515919806307,4480
276,80,7.161268307563237,71680
276,75,9.722054465585773,67200
276,70,10.062428307898411,62720
276,65,11.459930260443857,58240
276,60,11.63963172951979,53760
276,55,12.084453827430151,49280
276,50,21.271816504080373,44800
276,45,48.431942143196586,40320
276,40,51.942827254440104,35840
276,35,52.14782101685919,31360
276,30,52.558601443053526,26880
276,25,54.958563722539765,22400
276,20,57.22480428629318,17920
276,15,143.12173965573277,13440
276,10,218.4470523809609,8960
276,5,441.21384768301016,4480
277,80,33.58685462775943,71680
277,75,36.23871585838796,67200
277,70,51.82349133743813,62720
277,65,64.37236989017977,58240
277,60,74.28389022924263,53760
277,55,78.75706988588647,49280
277,50,84.15926247958745,44800
277,45,88.37084082413085,40320
277,40,90.44347578209431,35840
277,35,91.60601054115321,31360
277,30,93.45873908068423,26880
277,25,100.08517363215294,22400
277,20,106.60981674208267,17920
277,15,124.54863245556213,13440
277,10,232.03914431957963,8960
277,5,342.2214772732605,4480
278,80,1653.4826342369818,71680
278,75,1665.905751478449,67200
278,70,1678.9549512797757,62720
278,65,1687.0203168195687,58240
278,60,1699.9520432430977,53760
278,55,1707.5156564215488,49280
278,50,1712.2880339700664,44800
278,45,1718.674757866417,40320
278,40,1727.3330825197406,35840
278,35,1775.1518520815532,31360
278,30,1793.3508260156052,26880
278,25,1838.4960596767646,22400
278,20,1883.672056084025,17920
278,15,1987.2620308846738,13440
278,10,2064.35970831341,8960
278,5,2146.1108513111253,4480
279,80,15.86179502313839,71680
279,75,16.279967417965015,67200
279,70,17.37009858898659,62720
279,65,25.48915634878961,58240
279,60,31.78434712779836,53760
279,55,33.74209460518299,49280
279,50,38.39277026257258,44800
279,45,39.21368368175799,40320
279,40,40.24505167292115,35840
279,35,41.59328634905919,31360
279,30,43.04280581396574,26880
279,25,43.74577288619318,22400
279,20,46.55729251313629,17920
279,15,49.8746423777131,13440
279,10,53.74768802770308,8960
279,5,78.71581523954006,4480
280,80,0.22278773161036136,71680
280,75,0.4431522936690782,67200
280,70,0.4586028834779236,62720
280,65,0.6033216678274799,58240
280,60,0.6775170350268938,53760
280,55,0.8830107934388436,49280
280,50,1.2491208874377384,44800
280,45,1.3510845508208658,40320
280,40,2.166203983278262,35840
280,35,2.200038677494087,31360
280,30,2.485425918642165,26880
280,25,2.6595314924507316,22400
280,20,2.814746373186204,17920
280,15,3.209394068659903,13440
280,10,8.955080607816893,8960
280,5,15.297392491979238,4480
281,80,55.84582355047967,71680
281,75,56.15269107613722,67200
281,70,56.353588341906054,62720
281,65,63.25896061814216,58240
281,60,64.9229826899388,53760
281,55,104.93929192442216,49280
281,50,136.21051297600619,44800
281,45,180.79894018780584,40320
281,40,205.63285600831674,35840
281,35,213.14602223830968,31360
281,30,274.6230527977146,26880
281,25,289.5884667077017,22400
281,20,345.24116624067887,17920
281,15,417.70161690232794,13440
281,10,463.04813630910667,8960
281,5,663.4653252536425,4480
282,80,50.332368787821224,71680
282,75,52.65014804672184,67200
282,70,58.6929621887782,62720
282,65,60.30092529725379,58240
282,60,62.59702585154679,53760
282,55,64.80221362477324,49280
282,50,68.32995412454842,44800
282,45,70.56677671949578,40320
282,40,73.44095800712113,35840
282,35,75.52462649938522,31360
282,30,76.9434458882409,26880
282,25,77.92585650400112,22400
282,20,82.48466083552805,17920
282,15,86.3004884053975,13440
282,10,103.48442387850164,8960
282,5,135.9416594528834,4480
283,80,20.027955939215403,71680
283,75,21.2580741512021,67200
283,70,23.79851058491579,62720
283,65,26.728602244253533,58240
283,60,27.720903901389722,53760
283,55,29.243535478403135,49280
283,50,30.14988320018259,44800
283,45,31.47040629747711,40320
283,40,32.430150853914945,35840
283,35,34.044947299932765,31360
283,30,39.45625077248204,26880
283,25,41.728222576860574,22400
283,20,46.07120662496812,17920
283,15,55.12270301911298,13440
283,10,153.78494755284464,8960
283,5,284.5281570962439,4480
284,80,11.496525583417048,71680
284,75,11.968231370913992,67200
284,70,12.210430861084635,62720
284,65,22.22099477907049,58240
284,60,22.95184507510739,53760
284,55,24.295821995903296,49280
284,50,32.20696699176525,44800
284,45,67.80673680045035,40320
284,40,71.20842168881458,35840
284,35,71.4869406667038,31360
284,30,72.02715400149225,26880
284,25,85.7340605759659,22400
284,20,87.37641839534122,17920
284,15,136.89353102393457,13440
284,10,213.86963082828456,8960
284,5,438.92445085267934,4480
285,80,14.824262279420067,71680
285,75,15.42074932844589,67200
285,70,15.532740805909551,62720
285,65,15.75114866191676,58240
285,60,16.23840928190665,53760
285,55,17.31343043966773,49280
285,50,22.239435285411584,44800
285,45,24.699638432387193,40320
285,40,32.8425378551369,35840
285,35,48.980393406194636,31360
285,30,73.03838337741493,26880
285,25,100.31962505898072,22400
285,20,106.55872883079377,17920
285,15,161.24435096070286,13440
285,10,191.3390533998988,8960
285,5,261.7027257953538,4480
286,80,41.576867574568055,71680
286,75,41.827726284736315,67200
286,70,46.011747823948035,62720
286,65,46.39650742811155,58240
286,60,48.666113107855885,53760
286,55,50.19661013782771,49280
286,50,52.4133058715624,44800
286,45,58.54121569765544,40320
286,40,73.14105302839623,35840
286,35,121.90300794789076,31360
286,30,155.4463555907225,26880
286,25,174.3553826429777,22400
286,20,198.6479412927178,17920
286,15,234.12416230576696,13440
286,10,246.07946333926114,8960
286,5,368.871058580658,4480
287,80,0.22220523096916944,71680
287,75,0.4426714225853266,67200
287,70,0.4581226988024194,62720
287,65,0.6027546316429946,58240
287,60,0.6768690200524237,53760
287,55,0.8823473626910568,49280
287,50,1.248593914014874,44800
287,45,1.3506318513597306,40320
287,40,2.165551386491393,35840
287,35,2.1994087952796106,31360
287,30,2.485009269193248,26880
287,25,2.659053064782375,22400
287,20,2.8141516934009303,17920
287,15,3.208716259081267,13440
287,10,8.955016035780192,8960
287,5,15.297248850423653,4480
288,80,7.699382548842117,71680
288,75,7.956070287458561,67200
288,70,8.052602474953941,62720
288,65,15.677277516920295,58240
288,60,16.029865614557092,53760
288,55,16.241166966935022,49280
288,50,26.460819346164936,44800
288,45,54.779358356525464,40320
288,40,59.81615443950889,35840
288,35,59.99202490694819,31360
288,30,60.93456934400787,26880
288,25,95.81386780710228,22400
288,20,96.26082821198517,17920
288,15,114.74980296198875,13440
288,10,118.48120263740171,8960
288,5,146.71643471278807,4480
289,80,143.2250222481889,71680
289,75,143.3034205369544,67200
289,70,156.9707096263795,62720
289,65,157.00826895820617,58240
289,60,157.10056622893404,53760
289,55,174.93314609715105,49280
289,50,176.37117187403564,44800
289,45,177.20641044525243,40320
289,40,177.70008548981903,35840
289,35,177.95578474815358,31360
289,30,178.9060405514174,26880
289,25,180.71302364877414,22400
289,20,182.23944428783523,17920
289,15,211.86014888456535,13440
289,10,392.7983449933234,8960
289,5,1085.8020131331418,4480
290,80,19.677138849723306,71680
290,75,22.407678304838658,67200
290,70,22.585550342220234,62720
290,65,22.64997586380473,58240
290,60,22.86634791077712,53760
290,55,23.470810891395544,49280
290,50,26.189207097366683,44800
290,45,27.509067417696937,40320
290,40,33.07963978397619,35840
290,35,44.32128695457283,31360
290,30,59.17049586242242,26880
290,25,81.4948670261205,22400
290,20,86.65825550157916,17920
290,15,124.63952672188103,13440
290,10,149.87412562018594,8960
290,5,202.13021272942814,4480
291,80,414.34559519381503,71680
291,75,414.4291485321175,67200
291,70,415.04704255978993,62720
291,65,416.4023806139031,58240
291,60,420.19362595387895,53760
291,55,423.9878694764113,49280
291,50,427.36255589163477,44800
291,45,431.6851419759119,40320
291,40,432.9141830230304,35840
291,35,440.32683242870655,31360
291,30,447.79611672796364,26880
291,25,503.1153479921232,22400
291,20,613.6488417874278,17920
291,15,663.1280765993007,13440
291,10,1100.5888140353156,8960
291,5,1904.2725911925759,4480
292,80,278.3285924134048,71680
292,75,279.48262145917033,67200
292,70,279.8977868699618,62720
292,65,281.7403517437816,58240
292,60,301.9028274042862,53760
292,55,307.0855612399719,49280
292,50,308.87035291602376,44800
292,45,311.32675315959506,40320
292,40,315.16986092705383,35840
292,35,325.23302144452936,31360
292,30,343.1653450063306,26880
292,25,369.38407520404854,22400
292,20,391.3288620382987,17920
292,15,401.7019519951437,13440
292,10,459.4646470956264,8960
292,5,472.6759474448818,4480
293,80,43.52014056167429,71680
293,75,46.34120570936478,67200
293,70,58.688403697854106,62720
293,65,68.18671125362991,58240
293,60,77.56227355440112,53760
293,55,82.7765013584439,49280
293,50,88.35721573923063,44800
293,45,92.74598836660226,40320
293,40,95.21870213725506,35840
293,35,97.05983936935976,31360
293,30,99.2315197361674,26880
293,25,107.28064977977259,22400
293,20,115.30403748948608,17920
293,15,136.25163950446276,13440
293,10,242.36631115916762,8960
293,5,349.03650089123676,4480
294,80,106.25429542863628,71680
294,75,106.66390041627626,67200
294,70,107.39692351857535,62720
294,65,108.24530150428266,58240
294,60,115.78529388834133,53760
294,55,125.61516956910192,49280
294,50,129.0779441344796,44800
294,45,172.60670918591157,40320
294,40,187.98938902047743,35840
294,35,221.64918387406516,31360
294,30,244.71201465498612,26880
294,25,272.0985964409486,22400
294,20,326.41571327699575,17920
294,15,380.74750320361443,13440
294,10,477.3703984987611,8960
294,5,506.3411803365241,4480
295,80,19.387146580441666,71680
295,75,20.352357555499434,67200
295,70,22.59284397156721,62720
295,65,25.215980068624138,58240
295,60,26.204652702497413,53760
295,55,27.780692923245528,49280
295,50,28.679316786968627,44800
295,45,30.084624544578787,40320
295,40,31.162804498517332,35840
295,35,32.93354884727798,31360
295,30,38.49895036228268,26880
295,25,40.88574326410495,22400
295,20,45.31104393671759,17920
295,15,55.18180645326598,13440
295,10,157.3934539372912,8960
295,5,291.432479423758,4480
296,80,212.17940357803937,71680
296,75,212.6574837408348,67200
296,70,213.03190091060904,62720
296,65,213.8012987314846,58240
296,60,225.0871982853435,53760
296,55,233.76233701707005,49280
296,50,235.81333551662723,44800
296,45,238.97656621835677,40320
296,40,250.3887374635429,35840
296,35,259.383303372568,31360
296,30,268.4482973606443,26880
296,25,282.6568314486655,22400
296,20,287.90324918352826,17920
296,15,293.99155459111756,13440
296,10,304.9649995889189,8960
296,5,321.1122432438012,4480
297,80,16.15519905640192,71680
297,75,20.240890847390617,67200
297,70,20.699585105499896,62720
297,65,24.032484382204682,58240
297,60,24.600966981651528,53760
297,55,25.668445803944827,49280
297,50,31.90488364933711,44800
297,45,56.20326750814638,40320
297,40,57.95710159894927,35840
297,35,58.107931184509404,31360
297,30,61.73792252922919,26880
297,25,140.94049858208487,22400
297,20,142.18349919706074,17920
297,15,200.97574799856858,13440
297,10,224.00789446349552,8960
297,5,323.58443481383574,4480
298,80,174.07849108292592,71680
298,75,176.314674812294,67200
298,70,179.47014936772246,62720
298,65,187.663914825598,58240
298,60,191.3785484028402,53760
298,55,194.39869772200785,49280
298,50,201.51721984915724,44800
298,45,202.56637061014058,40320
298,40,205.00814838456668,35840
298,35,221.60462577266307,31360
298,30,235.11938960659947,26880
298,25,240.40004628982098,22400
298,20,271.7652010330786,17920
298,15,304.288955686199,13440
298,10,356.5507362588611,8960
298,5,450.9982327654309,4480
299,80,12.490427045902077,71680
299,75,16.985278088052727,67200
299,70,19.182697705459077,62720
299,65,23.050212505449323,58240
299,60,23.40454726149879,53760
299,55,24.273042235412085,49280
299,50,33.647332655441765,44800
299,45,37.53215815655518,40320
299,40,37.795326635363516,35840
299,35,38.798217011834446,31360
299,30,42.13944790089771,26880
299,25,44.06657061059237,22400
299,20,45.32024067489638,17920
299,15,47.48008920865882,13440
299,10,79.17896866952105,8960
299,5,128.41141667570415,4480
300,80,86.29075371761557,71680
300,75,86.65065706692027,67200
300,70,88.49834787309786,62720
300,65,92.5753767662374,58240
300,60,100.72948408042993,53760
300,55,141.54343154421412,49280
300,50,157.43593918258813,44800
300,45,181.36027879210764,40320
300,40,203.2771110072164,35840
300,35,213.86620863240623,31360
300,30,282.29323891149306,26880
300,25,308.24697442758185,22400
300,20,393.31342887458743,17920
300,15,459.73881253900356,13440
300,10,539.0555863068411,8960
300,5,719.6677037101229,4480
301,80,29.018722645822113,71680
301,75,30.521591819762246,67200
301,70,34.362589902774154,62720
301,65,37.534012815477546,58240
301,60,43.50869479824051,53760
301,55,73.01035791744543,49280
301,50,87.29032558697277,44800
301,45,91.37435760452269,40320
301,40,93.0201680054476,35840
301,35,94.76777085684121,31360
301,30,100.38700299327346,26880
301,25,102.1308506827186,22400
301,20,123.9626362891683,17920
301,15,133.8568072721448,13440
301,10,156.56868833388768,8960
301,5,182.79295974966496,4480
302,80,12.552641918422385,71680
302,75,18.384211123802373,67200
302,70,18.98646876592615,62720
302,65,19.440417490067883,58240
302,60,19.527480470872387,53760
302,55,20.21804915322901,49280
302,50,20.580370969216037,44800
302,45,20.770821965142865,40320
302,40,22.337701714927256,35840
302,35,25.406601036833873,31360
302,30,29.142448693414753,26880
302,25,36.47305362682245,22400
302,20,39.13034660146656,17920
302,15,49.91847976083797,13440
302,10,65.84107448247487,8960
302,5,83.83605433953815,4480
303,80,64.92888028108506,71680
303,75,65.04950983097191,67200
303,70,65.22791292406603,62720
303,65,65.24300008062029,58240
303,60,65.28581880550477,53760
303,55,66.3472190700479,49280
303,50,66.61473639936781,44800
303,45,87.07316024021489,40320
303,40,103.98125934013417,35840
303,35,104.6144616498848,31360
303,30,104.93346046335188,26880
303,25,105.54559226495884,22400
303,20,106.67526300394547,17920
303,15,114.5986845645003,13440
303,10,154.73406839080957,8960
303,5,390.1614879322524,4480
304,80,52.62280173818369,71680
304,75,67.23302479606373,67200
304,70,71.90573682941296,62720
304,65,76.59606882316723,58240
304,60,77.33231403118701,53760
304,55,77.90601778870173,49280
304,50,78.49594067822153,44800
304,45,79.31248989297504,40320
304,40,80.28592368755542,35840
304,35,80.56973430534194,31360
304,30,81.1452884699727,26880
304,25,81.95142223502845,22400
304,20,82.26809045348787,17920
304,15,82.64289382907542,13440
304,10,90.70189348859573,8960
304,5,95.42432858526605,4480
305,80,2.234907466403665,71680
305,75,2.3310803663857853,67200
305,70,2.582792677549503,62720
305,65,2.965945915608884,58240
305,60,3.2616137087550583,53760
305,55,3.8211990304790087,49280
305,50,4.347540897915584,44800
305,45,4.461975576908154,40320
305,40,5.280146556872854,35840
305,35,5.522209347622628,31360
305,30,5.98022738369212,26880
305,25,6.154780118038682,22400
305,20,6.662402966818364,17920
305,15,7.089544723258601,13440
305,10,14.973536960624937,8960
305,5,21.43977758381008,4480
306,80,19.188614464011224,71680
306,75,23.28581699025923,67200
306,70,27.60662368125121,62720
306,65,32.80196931326361,58240
306,60,33.7410416270957,53760
306,55,35.45817567994457,49280
306,50,37.69160891230691,44800
306,45,38.90207072538115,40320
306,40,39.717146426318294,35840
306,35,40.89769334782592,31360
306,30,45.51309257597374,26880
306,25,47.76596516327439,22400
306,20,50.5068709943736,17920
306,15,55.707593513167716,13440
306,10,127.03222405198152,8960
306,5,219.26188401845488,4480
307,80,481.6035064200773,71680
307,75,485.3286331462315,67200
307,70,486.62175611926443,62720
307,65,486.7289287562133,58240
307,60,487.4360210993046,53760
307,55,488.1795634461948,49280
307,50,488.8825002200691,44800
307,45,494.8686381167935,40320
307,40,504.2719716220952,35840
307,35,522.0218980821769,31360
307,30,538.3274216560428,26880
307,25,571.0400349084892,22400
307,20,845.3129188035733,17920
307,15,943.8466172890644,13440
307,10,1105.4240062283889,8960
307,5,1326.9262587039939,4480
308,80,37.31798622728975,71680
308,75,37.59436752633447,67200
308,70,43.831272034743755,62720
308,65,46.252723289596766,58240
308,60,47.081871742076714,53760
308,55,49.03303269427052,49280
308,50,49.26868730064051,44800
308,45,50.580578687833224,40320
308,40,54.75811659313255,35840
308,35,77.12355068322492,31360
308,30,87.08761978863389,26880
308,25,98.59457639068823,22400
308,20,107.39542682900391,17920
308,15,122.64207157414776,13440
308,10,130.17783883463642,8960
308,5,224.77458550060283,4480
309,80,136.70260772529215,71680
309,75,137.43960425806156,67200
309,70,138.53036218188427,62720
309,65,139.86348842864342,58240
309,60,166.53707663900624,53760
309,55,171.54574850712646,49280
309,50,173.4872805310212,44800
309,45,179.81494156673946,40320
309,40,182.0788597585458,35840
309,35,190.18236603897677,31360
309,30,205.93545896975496,26880
309,25,234.38103166321582,22400
309,20,269.56073724388864,17920
309,15,320.3084866666393,13440
309,10,399.9749500569075,8960
309,5,424.7320396015171,4480
310,80,87.08561818708577,71680
310,75,87.90731380898296,67200
310,70,91.40608279158343,62720
310,65,112.43954109815614,58240
310,60,121.04823214984009,53760
310,55,127.23297470741046,49280
310,50,133.53973300347798,44800
310,45,154.8913117453284,40320
310,40,162.35535969445212,35840
310,35,175.80499177382828,31360
310,30,215.91138233327374,26880
310,25,247.08742749772998,22400
310,20,346.5119941311829,17920
310,15,396.66546888617904,13440
310,10,563.1628219672648,8960
310,5,719.8188057765183,4480
311,80,16.982462022032376,71680
311,75,18.735949931702695,67200
311,70,19.705966638493788,62720
311,65,21.114780449086886,58240
311,60,21.402493570816,53760
311,55,21.701332868615914,49280
311,50,22.240027352278226,44800
311,45,22.668583496917375,40320
311,40,23.602671069316823,35840
311,35,23.743695849892024,31360
311,30,24.121974806342095,26880
311,25,24.501817816111632,22400
311,20,24.684031810381352,17920
311,15,25.00223422393112,13440
311,10,31.496413382599982,8960
311,5,36.34813223270993,4480
312,80,249.80812617595387,71680
312,75,250.77227315513147,67200
312,70,250.93840610431585,62720
312,65,252.2999730684956,58240
312,60,254.24875131386432,53760
312,55,256.0383138996702,49280
312,50,257.65170761641923,44800
312,45,266.63390687144516,40320
312,40,310.2234443496096,35840
312,35,342.62136576559476,31360
312,30,369.8993588589534,26880
312,25,385.76052782499113,22400
312,20,400.2111972026393,17920
312,15,416.4198714323154,13440
312,10,425.51551867408074,8960
312,5,450.40938490528697,4480
313,80,507.66417223768275,71680
313,75,509.4878150053451,67200
313,70,510.17313110658074,62720
313,65,510.9155145621254,58240
313,60,517.6728399881878,53760
313,55,518.4305231103351,49280
313,50,531.4659224436022,44800
313,45,537.3033680894043,40320
313,40,547.3744496268494,35840
313,35,578.7127659171928,31360
313,30,591.1534771146326,26880
313,25,601.5882731225175,22400
313,20,639.0828023588887,17920
313,15,668.2704105726065,13440
313,10,863.7675781886851,8960
313,5,1088.2077154244466,4480
314,80,135.45751501305642,71680
314,75,135.62584904429255,67200
314,70,137.47239262599126,62720
314,65,137.54571567734428,58240
314,60,137.61058983010378,53760
314,55,137.67927241160186,49280
314,50,138.33670695210742,44800
314,45,157.9111587977532,40320
314,40,171.7216988132149,35840
314,35,172.40144295161664,31360
314,30,172.72561913875057,26880
314,25,174.13972017847072,22400
314,20,175.92356774906713,17920
314,15,199.64739450709445,13440
314,10,343.39849794235863,8960
314,5,925.1652385269348,4480
315,80,18.948505829777382,71680
315,75,23.734443233529056,67200
315,70,24.46939574618491,62720
315,65,24.91433236712818,58240
315,60,25.538830971054846,53760
315,55,26.67506223925164,49280
315,50,31.014603214901616,44800
315,45,34.09048578383968,40320
315,40,41.89392941649539,35840
315,35,57.88367689985879,31360
315,30,82.66238040699776,26880
315,25,107.95413993018613,22400
315,20,114.47039930883318,17920
315,15,175.59318604839038,13440
315,10,203.90662005866977,8960
315,5,297.3003352364261,4480
316,80,44.788127120700686,71680
316,75,45.616918402047816,67200
316,70,46.14616868780575,62720
316,65,53.9688930896181,58240
316,60,59.00258150787481,53760
316,55,83.16810676578336,49280
316,50,98.31141633354687,44800
316,45,104.96364631517574,40320
316,40,109.98481770816987,35840
316,35,116.19258906109633,31360
316,30,121.72423291716198,26880
316,25,140.31661207316304,22400
316,20,166.8895607829181,17920
316,15,205.0244685138885,13440
316,10,314.1153693689678,8960
316,5,422.305521462982,4480
317,80,370.93984349531723,71680
317,75,376.7786240437881,67200
317,70,377.4422673906656,62720
317,65,384.69335006648225,58240
317,60,395.71010291515785,53760
317,55,400.26099791562194,49280
317,50,418.2231122840541,44800
317,45,424.78543946186034,40320
317,40,427.7692666702617,35840
317,35,435.5036749785121,31360
317,30,452.49708906377805,26880
317,25,463.2519987895056,22400
317,20,482.90102014701216,17920
317,15,498.9484494006878,13440
317,10,548.9694868346546,8960
317,5,683.3818793142365,4480
318,80,0.00040928726816092515,71680
318,75,0.0004578872084443504,67200
318,70,0.00047133980599351806,62720
318,65,0.0005372845216511902,58240
318,60,0.0007898366901020103,53760
318,55,0.001017997696500053,49280
318,50,0.00193401944835156,44800
318,45,0.003051155006227154,40320
318,40,0.005058206140567403,35840
318,35,0.00807175663828213,31360
318,30,0.01803147403277549,26880
318,25,0.033943062110879815,22400
318,20,0.07999479910089942,17920
318,15,0.10363376474344949,13440
318,10,0.32791171802157004,8960
318,5,3.450568008256963,4480
319,80,177.92169980250202,71680
319,75,181.64905722314853,67200
319,70,185.32147452540391,62720
319,65,192.39265112089458,58240
319,60,195.7812986368353,53760
319,55,198.6853225421172,49280
319,50,205.03774868614062,44800
319,45,206.5075563475061,40320
319,40,209.80013432413884,35840
319,35,229.06846859265605,31360
319,30,244.6077958359293,26880
319,25,250.72949561247688,22400
319,20,283.2372079262324,17920
319,15,316.30291023816477,13440
319,10,362.63806016497443,8960
319,5,459.9931255539063,4480
320,80,36.653479907029435,71680
320,75,36.970363508948076,67200
320,70,36.984254574268334,62720
320,65,46.76255763521971,58240
320,60,52.68523465270336,53760
320,55,59.91364221183831,49280
320,50,63.72612687715254,44800
320,45,68.91086219125135,40320
320,40,70.65798354848035,35840
320,35,75.03167541438225,31360
320,30,82.84134727848318,26880
320,25,88.89410780221095,22400
320,20,95.32975396269222,17920
320,15,103.3947863997805,13440
320,10,174.76198695039002,8960
320,5,347.6900593316077,4480
321,80,0.00040928726816092515,71680
321,75,0.0004578872084443504,67200
321,70,0.00047133980599351806,62720
321,65,0.0005372845216511902,58240
321,60,0.0007898366901020103,53760
321,55,0.001017997696500053,49280
321,50,0.00193401944835156,44800
321,45,0.003051155006227154,40320
321,40,0.005058206140567403,35840
321,35,0.00807175663828213,31360
321,30,0.01803147403277549,26880
321,25,0.033943062110879815,22400
321,20,0.07999479910089942,17920
321,15,0.10363376474344949,13440
321,10,0.32791171802157004,8960
321,5,3.450568008256963,4480
322,80,3.69636866485486,71680
322,75,4.098297818225987,67200
322,70,4.192547204829943,62720
322,65,4.400113465240549,58240
322,60,4.533662510355893,53760
322,55,4.777975757780089,49280
322,50,5.507555002266152,44800
322,45,5.73228900061574,40320
322,40,6.37046252094442,35840
322,35,6.517721044520395,31360
322,30,6.71979872017873,26880
322,25,7.060191753783392,22400
322,20,7.415232116045794,17920
322,15,8.130014872322478,13440
322,10,21.979233208981885,8960
322,5,25.660112523374323,4480
323,80,1593.2147657383155,71680
323,75,1604.385426931968,67200
323,70,1616.0245036947397,62720
323,65,1631.367668004443,58240
323,60,1647.3008250437897,53760
323,55,1723.4390858113534,49280
323,50,1749.7851114003383,44800
323,45,1772.779571209524,40320
323,40,1794.3030099284979,35840
323,35,1839.8286199920522,31360
323,30,1975.1677874421716,26880
323,25,2019.9207461227384,22400
323,20,2276.772980255045,17920
323,15,2433.278392571606,13440
323,10,2735.613322036299,8960
323,5,2832.578453667239,4480
324,80,18.01887487480026,71680
324,75,18.66028677595282,67200
324,70,21.86948574944672,62720
324,65,31.49190982283662,58240
324,60,33.48260785154159,53760
324,55,46.56389101735246,49280
324,50,55.25172836495858,44800
324,45,59.242689114640385,40320
324,40,61.75064880754793,35840
324,35,64.6530893085194,31360
324,30,70.68524500599797,26880
324,25,77.69855996972275,22400
324,20,84.8860140504611,17920
324,15,93.55942169717638,13440
324,10,112.18601912942636,8960
324,5,139.7499540007979,4480
325,80,1696.7272221324538,71680
325,75,1702.315927797577,67200
325,70,1728.9540537900634,62720
325,65,1734.4960053475786,58240
325,60,1760.9408567904118,53760
325,55,1787.5547481660703,49280
325,50,1800.5048190876803,44800
325,45,1814.4773410771963,40320
325,40,1817.2521624770022,35840
325,35,1879.7763317073807,31360
325,30,1971.117864292424,26880
325,25,1974.621948579321,22400
325,20,2034.1727155051874,17920
325,15,2171.4074536889216,13440
325,10,2464.3110277242745,8960
325,5,2745.0587986719274,4480
326,80,112.10214185424023,71680
326,75,112.5172038412839,67200
326,70,114.18760406280414,62720
326,65,116.73231095481272,58240
326,60,125.7385185567299,53760
326,55,160.0638496833538,49280
326,50,170.91415358795027,44800
326,45,189.02276665558767,40320
326,40,207.66450216748206,35840
326,35,218.6194713036454,31360
326,30,285.8032364645167,26880
326,25,314.9840828147348,22400
326,20,403.20567431037273,17920
326,15,465.57955318948115,13440
326,10,553.6765803582788,8960
326,5,727.5763539710301,4480
327,80,0.005447168500842882,71680
327,75,0.005541489929432543,67200
327,70,0.005561556012404804,62720
327,65,0.005634922417836567,58240
327,60,0.0058874723941607955,53760
327,55,0.006101038411753847,49280
327,50,0.006962718835649795,44800
327,45,0.008105166979995684,40320
327,40,0.010073542884619459,35840
327,35,0.012948455130530888,31360
327,30,0.023126141362395984,26880
327,25,0.03860677184591832,22400
327,20,0.08464738535656492,17920
327,15,0.10844269921826453,13440
327,10,0.33523944089007907,8960
327,5,3.4545115362640617,4480
328,80,10.015236710439702,71680
328,75,13.695063227816657,67200
328,70,14.515714979792298,62720
328,65,15.702444318826934,58240
328,60,15.884263994083485,53760
328,55,16.090784260522707,49280
328,50,16.568789012925194,44800
328,45,19.62670820737587,40320
328,40,19.84740453958089,35840
328,35,20.013083410852662,31360
328,30,22.919982873862068,26880
328,25,39.162641274649154,22400
328,20,40.92862399373759,17920
328,15,180.44336330773862,13440
328,10,186.97356983584308,8960
328,5,300.3613570089331,4480
329,80,120.84124586327658,71680
329,75,120.88218680276206,67200
329,70,123.45081881411113,62720
329,65,129.40380722337437,58240
329,60,135.6920680431646,53760
329,55,141.0118974807986,49280
329,50,143.04584588697594,44800
329,45,143.63696833346063,40320
329,40,148.6624837240626,35840
329,35,162.1704418260666,31360
329,30,167.47907011371998,26880
329,25,183.64420240481525,22400
329,20,212.74083627009114,17920
329,15,232.83511853549044,13440
329,10,274.61661443782225,8960
329,5,374.8389816109242,4480
330,80,64.81640152828155,71680
330,75,76.05997482201028,67200
330,70,80.32925062295308,62720
330,65,85.02099755535905,58240
330,60,85.70910214766633,53760
330,55,86.31872168489005,49280
330,50,86.83071745194644,44800
330,45,87.70525727898,40320
330,40,88.83950192704432,35840
330,35,89.12492633095368,31360
330,30,89.87520500293853,26880
330,25,90.63411248884995,22400
330,20,90.89873909598715,17920
330,15,91.24017078169815,13440
330,10,98.71946806336179,8960
330,5,102.93091752140013,4480
331,80,187.34196395199461,71680
331,75,187.5134182799129,67200
331,70,187.96332097635215,62720
331,65,188.1398913414785,58240
331,60,191.32275861861652,53760
331,55,204.91188785914395,49280
331,50,210.30667996674248,44800
331,45,214.88479980017655,40320
331,40,218.96112064775258,35840
331,35,225.23258389313852,31360
331,30,246.34896739694008,26880
331,25,252.39402957652592,22400
331,20,266.60549160419623,17920
331,15,269.21444298893005,13440
331,10,304.0275272956721,8960
331,5,330.5068053723636,4480
332,80,7.745714195335626,71680
332,75,11.303852712666064,67200
332,70,11.870375535513103,62720
332,65,23.257485802129487,58240
332,60,24.429610552245073,53760
332,55,26.20733419722173,49280
332,50,29.343160033381,44800
332,45,44.66988703447914,40320
332,40,45.23868075696929,35840
332,35,45.40090422277455,31360
332,30,50.151842209741666,26880
332,25,140.45708920376563,22400
332,20,142.0915162846265,17920
332,15,222.21291579235262,13440
332,10,260.4635404545505,8960
332,5,404.8587396592662,4480
333,80,218.55466628388376,71680
333,75,218.94373540731652,67200
333,70,219.08043544141972,62720
333,65,219.72870454996144,58240
333,60,220.29234411503802,53760
333,55,221.36439441709686,49280
333,50,224.60121718840193,44800
333,45,248.62170292025388,40320
333,40,274.0024432280211,35840
333,35,341.5416308181558,31360
333,30,363.2238207357221,26880
333,25,436.6001222327641,22400
333,20,502.2650363898213,17920
333,15,599.5702835281661,13440
333,10,626.6231877552298,8960
333,5,656.1818196411757,4480
334,80,26.300044541056067,71680
334,75,30.551163439573244,67200
334,70,31.360220227679076,62720
334,65,31.926861299705493,58240
334,60,32.749272256226554,53760
334,55,34.00699162595155,49280
334,50,38.34746390314457,44800
334,45,41.216606956581536,40320
334,40,49.02807895856969,35840
334,35,64.83078223466637,31360
334,30,91.40588824669192,26880
334,25,117.33888069615135,22400
334,20,124.61268578264716,17920
334,15,190.34450516617648,13440
334,10,221.60200941397713,8960
334,5,324.75725513383924,4480
335,80,63.815362451726905,71680
335,75,69.28034532696222,67200
335,70,85.9012412751705,62720
335,65,91.0054127721181,58240
335,60,92.99553130933401,53760
335,55,94.09207162271555,49280
335,50,101.05362433687598,44800
335,45,102.70894081872012,40320
335,40,104.4470736915454,35840
335,35,105.80928217703527,31360
335,30,107.31969073100481,26880
335,25,108.802170554816,22400
335,20,114.96168524340104,17920
335,15,124.58073976417211,13440
335,10,147.50110111318705,8960
335,5,176.7220530584762,4480
336,80,85.87185393446586,71680
336,75,86.18992311455642,67200
336,70,87.89822146401268,62720
336,65,88.2822817391686,58240
336,60,100.67198980849034,53760
336,55,109.07030605018946,49280
336,50,110.26666012725833,44800
336,45,113.44906570221843,40320
336,40,116.64971596674272,35840
336,35,120.55171402840556,31360
336,30,122.41985997877917,26880
336,25,126.70628846258548,22400
336,20,131.64709809934686,17920
336,15,135.3744567723825,13440
336,10,141.2748376752631,8960
336,5,155.29637062137786,4480
337,80,66.03376110577473,71680
337,75,66.1987299856809,67200
337,70,66.39419246378917,62720
337,65,66.5845477686149,58240
337,60,66.8715778263661,53760
337,55,67.67238783387168,49280
337,50,71.68974215727066,44800
337,45,73.38261840892874,40320
337,40,81.72017545013725,35840
337,35,100.38060144152166,31360
337,30,145.28161695831338,26880
337,25,200.6338680668625,22400
337,20,567.5511746735596,17920
337,15,1063.6811710709892,13440
337,10,1153.227654501933,8960
337,5,1739.0793745429119,4480
338,80,143.69150180243466,71680
338,75,144.0533558625255,67200
338,70,145.9700010725942,62720
338,65,155.418936859312,58240
338,60,158.7950848036057,53760
338,55,166.25681283332938,49280
338,50,172.31366225367105,44800
338,45,182.32612760486953,40320
338,40,187.60371892199282,35840
338,35,207.3059260281012,31360
338,30,252.66146058415458,26880
338,25,275.2572348247043,22400
338,20,376.02787025978364,17920
338,15,418.75103795294496,13440
338,10,580.213393874798,8960
338,5,737.1604525370669,4480
339,80,10.705921017006714,71680
339,75,13.566413328065106,67200
339,70,14.669804615994117,62720
339,65,16.350483166035882,58240
339,60,16.687284371120878,53760
339,55,17.16622802625352,49280
339,50,18.9353058228633,44800
339,45,24.115830530357282,40320
339,40,24.345133420541796,35840
339,35,24.46332056171446,31360
339,30,26.579775308163658,26880
339,25,42.083377750423864,22400
339,20,43.39798663297019,17920
339,15,162.92230748626065,13440
339,10,168.489311335694,8960
339,5,272.26634147723644,4480
340,80,261.7270279722544,71680
340,75,264.47356497768146,67200
340,70,266.3136249600703,62720
340,65,276.4074762225831,58240
340,60,281.73816187931374,53760
340,55,284.57564486663927,49280
340,50,299.7974502749769,44800
340,45,309.4084991805024,40320
340,40,312.4451887562483,35840
340,35,319.41730260240803,31360
340,30,338.1766326159812,26880
340,25,344.2205941872486,22400
340,20,381.8718343107033,17920
340,15,390.7802012329171,13440
340,10,461.06704916994096,8960
340,5,660.5235499224151,4480
341,80,729.7150999959188,71680
341,75,730.8275020853008,67200
341,70,745.7470460748954,62720
341,65,751.6108973590001,58240
341,60,757.358666435395,53760
341,55,762.2342420084158,49280
341,50,765.9819634725541,44800
341,45,784.1055358353652,40320
341,40,795.9841050271269,35840
341,35,801.8700308997987,31360
341,30,813.8966127366085,26880
341,25,864.6204999695025,22400
341,20,966.6086496981167,17920
341,15,1054.186099517713,13440
341,10,1071.6464667035284,8960
341,5,1109.0794953832672,4480
342,80,0.4210283942747305,71680
342,75,0.5715661323857442,67200
342,70,0.5801883378102329,62720
342,65,0.7598884586384078,58240
342,60,0.8992985933423283,53760
342,55,1.1873567663179148,49280
342,50,1.3171017505495137,44800
342,45,1.587280926373567,40320
342,40,2.6935530788900803,35840
342,35,2.7396006618329367,31360
342,30,2.9943633031835124,26880
342,25,3.170094696453915,22400
342,20,3.312244916165592,17920
342,15,3.7917269820946595,13440
342,10,8.481665049685423,8960
342,5,11.868832118916984,4480
343,80,131.91252762029606,71680
343,75,131.9834404899394,67200
343,70,132.49142599204475,62720
343,65,133.5779443298069,58240
343,60,138.90602781228915,53760
343,55,166.5323279796204,49280
343,50,174.48154832314825,44800
343,45,185.0494991189564,40320
343,40,191.70043097457096,35840
343,35,200.58653327497018,31360
343,30,213.8901956427577,26880
343,25,219.6540988681055,22400
343,20,230.54061688045067,17920
343,15,233.2678547189531,13440
343,10,264.81307277849953,8960
343,5,284.61929386688377,4480
344,80,0.00040928726816092515,71680
344,75,0.0004578872084443504,67200
344,70,0.00047133980599351806,62720
344,65,0.0005372845216511902,58240
344,60,0.0007898366901020103,53760
344,55,0.001017997696500053,49280
344,50,0.00193401944835156,44800
344,45,0.003051155006227154,40320
344,40,0.005058206140567403,35840
344,35,0.00807175663828213,31360
344,30,0.01803147403277549,26880
344,25,0.033943062110879815,22400
344,20,0.07999479910089942,17920
344,15,0.10363376474344949,13440
344,10,0.32791171802157004,8960
344,5,3.450568008256963,4480
345,80,0.22465300581923703,71680
345,75,0.44518718622273257,67200
345,70,0.46059488333565013,62720
345,65,0.6051833518834189,58240
345,60,0.6791572267862299,53760
345,55,0.8849231423286323,49280
345,50,1.2509997364823497,44800
345,45,1.353070197573147,40320
345,40,2.167767571687184,35840
345,35,2.201504454894466,31360
345,30,2.4871074081113433,26880
345,25,2.660849713611197,22400
345,20,2.815778267928737,17920
345,15,3.2105080648490008,13440
345,10,8.956126094522894,8960
345,5,15.299754148765299,4480
346,80,27.212868189409736,71680
346,75,57.34847064993776,67200
346,70,67.08349668352538,62720
346,65,74.51743827142145,58240
346,60,75.69196410996051,53760
346,55,76.3470439357734,49280
346,50,77.04745436535347,44800
346,45,77.97898900905344,40320
346,40,78.96710689703967,35840
346,35,79.21293260746111,31360
346,30,79.6935129096535,26880
346,25,80.5369315708228,22400
346,20,80.98312008310414,17920
346,15,81.5012455842116,13440
346,10,89.40022156983149,8960
346,5,94.46174304432829,4480
347,80,31.30678702823598,71680
347,75,32.44451694144807,67200
347,70,37.77222285365462,62720
347,65,77.63832436115744,58240
347,60,88.18371943444566,53760
347,55,90.84630143391303,49280
347,50,99.18856154606249,44800
347,45,129.35037970450253,40320
347,40,140.15218646313517,35840
347,35,151.25738445545366,31360
347,30,187.18686518728,26880
347,25,221.88162655892737,22400
347,20,310.94930519524445,17920
347,15,361.65545177763386,13440
347,10,526.588801368642,8960
347,5,674.1988656022319,4480
348,80,0.00040928726816092515,71680
348,75,0.0004578872084443504,67200
348,70,0.00047133980599351806,62720
348,65,0.0005372845216511902,58240
348,60,0.0007898366901020103,53760
348,55,0.001017997696500053,49280
348,50,0.00193401944835156,44800
348,45,0.003051155006227154,40320
348,40,0.005058206140567403,35840
348,35,0.00807175663828213,31360
348,30,0.01803147403277549,26880
348,25,0.033943062110879815,22400
348,20,0.07999479910089942,17920
348,15,0.10363376474344949,13440
348,10,0.32791171802157004,8960
348,5,3.450568008256963,4480
349,80,179.58353563774523,71680
349,75,179.66118426151914,67200
349,70,180.0299676350731,62720
349,65,180.4014352596678,58240
349,60,184.3716169668651,53760
349,55,204.26221548000908,49280
349,50,211.46078669626243,44800
349,45,218.68899945952245,40320
349,40,223.81780770957386,35840
349,35,231.77615900186842,31360
349,30,251.7294726559812,26880
349,25,258.04836503319046,22400
349,20,272.9238930251714,17920
349,15,276.1851637960094,13440
349,10,312.4254668611072,8960
349,5,338.5226078320241,4480
350,80,327.8654910549315,71680
350,75,332.5123286042824,67200
350,70,333.5048145313334,62720
350,65,340.92971931237764,58240
350,60,349.31760345583393,53760
350,55,352.66532693552256,49280
350,50,368.53786399117854,44800
350,45,375.8854722525838,40320
350,40,378.9095659675954,35840
350,35,384.7557945362652,31360
350,30,399.97781918061463,26880
350,25,407.9088535155986,22400
350,20,430.9480986251459,17920
350,15,444.71730947372936,13440
350,10,502.12408132169224,8960
350,5,656.1012076518388,4480
351,80,6.871917095199334,71680
351,75,7.616571303230721,67200
351,70,8.333800768979797,62720
351,65,10.272167608900077,58240
351,60,10.617569720860141,53760
351,55,11.267357225172924,49280
351,50,24.15906131321222,44800
351,45,28.979465041223985,40320
351,40,29.154969413238344,35840
351,35,29.803815335678873,31360
351,30,33.6512087658577,26880
351,25,38.955363860068964,22400
351,20,42.17971726031706,17920
351,15,220.52354545680615,13440
351,10,234.09861164188453,8960
351,5,388.54452436524576,4480
352,80,54.866147448457106,71680
352,75,66.49088222034996,67200
352,70,70.96355049574709,62720
352,65,75.69308224382594,58240
352,60,76.43005434580228,53760
352,55,77.06825007553303,49280
352,50,77.56968559540569,44800
352,45,78.3981754374547,40320
352,40,79.56710605532015,35840
352,35,79.84806242360813,31360
352,30,80.53405711706138,26880
352,25,81.22725895610128,22400
352,20,81.52342309951553,17920
352,15,81.8724830984072,13440
352,10,89.2450698601187,8960
352,5,93.62396870369614,4480
353,80,8.215624009267675,71680
353,75,10.06753222124053,67200
353,70,10.35088815179539,62720
353,65,13.57644082407882,58240
353,60,13.873530452445838,53760
353,55,14.580872807918979,49280
353,50,24.113578824972784,44800
353,45,56.21145104562446,40320
353,40,60.00319381246445,35840
353,35,60.238488493551834,31360
353,30,60.42895645264918,26880
353,25,60.5592418581927,22400
353,20,62.714729032041184,17920
353,15,139.66743365119714,13440
353,10,215.5809164821808,8960
353,5,439.5589870794564,4480
354,80,31.67540964621339,71680
354,75,35.80600281618568,67200
354,70,36.60794902938127,62720
354,65,37.69576525558306,58240
354,60,40.886418208019016,53760
354,55,46.41113366482522,49280
354,50,57.62656422238665,44800
354,45,59.505304888758154,40320
354,40,61.55995330806368,35840
354,35,63.771490059828935,31360
354,30,67.64896051261442,26880
354,25,70.69829301191211,22400
354,20,76.60756116313459,17920
354,15,83.81995768901754,13440
354,10,93.24949127482036,8960
354,5,115.51559285110977,4480
355,80,56.20932281704207,71680
355,75,59.044057418829084,67200
355,70,67.42353207631908,62720
355,65,69.83723046357265,58240
355,60,72.26502363310848,53760
355,55,74.04126944878232,49280
355,50,78.64885992329981,44800
355,45,80.61879759813782,40320
355,40,82.89491387156376,35840
355,35,84.446714519976,31360
355,30,85.93134758218201,26880
355,25,87.29827234808576,22400
355,20,91.86244804486701,17920
355,15,97.88611720893304,13440
355,10,117.46568119890142,8960
355,5,149.8770191644377,4480
356,80,390.64275693425793,71680
356,75,393.26692823718633,67200
356,70,396.64279719574586,62720
356,65,397.9512858391579,58240
356,60,408.18122529962335,53760
356,55,411.68246020798165,49280
356,50,413.0950448587745,44800
356,45,420.39469578756,40320
356,40,426.027546311316,35840
356,35,440.14930759261034,31360
356,30,450.9385125828768,26880
356,25,453.73743678285166,22400
356,20,483.8359795683701,17920
356,15,491.2902036551628,13440
356,10,521.8096171815332,8960
356,5,522.7425452667569,4480
357,80,7.049008631753015,71680
357,75,7.198778917522921,67200
357,70,7.288104925284895,62720
357,65,7.564615288170539,58240
357,60,7.769067298609298,53760
357,55,8.02827390432393,49280
357,50,8.499111377605288,44800
357,45,8.560979639608332,40320
357,40,9.503704823066549,35840
357,35,9.8388306096654,31360
357,30,10.732105799121348,26880
357,25,11.26131332216448,22400
357,20,11.541633132327853,17920
357,15,12.405643430509528,13440
357,10,18.268241808333205,8960
357,5,30.852297897921385,4480
358,80,0.00040928726816092515,71680
358,75,0.0004578872084443504,67200
358,70,0.00047133980599351806,62720
358,65,0.0005372845216511902,58240
358,60,0.0007898366901020103,53760
358,55,0.001017997696500053,49280
358,50,0.00193401944835156,44800
358,45,0.003051155006227154,40320
358,40,0.005058206140567403,35840
358,35,0.00807175663828213,31360
358,30,0.01803147403277549,26880
358,25,0.033943062110879815,22400
358,20,0.07999479910089942,17920
358,15,0.10363376474344949,13440
358,10,0.32791171802157004,8960
358,5,3.450568008256963,4480
359,80,41.69245269146839,71680
359,75,41.84472961566696,67200
359,70,41.9920518413762,62720
359,65,42.09499509921634,58240
359,60,42.173857123072295,53760
359,55,42.40130467567755,49280
359,50,42.64563815724809,44800
359,45,46.66518063063962,40320
359,40,50.75523614081137,35840
359,35,51.00322793275651,31360
359,30,51.22164660904378,26880
359,25,51.341850352409445,22400
359,20,51.97389698047562,17920
359,15,54.13307169356087,13440
359,10,61.447504901974035,8960
359,5,142.00465340137313,4480
360,80,28.244402184104477,71680
360,75,28.39538883199201,67200
360,70,28.536366911016536,62720
360,65,28.65335146919766,58240
360,60,28.749960120074896,53760
360,55,28.964200871992404,49280
360,50,29.279196181985387,44800
360,45,31.599824200088523,40320
360,40,34.26783787198601,35840
360,35,34.449730485534864,31360
360,30,34.6676737596528,26880
360,25,34.782410304253155,22400
360,20,35.323115233244,17920
360,15,36.809854264445626,13440
360,10,40.49253998083625,8960
360,5,93.04101946164188,4480
361,80,27.20918489011707,71680
361,75,31.956616874573253,67200
361,70,42.718960086505845,62720
361,65,53.22696281641518,58240
361,60,56.957333290099676,53760
361,55,83.8693093715063,49280
361,50,101.02468639649523,44800
361,45,112.32306862021744,40320
361,40,117.5418153709502,35840
361,35,123.77009251427324,31360
361,30,133.6605438139483,26880
361,25,155.09525111388515,22400
361,20,192.09725580153577,17920
361,15,236.91133360699294,13440
361,10,344.9187708087204,8960
361,5,451.2333488076442,4480
362,80,132.52589359324114,71680
362,75,133.1208721082144,67200
362,70,134.83570695839083,62720
362,65,136.53501344352603,58240
362,60,146.17102256648167,53760
362,55,173.92429388186792,49280
362,50,180.74239016168076,44800
362,45,193.70713099051812,40320
362,40,209.44170362745524,35840
362,35,221.0275539119956,31360
362,30,287.22586594991054,26880
362,25,319.69618252779213,22400
362,20,410.0168189857915,17920
362,15,466.91498911363607,13440
362,10,564.2938793588949,8960
362,5,732.3594497262691,4480
363,80,1.794009915352155,71680
363,75,2.0297021203654424,67200
363,70,2.061020885088995,62720
363,65,3.9832732455167488,58240
363,60,4.3010406402233174,53760
363,55,4.760942651609744,49280
363,50,5.097873497461857,44800
363,45,6.328888242832401,40320
363,40,7.9477763297371755,35840
363,35,8.020194152271635,31360
363,30,8.258997763988901,26880
363,25,8.80938357856426,22400
363,20,8.94828941669287,17920
363,15,9.65138419331143,13440
363,10,13.385135418332924,8960
363,5,14.373368176162547,4480
364,80,14.515486025197907,71680
364,75,15.892574811253365,67200
364,70,19.285686506443774,62720
364,65,28.60557098167328,58240
364,60,31.44676990758242,53760
364,55,45.03259610301266,49280
364,50,58.01928259945463,44800
364,45,62.10616829930621,40320
364,40,65.22442097074247,35840
364,35,68.0191625784642,31360
364,30,75.19320769509203,26880
364,25,81.23963052857111,22400
364,20,87.62507982152141,17920
364,15,95.84332500982312,13440
364,10,114.60017852165014,8960
364,5,140.163323853879,4480
365,80,30.95179327128124,71680
365,75,35.90996879937306,67200
365,70,38.877515806916094,62720
365,65,42.260867112504755,58240
365,60,43.590698534973804,53760
365,55,52.689343311196765,49280
365,50,56.582665687593924,44800
365,45,59.00215518385237,40320
365,40,61.03064686448766,35840
365,35,62.680907588242434,31360
365,30,65.99920445564861,26880
365,25,72.89533145300283,22400
365,20,78.14871931900088,17920
365,15,86.72776468231234,13440
365,10,106.20185011528878,8960
365,5,132.6181143602534,4480
366,80,13.570323691875622,71680
366,75,14.42405464112559,67200
366,70,14.518435536536881,62720
366,65,17.82977210863961,58240
366,60,17.973076893970596,53760
366,55,18.11838267276946,49280
366,50,28.10739548620756,44800
366,45,58.08302429149888,40320
366,40,62.56392640376724,35840
366,35,62.7340770472109,31360
366,30,64.22202603456195,26880
366,25,110.08814577593837,22400
366,20,110.6406569388095,17920
366,15,136.82637581833762,13440
366,10,143.1026729400348,8960
366,5,183.674477982054,4480
367,80,24.86799121663532,71680
367,75,27.39185272396776,67200
367,70,30.31454111321231,62720
367,65,37.49280242032695,58240
367,60,38.96372680427142,53760
367,55,49.890608669473814,49280
367,50,55.961882912667626,44800
367,45,59.07915247344958,40320
367,40,61.244119565603604,35840
367,35,63.657742511789806,31360
367,30,67.80027802758175,26880
367,25,75.43068938090553,22400
367,20,82.51625749920964,17920
367,15,90.59170460997804,13440
367,10,108.5307791044105,8960
367,5,134.66616779523065,4480
368,80,65.9910674197295,71680
368,75,66.1036111365156,67200
368,70,66.22673345454487,62720
368,65,66.24341366655464,58240
368,60,66.28510945035038,53760
368,55,67.049516536034,49280
368,50,67.25889790990011,44800
368,45,84.59300708874865,40320
368,40,99.15950044696274,35840
368,35,99.73447976405063,31360
368,30,100.00933606352501,26880
368,25,100.55195859531932,22400
368,20,101.53311662171711,17920
368,15,108.63188084796133,13440
368,10,143.59287348180217,8960
368,5,358.34628023030945,4480
369,80,463.8149615625885,71680
369,75,464.25873444042884,67200
369,70,464.6876899375936,62720
369,65,465.068045968039,58240
369,60,465.40531173606263,53760
369,55,465.60523795500853,49280
369,50,479.4422905954762,44800
369,45,481.50370642298617,40320
369,40,490.03906452049375,35840
369,35,498.8543816360672,31360
369,30,530.1272500428573,26880
369,25,600.5303163678881,22400
369,20,636.5945298480997,17920
369,15,644.8152617151735,13440
369,10,806.1303290303904,8960
369,5,1077.2122497748974,4480
370,80,2.293193290191517,71680
370,75,2.5141178009808693,67200
370,70,2.6099477378742235,62720
370,65,2.829275523433291,58240
370,60,2.941775194632025,53760
370,55,3.224999523067482,49280
370,50,3.6512751536959738,44800
370,45,3.8192045328605637,40320
370,40,4.5868883380736705,35840
370,35,4.696385113322261,31360
370,30,5.11923274872679,26880
370,25,5.350764598547619,22400
370,20,5.698292315518032,17920
370,15,6.265057383765572,13440
370,10,10.400510878428737,8960
370,5,18.4664462177018,4480
371,80,20.36057793304831,71680
371,75,21.932292642488783,67200
371,70,24.818532736618337,62720
371,65,27.995794594186254,58240
371,60,28.960276220282562,53760
371,55,30.485626550594112,49280
371,50,31.428783041464882,44800
371,45,32.62542362791755,40320
371,40,33.52378321819792,35840
371,35,34.95828611323445,31360
371,30,40.277942024006485,26880
371,25,42.55293378383874,22400
371,20,46.45101675667357,17920
371,15,55.033327076511426,13440
371,10,151.7111664132487,8960
371,5,279.73919371968907,4480
372,80,6.808807960289555,71680
372,75,7.19488553703204,67200
372,70,7.248699141164101,62720
372,65,13.93087663590968,58240
372,60,14.338574681551155,53760
372,55,14.83469610814716,49280
372,50,17.29615796592529,44800
372,45,18.78502615419476,40320
372,40,19.628636052554473,35840
372,35,19.80714751550766,31360
372,30,23.072645422663367,26880
372,25,75.79080612691556,22400
372,20,78.07867564855283,17920
372,15,188.46251353076863,13440
372,10,255.00877961519012,8960
372,5,461.679808239748,4480
373,80,526.8934736837479,71680
373,75,532.8982117073854,67200
373,70,539.3462099909484,62720
373,65,541.9641165750616,58240
373,60,545.9341763992182,53760
373,55,548.7395558110279,49280
373,50,551.7386348728945,44800
373,45,554.6652339795307,40320
373,40,565.7956460033503,35840
373,35,596.2601251274592,31360
373,30,656.5585327537465,26880
373,25,673.9021502193181,22400
373,20,775.6101579303797,17920
373,15,980.9580400306356,13440
373,10,1099.0552349522811,8960
373,5,1973.3425468484402,4480
374,80,14.162035638062374,71680
374,75,18.435576084483685,67200
374,70,18.946560055154336,62720
374,65,23.64912451759644,58240
374,60,24.34392095535952,53760
374,55,25.57764029282597,49280
374,50,31.28027951155551,44800
374,45,54.36623461303082,40320
374,40,55.859396332588496,35840
374,35,56.01141681545524,31360
374,30,59.89373301118629,26880
374,25,142.24659173308044,22400
374,20,143.56558546962947,17920
374,15,206.40371893289952,13440
374,10,232.21012275133108,8960
374,5,340.5230047801661,4480
375,80,506.4011033183081,71680
375,75,506.7713239291189,67200
375,70,507.152015355932,62720
375,65,508.90239508597165,58240
375,60,509.5092994376412,53760
375,55,510.04234756286274,49280
375,50,512.3204308169857,44800
375,45,524.2867760589461,40320
375,40,551.6777904166154,35840
375,35,560.3820802490156,31360
375,30,576.8424730580243,26880
375,25,624.442730028693,22400
375,20,660.9547678711007,17920
375,15,695.4959061765231,13440
375,10,789.6990046723666,8960
375,5,1069.693973318416,4480
376,80,510.38517557278897,71680
376,75,513.3922697219557,67200
376,70,513.6293150064099,62720
376,65,514.6024613091834,58240
376,60,521.4247302112016,53760
376,55,522.5729357854591,49280
376,50,528.3840237327739,44800
376,45,532.9646750528649,40320
376,40,544.7294830339479,35840
376,35,577.1390016466494,31360
376,30,590.9154402153177,26880
376,25,602.7738431837604,22400
376,20,639.2794703732653,17920
376,15,666.0090336586072,13440
376,10,855.2480890378562,8960
376,5,1082.6786082677304,4480
377,80,45.050363355902185,71680
377,75,51.57939170463274,67200
377,70,62.43463663714386,62720
377,65,67.93048622132206,58240
377,60,69.54190384843716,53760
377,55,82.29585900185018,49280
377,50,92.1898060233129,44800
377,45,94.70197332309071,40320
377,40,95.31001842033503,35840
377,35,96.43992526313296,31360
377,30,99.47853072515869,26880
377,25,100.37139784572484,22400
377,20,115.64083045444866,17920
377,15,125.15323223841484,13440
377,10,138.53751683186312,8960
377,5,156.43566693093712,4480
378,80,193.97452492518934,71680
378,75,194.4860578610258,67200
378,70,195.67020581642893,62720
378,65,196.53830573615565,58240
378,60,203.27045475286744,53760
378,55,203.84527120344708,49280
378,50,205.94849999705085,44800
378,45,211.74700802455502,40320
378,40,213.7296286546573,35840
378,35,217.06404433521453,31360
378,30,220.9594577901875,26880
378,25,248.18614872242622,22400
378,20,259.8292725331905,17920
378,15,283.63659627481826,13440
378,10,340.74476951186665,8960
378,5,366.09186503791534,4480
379,80,7.67722731515164,71680
379,75,10.723564774442082,67200
379,70,11.049302701522011,62720
379,65,11.390598616133712,58240
379,60,11.489513256130998,53760
379,55,11.6497737065563,49280
379,50,19.409617116570896,44800
379,45,37.198676713416425,40320
379,40,39.862256390796425,35840
379,35,40.02576219080844,31360
379,30,41.113169160053445,26880
379,25,54.29792875873531,22400
379,20,56.71203871684228,17920
379,15,155.38458542208943,13440
379,10,229.2102445694518,8960
379,5,448.2062777698319,4480
380,80,18.743268900403752,71680
380,75,19.72352724400696,67200
380,70,20.574859253235186,62720
380,65,28.52781907559861,58240
380,60,34.174220048165644,53760
380,55,35.99082391768913,49280
380,50,41.507252695899,44800
380,45,42.32284049345437,40320
380,40,43.13678691931572,35840
380,35,44.71881584283741,31360
380,30,46.44692787837445,26880
380,25,47.05535097162035,22400
380,20,50.17320722306141,17920
380,15,53.625763699845876,13440
380,10,57.87556185385405,8960
380,5,83.47514675849368,4480
381,80,0.22220523096916944,71680
381,75,0.4426714225853266,67200
381,70,0.4581226988024194,62720
381,65,0.6027546316429946,58240
381,60,0.6768690200524237,53760
381,55,0.8823473626910568,49280
381,50,1.248593914014874,44800
381,45,1.3506318513597306,40320
381,40,2.165551386491393,35840
381,35,2.1994087952796106,31360
381,30,2.485009269193248,26880
381,25,2.659053064782375,22400
381,20,2.8141516934009303,17920
381,15,3.208716259081267,13440
381,10,8.955016035780192,8960
381,5,15.297248850423653,4480
382,80,0.0007135071575345623,71680
382,75,0.0007799764149629741,67200
382,70,0.0007975408684853853,62720
382,65,0.0008780771209513007,58240
382,60,0.0011067914509108562,53760
382,55,0.0013376369203356789,49280
382,50,0.0022181499619850845,44800
382,45,0.003314805966909454,40320
382,40,0.005306321967215384,35840
382,35,0.008319340799992251,31360
382,30,0.01834486398353316,26880
382,25,0.034144918546184296,22400
382,20,0.08010879334956103,17920
382,15,0.10382081938004044,13440
382,10,0.32935151513804667,8960
382,5,3.4484096208185844,4480
383,80,45.36850935561912,71680
383,75,62.32059048691599,67200
383,70,67.78691226509017,62720
383,65,72.82193690578606,58240
383,60,73.63406343291022,53760
383,55,74.17147301329184,49280
383,50,74.78070952148246,44800
383,45,75.5836724413433,40320
383,40,76.53884871898576,35840
383,35,76.80496185794759,31360
383,30,77.31959510605668,26880
383,25,78.12184960735729,22400
383,20,78.4714357674088,17920
383,15,78.88076997147472,13440
383,10,86.89266983103047,8960
383,5,91.67719449953852,4480
384,80,0.5776987734091692,71680
384,75,0.7845019506734046,67200
384,70,0.8607519683129958,62720
384,65,1.051736059620426,58240
384,60,1.1690466546097917,53760
384,55,1.4639853487069734,49280
384,50,1.8918688215018986,44800
384,45,2.0072914913706685,40320
384,40,2.7328933068629295,35840
384,35,2.79961750830066,31360
384,30,3.2909531649830925,26880
384,25,3.610640192253404,22400
384,20,4.0913324486248674,17920
384,15,4.621809639066897,13440
384,10,10.508180627758337,8960
384,5,18.327071371577173,4480
385,80,77.34253870563464,71680
385,75,77.59856021989485,67200
385,70,77.99308566699428,62720
385,65,81.34802785299361,58240
385,60,87.34137375701442,53760
385,55,89.34345247950237,49280
385,50,90.523173242037,44800
385,45,91.49695348872696,40320
385,40,94.07551913888985,35840
385,35,100.8250319848437,31360
385,30,106.27108412463424,26880
385,25,110.80376968729425,22400
385,20,118.74246064697343,17920
385,15,129.85505894089502,13440
385,10,175.73619294802492,8960
385,5,296.3718606334962,4480
386,80,0.0061863798330943215,71680
386,75,0.006278819827443942,67200
386,70,0.00629891215980273,62720
386,65,0.006372876520684136,58240
386,60,0.0066260772412166285,53760
386,55,0.0068410410959508046,49280
386,50,0.0077069648156069944,44800
386,45,0.008849652525263402,40320
386,40,0.01081758013784381,35840
386,35,0.013689760917156077,31360
386,30,0.02386408138759016,26880
386,25,0.039340706848424147,22400
386,20,0.08538389649628592,17920
386,15,0.1091855465315369,13440
386,10,0.33594341096613556,8960
386,5,3.4551856089255804,4480
387,80,11.575132444082461,71680
387,75,15.217637294312745,67200
387,70,15.627650691632056,62720
387,65,16.021054124489087,58240
387,60,16.140522083675485,53760
387,55,16.818341247344048,49280
387,50,17.137469674081316,44800
387,45,17.207438228077837,40320
387,40,18.404091923231558,35840
387,35,20.189480580387162,31360
387,30,22.311993954670992,26880
387,25,27.04151003927501,22400
387,20,28.856175132775682,17920
387,15,36.05347623133271,13440
387,10,49.64919461409497,8960
387,5,63.93601951935453,4480
388,80,66.69589818012601,71680
388,75,70.69340379701195,67200
388,70,72.16472207304774,62720
388,65,74.32256927390995,58240
388,60,75.55549417597773,53760
388,55,78.26786321837497,49280
388,50,84.37296131869698,44800
388,45,87.09634101953847,40320
388,40,87.69351417529546,35840
388,35,89.46050781641298,31360
388,30,91.24800157973897,26880
388,25,92.88660190300368,22400
388,20,105.61227777187783,17920
388,15,110.25914731499245,13440
388,10,146.4921452790874,8960
388,5,201.5302706461172,4480
389,80,20.48231521748507,71680
389,75,23.96211578415197,67200
389,70,24.106081976196098,62720
389,65,31.921384514955733,58240
389,60,32.71579841465041,53760
389,55,34.09857108420343,49280
389,50,38.07087877196338,44800
389,45,60.647281272090645,40320
389,40,62.311608678920386,35840
389,35,62.45512628933407,31360
389,30,65.43733411751026,26880
389,25,155.42825030418624,22400
389,20,156.1949337922897,17920
389,15,173.3804745222458,13440
389,10,218.64191003755275,8960
389,5,412.40519977772965,4480
390,80,47.102611432594976,71680
390,75,59.23331311883542,67200
390,70,63.92569368937803,62720
390,65,68.7200196447479,58240
390,60,69.51019069796375,53760
390,55,70.20902638440992,49280
390,50,70.70418215006542,44800
390,45,71.48717901412303,40320
390,40,72.69350579756983,35840
390,35,72.98257568810158,31360
390,30,73.61058804349317,26880
390,25,74.25537706485176,22400
390,20,74.57858295820866,17920
390,15,74.93802300761014,13440
390,10,82.16677539482245,8960
390,5,86.72511664811563,4480
391,80,0.00040928726816092515,71680
391,75,0.0004578872084443504,67200
391,70,0.00047133980599351806,62720
391,65,0.0005372845216511902,58240
391,60,0.0007898366901020103,53760
391,55,0.001017997696500053,49280
391,50,0.00193401944835156,44800
391,45,0.003051155006227154,40320
391,40,0.005058206140567403,35840
391,35,0.00807175663828213,31360
391,30,0.01803147403277549,26880
391,25,0.033943062110879815,22400
391,20,0.07999479910089942,17920
391,15,0.10363376474344949,13440
391,10,0.32791171802157004,8960
391,5,3.450568008256963,4480
392,80,0.22220523096916944,71680
392,75,0.4426714225853266,67200
392,70,0.4581226988024194,62720
392,65,0.6027546316429946,58240
392,60,0.6768690200524237,53760
392,55,0.8823473626910568,49280
392,50,1.248593914014874,44800
392,45,1.3506318513597306,40320
392,40,2.165551386491393,35840
392,35,2.1994087952796106,31360
392,30,2.485009269193248,26880
392,25,2.659053064782375,22400
392,20,2.8141516934009303,17920
392,15,3.208716259081267,13440
392,10,8.955016035780192,8960
392,5,15.297248850423653,4480
393,80,45.59877056056159,71680
393,75,45.73630798293947,67200
393,70,45.85525122867707,62720
393,65,45.93811085207801,58240
393,60,46.03011160019458,53760
393,55,46.24876742921497,49280
393,50,46.46500438939373,44800
393,45,51.41177225932931,40320
393,40,56.20069754131588,35840
393,35,56.4643126833316,31360
393,30,56.64112728187377,26880
393,25,56.76288110420236,22400
393,20,57.37338840260359,17920
393,15,59.900006629245766,13440
393,10,68.89620575798526,8960
393,5,161.60571633340086,4480
394,80,14.718298895139997,71680
394,75,20.634441806216337,67200
394,70,24.475677854143477,62720
394,65,30.45209158732004,58240
394,60,31.134827551954032,53760
394,55,32.33952814309818,49280
394,50,37.792645516913545,44800
394,45,39.94547092880838,40320
394,40,40.44337179844412,35840
394,35,41.38740449901348,31360
394,30,45.31394507747184,26880
394,25,47.35960964615665,22400
394,20,49.263903578753876,17920
394,15,51.351555089585176,13440
394,10,95.84275230705084,8960
394,5,157.5694819346447,4480
395,80,0.2245743173972532,71680
395,75,0.44510685914334297,67200
395,70,0.4605207043596739,62720
395,65,0.6051038642748228,58240
395,60,0.6790932614932058,53760
395,55,0.8848259986133906,49280
395,50,1.250871868415439,44800
395,45,1.3529404859527314,40320
395,40,2.1676602711840887,35840
395,35,2.2014332743093896,31360
395,30,2.4870498513616104,26880
395,25,2.660782428010577,22400
395,20,2.8157413515923855,17920
395,15,3.2103942565043235,13440
395,10,8.955922571444317,8960
395,5,15.299573308105467,4480
396,80,2.2024648590849227,71680
396,75,2.527265099146128,67200
396,70,2.63491361756737,62720
396,65,3.054688645966359,58240
396,60,3.248662111179464,53760
396,55,3.5269316286102668,49280
396,50,4.00078853911352,44800
396,45,4.0772694319175,40320
396,40,4.778566151211227,35840
396,35,4.854169570358624,31360
396,30,5.569770056295201,26880
396,25,5.847108960797252,22400
396,20,6.187655867273324,17920
396,15,6.531422518718239,13440
396,10,14.181360293243104,8960
396,5,19.631424808848646,4480
397,80,8.582368982494064,71680
397,75,9.928749701006298,67200
397,70,11.210867638694324,62720
397,65,13.996789384098136,58240
397,60,14.704485458265955,53760
397,55,15.895505004802308,49280
397,50,26.35450699901638,44800
397,45,36.343345254619315,40320
397,40,36.619993031661515,35840
397,35,36.78391259070552,31360
397,30,37.666090112977784,26880
397,25,50.33698073649049,22400
397,20,51.016271929600435,17920
397,15,130.94088030264965,13440
397,10,135.99134647119578,8960
397,5,220.90398424292175,4480
398,80,515.93098700288,71680
398,75,516.8175181580016,67200
398,70,517.5997013740633,62720
398,65,518.3335793313618,58240
398,60,521.7539654808224,53760
398,55,525.8451078428483,49280
398,50,528.5313441443047,44800
398,45,530.1533334260334,40320
398,40,545.5138069303875,35840
398,35,611.9731955468815,31360
398,30,632.8970886182439,26880
398,25,649.7607828497033,22400
398,20,669.5016774373947,17920
398,15,693.330100528931,13440
398,10,741.4990160372853,8960
398,5,930.3602654442335,4480
399,80,54.25650715752232,71680
399,75,54.34018456393695,67200
399,70,54.70773440290066,62720
399,65,54.73395819960851,58240
399,60,54.75474613961036,53760
399,55,56.59864349008568,49280
399,50,56.930392356747674,44800
399,45,85.73578679632567,40320
399,40,109.03136820493204,35840
399,35,109.7875133282214,31360
399,30,110.15113897126734,26880
399,25,110.91131418948176,22400
399,20,112.17486717932294,17920
399,15,122.36420247314933,13440
399,10,175.53080109101842,8960
399,5,457.85883194198874,4480
400,80,0.007368309105749172,71680
400,75,0.007461837945995599,67200
400,70,0.007482635869076612,62720
400,65,0.007557210806412994,58240
400,60,0.007811718525669299,53760
400,55,0.008025814307523978,49280
400,50,0.00889325801460128,44800
400,45,0.010039479636789103,40320
400,40,0.012006190819771478,35840
400,35,0.014861503221743714,31360
400,30,0.025057364086175354,26880
400,25,0.040520580517062955,22400
400,20,0.08657083201222061,17920
400,15,0.11038212364561943,13440
400,10,0.33721582852534737,8960
400,5,3.456451274837174,4480
401,80,76.7246780010569,71680
401,75,76.99441455919506,67200
401,70,77.31311746534942,62720
401,65,81.72256313229438,58240
401,60,86.05990015890471,53760
401,55,88.95056027189878,49280
401,50,89.78891853201922,44800
401,45,91.14486962689118,40320
401,40,93.68019834379055,35840
401,35,101.30785363392724,31360
401,30,107.4955546798374,26880
401,25,112.1479191222672,22400
401,20,119.25654232375668,17920
401,15,129.8325878151813,13440
401,10,177.57507990401436,8960
401,5,301.8369580980806,4480
402,80,66.6092978094931,71680
402,75,66.67121796450816,67200
402,70,67.02290205628236,62720
402,65,67.05621346006846,58240
402,60,67.09534166781783,53760
402,55,82.30106383546755,49280
402,50,83.71660336580015,44800
402,45,96.65245746555293,40320
402,40,107.95664838505326,35840
402,35,108.4207500043807,31360
402,30,108.69212431586128,26880
402,25,108.90017041861145,22400
402,20,109.22579006448619,17920
402,15,118.81347279430784,13440
402,10,167.69022339568392,8960
402,5,407.8968406450195,4480
403,80,2.022905323515556,71680
403,75,2.0238157750831487,67200
403,70,2.0505332926614455,62720
403,65,2.1064251512511065,58240
403,60,2.170181737141141,53760
403,55,2.2873170913758885,49280
403,50,2.979356843075992,44800
403,45,7.861670823531316,40320
403,40,58.735831319219585,35840
403,35,62.888689656590905,31360
403,30,65.69695998790614,26880
403,25,67.39268556917897,22400
403,20,71.81024990033193,17920
403,15,72.68676535087334,13440
403,10,89.36373295580258,8960
403,5,95.05453151563304,4480
404,80,120.63830904625927,71680
404,75,121.00748477173354,67200
404,70,121.86352214028062,62720
404,65,124.69355717143628,58240
404,60,169.70964380586113,53760
404,55,192.20030201349675,49280
404,50,195.39663032256118,44800
404,45,199.71143192247615,40320
404,40,204.6134080260888,35840
404,35,211.9568670509005,31360
404,30,216.50040539032508,26880
404,25,224.0126821984482,22400
404,20,231.75237309316708,17920
404,15,238.05106137747364,13440
404,10,243.85422882348033,8960
404,5,259.90178930004845,4480
405,80,121.04652371817565,71680
405,75,121.20925861271577,67200
405,70,127.97768173647637,62720
405,65,143.54593808715953,58240
405,60,153.23214868949526,53760
405,55,157.73732047725267,49280
405,50,178.89913623865974,44800
405,45,180.6157901003717,40320
405,40,186.08899936747184,35840
405,35,189.40147750933718,31360
405,30,197.2909139944999,26880
405,25,203.48879579570087,22400
405,20,226.4220720474082,17920
405,15,259.96700006587577,13440
405,10,328.505906085523,8960
405,5,427.90397236698976,4480
406,80,0.00040928726816092515,71680
406,75,0.0004578872084443504,67200
406,70,0.00047133980599351806,62720
406,65,0.0005372845216511902,58240
406,60,0.0007898366901020103,53760
406,55,0.001017997696500053,49280
406,50,0.00193401944835156,44800
406,45,0.003051155006227154,40320
406,40,0.005058206140567403,35840
406,35,0.00807175663828213,31360
406,30,0.01803147403277549,26880
406,25,0.033943062110879815,22400
406,20,0.07999479910089942,17920
406,15,0.10363376474344949,13440
406,10,0.32791171802157004,8960
406,5,3.450568008256963,4480
407,80,61.617426455946024,71680
407,75,61.710958302849974,67200
407,70,61.745975094840055,62720
407,65,62.07929065788701,58240
407,60,62.73117944543895,53760
407,55,64.37961935738046,49280
407,50,66.36149174471133,44800
407,45,70.93032000635291,40320
407,40,116.69961383076402,35840
407,35,195.46422542385662,31360
407,30,234.46891444246927,26880
407,25,280.66989187272304,22400
407,20,413.6014898017719,17920
407,15,510.09264964685195,13440
407,10,793.8589770258901,8960
407,5,1159.294302107897,4480
408,80,67.72681708686163,71680
408,75,67.85136619303175,67200
408,70,68.23917371103022,62720
408,65,69.17387551776125,58240
408,60,69.73067809503831,53760
408,55,70.41592574160293,49280
408,50,73.3980077662751,44800
408,45,77.03946500914701,40320
408,40,83.02076829328375,35840
408,35,101.68209085720835,31360
408,30,138.48028448649683,26880
408,25,201.65381934988307,22400
408,20,567.9045940822773,17920
408,15,1086.855373122969,13440
408,10,1182.149357860307,8960
408,5,1745.971460079885,4480
409,80,0.22220523096916944,71680
409,75,0.4426714225853266,67200
409,70,0.4581226988024194,62720
409,65,0.6027546316429946,58240
409,60,0.6768690200524237,53760
409,55,0.8823473626910568,49280
409,50,1.248593914014874,44800
409,45,1.3506318513597306,40320
409,40,2.165551386491393,35840
409,35,2.1994087952796106,31360
409,30,2.485009269193248,26880
409,25,2.659053064782375,22400
409,20,2.8141516934009303,17920
409,15,3.208716259081267,13440
409,10,8.955016035780192,8960
409,5,15.297248850423653,4480
410,80,0.22220523096916944,71680
410,75,0.4426714225853266,67200
410,70,0.4581226988024194,62720
410,65,0.6027546316429946,58240
410,60,0.6768690200524237,53760
410,55,0.8823473626910568,49280
410,50,1.248593914014874,44800
410,45,1.3506318513597306,40320
410,40,2.165551386491393,35840
410,35,2.1994087952796106,31360
410,30,2.485009269193248,26880
410,25,2.659053064782375,22400
410,20,2.8141516934009303,17920
410,15,3.208716259081267,13440
410,10,8.955016035780192,8960
410,5,15.297248850423653,4480
411,80,274.5607452851241,71680
411,75,276.05705726289756,67200
411,70,276.8419098718426,62720
411,65,278.2149793499708,58240
411,60,282.1902151206934,53760
411,55,282.43605350355324,49280
411,50,282.7737149543152,44800
411,45,283.9653225829354,40320
411,40,287.3740505749246,35840
411,35,291.3374961871438,31360
411,30,313.3503330087223,26880
411,25,387.73859742165394,22400
411,20,453.2710377326954,17920
411,15,515.0455573913368,13440
411,10,555.5136821072252,8960
411,5,581.5738319019007,4480
412,80,13.71486937200276,71680
412,75,19.16056950827028,67200
412,70,22.45599893949742,62720
412,65,27.938055045928294,58240
412,60,28.567766452243387,53760
412,55,29.666145919525416,49280
412,50,36.11150094369412,44800
412,45,38.76831893714554,40320
412,40,39.171298433089746,35840
412,35,40.08327896724604,31360
412,30,44.01389154158434,26880
412,25,46.004623734926916,22400
412,20,47.69521354567787,17920
412,15,49.57988616237428,13440
412,10,89.33818912547969,8960
412,5,147.38076273390354,4480
413,80,20.45224960827211,71680
413,75,21.673077822375234,67200
413,70,21.753035220643483,62720
413,65,21.811913701534184,58240
413,60,22.120841336158087,53760
413,55,22.875563501957192,49280
413,50,26.370849743022287,44800
413,45,28.095498873076938,40320
413,40,34.75897983025115,35840
413,35,47.90144880237531,31360
413,30,66.07909057116191,26880
413,25,91.45059219687415,22400
413,20,97.15680192260268,17920
413,15,142.43416349498227,13440
413,10,170.23836072523625,8960
413,5,231.3800824968734,4480
414,80,51.33983671611151,71680
414,75,51.372499311969214,67200
414,70,51.39622475721903,62720
414,65,51.512967832371515,58240
414,60,51.6674981858934,53760
414,55,51.94249671497338,49280
414,50,58.077297880290764,44800
414,45,73.8790578466092,40320
414,40,83.49825362280035,35840
414,35,106.83320839368534,31360
414,30,160.2302470739102,26880
414,25,181.58116273395035,22400
414,20,204.48078499879887,17920
414,15,212.76241033419555,13440
414,10,235.27142057435088,8960
414,5,263.66196995903175,4480
415,80,2.241267898887044,71680
415,75,2.6754537189783774,67200
415,70,2.9086545244166158,62720
415,65,19.317270820818717,58240
415,60,20.326918853177418,53760
415,55,20.98511631103516,49280
415,50,28.99603486509505,44800
415,45,48.81402443569412,40320
415,40,53.61213563158294,35840
415,35,53.77989625788117,31360
415,30,54.07310779421873,26880
415,25,70.26151498393746,22400
415,20,70.57903348366726,17920
415,15,78.43806537898739,13440
415,10,79.92110618706786,8960
415,5,91.09604850443334,4480
416,80,52.52437370013377,71680
416,75,57.365912649778174,67200
416,70,61.71693324020397,62720
416,65,68.58548231904292,58240
416,60,76.7677858383446,53760
416,55,86.42748275396242,49280
416,50,94.76751859206686,44800
416,45,100.07046859058046,40320
416,40,103.92671728686706,35840
416,35,106.89346033300188,31360
416,30,109.46405138080729,26880
416,25,121.93084689048726,22400
416,20,133.37972321376864,17920
416,15,161.70354133437846,13440
416,10,264.31533110510765,8960
416,5,369.1485675090644,4480
417,80,22.369660139636387,71680
417,75,26.266926713997137,67200
417,70,28.08592244270452,62720
417,65,30.339523477019792,58240
417,60,30.756033787129187,53760
417,55,31.141970810293767,49280
417,50,31.78079663491806,44800
417,45,32.36276172709991,40320
417,40,33.25482004401712,35840
417,35,33.42432176168344,31360
417,30,33.89062708695887,26880
417,25,34.3886961607006,22400
417,20,34.60915519867602,17920
417,15,34.94037275481307,13440
417,10,41.49597542619295,8960
417,5,46.368465097138866,4480
418,80,0.00040928726816092515,71680
418,75,0.0004578872084443504,67200
418,70,0.00047133980599351806,62720
418,65,0.0005372845216511902,58240
418,60,0.0007898366901020103,53760
418,55,0.001017997696500053,49280
418,50,0.00193401944835156,44800
418,45,0.003051155006227154,40320
418,40,0.005058206140567403,35840
418,35,0.00807175663828213,31360
418,30,0.01803147403277549,26880
418,25,0.033943062110879815,22400
418,20,0.07999479910089942,17920
418,15,0.10363376474344949,13440
418,10,0.32791171802157004,8960
418,5,3.450568008256963,4480
419,80,5.586130011290538,71680
419,75,7.0450445932895756,67200
419,70,7.092961791500002,62720
419,65,8.940765304554294,58240
419,60,9.29086441547884,53760
419,55,10.76560478309368,49280
419,50,35.11638839231672,44800
419,45,47.526421944895105,40320
419,40,47.891855734412225,35840
419,35,48.60091436716641,31360
419,30,49.70749337075533,26880
419,25,54.33851183763447,22400
419,20,54.41744607592937,17920
419,15,73.34459083421989,13440
419,10,85.61133786002148,8960
419,5,139.04665521032453,4480
420,80,249.41697007838206,71680
420,75,251.69563869396308,67200
420,70,253.38033840446957,62720
420,65,264.37655327783847,58240
420,60,270.1054458197502,53760
420,55,273.21169874074997,49280
420,50,287.3107140483025,44800
420,45,297.51419105636205,40320
420,40,300.8114479849321,35840
420,35,308.56986278852236,31360
420,30,327.7724717308082,26880
420,25,333.1780970169755,22400
420,20,371.7995044732009,17920
420,15,378.8347389700098,13440
420,10,450.21537489955927,8960
420,5,663.8146898656378,4480
421,80,469.47135912315235,71680
421,75,472.47121590903004,67200
421,70,473.52039421233826,62720
421,65,475.02402266841534,58240
421,60,477.91582212418757,53760
421,55,501.59700991457396,49280
421,50,542.2747830788741,44800
421,45,545.0777367209928,40320
421,40,547.8394699177325,35840
421,35,557.4046025595118,31360
421,30,577.1781723380163,26880
421,25,601.2139332988096,22400
421,20,605.6586077228488,17920
421,15,642.6595174784021,13440
421,10,712.3868558071644,8960
421,5,1986.589446083012,4480
422,80,48.924450602277815,71680
422,75,55.05578905019353,67200
422,70,57.64063401030784,62720
422,65,64.63719104604648,58240
422,60,72.1266598603598,53760
422,55,84.24256776152711,49280
422,50,93.83308145024434,44800
422,45,99.19926901374063,40320
422,40,103.80873207809283,35840
422,35,107.46855041490235,31360
422,30,110.65519306221735,26880
422,25,124.83208706386844,22400
422,20,138.65635226684822,17920
422,15,168.78346061565694,13440
422,10,275.59200515825717,8960
422,5,381.4627026415119,4480
423,80,0.6796397915115254,71680
423,75,0.9092346404714936,67200
423,70,0.9444908837932784,62720
423,65,1.0958357544791513,58240
423,60,1.157671529501922,53760
423,55,1.3611738041698311,49280
423,50,1.7014822950576645,44800
423,45,1.7926208617354074,40320
423,40,2.6003489314996826,35840
423,35,2.650967813029287,31360
423,30,3.018361916342537,26880
423,25,3.2044271222870124,22400
423,20,3.306284855609379,17920
423,15,3.785735980515805,13440
423,10,9.334847891090455,8960
423,5,15.721878289975649,4480
424,80,124.34407202222071,71680
424,75,125.28496445109064,67200
424,70,126.65068024978439,62720
424,65,135.59927947672932,58240
424,60,139.26486030118494,53760
424,55,139.8904919500387,49280
424,50,143.6636705750241,44800
424,45,164.42512491074368,40320
424,40,168.9748759597782,35840
424,35,173.49279345439243,31360
424,30,201.46297193584442,26880
424,25,227.70157390242744,22400
424,20,289.3320176855945,17920
424,15,337.98293475273476,13440
424,10,478.8497518314849,8960
424,5,602.2083310335269,4480
425,80,1014.6807368757123,71680
425,75,1016.4446679874314,67200
425,70,1023.5566002318964,62720
425,65,1032.9370212087022,58240
425,60,1039.4925650162136,53760
425,55,1073.6542657795458,49280
425,50,1083.4512779775782,44800
425,45,1121.5476734367426,40320
425,40,1152.1760586764385,35840
425,35,1175.717711336918,31360
425,30,1185.668762304627,26880
425,25,1230.5643403480108,22400
425,20,1250.7979108010015,17920
425,15,1268.3796233242792,13440
425,10,1427.1777991345996,8960
425,5,1684.04626859214,4480
426,80,182.30677594969117,71680
426,75,183.6169045112766,67200
426,70,184.73568534846393,62720
426,65,186.39389028151928,58240
426,60,193.0209652381698,53760
426,55,200.85512550914038,49280
426,50,202.22111848943285,44800
426,45,205.57611256077598,40320
426,40,212.23054546032537,35840
426,35,229.95383872337888,31360
426,30,285.0214365764269,26880
426,25,314.41943317833625,22400
426,20,422.5532696836623,17920
426,15,464.9976685770564,13440
426,10,594.0331120233035,8960
426,5,743.3188736751715,4480
427,80,0.00042052876287039135,71680
427,75,0.00047705955002402524,67200
427,70,0.0004911002767757003,62720
427,65,0.0005591449262674664,58240
427,60,0.0008030268441951484,53760
427,55,0.0010311041621609755,49280
427,50,0.001941635161383431,44800
427,45,0.003046018210705944,40320
427,40,0.0050569774814591,35840
427,35,0.008074466242620891,31360
427,30,0.018018961295250314,26880
427,25,0.033906426119210215,22400
427,20,0.07997041240279976,17920
427,15,0.1036777108822538,13440
427,10,0.3282265821795413,8960
427,5,3.449992903177096,4480
428,80,10.840458674183349,71680
428,75,11.046071005678947,67200
428,70,11.166062205893686,62720
428,65,11.363656781949144,58240
428,60,11.482809194361733,53760
428,55,11.77105971098332,49280
428,50,12.210916008317222,44800
428,45,12.958013985833528,40320
428,40,14.192932028953916,35840
428,35,14.350436776929595,31360
428,30,14.689887481015168,26880
428,25,14.867232878722296,22400
428,20,15.349989156050755,17920
428,15,16.138372453556144,13440
428,10,18.541891529367554,8960
428,5,39.244977728579656,4480
429,80,29.927788862442494,71680
429,75,30.446391834946713,67200
429,70,31.164583363161107,62720
429,65,31.71539283367979,58240
429,60,32.645710716468365,53760
429,55,33.741640329482834,49280
429,50,34.77535999417984,44800
429,45,34.906866507066425,40320
429,40,35.98128929485463,35840
429,35,36.35459972331647,31360
429,30,37.72961422094073,26880
429,25,39.03810390589393,22400
429,20,39.8216295377828,17920
429,15,41.18222837020456,13440
429,10,46.726252376230214,8960
429,5,53.72291384279541,4480
430,80,28.936535680395163,71680
430,75,62.266348209449426,67200
430,70,72.33299101221695,62720
430,65,80.48973480092387,58240
430,60,81.816587037328,53760
430,55,82.64654772888306,49280
430,50,83.40300768960768,44800
430,45,84.32546592262644,40320
430,40,85.45964562653948,35840
430,35,85.77939578175751,31360
430,30,86.55986356945957,26880
430,25,87.54433160430696,22400
430,20,87.76757265788585,17920
430,15,88.2232816143766,13440
430,10,96.43136047429671,8960
430,5,101.11798756909889,4480
431,80,20.75697992594597,71680
431,75,58.15734691072954,67200
431,70,69.58222120527954,62720
431,65,78.29883598466657,58240
431,60,79.76604855036726,53760
431,55,80.6247092686185,49280
431,50,81.43959889871626,44800
431,45,82.33689731232465,40320
431,40,83.43246090502437,35840
431,35,83.72766000015666,31360
431,30,84.43362086625734,26880
431,25,85.3970682393684,22400
431,20,85.66446698747502,17920
431,15,86.13130982164297,13440
431,10,94.3081515967874,8960
431,5,99.10973331922656,4480
432,80,0.006153983009948536,71680
432,75,0.006234222569479515,67200
432,70,0.006251662637289165,62720
432,65,0.006323883198363989,58240
432,60,0.006568965954104631,53760
432,55,0.006804137017924174,49280
432,50,0.007689631858610643,44800
432,45,0.008797875798791328,40320
432,40,0.010784477282819565,35840
432,35,0.013733726887780623,31360
432,30,0.02380805570123758,26880
432,25,0.03931178129926407,22400
432,20,0.08536827637474532,17920
432,15,0.10926284459897273,13440
432,10,0.3353884242094396,8960
432,5,3.4546518379429556,4480
433,80,23.82886468520792,71680
433,75,29.412219082638245,67200
433,70,40.39211760659623,62720
433,65,44.12129445347426,58240
433,60,44.80398367788079,53760
433,55,46.27575266596984,49280
433,50,47.47221241455197,44800
433,45,48.158003247012175,40320
433,40,49.533214554648104,35840
433,35,52.81380441892838,31360
433,30,53.439058152014915,26880
433,25,57.14055726329378,22400
433,20,60.628347132275756,17920
433,15,67.6343834830957,13440
433,10,75.7930970397556,8960
433,5,147.7425444822299,4480
434,80,15.700926292938881,71680
434,75,15.94264297741176,67200
434,70,19.185023834246504,62720
434,65,29.586420741146565,58240
434,60,31.943835611494215,53760
434,55,45.975134277115686,49280
434,50,56.653888347757785,44800
434,45,60.89891886335792,40320
434,40,63.748791270343915,35840
434,35,66.61779886417618,31360
434,30,73.34796668789922,26880
434,25,80.1220567418088,22400
434,20,87.25914771246482,17920
434,15,95.83343945533771,13440
434,10,115.48968055978612,8960
434,5,143.43862618678423,4480
435,80,81.02863298583158,71680
435,75,81.28792258030059,67200
435,70,81.91976677557518,62720
435,65,83.5964359984408,58240
435,60,96.28275485423566,53760
435,55,97.08067724610571,49280
435,50,100.47802008002874,44800
435,45,101.10969381180232,40320
435,40,103.91112889908983,35840
435,35,110.10248132312324,31360
435,30,115.45669796191274,26880
435,25,120.36201368671854,22400
435,20,131.3926121606693,17920
435,15,145.8837871094265,13440
435,10,192.2036945274489,8960
435,5,298.94308471111674,4480
436,80,0.22220523096916944,71680
436,75,0.4426714225853266,67200
436,70,0.4581226988024194,62720
436,65,0.6027546316429946,58240
436,60,0.6768690200524237,53760
436,55,0.8823473626910568,49280
436,50,1.248593914014874,44800
436,45,1.3506318513597306,40320
436,40,2.165551386491393,35840
436,35,2.1994087952796106,31360
436,30,2.485009269193248,26880
436,25,2.659053064782375,22400
436,20,2.8141516934009303,17920
436,15,3.208716259081267,13440
436,10,8.955016035780192,8960
436,5,15.297248850423653,4480
437,80,0.22264479375628077,71680
437,75,0.44311425973900337,67200
437,70,0.4586242005696009,62720
437,65,0.6032311735582959,58240
437,60,0.6773400920838499,53760
437,55,0.8827969943422815,49280
437,50,1.2492395672836876,44800
437,45,1.3512053708448901,40320
437,40,2.1660975723658926,35840
437,35,2.1999310063536184,31360
437,30,2.485518849222475,26880
437,25,2.659535839224375,22400
437,20,2.814542113449389,17920
437,15,3.2089925420637604,13440
437,10,8.95445519671202,8960
437,5,15.297580462637901,4480
438,80,11.662916349590487,71680
438,75,38.2121860636977,67200
438,70,40.793089227471995,62720
438,65,52.50113174155985,58240
438,60,54.10656050109931,53760
438,55,56.507706105075805,49280
438,50,60.781073483719176,44800
438,45,94.2983659951893,40320
438,40,95.91951940956966,35840
438,35,96.21800535491298,31360
438,30,97.1286656121319,26880
438,25,137.7586966308607,22400
438,20,139.13056408038682,17920
438,15,199.98529696575073,13440
438,10,230.4791323126435,8960
438,5,408.3428382545199,4480
439,80,16.009949345407,71680
439,75,16.433028576466683,67200
439,70,16.632456231399683,62720
439,65,28.30463800343435,58240
439,60,36.78041571583353,53760
439,55,45.51622798765174,49280
439,50,52.875960739313015,44800
439,45,59.81629678400709,40320
439,40,60.838475838567646,35840
439,35,64.41534964332637,31360
439,30,71.24256499752941,26880
439,25,75.77558764786282,22400
439,20,81.85540260225739,17920
439,15,90.65656621347095,13440
439,10,168.49935113439886,8960
439,5,370.5619047430836,4480
440,80,0.22220523096916944,71680
440,75,0.4426714225853266,67200
440,70,0.4581226988024194,62720
440,65,0.6027546316429946,58240
440,60,0.6768690200524237,53760
440,55,0.8823473626910568,49280
440,50,1.248593914014874,44800
440,45,1.3506318513597306,40320
440,40,2.165551386491393,35840
440,35,2.1994087952796106,31360
440,30,2.485009269193248,26880
440,25,2.659053064782375,22400
440,20,2.8141516934009303,17920
440,15,3.208716259081267,13440
440,10,8.955016035780192,8960
440,5,15.297248850423653,4480
441,80,757.0787041390635,71680
441,75,765.7422766690452,67200
441,70,775.3529861831532,62720
441,65,796.6994268389142,58240
441,60,805.2917963895067,53760
441,55,809.0438788331774,49280
441,50,824.6565977853301,44800
441,45,838.8990825308651,40320
441,40,859.3680594249513,35840
441,35,883.4325576160787,31360
441,30,966.0483115539693,26880
441,25,999.6076171986175,22400
441,20,1048.5360778508389,17920
441,15,1087.2514924739626,13440
441,10,1164.7841902811995,8960
441,5,1635.7898516186845,4480
442,80,760.6345081965181,71680
442,75,761.339172109661,67200
442,70,762.7551255171676,62720
442,65,765.384865935717,58240
442,60,771.314650623939,53760
442,55,788.6924518870427,49280
442,50,797.3294842726323,44800
442,45,801.5071316815613,40320
442,40,803.8098838937058,35840
442,35,809.4651820649066,31360
442,30,818.9443083475751,26880
442,25,824.8096274895121,22400
442,20,844.2229417177409,17920
442,15,905.9640123634582,13440
442,10,1177.0439221920894,8960
442,5,2180.4547028389993,4480
443,80,43.45654871492456,71680
443,75,43.612041055856956,67200
443,70,43.68903421597901,62720
443,65,43.8250572871398,58240
443,60,43.863796018782025,53760
443,55,47.76361201074233,49280
443,50,48.75518814175714,44800
443,45,52.75408450067425,40320
443,40,56.17810462880548,35840
443,35,56.39325084772922,31360
443,30,56.77068370147339,26880
443,25,57.06547184012302,22400
443,20,57.31089475412802,17920
443,15,60.6972762980335,13440
443,10,74.47073035187314,8960
443,5,170.7988542401017,4480
444,80,12.769593129946967,71680
444,75,17.93134378234713,67200
444,70,20.697260666364354,62720
444,65,25.437079130103097,58240
444,60,25.948292373305836,53760
444,55,26.959907289331543,49280
444,50,34.81355010483065,44800
444,45,38.10420974480269,40320
444,40,38.403362561446315,35840
444,35,39.34901219636849,31360
444,30,42.95070038306436,26880
444,25,44.73751302477909,22400
444,20,46.274111321293155,17920
444,15,48.07002103930777,13440
444,10,84.08900366100814,8960
444,5,136.46361139814167,4480
445,80,59.30412328208451,71680
445,75,59.41152702578421,67200
445,70,59.532704404301775,62720
445,65,59.6122259799318,58240
445,60,59.640837030000924,53760
445,55,66.87013374773034,49280
445,50,67.92155979892284,44800
445,45,75.26666582087321,40320
445,40,81.55305564637051,35840
445,35,81.88883503285554,31360
445,30,82.23782126894086,26880
445,25,82.48749838846628,22400
445,20,82.81149506311338,17920
445,15,88.65990745032673,13440
445,10,115.87667681883458,8960
445,5,274.2840565140424,4480
446,80,448.3421380448434,71680
446,75,448.55787139220666,67200
446,70,449.202079852422,62720
446,65,449.5444308866712,58240
446,60,449.78181347911385,53760
446,55,450.47994040260176,49280
446,50,491.4256540293194,44800
446,45,494.4166994146124,40320
446,40,498.3238652320565,35840
446,35,505.30312216278315,31360
446,30,513.9651039059343,26880
446,25,531.4992648237342,22400
446,20,552.2458543372845,17920
446,15,559.9498684093805,13440
446,10,797.0372437082315,8960
446,5,1084.105824823356,4480
447,80,11.025022920878545,71680
447,75,13.423166861337359,67200
447,70,13.760053176407867,62720
447,65,14.013164402120234,58240
447,60,14.493828801493423,53760
447,55,15.44733293830672,49280
447,50,20.088034181984565,44800
447,45,22.706234671790153,40320
447,40,30.572368204694026,35840
447,35,46.472047655808154,31360
447,30,70.21472529687085,26880
447,25,96.06580915210742,22400
447,20,102.28886014533266,17920
447,15,156.94736184794354,13440
447,10,185.20774680260135,8960
447,5,255.8167339933824,4480
448,80,0.5023307266054793,71680
448,75,0.7607983060898736,67200
448,70,0.7927148180954576,62720
448,65,0.9790662476975929,58240
448,60,1.0740292710743582,53760
448,55,1.3350794734277767,49280
448,50,1.6885257644307936,44800
448,45,1.7721915573252043,40320
448,40,2.5886131163046513,35840
448,35,2.628389561485956,31360
448,30,2.827107189905839,26880
448,25,2.950194092524685,22400
448,20,3.134932239872045,17920
448,15,3.4434862675025855,13440
448,10,9.287501636405812,8960
448,5,15.321212465754574,4480
449,80,0.22220523096916944,71680
449,75,0.4426714225853266,67200
449,70,0.4581226988024194,62720
449,65,0.6027546316429946,58240
449,60,0.6768690200524237,53760
449,55,0.8823473626910568,49280
449,50,1.248593914014874,44800
449,45,1.3506318513597306,40320
449,40,2.165551386491393,35840
449,35,2.1994087952796106,31360
449,30,2.485009269193248,26880
449,25,2.659053064782375,22400
449,20,2.8141516934009303,17920
449,15,3.208716259081267,13440
449,10,8.955016035780192,8960
449,5,15.297248850423653,4480
450,80,19.631735195954608,71680
450,75,22.784485284254718,67200
450,70,23.005748779799532,62720
450,65,23.091962652579813,58240
450,60,23.247070102074915,53760
450,55,23.78488454851631,49280
450,50,26.08273629885086,44800
450,45,27.172240152387072,40320
450,40,31.985899866228824,35840
450,35,41.97725091394523,31360
450,30,55.03599786676207,26880
450,25,74.43194243745413,22400
450,20,79.17561093902987,17920
450,15,112.19443699776642,13440
450,10,136.00095533349156,8960
450,5,179.7385070118309,4480
451,80,0.0007135071575345623,71680
451,75,0.0007799764149629741,67200
451,70,0.0007975408684853853,62720
451,65,0.0008780771209513007,58240
451,60,0.0011067914509108562,53760
451,55,0.0013376369203356789,49280
451,50,0.0022181499619850845,44800
451,45,0.003314805966909454,40320
451,40,0.005306321967215384,35840
451,35,0.008319340799992251,31360
451,30,0.01834486398353316,26880
451,25,0.034144918546184296,22400
451,20,0.08010879334956103,17920
451,15,0.10382081938004044,13440
451,10,0.32935151513804667,8960
451,5,3.4484096208185844,4480
452,80,171.63643170423975,71680
452,75,171.72839331177164,67200
452,70,179.07581569637995,62720
452,65,179.10866780956962,58240
452,60,179.2107796572479,53760
452,55,186.53080455527194,49280
452,50,187.6855113151544,44800
452,45,191.65752742513624,40320
452,40,194.1312362880187,35840
452,35,194.41472775667327,31360
452,30,195.1315810010521,26880
452,25,196.98587316065795,22400
452,20,198.53167755844018,17920
452,15,226.4597716400765,13440
452,10,404.34186531780364,8960
452,5,1092.4184946230014,4480
453,80,242.50345955433338,71680
453,75,244.10962435605808,67200
453,70,246.54260374340356,62720
453,65,258.9357090534552,58240
453,60,267.545536174924,53760
453,55,271.4654089057995,49280
453,50,285.43868954959396,44800
453,45,298.3041444796112,40320
453,40,301.97433238651814,35840
453,35,310.73230321332915,31360
453,30,331.54453013154057,26880
453,25,335.2985880651752,22400
453,20,376.8280351715042,17920
453,15,381.0928859154705,13440
453,10,453.7793340963622,8960
453,5,691.0329028542296,4480
454,80,307.779037551296,71680
454,75,311.7849969414449,67200
454,70,312.81383028514773,62720
454,65,320.6239868731303,58240
454,60,327.6982746169601,53760
454,55,331.0651347686703,49280
454,50,346.4715327090136,44800
454,45,353.92724832446635,40320
454,40,356.92127611113614,35840
454,35,362.0949869733037,31360
454,30,376.6051963663032,26880
454,25,383.6671259765357,22400
454,20,408.61925724817314,17920
454,15,420.86234893500983,13440
454,10,479.53940570607784,8960
454,5,645.0485396405747,4480
455,80,23.489311120371166,71680
455,75,26.29266505509532,67200
455,70,36.64033768280082,62720
455,65,45.69011300836608,58240
455,60,48.94033139465568,53760
455,55,50.29607224279402,49280
455,50,54.538475474968884,44800
455,45,58.147541071847236,40320
455,40,58.26995701716311,35840
455,35,60.30272075459122,31360
455,30,62.82206660064726,26880
455,25,63.789875577765315,22400
455,20,70.34727221000614,17920
455,15,75.43330858573982,13440
455,10,182.1885643781781,8960
455,5,338.27588112776647,4480
456,80,74.75899665367379,71680
456,75,74.86459609453988,67200
456,70,77.21824814450201,62720
456,65,81.51869929303518,58240
456,60,86.14251208696189,53760
456,55,87.45300571197102,49280
456,50,101.8463854535098,44800
456,45,103.6371262755995,40320
456,40,110.25388297756028,35840
456,35,119.22972947096527,31360
456,30,126.63645985635686,26880
456,25,139.17960849054307,22400
456,20,163.7726985743669,17920
456,15,189.03520830694328,13440
456,10,242.72433575174028,8960
456,5,353.8530438794679,4480
457,80,49.70407656378844,71680
457,75,49.84051858525264,67200
457,70,49.95521034805804,62720
457,65,50.02438040672529,58240
457,60,50.09890436231846,53760
457,55,50.342170862769834,49280
457,50,50.54142409369634,44800
457,45,56.34303492701765,40320
457,40,61.84601844749747,35840
457,35,62.12689696839463,31360
457,30,62.3280968838408,26880
457,25,62.473879688438736,22400
457,20,63.13213713799885,17920
457,15,66.09941590154423,13440
457,10,76.99982575818062,8960
457,5,180.64409919405895,4480
458,80,1.060376532044061,71680
458,75,1.8806958298968652,67200
458,70,2.4546919559720024,62720
458,65,20.075034486975735,58240
458,60,32.630398617254784,53760
458,55,43.494693821635245,49280
458,50,56.93107116271687,44800
458,45,67.92853195443486,40320
458,40,69.45956922114189,35840
458,35,72.77501471340616,31360
458,30,83.948426274951,26880
458,25,90.67464226317423,22400
458,20,100.65538783224412,17920
458,15,114.23547892352295,13440
458,10,216.99260592470608,8960
458,5,506.07195813170705,4480
459,80,631.7081707143874,71680
459,75,634.1245977545777,67200
459,70,635.0983366728688,62720
459,65,638.0300161744473,58240
459,60,640.7435040183011,53760
459,55,645.5354846920208,49280
459,50,679.2802583116132,44800
459,45,689.1427179893802,40320
459,40,690.2318811629433,35840
459,35,715.3241057805908,31360
459,30,737.014088136855,26880
459,25,754.3239463460648,22400
459,20,769.6535440826034,17920
459,15,811.8956082728911,13440
459,10,1029.8139931510927,8960
459,5,1198.018259341425,4480
460,80,24.180250299777548,71680
460,75,24.492749816436348,67200
460,70,24.784183164654394,62720
460,65,25.249264034689556,58240
460,60,25.90513006451669,53760
460,55,26.821971460182073,49280
460,50,27.543892323168933,44800
460,45,27.625951862390547,40320
460,40,28.785764701492724,35840
460,35,29.009342328949337,31360
460,30,30.037552355502843,26880
460,25,30.84699816820771,22400
460,20,31.368333331175656,17920
460,15,32.53594726957472,13440
460,10,37.94030534452273,8960
460,5,44.549018755266815,4480
461,80,49.3133248188455,71680
461,75,53.49849529845366,67200
461,70,57.977582823872865,62720
461,65,59.10587648058749,58240
461,60,61.28230192074315,53760
461,55,65.06642537615785,49280
461,50,67.21468846654746,44800
461,45,70.20995396186643,40320
461,40,73.66979023676255,35840
461,35,75.91963412945728,31360
461,30,77.75456969618715,26880
461,25,79.63321985287487,22400
461,20,83.61980106302263,17920
461,15,87.45044075275837,13440
461,10,107.35593671033823,8960
461,5,138.00409709854443,4480
462,80,0.00040928726816092515,71680
462,75,0.0004578872084443504,67200
462,70,0.00047133980599351806,62720
462,65,0.0005372845216511902,58240
462,60,0.0007898366901020103,53760
462,55,0.001017997696500053,49280
462,50,0.00193401944835156,44800
462,45,0.003051155006227154,40320
462,40,0.005058206140567403,35840
462,35,0.00807175663828213,31360
462,30,0.01803147403277549,26880
462,25,0.033943062110879815,22400
462,20,0.07999479910089942,17920
462,15,0.10363376474344949,13440
462,10,0.32791171802157004,8960
462,5,3.450568008256963,4480
463,80,169.66553962227482,71680
463,75,170.8790522829946,67200
463,70,172.96394634174422,62720
463,65,182.06692039892894,58240
463,60,186.92311840307173,53760
463,55,190.2754050212778,49280
463,50,198.84819284514992,44800
463,45,199.71174602139644,40320
463,40,201.3481252735676,35840
463,35,215.25276380556627,31360
463,30,226.68913757012066,26880
463,25,231.41448686048906,22400
463,20,260.1624646238907,17920
463,15,293.368217314734,13440
463,10,350.07795700863926,8960
463,5,442.7737528903933,4480
464,80,1296.671304420365,71680
464,75,1299.5511560382113,67200
464,70,1308.1185479819749,62720
464,65,1320.1247723291465,58240
464,60,1328.1304388751835,53760
464,55,1371.2683928444574,49280
464,50,1378.88726656164,44800
464,45,1417.6536418827734,40320
464,40,1437.0579409061704,35840
464,35,1454.4143451571742,31360
464,30,1492.9639595728643,26880
464,25,1566.2973999686374,22400
464,20,1628.7630775448138,17920
464,15,1649.4693318017155,13440
464,10,1803.5522858054542,8960
464,5,1988.726062626197,4480
465,80,188.4465742735182,71680
465,75,190.1339360405824,67200
465,70,191.4699694966409,62720
465,65,193.03128738369256,58240
465,60,197.13296826277622,53760
465,55,207.44404575319479,49280
465,50,233.94015878705844,44800
465,45,242.3186915617562,40320
465,40,244.7596732526881,35840
465,35,261.95744738387924,31360
465,30,367.80072371445556,26880
465,25,393.6636136778666,22400
465,20,399.8006830023146,17920
465,15,424.91724500431457,13440
465,10,594.2774280403556,8960
465,5,722.7805381007365,4480
466,80,39.36366504621834,71680
466,75,51.16637590570217,67200
466,70,55.6638580328537,62720
466,65,60.262453635534385,58240
466,60,61.06664661679762,53760
466,55,61.77433957885644,49280
466,50,62.28015173972627,44800
466,45,63.00799233387025,40320
466,40,64.17428308420361,35840
466,35,64.44202965051957,31360
466,30,65.00826464306411,26880
466,25,65.61149665719581,22400
466,20,65.9457951811971,17920
466,15,66.30717430658605,13440
466,10,73.4514326614313,8960
466,5,78.1531980387029,4480
467,80,30.817528907351903,71680
467,75,34.4200099692421,67200
467,70,34.902383219395354,62720
467,65,36.89945134727572,58240
467,60,40.26184832040526,53760
467,55,44.35825346938412,49280
467,50,54.34790962520769,44800
467,45,55.915228270452545,40320
467,40,57.28039660489983,35840
467,35,59.56274048702838,31360
467,30,63.1587097191367,26880
467,25,65.46246231383158,22400
467,20,70.19267859440892,17920
467,15,76.77240557719458,13440
467,10,84.33261035020284,8960
467,5,108.33205743252373,4480
468,80,9.175125088297424,71680
468,75,9.672444041592106,67200
468,70,9.95812955301757,62720
468,65,23.419956547204517,58240
468,60,33.44009943004459,53760
468,55,42.94197904644935,49280
468,50,51.7971439472109,44800
468,45,59.267616005668714,40320
468,40,60.26777942243438,35840
468,35,63.804923765679746,31360
468,30,71.22899986163203,26880
468,25,76.21901283211963,22400
468,20,82.31859325869037,17920
468,15,92.4757625530103,13440
468,10,174.60634033651607,8960
468,5,394.9957058383008,4480
469,80,77.73940793042998,71680
469,75,77.85157346920944,67200
469,70,78.69865723844295,62720
469,65,80.84098883098416,58240
469,60,87.98228815095925,53760
469,55,120.93117959798971,49280
469,50,129.44508178719997,44800
469,45,141.37855452961952,40320
469,40,148.7283342405672,35840
469,35,156.91929321644102,31360
469,30,166.64750919374285,26880
469,25,171.89608833355302,22400
469,20,179.18160012594643,17920
469,15,181.4813453646036,13440
469,10,207.4334790940478,8960
469,5,221.20192505940776,4480
470,80,1461.385748395542,71680
470,75,1472.1386552159686,67200
470,70,1498.9294258468926,62720
470,65,1510.7506719315284,58240
470,60,1514.943645662184,53760
470,55,1525.3523802446673,49280
470,50,1557.6642757313446,44800
470,45,1585.8028937253566,40320
470,40,1608.1152857431973,35840
470,35,1641.7186370105362,31360
470,30,1683.6209414495986,26880
470,25,1718.6506936636056,22400
470,20,1749.2907124412075,17920
470,15,1787.1376782642087,13440
470,10,1861.745162243392,8960
470,5,2274.293502259045,4480
471,80,76.5483982171469,71680
471,75,76.57343654835206,67200
471,70,76.6135759052759,62720
471,65,76.62015785867032,58240
471,60,76.65426219162747,53760
471,55,76.84218193528567,49280
471,50,81.26956704543903,44800
471,45,92.95575861180029,40320
471,40,100.23051239947361,35840
471,35,120.49711786004627,31360
471,30,168.35511859040838,26880
471,25,187.90824001576317,22400
471,20,209.93005814583586,17920
471,15,217.687432532684,13440
471,10,241.20894804926547,8960
471,5,269.94170495081636,4480
472,80,0.22220523096916944,71680
472,75,0.4426714225853266,67200
472,70,0.4581226988024194,62720
472,65,0.6027546316429946,58240
472,60,0.6768690200524237,53760
472,55,0.8823473626910568,49280
472,50,1.248593914014874,44800
472,45,1.3506318513597306,40320
472,40,2.165551386491393,35840
472,35,2.1994087952796106,31360
472,30,2.485009269193248,26880
472,25,2.659053064782375,22400
472,20,2.8141516934009303,17920
472,15,3.208716259081267,13440
472,10,8.955016035780192,8960
472,5,15.297248850423653,4480
473,80,25.39686642969742,71680
473,75,25.848632736025415,67200
473,70,27.876707649565603,62720
473,65,35.739570484270935,58240
473,60,41.086029435976606,53760
473,55,96.0563126967661,49280
473,50,124.90925439839367,44800
473,45,163.09828816512263,40320
473,40,190.80459888992272,35840
473,35,201.05120400705235,31360
473,30,271.7637785652437,26880
473,25,292.3180860288926,22400
473,20,369.44177324792804,17920
473,15,443.16779048514485,13440
473,10,507.16534359578924,8960
473,5,696.2112371800187,4480
474,80,56.816603037976755,71680
474,75,56.852481572115984,67200
474,70,57.516268548417486,62720
474,65,57.621498218112436,58240
474,60,57.73316393519814,53760
474,55,83.4758156561588,49280
474,50,85.12835772487759,44800
474,45,104.02642495427908,40320
474,40,120.72042777391684,35840
474,35,121.34521099857278,31360
474,30,121.58513758953042,26880
474,25,121.79524149825404,22400
474,20,122.19700297856282,17920
474,15,135.43006946627565,13440
474,10,203.30473808258057,8960
474,5,505.88501705097303,4480
475,80,1322.6208624656097,71680
475,75,1327.5437519851785,67200
475,70,1347.7056059655922,62720
475,65,1348.7142263612868,58240
475,60,1367.5265668297504,53760
475,55,1384.625014195244,49280
475,50,1405.7233018799084,44800
475,45,1410.4863770326288,40320
475,40,1417.479243709879,35840
475,35,1430.2836508674197,31360
475,30,1442.1383636686555,26880
475,25,1471.2805631129258,22400
475,20,1605.6226662003376,17920
475,15,1832.873785141464,13440
475,10,1949.1108242146443,8960
475,5,2135.5699204080934,4480
476,80,10.064052193104148,71680
476,75,12.194316864632265,67200
476,70,13.329805372675501,62720
476,65,15.78383189442768,58240
476,60,16.267195842116735,53760
476,55,17.133434535018882,49280
476,50,31.820089905960817,44800
476,45,39.981244714922695,40320
476,40,40.180042402629894,35840
476,35,40.79854627255629,31360
476,30,43.710694049028994,26880
476,25,46.9234775493217,22400
476,20,49.682612428280535,17920
476,15,222.14122146905393,13440
476,10,235.88132363522473,8960
476,5,397.66695645894237,4480
477,80,25.64180389671089,71680
477,75,25.664780239517544,67200
477,70,26.195610090030147,62720
477,65,26.719470506736798,58240
477,60,27.178429362271093,53760
477,55,74.0359180910851,49280
477,50,76.10887112186164,44800
477,45,108.22831715830658,40320
477,40,136.2334297866373,35840
477,35,137.09200722721098,31360
477,30,137.41993795962944,26880
477,25,137.799656154608,22400
477,20,138.3461373558593,17920
477,15,160.72104389104516,13440
477,10,277.6728737258659,8960
477,5,739.775105683509,4480
478,80,0.0075330904884550265,71680
478,75,0.007630825115578056,67200
478,70,0.007654098364547844,62720
478,65,0.007728601652004039,58240
478,60,0.00798531700344768,53760
478,55,0.008195450544122008,49280
478,50,0.00906006894617191,44800
478,45,0.01020964035291556,40320
478,40,0.012175043856312273,35840
478,35,0.015010736527302075,31360
478,30,0.02523882210223691,26880
478,25,0.040689198843105116,22400
478,20,0.08675579943100278,17920
478,15,0.1105754796955471,13440
478,10,0.33764327861367904,8960
478,5,3.456817580486912,4480
479,80,19.895041045671903,71680
479,75,24.581436882224047,67200
479,70,25.3071489256149,62720
479,65,25.739280768488168,58240
479,60,26.336264043787487,53760
479,55,27.459742823885236,49280
479,50,31.80994657115316,44800
479,45,34.85112162152817,40320
479,40,42.62095433299565,35840
479,35,58.57493520569671,31360
479,30,83.41868960212551,26880
479,25,108.14671250291667,22400
479,20,114.71041267308642,17920
479,15,175.8515756665406,13440
479,10,204.25828769862625,8960
479,5,295.9152000554241,4480
480,80,0.222778007379039,71680
480,75,0.44312343271680826,67200
480,70,0.4585384552880032,62720
480,65,0.6032678064145598,58240
480,60,0.6774561724641406,53760
480,55,0.8829880291772242,49280
480,50,1.2490576895853858,44800
480,45,1.3510104656513715,40320
480,40,2.166161265046543,35840
480,35,2.1999935710467806,31360
480,30,2.4853919822988435,26880
480,25,2.659465307338778,22400
480,20,2.814733293274345,17920
480,15,3.2093752640752617,13440
480,10,8.954780872821114,8960
480,5,15.296948876830502,4480
481,80,133.669783636843,71680
481,75,133.70944697049927,67200
481,70,136.15806664626604,62720
481,65,140.863418607234,58240
481,60,144.16834689228372,53760
481,55,149.22609238353476,49280
481,50,151.06717052807647,44800
481,45,151.64388068133866,40320
481,40,156.09452811731748,35840
481,35,169.5419601216287,31360
481,30,175.15494645974078,26880
481,25,191.3780429936506,22400
481,20,221.5968818196419,17920
481,15,241.7820113641988,13440
481,10,282.81061962937525,8960
481,5,382.3354144058744,4480
482,80,4.193998794375737,71680
482,75,4.4045353676041215,67200
482,70,4.478413267256838,62720
482,65,4.670446475950492,58240
482,60,4.802048115147353,53760
482,55,5.0366837053377935,49280
482,50,5.586039084366936,44800
482,45,5.616882077289131,40320
482,40,6.529037139088108,35840
482,35,6.76559631465977,31360
482,30,7.460826968123526,26880
482,25,7.926773014371407,22400
482,20,7.998395122966281,17920
482,15,8.79161571772045,13440
482,10,15.577795360074225,8960
482,5,25.127356197542532,4480
483,80,2.088348746150014,71680
483,75,2.313676680031039,67200
483,70,2.381590028327061,62720
483,65,2.6065588935490687,58240
483,60,2.7230065661419753,53760
483,55,2.9857364571153195,49280
483,50,3.503672850205973,44800
483,45,3.750043800700085,40320
483,40,4.508832240176344,35840
483,35,4.567575674900888,31360
483,30,5.02560197482257,26880
483,25,5.356514605414663,22400
483,20,5.556412811527121,17920
483,15,5.997294132615643,13440
483,10,10.757838470067862,8960
483,5,18.921270084635275,4480
484,80,35.54332068560325,71680
484,75,39.78050723396726,67200
484,70,53.791782326645794,62720
484,65,55.87909465357602,58240
484,60,57.85212521764154,53760
484,55,59.974645888028526,49280
484,50,63.730798409768674,44800
484,45,70.70443914134037,40320
484,40,86.19414828320495,35840
484,35,133.26409368183187,31360
484,30,166.21805193196167,26880
484,25,183.65084654334052,22400
484,20,210.27860874019476,17920
484,15,247.65315440919588,13440
484,10,260.7047730507807,8960
484,5,383.9478161392426,4480
485,80,157.72278402395858,71680
485,75,159.99933756579006,67200
485,70,178.69676390328974,62720
485,65,213.51501960950264,58240
485,60,216.81080207331374,53760
485,55,219.13252907970372,49280
485,50,220.3207753200082,44800
485,45,225.3863271461783,40320
485,40,249.04567943047707,35840
485,35,252.99883480466394,31360
485,30,257.23010590794405,26880
485,25,268.4742290100117,22400
485,20,274.9901807906014,17920
485,15,286.96397940468586,13440
485,10,363.1949958031356,8960
485,5,486.16078123146866,4480
486,80,242.64065171395598,71680
486,75,244.14943699032997,67200
486,70,248.00983364111417,62720
486,65,259.63861448421784,58240
486,60,270.1012350429812,53760
486,55,275.13144362885,49280
486,50,292.04671550142956,44800
486,45,309.65613523900987,40320
486,40,313.82159433593966,35840
486,35,320.81356588324644,31360
486,30,342.43874336976506,26880
486,25,344.4972483761653,22400
486,20,386.15081528603986,17920
486,15,392.832544112297,13440
486,10,465.42959597732397,8960
486,5,721.8921234023564,4480
487,80,36.31477581185165,71680
487,75,36.77411807673232,67200
487,70,39.91642504858313,62720
487,65,45.92769752215451,58240
487,60,70.69401566274409,53760
487,55,78.11672875553114,49280
487,50,83.27759542489999,44800
487,45,85.3356031782469,40320
487,40,95.5988368415201,35840
487,35,109.78794309963,31360
487,30,115.9149021603897,26880
487,25,135.7829839252227,22400
487,20,162.3344159145432,17920
487,15,186.1972155765685,13440
487,10,230.87205636444367,8960
487,5,338.95516807448286,4480
488,80,160.7528873731944,71680
488,75,161.09514546536863,67200
488,70,163.0501651550162,62720
488,65,168.57529786188354,58240
488,60,171.24952717771072,53760
488,55,178.06416214200283,49280
488,50,182.61622742875815,44800
488,45,189.72020371705668,40320
488,40,194.42784273476875,35840
488,35,214.70332335698743,31360
488,30,261.746878791467,26880
488,25,282.11095650550016,22400
488,20,389.61817606195484,17920
488,15,428.2743650919958,13440
488,10,582.7533977274464,8960
488,5,739.5062546508949,4480
489,80,703.3958164843588,71680
489,75,711.6348013592625,67200
489,70,717.6375548986716,62720
489,65,724.4382330518267,58240
489,60,746.9020939473538,53760
489,55,757.3985243410859,49280
489,50,788.8662697666606,44800
489,45,795.7893104797857,40320
489,40,798.8692723289548,35840
489,35,809.1537497221406,31360
489,30,823.399036870353,26880
489,25,878.3378549360614,22400
489,20,892.8028757735595,17920
489,15,931.6266695853215,13440
489,10,994.1642132730001,8960
489,5,2256.7799278040675,4480
490,80,57.020958365022906,71680
490,75,57.32449823520902,67200
490,70,66.21200184347481,62720
490,65,82.02088891875545,58240
490,60,87.11579056362403,53760
490,55,89.11783495763343,49280
490,50,109.54535134900667,44800
490,45,111.63561502566468,40320
490,40,119.13014846557134,35840
490,35,126.2817603876755,31360
490,30,135.23969161975955,26880
490,25,146.31565489733788,22400
490,20,171.26051058723903,17920
490,15,198.96265798837666,13440
490,10,257.2382630493417,8960
490,5,368.58816601197736,4480
491,80,0.22538059820975717,71680
491,75,0.44602011513352613,67200
491,70,0.4614223061116457,62720
491,65,0.6059840868170222,58240
491,60,0.6802519815984923,53760
491,55,0.885215012129781,49280
491,50,1.251383509609238,44800
491,45,1.3533960473463014,40320
491,40,2.168634935546506,35840
491,35,2.2023008944218008,31360
491,30,2.4872860332320688,26880
491,25,2.661098167478909,22400
491,20,2.8155749296596846,17920
491,15,3.209974885200619,13440
491,10,8.951797089170901,8960
491,5,15.29399987310532,4480
492,80,2.158268806618032,71680
492,75,2.7979887277545106,67200
492,70,3.0472020027510167,62720
492,65,19.54778676585125,58240
492,60,20.622652430774792,53760
492,55,21.373401668008864,49280
492,50,27.97986172102675,44800
492,45,44.23737847275589,40320
492,40,48.595301771157196,35840
492,35,48.7478753127994,31360
492,30,48.964444826876786,26880
492,25,60.83754936068362,22400
492,20,61.12338186406288,17920
492,15,66.96606339115802,13440
492,10,68.33578803277281,8960
492,5,75.97676379773871,4480
493,80,94.38714678337551,71680
493,75,98.61799267837429,67200
493,70,99.21780630087525,62720
493,65,99.39112883033128,58240
493,60,100.05483129765162,53760
493,55,100.69609757074917,49280
493,50,101.86577910073773,44800
493,45,102.43792894667645,40320
493,40,106.61132890125208,35840
493,35,119.8512055282605,31360
493,30,126.37805622804783,26880
493,25,133.0341869134304,22400
493,20,155.45866333953342,17920
493,15,172.217596870902,13440
493,10,262.29826220925975,8960
493,5,354.4290128657434,4480
494,80,108.77923848903406,71680
494,75,108.8450775945083,67200
494,70,110.4450398665294,62720
494,65,110.77082978934736,58240
494,60,110.88244496082798,53760
494,55,122.60027378025644,49280
494,50,123.0922208023341,44800
494,45,149.47203318611156,40320
494,40,171.4678939692309,35840
494,35,172.25909221988468,31360
494,30,172.8151384477371,26880
494,25,173.5648271476895,22400
494,20,174.40163100326814,17920
494,15,205.3481354474891,13440
494,10,381.249743904459,8960
494,5,1021.3157486629301,4480
495,80,33.80892135894556,71680
495,75,37.37507856646225,67200
495,70,38.463985042155066,62720
495,65,39.90818497940935,58240
495,60,42.70591118683079,53760
495,55,49.91532623902709,49280
495,50,61.857317549167284,44800
495,45,64.02604274569781,40320
495,40,66.5320517539698,35840
495,35,68.63450997344732,31360
495,30,72.94857329826384,26880
495,25,77.31600844448946,22400
495,20,84.13661801082154,17920
495,15,91.7631362391788,13440
495,10,104.42346454123741,8960
495,5,125.03573698951809,4480
496,80,6.329756188794942,71680
496,75,9.500886876074992,67200
496,70,9.79092322429734,62720
496,65,10.597599468139613,58240
496,60,10.724051662742003,53760
496,55,10.868972681367511,49280
496,50,12.924894467938831,44800
496,45,13.163209270077962,40320
496,40,13.217295717602166,35840
496,35,13.485758608196269,31360
496,30,17.485100094708834,26880
496,25,117.23130212722982,22400
496,20,118.05409266360972,17920
496,15,129.72842259773523,13440
496,10,200.50765732428593,8960
496,5,423.6884878022811,4480
497,80,180.13083685411164,71680
497,75,182.5973646262296,67200
497,70,182.88592137888503,62720
497,65,184.52580027205894,58240
497,60,186.09343653917568,53760
497,55,186.65579324749262,49280
497,50,189.4193369843813,44800
497,45,215.16274245343809,40320
497,40,222.75122554469843,35840
497,35,237.35730556452708,31360
497,30,239.50668200772398,26880
497,25,255.50222455241723,22400
497,20,264.9271695876182,17920
497,15,284.36784023215336,13440
497,10,357.709468686085,8960
497,5,381.9467110104346,4480
498,80,1258.6319698567402,71680
498,75,1265.2485325757405,67200
498,70,1269.305771831216,62720
498,65,1287.9485001363832,58240
498,60,1311.2859323584844,53760
498,55,1349.923033708998,49280
498,50,1356.3868954946424,44800
498,45,1376.362704310728,40320
498,40,1388.4967035498887,35840
498,35,1424.4633499367726,31360
498,30,1431.1765092932555,26880
498,25,1484.606115363849,22400
498,20,1556.551650720536,17920
498,15,1681.7888757338576,13440
498,10,1794.431884658856,8960
498,5,2891.039540726886,4480
499,80,23.185239000715395,71680
499,75,57.456793179240655,67200
499,70,68.43265054726,62720
499,65,76.54946809739513,58240
499,60,77.81107793316887,53760
499,55,78.50210069439639,49280
499,50,79.28305311326719,44800
499,45,80.20054474352375,40320
499,40,81.17822902430872,35840
499,35,81.41383100547289,31360
499,30,81.91896974201383,26880
499,25,82.7792294249441,22400
499,20,83.20610974091085,17920
499,15,83.7202166378135,13440
499,10,91.73382726509983,8960
499,5,96.76693847754586,4480
500,80,27.359706498017612,71680
500,75,29.33414790467864,67200
500,70,33.12511637062542,62720
500,65,34.63527827960134,58240
500,60,34.99249040769896,53760
500,55,35.89172020057665,49280
500,50,36.59637432934004,44800
500,45,36.93104391705991,40320
500,40,38.22535466533725,35840
500,35,39.66673260659135,31360
500,30,40.19536687356699,26880
500,25,42.652376321313554,22400
500,20,45.05287120262147,17920
500,15,49.918454057492525,13440
500,10,57.720169317172285,8960
500,5,118.2534123151846,4480
501,80,144.99268948141693,71680
501,75,145.11931020997375,67200
501,70,147.18295247198986,62720
501,65,150.65067167203594,58240
501,60,153.4903894577898,53760
501,55,156.85290949056622,49280
501,50,160.62719627250212,44800
501,45,161.28733681648131,40320
501,40,165.72944381619556,35840
501,35,178.9296907881529,31360
501,30,185.7733528094055,26880
501,25,203.2706456262903,22400
501,20,236.4989614304474,17920
501,15,257.87968807421646,13440
501,10,303.6637057521867,8960
501,5,405.19699275638015,4480
502,80,12.55574903134788,71680
502,75,13.014550087709662,67200
502,70,13.263410168459446,62720
502,65,25.798338327778303,58240
502,60,34.93968765382288,53760
502,55,43.838306683356585,49280
502,50,51.95721267949985,44800
502,45,59.20248004020006,40320
502,40,60.229886052451725,35840
502,35,63.77526607766706,31360
502,30,70.74671429860453,26880
502,25,75.31872905621714,22400
502,20,81.25562952800183,17920
502,15,90.74227595376148,13440
502,10,170.54330421149092,8960
502,5,381.1849426148295,4480
503,80,251.19581303981082,71680
503,75,253.01182949939,67200
503,70,255.26059892436186,62720
503,65,267.3733892706337,58240
503,60,274.6184279001718,53760
503,55,277.9712191486032,49280
503,50,292.3994421923177,44800
503,45,304.2336026664315,40320
503,40,307.5682788464524,35840
503,35,316.30582112276994,31360
503,30,337.00265250059306,26880
503,25,341.6918921556919,22400
503,20,382.67312083850004,17920
503,15,387.6857709079628,13440
503,10,459.4368930765176,8960
503,5,682.3477736183605,4480
504,80,0.22220523096916944,71680
504,75,0.4426714225853266,67200
504,70,0.4581226988024194,62720
504,65,0.6027546316429946,58240
504,60,0.6768690200524237,53760
504,55,0.8823473626910568,49280
504,50,1.248593914014874,44800
504,45,1.3506318513597306,40320
504,40,2.165551386491393,35840
504,35,2.1994087952796106,31360
504,30,2.485009269193248,26880
504,25,2.659053064782375,22400
504,20,2.8141516934009303,17920
504,15,3.208716259081267,13440
504,10,8.955016035780192,8960
504,5,15.297248850423653,4480
505,80,19.9184635747673,71680
505,75,39.88016762073648,67200
505,70,41.51043543572568,62720
505,65,53.35958981335636,58240
505,60,54.8151028344802,53760
505,55,57.058886431649796,49280
505,50,60.94446352248851,44800
505,45,93.85695537672731,40320
505,40,95.71131011523654,35840
505,35,95.91909804457991,31360
505,30,97.43520910165793,26880
505,25,154.98926562404796,22400
505,20,156.17517362044353,17920
505,15,199.8865582886761,13440
505,10,234.6676666940283,8960
505,5,417.9913028075944,4480
506,80,172.0149607856971,71680
506,75,178.1677961960619,67200
506,70,183.53555502855372,62720
506,65,189.28177290584597,58240
506,60,192.53576698398234,53760
506,55,195.72684130575186,49280
506,50,201.50214956516274,44800
506,45,204.34574958714657,40320
506,40,210.11397205548536,35840
506,35,235.94226428370595,31360
506,30,254.07165728495426,26880
506,25,262.21870764536607,22400
506,20,298.9047588099923,17920
506,15,334.8395311377767,13440
506,10,369.7026867323972,8960
506,5,471.36244823725673,4480
507,80,10.719965630163887,71680
507,75,10.922374028391186,67200
507,70,11.759842327339085,62720
507,65,12.284652202977467,58240
507,60,13.203905631751613,53760
507,55,13.593089592355003,49280
507,50,13.9888162506479,44800
507,45,14.184733794401964,40320
507,40,15.291051657779175,35840
507,35,15.689556204520215,31360
507,30,16.412001766629583,26880
507,25,17.21558539114497,22400
507,20,17.878245230635233,17920
507,15,19.459767148605795,13440
507,10,24.17345596115938,8960
507,5,41.31228627704548,4480
508,80,381.835450826145,71680
508,75,388.7583847683728,67200
508,70,392.9337817998252,62720
508,65,394.01970131153564,58240
508,60,395.8591560820938,53760
508,55,398.23562239991065,49280
508,50,405.5280855943633,44800
508,45,407.5481477067793,40320
508,40,410.6185762946409,35840
508,35,414.2997266585292,31360
508,30,419.13238750125635,26880
508,25,429.22638113142415,22400
508,20,446.73534786366076,17920
508,15,452.47907705888593,13440
508,10,513.1223755556196,8960
508,5,584.6242830498899,4480
509,80,20.542550935161422,71680
509,75,23.84984973642687,67200
509,70,24.885549896224017,62720
509,65,28.38525839914362,58240
509,60,33.753653864823775,53760
509,55,61.485087738103736,49280
509,50,76.98449728371459,44800
509,45,79.93997531461584,40320
509,40,81.13791769901137,35840
509,35,81.81482259678474,31360
509,30,86.05881892621736,26880
509,25,88.45291932801867,22400
509,20,108.72344696063907,17920
509,15,117.26499098293243,13440
509,10,133.62127121999717,8960
509,5,152.67256276447594,4480
510,80,7.926655756599447,71680
510,75,9.275860560426997,67200
510,70,10.217433285407703,62720
510,65,11.09937657243748,58240
510,60,11.484367357124157,53760
510,55,12.508839853097339,49280
510,50,16.01710663537644,44800
510,45,19.006511106033077,40320
510,40,20.102339010745958,35840
510,35,23.446370096384637,31360
510,30,31.095933978404023,26880
510,25,35.66301654545877,22400
510,20,43.47030283601266,17920
510,15,57.00340454702742,13440
510,10,178.7742882806827,8960
510,5,338.4611127355337,4480
511,80,541.4600138111952,71680
511,75,546.6106179501036,67200
511,70,550.610254543707,62720
511,65,555.2535685004019,58240
511,60,560.0871456923013,53760
511,55,562.9400451157195,49280
511,50,564.7625434953617,44800
511,45,566.0262948992166,40320
511,40,583.1064685254001,35840
511,35,617.592690700977,31360
511,30,711.0248252800664,26880
511,25,801.4674574819595,22400
511,20,831.0340921744702,17920
511,15,873.3361728171516,13440
511,10,928.5755054864578,8960
511,5,1031.2887456634548,4480
512,80,493.09730434569,71680
512,75,494.06090791634654,67200
512,70,495.2123668206385,62720
512,65,495.4254997209489,58240
512,60,500.60612308055744,53760
512,55,501.06200239278166,49280
512,50,529.7057390671977,44800
512,45,537.3489654055901,40320
512,40,545.7662275814286,35840
512,35,571.0740300041205,31360
512,30,577.2980382574409,26880
512,25,588.5996712646224,22400
512,20,623.8319723794207,17920
512,15,660.1474737406606,13440
512,10,872.5446527044227,8960
512,5,1106.7058332093625,4480
513,80,3.861329435361673,71680
513,75,4.68967721021411,67200
513,70,4.863034916547917,62720
513,65,16.133750273908902,58240
513,60,17.039112377002862,53760
513,55,17.85790518736274,49280
513,50,20.699428348425986,44800
513,45,27.781516561589036,40320
513,40,30.779027711782586,35840
513,35,30.898159004075822,31360
513,30,31.07380882195217,26880
513,25,34.7985284031463,22400
513,20,35.00490304431417,17920
513,15,37.15920232965668,13440
513,10,39.20214734571051,8960
513,5,40.39336299240473,4480
514,80,0.00040928726816092515,71680
514,75,0.0004578872084443504,67200
514,70,0.00047133980599351806,62720
514,65,0.0005372845216511902,58240
514,60,0.0007898366901020103,53760
514,55,0.001017997696500053,49280
514,50,0.00193401944835156,44800
514,45,0.003051155006227154,40320
514,40,0.005058206140567403,35840
514,35,0.00807175663828213,31360
514,30,0.01803147403277549,26880
514,25,0.033943062110879815,22400
514,20,0.07999479910089942,17920
514,15,0.10363376474344949,13440
514,10,0.32791171802157004,8960
514,5,3.450568008256963,4480
515,80,58.67489499154346,71680
515,75,58.68013722025623,67200
515,70,58.801633893362926,62720
515,65,58.83093174759479,58240
515,60,59.31530433375441,53760
515,55,110.38869468437912,49280
515,50,113.02949075255536,44800
515,45,121.4254279085431,40320
515,40,128.26594977852744,35840
515,35,128.79477372142443,31360
515,30,130.36820748234118,26880
515,25,132.52329717326435,22400
515,20,134.21284854386792,17920
515,15,169.68650186363746,13440
515,10,370.7331600969511,8960
515,5,1098.6358758160334,4480
516,80,64.19820152509998,71680
516,75,64.3869887763763,67200
516,70,65.2976257872865,62720
516,65,65.31821937288564,58240
516,60,65.33833200786326,53760
516,55,67.43315705782732,49280
516,50,68.11934065964876,44800
516,45,108.09270021874634,40320
516,40,136.6854148595838,35840
516,35,137.76123914144176,31360
516,30,138.20217992614096,26880
516,25,139.72108671001848,22400
516,20,141.6306202568348,17920
516,15,161.84722410062625,13440
516,10,280.02393210153775,8960
516,5,774.1747790198701,4480
517,80,2.4927233349376023,71680
517,75,2.7152601545239525,67200
517,70,2.8242711539600767,62720
517,65,3.039773219928462,58240
517,60,3.197267828348854,53760
517,55,3.5514074379567164,49280
517,50,4.084403778623127,44800
517,45,4.125815817226854,40320
517,40,4.964790506894436,35840
517,35,5.098077779802903,31360
517,30,5.63045731995725,26880
517,25,5.938380038445026,22400
517,20,6.042262331950227,17920
517,15,6.577993322594021,13440
517,10,14.396873870569888,8960
517,5,22.80459550379139,4480
518,80,1574.0038546903418,71680
518,75,1585.8120602169977,67200
518,70,1599.0449598069022,62720
518,65,1642.828810140664,58240
518,60,1651.210071740271,53760
518,55,1710.6161841130013,49280
518,50,1725.067649617452,44800
518,45,1753.2885419035947,40320
518,40,1783.556713978355,35840
518,35,1818.6005807553322,31360
518,30,1925.710147985381,26880
518,25,2023.1267594091596,22400
518,20,2094.4707794246515,17920
518,15,2116.1671071388027,13440
518,10,2280.8503107558504,8960
518,5,2472.2343470825363,4480
519,80,198.34945654128285,71680
519,75,198.59781577023142,67200
519,70,200.34511742869256,62720
519,65,203.46159440008142,58240
519,60,210.748166808773,53760
519,55,224.1905608092722,49280
519,50,250.2953215900036,44800
519,45,296.3701564012603,40320
519,40,312.3795531294641,35840
519,35,313.68757017169594,31360
519,30,355.97887108943104,26880
519,25,366.20953842587977,22400
519,20,399.9741091755271,17920
519,15,449.60148583180825,13440
519,10,496.9694182350257,8960
519,5,722.9520794335384,4480
520,80,440.8245659990583,71680
520,75,441.5160742681265,67200
520,70,441.83333614448907,62720
520,65,442.5173041431918,58240
520,60,443.11005653590144,53760
520,55,444.5683399716435,49280
520,50,509.08978263021595,44800
520,45,515.7105055354702,40320
520,40,516.6077638261094,35840
520,35,529.6443253786186,31360
520,30,546.4429731195082,26880
520,25,580.5675170924718,22400
520,20,597.0561110306732,17920
520,15,656.2257935601322,13440
520,10,972.4656804322664,8960
520,5,1199.0870322275778,4480
521,80,11.17885641225428,71680
521,75,11.644050512390594,67200
521,70,11.83855455775177,62720
521,65,22.663271107019682,58240
521,60,23.43203958103899,53760
521,55,24.704092908428645,49280
521,50,30.557920150388938,44800
521,45,60.06100653450737,40320
521,40,62.67350791008927,35840
521,35,62.937029137743245,31360
521,30,63.94166359511321,26880
521,25,90.46105939278767,22400
521,20,91.88041669797548,17920
521,15,132.32043066786673,13440
521,10,210.18640350136326,8960
521,5,438.5217326942854,4480
522,80,12.730197131011268,71680
522,75,20.92916093466486,67200
522,70,21.60234110744688,62720
522,65,22.063263940027003,58240
522,60,22.11838607821449,53760
522,55,22.692009730651737,49280
522,50,23.428635407922474,44800
522,45,23.82396687370185,40320
522,40,26.165485491300803,35840
522,35,31.91127631503396,31360
522,30,38.60620782530113,26880
522,25,50.955545019944076,22400
522,20,54.3773781722265,17920
522,15,72.6546246700395,13440
522,10,91.69512605113671,8960
522,5,120.49206414607376,4480
523,80,23.28438580912364,71680
523,75,26.13051478637965,67200
523,70,32.865290756910525,62720
523,65,38.84435060489285,58240
523,60,39.93991968105142,53760
523,55,40.94439388431185,49280
523,50,44.730576399140375,44800
523,45,47.94623046400371,40320
523,40,48.155359044585396,35840
523,35,50.65998677366284,31360
523,30,54.443788848842004,26880
523,25,56.01555620898172,22400
523,20,63.3431073748236,17920
523,15,70.07101119987016,13440
523,10,180.7050249114027,8960
523,5,342.5357918280809,4480
524,80,18.43433202748662,71680
524,75,20.12522822177407,67200
524,70,20.24519933522967,62720
524,65,21.08782381573881,58240
524,60,21.18100698604318,53760
524,55,21.415808645100594,49280
524,50,30.574032306093052,44800
524,45,60.298242528219674,40320
524,40,63.95107121209242,35840
524,35,64.11556411792247,31360
524,30,66.17800435219895,26880
524,25,122.21707796455807,22400
524,20,122.91759142084912,17920
524,15,157.73218087611986,13440
524,10,167.45165576882727,8960
524,5,222.1011296507834,4480
525,80,1.8381297162240036,71680
525,75,2.276868887717927,67200
525,70,2.360843635356026,62720
525,65,2.5813937335694197,58240
525,60,2.7039841681323726,53760
525,55,3.0783619462772913,49280
525,50,3.449931964268998,44800
525,45,3.512126311474012,40320
525,40,4.28592846248205,35840
525,35,4.391830808838924,31360
525,30,4.549999915866306,26880
525,25,4.850164018341832,22400
525,20,5.214744419819019,17920
525,15,5.796493906753859,13440
525,10,12.61342490288398,8960
525,5,18.348064264075106,4480
526,80,62.786662145752175,71680
526,75,62.91827208017704,67200
526,70,63.027497571302035,62720
526,65,63.06293062120189,58240
526,60,63.12431475173319,53760
526,55,63.54773880976424,49280
526,50,63.72289309884229,44800
526,45,74.42928220960503,40320
526,40,84.02304654192356,35840
526,35,84.44581336856497,31360
526,30,84.63320251261987,26880
526,25,84.91859303507495,22400
526,20,85.72400702511679,17920
526,15,90.67683146887377,13440
526,10,112.64896161899502,8960
526,5,273.1483009316828,4480
527,80,12.215979638790271,71680
527,75,13.1005734634183,67200
527,70,13.615439077601645,62720
527,65,14.596865001472407,58240
527,60,14.810759219588823,53760
527,55,15.078876712748277,49280
527,50,15.524315906416792,44800
527,45,15.844095069041414,40320
527,40,16.802281681991232,35840
527,35,16.906004955494172,31360
527,30,17.22344138246134,26880
527,25,17.515744217894266,22400
527,20,17.685290005935887,17920
527,15,18.006392173156993,13440
527,10,24.374382853182983,8960
527,5,29.377231258374465,4480
528,80,0.00040928726816092515,71680
528,75,0.0004578872084443504,67200
528,70,0.00047133980599351806,62720
528,65,0.0005372845216511902,58240
528,60,0.0007898366901020103,53760
528,55,0.001017997696500053,49280
528,50,0.00193401944835156,44800
528,45,0.003051155006227154,40320
528,40,0.005058206140567403,35840
528,35,0.00807175663828213,31360
528,30,0.01803147403277549,26880
528,25,0.033943062110879815,22400
528,20,0.07999479910089942,17920
528,15,0.10363376474344949,13440
528,10,0.32791171802157004,8960
528,5,3.450568008256963,4480
529,80,14.421339165416745,71680
529,75,53.210586484724345,67200
529,70,65.42671981271496,62720
529,65,74.28658430391377,58240
529,60,75.70300336172001,53760
529,55,76.44887106727586,49280
529,50,77.33022498148591,44800
529,45,78.22304578045431,40320
529,40,79.21925938591188,35840
529,35,79.46701764783107,31360
529,30,80.04715733868086,26880
529,25,80.95471111069966,22400
529,20,81.31001359343533,17920
529,15,81.79991658727724,13440
529,10,89.91355116549272,8960
529,5,94.83374033217127,4480
530,80,24.490345976556245,71680
530,75,24.659361121429843,67200
530,70,24.804330231016817,62720
530,65,24.945255927835827,58240
530,60,25.036592910633363,53760
530,55,25.278317779673486,49280
530,50,25.646938519212725,44800
530,45,27.49434298135004,40320
530,40,29.79039264070629,35840
530,35,29.97944148166053,31360
530,30,30.238938781229177,26880
530,25,30.37318595384409,22400
530,20,30.919893301932337,17920
530,15,32.23356588067814,13440
530,10,35.28773585383387,8960
530,5,78.86746627758511,4480
531,80,0.22458202865728935,71680
531,75,0.4450984168723556,67200
531,70,0.4605077196918441,62720
531,65,0.6050941344647207,58240
531,60,0.6791165673795241,53760
531,55,0.8848329103519147,49280
531,50,1.2508465555062382,44800
531,45,1.3529211563960277,40320
531,40,2.167631960703359,35840
531,35,2.201426428696866,31360
531,30,2.4870258335541666,26880
531,25,2.660740142546992,22400
531,20,2.815697722053431,17920
531,15,3.2103693163358322,13440
531,10,8.955905538336953,8960
531,5,15.299497481316397,4480
532,80,278.3443616282456,71680
532,75,278.40510825670486,67200
532,70,278.6312193003595,62720
532,65,278.7023830062488,58240
532,60,278.76071344223953,53760
532,55,281.46997715235983,49280
532,50,372.33828057293914,44800
532,45,378.3151943580868,40320
532,40,379.6982129536001,35840
532,35,387.01716407105704,31360
532,30,389.1808402250605,26880
532,25,390.8807696466252,22400
532,20,407.51624036852814,17920
532,15,429.6153745012612,13440
532,10,772.4678516562229,8960
532,5,1084.0479976004822,4480
533,80,95.88140376586138,71680
533,75,95.90721977825147,67200
533,70,106.93786016779123,62720
533,65,128.06093746858593,58240
533,60,139.10678735804578,53760
533,55,143.8491453795331,49280
533,50,166.6737634907532,44800
533,45,168.50785427048731,40320
533,40,174.85896765089853,35840
533,35,177.5744405560282,31360
533,30,186.0192708908247,26880
533,25,193.05364773903145,22400
533,20,215.88467641388186,17920
533,15,247.74915118316312,13440
533,10,316.82706776472935,8960
533,5,421.05507437023215,4480
534,80,0.8324097997201765,71680
534,75,1.1094735616302198,67200
534,70,1.2119270887634976,62720
534,65,1.4751690640666018,58240
534,60,1.645951469001867,53760
534,55,2.0316978941705015,49280
534,50,2.570904476501066,44800
534,45,2.6520161732770404,40320
534,40,3.4330058316808243,35840
534,35,3.54816505316726,31360
534,30,3.9262938558732974,26880
534,25,4.175186178851542,22400
534,20,4.377740062389726,17920
534,15,4.834485518565999,13440
534,10,11.867628155140883,8960
534,5,18.88970004042282,4480
535,80,18.476651313935296,71680
535,75,20.814568492043243,67200
535,70,20.997010557383014,62720
535,65,21.26217026127717,58240
535,60,21.417482440944287,53760
535,55,21.816969379271743,49280
535,50,30.108182133638184,44800
535,45,58.44777110315738,40320
535,40,61.51406540475281,35840
535,35,61.67276247975195,31360
535,30,64.16810787283632,26880
535,25,127.16783842939891,22400
535,20,128.01913530748303,17920
535,15,169.54938655833035,13440
535,10,182.53086910903966,8960
535,5,249.0172731935873,4480
536,80,0.22220523096916944,71680
536,75,0.4426714225853266,67200
536,70,0.4581226988024194,62720
536,65,0.6027546316429946,58240
536,60,0.6768690200524237,53760
536,55,0.8823473626910568,49280
536,50,1.248593914014874,44800
536,45,1.3506318513597306,40320
536,40,2.165551386491393,35840
536,35,2.1994087952796106,31360
536,30,2.485009269193248,26880
536,25,2.659053064782375,22400
536,20,2.8141516934009303,17920
536,15,3.208716259081267,13440
536,10,8.955016035780192,8960
536,5,15.297248850423653,4480
537,80,129.2247126696197,71680
537,75,130.78335272919955,67200
537,70,132.91393489483426,62720
537,65,139.41704455497302,58240
537,60,142.28191802406968,53760
537,55,143.25651300509355,49280
537,50,146.8252060649552,44800
537,45,166.65880264357253,40320
537,40,170.90625275924344,35840
537,35,174.9408128270727,31360
537,30,200.97348701747393,26880
537,25,226.6513460189183,22400
537,20,285.07527872658807,17920
537,15,332.6888093605262,13440
537,10,468.2625599556535,8960
537,5,586.9370792826344,4480
538,80,441.5240975671064,71680
538,75,443.36334262947577,67200
538,70,447.571804684608,62720
538,65,448.705362628,58240
538,60,462.63656817916564,53760
538,55,465.93619668953636,49280
538,50,474.75980257851165,44800
538,45,478.4281400940966,40320
538,40,481.94634588692577,35840
538,35,504.46156696137274,31360
538,30,517.3600145389424,26880
538,25,534.8551650058945,22400
538,20,545.1569862169255,17920
538,15,559.7073472486812,13440
538,10,639.8142310933839,8960
538,5,665.0865080216785,4480
539,80,17.659420237132863,71680
539,75,18.331103887824405,67200
539,70,19.241007953366882,62720
539,65,27.292808156951498,58240
539,60,33.30605701532244,53760
539,55,35.196256713043844,49280
539,50,40.212432977117494,44800
539,45,41.04165481677583,40320
539,40,41.97190408914765,35840
539,35,43.46183144810421,31360
539,30,45.01832354291949,26880
539,25,45.63628131068008,22400
539,20,48.6935649507853,17920
539,15,52.10330042766708,13440
539,10,56.173135778264275,8960
539,5,81.77119722679598,4480
540,80,1.910908665642423,71680
540,75,1.9643036675734695,67200
540,70,2.050130623906587,62720
540,65,2.3781859896379047,58240
540,60,2.5096883748755787,53760
540,55,2.7290125191396,49280
540,50,3.08699112827684,44800
540,45,3.242193033810188,40320
540,40,4.101949878782691,35840
540,35,4.144659779382959,31360
540,30,4.398449069627056,26880
540,25,4.588671443878233,22400
540,20,4.760175151146999,17920
540,15,5.12533610622762,13440
540,10,10.955794991233557,8960
540,5,16.825279859149013,4480
541,80,0.001227982654583494,71680
541,75,0.0013002494800614759,67200
541,70,0.0013156878161672372,62720
541,65,0.001391123245417014,58240
541,60,0.001618329113064502,53760
541,55,0.0018528087256660909,49280
541,50,0.0027310752464538134,44800
541,45,0.0038194552503104163,40320
541,40,0.005820260711578061,35840
541,35,0.008843472009841775,31360
541,30,0.018856293027426214,26880
541,25,0.03455241376692605,22400
541,20,0.08069313092090455,17920
541,15,0.10440367565447264,13440
541,10,0.32990715821166156,8960
541,5,3.448811655292125,4480
542,80,0.22220523096916944,71680
542,75,0.4426714225853266,67200
542,70,0.4581226988024194,62720
542,65,0.6027546316429946,58240
542,60,0.6768690200524237,53760
542,55,0.8823473626910568,49280
542,50,1.248593914014874,44800
542,45,1.3506318513597306,40320
542,40,2.165551386491393,35840
542,35,2.1994087952796106,31360
542,30,2.485009269193248,26880
542,25,2.659053064782375,22400
542,20,2.8141516934009303,17920
542,15,3.208716259081267,13440
542,10,8.955016035780192,8960
542,5,15.297248850423653,4480
543,80,24.98066602658704,71680
543,75,27.29690286898607,67200
543,70,31.383059251064797,62720
543,65,34.47686962910252,58240
543,60,34.67834889470294,53760
543,55,35.25317966712799,49280
543,50,38.61936227184188,44800
543,45,41.524108096274965,40320
543,40,41.85476342298319,35840
543,35,44.78648598456152,31360
543,30,50.454476412288294,26880
543,25,53.17518516116718,22400
543,20,60.70387186250983,17920
543,15,70.16480466398819,13440
543,10,184.1346480577889,8960
543,5,345.1685273650021,4480
544,80,446.9891226220385,71680
544,75,455.3145049943367,67200
544,70,458.8471314564134,62720
544,65,460.1256242711215,58240
544,60,461.0776161769948,53760
544,55,462.1601725818038,49280
544,50,469.6571992106849,44800
544,45,474.8279305279906,40320
544,40,476.9878618547993,35840
544,35,483.60461262755285,31360
544,30,491.2256905454015,26880
544,25,505.5985689358437,22400
544,20,520.5373140734497,17920
544,15,525.4269801833992,13440
544,10,591.8609381860215,8960
544,5,703.649373923771,4480
545,80,13.364452565567387,71680
545,75,20.46357099019532,67200
545,70,21.163650747716844,62720
545,65,21.644728316080474,58240
545,60,21.70946548387365,53760
545,55,22.39248005746007,49280
545,50,22.902210637521684,44800
545,45,23.153363786467565,40320
545,40,24.998581411592067,35840
545,35,29.173719391978292,31360
545,30,34.11491762031597,26880
545,25,43.749606555573564,22400
545,20,46.72306010272207,17920
545,15,60.70276348772053,13440
545,10,78.31757035789309,8960
545,5,100.99256463450924,4480
546,80,7.76340545027155,71680
546,75,10.05104647522108,67200
546,70,10.39079628541864,62720
546,65,11.649984785083154,58240
546,60,11.738964206943761,53760
546,55,12.671935442876297,49280
546,50,30.92299625292862,44800
546,45,39.32268300298125,40320
546,40,39.61716474097765,35840
546,35,40.59736338092809,31360
546,30,42.74635331292945,26880
546,25,45.66411349254805,22400
546,20,46.24840937825175,17920
546,15,53.914875377143865,13440
546,10,71.47783552771054,8960
546,5,116.2912482869809,4480
547,80,81.06199601418018,71680
547,75,87.67607500825953,67200
547,70,98.31325654074132,62720
547,65,103.48218954411331,58240
547,60,106.22700413549364,53760
547,55,117.86946000468788,49280
547,50,127.35215812546295,44800
547,45,141.65456070000627,40320
547,40,146.12834310534342,35840
547,35,150.43584176043808,31360
547,30,166.53346266227013,26880
547,25,189.09858460838814,22400
547,20,235.31117220130193,17920
547,15,283.13843252968604,13440
547,10,395.91827432457353,8960
547,5,503.5832522898265,4480
548,80,19.798752934492214,71680
548,75,21.764452736619667,67200
548,70,24.959504315998384,62720
548,65,28.451692152968572,58240
548,60,29.397990841792115,53760
548,55,31.004513244647637,49280
548,50,31.94606543737208,44800
548,45,33.191612166805946,40320
548,40,34.08719014935934,35840
548,35,35.396107252237684,31360
548,30,40.51194809989642,26880
548,25,42.72262192161545,22400
548,20,46.30606644277245,17920
548,15,54.328996652073045,13440
548,10,145.87820821698227,8960
548,5,265.68461022845423,4480
549,80,18.9051613896358,71680
549,75,21.806648259042852,67200
549,70,25.79043400420793,62720
549,65,30.03931592209914,58240
549,60,31.033109666104863,53760
549,55,32.782181967535394,49280
549,50,34.05482339485331,44800
549,45,35.24943161450439,40320
549,40,36.04060211897867,35840
549,35,37.27219529769048,31360
549,30,42.27331772694713,26880
549,25,44.36369028203027,22400
549,20,47.60546658610724,17920
549,15,54.76535211352082,13440
549,10,140.79452489988861,8960
549,5,251.90561195385928,4480
550,80,292.9103962720904,71680
550,75,296.73750852661794,67200
550,70,298.19589767858116,62720
550,65,306.6600385977615,58240
550,60,312.6896248091196,53760
550,55,315.6419333681625,49280
550,50,331.1750359620617,44800
550,45,339.6033806453078,40320
550,40,342.4046656951235,35840
550,35,348.19683907320626,31360
550,30,364.0230014996661,26880
550,25,370.48403652228103,22400
550,20,400.9498969167256,17920
550,15,412.2207148716985,13440
550,10,476.79911074616444,8960
550,5,651.9198755348176,4480
551,80,386.06306452615803,71680
551,75,386.53747293511526,67200
551,70,387.3414147935927,62720
551,65,388.56513271082457,58240
551,60,389.47257298534026,53760
551,55,390.04797647631864,49280
551,50,390.91465576968835,44800
551,45,392.00303935952485,40320
551,40,419.0515459052639,35840
551,35,432.34791329136306,31360
551,30,482.1932436136532,26880
551,25,515.8992733291278,22400
551,20,570.2419537036122,17920
551,15,597.7160477811254,13440
551,10,625.4802128242063,8960
551,5,679.9200708787208,4480
552,80,11.90032508364177,71680
552,75,15.949966041123417,67200
552,70,17.81456180841868,62720
552,65,20.976637703592647,58240
552,60,21.26371854095643,53760
552,55,22.081199437859954,49280
552,50,32.08380951625514,44800
552,45,36.42266988785523,40320
552,40,36.64437292400312,35840
552,35,37.59538669672212,31360
552,30,40.689569890039984,26880
552,25,42.59431206849912,22400
552,20,43.67169198514758,17920
552,15,45.85364599250502,13440
552,10,76.27699696337996,8960
552,5,124.30999201777448,4480
553,80,214.5109756916034,71680
553,75,218.99361310598673,67200
553,70,220.03430243957035,62720
553,65,224.98558704182062,58240
553,60,227.8155986616693,53760
553,55,232.50010281255567,49280
553,50,237.81281483466736,44800
553,45,240.3882989389957,40320
553,40,241.90159441006037,35840
553,35,244.38976429368,31360
553,30,247.65526223379084,26880
553,25,253.36977287554498,22400
553,20,260.1127714382444,17920
553,15,265.46842424254277,13440
553,10,295.0914450255213,8960
553,5,331.5962596174969,4480
554,80,1694.4879263785188,71680
554,75,1732.6895088234241,67200
554,70,1755.6020604046757,62720
554,65,1768.0476145956718,58240
554,60,1792.2965971186036,53760
554,55,1854.8612952963583,49280
554,50,1876.0778293534208,44800
554,45,1901.7359739439455,40320
554,40,1937.243975567057,35840
554,35,2077.9869252885874,31360
554,30,2321.0316384971497,26880
554,25,2359.0565921034113,22400
554,20,2466.143302554378,17920
554,15,2567.963349868965,13440
554,10,2839.3422798484457,8960
554,5,3061.659049457091,4480
555,80,8.003583637426056,71680
555,75,9.241674805021933,67200
555,70,10.560317690310917,62720
555,65,13.751070744518566,58240
555,60,14.539132770235303,53760
555,55,15.960886734382086,49280
555,50,29.656844031246685,44800
555,45,41.00824950410877,40320
555,40,41.301491507219595,35840
555,35,41.50945118398398,31360
555,30,42.19535288269596,26880
555,25,53.95020318878713,22400
555,20,54.491752976097416,17920
555,15,124.85745306521623,13440
555,10,130.14312081762768,8960
555,5,210.79768256800585,4480
556,80,66.61009726826583,71680
556,75,66.74705577810577,67200
556,70,66.85387819811707,62720
556,65,66.88481706231688,58240
556,60,66.93752881370301,53760
556,55,67.54264484723684,49280
556,50,67.75278098439442,44800
556,45,82.27597659918631,40320
556,40,94.7447563259294,35840
556,35,95.26508787056434,31360
556,30,95.50895679372675,26880
556,25,95.9262301654019,22400
556,20,96.87739595711386,17920
556,15,103.0887521028991,13440
556,10,132.73733224986344,8960
556,5,327.3730703037241,4480
557,80,0.22455945926888596,71680
557,75,0.44509239724508354,67200
557,70,0.4605155520390966,62720
557,65,0.605089998184502,58240
557,60,0.6790767690064754,53760
557,55,0.8848052326839468,49280
557,50,1.250861333060943,44800
557,45,1.3529336498521434,40320
557,40,2.1676490578197725,35840
557,35,2.201430703436361,31360
557,30,2.487061450655507,26880
557,25,2.6607868799459795,22400
557,20,2.815746175254924,17920
557,15,3.210391009435263,13440
557,10,8.955860871177126,8960
557,5,15.2995163250337,4480
558,80,0.22221922106207767,71680
558,75,0.4426844136378438,67200
558,70,0.4581341451004167,62720
558,65,0.6027675789708261,58240
558,60,0.6768801977530169,53760
558,55,0.882359529355669,49280
558,50,1.248607813938088,44800
558,45,1.3506470044254921,40320
558,40,2.1655660714332794,35840
558,35,2.1994233964171137,31360
558,30,2.4850233280305716,26880
558,25,2.6590681626740276,22400
558,20,2.8141670292942154,17920
558,15,3.208731486735029,13440
558,10,8.955034330190404,8960
558,5,15.297265645207766,4480
559,80,2.86750757175059,71680
559,75,4.168894380900541,67200
559,70,4.1931528847407975,62720
559,65,5.054738399198981,58240
559,60,5.097695375374081,53760
559,55,5.303066236925523,49280
559,50,11.905183450225854,44800
559,45,12.398600803793485,40320
559,40,12.596277006216965,35840
559,35,13.09442123579576,31360
559,30,17.629972859565896,26880
559,25,29.461513450305212,22400
559,20,32.3683646853601,17920
559,15,211.06543283383684,13440
559,10,222.97405311576497,8960
559,5,357.81337244001065,4480
560,80,1188.6257950388567,71680
560,75,1193.357843225849,67200
560,70,1202.813347429489,62720
560,65,1211.3029017097,58240
560,60,1216.511639945799,53760
560,55,1252.4029338584237,49280
560,50,1264.0346838529783,44800
560,45,1283.6485787226554,40320
560,40,1294.9570780794425,35840
560,35,1335.472141663389,31360
560,30,1411.6905664755038,26880
560,25,1454.2656986606662,22400
560,20,1499.219838328203,17920
560,15,1513.1179865237143,13440
560,10,1619.899920945527,8960
560,5,2199.254730951451,4480
561,80,334.5489924295914,71680
561,75,336.00652631625724,67200
561,70,341.48776251526846,62720
561,65,346.1181704748859,58240
561,60,349.5191738842648,53760
561,55,365.99603179246657,49280
561,50,373.77571706880093,44800
561,45,377.3708003198674,40320
561,40,383.69927758926013,35840
561,35,396.5333064673814,31360
561,30,424.10308608892507,26880
561,25,441.0409127354112,22400
561,20,448.72900781389427,17920
561,15,465.4147307863888,13440
561,10,560.0655579895823,8960
561,5,696.0383523440898,4480
562,80,9.64442695764052,71680
562,75,12.00690841746855,67200
562,70,12.289189874006633,62720
562,65,12.641778979960188,58240
562,60,12.7832472102652,53760
562,55,13.410444802455567,49280
562,50,13.74140524365394,44800
562,45,13.797608868186723,40320
562,40,14.824573699130994,35840
562,35,15.971395783898366,31360
562,30,17.362968706337988,26880
562,25,20.638531597384667,22400
562,20,22.03771064218576,17920
562,15,26.99012716608186,13440
562,10,38.97908438746246,8960
562,5,50.61717813255693,4480
563,80,218.16283264996125,71680
563,75,219.51892863276672,67200
563,70,226.42158596954573,62720
563,65,232.79904616300752,58240
563,60,235.94750809811458,53760
563,55,239.8071620795216,49280
563,50,248.36344226392285,44800
563,45,251.44812472773458,40320
563,40,258.4040957076406,35840
563,35,279.2059669780607,31360
563,30,367.33438268194294,26880
563,25,386.60244622208154,22400
563,20,401.6723642554593,17920
563,15,469.6587785302419,13440
563,10,584.9629732252441,8960
563,5,767.7350763979979,4480
564,80,31.17237906248726,71680
564,75,34.51410880837221,67200
564,70,35.99412918098009,62720
564,65,38.53100107558848,58240
564,60,41.3159530986756,53760
564,55,49.53776782811995,49280
564,50,61.99121034147516,44800
564,45,64.41621030354881,40320
564,40,67.2962679512309,35840
564,35,69.57830186032335,31360
564,30,74.48379609915222,26880
564,25,79.25694852670262,22400
564,20,86.0869939332197,17920
564,15,93.6227570287868,13440
564,10,108.48419098923627,8960
564,5,128.93719484208196,4480
565,80,0.0061863798330943215,71680
565,75,0.006278819827443942,67200
565,70,0.00629891215980273,62720
565,65,0.006372876520684136,58240
565,60,0.0066260772412166285,53760
565,55,0.0068410410959508046,49280
565,50,0.0077069648156069944,44800
565,45,0.008849652525263402,40320
565,40,0.01081758013784381,35840
565,35,0.013689760917156077,31360
565,30,0.02386408138759016,26880
565,25,0.039340706848424147,22400
565,20,0.08538389649628592,17920
565,15,0.1091855465315369,13440
565,10,0.33594341096613556,8960
565,5,3.4551856089255804,4480
566,80,18.192719619527853,71680
566,75,20.196527142696304,67200
566,70,20.343449768316155,62720
566,65,20.76581039020716,58240
566,60,20.881908151965973,53760
566,55,21.189024713193774,49280
566,50,29.933287497810873,44800
566,45,59.05331328035375,40320
566,40,62.41197976219491,35840
566,35,62.57344936631108,31360
566,30,64.85293004481403,26880
566,25,124.51059782377362,22400
566,20,125.28510603045841,17920
566,15,163.50299423322232,13440
566,10,174.86636185072885,8960
566,5,235.7045425221448,4480
567,80,64.14267963883262,71680
567,75,64.1928002282164,67200
567,70,64.69122450663444,62720
567,65,64.74703257675043,58240
567,60,64.79685968590195,53760
567,55,84.1436415754307,49280
567,50,85.64069671550847,44800
567,45,101.13670329652732,40320
567,40,114.82930239216705,35840
567,35,115.3686184335165,31360
567,30,115.62326246904631,26880
567,25,115.86174466792792,22400
567,20,116.25031239228775,17920
567,15,127.46099106257415,13440
567,10,185.01819788344912,8960
567,5,454.10997570774356,4480
568,80,10.8494681889408,71680
568,75,12.404392007930792,67200
568,70,12.49624796070668,62720
568,65,20.325514284396885,58240
568,60,20.9063415363559,53760
568,55,21.71829948413245,49280
568,50,23.725458901296967,44800
568,45,38.10383433234868,40320
568,40,39.09141283566049,35840
568,35,39.33574786221494,31360
568,30,41.38204994128263,26880
568,25,94.15751946322362,22400
568,20,95.2710797943652,17920
568,15,122.83128904288839,13440
568,10,200.09319414947814,8960
568,5,429.19533779414394,4480
569,80,605.6798570689534,71680
569,75,611.5310579398058,67200
569,70,620.2378153603353,62720
569,65,626.6543840317947,58240
569,60,628.3673434308026,53760
569,55,631.5454443814372,49280
569,50,634.0890244385903,44800
569,45,647.3966843134776,40320
569,40,664.3439028029832,35840
569,35,671.4860030621302,31360
569,30,684.0531555430392,26880
569,25,736.7335391690561,22400
569,20,834.092642520512,17920
569,15,922.3260530960647,13440
569,10,939.1239404896661,8960
569,5,975.3501933465784,4480
570,80,41.629670272949944,71680
570,75,56.389376509487946,67200
570,70,63.49434142309096,62720
570,65,66.06850581715268,58240
570,60,71.2126097991795,53760
570,55,87.97101916922553,49280
570,50,99.39485174689281,44800
570,45,103.60236113080865,40320
570,40,104.51166800936718,35840
570,35,107.00233800519773,31360
570,30,111.46155068306997,26880
570,25,113.61659300814857,22400
570,20,132.78803273127656,17920
570,15,140.13990037786272,13440
570,10,172.35137093909051,8960
570,5,204.75986646881054,4480
571,80,290.1307064793758,71680
571,75,291.4805375638931,67200
571,70,292.9575310383345,62720
571,65,293.8383784873926,58240
571,60,294.6532450811548,53760
571,55,298.01309057201934,49280
571,50,305.46553172558697,44800
571,45,313.72735553309644,40320
571,40,318.483085976268,35840
571,35,324.718057460229,31360
571,30,404.1373818261182,26880
571,25,424.77663385310916,22400
571,20,452.02942316089707,17920
571,15,492.08304514374186,13440
571,10,599.160952142696,8960
571,5,717.4508228716677,4480
572,80,183.27808986429963,71680
572,75,183.5104806900567,67200
572,70,183.61008142858674,62720
572,65,183.76449219763606,58240
572,60,184.88133684032437,53760
572,55,187.0828219122092,49280
572,50,189.36967068654187,44800
572,45,207.59990299921523,40320
572,40,224.44733800726002,35840
572,35,238.5432468129662,31360
572,30,283.3530328475618,26880
572,25,396.7467121511088,22400
572,20,455.89287710374447,17920
572,15,489.48628674814734,13440
572,10,553.6761567830156,8960
572,5,578.0825564025816,4480
573,80,227.57114213042098,71680
573,75,228.03237516651228,67200
573,70,228.35916413195295,62720
573,65,228.97696775873746,58240
573,60,233.15366967699114,53760
573,55,233.59690506515835,49280
573,50,234.48743766789406,44800
573,45,239.36259179634018,40320
573,40,243.1541620309715,35840
573,35,247.51333545193378,31360
573,30,277.1800349127958,26880
573,25,362.8422265196078,22400
573,20,429.7489988165733,17920
573,15,486.47909151963825,13440
573,10,530.4238485228392,8960
573,5,553.6219771148021,4480
574,80,43.426349303894895,71680
574,75,48.56396053849013,67200
574,70,52.197723670680254,62720
574,65,53.51968669714318,58240
574,60,55.57971065677069,53760
574,55,60.59325115669166,49280
574,50,62.764854829480456,44800
574,45,65.78823613841651,40320
574,40,69.09050745551556,35840
574,35,71.34761840708497,31360
574,30,73.69249213673432,26880
574,25,76.79122696352381,22400
574,20,80.71750052980812,17920
574,15,85.99292767215542,13440
574,10,106.78290355070618,8960
574,5,137.1282230210236,4480
575,80,44.25825766118028,71680
575,75,44.45061352819826,67200
575,70,46.71871616911299,62720
575,65,54.87416183266745,58240
575,60,58.90762082217524,53760
575,55,83.6809733419614,49280
575,50,99.30508644726594,44800
575,45,107.06875780381195,40320
575,40,111.9755251686686,35840
575,35,118.35483257658272,31360
575,30,125.19408211986708,26880
575,25,144.55350054818754,22400
575,20,174.05312946142078,17920
575,15,214.74123970655717,13440
575,10,323.3283636110726,8960
575,5,430.70031492880963,4480
576,80,0.00040928726816092515,71680
576,75,0.0004578872084443504,67200
576,70,0.00047133980599351806,62720
576,65,0.0005372845216511902,58240
576,60,0.0007898366901020103,53760
576,55,0.001017997696500053,49280
576,50,0.00193401944835156,44800
576,45,0.003051155006227154,40320
576,40,0.005058206140567403,35840
576,35,0.00807175663828213,31360
576,30,0.01803147403277549,26880
576,25,0.033943062110879815,22400
576,20,0.07999479910089942,17920
576,15,0.10363376474344949,13440
576,10,0.32791171802157004,8960
576,5,3.450568008256963,4480
577,80,552.831683668392,71680
577,75,554.4390850132727,67200
577,70,555.5560778194099,62720
577,65,555.9663749337832,58240
577,60,561.4553746374881,53760
577,55,562.7838656469538,49280
577,50,566.928097510852,44800
577,45,570.9041736492593,40320
577,40,620.6298336044298,35840
577,35,744.3768494034085,31360
577,30,781.36826439811,26880
577,25,850.4810887734153,22400
577,20,1081.4521180504423,17920
577,15,1323.364848603412,13440
577,10,1936.9528690403051,8960
577,5,2771.9216873969735,4480
578,80,43.89986196109323,71680
578,75,43.92526004677169,67200
578,70,44.769303328610526,62720
578,65,44.89787369052177,58240
578,60,45.08819029846987,53760
578,55,79.65949580709086,49280
578,50,81.56357311405449,44800
578,45,104.4865979098296,40320
578,40,124.76608565071389,35840
578,35,125.49384820263614,31360
578,30,125.77438570023973,26880
578,25,125.99392026396357,22400
578,20,126.53654879423019,17920
578,15,141.56190172891283,13440
578,10,220.17205186661604,8960
578,5,559.4816394946334,4480
579,80,13.58453320714615,71680
579,75,18.905223554241083,67200
579,70,21.908035722472526,62720
579,65,27.000243641434054,58240
579,60,27.59406100568364,53760
579,55,28.666415489055012,49280
579,50,35.76446615307642,44800
579,45,38.72606006939596,40320
579,40,39.047499431110374,35840
579,35,39.960070922488484,31360
579,30,43.67819925496951,26880
579,25,45.53333801575004,22400
579,20,47.150877972831495,17920
579,15,48.9987867233104,13440
579,10,86.96876137120202,8960
579,5,142.1454456809588,4480
580,80,11.038794010811307,71680
580,75,13.864737793584403,67200
580,70,14.96535883265111,62720
580,65,16.794627023886473,58240
580,60,16.9264396014492,53760
580,55,17.671535791277673,49280
580,50,30.63886978440104,44800
580,45,36.29497454776763,40320
580,40,36.553279124994525,35840
580,35,37.58954304616037,31360
580,30,40.06552582742377,26880
580,25,42.12689773102846,22400
580,20,43.02509302893683,17920
580,15,46.29832631365354,13440
580,10,70.47036715110747,8960
580,5,112.6655737942339,4480
581,80,12.153463820260429,71680
581,75,15.717103922018914,67200
581,70,17.304117016989174,62720
581,65,19.948503284698685,58240
581,60,20.189576536331707,53760
581,55,20.941776191466907,49280
581,50,31.85715989858121,44800
581,45,36.60815823608033,40320
581,40,36.841823708555054,35840
581,35,37.78400629572599,31360
581,30,40.75543193633358,26880
581,25,42.65031542304573,22400
581,20,43.62500136714018,17920
581,15,46.03691797254995,13440
581,10,74.69381663602407,8960
581,5,120.63126690914835,4480
582,80,0.22220523096916944,71680
582,75,0.4426714225853266,67200
582,70,0.4581226988024194,62720
582,65,0.6027546316429946,58240
582,60,0.6768690200524237,53760
582,55,0.8823473626910568,49280
582,50,1.248593914014874,44800
582,45,1.3506318513597306,40320
582,40,2.165551386491393,35840
582,35,2.1994087952796106,31360
582,30,2.485009269193248,26880
582,25,2.659053064782375,22400
582,20,2.8141516934009303,17920
582,15,3.208716259081267,13440
582,10,8.955016035780192,8960
582,5,15.297248850423653,4480
583,80,377.08140450450065,71680
583,75,379.9697938358727,67200
583,70,383.0759783937664,62720
583,65,403.005017946251,58240
583,60,431.26683837689916,53760
583,55,456.9762692320182,49280
583,50,484.1401526084544,44800
583,45,521.2206165145159,40320
583,40,527.7028607966806,35840
583,35,545.4059672467226,31360
583,30,593.8855822938307,26880
583,25,612.6566281414739,22400
583,20,635.8307151087726,17920
583,15,657.4607558082226,13440
583,10,814.0995121490146,8960
583,5,1385.0626467004397,4480
584,80,558.2112643162639,71680
584,75,559.5153510229936,67200
584,70,560.1038407544088,62720
584,65,561.8904981410384,58240
584,60,563.4950594801512,53760
584,55,565.5807586713231,49280
584,50,608.1880376864262,44800
584,45,616.4772843498307,40320
584,40,617.4041287734411,35840
584,35,636.446749513695,31360
584,30,655.4952154098057,26880
584,25,679.232849159321,22400
584,20,694.1126569713543,17920
584,15,743.2301409937763,13440
584,10,998.2569709437437,8960
584,5,1191.311625255812,4480
585,80,463.0004281165971,71680
585,75,463.4075549589286,67200
585,70,464.3762719344974,62720
585,65,464.9878752690434,58240
585,60,466.00355297391354,53760
585,55,467.560172643164,49280
585,50,469.30511163911734,44800
585,45,470.29599034971,40320
585,40,474.1368044672511,35840
585,35,512.1186388390798,31360
585,30,576.3793174248337,26880
585,25,614.3275694755291,22400
585,20,717.3078596492974,17920
585,15,720.8456191869611,13440
585,10,757.1782956936814,8960
585,5,975.850291773794,4480
586,80,11.20160949664252,71680
586,75,11.431537798379201,67200
586,70,12.503413597427446,62720
586,65,13.141430175015232,58240
586,60,14.361133162542691,53760
586,55,14.824431677409171,49280
586,50,15.250233024055015,44800
586,45,15.496591443924357,40320
586,40,16.69870060819151,35840
586,35,17.079378830763744,31360
586,30,17.661087449220826,26880
586,25,18.612553719250133,22400
586,20,19.37089618687,17920
586,15,21.195240360835875,13440
586,10,25.705302172542716,8960
586,5,43.549049575693175,4480
587,80,68.48138467516611,71680
587,75,68.83158179449688,67200
587,70,73.13276457261779,62720
587,65,82.93116922618427,58240
587,60,100.10377841825492,53760
587,55,107.97937999132888,49280
587,50,110.40141599216074,44800
587,45,111.62330932173599,40320
587,40,118.76887934191657,35840
587,35,132.8042086164137,31360
587,30,137.7460821815327,26880
587,25,156.6171020253944,22400
587,20,183.60770379516995,17920
587,15,205.15162897093967,13440
587,10,250.98393664418407,8960
587,5,356.7432362850282,4480
588,80,214.6723867582799,71680
588,75,214.92647034764454,67200
588,70,215.7518234143045,62720
588,65,218.56266807179927,58240
588,60,219.89721942347856,53760
588,55,223.69552095460085,49280
588,50,245.6953804033873,44800
588,45,252.2940818966963,40320
588,40,265.31164909549153,35840
588,35,287.7331168396676,31360
588,30,447.6002677084057,26880
588,25,465.33774875785355,22400
588,20,480.46389659204016,17920
588,15,515.3376170925271,13440
588,10,645.8905935504124,8960
588,5,787.2627649390207,4480
589,80,191.7146434442683,71680
589,75,194.0611244666304,67200
589,70,194.24579614884948,62720
589,65,194.47400304486555,58240
589,60,200.02218685509277,53760
589,55,201.78783072349867,49280
589,50,203.36817184360717,44800
589,45,223.67273858116565,40320
589,40,227.2697663405391,35840
589,35,242.4595938516379,31360
589,30,257.3380502909405,26880
589,25,281.39759791596344,22400
589,20,317.1051864424253,17920
589,15,360.8263205648172,13440
589,10,461.57747595772196,8960
589,5,493.1598396949314,4480
590,80,7.99851119871301,71680
590,75,8.406083701204507,67200
590,70,8.691273529503356,62720
590,65,9.399524444098615,58240
590,60,9.596671543303088,53760
590,55,9.843438095485517,49280
590,50,10.217294479951686,44800
590,45,10.461893632281853,40320
590,40,11.411048272497018,35840
590,35,11.482085670972467,31360
590,30,11.749929461847422,26880
590,25,11.987560581339975,22400
590,20,12.169968227512502,17920
590,15,12.519639865081924,13440
590,10,18.631444900069333,8960
590,5,23.940303281219133,4480
591,80,31.431282525451635,71680
591,75,32.90706787209608,67200
591,70,39.53074847337879,62720
591,65,77.83337149234957,58240
591,60,89.77740622787842,53760
591,55,94.39680369162727,49280
591,50,102.6910569246708,44800
591,45,131.30622127134018,40320
591,40,141.50373762522608,35840
591,35,154.14061250115844,31360
591,30,192.75883847544287,26880
591,25,226.96858303171098,22400
591,20,324.31386721000416,17920
591,15,376.82415607701705,13440
591,10,545.1411561840047,8960
591,5,699.6167772701244,4480
592,80,0.222778007379039,71680
592,75,0.44312343271680826,67200
592,70,0.4585384552880032,62720
592,65,0.6032678064145598,58240
592,60,0.6774561724641406,53760
592,55,0.8829880291772242,49280
592,50,1.2490576895853858,44800
592,45,1.3510104656513715,40320
592,40,2.166161265046543,35840
592,35,2.1999935710467806,31360
592,30,2.4853919822988435,26880
592,25,2.659465307338778,22400
592,20,2.814733293274345,17920
592,15,3.2093752640752617,13440
592,10,8.954780872821114,8960
592,5,15.296948876830502,4480
593,80,295.51760132581444,71680
593,75,301.7057536276371,67200
593,70,304.1311779412661,62720
593,65,307.49030003558596,58240
593,60,312.59266113851106,53760
593,55,316.99182513375564,49280
593,50,325.15345157813783,44800
593,45,329.2233439807185,40320
593,40,333.33201269669905,35840
593,35,335.5725024095788,31360
593,30,343.02191659019684,26880
593,25,351.4698759559812,22400
593,20,363.72008399332026,17920
593,15,367.15580374762067,13440
593,10,403.8334280494218,8960
593,5,454.9100371266567,4480
594,80,168.2412330871431,71680
594,75,168.84234555286466,67200
594,70,169.0484121220237,62720
594,65,169.59337983313185,58240
594,60,170.09809300467,53760
594,55,172.94083320425983,49280
594,50,176.1022819785767,44800
594,45,199.7128769673884,40320
594,40,290.80944678203906,35840
594,35,358.3037698565071,31360
594,30,418.58838131210695,26880
594,25,434.3937291586862,22400
594,20,471.5156318492692,17920
594,15,495.2844335066935,13440
594,10,502.62866641871676,8960
594,5,541.219288029279,4480
595,80,0.001431923946405811,71680
595,75,0.0015098289950342743,67200
595,70,0.0015256949115228697,62720
595,65,0.0015983915771864558,58240
595,60,0.0018375295602175855,53760
595,55,0.002075211037975228,49280
595,50,0.0029548538160262183,44800
595,45,0.0040478965175411155,40320
595,40,0.006049247314946465,35840
595,35,0.009084093661807366,31360
595,30,0.019098872887497148,26880
595,25,0.03479369384054932,22400
595,20,0.08086247182968588,17920
595,15,0.10452050573611196,13440
595,10,0.3298270410442373,8960
595,5,3.44959252213373,4480
596,80,0.22221922106207767,71680
596,75,0.4426844136378438,67200
596,70,0.4581341451004167,62720
596,65,0.6027675789708261,58240
596,60,0.6768801977530169,53760
596,55,0.882359529355669,49280
596,50,1.248607813938088,44800
596,45,1.3506470044254921,40320
596,40,2.1655660714332794,35840
596,35,2.1994233964171137,31360
596,30,2.4850233280305716,26880
596,25,2.6590681626740276,22400
596,20,2.8141670292942154,17920
596,15,3.208731486735029,13440
596,10,8.955034330190404,8960
596,5,15.297265645207766,4480
597,80,255.34049789647585,71680
597,75,261.0318636364181,67200
597,70,262.23055251807426,62720
597,65,267.4586390349353,58240
597,60,270.84814965949124,53760
597,55,275.24322105629903,49280
597,50,282.0857407842724,44800
597,45,285.50071313669855,40320
597,40,288.5060745241264,35840
597,35,291.4796793781082,31360
597,30,295.62475923775685,26880
597,25,302.59633489682994,22400
597,20,311.89326553623636,17920
597,15,316.8633499615182,13440
597,10,350.15432359158666,8960
597,5,396.21530391201173,4480
598,80,15.270254025933381,71680
598,75,16.38111684431798,67200
598,70,16.48166623844846,62720
598,65,18.711346346231203,58240
598,60,18.818546605964542,53760
598,55,18.976395292403385,49280
598,50,28.673281150437404,44800
598,45,58.66465707666327,40320
598,40,62.85955095336013,35840
598,35,63.02634598747578,31360
598,30,64.70241131079857,26880
598,25,114.04929936843465,22400
598,20,114.646294515168,17920
598,15,143.5960734172235,13440
598,10,150.94129981044787,8960
598,5,196.0827328534885,4480
599,80,0.22220523096916944,71680
599,75,0.4426714225853266,67200
599,70,0.4581226988024194,62720
599,65,0.6027546316429946,58240
599,60,0.6768690200524237,53760
599,55,0.8823473626910568,49280
599,50,1.248593914014874,44800
599,45,1.3506318513597306,40320
599,40,2.165551386491393,35840
599,35,2.1994087952796106,31360
599,30,2.485009269193248,26880
599,25,2.659053064782375,22400
599,20,2.8141516934009303,17920
599,15,3.208716259081267,13440
599,10,8.955016035780192,8960
599,5,15.297248850423653,4480
600,80,119.14304638027969,71680
600,75,119.78280231591215,67200
600,70,121.91621946296667,62720
600,65,128.25535973048656,58240
600,60,153.64398330279417,53760
600,55,155.33845493389057,49280
600,50,166.37905274662958,44800
600,45,166.85607708141228,40320
600,40,172.35421101954842,35840
600,35,184.54690918828152,31360
600,30,191.3195549974169,26880
600,25,209.20188412897636,22400
600,20,245.09425626061088,17920
600,15,270.687055804495,13440
600,10,328.37773874057996,8960
600,5,435.3502027920563,4480
601,80,10.512519288759119,71680
601,75,13.19460261455772,67200
601,70,14.081016026079922,62720
601,65,15.684709027545312,58240
601,60,15.803104433418612,53760
601,55,16.569730453830598,49280
601,50,30.813936409002547,44800
601,45,37.13398955240972,40320
601,40,37.410644962179674,35840
601,35,38.45240718711546,31360
601,30,40.82240710463824,26880
601,25,43.016894613707194,22400
601,20,43.82925866526972,17920
601,15,47.83089008334193,13440
601,10,70.26850209917029,8960
601,5,112.3856062973782,4480
602,80,22.33313801815374,71680
602,75,27.49305138493849,67200
602,70,29.716019854355693,62720
602,65,32.368945502357626,58240
602,60,32.84552495607128,53760
602,55,33.28136701255002,49280
602,50,33.91610555054872,44800
602,45,34.50918778534303,40320
602,40,35.42029046880639,35840
602,35,35.59467684061877,31360
602,30,36.07127492121917,26880
602,25,36.576160726069105,22400
602,20,36.80987611795688,17920
602,15,37.14940331532346,13440
602,10,43.77895402297463,8960
602,5,48.71346929457808,4480
603,80,12.728085745389633,71680
603,75,14.567654366086755,67200
603,70,15.675252980043556,62720
603,65,16.580207019617333,58240
603,60,16.711928500040038,53760
603,55,17.334352964663964,49280
603,50,21.049083953156497,44800
603,45,24.223809267829562,40320
603,40,25.05651076678129,35840
603,35,28.30251286271653,31360
603,30,36.050985374432464,26880
603,25,40.458646510569025,22400
603,20,48.257125663754195,17920
603,15,60.91542061247729,13440
603,10,179.6055694257734,8960
603,5,339.66012438088126,4480
604,80,24.683748695773605,71680
604,75,29.00134044327627,67200
604,70,29.787115505177894,62720
604,65,30.313077120198365,58240
604,60,31.043400078789663,53760
604,55,32.2832576584868,49280
604,50,36.673650649438734,44800
604,45,39.58738092200369,40320
604,40,47.40370783911791,35840
604,35,63.13904083322149,31360
604,30,89.43293099940871,26880
604,25,114.71773160035644,22400
604,20,121.74631060402116,17920
604,15,186.46123322752157,13440
604,10,217.2012138718962,8960
604,5,316.4970532971884,4480
605,80,19.246717509957385,71680
605,75,23.25896790267786,67200
605,70,27.62890641586794,62720
605,65,32.63519358287944,58240
605,60,33.587734265977225,53760
605,55,35.346337871631754,49280
605,50,37.34853159706277,44800
605,45,38.55419418127718,40320
605,40,39.40142113126358,35840
605,35,40.664748099961884,31360
605,30,45.556947746585934,26880
605,25,47.88897820266052,22400
605,20,50.706827637181405,17920
605,15,56.60256575666895,13440
605,10,132.8202643747562,8960
605,5,230.49762301052672,4480
606,80,0.4423294187881647,71680
606,75,0.6819672345724518,67200
606,70,0.7648111076406869,62720
606,65,0.9940031023037268,58240
606,60,1.1288699362035426,53760
606,55,1.4513728720332282,49280
606,50,1.8743223458503941,44800
606,45,1.9839251545295056,40320
606,40,2.743342515088654,35840
606,35,2.8150733646867425,31360
606,30,3.236442404194556,26880
606,25,3.441059805437414,22400
606,20,3.6085011138323058,17920
606,15,4.1052021915096475,13440
606,10,10.415476823135826,8960
606,5,16.747989578841295,4480
607,80,9.82038746139416,71680
607,75,11.473611062117588,67200
607,70,12.73197508198538,62720
607,65,15.179539319664945,58240
607,60,15.796685956493604,53760
607,55,16.782912436956074,49280
607,50,24.334263590094245,44800
607,45,33.13907018104449,40320
607,40,33.41100337167725,35840
607,35,33.52379955467437,31360
607,30,34.70874149120777,26880
607,25,48.1361485299128,22400
607,20,48.98522483397401,17920
607,15,138.47823970839167,13440
607,10,143.4026534816163,8960
607,5,232.13364627756235,4480
608,80,97.93014596567436,71680
608,75,98.1072494372668,67200
608,70,98.20582593488678,62720
608,65,98.27728738366974,58240
608,60,98.31304922222776,53760
608,55,98.39364181077543,49280
608,50,101.28608892881861,44800
608,45,109.7775300665845,40320
608,40,114.94808153533893,35840
608,35,131.01453933696888,31360
608,30,174.82208148668292,26880
608,25,192.29912709250843,22400
608,20,213.74874523361305,17920
608,15,221.1262416375332,13440
608,10,244.41768900863582,8960
608,5,273.5585861241078,4480
609,80,28.249417704577233,71680
609,75,30.52084090838321,67200
609,70,30.748707708594264,62720
609,65,31.083872417888195,58240
609,60,31.447888147267648,53760
609,55,31.781534798377123,49280
609,50,32.84897427086586,44800
609,45,33.256334631401856,40320
609,40,34.514933581051025,35840
609,35,36.889601846370965,31360
609,30,37.80188186432064,26880
609,25,39.185782287353184,22400
609,20,42.73731543808645,17920
609,15,45.87355335969847,13440
609,10,80.93874673244106,8960
609,5,99.9745473106018,4480
610,80,293.16445977681224,71680
610,75,294.0256205312244,67200
610,70,295.7897199552929,62720
610,65,296.8868321279267,58240
610,60,299.07434379128074,53760
610,55,299.4814179338439,49280
610,50,300.7370732702295,44800
610,45,306.0484612004631,40320
610,40,317.04638994307214,35840
610,35,334.6847098281147,31360
610,30,351.1102316619402,26880
610,25,414.4207951773055,22400
610,20,483.77542531013034,17920
610,15,562.0698614154646,13440
610,10,589.4716945300959,8960
610,5,617.4017774826316,4480
611,80,16.68258111872042,71680
611,75,18.069255048729744,67200
611,70,18.176983081397523,62720
611,65,19.612835303276018,58240
611,60,19.7044424179006,53760
611,55,19.89118089632727,49280
611,50,29.33301706672192,44800
611,45,59.2346878884406,40320
611,40,63.1571740023778,35840
611,35,63.32217638410523,31360
611,30,65.18905906192265,26880
611,25,117.95222258601629,22400
611,20,118.60020917672193,17920
611,15,150.49963668085448,13440
611,10,159.04276830948032,8960
611,5,209.14324412677334,4480
612,80,182.8480614141197,71680
612,75,184.08413246340484,67200
612,70,185.12111567059637,62720
612,65,187.28140778309557,58240
612,60,192.91102697219233,53760
612,55,199.52422935453197,49280
612,50,201.15288474571852,44800
612,45,205.21117197140623,40320
612,40,210.7202118486213,35840
612,35,229.65049003642372,31360
612,30,282.58535540065725,26880
612,25,309.43667388111623,22400
612,20,421.07031956082454,17920
612,15,462.95085901591864,13440
612,10,596.875116566736,8960
612,5,746.61902592204,4480
613,80,315.8092168062435,71680
613,75,315.9346261808414,67200
613,70,316.1460439328817,62720
613,65,316.472005474041,58240
613,60,316.5273507886238,53760
613,55,316.70010945087574,49280
613,50,318.25386855785223,44800
613,45,321.71073435065887,40320
613,40,339.76311723794186,35840
613,35,355.1194871638588,31360
613,30,433.26692892177334,26880
613,25,596.4746790984739,22400
613,20,654.16529915661,17920
613,15,672.0458383962484,13440
613,10,782.4293448290998,8960
613,5,1047.774718818947,4480
614,80,1.6754327938142297,71680
614,75,1.9155682787610206,67200
614,70,2.03629888958322,62720
614,65,2.2441717732822486,58240
614,60,2.362117001485366,53760
614,55,2.663243686219848,49280
614,50,3.140981876374625,44800
614,45,3.2354256299942596,40320
614,40,3.939737358120246,35840
614,35,4.00490862404954,31360
614,30,4.679089531394799,26880
614,25,5.134914647823427,22400
614,20,6.042596152814606,17920
614,15,6.791158320283967,13440
614,10,13.320637522259295,8960
614,5,24.64776774293228,4480
615,80,157.21128002828644,71680
615,75,157.47553720868973,67200
615,70,160.2380991577454,62720
615,65,170.78043662627553,58240
615,60,178.68302772443337,53760
615,55,183.04433516331048,49280
615,50,196.9746960506748,44800
615,45,198.32940463426243,40320
615,40,201.05252179842665,35840
615,35,209.29571806554782,31360
615,30,218.7090999916729,26880
615,25,222.9932858006088,22400
615,20,247.74389377629254,17920
615,15,282.16529211980236,13440
615,10,345.59235796589576,8960
615,5,439.25746504250895,4480
616,80,273.5445643227541,71680
616,75,276.80163466488193,67200
616,70,278.19696988811216,62720
616,65,287.1702303550124,58240
616,60,292.6746128294523,53760
616,55,295.84767373918356,49280
616,50,310.4210532185503,44800
616,45,318.9701787006713,40320
616,40,321.8747931745344,35840
616,35,328.15193071154704,31360
616,30,344.84661685004403,26880
616,25,351.087276630494,22400
616,20,384.023225254997,17920
616,15,393.5100189417331,13440
616,10,459.3017051258258,8960
616,5,646.9997544242111,4480
617,80,45.569533940023696,71680
617,75,55.33023308047445,67200
617,70,81.21669693404668,62720
617,65,89.06399146091977,58240
617,60,91.42153885954251,53760
617,55,93.89274537896026,49280
617,50,102.69454400453608,44800
617,45,104.37100272743173,40320
617,40,105.55039738292325,35840
617,35,107.11156645621877,31360
617,30,109.28498461439764,26880
617,25,111.07064520702787,22400
617,20,118.85004794058322,17920
617,15,128.9940364270833,13440
617,10,148.43283052684106,8960
617,5,173.2919149421143,4480
618,80,200.28358454652778,71680
618,75,201.30932157930988,67200
618,70,201.51785319047013,62720
618,65,201.6628401278864,58240
618,60,203.25128630340447,53760
618,55,205.4161458852113,49280
618,50,208.47399410975046,44800
618,45,214.86691398955352,40320
618,40,279.126425041235,35840
618,35,394.1122345592194,31360
618,30,445.40501526068243,26880
618,25,516.6230495944232,22400
618,20,703.9602035784901,17920
618,15,865.4389903111676,13440
618,10,1296.132103775143,8960
618,5,1909.786189257878,4480
619,80,0.2253799589198767,71680
619,75,0.44601873641969253,67200
619,70,0.46142092609663965,62720
619,65,0.6059828839209425,58240
619,60,0.6802505632229637,53760
619,55,0.8852133350831141,49280
619,50,1.2513819502726213,44800
619,45,1.3533946372297958,40320
619,40,2.168635570079334,35840
619,35,2.202300848077188,31360
619,30,2.4872884000349402,26880
619,25,2.661098117725267,22400
619,20,2.815582352750482,17920
619,15,3.2099864274647185,13440
619,10,8.951827040684194,8960
619,5,15.294015662810295,4480
620,80,106.33426388017418,71680
620,75,106.87079576969512,67200
620,70,107.00139950222083,62720
620,65,107.1927310671895,58240
620,60,107.57900142135594,53760
620,55,108.74288449365527,49280
620,50,109.73727153386848,44800
620,45,111.9487025982431,40320
620,40,141.20078366560276,35840
620,35,197.57267841263356,31360
620,30,225.6977541576406,26880
620,25,258.28007270832705,22400
620,20,360.5920444505555,17920
620,15,433.25036755773897,13440
620,10,665.2211108697079,8960
620,5,958.214426677921,4480
621,80,1.934117307835625,71680
621,75,2.158099966776348,67200
621,70,2.2637611027955504,62720
621,65,2.495703566340783,58240
621,60,2.6533138008056594,53760
621,55,3.03284481594354,49280
621,50,3.6123845115875066,44800
621,45,3.680890653740158,40320
621,40,4.506611414181767,35840
621,35,4.606090878803223,31360
621,30,5.122972580193278,26880
621,25,5.432418178117477,22400
621,20,5.550199483855496,17920
621,15,6.028035670271084,13440
621,10,13.855581449682111,8960
621,5,21.272481622734162,4480
622,80,21.510131015367506,71680
622,75,22.102982758694935,67200
622,70,22.142682899791016,62720
622,65,22.21328406673805,58240
622,60,22.535925085633814,53760
622,55,23.350584234853773,49280
622,50,27.148104772971816,44800
622,45,28.955530138175234,40320
622,40,35.90094720456441,35840
622,35,49.93540144705199,31360
622,30,69.3174897675893,26880
622,25,94.73630194270807,22400
622,20,100.46802174010216,17920
622,15,147.43382651439785,13440
622,10,175.64282049799434,8960
622,5,236.13112490916777,4480
623,80,964.9017207449274,71680
623,75,974.4614710938584,67200
623,70,982.001216008042,62720
623,65,984.5122768762557,58240
623,60,990.1571372189325,53760
623,55,1002.8385232438148,49280
623,50,1028.3763584267135,44800
623,45,1032.2910851861552,40320
623,40,1039.182903726748,35840
623,35,1060.9162264912318,31360
623,30,1093.5160968590858,26880
623,25,1104.0956508670415,22400
623,20,1157.7667797770548,17920
623,15,1257.5931227134238,13440
623,10,1643.3285167067875,8960
623,5,2244.391991883213,4480
624,80,0.22220523096916944,71680
624,75,0.4426714225853266,67200
624,70,0.4581226988024194,62720
624,65,0.6027546316429946,58240
624,60,0.6768690200524237,53760
624,55,0.8823473626910568,49280
624,50,1.248593914014874,44800
624,45,1.3506318513597306,40320
624,40,2.165551386491393,35840
624,35,2.1994087952796106,31360
624,30,2.485009269193248,26880
624,25,2.659053064782375,22400
624,20,2.8141516934009303,17920
624,15,3.208716259081267,13440
624,10,8.955016035780192,8960
624,5,15.297248850423653,4480
625,80,5.539710089645737,71680
625,75,5.542417144958795,67200
625,70,5.565766625124682,62720
625,65,5.615110490576283,58240
625,60,5.661687209069958,53760
625,55,5.775464440635194,49280
625,50,6.449920845946793,44800
625,45,10.992357967558101,40320
625,40,59.843739314463406,35840
625,35,63.8542220827772,31360
625,30,66.61900099303455,26880
625,25,68.3319653920992,22400
625,20,72.776189984143,17920
625,15,73.66709789465688,13440
625,10,90.34288852834969,8960
625,5,96.03329385790111,4480
626,80,310.8505460456752,71680
626,75,311.97940087043736,67200
626,70,313.97262232476953,62720
626,65,314.0591603487849,58240
626,60,316.58890619800604,53760
626,55,316.88684705981996,49280
626,50,324.7810611521723,44800
626,45,354.0567256232753,40320
626,40,381.2987513327835,35840
626,35,449.2632121530676,31360
626,30,462.15588770700447,26880
626,25,526.3554681153292,22400
626,20,578.237841981327,17920
626,15,692.6196014193397,13440
626,10,720.3638399772702,8960
626,5,753.9534366286979,4480
627,80,0.0061863798330943215,71680
627,75,0.006278819827443942,67200
627,70,0.00629891215980273,62720
627,65,0.006372876520684136,58240
627,60,0.0066260772412166285,53760
627,55,0.0068410410959508046,49280
627,50,0.0077069648156069944,44800
627,45,0.008849652525263402,40320
627,40,0.01081758013784381,35840
627,35,0.013689760917156077,31360
627,30,0.02386408138759016,26880
627,25,0.039340706848424147,22400
627,20,0.08538389649628592,17920
627,15,0.1091855465315369,13440
627,10,0.33594341096613556,8960
627,5,3.4551856089255804,4480
628,80,16.930491906574563,71680
628,75,21.952686500510847,67200
628,70,22.728281371680076,62720
628,65,23.186705872890744,58240
628,60,23.83468691986353,53760
628,55,25.03008662802044,49280
628,50,29.54593992893589,44800
628,45,32.699115189339324,40320
628,40,40.78071633257796,35840
628,35,57.14345051955832,31360
628,30,82.45507072918174,26880
628,25,108.43011026902552,22400
628,20,114.99070384777086,17920
628,15,176.71768773432157,13440
628,10,205.16799400347628,8960
628,5,298.94740450986484,4480
629,80,0.222778007379039,71680
629,75,0.44312343271680826,67200
629,70,0.4585384552880032,62720
629,65,0.6032678064145598,58240
629,60,0.6774561724641406,53760
629,55,0.8829880291772242,49280
629,50,1.2490576895853858,44800
629,45,1.3510104656513715,40320
629,40,2.166161265046543,35840
629,35,2.1999935710467806,31360
629,30,2.4853919822988435,26880
629,25,2.659465307338778,22400
629,20,2.814733293274345,17920
629,15,3.2093752640752617,13440
629,10,8.954780872821114,8960
629,5,15.296948876830502,4480
630,80,222.36098214553715,71680
630,75,222.83405241666603,67200
630,70,225.44992211089706,62720
630,65,229.78221255511448,58240
630,60,239.36287282814155,53760
630,55,250.9663946001478,49280
630,50,276.2865633513366,44800
630,45,317.5040163504198,40320
630,40,330.3399472486828,35840
630,35,331.7170781611707,31360
630,30,367.61281679802465,26880
630,25,374.97357384186125,22400
630,20,406.5249560466058,17920
630,15,448.55234568489914,13440
630,10,499.97052446228497,8960
630,5,737.5058743581849,4480
631,80,14.076079162562488,71680
631,75,14.936892912977852,67200
631,70,15.609602297006404,62720
631,65,16.23463448459157,58240
631,60,16.47353737149968,53760
631,55,16.898156696869865,49280
631,50,17.400322100079634,44800
631,45,17.735304275202918,40320
631,40,18.52894577919081,35840
631,35,18.76499643301183,31360
631,30,19.57454929915769,26880
631,25,21.08306955371221,22400
631,20,23.10946861426639,17920
631,15,25.508591560348357,13440
631,10,32.31299891885571,8960
631,5,71.25178916929758,4480
632,80,39.12272041366268,71680
632,75,39.27814469671176,67200
632,70,44.4030843674749,62720
632,65,46.69384474737992,58240
632,60,47.642394496928155,53760
632,55,49.491072046020356,49280
632,50,49.69277902604284,44800
632,45,51.210375697915964,40320
632,40,55.458076295256646,35840
632,35,80.62683438620112,31360
632,30,92.0821753584816,26880
632,25,104.43449066517353,22400
632,20,113.19042014504703,17920
632,15,128.94675360479962,13440
632,10,137.11008566301456,8960
632,5,233.8464895701632,4480
633,80,10.355778284963405,71680
633,75,13.657204206958067,67200
633,70,14.645952910381142,62720
633,65,16.078079917409358,58240
633,60,16.35871483978905,53760
633,55,16.703535302448557,49280
633,50,17.551155067078895,44800
633,45,21.568242157360114,40320
633,40,21.78457604895918,35840
633,35,21.908618362116112,31360
633,30,24.338004047926436,26880
633,25,40.315306015879614,22400
633,20,41.81913237858139,17920
633,15,170.656765735123,13440
633,10,176.4984701946735,8960
633,5,284.8828493398335,4480
634,80,16.45735295281553,71680
634,75,25.253086855427945,67200
634,70,27.686632240715515,62720
634,65,31.522769810496914,58240
634,60,32.432341914815886,53760
634,55,33.72790896538608,49280
634,50,47.793759465295,44800
634,45,65.09126575384076,40320
634,40,65.48543560849832,35840
634,35,66.1765769318191,31360
634,30,67.80254637369202,26880
634,25,70.3622556519973,22400
634,20,72.7948038168988,17920
634,15,221.2432752106555,13440
634,10,239.38150197503063,8960
634,5,407.24873399345154,4480
635,80,54.124712848909795,71680
635,75,56.548976298032485,67200
635,70,62.910924193974786,62720
635,65,64.9425955747576,58240
635,60,67.41599571544666,53760
635,55,69.36893747381136,49280
635,50,73.63513853646846,44800
635,45,75.80123193183054,40320
635,40,78.26211254809164,35840
635,35,80.03596957996346,31360
635,30,81.4659932687456,26880
635,25,82.61719387375923,22400
635,20,87.20230154514725,17920
635,15,91.83791273196825,13440
635,10,109.43663330699134,8960
635,5,141.78676212010095,4480
636,80,5.638536174864313,71680
636,75,8.877509258457232,67200
636,70,9.269801894103612,62720
636,65,10.123789697335484,58240
636,60,10.184774773144564,53760
636,55,10.24612671729768,49280
636,50,11.566257580904997,44800
636,45,12.842071627525604,40320
636,40,13.06951449208266,35840
636,35,13.308894934083835,31360
636,30,16.886630940662883,26880
636,25,32.26067071879457,22400
636,20,34.44955910077775,17920
636,15,190.33727564337627,13440
636,10,198.26591226843638,8960
636,5,320.67194102745685,4480
637,80,30.488267644323443,71680
637,75,33.253930677859614,67200
637,70,33.65321506813464,62720
637,65,36.12467813460972,58240
637,60,39.36269942640436,53760
637,55,42.69494865564398,49280
637,50,51.81270135840553,44800
637,45,53.228979014636174,40320
637,40,54.28607336440052,35840
637,35,56.574535168955045,31360
637,30,60.11781132952616,26880
637,25,61.99554576831965,22400
637,20,66.2993516114201,17920
637,15,72.14722192784636,13440
637,10,79.1316810388468,8960
637,5,104.36902401224357,4480
638,80,4.334000155777839,71680
638,75,5.708346705845603,67200
638,70,6.223347236819607,62720
638,65,9.497326744461429,58240
638,60,10.25365718005876,53760
638,55,12.045766944937647,49280
638,50,36.392040084327775,44800
638,45,49.95034712654597,40320
638,40,50.296502492619545,35840
638,35,50.83684944239441,31360
638,30,51.42848543411141,26880
638,25,58.61845817609481,22400
638,20,58.70817888031098,17920
638,15,93.67671288747108,13440
638,10,101.82868302151299,8960
638,5,162.3127715544847,4480
639,80,0.22220523096916944,71680
639,75,0.4426714225853266,67200
639,70,0.4581226988024194,62720
639,65,0.6027546316429946,58240
639,60,0.6768690200524237,53760
639,55,0.8823473626910568,49280
639,50,1.248593914014874,44800
639,45,1.3506318513597306,40320
639,40,2.165551386491393,35840
639,35,2.1994087952796106,31360
639,30,2.485009269193248,26880
639,25,2.659053064782375,22400
639,20,2.8141516934009303,17920
639,15,3.208716259081267,13440
639,10,8.955016035780192,8960
639,5,15.297248850423653,4480
640,80,588.4601839671361,71680
640,75,594.6516954040011,67200
640,70,596.9013896518707,62720
640,65,599.5321593655385,58240
640,60,602.396643228056,53760
640,55,603.8710078504284,49280
640,50,617.6163145946141,44800
640,45,620.0009892484821,40320
640,40,625.2168520425491,35840
640,35,632.0677832211401,31360
640,30,639.3949187121483,26880
640,25,652.1109496441721,22400
640,20,671.4152366709362,17920
640,15,679.879321679373,13440
640,10,784.7663505425058,8960
640,5,924.741090901215,4480
641,80,31.01543912970177,71680
641,75,37.52112458160983,67200
641,70,41.17058626543644,62720
641,65,43.81399903252844,58240
641,60,44.99085025415686,53760
641,55,53.16880108135007,49280
641,50,57.15778914162415,44800
641,45,59.46380672591207,40320
641,40,61.45158594929148,35840
641,35,63.216306331203555,31360
641,30,66.51963102400076,26880
641,25,72.92088192018421,22400
641,20,77.02604466564134,17920
641,15,86.23556638210093,13440
641,10,105.48788283640302,8960
641,5,131.7901475875621,4480
642,80,0.49681631969301443,71680
642,75,0.7218496546044098,67200
642,70,0.7598379521612781,62720
642,65,0.9157699792006107,58240
642,60,0.9982446186161573,53760
642,55,1.2216570503742759,49280
642,50,1.5848161103177856,44800
642,45,1.6904971311887942,40320
642,40,2.4737630730123343,35840
642,35,2.527736126955658,31360
642,30,2.8164043972252992,26880
642,25,2.9882409139628408,22400
642,20,3.165227214278586,17920
642,15,3.6006213940444765,13440
642,10,8.532287505933908,8960
642,5,15.220748801069288,4480
643,80,174.34018485081094,71680
643,75,175.480136348376,67200
643,70,176.97480435154006,62720
643,65,178.19579731492286,58240
643,60,186.95510597724828,53760
643,55,199.6257051720788,49280
643,50,201.07040628131713,44800
643,45,205.53871890211263,40320
643,40,214.76987170084425,35840
643,35,229.88848470814645,31360
643,30,290.14512691364763,26880
643,25,323.9256253990304,22400
643,20,424.44643629460313,17920
643,15,470.7168217234671,13440
643,10,590.1305272152794,8960
643,5,741.8008367577904,4480
644,80,60.79445458200701,71680
644,75,60.947687462339054,67200
644,70,62.96145333687038,62720
644,65,70.99747305057294,58240
644,60,123.70527023758656,53760
644,55,128.06688604727267,49280
644,50,143.3921003581464,44800
644,45,143.75840039476725,40320
644,40,148.69645913442042,35840
644,35,157.8547967302563,31360
644,30,165.5322714791249,26880
644,25,176.87322489332809,22400
644,20,206.4505466804426,17920
644,15,231.20740710807786,13440
644,10,286.03339091718675,8960
644,5,389.5742380666506,4480
645,80,24.772814904784795,71680
645,75,27.813369530091705,67200
645,70,29.928679063551126,62720
645,65,34.443880597472436,58240
645,60,37.40545918991058,53760
645,55,47.73253248299772,49280
645,50,60.67626302229402,44800
645,45,63.744576844273006,40320
645,40,66.77907501081305,35840
645,35,69.30332300645874,31360
645,30,74.88619342730854,26880
645,25,80.26247389269376,22400
645,20,87.21357524551915,17920
645,15,94.80975447695566,13440
645,10,111.54139633465863,8960
645,5,133.5939437621409,4480
646,80,10.378994239107142,71680
646,75,14.678344468911778,67200
646,70,15.30268247661981,62720
646,65,25.475371416261865,58240
646,60,26.600397385605742,53760
646,55,28.34925567997372,49280
646,50,32.39500661590067,44800
646,45,50.97185893067388,40320
646,40,51.78698812123455,35840
646,35,51.94521852444924,31360
646,30,56.49476413459934,26880
646,25,145.83159363194736,22400
646,20,147.39328806765613,17920
646,15,221.8185036975686,13440
646,10,256.077968090435,8960
646,5,389.16259015240774,4480
647,80,1.4969193497830215,71680
647,75,1.8279836691314315,67200
647,70,12.969982874141866,62720
647,65,79.43768418320899,58240
647,60,80.30912162528782,53760
647,55,83.66600592356217,49280
647,50,86.47105690456854,44800
647,45,103.54489604597273,40320
647,40,128.06186111780102,35840
647,35,136.04465744820408,31360
647,30,162.53661179159195,26880
647,25,189.09815756369207,22400
647,20,198.65085285978884,17920
647,15,274.72395593911347,13440
647,10,563.1841974635731,8960
647,5,828.4083396236041,4480
648,80,95.29979104833296,71680
648,75,95.55303328567527,67200
648,70,97.36020687408435,62720
648,65,100.14736651434879,58240
648,60,144.40961996958325,53760
648,55,152.04268539963408,49280
648,50,154.26076888750535,44800
648,45,158.62764398390252,40320
648,40,161.008015494548,35840
648,35,167.35115551429163,31360
648,30,182.1796872233116,26880
648,25,214.609797239779,22400
648,20,249.49563289301943,17920
648,15,299.868799019731,13440
648,10,376.73946235191,8960
648,5,402.7943508610837,4480
649,80,32.247487134843816,71680
649,75,32.39371028736099,67200
649,70,32.53506078303048,62720
649,65,32.645097922950704,58240
649,60,32.72730776087472,53760
649,55,32.954755011699525,49280
649,50,33.22962122599377,44800
649,45,36.03656140280797,40320
649,40,39.13241438241836,35840
649,35,39.34068598198755,31360
649,30,39.56001975449098,26880
649,25,39.6743375446705,22400
649,20,40.26023543911384,17920
649,15,41.95414206017049,13440
649,10,46.55565947429909,8960
649,5,107.391226587888,4480
650,80,429.5442349900607,71680
650,75,432.4790602388075,67200
650,70,432.6107048158005,62720
650,65,433.5034988017382,58240
650,60,437.5700302116261,53760
650,55,439.2840859235546,49280
650,50,440.1813771900866,44800
650,45,444.91656266468135,40320
650,40,468.00658544704015,35840
650,35,511.7221036211685,31360
650,30,526.7227272067087,26880
650,25,549.0632496318606,22400
650,20,597.8104226857323,17920
650,15,629.032693886725,13440
650,10,849.2215525036246,8960
650,5,1096.8631921841707,4480
651,80,144.1412103559332,71680
651,75,150.70395828171658,67200
651,70,160.01979335861955,62720
651,65,163.7954005213773,58240
651,60,164.85035514302066,53760
651,55,167.67333073586212,49280
651,50,172.88627875534448,44800
651,45,176.15555426523574,40320
651,40,184.5525298798278,35840
651,35,216.7655446342875,31360
651,30,239.4746788705498,26880
651,25,249.2810169634095,22400
651,20,283.94541435160346,17920
651,15,321.16681738077386,13440
651,10,349.7237147883188,8960
651,5,459.5918742587519,4480
652,80,2.8022274544068813,71680
652,75,2.8794087555185963,67200
652,70,2.9995373581139004,62720
652,65,3.398844622622968,58240
652,60,3.5452136036477797,53760
652,55,3.7697745414389217,49280
652,50,4.129216598203934,44800
652,45,4.301857651473444,40320
652,40,5.177054920139686,35840
652,35,5.22370603960378,31360
652,30,5.47562947191315,26880
652,25,5.674002874374605,22400
652,20,5.848602298696512,17920
652,15,6.209522480557139,13440
652,10,12.081105326335175,8960
652,5,17.83381386746379,4480
653,80,34.14323041987874,71680
653,75,59.72430044371948,67200
653,70,67.99095176006468,62720
653,65,74.60348232759353,58240
653,60,75.68487167528197,53760
653,55,76.29797334552103,49280
653,50,76.93708409189435,44800
653,45,77.85510395317787,40320
653,40,78.87076941446476,35840
653,35,79.13776448090324,31360
653,30,79.61857805718763,26880
653,25,80.4411380905978,22400
653,20,80.87345185562049,17920
653,15,81.377078763267,13440
653,10,89.27548115808408,8960
653,5,94.30542731822926,4480
654,80,91.34488185244008,71680
654,75,91.43390686111995,67200
654,70,111.77107999880454,62720
654,65,111.85527335651771,58240
654,60,112.03496010890193,53760
654,55,119.81905908954603,49280
654,50,120.32536787005273,44800
654,45,137.27061087939006,40320
654,40,150.81522505026817,35840
654,35,151.42969345295458,31360
654,30,152.41493877590463,26880
654,25,153.65757687318825,22400
654,20,154.8540806362853,17920
654,15,188.81058751858154,13440
654,10,386.099900233059,8960
654,5,1091.826211484315,4480
655,80,0.00040928726816092515,71680
655,75,0.0004578872084443504,67200
655,70,0.00047133980599351806,62720
655,65,0.0005372845216511902,58240
655,60,0.0007898366901020103,53760
655,55,0.001017997696500053,49280
655,50,0.00193401944835156,44800
655,45,0.003051155006227154,40320
655,40,0.005058206140567403,35840
655,35,0.00807175663828213,31360
655,30,0.01803147403277549,26880
655,25,0.033943062110879815,22400
655,20,0.07999479910089942,17920
655,15,0.10363376474344949,13440
655,10,0.32791171802157004,8960
655,5,3.450568008256963,4480
656,80,373.4019671705348,71680
656,75,373.60906509184804,67200
656,70,373.9542094580671,62720
656,65,374.4716581465713,58240
656,60,380.18032614776337,53760
656,55,387.95330772011994,49280
656,50,389.15412227409143,44800
656,45,390.4913897961752,40320
656,40,392.00547145192013,35840
656,35,419.13664233181487,31360
656,30,444.3448785012065,26880
656,25,447.61979085537115,22400
656,20,546.8143016375024,17920
656,15,664.1780485529947,13440
656,10,782.007254342368,8960
656,5,967.0598950564423,4480
657,80,87.66586591140684,71680
657,75,94.94249131813493,67200
657,70,97.69962882011997,62720
657,65,99.33563318476759,58240
657,60,100.7510482439609,53760
657,55,106.78722615595349,49280
657,50,113.93706175836233,44800
657,45,116.53544446996322,40320
657,40,117.21784727285197,35840
657,35,120.28274222199491,31360
657,30,123.43357747778127,26880
657,25,125.98968374215943,22400
657,20,145.60014923171158,17920
657,15,151.41159900696766,13440
657,10,187.05901137270166,8960
657,5,224.0896051310281,4480
658,80,1055.157517910403,71680
658,75,1060.993972906618,67200
658,70,1081.4894455057126,62720
658,65,1138.1615646718112,58240
658,60,1139.118516226216,53760
658,55,1145.6980952444494,49280
658,50,1183.719519945157,44800
658,45,1226.5648101168258,40320
658,40,1236.91505468145,35840
658,35,1272.2155780273322,31360
658,30,1353.5712733358528,26880
658,25,1424.7295084406705,22400
658,20,1458.9273422780884,17920
658,15,1517.0385421579497,13440
658,10,1623.1103759110422,8960
658,5,1966.0463302400765,4480
659,80,3.3442989123746174,71680
659,75,3.7842921543094565,67200
659,70,3.859417021546449,62720
659,65,8.667704243241166,58240
659,60,9.194115682621717,53760
659,55,9.819682543219258,49280
659,50,10.770702858044588,44800
659,45,13.498204324309645,40320
659,40,15.605226384896838,35840
659,35,15.699496519051284,31360
659,30,15.922471451907498,26880
659,25,17.15769814391444,22400
659,20,17.313931680727066,17920
659,15,18.324582046732438,13440
659,10,21.390085219717296,8960
659,5,21.571533573003283,4480
660,80,321.2737387254868,71680
660,75,321.59461082189216,67200
660,70,321.63899251539254,62720
660,65,322.4518062410665,58240
660,60,322.6668591058384,53760
660,55,322.76985357745986,49280
660,50,326.31866549175805,44800
660,45,327.5672033398904,40320
660,40,333.47741759947314,35840
660,35,353.85494934217564,31360
660,30,447.04477067281215,26880
660,25,628.4941606497212,22400
660,20,690.2013638221131,17920
660,15,718.3166758958438,13440
660,10,772.6044660163976,8960
660,5,1032.7668464266246,4480
661,80,669.1346507725754,71680
661,75,670.1430829447714,67200
661,70,673.7098901878056,62720
661,65,675.3857039860478,58240
661,60,677.3685636595733,53760
661,55,678.5922986454258,49280
661,50,681.1008806801494,44800
661,45,687.3697300861439,40320
661,40,747.558207867318,35840
661,35,849.4521168842081,31360
661,30,909.7794716906939,26880
661,25,975.1836687328279,22400
661,20,1140.1420183643697,17920
661,15,1317.3526136068863,13440
661,10,1850.7589770340442,8960
661,5,2891.9685016365847,4480
662,80,14.96478172854304,71680
662,75,15.157212933079899,67200
662,70,15.23608161684704,62720
662,65,15.430879363651993,58240
662,60,15.509716315535627,53760
662,55,16.63335263950604,49280
662,50,17.40576176888867,44800
662,45,18.605364241005937,40320
662,40,19.910448691083502,35840
662,35,20.010854313452267,31360
662,30,20.505704643138273,26880
662,25,20.88613708247316,22400
662,20,21.16115854938454,17920
662,15,22.239485459017956,13440
662,10,26.784952321649023,8960
662,5,58.352133781653755,4480
663,80,952.8739802569985,71680
663,75,959.0095453100587,67200
663,70,971.2956373209934,62720
663,65,976.5986086206887,58240
663,60,984.7832492508703,53760
663,55,1007.9043693152857,49280
663,50,1025.6552929349818,44800
663,45,1029.7235863667058,40320
663,40,1039.3043327841474,35840
663,35,1052.5421037154524,31360
663,30,1061.9132511238522,26880
663,25,1122.5343123416262,22400
663,20,1194.6861631341967,17920
663,15,1294.5153658423512,13440
663,10,1317.4998279010176,8960
663,5,1812.7714017508497,4480
664,80,0.22220523096916944,71680
664,75,0.4426714225853266,67200
664,70,0.4581226988024194,62720
664,65,0.6027546316429946,58240
664,60,0.6768690200524237,53760
664,55,0.8823473626910568,49280
664,50,1.248593914014874,44800
664,45,1.3506318513597306,40320
664,40,2.165551386491393,35840
664,35,2.1994087952796106,31360
664,30,2.485009269193248,26880
664,25,2.659053064782375,22400
664,20,2.8141516934009303,17920
664,15,3.208716259081267,13440
664,10,8.955016035780192,8960
664,5,15.297248850423653,4480
665,80,10.266003870784184,71680
665,75,10.81017848131426,67200
665,70,11.043474013244891,62720
665,65,20.25451040743927,58240
665,60,20.93224997449946,53760
665,55,22.225064211019795,49280
665,50,30.467901180631543,44800
665,45,66.57699027396397,40320
665,40,70.10902771679675,35840
665,35,70.38386892816045,31360
665,30,70.79370114420536,26880
665,25,80.9220847953364,22400
665,20,82.64340812067985,17920
665,15,135.44733908570527,13440
665,10,212.38341618637443,8960
665,5,437.8712561335245,4480
666,80,10.050064059860414,71680
666,75,10.798122306415468,67200
666,70,12.52219524950187,62720
666,65,14.250351114404518,58240
666,60,15.227589328772124,53760
666,55,16.767524709810672,49280
666,50,18.90128631262414,44800
666,45,21.061917981223548,40320
666,40,22.138140099451334,35840
666,35,24.985219938856453,31360
666,30,31.549954698567333,26880
666,25,35.3805973615567,22400
666,20,42.476214694265316,17920
666,15,55.29444855460497,13440
666,10,176.26321769392538,8960
666,5,340.595547328828,4480
667,80,0.8102410688627308,71680
667,75,1.5630305665687936,67200
667,70,2.0716521178135427,62720
667,65,19.536684675017675,58240
667,60,31.799199220304924,53760
667,55,42.58709002730475,49280
667,50,55.51622941121483,44800
667,45,65.90544186671453,40320
667,40,67.28744501023826,35840
667,35,70.70823358156888,31360
667,30,81.3387381800938,26880
667,25,87.84697586395684,22400
667,20,96.51501431488306,17920
667,15,109.73933888035307,13440
667,10,209.17382514898657,8960
667,5,485.1957471813573,4480
668,80,187.4674043382281,71680
668,75,187.6419893228738,67200
668,70,190.6760287485379,62720
668,65,203.90649335550037,58240
668,60,203.97178676461215,53760
668,55,204.4019954560667,49280
668,50,204.8958751617446,44800
668,45,207.32748133256695,40320
668,40,221.7148017693688,35840
668,35,222.58298586511776,31360
668,30,239.28424744038654,26880
668,25,252.3939981852291,22400
668,20,267.1138792509897,17920
668,15,342.9184286411258,13440
668,10,611.8669516119318,8960
668,5,888.9021028119583,4480
669,80,607.7576671648104,71680
669,75,611.3087691138326,67200
669,70,612.2750620878838,62720
669,65,617.3178946730071,58240
669,60,621.3270920409688,53760
669,55,628.9135740631004,49280
669,50,660.1287121481578,44800
669,45,670.1714813387603,40320
669,40,670.9602030534177,35840
669,35,698.369699971572,31360
669,30,722.7394945224132,26880
669,25,737.2659501885117,22400
669,20,751.6147380886196,17920
669,15,785.2298858244276,13440
669,10,951.482230788982,8960
669,5,1096.9688598787936,4480
670,80,77.18463100081223,71680
670,75,86.31951738648438,67200
670,70,89.80650738830063,62720
670,65,91.67707215868626,58240
670,60,93.78061007528635,53760
670,55,101.97139069355998,49280
670,50,110.48290549239735,44800
670,45,113.67453305623287,40320
670,40,114.36009629752164,35840
670,35,117.16222260468655,31360
670,30,120.52576098790972,26880
670,25,123.01674769493661,22400
670,20,141.73412484967173,17920
670,15,147.66903237962197,13440
670,10,182.40536388170167,8960
670,5,217.05329904403905,4480
671,80,164.71764363610887,71680
671,75,164.81901473967466,67200
671,70,167.88044053149906,62720
671,65,167.9015868243263,58240
671,60,167.97500761407434,53760
671,55,169.5687176847177,49280
671,50,170.23627153236765,44800
671,45,179.65957712750827,40320
671,40,186.36991153559984,35840
671,35,186.88777464266812,31360
671,30,187.38984629103365,26880
671,25,189.01492509852892,22400
671,20,190.61936281614123,17920
671,15,216.6732428229989,13440
671,10,376.7873072053289,8960
671,5,1011.0760940370785,4480
672,80,1644.818485640495,71680
672,75,1662.166201073515,67200
672,70,1681.042472029082,62720
672,65,1708.2430817324284,58240
672,60,1711.2537759082766,53760
672,55,1717.8900642597164,49280
672,50,1733.1167520512588,44800
672,45,1743.2916662626706,40320
672,40,1752.1249671726137,35840
672,35,1787.539908016677,31360
672,30,1983.5091751565287,26880
672,25,2047.8326391298451,22400
672,20,2217.555362942359,17920
672,15,2371.247399816813,13440
672,10,2536.8711584045313,8960
672,5,2773.7379070128354,4480
673,80,0.6809308282389784,71680
673,75,0.6873659148794374,67200
673,70,0.710225869605912,62720
673,65,0.7651245009903394,58240
673,60,0.8494699337251075,53760
673,55,0.9575565675601551,49280
673,50,1.6260556809163056,44800
673,45,6.748886364919613,40320
673,40,58.422388596486144,35840
673,35,62.68146524685486,31360
673,30,65.504216162871,26880
673,25,67.16968661311668,22400
673,20,71.5712319599616,17920
673,15,72.44179909031159,13440
673,10,89.0694320423901,8960
673,5,94.77442265735593,4480
674,80,10.20763292316573,71680
674,75,10.42397981018313,67200
674,70,12.154898542028588,62720
674,65,20.696647869444707,58240
674,60,27.581830980177312,53760
674,55,29.88395077199657,49280
674,50,33.210922512616804,44800
674,45,34.11401558785975,40320
674,40,35.27272575457653,35840
674,35,36.378214561783814,31360
674,30,37.51349514390812,26880
674,25,38.48585812120283,22400
674,20,40.78886431052212,17920
674,15,44.19156212471937,13440
674,10,48.031913555370444,8960
674,5,72.38723538863248,4480
675,80,164.21187554001966,71680
675,75,164.40592950441822,67200
675,70,164.58222478215518,62720
675,65,165.22598845827045,58240
675,60,168.83633337314106,53760
675,55,169.2334301200208,49280
675,50,170.21009452593907,44800
675,45,181.21332865381004,40320
675,40,188.28359977587937,35840
675,35,193.40892847692996,31360
675,30,229.35291474507036,26880
675,25,314.43114870650265,22400
675,20,383.3079572085221,17920
675,15,429.76382521419913,13440
675,10,474.3059464990573,8960
675,5,493.2912904187624,4480
676,80,1.4793389138899895,71680
676,75,2.5219525056755434,67200
676,70,20.352677176010133,62720
676,65,47.08489617291892,58240
676,60,47.14071092305482,53760
676,55,47.931823926952916,49280
676,50,49.65775714449108,44800
676,45,77.28504454082957,40320
676,40,137.94484298349644,35840
676,35,149.1028247548971,31360
676,30,165.9371925799688,26880
676,25,190.15301800794464,22400
676,20,196.01061353765104,17920
676,15,240.24155874843723,13440
676,10,429.1886447819569,8960
676,5,618.2380050939312,4480
677,80,621.649197003933,71680
677,75,627.0591021525787,67200
677,70,627.980056754229,62720
677,65,634.4595947929449,58240
677,60,640.8611181865535,53760
677,55,650.0871836507245,49280
677,50,681.4008271797519,44800
677,45,692.5993128488275,40320
677,40,693.3611633060633,35840
677,35,721.7370316947645,31360
677,30,748.7518581112859,26880
677,25,763.7599946393983,22400
677,20,778.3254071931709,17920
677,15,806.7697264985263,13440
677,10,944.7101562955137,8960
677,5,1075.3994042821066,4480
678,80,44.80711801152702,71680
678,75,46.859207380121546,67200
678,70,47.69019403798473,62720
678,65,51.447433012298504,58240
678,60,53.1563687510935,53760
678,55,54.85534882514021,49280
678,50,60.90416483601877,44800
678,45,64.03805643063451,40320
678,40,64.68546381920923,35840
678,35,65.57494149606033,31360
678,30,66.73170785161801,26880
678,25,68.46946639071712,22400
678,20,75.64921392501891,17920
678,15,80.26832092238327,13440
678,10,121.43075008671661,8960
678,5,203.3283125270633,4480
679,80,1091.7880673536326,71680
679,75,1096.938187570019,67200
679,70,1100.3938356569631,62720
679,65,1137.4574878125331,58240
679,60,1175.8372218401548,53760
679,55,1202.8474062047187,49280
679,50,1208.1414697408509,44800
679,45,1216.9975236901169,40320
679,40,1229.8675737420892,35840
679,35,1270.9416015652037,31360
679,30,1276.526295238244,26880
679,25,1344.8600353381903,22400
679,20,1443.4817272819232,17920
679,15,1563.7155713936515,13440
679,10,1678.036587703946,8960
679,5,2842.440373075325,4480
680,80,10.687428961504152,71680
680,75,12.769641463064396,67200
680,70,14.045998430634931,62720
680,65,16.161689211208465,58240
680,60,16.711215148278278,53760
680,55,17.51428051378363,49280
680,50,22.55619666779726,44800
680,45,30.118618620538665,40320
680,40,30.369970120319365,35840
680,35,30.46404482441613,31360
680,30,31.85214863703102,26880
680,25,46.246188164658435,22400
680,20,47.24966094381272,17920
680,15,146.83810414353945,13440
680,10,151.74680987653343,8960
680,5,245.41853095387498,4480
681,80,9.168021169268668,71680
681,75,12.682107252391575,67200
681,70,12.948028212481315,62720
681,65,14.41047998605764,58240
681,60,14.58655895048252,53760
681,55,14.790922132498059,49280
681,50,16.298671608500822,44800
681,45,16.99007898671913,40320
681,40,17.016920492258755,35840
681,35,17.275012788838136,31360
681,30,21.01438581388559,26880
681,25,114.3564182972595,22400
681,20,115.20884861149355,17920
681,15,128.75771619712867,13440
681,10,200.92914380992715,8960
681,5,424.72558594590646,4480
682,80,41.32420318592397,71680
682,75,46.132423255669615,67200
682,70,51.68543367112162,62720
682,65,55.357948423513555,58240
682,60,57.36933892261263,53760
682,55,71.9039659978426,49280
682,50,83.13651176161926,44800
682,45,85.38166258633105,40320
682,40,85.98010939091817,35840
682,35,86.99107595886842,31360
682,30,90.35138281586396,26880
682,25,91.61497693425919,22400
682,20,107.74391701342826,17920
682,15,116.63741308958173,13440
682,10,130.0329006009257,8960
682,5,146.70412404182755,4480
683,80,1001.4411372824682,71680
683,75,1009.097061994224,67200
683,70,1011.8862420210464,62720
683,65,1020.3898468832539,58240
683,60,1031.7513368581522,53760
683,55,1073.5779973717815,49280
683,50,1113.807080263521,44800
683,45,1118.4505922826454,40320
683,40,1129.4961137836572,35840
683,35,1141.0673945067622,31360
683,30,1165.0639074226306,26880
683,25,1224.251319055231,22400
683,20,1237.9406321461843,17920
683,15,1377.7643139817005,13440
683,10,1444.511940447478,8960
683,5,1831.172194086442,4480
684,80,13.164757240573097,71680
684,75,19.70504489884035,67200
684,70,20.39004885133522,62720
684,65,20.87208231825875,58240
684,60,20.94929463668983,53760
684,55,21.639073992703896,49280
684,50,22.06632054739895,44800
684,45,22.302150114840593,40320
684,40,23.990177469058924,35840
684,35,27.645945702526753,31360
684,30,32.000236350361895,26880
684,25,40.66774943535294,22400
684,20,43.56170418905113,17920
684,15,56.217979397759876,13440
684,10,73.03185328572071,8960
684,5,93.73575118516733,4480
685,80,6.692084424949548,71680
685,75,6.979636545985781,67200
685,70,7.2106749172457345,62720
685,65,7.832008280460445,58240
685,60,8.018738513178848,53760
685,55,8.258069480315546,49280
685,50,8.619384204083822,44800
685,45,8.83917597390164,40320
685,40,9.77523465599145,35840
685,35,9.837509418378044,31360
685,30,10.09623309018694,26880
685,25,10.3200692535455,22400
685,20,10.502449102842206,17920
685,15,10.857668842980969,13440
685,10,16.8951853745134,8960
685,5,22.32564814178196,4480
686,80,947.6234570336699,71680
686,75,951.6466928782721,67200
686,70,960.1667864604821,62720
686,65,998.797488510582,58240
686,60,1054.3189279960925,53760
686,55,1077.2564994484976,49280
686,50,1087.325590061885,44800
686,45,1094.937148218426,40320
686,40,1111.738117954496,35840
686,35,1144.1461384742,31360
686,30,1159.9677261142822,26880
686,25,1263.0998734597335,22400
686,20,1363.3993022276013,17920
686,15,1451.624425486093,13440
686,10,1550.0964127661944,8960
686,5,2762.673239011791,4480
687,80,0.7599958115869784,71680
687,75,0.7989760150421369,67200
687,70,0.8458021954759627,62720
687,65,0.9813085975479268,58240
687,60,1.490889613486614,53760
687,55,9.281650765641228,49280
687,50,123.47049894988396,44800
687,45,127.28773838453786,40320
687,40,129.9510536795896,35840
687,35,137.1629308458904,31360
687,30,162.66315027678098,26880
687,25,223.8919829921903,22400
687,20,247.8524382365645,17920
687,15,331.1468518959964,13440
687,10,819.6979154567639,8960
687,5,1132.296114073658,4480
688,80,453.9683658175495,71680
688,75,454.70480971837907,67200
688,70,455.03202165537937,62720
688,65,455.6919088881881,58240
688,60,456.32755536567555,53760
688,55,457.9512739732331,49280
688,50,524.4977945901522,44800
688,45,531.5430777391723,40320
688,40,532.5015372977424,35840
688,35,546.1092776670828,31360
688,30,563.1628317532802,26880
688,25,598.2540259826901,22400
688,20,615.3365086560647,17920
688,15,676.8436096729208,13440
688,10,1002.7779985716987,8960
688,5,1233.5646807991357,4480
689,80,18.15533740564089,71680
689,75,20.10896841381344,67200
689,70,21.723377439565464,62720
689,65,23.022452658664022,58240
689,60,23.095221982369242,53760
689,55,23.5967037156436,49280
689,50,27.11041607943623,44800
689,45,30.22588684867821,40320
689,40,30.877505319534638,35840
689,35,33.93180838131405,31360
689,30,41.412277203843274,26880
689,25,45.58624766185128,22400
689,20,53.44523978521455,17920
689,15,65.49480699264451,13440
689,10,183.18839870960906,8960
689,5,343.1822154764379,4480
690,80,12.205578819489558,71680
690,75,12.53450202124422,67200
690,70,14.307822931480311,62720
690,65,15.83070897422987,58240
690,60,18.32309835189438,53760
690,55,19.269287259481636,49280
690,50,20.03632066361099,44800
690,45,20.54278139700633,40320
690,40,21.71319822995695,35840
690,35,22.10138619128258,31360
690,30,22.533520412146533,26880
690,25,23.8197916993935,22400
690,20,24.89918043875285,17920
690,15,27.533627326714363,13440
690,10,31.518518119777806,8960
690,5,51.934740532772814,4480
691,80,12.549844005719235,71680
691,75,13.92690288386219,67200
691,70,14.156163645213,62720
691,65,14.461900516218849,58240
691,60,15.0557399124532,53760
691,55,16.11006811078307,49280
691,50,20.936772935750735,44800
691,45,23.522787795001538,40320
691,40,31.58901388212262,35840
691,35,47.75714297367914,31360
691,30,72.41899960169457,26880
691,25,100.60666371497274,22400
691,20,107.16056365210595,17920
691,15,164.3736514804282,13440
691,10,194.86445404797485,8960
691,5,272.42597064958005,4480
692,80,179.59016376503953,71680
692,75,180.48511108792496,67200
692,70,181.65738587857652,62720
692,65,184.33819172257697,58240
692,60,188.7454464117706,53760
692,55,194.70919594223392,49280
692,50,196.8507463088823,44800
692,45,201.57528494606822,40320
692,40,206.49578172883633,35840
692,35,226.36174321008662,31360
692,30,277.69376541360714,26880
692,25,301.6054966080595,22400
692,20,414.8992298817238,17920
692,15,456.07907994774666,13440
692,10,594.1059488854041,8960
692,5,746.1014247407095,4480
693,80,6.987542029060766,71680
693,75,7.058706663835996,67200
693,70,8.202782055635314,62720
693,65,9.178687176858789,58240
693,60,9.92390717206007,53760
693,55,10.909780034707849,49280
693,50,11.586013795110773,44800
693,45,11.739937560474509,40320
693,40,12.841537463063855,35840
693,35,13.213242671538842,31360
693,30,13.774568481487984,26880
693,25,14.245683233535637,22400
693,20,15.135395460319431,17920
693,15,15.525156334152287,13440
693,10,25.215885703052912,8960
693,5,35.11072154463016,4480
694,80,33.20978362252507,71680
694,75,36.63034028117257,67200
694,70,37.44676671638325,62720
694,65,37.65372473990943,58240
694,60,40.42035238007243,53760
694,55,41.878336141297375,49280
694,50,43.46615022838775,44800
694,45,49.48186998940459,40320
694,40,63.18389923583009,35840
694,35,111.50339220400517,31360
694,30,145.5347370075114,26880
694,25,165.89810041460296,22400
694,20,189.08702654610138,17920
694,15,222.55743698558496,13440
694,10,233.61393134249064,8960
694,5,356.32446790782484,4480
695,80,27.79450095526458,71680
695,75,40.51286353982454,67200
695,70,68.97460628871185,62720
695,65,79.07981999507338,58240
695,60,80.91500031918575,53760
695,55,91.13903304128715,49280
695,50,101.1852376619323,44800
695,45,104.07954492803401,40320
695,40,104.85515944897386,35840
695,35,106.89894618169164,31360
695,30,110.11355200823306,26880
695,25,111.01129906415589,22400
695,20,122.62923259702333,17920
695,15,131.252014840149,13440
695,10,146.6619718482869,8960
695,5,167.51891398485904,4480
696,80,0.22220523096916944,71680
696,75,0.4426714225853266,67200
696,70,0.4581226988024194,62720
696,65,0.6027546316429946,58240
696,60,0.6768690200524237,53760
696,55,0.8823473626910568,49280
696,50,1.248593914014874,44800
696,45,1.3506318513597306,40320
696,40,2.165551386491393,35840
696,35,2.1994087952796106,31360
696,30,2.485009269193248,26880
696,25,2.659053064782375,22400
696,20,2.8141516934009303,17920
696,15,3.208716259081267,13440
696,10,8.955016035780192,8960
696,5,15.297248850423653,4480
697,80,505.0346174604851,71680
697,75,505.8608677782519,67200
697,70,508.1084311683166,62720
697,65,511.09401835055706,58240
697,60,515.3949599489858,53760
697,55,516.9090249459026,49280
697,50,518.1959250673318,44800
697,45,519.4526878117592,40320
697,40,526.1729016636307,35840
697,35,539.8010151160175,31360
697,30,606.831447311761,26880
697,25,708.5640956164148,22400
697,20,782.6410511846734,17920
697,15,913.757762667557,13440
697,10,970.3851814823897,8960
697,5,1002.9347215728822,4480
698,80,158.83799080464962,71680
698,75,158.92097154070973,67200
698,70,159.93553544714547,62720
698,65,160.91938181187282,58240
698,60,185.45470867744342,53760
698,55,195.9568246144332,49280
698,50,199.9621757603089,44800
698,45,251.32524433858126,40320
698,40,262.9019765828903,35840
698,35,304.4169188698294,31360
698,30,331.86814319538973,26880
698,25,360.8295321633575,22400
698,20,402.33981447029515,17920
698,15,467.1672748231538,13440
698,10,571.264313690558,8960
698,5,636.7381653912349,4480
699,80,9.711319981715635,71680
699,75,10.17398890292758,67200
699,70,12.087630738959094,62720
699,65,16.486801303166015,58240
699,60,21.65970786249406,53760
699,55,23.67167638533664,49280
699,50,25.2192732060737,44800
699,45,26.059554975545957,40320
699,40,27.4051375564267,35840
699,35,28.125306729795703,31360
699,30,28.846253052310466,26880
699,25,29.97241772632023,22400
699,20,31.424516786740572,17920
699,15,35.02532136133067,13440
699,10,38.764692979772434,8960
699,5,61.85005178265319,4480
700,80,13.16304588384129,71680
700,75,14.296387053242812,67200
700,70,14.9456445050426,62720
700,65,16.048778753820635,58240
700,60,16.28286546898602,53760
700,55,16.56021271842063,49280
700,50,17.038273133583466,44800
700,45,17.392293503086112,40320
700,40,18.340913284413453,35840
700,35,18.455436685934345,31360
700,30,18.7918703601211,26880
700,25,19.111665236954742,22400
700,20,19.282577333934196,17920
700,15,19.59996782330253,13440
700,10,26.020977293855864,8960
700,5,30.95175102966868,4480
701,80,5.999869172677615,71680
701,75,6.009731832529014,67200
701,70,6.016701114445398,62720
701,65,6.048546416273881,58240
701,60,6.122680238309816,53760
701,55,6.21131262248061,49280
701,50,6.756718863351919,44800
701,45,11.259955132908088,40320
701,40,57.62781244646909,35840
701,35,61.612589801158,31360
701,30,64.22730656829879,26880
701,25,65.78661222208899,22400
701,20,70.02323153105252,17920
701,15,70.8912231823465,13440
701,10,86.93424319565534,8960
701,5,92.58701159951775,4480
702,80,20.324649678748944,71680
702,75,20.497480537579477,67200
702,70,20.632398729504935,62720
702,65,20.78306833505737,58240
702,60,20.879034365480575,53760
702,55,21.130049295574334,49280
702,50,21.52477351483286,44800
702,45,23.035176517302585,40320
702,40,25.031453753223747,35840
702,35,25.209116664074703,31360
702,30,25.508488680187906,26880
702,25,25.655733802254602,22400
702,20,26.18738284970186,17920
702,15,27.318825891295237,13440
702,10,29.991227751845788,8960
702,5,67.19127881781493,4480
703,80,2.5742573534093687,71680
703,75,3.898449376041945,67200
703,70,4.192043313540582,62720
703,65,5.674042606851209,58240
703,60,5.851913492656602,53760
703,55,6.092056831517873,49280
703,50,11.021645845753376,44800
703,45,17.18224467192172,40320
703,40,17.953166943975283,35840
703,35,18.23933740108998,31360
703,30,23.150473567455183,26880
703,25,142.14382377327047,22400
703,20,142.9571792009252,17920
703,15,150.10346688844376,13440
703,10,211.7305619283253,8960
703,5,424.76344974160736,4480
704,80,132.23447761907934,71680
704,75,134.0483935365185,67200
704,70,149.6419887048665,62720
704,65,178.86114968004983,58240
704,60,181.5953478491032,53760
704,55,183.63013522648066,49280
704,50,184.64563722243375,44800
704,45,188.74243640094673,40320
704,40,208.81217251151924,35840
704,35,212.2057171306568,31360
704,30,215.74420175559194,26880
704,25,225.0309084392801,22400
704,20,230.71624238097186,17920
704,15,240.9832620653904,13440
704,10,305.40076836959395,8960
704,5,410.10840195170636,4480
705,80,463.1368532927592,71680
705,75,470.88614131092123,67200
705,70,471.04883462293924,62720
705,65,479.10448585764476,58240
705,60,492.14079362038564,53760
705,55,499.9140991130338,49280
705,50,524.188469837351,44800
705,45,531.4342645204282,40320
705,40,533.6004495788542,35840
705,35,547.5495113673259,31360
705,30,571.4039068565651,26880
705,25,589.111780706455,22400
705,20,604.3164156614182,17920
705,15,625.8604541625444,13440
705,10,670.4848937389818,8960
705,5,778.1934499246443,4480
706,80,10.923623620959715,71680
706,75,12.56482508357286,67200
706,70,13.447280905177822,62720
706,65,14.262912506808664,58240
706,60,14.459816101953859,53760
706,55,15.21518720076572,49280
706,50,18.948700666880285,44800
706,45,22.0730152178128,40320
706,40,23.00265156962571,35840
706,35,26.255658050500415,31360
706,30,34.06250678295367,26880
706,25,38.41579945663008,22400
706,20,46.1984652291203,17920
706,15,59.18607491816345,13440
706,10,178.69547649035678,8960
706,5,338.8847404391577,4480
707,80,343.1683143774187,71680
707,75,349.87292641707586,67200
707,70,352.149383739969,62720
707,65,353.8226945561449,58240
707,60,357.651890503489,53760
707,55,361.67282272932596,49280
707,50,371.50478736523047,44800
707,45,373.4876423047021,40320
707,40,377.1835032939614,35840
707,35,379.5246190803197,31360
707,30,385.37939058049125,26880
707,25,395.98493173682317,22400
707,20,412.23328542084636,17920
707,15,415.8892731318329,13440
707,10,463.5188482794122,8960
707,5,527.7859939504438,4480
708,80,175.0313491929123,71680
708,75,175.15891831642566,67200
708,70,175.5929190656529,62720
708,65,176.27604555339303,58240
708,60,181.15079949360955,53760
708,55,205.78464812670848,49280
708,50,213.67027547429234,44800
708,45,222.72418794867443,40320
708,40,228.70134069564384,35840
708,35,237.72429785763268,31360
708,30,256.64787911564673,26880
708,25,263.29789453325435,22400
708,20,277.4860429228582,17920
708,15,280.9048548043123,13440
708,10,317.9312445418894,8960
708,5,343.2657346954638,4480
709,80,14.354605918174407,71680
709,75,19.66043943032155,67200
709,70,20.435874684173406,62720
709,65,20.89590890740932,58240
709,60,21.53917421271668,53760
709,55,22.760782584910576,49280
709,50,27.46706705179611,44800
709,45,30.585447851247558,40320
709,40,38.83223269469971,35840
709,35,55.60910329757968,31360
709,30,81.08256379470825,26880
709,25,107.43572849817235,22400
709,20,113.99866499388847,17920
709,15,175.8582359064513,13440
709,10,204.5216584864651,8960
709,5,296.60362090346047,4480
710,80,24.674285660483722,71680
710,75,37.45065812132289,67200
710,70,38.335418623315256,62720
710,65,48.89146442233637,58240
710,60,50.09442123052905,53760
710,55,52.04995374304203,49280
710,50,55.85686072603286,44800
710,45,85.66076745686298,40320
710,40,87.50347570807189,35840
710,35,87.6669101452724,31360
710,30,89.73240290141464,26880
710,25,160.59727821696703,22400
710,20,161.563271988589,17920
710,15,192.28037154866033,13440
710,10,230.70507742534122,8960
710,5,417.10109030917613,4480
711,80,204.90828095203338,71680
711,75,205.05679146670445,67200
711,70,205.5648265856667,62720
711,65,205.80646936312078,58240
711,60,206.6782061335316,53760
711,55,209.56851529448744,49280
711,50,211.9217580211555,44800
711,45,213.1290698200317,40320
711,40,214.87430990759404,35840
711,35,216.63487194958842,31360
711,30,240.2178478678928,26880
711,25,246.53958493286524,22400
711,20,259.4658596910309,17920
711,15,261.83084672715506,13440
711,10,289.65274274063654,8960
711,5,322.063600426696,4480
712,80,84.34032993957808,71680
712,75,84.5166806666845,67200
712,70,85.32893097072426,62720
712,65,87.0369421260155,58240
712,60,104.60649469163043,53760
712,55,105.89646398315779,49280
712,50,110.39978132186977,44800
712,45,111.05265027586597,40320
712,40,113.89929354837352,35840
712,35,120.11910144615737,31360
712,30,126.31206854453492,26880
712,25,131.59299801724535,22400
712,20,145.6132462776084,17920
712,15,161.43271805319074,13440
712,10,210.50204698862535,8960
712,5,315.75189396825533,4480
713,80,1.551403539883481,71680
713,75,2.4390532857706146,67200
713,70,3.11400246270676,62720
713,65,21.759649852115462,58240
713,60,35.007104416438935,53760
713,55,46.344423491195286,49280
713,50,60.7102614104503,44800
713,45,72.60502631562314,40320
713,40,74.32919224543869,35840
713,35,77.79318051065837,31360
713,30,89.82329084047072,26880
713,25,97.03090547210077,22400
713,20,108.1973290551915,17920
713,15,122.74261759426733,13440
713,10,231.45179786902213,8960
713,5,535.6175105590565,4480
714,80,3.254583411612082,71680
714,75,4.113355293267098,67200
714,70,4.328264747624342,62720
714,65,18.134376802761967,58240
714,60,19.147739318776893,53760
714,55,19.985970878628965,49280
714,50,23.995573790343624,44800
714,45,33.80259094052838,40320
714,40,37.25780932959824,35840
714,35,37.386094839556705,31360
714,30,37.55119056380181,26880
714,25,43.266892139049865,22400
714,20,43.495401848436,17920
714,15,46.52967967879346,13440
714,10,48.204417180506475,8960
714,5,50.924416083446665,4480
715,80,141.28912116356364,71680
715,75,142.1896897777636,67200
715,70,142.56794881891736,62720
715,65,142.85237565364943,58240
715,60,143.9531634873791,53760
715,55,148.85305721201226,49280
715,50,151.4279178280731,44800
715,45,185.96424034714792,40320
715,40,197.224769436104,35840
715,35,220.82482314248577,31360
715,30,242.43774552296574,26880
715,25,266.8073867734047,22400
715,20,317.0622824303947,17920
715,15,366.4982257340074,13440
715,10,460.92206842866307,8960
715,5,486.92675501379324,4480
716,80,671.6001175403316,71680
716,75,680.5578224924278,67200
716,70,683.9437830951837,62720
716,65,685.7946986404793,58240
716,60,692.0119361705505,53760
716,55,695.5335777769893,49280
716,50,707.824727382944,44800
716,45,710.8608043045516,40320
716,40,716.4033328789151,35840
716,35,723.3375273413627,31360
716,30,729.487068771593,26880
716,25,744.9640993893398,22400
716,20,772.2530739145391,17920
716,15,783.304302397886,13440
716,10,916.2588685645809,8960
716,5,1058.2643146099633,4480
717,80,204.65685844175775,71680
717,75,205.41060191064722,67200
717,70,206.7238632546517,62720
717,65,207.24704853354862,58240
717,60,207.70099466465422,53760
717,55,209.08102600160606,49280
717,50,213.19827709550464,44800
717,45,214.69058069407328,40320
717,40,222.97067261829946,35840
717,35,236.9328120994605,31360
717,30,278.0201095759659,26880
717,25,322.43023594665146,22400
717,20,648.8093288450824,17920
717,15,1077.752584937394,13440
717,10,1155.886950449985,8960
717,5,1733.3758765816567,4480
718,80,10.088277184934375,71680
718,75,10.593598890316358,67200
718,70,12.55577381359391,62720
718,65,15.742393127991207,58240
718,60,19.945872774958886,53760
718,55,21.63591169892781,49280
718,50,22.874526671483427,44800
718,45,23.630274962356868,40320
718,40,24.860834524305673,35840
718,35,25.35266160318794,31360
718,30,25.897598869979795,26880
718,25,27.10334790467509,22400
718,20,28.557569095088812,17920
718,15,31.791461256914292,13440
718,10,35.505332803024466,8960
718,5,57.85701179090947,4480
719,80,19.164808811600658,71680
719,75,21.594186323143777,67200
719,70,25.085479771033906,62720
719,65,28.936007540934238,58240
719,60,29.910844717445165,53760
719,55,31.622376604123367,49280
719,50,32.735834124410694,44800
719,45,33.931899317324905,40320
719,40,34.77028245354877,35840
719,35,36.023386838605425,31360
719,30,41.18413568403308,26880
719,25,43.284242095372306,22400
719,20,46.65764968151628,17920
719,15,54.25972008063338,13440
719,10,143.33596139565952,8960
719,5,260.2389700145245,4480
720,80,1519.7475000338022,71680
720,75,1521.5023569069929,67200
720,70,1533.4831787976875,62720
720,65,1556.536019182522,58240
720,60,1561.6198112406876,53760
720,55,1564.4015840708535,49280
720,50,1596.4530281257598,44800
720,45,1633.5264055091634,40320
720,40,1641.7455651707214,35840
720,35,1691.1252731992986,31360
720,30,1712.7801358005634,26880
720,25,1721.3885037740845,22400
720,20,1738.8582693027633,17920
720,15,1775.1531731727641,13440
720,10,1859.2826728397304,8960
720,5,2185.0218273057367,4480
721,80,493.9551522616588,71680
721,75,494.6598652790298,67200
721,70,494.82289026723464,62720
721,65,496.3758564314757,58240
721,60,497.3392917173387,53760
721,55,497.67871759512565,49280
721,50,501.026840840547,44800
721,45,503.74452345796686,40320
721,40,508.9732917974411,35840
721,35,521.6704894619648,31360
721,30,567.0197479012031,26880
721,25,664.106077155262,22400
721,20,709.0152134616244,17920
721,15,736.3213783652382,13440
721,10,793.4190097766632,8960
721,5,1057.4555158735786,4480
722,80,573.8159985146342,71680
722,75,580.7115069005492,67200
722,70,581.3068327447756,62720
722,65,589.6192283011611,58240
722,60,598.687584937751,53760
722,55,608.1536806699938,49280
722,50,638.4645922181456,44800
722,45,649.2589073305166,40320
722,40,650.2394765774117,35840
722,35,673.1295520280971,31360
722,30,699.1860925024422,26880
722,25,715.8251143457295,22400
722,20,730.1393368318473,17920
722,15,754.3505106761849,13440
722,10,844.3431732250543,8960
722,5,966.8930066508685,4480
723,80,18.698088221987046,71680
723,75,18.81604745763996,67200
723,70,18.849506100344172,62720
723,65,18.97069266364527,58240
723,60,19.29918531534986,53760
723,55,20.314924669323805,49280
723,50,25.17109460152393,44800
723,45,27.289655761054004,40320
723,40,34.84797567738167,35840
723,35,50.20864634811453,31360
723,30,72.37569961600315,26880
723,25,97.33243137877108,22400
723,20,103.26799634801354,17920
723,15,152.98903755770203,13440
723,10,181.37536897505277,8960
723,5,240.22963775064952,4480
724,80,0.00040928726816092515,71680
724,75,0.0004578872084443504,67200
724,70,0.00047133980599351806,62720
724,65,0.0005372845216511902,58240
724,60,0.0007898366901020103,53760
724,55,0.001017997696500053,49280
724,50,0.00193401944835156,44800
724,45,0.003051155006227154,40320
724,40,0.005058206140567403,35840
724,35,0.00807175663828213,31360
724,30,0.01803147403277549,26880
724,25,0.033943062110879815,22400
724,20,0.07999479910089942,17920
724,15,0.10363376474344949,13440
724,10,0.32791171802157004,8960
724,5,3.450568008256963,4480
725,80,71.42549279168188,71680
725,75,71.78002027195808,67200
725,70,72.00187669766446,62720
725,65,78.11279816272486,58240
725,60,81.60277113465523,53760
725,55,86.3252869191003,49280
725,50,87.58661570607848,44800
725,45,89.86213180952623,40320
725,40,92.09798080043691,35840
725,35,99.49325883058397,31360
725,30,107.04340128031768,26880
725,25,112.5003367471172,22400
725,20,119.13578428451171,17920
725,15,128.54049957674903,13440
725,10,183.19826708280598,8960
725,5,312.98993271053195,4480
726,80,116.03163118654973,71680
726,75,116.21220465589589,67200
726,70,117.62262157915944,62720
726,65,117.64765591331462,58240
726,60,117.68720947723332,53760
726,55,118.16676344601704,49280
726,50,118.75248999830211,44800
726,45,144.18311076140984,40320
726,40,161.83386616831962,35840
726,35,162.63497961532,31360
726,30,162.9820372042922,26880
726,25,164.5371576965461,22400
726,20,166.2551323421717,17920
726,15,188.85513045619788,13440
726,10,324.1028962071908,8960
726,5,873.5605705757255,4480
727,80,12.938032275421316,71680
727,75,32.95156426335707,67200
727,70,36.253354304641405,62720
727,65,43.25353151539892,58240
727,60,44.631983117894656,53760
727,55,46.56522359673612,49280
727,50,54.98571593654795,44800
727,45,81.20926810995401,40320
727,40,82.0127365028805,35840
727,35,82.55838867953703,31360
727,30,83.12122450847168,26880
727,25,95.5636244399953,22400
727,20,97.58557908435894,17920
727,15,205.08043743508824,13440
727,10,228.3236095343445,8960
727,5,401.6223907319946,4480
728,80,827.6322190287357,71680
728,75,836.7126586418716,67200
728,70,854.1805179071948,62720
728,65,872.3462713616286,58240
728,60,912.7113630949847,53760
728,55,933.2491889061416,49280
728,50,949.9028803416945,44800
728,45,961.3987921152013,40320
728,40,969.1047588010301,35840
728,35,991.8058674465373,31360
728,30,1004.072885235697,26880
728,25,1091.8286211619848,22400
728,20,1121.1529951872567,17920
728,15,1175.5866772604224,13440
728,10,1238.314944213661,8960
728,5,2467.2365391474755,4480
729,80,524.4317522136724,71680
729,75,533.7222972722428,67200
729,70,537.1765403201409,62720
729,65,560.9196481270297,58240
729,60,591.1922258384343,53760
729,55,618.7370203643754,49280
729,50,663.9257154995537,44800
729,45,704.866386577968,40320
729,40,712.3592880422731,35840
729,35,733.2540182878636,31360
729,30,772.8927266123263,26880
729,25,806.7536663282106,22400
729,20,820.8539121831525,17920
729,15,823.2574624137043,13440
729,10,1022.106373920161,8960
729,5,1614.1103512340246,4480
730,80,5.320843350989431,71680
730,75,6.468398026987566,67200
730,70,7.546446487431625,62720
730,65,11.067972027917671,58240
730,60,11.915404271686452,53760
730,55,13.578145194707584,49280
730,50,32.006038578466395,44800
730,45,44.39431750618666,40320
730,40,44.71654069253686,35840
730,35,45.01401211212092,31360
730,30,45.54383396168438,26880
730,25,55.302183182762725,22400
730,20,55.619838991469635,17920
730,15,109.63548338479661,13440
730,10,115.7610065908043,8960
730,5,186.97504157615248,4480
731,80,5.502725426018584,71680
731,75,5.953911979506345,67200
731,70,6.406936266672029,62720
731,65,7.960091392940085,58240
731,60,8.209375870344374,53760
731,55,8.762971753059816,49280
731,50,21.0129678376802,44800
731,45,24.59987440271625,40320
731,40,24.778664050930363,35840
731,35,25.502904275079565,31360
731,30,29.769045811455065,26880
731,25,36.459613393502366,22400
731,20,39.67700276506414,17920
731,15,219.15067401201853,13440
731,10,232.4130566643402,8960
731,5,383.18828611016227,4480
732,80,148.25241471732497,71680
732,75,149.31397860410254,67200
732,70,149.5705172841578,62720
732,65,149.8863293272388,58240
732,60,150.24992809964218,53760
732,55,150.44037634390168,49280
732,50,151.20325685718143,44800
732,45,153.99128426544726,40320
732,40,156.38184803956815,35840
732,35,164.39356588293225,31360
732,30,197.72892663850652,26880
732,25,209.65848721242406,22400
732,20,229.63767758532276,17920
732,15,235.4528875134467,13440
732,10,256.1908437940046,8960
732,5,286.4877258900534,4480
733,80,1.1199739983095847,71680
733,75,1.3833165263380707,67200
733,70,1.4962249088614992,62720
733,65,1.7539296498104024,58240
733,60,1.9144094937491662,53760
733,55,2.311684846127001,49280
733,50,2.8333786973814323,44800
733,45,2.9182150058015512,40320
733,40,3.7291359740989543,35840
733,35,3.8401273573804096,31360
733,30,4.393056319933166,26880
733,25,4.648933674660883,22400
733,20,4.797662298602681,17920
733,15,5.390350661816322,13440
733,10,13.200568108264756,8960
733,5,19.98465642047005,4480
734,80,69.64587206231867,71680
734,75,70.91166206381892,67200
734,70,71.42787800542649,62720
734,65,74.79458331320212,58240
734,60,75.67526454843762,53760
734,55,76.41115086593992,49280
734,50,78.09513285679373,44800
734,45,79.40089450353848,40320
734,40,80.01915623110902,35840
734,35,81.00358942549298,31360
734,30,82.35425507885668,26880
734,25,83.57009181987512,22400
734,20,86.47850719965221,17920
734,15,87.5963337817046,13440
734,10,101.74220340086609,8960
734,5,114.12384893536488,4480
735,80,8.361743935955744,71680
735,75,8.501014327203471,67200
735,70,8.651114999584633,62720
735,65,8.94419349239453,58240
735,60,9.268138831446148,53760
735,55,9.51544509156189,49280
735,50,9.87047873523876,44800
735,45,9.961671959598922,40320
735,40,10.934107396848763,35840
735,35,11.325405333620134,31360
735,30,12.109087397428555,26880
735,25,12.607636640519624,22400
735,20,12.969805887832061,17920
735,15,13.921409324068767,13440
735,10,19.521929401694653,8960
735,5,34.31437088298953,4480
736,80,570.4147348705536,71680
736,75,571.8256883743629,67200
736,70,572.4285967655684,62720
736,65,574.0557727060162,58240
736,60,575.6981844783203,53760
736,55,577.7744606144844,49280
736,50,621.301774500561,44800
736,45,629.8134960545407,40320
736,40,630.8222958405694,35840
736,35,650.1699100664753,31360
736,30,669.260639634055,26880
736,25,693.566767265922,22400
736,20,708.960604161419,17920
736,15,759.6920638468113,13440
736,10,1022.1921919510937,8960
736,5,1218.6087574063604,4480
737,80,35.75556318240055,71680
737,75,45.099362879124584,67200
737,70,60.497401799477,62720
737,65,69.82737343654816,58240
737,60,73.21185598163542,53760
737,55,94.9963167747786,49280
737,50,109.56818649827115,44800
737,45,123.17161216758987,40320
737,40,128.33559356386775,35840
737,35,133.76266834270325,31360
737,30,146.2528109741691,26880
737,25,168.89798775180475,22400
737,20,211.80617800615218,17920
737,15,258.85357967415723,13440
737,10,369.1866821422827,8960
737,5,475.14379229515123,4480
738,80,54.97856290763492,71680
738,75,55.09921715036912,67200
738,70,55.204982374144464,62720
738,65,55.30466267528123,58240
738,60,55.33827727767285,53760
738,55,61.30486962168203,49280
738,50,62.355781673280724,44800
738,45,68.40638699753589,40320
738,40,73.53644317754126,35840
738,35,73.83517459491408,31360
738,30,74.15434040774653,26880
738,25,74.3946714309393,22400
738,20,74.66648143203622,17920
738,15,79.62993402514313,13440
738,10,101.86178092898257,8960
738,5,238.3004799930937,4480
739,80,604.1292706297631,71680
739,75,606.373607880466,67200
739,70,607.2953321996247,62720
739,65,610.5017295111851,58240
739,60,613.1440561879026,53760
739,55,617.7832946999881,49280
739,50,650.3209592410946,44800
739,45,659.6821001145572,40320
739,40,660.6816592535067,35840
739,35,685.0922446561993,31360
739,30,706.4881139769109,26880
739,25,723.6344887935035,22400
739,20,738.3103926917328,17920
739,15,779.1967998162182,13440
739,10,986.820948663005,8960
739,5,1152.6925421481374,4480
740,80,3.522231782393798,71680
740,75,4.376964490535187,67200
740,70,4.57208195940199,62720
740,65,17.210228519476452,58240
740,60,18.177233843244927,53760
740,55,19.010737418678808,49280
740,50,22.440798752711686,44800
740,45,30.887648522012324,40320
740,40,34.11961317427007,35840
740,35,34.24426032011931,31360
740,30,34.41187326172713,26880
740,25,39.11025799853218,22400
740,20,39.32799082683891,17920
740,15,41.91261077448012,13440
740,10,43.74675121403016,8960
740,5,45.670662180454876,4480
741,80,868.832206911121,71680
741,75,898.6566795200131,67200
741,70,908.2015304501044,62720
741,65,928.0182404769278,58240
741,60,940.8080647383488,53760
741,55,970.861466582475,49280
741,50,978.1957654544885,44800
741,45,990.0615935485255,40320
741,40,996.4275809705377,35840
741,35,1035.4266891146988,31360
741,30,1044.293252879612,26880
741,25,1084.154526931663,22400
741,20,1122.313243227163,17920
741,15,1182.229961410211,13440
741,10,1331.5567032054369,8960
741,5,2082.2845120229235,4480
742,80,28.870713528827366,71680
742,75,30.221309165502493,67200
742,70,43.266469126453075,62720
742,65,54.12177114634732,58240
742,60,60.5511483429761,53760
742,55,62.67603261900832,49280
742,50,66.89274130791131,44800
742,45,70.57114058335515,40320
742,40,71.25581078734525,35840
742,35,72.91508151654459,31360
742,30,74.88530623252014,26880
742,25,76.38349501370283,22400
742,20,82.56727332796197,17920
742,15,89.59784303921425,13440
742,10,196.42901082471295,8960
742,5,335.5942419753592,4480
743,80,146.8887983592067,71680
743,75,147.0177417799377,67200
743,70,147.05083163260647,62720
743,65,147.08212486481253,58240
743,60,147.22672048052652,53760
743,55,147.3955106055802,49280
743,50,148.8022192598719,44800
743,45,149.56515626794302,40320
743,40,150.95409449548444,35840
743,35,156.2229226792445,31360
743,30,172.2570809486299,26880
743,25,210.3409613436102,22400
743,20,231.20076389841174,17920
743,15,299.5238956544841,13440
743,10,782.7858301691942,8960
743,5,1112.1103617279443,4480
744,80,55.48707979180727,71680
744,75,55.88763554666687,67200
744,70,57.83685474653719,62720
744,65,63.77405349204956,58240
744,60,70.75317936003297,53760
744,55,118.9241857893727,49280
744,50,141.34785427323447,44800
744,45,172.12922378576238,40320
744,40,197.01643892010975,35840
744,35,207.32584365827222,31360
744,30,276.5607739951663,26880
744,25,299.3732435906012,22400
744,20,381.59860017362985,17920
744,15,451.85468228550263,13440
744,10,524.0683395841296,8960
744,5,709.5791204922227,4480
745,80,91.60199837769547,71680
745,75,91.8380348765855,67200
745,70,92.80443530826197,62720
745,65,94.69166603835446,58240
745,60,134.90985104675443,53760
745,55,158.03783563802708,49280
745,50,160.64671166101365,44800
745,45,167.06826805322044,40320
745,40,171.54219820628109,35840
745,35,179.7865676951123,31360
745,30,183.38492732240599,26880
745,25,186.78848757212137,22400
745,20,194.2161385019725,17920
745,15,199.52326759445072,13440
745,10,205.62591115941663,8960
745,5,228.40076051021018,4480
746,80,86.06119894529623,71680
746,75,86.50793102127354,67200
746,70,86.61273515992245,62720
746,65,86.82328733155364,58240
746,60,88.27644471429655,53760
746,55,90.81828350323133,49280
746,50,93.8422325659299,44800
746,45,99.95610176308273,40320
746,40,166.70158864964353,35840
746,35,279.6883778554575,31360
746,30,331.65932696330333,26880
746,25,400.21861226226275,22400
746,20,579.5410929685291,17920
746,15,722.8044479755495,13440
746,10,1106.603648765648,8960
746,5,1634.1238259532447,4480
747,80,2.903498969822849,71680
747,75,3.7407010216493832,67200
747,70,3.9944540549071608,62720
747,65,19.812779221140083,58240
747,60,20.89806528396261,53760
747,55,21.719298592230135,49280
747,50,26.997197518376577,44800
747,45,39.90463260942814,40320
747,40,43.81415151071038,35840
747,35,43.954316502720886,31360
747,30,44.13192694162315,26880
747,25,52.496273090622424,22400
747,20,52.753177480677564,17920
747,15,56.93505264314364,13440
747,10,58.39367703277041,8960
747,5,63.153224294256525,4480
748,80,4.8658157344373505,71680
748,75,6.330926341175993,67200
748,70,6.52069650373136,62720
748,65,9.241771235751006,58240
748,60,9.77684727510399,53760
748,55,11.486514690486606,49280
748,50,37.082876464776696,44800
748,45,50.321318747700396,40320
748,40,50.7075359828319,35840
748,35,51.3915688110502,31360
748,30,52.26480590318039,26880
748,25,58.028922912272094,22400
748,20,58.080305557439026,17920
748,15,84.0577192963779,13440
748,10,94.08273412839546,8960
748,5,150.72936090446024,4480
749,80,9.336478137905408,71680
749,75,9.513155047142506,67200
749,70,9.890841068579235,62720
749,65,10.28227781146558,58240
749,60,10.724862307150724,53760
749,55,10.9846243417277,49280
749,50,11.285650324304115,44800
749,45,11.40029739908857,40320
749,40,12.383461422832644,35840
749,35,12.81265513316888,31360
749,30,13.648250667322174,26880
749,25,14.256417607068817,22400
749,20,14.7185703888705,17920
749,15,15.849962026912822,13440
749,10,21.193618866588817,8960
749,5,35.981897735129806,4480
750,80,62.69705915926795,71680
750,75,62.87496566140001,67200
750,70,79.34173063527386,62720
750,65,105.83382367078181,58240
750,60,117.19828364236184,53760
750,55,122.23411259525733,49280
750,50,146.8057604822419,44800
750,45,149.04506148017305,40320
750,40,156.6850666719742,35840
750,35,160.2599960417433,31360
750,30,168.73890080821502,26880
750,25,176.421456215652,22400
750,20,199.83982065873963,17920
750,15,230.62825299584503,13440
750,10,298.1756567227306,8960
750,5,406.99532220768833,4480
751,80,79.81669998332289,71680
751,75,89.92417157615678,67200
751,70,93.50102901166815,62720
751,65,98.025307046936,58240
751,60,98.59240308696117,53760
751,55,99.18730010909506,49280
751,50,99.77032447974399,44800
751,45,100.72955459089255,40320
751,40,101.75321286383908,35840
751,35,102.10644968707524,31360
751,30,103.08569915231018,26880
751,25,104.01896949062179,22400
751,20,104.23795742164745,17920
751,15,104.58801043664741,13440
751,10,112.60655398346739,8960
751,5,116.84007134976017,4480
752,80,448.29979764069316,71680
752,75,448.51555891077373,67200
752,70,449.16256942748197,62720
752,65,449.5059657657011,58240
752,60,449.74484821557814,53760
752,55,450.4452949949123,49280
752,50,491.3913736639068,44800
752,45,494.38397241897854,40320
752,40,498.27515555004976,35840
752,35,505.2736046653599,31360
752,30,513.9379410878223,26880
752,25,531.4746570309509,22400
752,20,552.2550312953305,17920
752,15,559.9590117216106,13440
752,10,797.0389428288778,8960
752,5,1084.1259960916416,4480
753,80,0.27007860015910645,71680
753,75,0.43213943930333515,67200
753,70,0.4411315123426426,62720
753,65,0.4897495567248947,58240
753,60,0.5977739734299631,53760
753,55,0.8474038994543002,49280
753,50,1.0174987022789435,44800
753,45,1.1783930594994942,40320
753,40,2.1708180913347,35840
753,35,2.2107138051116078,31360
753,30,2.47264727483183,26880
753,25,2.6217111876437316,22400
753,20,2.7655523511838895,17920
753,15,3.204791869786812,13440
753,10,8.21133912234605,8960
753,5,12.4988529986949,4480
754,80,9.126461738147224,71680
754,75,10.374853200992977,67200
754,70,10.608877019897129,62720
754,65,15.891088049258158,58240
754,60,16.328669040801334,53760
754,55,17.28889626922172,49280
754,50,26.692215113070937,44800
754,45,61.93741369867379,40320
754,40,65.82289880362681,35840
754,35,66.08267469121877,31360
754,30,66.2252674082768,26880
754,25,67.31004811516812,22400
754,20,69.3445906123412,17920
754,15,137.6049165483999,13440
754,10,213.71596221607393,8960
754,5,438.02532583024436,4480
755,80,6.273656748076,71680
755,75,6.548198293004153,67200
755,70,6.677434720139797,62720
755,65,10.33919863485646,58240
755,60,10.698064909762817,53760
755,55,11.252178482191791,49280
755,50,16.206999332297855,44800
755,45,28.29285762690005,40320
755,40,29.488661547336623,35840
755,35,29.721418786052844,31360
755,30,34.28387144493976,26880
755,25,149.600444486686,22400
755,20,150.40807717860523,17920
755,15,158.5821911886447,13440
755,10,214.65948315055283,8960
755,5,421.54371643763284,4480
756,80,135.82616910629213,71680
756,75,136.1550865400369,67200
756,70,137.12776162130302,62720
756,65,166.81865474910768,58240
756,60,167.60507667422212,53760
756,55,167.99696235777316,49280
756,50,168.34315112415612,44800
756,45,179.2842042915929,40320
756,40,214.8756709665469,35840
756,35,220.90869833890136,31360
756,30,227.6564378672559,26880
756,25,241.71480263584976,22400
756,20,246.70652287063956,17920
756,15,267.77318092062933,13440
756,10,377.22497290547847,8960
756,5,518.5627953602775,4480
757,80,0.22220523096916944,71680
757,75,0.4426714225853266,67200
757,70,0.4581226988024194,62720
757,65,0.6027546316429946,58240
757,60,0.6768690200524237,53760
757,55,0.8823473626910568,49280
757,50,1.248593914014874,44800
757,45,1.3506318513597306,40320
757,40,2.165551386491393,35840
757,35,2.1994087952796106,31360
757,30,2.485009269193248,26880
757,25,2.659053064782375,22400
757,20,2.8141516934009303,17920
757,15,3.208716259081267,13440
757,10,8.955016035780192,8960
757,5,15.297248850423653,4480
758,80,129.1437507770536,71680
758,75,129.20019727848978,67200
758,70,136.2095537989536,62720
758,65,136.35212097671652,58240
758,60,136.42535694855562,53760
758,55,136.7810566238065,49280
758,50,136.86957693449864,44800
758,45,157.38892033455912,40320
758,40,173.88685373878144,35840
758,35,174.6564417675209,31360
758,30,175.34515344318305,26880
758,25,176.32665085370436,22400
758,20,177.3196997312863,17920
758,15,209.8518849079923,13440
758,10,402.8070128464681,8960
758,5,1096.660351101978,4480
759,80,40.25108233279581,71680
759,75,40.46791157678876,67200
759,70,43.647805868030154,62720
759,65,56.616875250200295,58240
759,60,126.47318791552753,53760
759,55,131.81514786079507,49280
759,50,150.1775087724132,44800
759,45,150.7537245981467,40320
759,40,156.6632359309222,35840
759,35,167.06298066456898,31360
759,30,175.3893291059739,26880
759,25,189.21919916144066,22400
759,20,221.78045918458233,17920
759,15,248.38409889353545,13440
759,10,304.5218812378504,8960
759,5,410.1277224172527,4480
760,80,1126.9828203678976,71680
760,75,1134.1688088894932,67200
760,70,1140.2980660278924,62720
760,65,1161.5020083673362,58240
760,60,1168.792680209761,53760
760,55,1196.9546236471997,49280
760,50,1223.3577069270093,44800
760,45,1265.67194790663,40320
760,40,1285.5245010664858,35840
760,35,1315.0280367710952,31360
760,30,1365.3883641531822,26880
760,25,1416.8422778173865,22400
760,20,1449.1847128374177,17920
760,15,1492.9958056185021,13440
760,10,1569.3853425782022,8960
760,5,1827.9361518757712,4480
761,80,763.5751323558407,71680
761,75,770.8830215613104,67200
761,70,775.6918151545126,62720
761,65,782.6993432263611,58240
761,60,785.4837539844268,53760
761,55,802.140796409338,49280
761,50,810.6002867242121,44800
761,45,811.4131693421837,40320
761,40,818.64226789639,35840
761,35,833.275455833628,31360
761,30,847.3287249556538,26880
761,25,862.6731533310655,22400
761,20,1017.8719296166947,17920
761,15,1185.0493758634775,13440
761,10,1234.8131645870917,8960
761,5,1751.19463465646,4480
762,80,246.75205761309908,71680
762,75,248.35700503344881,67200
762,70,253.14359827497492,62720
762,65,264.53519844664845,58240
762,60,275.9895353466564,53760
762,55,281.9385242435706,49280
762,50,301.15003071742154,44800
762,45,322.4522692841094,40320
762,40,327.2079792534323,35840
762,35,333.2656995569976,31360
762,30,356.9432448068677,26880
762,25,358.44390890054524,22400
762,20,398.1578968306929,17920
762,15,409.5488198869084,13440
762,10,476.443222343413,8960
762,5,737.171590898604,4480
763,80,16.951539255712387,71680
763,75,17.552560175938456,67200
763,70,19.50390363892337,62720
763,65,21.617035747519658,58240
763,60,22.624671365486307,53760
763,55,24.196301300134238,49280
763,50,25.34710272357902,44800
763,45,26.83886300209347,40320
763,40,27.78360863822182,35840
763,35,29.758282700463607,31360
763,30,35.76082308500325,26880
763,25,38.5685967756154,22400
763,20,43.99817202992065,17920
763,15,55.20556603151096,13440
763,10,166.49660600275797,8960
763,5,314.08857361931024,4480
764,80,3.4921669437536718,71680
764,75,3.696661547517473,67200
764,70,3.754060553739834,62720
764,65,3.8928586884341545,58240
764,60,4.034719965204419,53760
764,55,4.215389598518685,49280
764,50,4.981642936224661,44800
764,45,5.3567172815734425,40320
764,40,6.460360025943405,35840
764,35,6.69713698456998,31360
764,30,6.750350472178893,26880
764,25,7.100485607438917,22400
764,20,7.33214632917608,17920
764,15,7.7127890194357525,13440
764,10,13.693928967736964,8960
764,5,19.562430432015738,4480
765,80,253.31616002246122,71680
765,75,253.8136189105534,67200
765,70,254.4638622246777,62720
765,65,255.24420775414285,58240
765,60,256.66279470179,53760
765,55,257.6230449209609,49280
765,50,258.3802269257002,44800
765,45,261.03607985606544,40320
765,40,265.2624321818776,35840
765,35,274.5818947533688,31360
765,30,293.62919998484097,26880
765,25,343.303573846305,22400
765,20,397.6804821929457,17920
765,15,453.6542011876712,13440
765,10,700.6837590297389,8960
765,5,1622.1295694165688,4480
766,80,0.001088498964323361,71680
766,75,0.001162193329235831,67200
766,70,0.0011777083670275416,62720
766,65,0.0012520778595275408,58240
766,60,0.0014776395135250378,53760
766,55,0.001709338698145357,49280
766,50,0.0025905742324011027,44800
766,45,0.003683469814445947,40320
766,40,0.0056995819018260735,35840
766,35,0.00870514808379121,31360
766,30,0.018729955848400356,26880
766,25,0.03446633248401233,22400
766,20,0.08059107181647492,17920
766,15,0.10430677579292284,13440
766,10,0.32973362427791497,8960
766,5,3.4490517864653882,4480
767,80,97.36159712841228,71680
767,75,99.08385502090381,67200
767,70,99.6901985379757,62720
767,65,103.78622310233925,58240
767,60,105.11417259499329,53760
767,55,106.53923212926634,49280
767,50,109.30196792666214,44800
767,45,110.77444612965272,40320
767,40,111.54884124686569,35840
767,35,112.66577484138539,31360
767,30,114.43364479342017,26880
767,25,116.48960320162192,22400
767,20,120.31699980149102,17920
767,15,122.4229404321466,13440
767,10,139.25229418121017,8960
767,5,155.29934833152322,4480
768,80,10.11465962807834,71680
768,75,10.793050833936714,67200
768,70,11.01788438656403,62720
768,65,19.310647510004028,58240
768,60,19.93624588629954,53760
768,55,21.16758409225987,49280
768,50,29.76812642750539,44800
768,45,66.28413608604514,40320
768,40,69.9347128572677,35840
768,35,70.20984323928978,31360
768,30,70.51372889836003,26880
768,25,77.49720535933179,22400
768,20,79.30802408254338,17920
768,15,135.6157891574946,13440
768,10,212.0960496283863,8960
768,5,436.75771508602486,4480
769,80,14.465139968763815,71680
769,75,20.512198973742787,67200
769,70,24.67861203443922,62720
769,65,30.879240441385907,58240
769,60,31.637156931320057,53760
769,55,32.87211104622986,49280
769,50,37.918763857528056,44800
769,45,39.85697202233085,40320
769,40,40.40729305419212,35840
769,35,41.330403556140766,31360
769,30,45.312974496348765,26880
769,25,47.40283244774776,22400
769,20,49.39067167744942,17920
769,15,51.66114781206314,13440
769,10,98.6319324667188,8960
769,5,162.119333068951,4480
770,80,374.1476868267621,71680
770,75,377.382808486289,67200
770,70,383.80420609082034,62720
770,65,387.5760067655829,58240
770,60,393.57275096662386,53760
770,55,397.89138065066055,49280
770,50,399.56269671785344,44800
770,45,402.11532684701666,40320
770,40,412.41835001696967,35840
770,35,482.64093576102624,31360
770,30,611.6034818878599,26880
770,25,675.4316476341014,22400
770,20,736.1604065205757,17920
770,15,784.097401923533,13440
770,10,869.1189871496823,8960
770,5,949.1298396783085,4480
771,80,0.00042052876287039135,71680
771,75,0.00047705955002402524,67200
771,70,0.0004911002767757003,62720
771,65,0.0005591449262674664,58240
771,60,0.0008030268441951484,53760
771,55,0.0010311041621609755,49280
771,50,0.001941635161383431,44800
771,45,0.003046018210705944,40320
771,40,0.0050569774814591,35840
771,35,0.008074466242620891,31360
771,30,0.018018961295250314,26880
771,25,0.033906426119210215,22400
771,20,0.07997041240279976,17920
771,15,0.1036777108822538,13440
771,10,0.3282265821795413,8960
771,5,3.449992903177096,4480
772,80,1193.6555900941657,71680
772,75,1201.8143327381977,67200
772,70,1218.9819163360391,62720
772,65,1220.8568193890162,58240
772,60,1237.7241637656668,53760
772,55,1243.7546345423248,49280
772,50,1258.1895972644252,44800
772,45,1260.7838333946827,40320
772,40,1274.5977056795007,35840
772,35,1292.3560955138832,31360
772,30,1343.7429700355144,26880
772,25,1399.226641174319,22400
772,20,1418.7761798255115,17920
772,15,1495.4128977012276,13440
772,10,1714.8552393494983,8960
772,5,2315.570336473475,4480
773,80,229.13865366020184,71680
773,75,229.37428898667372,67200
773,70,233.12971817138572,62720
773,65,249.1208023136025,58240
773,60,249.18353202645355,53760
773,55,249.62970868304927,49280
773,50,250.2334129825223,44800
773,45,253.1413300316534,40320
773,40,271.3698794409045,35840
773,35,272.4376191061559,31360
773,30,292.3788896799754,26880
773,25,307.43611897306965,22400
773,20,325.0189985107714,17920
773,15,414.3279140706156,13440
773,10,750.9599476826063,8960
773,5,1093.4177281540738,4480
774,80,0.6285700238165759,71680
774,75,0.8850460639439571,67200
774,70,1.0004061706349365,62720
774,65,1.273918448158881,58240
774,60,1.440054277154371,53760
774,55,1.8058104391527803,49280
774,50,2.293157808896422,44800
774,45,2.3911628533211,40320
774,40,3.1298217643142334,35840
774,35,3.220193948232489,31360
774,30,3.6394309089730363,26880
774,25,3.8670990362114526,22400
774,20,4.090075452650386,17920
774,15,4.470324901860656,13440
774,10,11.07139717954838,8960
774,5,17.92725936152064,4480
775,80,0.9825018623197357,71680
775,75,1.6992254937682998,67200
775,70,2.1858963030794616,62720
775,65,18.913643134623086,58240
775,60,30.81034464532553,53760
775,55,41.45339154672161,49280
775,50,53.65409576453053,44800
775,45,63.67199035706149,40320
775,40,64.99057015106833,35840
775,35,68.47240824368731,31360
775,30,78.74049466673675,26880
775,25,84.93127359375278,22400
775,20,92.63220797974502,17920
775,15,105.34651384576627,13440
775,10,201.9525412884041,8960
775,5,465.4551584131494,4480
776,80,124.5506908744404,71680
776,75,125.39811785620554,67200
776,70,125.57051074596285,62720
776,65,125.79546831234646,58240
776,60,125.94293112872404,53760
776,55,125.99822464295384,49280
776,50,127.55975191913083,44800
776,45,132.58093009458818,40320
776,40,136.05524694471288,35840
776,35,147.6125888126197,31360
776,30,185.93800778772018,26880
776,25,200.56953640405763,22400
776,20,221.31577235596154,17920
776,15,227.88777834718937,13440
776,10,250.26367481748832,8960
776,5,280.2090343303191,4480
777,80,23.47462548228514,71680
777,75,31.83271113782022,67200
777,70,34.99135905534265,62720
777,65,38.487081291407236,58240
777,60,39.133400989608184,53760
777,55,39.70046693111209,49280
777,50,40.2763645383025,44800
777,45,40.85240361578091,40320
777,40,41.88034143178882,35840
777,35,42.081831288022386,31360
777,30,42.530369489505276,26880
777,25,43.04027563567917,22400
777,20,43.32965030100085,17920
777,15,43.69468288835976,13440
777,10,50.479404513431774,8960
777,5,55.49001935109989,4480
778,80,24.023292396509145,71680
778,75,39.4386098963916,67200
778,70,40.55533819861554,62720
778,65,51.74564250152057,58240
778,60,53.04127117700975,53760
778,55,55.10602712126155,49280
778,50,58.91169455697533,44800
778,45,89.95078487286528,40320
778,40,91.81866127970991,35840
778,35,91.99340974995808,31360
778,30,93.8795871691929,26880
778,25,160.67820892859828,22400
778,20,161.7124022182198,17920
778,15,196.45762332007584,13440
778,10,233.72577193670944,8960
778,5,419.44132161901075,4480
779,80,24.386232607840796,71680
779,75,26.438853070529074,67200
779,70,29.645826961814222,62720
779,65,31.87158039094406,58240
779,60,31.966778876482536,53760
779,55,32.39959430241346,49280
779,50,35.66114963514372,44800
779,45,38.54757389530286,40320
779,40,38.9869413183082,35840
779,35,41.948999589407315,31360
779,30,48.3940901878571,26880
779,25,51.59459139946128,22400
779,20,59.159826257824754,17920
779,15,69.62207711994684,13440
779,10,184.9335539158612,8960
779,5,346.8127037122365,4480
780,80,0.22220523096916944,71680
780,75,0.4426714225853266,67200
780,70,0.4581226988024194,62720
780,65,0.6027546316429946,58240
780,60,0.6768690200524237,53760
780,55,0.8823473626910568,49280
780,50,1.248593914014874,44800
780,45,1.3506318513597306,40320
780,40,2.165551386491393,35840
780,35,2.1994087952796106,31360
780,30,2.485009269193248,26880
780,25,2.659053064782375,22400
780,20,2.8141516934009303,17920
780,15,3.208716259081267,13440
780,10,8.955016035780192,8960
780,5,15.297248850423653,4480
781,80,86.06788949583336,71680
781,75,95.7489032762216,67200
781,70,113.11349409024984,62720
781,65,117.97879260892316,58240
781,60,118.60153737835955,53760
781,55,121.87230376059989,49280
781,50,127.3890704989984,44800
781,45,132.14569008703316,40320
781,40,145.72809771281987,35840
781,35,188.22737371579012,31360
781,30,217.7486362720015,26880
781,25,229.6806378757746,22400
781,20,264.8340368346169,17920
781,15,306.7385067243158,13440
781,10,330.5800648355294,8960
781,5,453.900759366833,4480
782,80,61.78736707474821,71680
782,75,73.31435075661932,67200
782,70,78.34676974135414,62720
782,65,80.43212537463765,58240
782,60,83.7879450975316,53760
782,55,95.16358510960309,49280
782,50,105.0665305685234,44800
782,45,108.92542936647112,40320
782,40,109.67546018313735,35840
782,35,112.2969984844895,31360
782,30,116.12383837200137,26880
782,25,118.32466665985434,22400
782,20,136.75868400057243,17920
782,15,143.38042851023835,13440
782,10,176.45639203031914,8960
782,5,208.93748183494102,4480
783,80,0.22220523096916944,71680
783,75,0.4426714225853266,67200
783,70,0.4581226988024194,62720
783,65,0.6027546316429946,58240
783,60,0.6768690200524237,53760
783,55,0.8823473626910568,49280
783,50,1.248593914014874,44800
783,45,1.3506318513597306,40320
783,40,2.165551386491393,35840
783,35,2.1994087952796106,31360
783,30,2.485009269193248,26880
783,25,2.659053064782375,22400
783,20,2.8141516934009303,17920
783,15,3.208716259081267,13440
783,10,8.955016035780192,8960
783,5,15.297248850423653,4480
784,80,6.33949677866595,71680
784,75,8.127174419995923,67200
784,70,8.208527246802507,62720
784,65,9.62400988157494,58240
784,60,9.823001770755866,53760
784,55,11.0566632238712,49280
784,50,33.437146480718454,44800
784,45,44.36754569420794,40320
784,40,44.681095981290625,35840
784,35,45.52644704217991,31360
784,30,47.10762481899903,26880
784,25,50.99409256551254,22400
784,20,51.235947060118924,17920
784,15,64.76385392302161,13440
784,10,78.65310159593233,8960
784,5,128.76719898756843,4480
785,80,329.4048485568606,71680
785,75,329.8863525000173,67200
785,70,331.42473997793803,62720
785,65,335.0827164569042,58240
785,60,337.2752434114361,53760
785,55,337.50431050933923,49280
785,50,338.9922935198221,44800
785,45,341.9027725809153,40320
785,40,350.5406371309597,35840
785,35,357.4981518625892,31360
785,30,372.0147925648603,26880
785,25,431.80745658938895,22400
785,20,495.16656037379755,17920
785,15,564.0561792436071,13440
785,10,596.0238052815351,8960
785,5,623.4147222944026,4480
786,80,165.4882448966134,71680
786,75,165.96605087942615,67200
786,70,168.06379411220757,62720
786,65,177.50306656117027,58240
786,60,184.16938866964287,53760
786,55,187.87997533514064,49280
786,50,198.75706419232716,44800
786,45,199.56026353266253,40320
786,40,201.06366512559848,35840
786,35,212.48135175527977,31360
786,30,222.2693735832506,26880
786,25,226.44401927498626,22400
786,20,252.36814684674604,17920
786,15,285.93924403648225,13440
786,10,345.4501412750441,8960
786,5,437.55501076077087,4480
787,80,105.95825957295145,71680
787,75,106.02168051534248,67200
787,70,106.76207923428905,62720
787,65,108.25279184744589,58240
787,60,114.11613269334664,53760
787,55,143.93574368804437,49280
787,50,151.9223893370228,44800
787,45,163.45251866454214,40320
787,40,169.98717834085645,35840
787,35,178.43226668528365,31360
787,30,189.97069353569802,26880
787,25,195.57298433525187,22400
787,20,204.7732707547263,17920
787,15,207.4053893276705,13440
787,10,235.6909101503988,8960
787,5,252.61454593988196,4480
788,80,26.087255262178964,71680
788,75,26.100055670066393,67200
788,70,27.017755189587394,62720
788,65,27.32132523786514,58240
788,60,27.67561086584001,53760
788,55,73.05207309966272,49280
788,50,75.19716388172839,44800
788,45,104.84204485185907,40320
788,40,131.15793871341,35840
788,35,131.9221995517792,31360
788,30,132.23239375952707,26880
788,25,132.57695923026898,22400
788,20,133.08832620482485,17920
788,15,153.01853372348435,13440
788,10,255.81875526632962,8960
788,5,674.08723513157,4480
789,80,11.947822807973546,71680
789,75,13.811290765719423,67200
789,70,14.097434290945742,62720
789,65,14.383265173948324,58240
789,60,14.964681243301007,53760
789,55,15.968834081299816,49280
789,50,20.660806869493026,44800
789,45,23.263889875861054,40320
789,40,31.245413480060996,35840
789,35,47.357581190631905,31360
789,30,71.75062713271876,26880
789,25,99.37205219571915,22400
789,20,105.91526322044759,17920
789,15,162.67753746901036,13440
789,10,192.34898007040383,8960
789,5,269.0422038292477,4480
790,80,4.339944027877403,71680
790,75,4.610925259892124,67200
790,70,4.759491694399896,62720
790,65,16.083277075489168,58240
790,60,16.907359695222503,53760
790,55,18.020411119209264,49280
790,50,18.76663365714541,44800
790,45,19.378999681406896,40320
790,40,19.62345027955172,35840
790,35,19.8163413064421,31360
790,30,24.24678830208075,26880
790,25,97.90119460302685,22400
790,20,100.04653291440728,17920
790,15,207.17108960209913,13440
790,10,266.85007224783453,8960
790,5,461.96497777303927,4480
791,80,8.566008853375324,71680
791,75,8.718617752210568,67200
791,70,8.924277230837664,62720
791,65,9.26130710317832,58240
791,60,9.609309967422698,53760
791,55,9.849483284504446,49280
791,50,10.186340485572584,44800
791,45,10.285153169116002,40320
791,40,11.246432918382189,35840
791,35,11.643455025142426,31360
791,30,12.418822242105163,26880
791,25,12.963656446034992,22400
791,20,13.383840272283983,17920
791,15,14.328198898692158,13440
791,10,19.84670885481555,8960
791,5,35.01532950147656,4480
792,80,1361.663965466808,71680
792,75,1393.970582807827,67200
792,70,1414.0536092678124,62720
792,65,1439.909088381947,58240
792,60,1472.4822321237205,53760
792,55,1491.97535308061,49280
792,50,1505.284868716459,44800
792,45,1513.9197872810917,40320
792,40,1529.8981837515344,35840
792,35,1553.7910504933059,31360
792,30,1576.3293944415627,26880
792,25,1623.9529744483784,22400
792,20,1703.9839491637858,17920
792,15,1823.7633940544804,13440
792,10,1932.9957530524473,8960
792,5,3098.1852459252423,4480
793,80,0.00042052876287039135,71680
793,75,0.00047705955002402524,67200
793,70,0.0004911002767757003,62720
793,65,0.0005591449262674664,58240
793,60,0.0008030268441951484,53760
793,55,0.0010311041621609755,49280
793,50,0.001941635161383431,44800
793,45,0.003046018210705944,40320
793,40,0.0050569774814591,35840
793,35,0.008074466242620891,31360
793,30,0.018018961295250314,26880
793,25,0.033906426119210215,22400
793,20,0.07997041240279976,17920
793,15,0.1036777108822538,13440
793,10,0.3282265821795413,8960
793,5,3.449992903177096,4480
794,80,14.987379180210016,71680
794,75,15.889789942392257,67200
794,70,15.925793553965951,62720
794,65,21.93152992818501,58240
794,60,22.516605060406757,53760
794,55,23.51488200444054,49280
794,50,27.886352883163514,44800
794,45,45.97202295230488,40320
794,40,47.471379016611756,35840
794,35,47.63645896665149,31360
794,30,51.352506776258814,26880
794,25,153.5274536703379,22400
794,20,154.3050091643449,17920
794,15,166.57286928192866,13440
794,10,216.1835051011124,8960
794,5,414.5517732299286,4480
795,80,0.8909397595883398,71680
795,75,1.1088423447725784,67200
795,70,1.1629316586752667,62720
795,65,1.3489057832457536,58240
795,60,1.4532116712750092,53760
795,55,1.6666633127633188,49280
795,50,2.0942098575720562,44800
795,45,2.243262825476295,40320
795,40,3.0041848072265176,35840
795,35,3.049089197469247,31360
795,30,3.379818537308056,26880
795,25,3.6053910148894635,22400
795,20,3.752002956392057,17920
795,15,4.144774202493263,13440
795,10,9.11976355201642,8960
795,5,15.833083094052416,4480
796,80,11.82393819062306,71680
796,75,16.199672590183305,67200
796,70,16.69062383583898,62720
796,65,17.119407441706368,58240
796,60,17.224731291507013,53760
796,55,17.9290907027138,49280
796,50,18.251219271715286,44800
796,45,18.350361137251525,40320
796,40,19.67714071909774,35840
796,35,21.77443316090376,31360
796,30,24.339730191271148,26880
796,25,29.699466027173514,22400
796,20,31.728352308854532,17920
796,15,39.85269314974586,13440
796,10,54.244345536867506,8960
796,5,68.95179653795537,4480
797,80,12.153858549182369,71680
797,75,12.495563640478109,67200
797,70,14.1981689877917,62720
797,65,15.44155064047768,58240
797,60,17.708812912234706,53760
797,55,18.541548267310475,49280
797,50,19.228070831622812,44800
797,45,19.691397253046343,40320
797,40,20.945429080173987,35840
797,35,21.311050024629942,31360
797,30,21.735303328756917,26880
797,25,23.043395733687714,22400
797,20,24.0886543280396,17920
797,15,26.593301892305877,13440
797,10,30.66862669301137,8960
797,5,50.79841593019271,4480
798,80,156.48319745331892,71680
798,75,156.57207135961644,67200
798,70,167.07970600607175,62720
798,65,167.1118919301699,58240
798,60,167.19237013552154,53760
798,55,178.72732001442895,49280
798,50,179.95836306792003,44800
798,45,182.05901979528568,40320
798,40,183.31945482286307,35840
798,35,183.57361384149294,31360
798,30,184.35277609259208,26880
798,25,186.283559906696,22400
798,20,187.81004098544165,17920
798,15,216.2868190554878,13440
798,10,393.9364564438057,8960
798,5,1084.6170911901158,4480
799,80,71.22451859555574,71680
799,75,71.64954791477055,67200
799,70,75.06932147264305,62720
799,65,85.81364787628442,58240
799,60,138.72128107772946,53760
799,55,141.5548394652925,49280
799,50,157.1487233462671,44800
799,45,157.70338689349737,40320
799,40,163.25535112074266,35840
799,35,173.95135691675975,31360
799,30,182.59933685008698,26880
799,25,199.353995447458,22400
799,20,234.29022020586143,17920
799,15,260.3180812174139,13440
799,10,319.2517454095149,8960
799,5,428.0274653546579,4480
800,80,16.855328108377783,71680
800,75,20.62625715483142,67200
800,70,21.023759106883578,62720
800,65,23.260014556164332,58240
800,60,23.718932369985975,53760
800,55,24.628163994892123,49280
800,50,31.299835132983723,44800
800,45,56.526658725645646,40320
800,40,58.53388721469411,35840
800,35,58.684579472264915,31360
800,30,62.08292116509131,26880
800,25,138.20608170667725,22400
800,20,139.37249573737964,17920
800,15,194.77426285613382,13440
800,10,215.61227293884414,8960
800,5,308.3088258952666,4480
801,80,66.15451743250023,71680
801,75,66.25191027042204,67200
801,70,67.48812821017255,62720
801,65,68.70657956579267,58240
801,60,78.63755091968055,53760
801,55,80.72238544136239,49280
801,50,90.83122310837099,44800
801,45,92.74913675363565,40320
801,40,100.32557361678347,35840
801,35,111.58154659828867,31360
801,30,118.13308803313636,26880
801,25,133.2114479392796,22400
801,20,158.01102001607703,17920
801,15,182.92636995743956,13440
801,10,232.7918259328348,8960
801,5,344.64102324289723,4480
802,80,0.49676516450100777,71680
802,75,0.7328755583805527,67200
802,70,0.8365101495271883,62720
802,65,1.0856621563691657,58240
802,60,1.2422716461060652,53760
802,55,1.603013531933115,49280
802,50,2.049066815973246,44800
802,45,2.1475629230387567,40320
802,40,2.9172861162289885,35840
802,35,2.999618769840602,31360
802,30,3.366854780456364,26880
802,25,3.5966578979797683,22400
802,20,3.826320011263268,17920
802,15,4.201371557232191,13440
802,10,10.388654178749036,8960
802,5,17.192591930901088,4480
803,80,20.313151957977247,71680
803,75,20.496657059058023,67200
803,70,20.573837557856542,62720
803,65,20.75398056180658,58240
803,60,20.82611392652379,53760
803,55,22.355870563168846,49280
803,50,23.165087926308686,44800
803,45,24.742200691763557,40320
803,40,26.31349964604637,35840
803,35,26.425950775137007,31360
803,30,26.86753551872895,26880
803,25,27.20092843230842,22400
803,20,27.47162006184014,17920
803,15,28.879959654682995,13440
803,10,34.094425391719476,8960
803,5,75.28233024010754,4480
804,80,11.451479837622324,71680
804,75,11.869373125742742,67200
804,70,13.699344509821554,62720
804,65,15.9125276617481,58240
804,60,19.110974172642667,53760
804,55,20.318430377419443,49280
804,50,21.2662676194744,44800
804,45,21.939148042032357,40320
804,40,23.093108892248544,35840
804,35,23.496636792109104,31360
804,30,23.996054266107357,26880
804,25,25.207232611395565,22400
804,20,26.487281656017398,17920
804,15,29.491726092907808,13440
804,10,33.41378388950052,8960
804,5,54.69661221595695,4480
805,80,49.439828628390295,71680
805,75,63.575952308297445,67200
805,70,87.35815922377067,62720
805,65,93.94456640644671,58240
805,60,95.1477130101855,53760
805,55,98.11201862920683,49280
805,50,104.53360792221633,44800
805,45,110.5938888167758,40320
805,40,126.61237363474473,35840
805,35,171.38528433518775,31360
805,30,203.70362032664596,26880
805,25,217.42543437260713,22400
805,20,252.73182465694072,17920
805,15,295.80206213828563,13440
805,10,316.1642949949903,8960
805,5,443.7526938694417,4480
806,80,284.9358051502898,71680
806,75,285.6128385497793,67200
806,70,285.7074687503487,62720
806,65,286.9073198632056,58240
806,60,289.49232569802126,53760
806,55,290.12614718701855,49280
806,50,292.28989209131424,44800
806,45,302.92907149910485,40320
806,40,371.1513355720522,35840
806,35,421.076527978179,31360
806,30,498.12997626160836,26880
806,25,524.0209231230617,22400
806,20,572.0026137990732,17920
806,15,600.3316029315539,13440
806,10,613.3328233175044,8960
806,5,653.5842696191365,4480
807,80,4.393596346246559,71680
807,75,4.605621909277387,67200
807,70,4.683884506260456,62720
807,65,4.915322181851162,58240
807,60,5.012711044788626,53760
807,55,5.390747581792933,49280
807,50,5.987014749598707,44800
807,45,6.389906878789783,40320
807,40,7.16717297032174,35840
807,35,7.232783375148687,31360
807,30,7.724257303068047,26880
807,25,8.10823335895639,22400
807,20,8.367510761393333,17920
807,15,8.881583277857322,13440
807,10,13.30528667228426,8960
807,5,24.825766275401364,4480
808,80,898.8704633422734,71680
808,75,907.3463853296043,67200
808,70,945.6329801976051,62720
808,65,970.5797006534146,58240
808,60,978.3727117565048,53760
808,55,1030.1304418471025,49280
808,50,1058.7731190592922,44800
808,45,1061.3103231171015,40320
808,40,1077.393685464185,35840
808,35,1092.807181844052,31360
808,30,1110.6553586715647,26880
808,25,1152.664035247984,22400
808,20,1236.723013298129,17920
808,15,1317.0005922981452,13440
808,10,1456.5017965633406,8960
808,5,1885.914203159965,4480
809,80,16.767381865619363,71680
809,75,38.940959568038046,67200
809,70,40.87667755045732,62720
809,65,52.77115899679524,58240
809,60,54.282477926984285,53760
809,55,56.585745569354124,49280
809,50,60.547100038636245,44800
809,45,93.9681912753803,40320
809,40,95.75753423489074,35840
809,35,95.99451474918284,31360
809,30,97.30320887361009,26880
809,25,149.32014192622432,22400
809,20,150.5816084902615,17920
809,15,199.87142834831576,13440
809,10,233.22620896169093,8960
809,5,415.05087367398886,4480
810,80,629.9006518464963,71680
810,75,633.6467856512226,67200
810,70,634.7209474697839,62720
810,65,639.4420994727691,58240
810,60,643.5177331100265,53760
810,55,651.1520242756593,49280
810,50,683.2973153635813,44800
810,45,693.8091655023594,40320
810,40,694.6195368712083,35840
810,35,722.8437609290381,31360
810,30,747.4384003397851,26880
810,25,761.8358093647895,22400
810,20,776.3600544179141,17920
810,15,811.1372654681833,13440
810,10,987.4378853386282,8960
810,5,1133.157324579461,4480
811,80,8.987906350550007,71680
811,75,12.051592495199946,67200
811,70,12.24839158420541,62720
811,65,14.489839687171594,58240
811,60,14.723992105630519,53760
811,55,14.99991722844721,49280
811,50,16.0036818257947,44800
811,45,17.882785946975563,40320
811,40,17.939026080091455,35840
811,35,18.193391753432845,31360
811,30,21.61761334320179,26880
811,25,108.01136075027772,22400
811,20,108.88762784103014,17920
811,15,124.73198269487297,13440
811,10,198.5749109296371,8960
811,5,424.8983317555534,4480
812,80,45.96862823757549,71680
812,75,46.11774402757237,67200
812,70,83.30104730708553,62720
812,65,83.37363362577663,58240
812,60,83.80756912054842,53760
812,55,134.83850002940338,49280
812,50,137.5473921104374,44800
812,45,139.86103677345235,40320
812,40,141.8753314127782,35840
812,35,142.30833921644347,31360
812,30,143.665955284023,26880
812,25,145.89488268140138,22400
812,20,147.59907711098234,17920
812,15,180.62911072091322,13440
812,10,375.55174160013934,8960
812,5,1095.7166184089808,4480
813,80,16.779500729692256,71680
813,75,22.372119183855844,67200
813,70,26.843966182583053,62720
813,65,33.10225028399213,58240
813,60,33.91739014605463,53760
813,55,35.267761274485395,49280
813,50,39.148038836188526,44800
813,45,40.62770606856619,40320
813,40,41.298527849682216,35840
813,35,42.29233996601321,31360
813,30,46.53897280838874,26880
813,25,48.78792570846365,22400
813,20,51.130695579033585,17920
813,15,54.189101989657395,13440
813,10,108.84913127354733,8960
813,5,180.55317355424015,4480
814,80,0.0007135071575345623,71680
814,75,0.0007799764149629741,67200
814,70,0.0007975408684853853,62720
814,65,0.0008780771209513007,58240
814,60,0.0011067914509108562,53760
814,55,0.0013376369203356789,49280
814,50,0.0022181499619850845,44800
814,45,0.003314805966909454,40320
814,40,0.005306321967215384,35840
814,35,0.008319340799992251,31360
814,30,0.01834486398353316,26880
814,25,0.034144918546184296,22400
814,20,0.08010879334956103,17920
814,15,0.10382081938004044,13440
814,10,0.32935151513804667,8960
814,5,3.4484096208185844,4480
815,80,0.22220523096916944,71680
815,75,0.4426714225853266,67200
815,70,0.4581226988024194,62720
815,65,0.6027546316429946,58240
815,60,0.6768690200524237,53760
815,55,0.8823473626910568,49280
815,50,1.248593914014874,44800
815,45,1.3506318513597306,40320
815,40,2.165551386491393,35840
815,35,2.1994087952796106,31360
815,30,2.485009269193248,26880
815,25,2.659053064782375,22400
815,20,2.8141516934009303,17920
815,15,3.208716259081267,13440
815,10,8.955016035780192,8960
815,5,15.297248850423653,4480
816,80,6.974438313181364,71680
816,75,8.66541812013698,67200
816,70,8.819423667314476,62720
816,65,11.11665335464611,58240
816,60,11.26978389596003,53760
816,55,11.407840372235384,49280
816,50,16.596721505744927,44800
816,45,24.697562707527638,40320
816,40,26.344567073325596,35840
816,35,26.493880450417276,31360
816,30,28.546105917881533,26880
816,25,59.55791952204194,22400
816,20,61.944880402852604,17920
816,15,169.85583029483337,13440
816,10,241.3710597806658,8960
816,5,456.1127079665934,4480
817,80,506.40588721101585,71680
817,75,506.7763896675943,67200
817,70,507.15658208362214,62720
817,65,508.90120981724124,58240
817,60,509.5084593898974,53760
817,55,510.0425159297084,49280
817,50,512.3244484592407,44800
817,45,524.2835525227002,40320
817,40,551.6656126558768,35840
817,35,560.3764789816332,31360
817,30,576.8624922545989,26880
817,25,624.4971181496365,22400
817,20,660.9805660867752,17920
817,15,695.4991283057403,13440
817,10,789.6426978122906,8960
817,5,1069.6000518874564,4480
818,80,0.22220523096916944,71680
818,75,0.4426714225853266,67200
818,70,0.4581226988024194,62720
818,65,0.6027546316429946,58240
818,60,0.6768690200524237,53760
818,55,0.8823473626910568,49280
818,50,1.248593914014874,44800
818,45,1.3506318513597306,40320
818,40,2.165551386491393,35840
818,35,2.1994087952796106,31360
818,30,2.485009269193248,26880
818,25,2.659053064782375,22400
818,20,2.8141516934009303,17920
818,15,3.208716259081267,13440
818,10,8.955016035780192,8960
818,5,15.297248850423653,4480
819,80,33.160710054728284,71680
819,75,64.08502557898049,67200
819,70,73.37923167617606,62720
819,65,81.13851139870617,58240
819,60,82.36376438486711,53760
819,55,83.15823807667546,49280
819,50,83.88114787753857,44800
819,45,84.7955752797261,40320
819,40,85.93820661820666,35840
819,35,86.25584068261236,31360
819,30,87.04451478406664,26880
819,25,88.02828248061674,22400
819,20,88.23358300916159,17920
819,15,88.67341756664374,13440
819,10,96.89359100853413,8960
819,5,101.5049828687363,4480
820,80,3.3197384551837836,71680
820,75,3.563442975474795,67200
820,70,3.649607203662693,62720
820,65,3.8530824068263945,58240
820,60,3.982950450944089,53760
820,55,4.2705521936447886,49280
820,50,4.8297164155296475,44800
820,45,4.863400811757655,40320
820,40,5.708982425936528,35840
820,35,5.873487376476449,31360
820,30,6.521720993584196,26880
820,25,6.85987220551202,22400
820,20,6.930922822577658,17920
820,15,7.545307692985486,13440
820,10,15.326798585248667,8960
820,5,24.014815020071232,4480
821,80,0.22220523096916944,71680
821,75,0.4426714225853266,67200
821,70,0.4581226988024194,62720
821,65,0.6027546316429946,58240
821,60,0.6768690200524237,53760
821,55,0.8823473626910568,49280
821,50,1.248593914014874,44800
821,45,1.3506318513597306,40320
821,40,2.165551386491393,35840
821,35,2.1994087952796106,31360
821,30,2.485009269193248,26880
821,25,2.659053064782375,22400
821,20,2.8141516934009303,17920
821,15,3.208716259081267,13440
821,10,8.955016035780192,8960
821,5,15.297248850423653,4480
822,80,0.00040928726816092515,71680
822,75,0.0004578872084443504,67200
822,70,0.00047133980599351806,62720
822,65,0.0005372845216511902,58240
822,60,0.0007898366901020103,53760
822,55,0.001017997696500053,49280
822,50,0.00193401944835156,44800
822,45,0.003051155006227154,40320
822,40,0.005058206140567403,35840
822,35,0.00807175663828213,31360
822,30,0.01803147403277549,26880
822,25,0.033943062110879815,22400
822,20,0.07999479910089942,17920
822,15,0.10363376474344949,13440
822,10,0.32791171802157004,8960
822,5,3.450568008256963,4480
823,80,3.7723062002178858,71680
823,75,3.979248244036788,67200
823,70,4.071175508958289,62720
823,65,4.281736364087671,58240
823,60,4.378645796743904,53760
823,55,4.677018392408655,49280
823,50,5.118892904476044,44800
823,45,5.379253081631249,40320
823,40,6.207587326436008,35840
823,35,6.329908757411684,31360
823,30,6.732048519732923,26880
823,25,6.976314177364561,22400
823,20,7.344418909831501,17920
823,15,7.909998547611672,13440
823,10,11.780772499859872,8960
823,5,21.50024814997978,4480
824,80,0.00040928726816092515,71680
824,75,0.0004578872084443504,67200
824,70,0.00047133980599351806,62720
824,65,0.0005372845216511902,58240
824,60,0.0007898366901020103,53760
824,55,0.001017997696500053,49280
824,50,0.00193401944835156,44800
824,45,0.003051155006227154,40320
824,40,0.005058206140567403,35840
824,35,0.00807175663828213,31360
824,30,0.01803147403277549,26880
824,25,0.033943062110879815,22400
824,20,0.07999479910089942,17920
824,15,0.10363376474344949,13440
824,10,0.32791171802157004,8960
824,5,3.450568008256963,4480
825,80,15.017057741850396,71680
825,75,21.52185374602262,67200
825,70,22.10076837555006,62720
825,65,22.418703961516755,58240
825,60,22.48644205794171,53760
825,55,22.96739785298282,49280
825,50,24.093813562496305,44800
825,45,24.651239161691446,40320
825,40,27.575154841123457,35840
825,35,34.41388807413501,31360
825,30,42.74697833067484,26880
825,25,56.13599799946818,22400
825,20,59.771013267550444,17920
825,15,80.96837639242868,13440
825,10,101.0054366831437,8960
825,5,129.6350546810306,4480
826,80,15.545236604668558,71680
826,75,55.645587204675145,67200
826,70,67.88500325530784,62720
826,65,77.0597542685494,58240
826,60,78.56730961757495,53760
826,55,79.43269634023713,49280
826,50,80.28209871014248,44800
826,45,81.17712843741363,40320
826,40,82.28514810879045,35840
826,35,82.58332996542046,31360
826,30,83.26161335432793,26880
826,25,84.2096375149702,22400
826,20,84.50000552353531,17920
826,15,84.96530203730927,13440
826,10,93.22961575697161,8960
826,5,98.06335623103246,4480
827,80,9.034753303248321,71680
827,75,9.196504326815646,67200
827,70,9.493725165490616,62720
827,65,9.856032481231173,58240
827,60,10.253560666335382,53760
827,55,10.508333345595448,49280
827,50,10.830281292687538,44800
827,45,10.93420346975958,40320
827,40,11.886172285865332,35840
827,35,12.30547039026065,31360
827,30,13.125326799053488,26880
827,25,13.704887023636157,22400
827,20,14.15158456089353,17920
827,15,15.164638554452804,13440
827,10,20.56087986439254,8960
827,5,35.297400850712144,4480
828,80,21.068085680542925,71680
828,75,21.094254813848327,67200
828,70,21.287284819020513,62720
828,65,21.933446814648264,58240
828,60,22.557009295181988,53760
828,55,23.249915778095946,49280
828,50,26.867870296590166,44800
828,45,29.531495690895188,40320
828,40,36.74154466664137,35840
828,35,58.021921878010936,31360
828,30,98.58206234616195,26880
828,25,159.69780882818196,22400
828,20,536.2817013655791,17920
828,15,1061.4102227761398,13440
828,10,1157.2053707045006,8960
828,5,1737.8299795965106,4480
829,80,845.0308485297919,71680
829,75,846.9236924749521,67200
829,70,851.933449150037,62720
829,65,854.317488460419,58240
829,60,857.7165050548787,53760
829,55,858.5843057809135,49280
829,50,863.8542114384978,44800
829,45,874.6711366150785,40320
829,40,917.0723620737435,35840
829,35,985.1340617851745,31360
829,30,1042.39158493126,26880
829,25,1094.94227299693,22400
829,20,1208.0674043934428,17920
829,15,1319.736863084634,13440
829,10,1739.9733291748644,8960
829,5,2974.075341874153,4480
830,80,0.22220523096916944,71680
830,75,0.4426714225853266,67200
830,70,0.4581226988024194,62720
830,65,0.6027546316429946,58240
830,60,0.6768690200524237,53760
830,55,0.8823473626910568,49280
830,50,1.248593914014874,44800
830,45,1.3506318513597306,40320
830,40,2.165551386491393,35840
830,35,2.1994087952796106,31360
830,30,2.485009269193248,26880
830,25,2.659053064782375,22400
830,20,2.8141516934009303,17920
830,15,3.208716259081267,13440
830,10,8.955016035780192,8960
830,5,15.297248850423653,4480
831,80,10.665223505507466,71680
831,75,13.652934230438175,67200
831,70,13.999790433844696,62720
831,65,14.36667319000197,58240
831,60,14.49922319120396,53760
831,55,15.17110679540067,49280
831,50,15.49104633552363,44800
831,45,15.548867099528858,40320
831,40,16.654218802647762,35840
831,35,18.146614434781817,31360
831,30,19.85484528819929,26880
831,25,23.799959142558567,22400
831,20,25.384380112069493,17920
831,15,31.406352813933093,13440
831,10,44.12815226376044,8960
831,5,57.15151764213927,4480
832,80,93.27417621678265,71680
832,75,93.45867467249606,67200
832,70,94.51305676978163,62720
832,65,94.52628321326408,58240
832,60,94.55102328333463,53760
832,55,95.77175212880307,49280
832,50,96.33748907611988,44800
832,45,128.21416168788562,40320
832,40,150.3534979672288,35840
832,35,151.28156359630805,31360
832,30,151.65927210069745,26880
832,25,153.16753862657563,22400
832,20,154.91039922403996,17920
832,15,175.92068503419986,13440
832,10,301.2068177932803,8960
832,5,820.624918737153,4480
833,80,135.69144979239036,71680
833,75,136.0210847702754,67200
833,70,137.79980987687264,62720
833,65,149.50128317562377,58240
833,60,153.76070337843504,53760
833,55,161.04696234357579,49280
833,50,167.2373018396146,44800
833,45,179.11315312301548,40320
833,40,184.66630589846798,35840
833,35,202.82709520547246,31360
833,30,246.85634652137892,26880
833,25,271.7103873803823,22400
833,20,370.8837987538738,17920
833,15,415.7149164578928,13440
833,10,578.5507779374404,8960
833,5,735.4589721705056,4480
834,80,7.277712795137102,71680
834,75,10.124313624867153,67200
834,70,10.474260072230027,62720
834,65,11.165477133235058,58240
834,60,11.301482613158756,53760
834,55,11.626928500431172,49280
834,50,20.473317628536385,44800
834,45,44.72644917481929,40320
834,40,47.98187786361235,35840
834,35,48.16870590936221,31360
834,30,48.775532509018056,26880
834,25,53.8646477921618,22400
834,20,56.174254479175985,17920
834,15,146.36202532999727,13440
834,10,221.1646220104245,8960
834,5,442.72251371293805,4480
835,80,0.22220523096916944,71680
835,75,0.4426714225853266,67200
835,70,0.4581226988024194,62720
835,65,0.6027546316429946,58240
835,60,0.6768690200524237,53760
835,55,0.8823473626910568,49280
835,50,1.248593914014874,44800
835,45,1.3506318513597306,40320
835,40,2.165551386491393,35840
835,35,2.1994087952796106,31360
835,30,2.485009269193248,26880
835,25,2.659053064782375,22400
835,20,2.8141516934009303,17920
835,15,3.208716259081267,13440
835,10,8.955016035780192,8960
835,5,15.297248850423653,4480
836,80,170.33307882847248,71680
836,75,172.95814150000845,67200
836,70,173.8699684354652,62720
836,65,178.3588453795497,58240
836,60,180.66247371928728,53760
836,55,184.48912141152772,49280
836,50,189.37255272640314,44800
836,45,191.52850430326987,40320
836,40,192.7389345432645,35840
836,35,194.73128551982109,31360
836,30,198.0365635569099,26880
836,25,202.98566324513038,22400
836,20,208.54981196831824,17920
836,15,212.95768164556708,13440
836,10,238.08224567263878,8960
836,5,265.21038582347137,4480
837,80,6.527880979826156,71680
837,75,6.698769547374248,67200
837,70,6.77816957019132,62720
837,65,7.037926680412867,58240
837,60,7.226832186386555,53760
837,55,7.50579909495876,49280
837,50,7.969620495277386,44800
837,45,8.020369825241975,40320
837,40,8.964575668016263,35840
837,35,9.293815909776429,31360
837,30,10.138260099863494,26880
837,25,10.646642413209952,22400
837,20,10.873117919087461,17920
837,15,11.74615027807858,13440
837,10,17.687036876551414,8960
837,5,30.063678968299516,4480
838,80,952.6852999064452,71680
838,75,958.1417503005644,67200
838,70,976.3575040104087,62720
838,65,992.549370165795,58240
838,60,1001.018476888026,53760
838,55,1016.519088342913,49280
838,50,1032.8684709845477,44800
838,45,1048.5249310223296,40320
838,40,1060.4277931064928,35840
838,35,1078.446799354067,31360
838,30,1095.4951875873576,26880
838,25,1161.569174441719,22400
838,20,1215.7224400121586,17920
838,15,1246.683117398323,13440
838,10,1301.7184063970935,8960
838,5,1550.336642624616,4480
839,80,4.4414113989510655,71680
839,75,6.250516744575166,67200
839,70,6.65183537662105,62720
839,65,21.048550931713287,58240
839,60,22.303710002538338,53760
839,55,24.049714487444742,49280
839,50,25.346327042125015,44800
839,45,32.26580896321031,40320
839,40,32.40548070939765,35840
839,35,32.60161041566414,31360
839,30,37.773320623657995,26880
839,25,128.1240836841791,22400
839,20,130.05821439947655,17920
839,15,227.75393551908877,13440
839,10,278.50015363174725,8960
839,5,455.94343468077557,4480
840,80,4.586903608796721,71680
840,75,7.376371840242212,67200
840,70,7.689417230704972,62720
840,65,8.110961415630078,58240
840,60,8.206512386732054,53760
840,55,8.318786048532868,49280
840,50,11.076388186380886,44800
840,45,11.540612111181849,40320
840,40,11.6785070652427,35840
840,35,11.962180432976412,31360
840,30,16.262570340547573,26880
840,25,122.57229722598329,22400
840,20,123.38056156672366,17920
840,15,133.54762317932727,13440
840,10,202.64621650946975,8960
840,5,424.1579399861922,4480
841,80,0.22220523096916944,71680
841,75,0.4426714225853266,67200
841,70,0.4581226988024194,62720
841,65,0.6027546316429946,58240
841,60,0.6768690200524237,53760
841,55,0.8823473626910568,49280
841,50,1.248593914014874,44800
841,45,1.3506318513597306,40320
841,40,2.165551386491393,35840
841,35,2.1994087952796106,31360
841,30,2.485009269193248,26880
841,25,2.659053064782375,22400
841,20,2.8141516934009303,17920
841,15,3.208716259081267,13440
841,10,8.955016035780192,8960
841,5,15.297248850423653,4480
842,80,494.0360516647262,71680
842,75,494.73881868918113,67200
842,70,494.90224817739966,62720
842,65,496.4544228899821,58240
842,60,497.42791475836583,53760
842,55,497.76476485334484,49280
842,50,501.1144886940581,44800
842,45,503.8336850435844,40320
842,40,509.045950667688,35840
842,35,521.7470195425716,31360
842,30,567.1236829911516,26880
842,25,664.1828680684773,22400
842,20,709.0830447598456,17920
842,15,736.4017810490584,13440
842,10,793.3956276513718,8960
842,5,1057.2570927988609,4480
843,80,138.2044515122735,71680
843,75,138.71764893079362,67200
843,70,140.6416286252647,62720
843,65,145.14362355121568,58240
843,60,160.3807441817001,53760
843,55,162.3197106219323,49280
843,50,170.85095397852743,44800
843,45,171.52957155849785,40320
843,40,176.50357148074085,35840
843,35,189.12639361985669,31360
843,30,195.7595367918447,26880
843,25,214.072240083133,22400
843,20,249.85749359039116,17920
843,15,273.9951366041089,13440
843,10,329.40979060795553,8960
843,5,435.77659281078076,4480
844,80,19.064339350829375,71680
844,75,23.834990487700477,67200
844,70,28.353168064016167,62720
844,65,34.12968126645233,58240
844,60,34.99124424739775,53760
844,55,36.4882169866081,49280
844,50,39.47787762761853,44800
844,45,40.75508650128045,40320
844,40,41.49106690564042,35840
844,35,42.59091648980516,31360
844,30,47.10486513350387,26880
844,25,49.31449964483439,22400
844,20,51.826954650830125,17920
844,15,55.52404343842953,13440
844,10,117.6426563459097,8960
844,5,198.61258424869055,4480
845,80,245.29041359015991,71680
845,75,245.41036032728962,67200
845,70,245.44188657173308,62720
845,65,245.56653377257595,58240
845,60,245.67994488997664,53760
845,55,249.29075144518058,49280
845,50,343.5504488344688,44800
845,45,348.58697106336734,40320
845,40,350.0824154845975,35840
845,35,358.5079790470643,31360
845,30,377.98900817316587,26880
845,25,425.21829520953605,22400
845,20,444.1952348963818,17920
845,15,514.4339352806724,13440
845,10,912.0549355178989,8960
845,5,1179.490624957336,4480
846,80,9.652302762107839,71680
846,75,10.488015581482413,67200
846,70,10.713166672976785,62720
846,65,18.04555192053536,58240
846,60,18.61339264114386,53760
846,55,19.767937441144,49280
846,50,28.711191494072924,44800
846,45,65.30175711044677,40320
846,40,69.07239627513654,35840
846,35,69.34592726642155,31360
846,30,69.56936690358636,26880
846,25,74.07268265386853,22400
846,20,75.96615196191566,17920
846,15,136.15211731889104,13440
846,10,212.54731287750133,8960
846,5,437.25216288245025,4480
847,80,174.3835544911078,71680
847,75,174.92723157707562,67200
847,70,176.33384397851867,62720
847,65,179.65979661544065,58240
847,60,183.26916866961585,53760
847,55,189.17711437772118,49280
847,50,192.05608083236402,44800
847,45,197.4523504986555,40320
847,40,201.98791171654838,35840
847,35,222.06737458054383,31360
847,30,271.43852025736345,26880
847,25,293.5225695935386,22400
847,20,406.0347104351422,17920
847,15,446.5110207065057,13440
847,10,590.5294395492525,8960
847,5,745.5229048254557,4480
848,80,52.89755132911901,71680
848,75,56.738182139883264,67200
848,70,63.519576680868326,62720
848,65,70.67949422511053,58240
848,60,79.23742329946799,53760
848,55,86.7481833709588,49280
848,50,94.08923295222677,44800
848,45,99.06073055559747,40320
848,40,102.22589912859713,35840
848,35,104.80492304497491,31360
848,30,107.11345026738637,26880
848,25,117.8269862739475,22400
848,20,128.3178956214362,17920
848,15,154.32550164633216,13440
848,10,255.66588039688932,8960
848,5,360.6513637712079,4480
849,80,70.2829048282827,71680
849,75,70.4119653052415,67200
849,70,71.97939012040801,62720
849,65,77.19671916083925,58240
849,60,117.91886439473998,53760
849,55,121.4453205092406,49280
849,50,133.3752565187082,44800
849,45,133.72786914882153,40320
849,40,137.6623743934971,35840
849,35,145.28719053370304,31360
849,30,152.09827594594498,26880
849,25,160.9064472330109,22400
849,20,186.3605200420707,17920
849,15,208.2166964807836,13440
849,10,262.81343832788497,8960
849,5,364.9575606040653,4480
850,80,2.187144721185995,71680
850,75,2.196795906816011,67200
850,70,2.211593870924133,62720
850,65,2.2572367478012176,58240
850,60,2.3411928733269716,53760
850,55,2.4385445286507297,49280
850,50,3.0448657099088647,44800
850,45,7.993628529161778,40320
850,40,58.22462011742116,35840
850,35,62.43903967050983,31360
850,30,65.2204924926299,26880
850,25,66.86323101514677,22400
850,20,71.23116313866373,17920
850,15,72.11356283487007,13440
850,10,88.56055682589214,8960
850,5,94.27435067432457,4480
851,80,31.36288696344635,71680
851,75,31.528283367395318,67200
851,70,31.592545319194457,62720
851,65,31.75159872880723,58240
851,60,31.80300872242294,53760
851,55,34.41496807293201,49280
851,50,35.30032363608285,44800
851,45,37.89304169503215,40320
851,40,40.201101761857004,35840
851,35,40.35432539984549,31360
851,30,40.72342607840603,26880
851,25,41.024953257164924,22400
851,20,41.258797482424754,17920
851,15,43.481420234767704,13440
851,10,52.01718218642729,8960
851,5,118.20214793147433,4480
852,80,9.355683501918463,71680
852,75,12.021808921562195,67200
852,70,12.16869773226974,62720
852,65,15.44760225510469,58240
852,60,15.766416846921695,53760
852,55,16.150650729767815,49280
852,50,16.932852721997133,44800
852,45,20.89655306707908,40320
852,40,21.05168890167526,35840
852,35,21.309235180476698,31360
852,30,24.414821568917617,26880
852,25,103.38695754476191,22400
852,20,104.29754362460672,17920
852,15,122.80460910039551,13440
852,10,197.80456970035277,8960
852,5,425.2612471365767,4480
853,80,40.799641864577005,71680
853,75,49.836478280193575,67200
853,70,68.88356374640644,62720
853,65,76.747212293707,58240
853,60,78.25507023467206,53760
853,55,89.72328549732273,49280
853,50,99.21575173100524,44800
853,45,102.01592923895144,40320
853,40,102.71914128662708,35840
853,35,104.27511111549316,31360
853,30,107.08854379622906,26880
853,25,107.95514242793332,22400
853,20,122.04426699432607,17920
853,15,131.73475663679514,13440
853,10,145.94895860786636,8960
853,5,165.01860250167033,4480
854,80,311.42482122325623,71680
854,75,312.712044624549,67200
854,70,313.015993453991,62720
854,65,315.67732063899854,58240
854,60,321.2156740328994,53760
854,55,324.75261810904567,49280
854,50,327.2013581654421,44800
854,45,334.3225712989914,40320
854,40,340.21819187051483,35840
854,35,349.93808969269594,31360
854,30,358.02485680711527,26880
854,25,387.2014861280581,22400
854,20,404.62927052755055,17920
854,15,434.36346132843136,13440
854,10,508.1360205824761,8960
854,5,536.4124454963468,4480
855,80,4.786602324152152,71680
855,75,4.886173181104002,67200
855,70,5.019481574150004,62720
855,65,16.44213918840206,58240
855,60,17.035908999020844,53760
855,55,17.385878310295816,49280
855,50,27.462074731870167,44800
855,45,53.896831501572066,40320
855,40,59.175802608337456,35840
855,35,59.35755216543387,31360
855,30,60.00353923940438,26880
855,25,87.84899591305044,22400
855,20,88.24705506745816,17920
855,15,102.2858432083375,13440
855,10,104.85030794447724,8960
855,5,126.08826062428913,4480
856,80,9.550651340706692,71680
856,75,9.949789165032426,67200
856,70,11.83943052106601,62720
856,65,17.145466502769203,58240
856,60,22.843007036634322,53760
856,55,24.997579640344163,49280
856,50,26.795779391287283,44800
856,45,27.621010247762705,40320
856,40,29.00587992354038,35840
856,35,29.85765123299235,31360
856,30,30.70901879619349,26880
856,25,31.859672974494607,22400
856,20,33.30682431305793,17920
856,15,36.84477888673301,13440
856,10,40.59178969377221,8960
856,5,64.11926544858842,4480
857,80,79.9057366705068,71680
857,75,80.10084900194876,67200
857,70,81.24761720828214,62720
857,65,84.88476074518486,58240
857,60,115.423623319542,53760
857,55,118.12505834232317,49280
857,50,126.9562990325523,44800
857,45,127.2953543700891,40320
857,40,130.5226296311397,35840
857,35,137.07842893747383,31360
857,30,143.8054103564243,26880
857,25,151.0143842101036,22400
857,20,171.69583015292736,17920
857,15,190.67718552110654,13440
857,10,244.0929787213797,8960
857,5,344.11116291027867,4480
858,80,718.4960979620947,71680
858,75,733.6872671945695,67200
858,70,740.1905542127588,62720
858,65,832.2279960365854,58240
858,60,866.4498142257494,53760
858,55,885.1470211709108,49280
858,50,941.0146609208847,44800
858,45,978.6397397598279,40320
858,40,988.4858483557102,35840
858,35,996.8047702083365,31360
858,30,1047.2445387656826,26880
858,25,1110.5109918609587,22400
858,20,1195.7395495293852,17920
858,15,1264.4687906467823,13440
858,10,1390.3465681189573,8960
858,5,2088.4021771927582,4480
859,80,25.044529709124436,71680
859,75,28.091521738488687,67200
859,70,41.83579934386227,62720
859,65,45.802389094321875,58240
859,60,46.56503978528645,53760
859,55,48.17966620168046,49280
859,50,48.96117932045629,44800
859,45,49.65924466159051,40320
859,40,52.858651804423324,35840
859,35,65.69995436907637,31360
859,30,70.85493481338399,26880
859,25,79.30854669442105,22400
859,20,86.54852271823292,17920
859,15,96.7248761438953,13440
859,10,104.02499866372531,8960
859,5,187.9180681736701,4480
860,80,0.22220523096916944,71680
860,75,0.4426714225853266,67200
860,70,0.4581226988024194,62720
860,65,0.6027546316429946,58240
860,60,0.6768690200524237,53760
860,55,0.8823473626910568,49280
860,50,1.248593914014874,44800
860,45,1.3506318513597306,40320
860,40,2.165551386491393,35840
860,35,2.1994087952796106,31360
860,30,2.485009269193248,26880
860,25,2.659053064782375,22400
860,20,2.8141516934009303,17920
860,15,3.208716259081267,13440
860,10,8.955016035780192,8960
860,5,15.297248850423653,4480
861,80,0.22220523096916944,71680
861,75,0.4426714225853266,67200
861,70,0.4581226988024194,62720
861,65,0.6027546316429946,58240
861,60,0.6768690200524237,53760
861,55,0.8823473626910568,49280
861,50,1.248593914014874,44800
861,45,1.3506318513597306,40320
861,40,2.165551386491393,35840
861,35,2.1994087952796106,31360
861,30,2.485009269193248,26880
861,25,2.659053064782375,22400
861,20,2.8141516934009303,17920
861,15,3.208716259081267,13440
861,10,8.955016035780192,8960
861,5,15.297248850423653,4480
862,80,16.651560209268485,71680
862,75,23.380932143035746,67200
862,70,25.54978192286433,62720
862,65,28.985240378363834,58240
862,60,29.778670972105893,53760
862,55,30.93159337421572,49280
862,50,46.055491938412615,44800
862,45,61.34825407156676,40320
862,40,61.69406311128083,35840
862,35,62.42136814552934,31360
862,30,64.39331235433994,26880
862,25,66.37719531770824,22400
862,20,68.88182260046378,17920
862,15,225.38444827947524,13440
862,10,242.20515796812535,8960
862,5,406.4872326479591,4480
863,80,57.6752671624269,71680
863,75,57.81334653322099,67200
863,70,57.92859924822038,62720
863,65,57.97963580294553,58240
863,60,58.05063919655236,53760
863,55,58.39785920954516,49280
863,50,58.593091205376005,44800
863,45,66.32932728176779,40320
863,40,73.635565187772,35840
863,35,73.97167678511461,31360
863,30,74.15824904739182,26880
863,25,74.34236891132664,22400
863,20,75.12313733260612,17920
863,15,78.87946138152819,13440
863,10,94.81420117493748,8960
863,5,224.28112474846174,4480
864,80,30.214378572552707,71680
864,75,40.67751648217495,67200
864,70,44.47992117110904,62720
864,65,48.57108954345087,58240
864,60,49.34030569340946,53760
864,55,49.98975257215395,49280
864,50,50.53411764294961,44800
864,45,51.181597189238666,40320
864,40,52.279578329492146,35840
864,35,52.510074882729015,31360
864,30,52.985886753334015,26880
864,25,53.54038802318652,22400
864,20,53.86435109374141,17920
864,15,54.237514565112846,13440
864,10,61.20059753751237,8960
864,5,66.09461395457075,4480
865,80,126.3764776025789,71680
865,75,128.6907203248024,67200
865,70,132.19631614343905,62720
865,65,136.78487821706446,58240
865,60,139.5202275558804,53760
865,55,141.1147820501841,49280
865,50,145.042660452016,44800
865,45,163.83303764301493,40320
865,40,168.0662034387163,35840
865,35,171.99176267811217,31360
865,30,196.14166866565125,26880
865,25,221.1503403304121,22400
865,20,275.77128384397724,17920
865,15,322.95684835590157,13440
865,10,452.3748390457904,8960
865,5,568.9460940107505,4480
866,80,0.22220523096916944,71680
866,75,0.4426714225853266,67200
866,70,0.4581226988024194,62720
866,65,0.6027546316429946,58240
866,60,0.6768690200524237,53760
866,55,0.8823473626910568,49280
866,50,1.248593914014874,44800
866,45,1.3506318513597306,40320
866,40,2.165551386491393,35840
866,35,2.1994087952796106,31360
866,30,2.485009269193248,26880
866,25,2.659053064782375,22400
866,20,2.8141516934009303,17920
866,15,3.208716259081267,13440
866,10,8.955016035780192,8960
866,5,15.297248850423653,4480
867,80,152.44167874726972,71680
867,75,152.82476274891164,67200
867,70,154.72397079762732,62720
867,65,161.92087606506877,58240
867,60,164.73475233058886,53760
867,55,172.08849381335315,49280
867,50,177.37986501958784,44800
867,45,185.64204813160777,40320
867,40,190.5600022272872,35840
867,35,210.76747647997647,31360
867,30,256.89049970932064,26880
867,25,277.54605481863655,22400
867,20,381.636586821278,17920
867,15,422.14531927016384,13440
867,10,581.9977189364893,8960
867,5,737.8277512350097,4480
868,80,0.0007135071575345623,71680
868,75,0.0007799764149629741,67200
868,70,0.0007975408684853853,62720
868,65,0.0008780771209513007,58240
868,60,0.0011067914509108562,53760
868,55,0.0013376369203356789,49280
868,50,0.0022181499619850845,44800
868,45,0.003314805966909454,40320
868,40,0.005306321967215384,35840
868,35,0.008319340799992251,31360
868,30,0.01834486398353316,26880
868,25,0.034144918546184296,22400
868,20,0.08010879334956103,17920
868,15,0.10382081938004044,13440
868,10,0.32935151513804667,8960
868,5,3.4484096208185844,4480
869,80,392.77127891063395,71680
869,75,394.126695451591,67200
869,70,402.87192984874264,62720
869,65,405.39876322019234,58240
869,60,406.1536573170288,53760
869,55,408.2155704829191,49280
869,50,414.85273404520456,44800
869,45,455.8491913298125,40320
869,40,471.28389460365537,35840
869,35,477.3417785054623,31360
869,30,494.9630188329806,26880
869,25,526.013770856911,22400
869,20,645.8269591381575,17920
869,15,729.635626090979,13440
869,10,776.2582629076207,8960
869,5,1534.6395504207449,4480
870,80,9.085283657719916,71680
870,75,13.101813907495156,67200
870,70,13.536114084149196,62720
870,65,13.749059010554623,58240
870,60,14.09078599838872,53760
870,55,15.176583031245132,49280
870,50,20.263147012367696,44800
870,45,23.01868010727161,40320
870,40,31.231734937093766,35840
870,35,47.672356665331066,31360
870,30,71.38931453892049,26880
870,25,94.03499090142499,22400
870,20,99.80163099713523,17920
870,15,152.55423660537363,13440
870,10,179.12354884897613,8960
870,5,238.68393947957904,4480
871,80,12.765013624419645,71680
871,75,17.200221627010542,67200
871,70,17.764741523880918,62720
871,65,24.108772106534467,58240
871,60,24.942431518533272,53760
871,55,26.34870325142787,49280
871,50,31.457489351247307,44800
871,45,53.06709508882976,40320
871,40,54.30752558128594,35840
871,35,54.46024875407435,31360
871,30,58.575450450133815,26880
871,25,143.41365140773217,22400
871,20,144.80632526257762,17920
871,15,211.5057123881529,13440
871,10,239.9581475390094,8960
871,5,356.20880805442766,4480
872,80,14.949500108934174,71680
872,75,16.36944541101291,67200
872,70,17.175931720343186,62720
872,65,18.417585914407383,58240
872,60,18.67811641500288,53760
872,55,18.96459465508074,49280
872,50,19.479238887991404,44800
872,45,19.86955712129834,40320
872,40,20.804489537099805,35840
872,35,20.92967015485598,31360
872,30,21.288527233177206,26880
872,25,21.639248397760927,22400
872,20,21.812594472244225,17920
872,15,22.12872925268253,13440
872,10,28.591153408095938,8960
872,5,33.4735418286763,4480
873,80,84.84386373594207,71680
873,75,84.9869459561108,67200
873,70,85.8515901689351,62720
873,65,88.10006848599929,58240
873,60,110.8807145304728,53760
873,55,112.80478412490382,49280
873,50,119.20776506549184,44800
873,45,119.60030897687196,40320
873,40,122.56301733271985,35840
873,35,128.82359706921787,31360
873,30,135.52509768990163,26880
873,25,141.48343974242553,22400
873,20,158.3366547205047,17920
873,15,175.35473151437486,13440
873,10,227.11448095252226,8960
873,5,328.0821985240673,4480
874,80,153.83248825218212,71680
874,75,153.97638293131638,67200
874,70,156.03761422062425,62720
874,65,156.15955520840203,58240
874,60,156.2196581746571,53760
874,55,156.5013164107733,49280
874,50,157.0969296958487,44800
874,45,171.40753863241125,40320
874,40,181.54582230728084,35840
874,35,182.13625783492108,31360
874,30,182.56698938697403,26880
874,25,184.06764845532177,22400
874,20,185.80881586231757,17920
874,15,210.82739411149808,13440
874,10,363.9255907446375,8960
874,5,974.301030448256,4480
875,80,989.4238413793386,71680
875,75,994.8469653532972,67200
875,70,1019.2671617274633,62720
875,65,1028.2135795721326,58240
875,60,1033.3788752377636,53760
875,55,1035.695311392342,49280
875,50,1048.3251823585442,44800
875,45,1050.2396383052837,40320
875,40,1055.7209999630588,35840
875,35,1086.8066860948256,31360
875,30,1093.5863221899795,26880
875,25,1148.1177736977422,22400
875,20,1181.3551166389695,17920
875,15,1220.1068819989302,13440
875,10,1292.1211279805987,8960
875,5,1481.850768961196,4480
876,80,0.22220523096916944,71680
876,75,0.4426714225853266,67200
876,70,0.4581226988024194,62720
876,65,0.6027546316429946,58240
876,60,0.6768690200524237,53760
876,55,0.8823473626910568,49280
876,50,1.248593914014874,44800
876,45,1.3506318513597306,40320
876,40,2.165551386491393,35840
876,35,2.1994087952796106,31360
876,30,2.485009269193248,26880
876,25,2.659053064782375,22400
876,20,2.8141516934009303,17920
876,15,3.208716259081267,13440
876,10,8.955016035780192,8960
876,5,15.297248850423653,4480
877,80,0.0007135071575345623,71680
877,75,0.0007799764149629741,67200
877,70,0.0007975408684853853,62720
877,65,0.0008780771209513007,58240
877,60,0.0011067914509108562,53760
877,55,0.0013376369203356789,49280
877,50,0.0022181499619850845,44800
877,45,0.003314805966909454,40320
877,40,0.005306321967215384,35840
877,35,0.008319340799992251,31360
877,30,0.01834486398353316,26880
877,25,0.034144918546184296,22400
877,20,0.08010879334956103,17920
877,15,0.10382081938004044,13440
877,10,0.32935151513804667,8960
877,5,3.4484096208185844,4480
878,80,360.5663509567771,71680
878,75,360.7830129654581,67200
878,70,361.0598508389269,62720
878,65,361.2936020123182,58240
878,60,361.76343148435666,53760
878,55,362.896255793365,49280
878,50,363.14392111399764,44800
878,45,369.6380806148259,40320
878,40,376.68405391444554,35840
878,35,404.8403715229789,31360
878,30,435.83609177718813,26880
878,25,470.2108139158022,22400
878,20,619.3749933730679,17920
878,15,665.4066850881038,13440
878,10,732.48952154371,8960
878,5,903.5472943530934,4480
879,80,23.191251276899983,71680
879,75,25.06572674085952,67200
879,70,27.611002597558887,62720
879,65,29.31872957005121,58240
879,60,29.378091251133082,53760
879,55,29.760282198566717,49280
879,50,32.98918378371512,44800
879,45,35.914367589054365,40320
879,40,36.43784478316929,35840
879,35,39.330647733483296,31360
879,30,46.52603332761947,26880
879,25,50.128571230812945,22400
879,20,57.803863843647555,17920
879,15,68.82467560117779,13440
879,10,184.4818223050828,8960
879,5,345.22484273149456,4480
880,80,117.61724519369511,71680
880,75,117.68585302674552,67200
880,70,129.87333533614753,62720
880,65,129.99343620775895,58240
880,60,130.09307734986854,53760
880,55,131.31741770669112,49280
880,50,131.4810527465184,44800
880,45,149.9572094569194,40320
880,40,164.97855093486174,35840
880,35,165.71353266633653,31360
880,30,166.53742995148696,26880
880,25,167.74645234527725,22400
880,20,168.83018286229708,17920
880,15,202.65262138637527,13440
880,10,396.6872141745357,8960
880,5,1094.849235541333,4480
881,80,1.341078810712389,71680
881,75,1.5370048760978205,67200
881,70,1.5597205417683533,62720
881,65,2.891907356996223,58240
881,60,3.1600692050649206,53760
881,55,3.578492074839839,49280
881,50,3.8142174774788433,44800
881,45,4.737573677924999,40320
881,40,6.226559730822828,35840
881,35,6.291870490572423,31360
881,30,6.534539645087717,26880
881,25,6.9528540327029535,22400
881,20,7.091193555918799,17920
881,15,7.725999061123247,13440
881,10,11.654459218040634,8960
881,5,13.070128215548056,4480
882,80,77.20266965744132,71680
882,75,77.52418046440769,67200
882,70,78.10369977334886,62720
882,65,80.52221787505684,58240
882,60,88.34015985434817,53760
882,55,89.56041270468246,49280
882,50,91.1628154138844,44800
882,45,91.89851939147536,40320
882,40,94.62291297144375,35840
882,35,100.76237423858304,31360
882,30,106.05928433948581,26880
882,25,110.51064430288129,22400
882,20,119.46392334865862,17920
882,15,132.0412565485143,13440
882,10,177.30600475925246,8960
882,5,295.9631402271127,4480
883,80,601.7510760336746,71680
883,75,610.2868570992649,67200
883,70,616.8926606865402,62720
883,65,701.7156793598136,58240
883,60,728.0991328353916,53760
883,55,744.8846353887312,49280
883,50,772.0840990100412,44800
883,45,811.5770275504315,40320
883,40,823.6672013850817,35840
883,35,836.4734845320086,31360
883,30,897.836062574382,26880
883,25,949.0860659663397,22400
883,20,996.9888426927204,17920
883,15,1064.58886771269,13440
883,10,1148.6504028777954,8960
883,5,1858.6082668642698,4480
884,80,19.42180945806441,71680
884,75,23.6139664154615,67200
884,70,27.991045865724754,62720
884,65,33.418159034873234,58240
884,60,34.34675995886772,53760
884,55,35.98462391135175,49280
884,50,38.40025065065408,44800
884,45,39.64629823075435,40320
884,40,40.46998633608446,35840
884,35,41.597618365923104,31360
884,30,46.384028611982686,26880
884,25,48.728683570704604,22400
884,20,51.393071002816654,17920
884,15,56.08933611884769,13440
884,10,124.50470395366011,8960
884,5,213.63348762847556,4480
885,80,0.0012322359165206779,71680
885,75,0.001304508356498612,67200
885,70,0.0013200398101805334,62720
885,65,0.001395296982158472,58240
885,60,0.0016224174924462048,53760
885,55,0.0018569793351184622,49280
885,50,0.0027355180562426626,44800
885,45,0.003824345863986194,40320
885,40,0.00582566320750133,35840
885,35,0.008850063953804343,31360
885,30,0.018863982938796386,26880
885,25,0.03455564431639947,22400
885,20,0.0806922275092209,17920
885,15,0.10440705814385964,13440
885,10,0.32991300951646774,8960
885,5,3.448895781454718,4480
886,80,900.2054589233364,71680
886,75,914.7417146279853,67200
886,70,941.0527843746119,62720
886,65,954.6513211991374,58240
886,60,961.2558312600218,53760
886,55,1020.432247133229,49280
886,50,1052.120446700803,44800
886,45,1059.3425407787577,40320
886,40,1072.7288173067964,35840
886,35,1088.2222807520989,31360
886,30,1110.685563716946,26880
886,25,1152.497906208873,22400
886,20,1240.3328431491757,17920
886,15,1316.352744762157,13440
886,10,1433.396816741451,8960
886,5,1856.2445848742755,4480
887,80,22.606393929221912,71680
887,75,22.654415304098844,67200
887,70,23.36384439817031,62720
887,65,23.412501506782785,58240
887,60,23.43671726878575,53760
887,55,27.953213951921025,49280
887,50,28.635623203277426,44800
887,45,76.44654766574801,40320
887,40,112.34889965482245,35840
887,35,113.55038740158884,31360
887,30,114.0591060349641,26880
887,25,115.25297532691653,22400
887,20,116.98537896372957,17920
887,15,131.254313422283,13440
887,10,207.03664491650775,8960
887,5,566.6533119140083,4480
888,80,165.03346578177508,71680
888,75,171.4181634025449,67200
888,70,177.36866267812852,62720
888,65,182.4340571165371,58240
888,60,185.39567226308685,53760
888,55,188.5308746507921,49280
888,50,194.40812395919005,44800
888,45,197.18789438151768,40320
888,40,203.7527454102021,35840
888,35,231.34759161642364,31360
888,30,251.1228268580286,26880
888,25,259.8358621832263,22400
888,20,298.6414501582963,17920
888,15,334.9715409864109,13440
888,10,366.62591327311355,8960
888,5,469.7872235518563,4480
889,80,285.23369576226173,71680
889,75,285.77394892824293,67200
889,70,286.55470332100225,62720
889,65,287.807156707044,58240
889,60,289.10011670439735,53760
889,55,289.3330205978782,49280
889,50,291.039415759977,44800
889,45,302.31208526098504,40320
889,40,316.9268482322378,35840
889,35,348.4155859150329,31360
889,30,364.9776099811522,26880
889,25,428.4105486744528,22400
889,20,497.7578938116974,17920
889,15,583.4496308682126,13440
889,10,608.9694613518087,8960
889,5,638.5602992621269,4480
890,80,76.4680079110571,71680
890,75,76.7568950140749,67200
890,70,77.06811766243247,62720
890,65,82.54665400954826,58240
890,60,86.18787417463747,53760
890,55,89.80894356547458,49280
890,50,90.69413478945881,44800
890,45,92.45549015948747,40320
890,40,94.72729354327906,35840
890,35,102.50100086956827,31360
890,30,109.37308716964938,26880
890,25,114.440556008376,22400
890,20,121.00741819939648,17920
890,15,130.89513437182472,13440
890,10,181.18385241596394,8960
890,5,307.1172353753643,4480
891,80,535.7731175505704,71680
891,75,536.8592715706392,67200
891,70,538.1030263857879,62720
891,65,538.8758302748906,58240
891,60,541.3340448058677,53760
891,55,542.7650021822272,49280
891,50,545.9549441156857,44800
891,45,552.4133218581043,40320
891,40,614.818015655353,35840
891,35,737.337290898323,31360
891,30,788.2286562924511,26880
891,25,860.8606885172144,22400
891,20,1073.7640808639292,17920
891,15,1293.6457827896656,13440
891,10,1892.961986180563,8960
891,5,2810.510319048549,4480
892,80,6.511018996597208,71680
892,75,8.124652842842565,67200
892,70,8.184819975174005,62720
892,65,9.78227984874533,58240
892,60,10.054956048165275,53760
892,55,11.366707451764974,49280
892,50,34.855152434949815,44800
892,45,46.56076107575057,40320
892,40,46.897831583482436,35840
892,35,47.6874168717662,31360
892,30,49.121956212478395,26880
892,25,53.35345117603497,22400
892,20,53.52092904013329,17920
892,15,69.57747094643085,13440
892,10,82.57672223208186,8960
892,5,134.10300318127122,4480
893,80,16.291654624265572,71680
893,75,28.763901858357514,67200
893,70,31.624722392566444,62720
893,65,33.2049931008496,58240
893,60,35.963464128874904,53760
893,55,38.1336044482039,49280
893,50,38.76234514233425,44800
893,45,43.36171328335506,40320
893,40,53.44040058352215,35840
893,35,99.24113073771971,31360
893,30,129.8621838338867,26880
893,25,149.78813110243988,22400
893,20,169.19775844262915,17920
893,15,196.59822226298522,13440
893,10,207.34503690357369,8960
893,5,325.2520650385704,4480
894,80,126.85247570279863,71680
894,75,127.24918719780328,67200
894,70,129.14774136644567,62720
894,65,142.89857350368652,58240
894,60,148.65101179933947,53760
894,55,155.67239578057436,49280
894,50,161.64921404565052,44800
894,45,176.18351898298624,40320
894,40,182.10433257002018,35840
894,35,198.2181159986307,31360
894,30,239.93983529163344,26880
894,25,266.94458866723414,22400
894,20,365.13243009796247,17920
894,15,411.9951683808923,13440
894,10,577.1731810275667,8960
894,5,734.0182427040758,4480
895,80,0.22220523096916944,71680
895,75,0.4426714225853266,67200
895,70,0.4581226988024194,62720
895,65,0.6027546316429946,58240
895,60,0.6768690200524237,53760
895,55,0.8823473626910568,49280
895,50,1.248593914014874,44800
895,45,1.3506318513597306,40320
895,40,2.165551386491393,35840
895,35,2.1994087952796106,31360
895,30,2.485009269193248,26880
895,25,2.659053064782375,22400
895,20,2.8141516934009303,17920
895,15,3.208716259081267,13440
895,10,8.955016035780192,8960
895,5,15.297248850423653,4480
896,80,19.950716025195078,71680
896,75,19.97849730742706,67200
896,70,20.13859793427667,62720
896,65,21.076763489947414,58240
896,60,24.353631537641522,53760
896,55,36.520077813712724,49280
896,50,40.64530925409765,44800
896,45,45.89528197281937,40320
896,40,49.92879769356423,35840
896,35,52.422325283343284,31360
896,30,54.47189586358282,26880
896,25,56.03868980515036,22400
896,20,57.27486076980424,17920
896,15,58.08048847816883,13440
896,10,70.82967959653935,8960
896,5,76.08962642918519,4480
897,80,0.22220523096916944,71680
897,75,0.4426714225853266,67200
897,70,0.4581226988024194,62720
897,65,0.6027546316429946,58240
897,60,0.6768690200524237,53760
897,55,0.8823473626910568,49280
897,50,1.248593914014874,44800
897,45,1.3506318513597306,40320
897,40,2.165551386491393,35840
897,35,2.1994087952796106,31360
897,30,2.485009269193248,26880
897,25,2.659053064782375,22400
897,20,2.8141516934009303,17920
897,15,3.208716259081267,13440
897,10,8.955016035780192,8960
897,5,15.297248850423653,4480
898,80,625.2963755397055,71680
898,75,635.3903414903481,67200
898,70,642.7610399406403,62720
898,65,667.9084327726232,58240
898,60,704.5212663310186,53760
898,55,728.7285896866323,49280
898,50,772.1980883213289,44800
898,45,820.4267150468011,40320
898,40,828.4755805917442,35840
898,35,858.3250302923242,31360
898,30,889.5524871246133,26880
898,25,918.6855290969867,22400
898,20,933.11734252013,17920
898,15,935.5459332816558,13440
898,10,1109.7176430781108,8960
898,5,1759.36976078289,4480
899,80,4.218260894397695,71680
899,75,4.693065989964431,67200
899,70,5.000994287750065,62720
899,65,18.540758807060318,58240
899,60,27.218571578880045,53760
899,55,34.89711522276443,49280
899,50,46.07554861358438,44800
899,45,54.54383778804848,40320
899,40,55.982540902585576,35840
899,35,57.714397722501,31360
899,30,64.22597840480041,26880
899,25,69.05104684598352,22400
899,20,75.02981173056048,17920
899,15,85.06074907631375,13440
899,10,165.58653184835933,8960
899,5,389.9055598660184,4480
900,80,39.298439774357064,71680
900,75,39.72298802386325,67200
900,70,44.33542604217401,62720
900,65,46.473830907650395,58240
900,60,47.69293677958933,53760
900,55,49.656075290805404,49280
900,50,49.893167966400846,44800
900,45,51.64024071202952,40320
900,40,56.04872331615979,35840
900,35,84.0854634265654,31360
900,30,97.68986595306713,26880
900,25,111.64483242073167,22400
900,20,120.72279252368516,17920
900,15,137.58507032097967,13440
900,10,146.13660303144064,8960
900,5,245.9937059447617,4480
901,80,516.4074237709403,71680
901,75,523.9885770753116,67200
901,70,524.2816519351295,62720
901,65,532.6350592649553,58240
901,60,544.6716547905465,53760
901,55,553.631520550645,49280
901,50,582.270155105831,44800
901,45,591.4455039167968,40320
901,40,593.0219535518364,35840
901,35,612.0594503136683,31360
901,30,638.4873919573068,26880
901,25,656.6861947190154,22400
901,20,670.7753096358268,17920
901,15,693.8162893931031,13440
901,10,752.9525250951531,8960
901,5,855.7989498329462,4480
902,80,77.03834843893887,71680
902,75,87.4152656857966,67200
902,70,91.26996196367709,62720
902,65,95.85283107188731,58240
902,60,96.46729624420897,53760
902,55,97.06094458699553,49280
902,50,97.59268459128448,44800
902,45,98.53221290624892,40320
902,40,99.6039552695949,35840
902,35,99.94756465597924,31360
902,30,100.86333150503746,26880
902,25,101.75053554540851,22400
902,20,101.98319084792757,17920
902,15,102.33479197089706,13440
902,10,110.11070840847324,8960
902,5,114.28603203209434,4480
903,80,0.00042052876287039135,71680
903,75,0.00047705955002402524,67200
903,70,0.0004911002767757003,62720
903,65,0.0005591449262674664,58240
903,60,0.0008030268441951484,53760
903,55,0.0010311041621609755,49280
903,50,0.001941635161383431,44800
903,45,0.003046018210705944,40320
903,40,0.0050569774814591,35840
903,35,0.008074466242620891,31360
903,30,0.018018961295250314,26880
903,25,0.033906426119210215,22400
903,20,0.07997041240279976,17920
903,15,0.1036777108822538,13440
903,10,0.3282265821795413,8960
903,5,3.449992903177096,4480
904,80,0.0007145793120622119,71680
904,75,0.0007810704266979655,67200
904,70,0.0007986242467443648,62720
904,65,0.0008794005583960702,58240
904,60,0.0011081989745152243,53760
904,55,0.0013389658019313595,49280
904,50,0.0022192434741471726,44800
904,45,0.003315842743332319,40320
904,40,0.005306544947729414,35840
904,35,0.008320223300552826,31360
904,30,0.018345558665007453,26880
904,25,0.03414804412312934,22400
904,20,0.08010878708180344,17920
904,15,0.10382062642091795,13440
904,10,0.3293539093532394,8960
904,5,3.4484090280268553,4480
905,80,1.1978673745634463,71680
905,75,1.561557674073132,67200
905,70,1.630020047999907,62720
905,65,1.829908272999587,58240
905,60,1.937730406066704,53760
905,55,2.2784010071251517,49280
905,50,2.6466980585006024,44800
905,45,2.72088393116337,40320
905,40,3.5004921824726,35840
905,35,3.568175989167747,31360
905,30,3.7217438112350476,26880
905,25,3.9065088299555235,22400
905,20,4.185245714713757,17920
905,15,4.593703723771327,13440
905,10,11.00273923615958,8960
905,5,16.795640999952287,4480
906,80,244.25863226777992,71680
906,75,245.72965820505235,67200
906,70,250.57187543909524,62720
906,65,260.5378479251897,58240
906,60,271.77406313892817,53760
906,55,278.86940377919393,49280
906,50,299.95029204635864,44800
906,45,325.1641046068947,40320
906,40,330.6588497628189,35840
906,35,335.0775453907388,31360
906,30,360.39301435902064,26880
906,25,361.60868319603384,22400
906,20,398.0846538813863,17920
906,15,415.1783272582164,13440
906,10,479.61837127503816,8960
906,5,745.3273902958236,4480
907,80,7.361169338397746,71680
907,75,7.882588525121964,67200
907,70,8.042961258796806,62720
907,65,8.368968428163596,58240
907,60,8.46820582782736,53760
907,55,8.782694753870944,49280
907,50,9.249927409928976,44800
907,45,9.453006181366769,40320
907,40,10.134608634769526,35840
907,35,10.184787856796996,31360
907,30,11.155675930442552,26880
907,25,12.100338189251097,22400
907,20,13.716144657271698,17920
907,15,15.359787968007314,13440
907,10,21.602912740859303,8960
907,5,46.98385039437254,4480
908,80,957.1611519976225,71680
908,75,962.9468397134048,67200
908,70,987.775292084743,62720
908,65,993.9920743385982,58240
908,60,999.4219118904133,53760
908,55,1008.6320100901303,49280
908,50,1010.9337497246661,44800
908,45,1018.6997373087828,40320
908,40,1023.0300548403676,35840
908,35,1032.2691619499617,31360
908,30,1040.2383093665421,26880
908,25,1077.5214568451759,22400
908,20,1158.5206423963668,17920
908,15,1212.5296047345562,13440
908,10,1266.1562136710725,8960
908,5,1410.1846935825251,4480
909,80,0.22220523096916944,71680
909,75,0.4426714225853266,67200
909,70,0.4581226988024194,62720
909,65,0.6027546316429946,58240
909,60,0.6768690200524237,53760
909,55,0.8823473626910568,49280
909,50,1.248593914014874,44800
909,45,1.3506318513597306,40320
909,40,2.165551386491393,35840
909,35,2.1994087952796106,31360
909,30,2.485009269193248,26880
909,25,2.659053064782375,22400
909,20,2.8141516934009303,17920
909,15,3.208716259081267,13440
909,10,8.955016035780192,8960
909,5,15.297248850423653,4480
910,80,28.687396517753452,71680
910,75,38.63910063382349,67200
910,70,45.34808493167643,62720
910,65,48.38405004621517,58240
910,60,55.88824580708849,53760
910,55,81.80537215284994,49280
910,50,95.03721830249174,44800
910,45,99.89664017128064,40320
910,40,100.89362353002535,35840
910,35,103.1903491615401,31360
910,30,109.10679594109105,26880
910,25,111.03076555031437,22400
910,20,133.24681311571314,17920
910,15,142.41650430519812,13440
910,10,170.9298767502015,8960
910,5,203.28077259177152,4480
911,80,668.8864618740183,71680
911,75,674.6280598273416,67200
911,70,679.2733970136071,62720
911,65,685.3364880735267,58240
911,60,694.2504905802977,53760
911,55,702.1299345165555,49280
911,50,715.7802962968809,44800
911,45,722.8238531157388,40320
911,40,734.4087987222136,35840
911,35,748.5149795961217,31360
911,30,757.3654068085763,26880
911,25,774.3438495127207,22400
911,20,807.9404511364703,17920
911,15,830.8703798982509,13440
911,10,989.36260269158,8960
911,5,1154.1128229596266,4480
912,80,18.394398893344935,71680
912,75,22.066340477133572,67200
912,70,26.40748376970814,62720
912,65,31.175599431774415,58240
912,60,32.166882438132895,53760
912,55,34.01521111306318,49280
912,50,35.725122676399124,44800
912,45,36.91523547091507,40320
912,40,37.75108861605466,35840
912,35,38.98681038844883,31360
912,30,44.03757886652891,26880
912,25,46.330113722315254,22400
912,20,49.23258299707399,17920
912,15,55.68787299819861,13440
912,10,135.30376945304477,8960
912,5,237.1010052419693,4480
913,80,0.22220523096916944,71680
913,75,0.4426714225853266,67200
913,70,0.4581226988024194,62720
913,65,0.6027546316429946,58240
913,60,0.6768690200524237,53760
913,55,0.8823473626910568,49280
913,50,1.248593914014874,44800
913,45,1.3506318513597306,40320
913,40,2.165551386491393,35840
913,35,2.1994087952796106,31360
913,30,2.485009269193248,26880
913,25,2.659053064782375,22400
913,20,2.8141516934009303,17920
913,15,3.208716259081267,13440
913,10,8.955016035780192,8960
913,5,15.297248850423653,4480
914,80,13.975752931660983,71680
914,75,14.182922470261836,67200
914,70,14.306897001156857,62720
914,65,14.490357673202187,58240
914,60,14.59723514781024,53760
914,55,14.893535533510182,49280
914,50,15.330627275038097,44800
914,45,16.273762610119594,40320
914,40,17.715385075105573,35840
914,35,17.88367482605919,31360
914,30,18.217034635826817,26880
914,25,18.381239429497178,22400
914,20,18.889582780047636,17920
914,15,19.78432894577256,13440
914,10,22.156445649516236,8960
914,5,47.07496758118321,4480
915,80,450.03117095514807,71680
915,75,452.57744517331827,67200
915,70,456.4253546256503,62720
915,65,459.2471949718836,58240
915,60,460.8806265474788,53760
915,55,466.58692480796685,49280
915,50,471.6711993611519,44800
915,45,473.21864946972005,40320
915,40,481.5798078461805,35840
915,35,493.52732508568886,31360
915,30,522.2733512040141,26880
915,25,550.8235220290695,22400
915,20,801.8607037104175,17920
915,15,1115.2403264035192,13440
915,10,1177.3937880068322,8960
915,5,1741.2047266041454,4480
916,80,2.842107668216941,71680
916,75,2.8518882604888747,67200
916,70,2.864394873367688,62720
916,65,2.907279896170659,58240
916,60,2.989194613192383,53760
916,55,3.0846113397066213,49280
916,50,3.680084788159079,44800
916,45,8.52880964568545,40320
916,40,57.94703285340368,35840
916,35,62.11545545345116,31360
916,30,64.86366701008059,26880
916,25,66.49062008395778,22400
916,20,70.83623025116941,17920
916,15,71.7180017704015,13440
916,10,88.07999660725332,8960
916,5,93.7812094321352,4480
917,80,177.51992323604236,71680
917,75,178.49528151125736,67200
917,70,178.92098565517085,62720
917,65,179.29121007868108,58240
917,60,179.7628088094912,53760
917,55,180.42766591855158,49280
917,50,181.09411977127937,44800
917,45,182.5108746399323,40320
917,40,184.6461211616656,35840
917,35,188.0517664728958,31360
917,30,217.758425633956,26880
917,25,226.49845459524147,22400
917,20,243.66734095997458,17920
917,15,248.16615555095976,13440
917,10,269.012373859518,8960
917,5,300.3012991062385,4480
918,80,351.53540105563246,71680
918,75,352.70209986074775,67200
918,70,352.9945078337122,62720
918,65,353.83429180498837,58240
918,60,354.36056501495113,53760
918,55,384.00332417465376,49280
918,50,415.57418669928177,44800
918,45,418.1195096520845,40320
918,40,418.8107068683685,35840
918,35,420.18502337136294,31360
918,30,436.5202232457146,26880
918,25,443.0780872884577,22400
918,20,469.6895660692068,17920
918,15,515.7745823543694,13440
918,10,679.5913925703937,8960
918,5,1368.120770460439,4480
919,80,255.54010377383918,71680
919,75,256.1851623443904,67200
919,70,256.4701680769503,62720
919,65,256.59194821839844,58240
919,60,257.3074069156829,53760
919,55,258.5364358116509,49280
919,50,336.3754720466594,44800
919,45,351.6314102746411,40320
919,40,355.7938928165449,35840
919,35,363.0583162573674,31360
919,30,365.1839989823007,26880
919,25,377.561126186501,22400
919,20,417.1747521820838,17920
919,15,475.88819951242857,13440
919,10,805.1749110720257,8960
919,5,1065.5313805929284,4480
920,80,11.361500082239722,71680
920,75,14.518470915338382,67200
920,70,15.840473129945769,62720
920,65,18.036944309182008,58240
920,60,18.21017621848479,53760
920,55,18.955860681767877,49280
920,50,30.994180084021355,44800
920,45,36.24890608495418,40320
920,40,36.484033184289146,35840
920,35,37.45324101899953,31360
920,30,40.045187602973215,26880
920,25,41.99661814338454,22400
920,20,42.893846242663095,17920
920,15,45.67516199825877,13440
920,10,71.76503943088721,8960
920,5,115.15015984229485,4480
921,80,332.01269884119273,71680
921,75,332.74236227067183,67200
921,70,333.82036504777756,62720
921,65,334.20801264420396,58240
921,60,336.4155424216871,53760
921,55,339.8204192689125,49280
921,50,341.0836297975308,44800
921,45,405.84116877665525,40320
921,40,414.6873199696007,35840
921,35,419.9729318866169,31360
921,30,430.8561372473127,26880
921,25,435.7358878031339,22400
921,20,464.852729259357,17920
921,15,506.2472094240627,13440
921,10,889.5813841149195,8960
921,5,1808.598086805828,4480
922,80,893.3616928314042,71680
922,75,893.905145951876,67200
922,70,904.7867525497495,62720
922,65,907.1604753797969,58240
922,60,913.0802818876404,53760
922,55,928.9410332791579,49280
922,50,934.8164476000126,44800
922,45,941.1677073037455,40320
922,40,950.6680275934658,35840
922,35,970.6891793735409,31360
922,30,978.7256256639946,26880
922,25,1051.826733326714,22400
922,20,1160.786935258368,17920
922,15,1251.3914029329887,13440
922,10,1315.2473579213677,8960
922,5,1940.4193569159265,4480
923,80,0.22220523096916944,71680
923,75,0.4426714225853266,67200
923,70,0.4581226988024194,62720
923,65,0.6027546316429946,58240
923,60,0.6768690200524237,53760
923,55,0.8823473626910568,49280
923,50,1.248593914014874,44800
923,45,1.3506318513597306,40320
923,40,2.165551386491393,35840
923,35,2.1994087952796106,31360
923,30,2.485009269193248,26880
923,25,2.659053064782375,22400
923,20,2.8141516934009303,17920
923,15,3.208716259081267,13440
923,10,8.955016035780192,8960
923,5,15.297248850423653,4480
924,80,0.22220523096916944,71680
924,75,0.4426714225853266,67200
924,70,0.4581226988024194,62720
924,65,0.6027546316429946,58240
924,60,0.6768690200524237,53760
924,55,0.8823473626910568,49280
924,50,1.248593914014874,44800
924,45,1.3506318513597306,40320
924,40,2.165551386491393,35840
924,35,2.1994087952796106,31360
924,30,2.485009269193248,26880
924,25,2.659053064782375,22400
924,20,2.8141516934009303,17920
924,15,3.208716259081267,13440
924,10,8.955016035780192,8960
924,5,15.297248850423653,4480
925,80,340.77209393827,71680
925,75,340.89338478890755,67200
925,70,341.26291231843055,62720
925,65,343.53871803717925,58240
925,60,343.5955843495301,53760
925,55,344.0694676439359,49280
925,50,344.9591799646118,44800
925,45,379.34658782680367,40320
925,40,461.09082971572786,35840
925,35,467.507655918786,31360
925,30,473.17164594593334,26880
925,25,494.4405705614325,22400
925,20,527.1420863791927,17920
925,15,579.0325723866501,13440
925,10,750.4284319103208,8960
925,5,1054.672349366223,4480
926,80,598.622459401828,71680
926,75,607.2347746824352,67200
926,70,608.6009476550581,62720
926,65,609.2991465951756,58240
926,60,610.5067118615822,53760
926,55,613.815247993025,49280
926,50,627.7376378478847,44800
926,45,631.8572008196369,40320
926,40,641.8670952342413,35840
926,35,656.6882257210973,31360
926,30,676.663858161884,26880
926,25,705.156762795893,22400
926,20,795.0260955086942,17920
926,15,852.2909521026626,13440
926,10,1003.7117132699138,8960
926,5,1297.1902081415367,4480
927,80,11.699818157282703,71680
927,75,15.048090246282934,67200
927,70,16.434882239044075,62720
927,65,19.057152627827325,58240
927,60,19.60583098291346,53760
927,55,20.53724671723518,49280
927,50,35.38670849174785,44800
927,45,45.62163183351328,40320
927,40,45.853012394445514,35840
927,35,46.47805934917831,31360
927,30,48.97772118451358,26880
927,25,51.361544310210924,22400
927,20,53.883075933895476,17920
927,15,222.35101697046437,13440
927,10,236.57548404887027,8960
927,5,400.03647483605863,4480
928,80,592.8035495639562,71680
928,75,593.3770568011852,67200
928,70,594.2409498440416,62720
928,65,595.2699037087401,58240
928,60,597.6490886075345,53760
928,55,598.6286521702558,49280
928,50,603.344664393781,44800
928,45,604.1217017165665,40320
928,40,612.8477312271496,35840
928,35,633.5686549375455,31360
928,30,650.9035303998619,26880
928,25,670.5147032288562,22400
928,20,698.1894790712557,17920
928,15,707.4663962139199,13440
928,10,744.3764893375053,8960
928,5,929.8594869580395,4480
929,80,13.972226860126966,71680
929,75,14.54616401564896,67200
929,70,14.742365981060663,62720
929,65,16.05584394092789,58240
929,60,16.25705909645497,53760
929,55,16.529673027997973,49280
929,50,17.088605856916804,44800
929,45,17.339541505690704,40320
929,40,18.092881426063855,35840
929,35,18.143296581195678,31360
929,30,19.140944616389262,26880
929,25,19.381480989614616,22400
929,20,20.083839716383064,17920
929,15,20.31967257078218,13440
929,10,30.485887739480617,8960
929,5,36.62145649395497,4480
930,80,206.66678146813013,71680
930,75,208.9755150946735,67200
930,70,210.15054905590156,62720
930,65,210.48743508358635,58240
930,60,220.0887573053608,53760
930,55,222.54905445385253,49280
930,50,225.22759979812224,44800
930,45,238.29757307200947,40320
930,40,241.58132997491708,35840
930,35,254.92267811453266,31360
930,30,275.81714446553843,26880
930,25,293.7646177550508,22400
930,20,330.8043511529597,17920
930,15,376.28778767646804,13440
930,10,466.78050569552596,8960
930,5,498.79123719757536,4480
931,80,2.5876029944980705,71680
931,75,2.7501637735391284,67200
931,70,2.9273039353793173,62720
931,65,16.89027001092052,58240
931,60,17.685758970288322,53760
931,55,18.17373478665288,49280
931,50,27.318633528778577,44800
931,45,50.59561314122814,40320
931,40,55.67952241887194,35840
931,35,55.85496909410094,31360
931,30,56.29779038299651,26880
931,25,78.04012798760752,22400
931,20,78.39377070546247,17920
931,15,89.17358507469544,13440
931,10,91.05631908764066,8960
931,5,106.91299748236189,4480
932,80,0.2251953865814588,71680
932,75,0.44585329149458935,67200
932,70,0.46122131958767215,62720
932,65,0.6058083548248279,58240
932,60,0.6801000803533304,53760
932,55,0.8850985668175093,49280
932,50,1.251220071191513,44800
932,45,1.353251449951007,40320
932,40,2.168562785761761,35840
932,35,2.2022355843666346,31360
932,30,2.487214718316077,26880
932,25,2.661065707730683,22400
932,20,2.8156724637984016,17920
932,15,3.2101014320627237,13440
932,10,8.95252323647346,8960
932,5,15.295543860917208,4480
933,80,11.181874701807837,71680
933,75,11.59612640237326,67200
933,70,11.833388698372286,62720
933,65,22.282706869448987,58240
933,60,23.036730450871506,53760
933,55,24.368763657984324,49280
933,50,31.71332254281025,44800
933,45,65.78875932734611,40320
933,40,68.97975056088096,35840
933,35,69.25116477702727,31360
933,30,69.9097816006991,26880
933,25,87.08732370973817,22400
933,20,88.66336075403197,17920
933,15,135.07613048155943,13440
933,10,212.4789575679781,8960
933,5,438.94411649721394,4480
934,80,175.2577543775764,71680
934,75,175.61631056010143,67200
934,70,175.96658877266503,62720
934,65,177.46023971591887,58240
934,60,199.85421266919892,53760
934,55,211.56048184304578,49280
934,50,213.0912190136871,44800
934,45,214.59000800204237,40320
934,40,222.09921197601196,35840
934,35,229.0310195767989,31360
934,30,236.78933734278434,26880
934,25,247.58071326260668,22400
934,20,254.16289424688145,17920
934,15,260.29896381343696,13440
934,10,267.45996703418695,8960
934,5,278.8440257185325,4480
935,80,932.3015688485742,71680
935,75,936.774310796277,67200
935,70,943.9659510764586,62720
935,65,945.3316417892938,58240
935,60,950.6428084239982,53760
935,55,951.7700950071312,49280
935,50,957.2533824511162,44800
935,45,972.9574044409978,40320
935,40,1000.3792925736193,35840
935,35,1028.521939475486,31360
935,30,1075.6417834683166,26880
935,25,1119.2711932488169,22400
935,20,1187.223323510273,17920
935,15,1284.3133051914785,13440
935,10,1579.409188287927,8960
935,5,3071.3367675724,4480
936,80,3.3694697083860046,71680
936,75,3.3706378437474034,67200
936,70,3.3964065985275123,62720
936,65,3.4509566548837114,58240
936,60,3.5068981464574747,53760
936,55,3.6237146516327066,49280
936,50,4.315268830073073,44800
936,45,9.054324043855651,40320
936,40,59.194981292760495,35840
936,35,63.288552329283895,31360
936,30,66.0812938354501,26880
936,25,67.78987441730487,22400
936,20,72.21759022984313,17920
936,15,73.10254747564434,13440
936,10,89.79008863095261,8960
936,5,95.48615950677475,4480
937,80,40.90057277428282,71680
937,75,40.94867507008265,67200
937,70,55.2348948145863,62720
937,65,55.282958933098186,58240
937,60,55.83290208195802,53760
937,55,102.23602255626531,49280
937,50,104.60012563698997,44800
937,45,116.23466785295385,40320
937,40,125.2217334677985,35840
937,35,125.85683114726886,31360
937,30,127.32282187703187,26880
937,25,129.28221509473502,22400
937,20,130.88214409027609,17920
937,15,166.40856322019866,13440
937,10,369.9999256267929,8960
937,5,1099.7312537016326,4480
938,80,58.067140273306975,71680
938,75,61.04291385139602,67200
938,70,71.00593056815339,62720
938,65,73.99431940276814,58240
938,60,76.24554239375753,53760
938,55,77.68301468844861,49280
938,50,82.88843836851265,44800
938,45,84.79254124036295,40320
938,40,86.88926980881826,35840
938,35,88.10718118762124,31360
938,30,89.89594981111864,26880
938,25,91.19501866029167,22400
938,20,95.94042009514335,17920
938,15,102.95298458567373,13440
938,10,123.24165448845811,8960
938,5,155.36266694313926,4480
939,80,10.500535956458204,71680
939,75,32.370955181183646,67200
939,70,35.61426584475512,62720
939,65,43.44919450979222,58240
939,60,44.872385061561616,53760
939,55,46.896333456835464,49280
939,50,54.071800999849344,44800
939,45,81.81255341944215,40320
939,40,82.75985423297428,35840
939,35,83.24885329394519,31360
939,30,83.72462222326878,26880
939,25,100.489765077717,22400
939,20,102.37219602248479,17920
939,15,199.9178423422657,13440
939,10,224.3522504076435,8960
939,5,397.75682848296645,4480
940,80,614.2196019625521,71680
940,75,614.5102779922404,67200
940,70,616.1044830456916,62720
940,65,619.13238178015,58240
940,60,626.9837992243101,53760
940,55,637.2530967513129,49280
940,50,638.955265168021,44800
940,45,641.715556207008,40320
940,40,644.8158806870574,35840
940,35,659.0397797287095,31360
940,30,697.3489185039065,26880
940,25,722.2470757355771,22400
940,20,742.5442600472226,17920
940,15,799.0861805948633,13440
940,10,866.2534027469326,8960
940,5,974.3794818797653,4480
941,80,1343.1642222586286,71680
941,75,1362.6514485252753,67200
941,70,1379.4099875121742,62720
941,65,1391.9697379497165,58240
941,60,1415.5357511224033,53760
941,55,1428.7998483363826,49280
941,50,1454.529907414143,44800
941,45,1478.9686195413258,40320
941,40,1503.4080954609674,35840
941,35,1532.1410099223972,31360
941,30,1694.487767428959,26880
941,25,1766.2891510726004,22400
941,20,1852.9730210799278,17920
941,15,1919.1599365997818,13440
941,10,2007.5351525152894,8960
941,5,2817.9455189038376,4480
942,80,25.108999467676533,71680
942,75,25.51185589793287,67200
942,70,26.370345101969825,62720
942,65,35.262114388714515,58240
942,60,37.774446716679314,53760
942,55,88.29888747018762,49280
942,50,121.37991671960273,44800
942,45,166.00048881768893,40320
942,40,193.11625737464033,35840
942,35,202.26396011065057,31360
942,30,269.3193400139214,26880
942,25,286.01678814405335,22400
942,20,349.66938771064946,17920
942,15,425.32921638912677,13440
942,10,476.1048078447216,8960
942,5,673.0905007158659,4480
943,80,85.89833495455451,71680
943,75,86.31389834171776,67200
943,70,88.26518008166666,62720
943,65,111.37188480535812,58240
943,60,118.0428644582947,53760
943,55,119.06390694990392,49280
943,50,124.80171832583544,44800
943,45,150.84421941248613,40320
943,40,158.02269964552497,35840
943,35,166.23915591034245,31360
943,30,199.63674653956352,26880
943,25,230.83224862937956,22400
943,20,306.1515492398575,17920
943,15,355.9250036598152,13440
943,10,514.7124839439492,8960
943,5,651.0912700006517,4480
944,80,8.707849754351097,71680
944,75,8.915697283782606,67200
944,70,8.996442544821805,62720
944,65,13.428884885725822,58240
944,60,13.856475691081839,53760
944,55,14.545457706571083,49280
944,50,19.327324138934607,44800
944,45,33.33118857056268,40320
944,40,34.62467619180487,35840
944,35,34.83875000826171,31360
944,30,39.121737052105914,26880
944,25,150.51814834522864,22400
944,20,151.30781742633863,17920
944,15,160.46426785681155,13440
944,10,214.3479314029385,8960
944,5,418.38426194581183,4480
945,80,30.84282855391364,71680
945,75,32.21551345686249,67200
945,70,42.527261106503175,62720
945,65,45.67815348550792,58240
945,60,46.360221352670536,53760
945,55,48.254068450417634,49280
945,50,48.69988740048708,44800
945,45,49.63626329868971,40320
945,40,53.046111286634805,35840
945,35,68.85854324750629,31360
945,30,75.46831478296632,26880
945,25,85.03461266075861,22400
945,20,92.93272523161535,17920
945,15,105.3054442477509,13440
945,10,112.48345374019304,8960
945,5,199.85399670909243,4480
946,80,0.22455945926888596,71680
946,75,0.44509239724508354,67200
946,70,0.4605155520390966,62720
946,65,0.605089998184502,58240
946,60,0.6790767690064754,53760
946,55,0.8848052326839468,49280
946,50,1.250861333060943,44800
946,45,1.3529336498521434,40320
946,40,2.1676490578197725,35840
946,35,2.201430703436361,31360
946,30,2.487061450655507,26880
946,25,2.6607868799459795,22400
946,20,2.815746175254924,17920
946,15,3.210391009435263,13440
946,10,8.955860871177126,8960
946,5,15.2995163250337,4480
947,80,0.06193479633524283,71680
947,75,0.12407159593465097,67200
947,70,0.32199626629518335,62720
947,65,2.767384325213025,58240
947,60,3.180440524453549,53760
947,55,4.508407119797576,49280
947,50,5.444483227385551,44800
947,45,77.10492355618304,40320
947,40,248.1462189307308,35840
947,35,253.41272056185827,31360
947,30,268.158994848234,26880
947,25,282.75699503864,22400
947,20,314.811102648938,17920
947,15,401.4474366923608,13440
947,10,693.1751029348693,8960
947,5,1028.6927792527692,4480
948,80,149.80922789526926,71680
948,75,150.667693947382,67200
948,70,152.2734664074469,62720
948,65,153.66913496771704,58240
948,60,163.73102071017703,53760
948,55,185.59117036243302,49280
948,50,189.65016155138426,44800
948,45,198.88438764384736,40320
948,40,212.1292770405882,35840
948,35,224.68875948310227,31360
948,30,289.72562405872276,26880
948,25,323.75433229212445,22400
948,20,417.622897834271,17920
948,15,470.6195825067724,13440
948,10,576.9690169421549,8960
948,5,740.0443180650598,4480
949,80,383.7842771248556,71680
949,75,388.5371800984794,67200
949,70,391.1729659696521,62720
949,65,412.9539842593792,58240
949,60,438.46107131602804,53760
949,55,462.16558974945474,49280
949,50,493.2999881535529,44800
949,45,534.2532907794495,40320
949,40,539.0947709502543,35840
949,35,560.7889118985468,31360
949,30,604.6347999290654,26880
949,25,630.7468000234903,22400
949,20,655.1891094129492,17920
949,15,673.1042683399492,13440
949,10,836.0767572162188,8960
949,5,1411.8996246974489,4480
950,80,69.27852895911234,71680
950,75,74.09754219182695,67200
950,70,74.63164232900448,62720
950,65,74.88416681128275,58240
950,60,75.52540046192031,53760
950,55,76.25070703502273,49280
950,50,77.42248369805442,44800
950,45,77.809822889003,40320
950,40,80.71085629378251,35840
950,35,89.14923540601265,31360
950,30,93.22183316640577,26880
950,25,97.18263618512464,22400
950,20,110.56457536390457,17920
950,15,120.82616095602965,13440
950,10,189.26431273944505,8960
950,5,249.77789820185626,4480
951,80,0.9211913068093043,71680
951,75,0.9300448859282952,67200
951,70,0.9497586655916259,62720
951,65,1.0028318416231152,58240
951,60,1.089627337767973,53760
951,55,1.1920220904367285,49280
951,50,1.8380604765214623,44800
951,45,6.944124180765473,40320
951,40,58.370606059695604,35840
951,35,62.64457383910097,31360
951,30,65.47222521796452,26880
951,25,67.13331588267188,22400
951,20,71.53701707334179,17920
951,15,72.41624754575487,13440
951,10,88.98471674872172,8960
951,5,94.7043926093843,4480
952,80,23.80429137841722,71680
952,75,41.83291839189201,67200
952,70,43.20144784538662,62720
952,65,54.96205024170086,58240
952,60,56.35621478165665,53760
952,55,58.518888727655956,49280
952,50,62.37226349808962,44800
952,45,94.61071265368592,40320
952,40,96.51067663423409,35840
952,35,96.7013405197858,31360
952,30,98.42852356185678,26880
952,25,161.18242024732749,22400
952,20,162.29133504319847,17920
952,15,201.03554222891083,13440
952,10,236.93744273488159,8960
952,5,420.61249487246454,4480
953,80,663.1010575872285,71680
953,75,666.5339711553504,67200
953,70,671.4924352125561,62720
953,65,673.2420367192424,58240
953,60,673.4682486438542,53760
953,55,674.3474507947421,49280
953,50,679.5021629130342,44800
953,45,682.2381181265141,40320
953,40,690.058614500512,35840
953,35,695.6478615509463,31360
953,30,698.0891043213041,26880
953,25,711.9132241196921,22400
953,20,999.7516757363873,17920
953,15,1094.0227585471098,13440
953,10,1179.1374904111121,8960
953,5,1346.2983634913162,4480
954,80,413.8749450205249,71680
954,75,415.25019975053544,67200
954,70,415.88319209124796,62720
954,65,416.9842022846187,58240
954,60,419.7530991548838,53760
954,55,420.467857732438,49280
954,50,423.3593966554044,44800
954,45,438.71037056380766,40320
954,40,451.4973310558837,35840
954,35,503.2249037144979,31360
954,30,516.7339784682133,26880
954,25,560.9463079378428,22400
954,20,610.1914297081873,17920
954,15,738.9182219627229,13440
954,10,752.9315788366972,8960
954,5,785.5034443223549,4480
955,80,16.112511176349976,71680
955,75,22.010630576508277,67200
955,70,26.641788068109452,62720
955,65,33.030082833862764,58240
955,60,33.87386103620365,53760
955,55,35.20720840463945,49280
955,50,39.50408810465254,44800
955,45,41.15401719014276,40320
955,40,41.79174002842014,35840
955,35,42.76762296123425,31360
955,30,46.92138144911625,26880
955,25,49.12117273167305,22400
955,20,51.33808870555569,17920
955,15,54.14280373880258,13440
955,10,106.6260030385485,8960
955,5,175.5518551009974,4480
956,80,1655.2059737004906,71680
956,75,1664.9223252701931,67200
956,70,1698.4586073640974,62720
956,65,1712.6598705812148,58240
956,60,1724.3569847820374,53760
956,55,1732.6692263400735,49280
956,50,1756.539615854828,44800
956,45,1773.7118777181704,40320
956,40,1786.0101622428692,35840
956,35,1820.3125489407385,31360
956,30,1838.5138602652253,26880
956,25,1859.6770332839667,22400
956,20,1887.9936824066929,17920
956,15,1916.8769973153037,13440
956,10,1958.817789086982,8960
956,5,2090.360610856308,4480
957,80,45.344743041639404,71680
957,75,46.43871497509123,67200
957,70,46.86626156406636,62720
957,65,49.86236005398876,58240
957,60,50.4562001111155,53760
957,55,50.975133081124206,49280
957,50,51.92785802632687,44800
957,45,53.085409184160795,40320
957,40,53.587699614191415,35840
957,35,54.27395008637572,31360
957,30,55.38556153684899,26880
957,25,56.03683328018659,22400
957,20,58.122670119331545,17920
957,15,58.65907885609101,13440
957,10,71.57802633553102,8960
957,5,81.61645098283341,4480
958,80,56.352542338843705,71680
958,75,63.73383640157883,67200
958,70,83.89619903207632,62720
958,65,89.95403459351022,58240
958,60,92.22134349117987,53760
958,55,93.61591445903926,49280
958,50,101.0878283893333,44800
958,45,102.74827859414609,40320
958,40,104.28597127711815,35840
958,35,105.60729684351159,31360
958,30,107.36082333606569,26880
958,25,108.95709230885966,22400
958,20,116.21190975430325,17920
958,15,126.60482104918367,13440
958,10,148.16719831077498,8960
958,5,175.487405807248,4480
959,80,0.11967520425623741,71680
959,75,0.17402366811538578,67200
959,70,0.19280909110704836,62720
959,65,0.41541414435887764,58240
959,60,0.6987166830505095,53760
959,55,1.2239077077354803,49280
959,50,5.82152018210883,44800
959,45,13.954109270949898,40320
959,40,45.70181631400718,35840
959,35,79.25175994901322,31360
959,30,232.5427404637902,26880
959,25,526.5049532097074,22400
959,20,611.5218918630304,17920
959,15,641.7088816664549,13440
959,10,722.6666028295099,8960
959,5,993.2375544739051,4480
960,80,416.3668541826088,71680
960,75,421.1546699259268,67200
960,70,436.1557137586819,62720
960,65,439.107269579831,58240
960,60,440.84615442911627,53760
960,55,441.07195180605487,49280
960,50,442.8075851003629,44800
960,45,448.85132644741003,40320
960,40,455.2845988258165,35840
960,35,465.60849832093476,31360
960,30,501.98238404300247,26880
960,25,510.699816205847,22400
960,20,648.8942080091751,17920
960,15,708.133340774436,13440
960,10,890.6444192348807,8960
960,5,1671.6073207003603,4480
961,80,66.5634143246799,71680
961,75,66.64986063538609,67200
961,70,66.89589272991131,62720
961,65,66.93323325288416,58240
961,60,66.95828768713537,53760
961,55,79.16420851635554,49280
961,50,80.50471267225406,44800
961,45,91.14991773924923,40320
961,40,100.44872131126886,35840
961,35,100.8584092079212,31360
961,30,101.21252671058338,26880
961,25,101.4891852887385,22400
961,20,101.87040723863828,17920
961,15,110.00978019669103,13440
961,10,150.74688538165864,8960
961,5,360.65342030487125,4480
962,80,7.08033035149713,71680
962,75,10.04594336595098,67200
962,70,10.388975733080827,62720
962,65,10.729312407903487,58240
962,60,10.837619048151005,53760
962,55,11.062621975174425,49280
962,50,19.33364337300259,44800
962,45,40.217410016134764,40320
962,40,43.168997802789995,35840
962,35,43.34313867243657,31360
962,30,44.174016855922936,26880
962,25,52.90425747298279,22400
962,20,55.270606080857924,17920
962,15,149.9133843943479,13440
962,10,224.41874845086528,8960
962,5,445.3176508163372,4480
963,80,11.698560935290365,71680
963,75,12.310238514414724,67200
963,70,12.471327458997463,62720
963,65,23.13160316867252,58240
963,60,23.8905952243365,53760
963,55,25.114388061639044,49280
963,50,30.147737270007795,44800
963,45,56.87088493493747,40320
963,40,59.14952048589418,35840
963,35,59.41277643518869,31360
963,30,60.644685373307176,26880
963,25,93.03303956222099,22400
963,20,94.36579281751227,17920
963,15,131.9971700061469,13440
963,10,209.96062577047422,8960
963,5,438.6615866731685,4480
964,80,20.931219673518733,71680
964,75,22.80712168431316,67200
964,70,24.81941415385429,62720
964,65,26.265867445997657,58240
964,60,26.329962654388336,53760
964,55,26.764647603643,49280
964,50,30.065759839647505,44800
964,45,33.042644511878045,40320
964,40,33.625533548547274,35840
964,35,36.56525700599508,31360
964,30,44.03403646815363,26880
964,25,47.909812451935096,22400
964,20,55.71394010178644,17920
964,15,67.21460931425769,13440
964,10,183.7645692699353,8960
964,5,344.6727344324112,4480
965,80,4.610906205964405,71680
965,75,9.660790944357098,67200
965,70,78.28706105818264,62720
965,65,109.3891754183318,58240
965,60,119.5161102705292,53760
965,55,124.76011019906709,49280
965,50,127.21172389474565,44800
965,45,128.89702502902614,40320
965,40,139.87597291202542,35840
965,35,142.32914506863156,31360
965,30,144.5509802573799,26880
965,25,151.07829457581974,22400
965,20,156.80460357773805,17920
965,15,160.29082981656896,13440
965,10,190.52314958098484,8960
965,5,253.38742962965645,4480
966,80,35.70273636068501,71680
966,75,39.31485390853705,67200
966,70,44.46564114614723,62720
966,65,46.6813072732081,58240
966,60,48.453441207926126,53760
966,55,50.63460126764829,49280
966,50,50.98112053263506,44800
966,45,53.0907072811545,40320
966,40,58.06475428230237,35840
966,35,91.67697842523555,31360
966,30,109.85343835767303,26880
966,25,126.49710669997776,22400
966,20,137.9944729459715,17920
966,15,158.34895830038914,13440
966,10,168.41222362172672,8960
966,5,276.3369393780632,4480
967,80,20.178054138794366,71680
967,75,20.56896469333746,67200
967,70,20.683489386961647,62720
967,65,31.387681448184583,58240
967,60,39.13745903957675,53760
967,55,47.600832812926924,49280
967,50,54.07267390856103,44800
967,45,60.50547239076269,40320
967,40,61.586476081969366,35840
967,35,65.02066715104507,31360
967,30,71.85213385996332,26880
967,25,76.5619136241517,22400
967,20,82.42948680049099,17920
967,15,91.09775092405604,13440
967,10,166.3314308922076,8960
967,5,359.1283167730683,4480
968,80,9.844975776069758,71680
968,75,12.130689228117763,67200
968,70,12.23514398958859,62720
968,65,17.05988920768935,58240
968,60,17.47100796192953,53760
968,55,17.987620954912085,49280
968,50,18.869441286437592,44800
968,45,25.85084619477797,40320
968,40,26.207288524561317,35840
968,35,26.459025944434682,31360
968,30,29.17080453521527,26880
968,25,98.84890018346812,22400
968,20,99.81573932273066,17920
968,15,121.11483122071101,13440
968,10,197.06676186315792,8960
968,5,425.32761912376367,4480
969,80,10.51284741344012,71680
969,75,10.69777432017302,67200
969,70,11.350220605053508,62720
969,65,11.824264866456353,58240
969,60,12.570044591365649,53760
969,55,12.92666269916482,49280
969,50,13.291635701698038,44800
969,45,13.45830442449023,40320
969,40,14.503583627131855,35840
969,35,14.941185113357033,31360
969,30,15.754519468586585,26880
969,25,16.45345065472073,22400
969,20,17.010835779720374,17920
969,15,18.452111912167656,13440
969,10,23.354374189663623,8960
969,5,39.981026227622046,4480
970,80,14.53824432541175,71680
970,75,28.97925384615342,67200
970,70,31.942890640216486,62720
970,65,37.14714573670736,58240
970,60,38.314875871606596,53760
970,55,39.964682081642835,49280
970,50,50.98411405778625,44800
970,45,72.97310751078153,40320
970,40,73.53547596455333,35840
970,35,74.15200028782928,31360
970,30,75.09060375528779,26880
970,25,81.15354826693901,22400
970,20,83.37464289972476,17920
970,15,211.07320293424988,13440
970,10,231.82700895794542,8960
970,5,403.3328372464714,4480
971,80,12.287550356039974,71680
971,75,53.0248720113648,67200
971,70,65.56523506434128,62720
971,65,74.83541537467062,58240
971,60,76.33744498663283,53760
971,55,77.175961656847,49280
971,50,78.04220454542524,44800
971,45,78.925855150475,40320
971,40,80.00511383050862,35840
971,35,80.29106091878725,31360
971,30,80.93937191125104,26880
971,25,81.87026814519174,22400
971,20,82.18462300813339,17920
971,15,82.64766458380812,13440
971,10,90.88348972822763,8960
971,5,95.72519151240138,4480
972,80,6.214919960074055,71680
972,75,7.475638013627291,67200
972,70,7.668158844517741,62720
972,65,7.959913069848775,58240
972,60,8.10218749803134,53760
972,55,8.650943199154367,49280
972,50,8.99263927766909,44800
972,45,9.035085197458502,40320
972,40,9.915979477930833,35840
972,35,10.465634783585557,31360
972,30,11.060550121689124,26880
972,25,12.547225847448356,22400
972,20,13.440259962748385,17920
972,15,15.947434350894374,13440
972,10,25.836413854024066,8960
972,5,33.09265648950081,4480
973,80,6.59577467369316,71680
973,75,6.776717718473193,67200
973,70,6.8418303551476,62720
973,65,6.962366480072385,58240
973,60,7.222385210619528,53760
973,55,7.699078624370171,49280
973,50,8.750927107598072,44800
973,45,9.452863948730174,40320
973,40,10.796414553672186,35840
973,35,11.174014794237149,31360
973,30,11.230422468522745,26880
973,25,11.717882293832263,22400
973,20,12.025566735390738,17920
973,15,12.443470704471919,13440
973,10,19.366082645027756,8960
973,5,25.09119236375468,4480
974,80,317.2645045584943,71680
974,75,318.89407736685496,67200
974,70,320.6559379033426,62720
974,65,321.96614412395104,58240
974,60,323.1674176025476,53760
974,55,331.13420485593014,49280
974,50,338.78765109862,44800
974,45,344.93462438321444,40320
974,40,352.6949756952027,35840
974,35,360.4990214812272,31360
974,30,412.11601247910625,26880
974,25,440.6211856827417,22400
974,20,454.51885655673516,17920
974,15,480.90941992872524,13440
974,10,592.5609895359855,8960
974,5,715.1556197161992,4480
975,80,0.22455945926888596,71680
975,75,0.44509239724508354,67200
975,70,0.4605155520390966,62720
975,65,0.605089998184502,58240
975,60,0.6790767690064754,53760
975,55,0.8848052326839468,49280
975,50,1.250861333060943,44800
975,45,1.3529336498521434,40320
975,40,2.1676490578197725,35840
975,35,2.201430703436361,31360
975,30,2.487061450655507,26880
975,25,2.6607868799459795,22400
975,20,2.815746175254924,17920
975,15,3.210391009435263,13440
975,10,8.955860871177126,8960
975,5,15.2995163250337,4480
976,80,257.1565175251055,71680
976,75,261.0698518050372,67200
976,70,261.7153597467271,62720
976,65,262.097774970014,58240
976,60,268.466606514242,53760
976,55,271.857189369737,49280
976,50,274.0250427460054,44800
976,45,284.4090176611031,40320
976,40,288.857438718468,35840
976,35,300.5969488315539,31360
976,30,310.45891064776777,26880
976,25,326.1263127688783,22400
976,20,338.5156213904444,17920
976,15,353.7022377168359,13440
976,10,397.0633995037104,8960
976,5,415.4411486975365,4480
977,80,10.719824290199199,71680
977,75,10.727213429452394,67200
977,70,10.745315167662985,62720
977,65,10.7793486292361,58240
977,60,10.812408392431351,53760
977,55,10.91651384459241,49280
977,50,11.550833036415487,44800
977,45,15.715120723796673,40320
977,40,61.639796417075935,35840
977,35,65.4619275689505,31360
977,30,68.14564888377069,26880
977,25,69.85023004004361,22400
977,20,74.26913701126578,17920
977,15,75.15158508231586,13440
977,10,91.81480995236373,8960
977,5,97.48985917919008,4480
978,80,5.975175113860108,71680
978,75,8.918615915311138,67200
978,70,9.432376795455232,62720
978,65,22.024623646239736,58240
978,60,23.237394047951526,53760
978,55,25.027840950768702,49280
978,50,27.36541285386849,44800
978,45,39.60568967910264,40320
978,40,39.9749276262182,35840
978,35,40.147283364939014,31360
978,30,45.05944368004913,26880
978,25,135.71705338264692,22400
978,20,137.42377670598515,17920
978,15,223.11763600198967,13440
978,10,265.2664112614504,8960
978,5,420.14089634599054,4480
979,80,468.4566042905722,71680
979,75,473.4169820793986,67200
979,70,474.9155032190858,62720
979,65,477.56129744491847,58240
979,60,478.6248383597199,53760
979,55,497.8678139486992,49280
979,50,525.9786017866346,44800
979,45,528.7402811425093,40320
979,40,529.738166819662,35840
979,35,534.4600027657866,31360
979,30,551.4900617581579,26880
979,25,565.9367973887862,22400
979,20,595.191975541076,17920
979,15,619.4899633102757,13440
979,10,793.2706462998964,8960
979,5,1301.2718225871374,4480
980,80,1.0799341778863192,71680
980,75,1.0829690047078782,67200
980,70,1.1090943185381803,62720
980,65,1.1655070237972711,58240
980,60,1.2422885039681224,53760
980,55,1.358283764430636,49280
980,50,2.050594298909349,44800
980,45,7.120160581750308,40320
980,40,58.79916862569186,35840
980,35,63.02776496672701,31360
980,30,65.8436094461151,26880
980,25,67.51951729107228,22400
980,20,71.93155040053172,17920
980,15,72.7994033330064,13440
980,10,89.49513671445312,8960
980,5,95.19144292669583,4480
981,80,0.2253799589198767,71680
981,75,0.44601873641969253,67200
981,70,0.46142092609663965,62720
981,65,0.6059828839209425,58240
981,60,0.6802505632229637,53760
981,55,0.8852133350831141,49280
981,50,1.2513819502726213,44800
981,45,1.3533946372297958,40320
981,40,2.168635570079334,35840
981,35,2.202300848077188,31360
981,30,2.4872884000349402,26880
981,25,2.661098117725267,22400
981,20,2.815582352750482,17920
981,15,3.2099864274647185,13440
981,10,8.951827040684194,8960
981,5,15.294015662810295,4480
982,80,23.083559169104117,71680
982,75,24.549789454613304,67200
982,70,25.261091067276684,62720
982,65,31.538771577816757,58240
982,60,36.13470086612305,53760
982,55,37.900567237634284,49280
982,50,44.19555280571175,44800
982,45,45.11849227690044,40320
982,40,45.93882323319186,35840
982,35,47.61527710286435,31360
982,30,49.93188033734223,26880
982,25,50.593069940984144,22400
982,20,53.834544152075146,17920
982,15,57.3340005216634,13440
982,10,61.93627358172738,8960
982,5,88.29428572677945,4480
983,80,0.42485175716878587,71680
983,75,0.6721681156245619,67200
983,70,0.7398938899616322,62720
983,65,0.9343848642812741,58240
983,60,1.0421512678197644,53760
983,55,1.3031071570802366,49280
983,50,1.6950869450776047,44800
983,45,1.8079091010047226,40320
983,40,2.6042842907949018,35840
983,35,2.662710810164101,31360
983,30,3.0686062506241236,26880
983,25,3.2547793271537606,22400
983,20,3.376273784372107,17920
983,15,3.7769087896498754,13440
983,10,9.708076145804378,8960
983,5,16.1127257459028,4480
984,80,10.094395511164638,71680
984,75,11.133420075022915,67200
984,70,11.364034592020854,62720
984,65,17.821684937585605,58240
984,60,18.336485263067917,53760
984,55,19.424555964849137,49280
984,50,28.729733131702105,44800
984,45,65.21405708048522,40320
984,40,69.0852796656519,35840
984,35,69.3590090633079,31360
984,30,69.52865101618154,26880
984,25,72.11868004816941,22400
984,20,74.09324603579466,17920
984,15,137.93762390436038,13440
984,10,213.8539200938061,8960
984,5,437.4390058541108,4480
985,80,85.70482710014143,71680
985,75,85.79428071938932,67200
985,70,86.13851821188595,62720
985,65,86.51153569561859,58240
985,60,86.74432258516237,53760
985,55,109.6457221253656,49280
985,50,110.6189550870076,44800
985,45,139.27155718074818,40320
985,40,163.65505494635727,35840
985,35,164.45955500031303,31360
985,30,164.91313355313144,26880
985,25,165.58830486986537,22400
985,20,166.2983541634412,17920
985,15,194.78128479325576,13440
985,10,354.45751466643077,8960
985,5,946.622760062079,4480
986,80,5.067975420700673,71680
986,75,6.097834748834298,67200
986,70,6.257224396960406,62720
986,65,6.53514827361976,58240
986,60,6.664341123074996,53760
986,55,7.1675105890960955,49280
986,50,7.5351212708500235,44800
986,45,7.575533085293675,40320
986,40,8.412539625145065,35840
986,35,8.773452249181414,31360
986,30,9.226989152898724,26880
986,25,10.310984461106914,22400
986,20,11.059902046915814,17920
986,15,12.863301731531022,13440
986,10,22.124324839725553,8960
986,5,28.58988368757176,4480
987,80,157.48343168146377,71680
987,75,163.99514636039896,67200
987,70,170.71670988207842,62720
987,65,175.1632837753459,58240
987,60,177.27890059567986,53760
987,55,180.36208686753307,49280
987,50,185.70012190507214,44800
987,45,188.5493699037696,40320
987,40,196.25419663490496,35840
987,35,225.37170902469182,31360
987,30,246.7695318325954,26880
987,25,256.02007556435797,22400
987,20,293.85845621466365,17920
987,15,329.61194875960337,13440
987,10,359.55594926524833,8960
987,5,465.4521110810826,4480
988,80,120.1413025677559,71680
988,75,122.56273390654222,67200
988,70,122.91711953612271,62720
988,65,123.02678792361249,58240
988,60,123.47119431289903,53760
988,55,124.236640004421,49280
988,50,125.08965332681738,44800
988,45,126.11958270927863,40320
988,40,137.38438162557688,35840
988,35,165.99131371749294,31360
988,30,180.97687409966252,26880
988,25,197.85290387970724,22400
988,20,250.85954935657762,17920
988,15,288.4222767801783,13440
988,10,440.6660458261099,8960
988,5,617.0990073609655,4480
989,80,18.525292524216177,71680
989,75,19.459953724905766,67200
989,70,20.742380243174182,62720
989,65,21.60629421781983,58240
989,60,21.8722366189209,53760
989,55,22.424950500937058,49280
989,50,23.002667944537652,44800
989,45,23.407000606730918,40320
989,40,24.248666272957873,35840
989,35,24.701772884110394,31360
989,30,25.40841528573343,26880
989,25,27.26106281965665,22400
989,20,29.308977557679345,17920
989,15,32.357074471784934,13440
989,10,39.211549390035266,8960
989,5,86.28762193089112,4480
990,80,208.1029431954219,71680
990,75,208.3054268308762,67200
990,70,211.72753066123866,62720
990,65,226.32411741917838,58240
990,60,226.39083454912327,53760
990,55,226.79340504735043,49280
990,50,227.31855242821405,44800
990,45,230.0105808117719,40320
990,40,246.36856722712065,35840
990,35,247.34516356410214,31360
990,30,265.5115959549354,26880
990,25,279.9125980134063,22400
990,20,296.0269476733064,17920
990,15,378.47032173628617,13440
990,10,679.3414272192268,8960
990,5,988.253597100835,4480
991,80,7.861196963911617,71680
991,75,9.074271008605896,67200
991,70,9.185380431983425,62720
991,65,12.888640526982993,58240
991,60,13.117136808046459,53760
991,55,13.3457128070557,49280
991,50,17.68704536596134,44800
991,45,23.13803676401983,40320
991,40,24.51105930664152,35840
991,35,24.664842939556202,31360
991,30,27.083117479108335,26880
991,25,65.16059667661955,22400
991,20,67.5360768074685,17920
991,15,177.08978189630267,13440
991,10,247.16690943005412,8960
991,5,458.96482516660376,4480
992,80,167.12303437435727,71680
992,75,167.48158043577374,67200
992,70,169.26425392682663,62720
992,65,173.47807236895727,58240
992,60,176.4701653992603,53760
992,55,182.71584767793794,49280
992,50,186.42357226099543,44800
992,45,192.54129529129457,40320
992,40,197.03892256262617,35840
992,35,217.06759116504583,31360
992,30,264.71839381639813,26880
992,25,285.56506101921406,22400
992,20,396.18763340292963,17920
992,15,435.8561054576556,13440
992,10,585.4605474967244,8960
992,5,742.808418077981,4480
993,80,21.002503110857038,71680
993,75,25.602870542766432,67200
993,70,26.333724408845708,62720
993,65,26.75261267738623,58240
993,60,27.322229516746958,53760
993,55,28.48659274078629,49280
993,50,32.93832774330256,44800
993,45,35.93665076896419,40320
993,40,43.80508484003798,35840
993,35,59.71006985092919,31360
993,30,84.83282033773705,26880
993,25,109.12302419769911,22400
993,20,115.76715071470157,17920
993,15,177.3849029328777,13440
993,10,206.0785696874978,8960
993,5,296.67031435118037,4480
994,80,1585.9070402984412,71680
994,75,1595.2187908547603,67200
994,70,1602.8233904719357,62720
994,65,1688.0150388224286,58240
994,60,1710.3746901536344,53760
994,55,1722.7619753789256,49280
994,50,1782.8539325667557,44800
994,45,1821.0896444935795,40320
994,40,1844.243325600578,35840
994,35,1881.7826497519327,31360
994,30,1915.1091970747557,26880
994,25,1944.6576374946335,22400
994,20,2012.7290823197147,17920
994,15,2287.818127985106,13440
994,10,2530.3498808988616,8960
994,5,2638.5646354258865,4480
995,80,18.918922855804592,71680
995,75,18.994254107024062,67200
995,70,19.53372355981521,62720
995,65,21.501931605461,58240
995,60,27.55845226694938,53760
995,55,50.7770530843794,49280
995,50,57.54695685971426,44800
995,45,65.75946900011243,40320
995,40,71.79813286635725,35840
995,35,76.08093500753043,31360
995,30,80.01403195506958,26880
995,25,82.44817442425787,22400
995,20,84.74894931404312,17920
995,15,85.99455610742075,13440
995,10,102.21220609456032,8960
995,5,108.14784120669925,4480
996,80,15.521851554213754,71680
996,75,26.8739168509616,67200
996,70,29.562274360681336,62720
996,65,33.97990241192617,58240
996,60,35.01354085600984,53760
996,55,36.483070138156535,49280
996,50,49.102241049970594,44800
996,45,68.67810267457025,40320
996,40,69.1443189296617,35840
996,35,69.79930395188046,31360
996,30,71.06388427658594,26880
996,25,74.91152373063318,22400
996,20,77.23210467534267,17920
996,15,215.44889471162037,13440
996,10,234.82364508937644,8960
996,5,404.3834286822481,4480
997,80,65.28014997951468,71680
997,75,65.41743538572504,67200
997,70,65.52490610177374,62720
997,65,65.55665988615907,58240
997,60,65.61275782424532,53760
997,55,66.13001305603504,49280
997,50,66.30263925709636,44800
997,45,78.92296806547532,40320
997,40,89.97838047515572,35840
997,35,90.4663142604054,31360
997,30,90.69138209718908,26880
997,25,91.04431546946917,22400
997,20,91.90084217392543,17920
997,15,97.5605716013138,13440
997,10,123.29417057237254,8960
997,5,300.8416660681953,4480
998,80,0.30787715826473244,71680
998,75,0.3179513575093482,67200
998,70,0.4441161013355156,62720
998,65,0.6354930878989457,58240
998,60,1.2054332711021718,53760
998,55,6.324326904502826,49280
998,50,144.82419819390321,44800
998,45,154.64785711921255,40320
998,40,156.4672858532321,35840
998,35,165.97470550470322,31360
998,30,174.39677592426662,26880
998,25,190.6204878654903,22400
998,20,211.90178090169059,17920
998,15,262.61594067917736,13440
998,10,731.5487960709327,8960
998,5,1067.7034418802257,4480
999,80,5.153308281980051,71680
999,75,5.354002246522084,67200
999,70,5.546955065968449,62720
999,65,6.093602806669282,58240
999,60,6.2671870485473615,53760
999,55,6.501468216240827,49280
999,50,6.8614126896864445,44800
999,45,7.064670699440106,40320
999,40,7.978063361458785,35840
999,35,8.034771628647404,31360
999,30,8.288887096727695,26880
999,25,8.503561178751811,22400
999,20,8.684235135664878,17920
999,15,9.040500063684464,13440
999,10,15.014948530532328,8960
999,5,20.547009061658965,4480
1000,80,11.800869906432352,71680
1000,75,14.420011279958038,67200
1000,70,15.611500569301315,62720
1000,65,17.512614285146686,58240
1000,60,17.932361990356934,53760
1000,55,18.579886414267218,49280
1000,50,21.85441881272132,44800
1000,45,28.242866355170452,40320
1000,40,28.471604028347056,35840
1000,35,28.576116327005327,31360
1000,30,30.30108734525184,26880
1000,25,45.454592500222624,22400
1000,20,46.606525774143705,17920
1000,15,156.39311893302656,13440
1000,10,161.5067494819244,8960
1000,5,260.1006127479529,4480
1001,80,38.11533744967532,71680
1001,75,39.722776770497596,67200
1001,70,44.34352312984754,62720
1001,65,46.448668454016286,58240
1001,60,47.92964542329451,53760
1001,55,50.05608064155332,49280
1001,50,50.3160240687936,44800
1001,45,52.1752222905581,40320
1001,40,56.914487492746495,35840
1001,35,87.65015629866792,31360
1001,30,103.61498809458739,26880
1001,25,118.917119958851,22400
1001,20,128.99025305704106,17920
1001,15,147.10851327497485,13440
1001,10,156.2211677462064,8960
1001,5,258.72271381904693,4480
1002,80,142.05722870215004,71680
1002,75,142.3082838128891,67200
1002,70,144.31502116143923,62720
1002,65,147.9451184676569,58240
1002,60,155.12903422095093,53760
1002,55,157.54443537957258,49280
1002,50,163.58612204981543,44800
1002,45,164.34382625265462,40320
1002,40,168.93484878718996,35840
1002,35,182.1844311613021,31360
1002,30,189.28387516543276,26880
1002,25,207.80919092139914,22400
1002,20,242.5449145650296,17920
1002,15,265.15052842070423,13440
1002,10,315.88046344299516,8960
1002,5,420.4519387042426,4480
1003,80,828.9801571339513,71680
1003,75,830.9397164892354,67200
1003,70,834.3692032548221,62720
1003,65,846.6186676916188,58240
1003,60,847.7308138269462,53760
1003,55,858.6387233859833,49280
1003,50,863.2156658033396,44800
1003,45,870.2751009577593,40320
1003,40,874.3736653071542,35840
1003,35,916.6268478878152,31360
1003,30,959.1677905858584,26880
1003,25,968.2406446160552,22400
1003,20,1010.4412040352663,17920
1003,15,1037.6964057549185,13440
1003,10,1258.6357725644918,8960
1003,5,2212.4713493748354,4480
1004,80,701.2493161001489,71680
1004,75,709.5274822679442,67200
1004,70,720.9042732676168,62720
1004,65,785.6444297370826,58240
1004,60,828.3554648334487,53760
1004,55,860.473833755002,49280
1004,50,897.7450528201206,44800
1004,45,939.0435327086352,40320
1004,40,946.7402063007979,35840
1004,35,983.4242646075821,31360
1004,30,1040.2722853910998,26880
1004,25,1093.4459979804178,22400
1004,20,1131.0474875234052,17920
1004,15,1155.7417124113333,13440
1004,10,1258.0171574136257,8960
1004,5,1964.838658569715,4480
1005,80,290.79331716331143,71680
1005,75,291.8106256006081,67200
1005,70,291.9472407746295,62720
1005,65,292.37000986660735,58240
1005,60,294.13159084975797,53760
1005,55,296.154359001233,49280
1005,50,296.52104961563793,44800
1005,45,303.7964516339243,40320
1005,40,347.2132246723675,35840
1005,35,413.8609503760262,31360
1005,30,430.63384708817887,26880
1005,25,476.251005083615,22400
1005,20,543.1186751646012,17920
1005,15,581.0257517217332,13440
1005,10,841.6747315397113,8960
1005,5,1109.8743925501237,4480
1006,80,0.9583689675059123,71680
1006,75,1.1253345046430954,67200
1006,70,1.1406625473158265,62720
1006,65,1.9582308127554258,58240
1006,60,2.1776193412087084,53760
1006,55,2.5477415533181142,49280
1006,50,2.7093958016882476,44800
1006,45,3.3570214062469907,40320
1006,40,4.711372899248468,35840
1006,35,4.770366886884393,31360
1006,30,5.0158116375576025,26880
1006,25,5.3233043585380875,22400
1006,20,5.4621504550456095,17920
1006,15,6.038450433637106,13440
1006,10,10.209271672483316,8960
1006,5,12.186610942120412,4480
1007,80,514.7521782430339,71680
1007,75,516.3346612281518,67200
1007,70,517.2422603440813,62720
1007,65,520.0032861597309,58240
1007,60,526.092596695542,53760
1007,55,529.9525951001585,49280
1007,50,530.2369096896101,44800
1007,45,531.8443928856833,40320
1007,40,538.7353428280553,35840
1007,35,569.2853638012525,31360
1007,30,647.2868078418011,26880
1007,25,696.3578208813985,22400
1007,20,730.465153343813,17920
1007,15,778.7022887754688,13440
1007,10,842.3740320701755,8960
1007,5,916.6086607119029,4480
1008,80,8.49768231220725,71680
1008,75,31.82121651028282,67200
1008,70,34.84832823573958,62720
1008,65,43.77615155741474,58240
1008,60,45.24428028410155,53760
1008,55,47.36332400851823,49280
1008,50,53.234644098891245,44800
1008,45,82.65141079464146,40320
1008,40,83.75509030971482,35840
1008,35,84.1786928147974,31360
1008,30,84.65182993946159,26880
1008,25,107.08572766224846,22400
1008,20,108.8477636689681,17920
1008,15,196.4599286800306,13440
1008,10,222.1599375249294,8960
1008,5,396.441294080979,4480
1009,80,13.340004979480659,71680
1009,75,37.64110065893275,67200
1009,70,39.89788302945458,62720
1009,65,51.695354767915916,58240
1009,60,53.25948697105026,53760
1009,55,55.61720154535109,49280
1009,50,59.716575822032596,44800
1009,45,93.32192687201372,40320
1009,40,95.02251049610982,35840
1009,35,95.28930590858053,31360
1009,30,96.38619489459762,26880
1009,25,142.46023476047995,22400
1009,20,143.78866579168633,17920
1009,15,198.98976882557145,13440
1009,10,230.9795883172518,8960
1009,5,411.53607834647704,4480
1010,80,9.712350288204394,71680
1010,75,10.128584036807794,67200
1010,70,10.220587745176687,62720
1010,65,16.234568126530984,58240
1010,60,16.50122347953007,53760
1010,55,16.67364682944556,49280
1010,50,26.932114832648708,44800
1010,45,56.13241019650503,40320
1010,40,61.04339268886374,35840
1010,35,61.21863048487013,31360
1010,30,62.34305882827646,26880
1010,25,101.11087561415938,22400
1010,20,101.58987004779142,17920
1010,15,122.59585790378068,13440
1010,10,127.08582918168135,8960
1010,5,159.28076820677717,4480
1011,80,34.99679668615199,71680
1011,75,35.70737277779229,67200
1011,70,43.54760507042281,62720
1011,65,46.24712076392245,58240
1011,60,46.94018967354382,53760
1011,55,48.932115256802284,49280
1011,50,49.198280659751426,44800
1011,45,50.30197216782197,40320
1011,40,54.31776872095578,35840
1011,35,73.44577070478194,31360
1011,30,81.67761592543461,26880
1011,25,92.10334101974391,22400
1011,20,100.70802778192302,17920
1011,15,114.86911954049252,13440
1011,10,122.21133697616595,8960
1011,5,213.45676980839013,4480
1012,80,7.749144931136235,71680
1012,75,7.899056925499776,67200
1012,70,8.009531378980952,62720
1012,65,8.289542302009446,58240
1012,60,8.530431340657847,53760
1012,55,8.773070902625033,49280
1012,50,9.188321431624786,44800
1012,45,9.266633688970824,40320
1012,40,10.214801942154923,35840
1012,35,10.565799631506193,31360
1012,30,11.388197779498704,26880
1012,25,11.895324424847445,22400
1012,20,12.202800508693505,17920
1012,15,13.123327621581753,13440
1012,10,18.838946736392522,8960
1012,5,32.465509067008796,4480
1013,80,19.673832212429986,71680
1013,75,20.16477798702013,67200
1013,70,27.57814871926287,62720
1013,65,31.825267595828958,58240
1013,60,34.5792101393664,53760
1013,55,36.86797239517166,49280
1013,50,37.93530031356287,44800
1013,45,38.36147046076232,40320
1013,40,40.87088147495372,35840
1013,35,41.869351738092455,31360
1013,30,42.893009564709196,26880
1013,25,44.68962019599167,22400
1013,20,46.48793849113698,17920
1013,15,47.14218991343785,13440
1013,10,60.47340900227004,8960
1013,5,82.2229838575914,4480
1014,80,37.19227318064175,71680
1014,75,37.351962606650275,67200
1014,70,37.42057531246854,62720
1014,65,37.57138467377878,58240
1014,60,37.61574229884326,53760
1014,55,40.74269956133041,49280
1014,50,41.661461081824285,44800
1014,45,44.85643106013807,40320
1014,40,47.691411675729675,35840
1014,35,47.8750155772202,31360
1014,30,48.26626119332989,26880
1014,25,48.58703519998297,22400
1014,20,48.839420602211824,17920
1014,15,51.62187165855896,13440
1014,10,62.55789144107332,8960
1014,5,142.82742719123593,4480
1015,80,0.22220523096916944,71680
1015,75,0.4426714225853266,67200
1015,70,0.4581226988024194,62720
1015,65,0.6027546316429946,58240
1015,60,0.6768690200524237,53760
1015,55,0.8823473626910568,49280
1015,50,1.248593914014874,44800
1015,45,1.3506318513597306,40320
1015,40,2.165551386491393,35840
1015,35,2.1994087952796106,31360
1015,30,2.485009269193248,26880
1015,25,2.659053064782375,22400
1015,20,2.8141516934009303,17920
1015,15,3.208716259081267,13440
1015,10,8.955016035780192,8960
1015,5,15.297248850423653,4480
1016,80,50.87688678597541,71680
1016,75,53.88194915033197,67200
1016,70,59.81991054886182,62720
1016,65,61.11746001442685,58240
1016,60,63.255866872130284,53760
1016,55,66.31233597435956,49280
1016,50,69.14471673717502,44800
1016,45,71.82291430922572,40320
1016,40,75.28163122385546,35840
1016,35,77.3250703242727,31360
1016,30,78.87255804287561,26880
1016,25,80.11441989082948,22400
1016,20,84.5711368517813,17920
1016,15,88.08961965123356,13440
1016,10,106.98974426818265,8960
1016,5,138.1783739281834,4480
1017,80,121.52145588181632,71680
1017,75,124.6415228078385,67200
1017,70,129.81560439126974,62720
1017,65,133.47029421239912,58240
1017,60,136.02182991416066,53760
1017,55,138.9025689830668,49280
1017,50,143.37033193664197,44800
1017,45,161.10798947659777,40320
1017,40,165.38273439742872,35840
1017,35,169.20671899695515,31360
1017,30,191.39913103539303,26880
1017,25,215.8016248792299,22400
1017,20,268.18853683591095,17920
1017,15,315.38172877378355,13440
1017,10,438.981588199043,8960
1017,5,552.8974328528907,4480
1018,80,557.9359516975501,71680
1018,75,558.7365302997897,67200
1018,70,563.9113571294803,62720
1018,65,566.8893116666152,58240
1018,60,574.6145168176616,53760
1018,55,576.67047272021,49280
1018,50,576.964583370176,44800
1018,45,579.4836533144085,40320
1018,40,583.752237901032,35840
1018,35,608.0847689412059,31360
1018,30,662.7439520510804,26880
1018,25,710.5373604087241,22400
1018,20,750.4505483660419,17920
1018,15,807.4390618767237,13440
1018,10,888.3766718176865,8960
1018,5,978.2666542793004,4480
1019,80,19.250743338512528,71680
1019,75,20.392472234007347,67200
1019,70,37.302387066260856,62720
1019,65,45.724611155583915,58240
1019,60,49.906910508085524,53760
1019,55,52.82919078383422,49280
1019,50,54.174663205868356,44800
1019,45,54.72568151829193,40320
1019,40,58.75129774543533,35840
1019,35,60.075875521328854,31360
1019,30,61.27169704314834,26880
1019,25,63.892176020447934,22400
1019,20,66.3747371063105,17920
1019,15,67.66457251128743,13440
1019,10,83.36063321140837,8960
1019,5,112.00606389399542,4480
1020,80,69.50014901716924,71680
1020,75,81.74915745917332,67200
1020,70,85.44864072620739,62720
1020,65,89.9926191060715,58240
1020,60,90.608324119291,53760
1020,55,91.25413640932227,49280
1020,50,91.82137238709704,44800
1020,45,92.69960382229696,40320
1020,40,93.76168778902957,35840
1020,35,94.0977126430168,31360
1020,30,94.84490784975152,26880
1020,25,95.74062202871974,22400
1020,20,95.99617419925464,17920
1020,15,96.34687269938773,13440
1020,10,104.65871834163161,8960
1020,5,109.20441474916186,4480
1021,80,0.2775861061363869,71680
1021,75,0.5051415305308865,67200
1021,70,0.5283679906849874,62720
1021,65,0.6694851985082486,58240
1021,60,0.7474472840091883,53760
1021,55,0.9606272975586088,49280
1021,50,1.3352228006007814,44800
1021,45,1.428826172666282,40320
1021,40,2.2545131510787586,35840
1021,35,2.296921853914006,31360
1021,30,2.5641575953818037,26880
1021,25,2.7563813851936962,22400
1021,20,2.8925683927852393,17920
1021,15,3.3183638082366183,13440
1021,10,9.079525731206873,8960
1021,5,15.51760384868087,4480
1022,80,191.5547799819282,71680
1022,75,192.19699115558848,67200
1022,70,192.76248769696556,62720
1022,65,193.07600520720382,58240
1022,60,193.77115945573775,53760
1022,55,195.2590313481138,49280
1022,50,196.49335368908754,44800
1022,45,197.57506623986913,40320
1022,40,199.54999910063972,35840
1022,35,201.7802008239064,31360
1022,30,228.98420735355643,26880
1022,25,236.64260508968735,22400
1022,20,251.5882023447505,17920
1022,15,254.8414599747322,13440
1022,10,278.62112485628313,8960
1022,5,310.65496850235667,4480
1023,80,155.97143132019866,71680
1023,75,156.04374222307004,67200
1023,70,156.07465028006405,62720
1023,65,156.26756951036234,58240
1023,60,180.3421637828981,53760
1023,55,183.85872196079526,49280
1023,50,184.4459330085576,44800
1023,45,194.04182207973778,40320
1023,40,202.7564499413137,35840
1023,35,216.8991010460351,31360
1023,30,251.72077496754744,26880
1023,25,327.52500703494053,22400
1023,20,379.7545996478291,17920
1023,15,405.96146428089895,13440
1023,10,455.40389388389025,8960
1023,5,471.0555228498138,4480
1024,80,0.2856451235568863,71680
1024,75,0.5142341940563724,67200
1024,70,0.5336554761481305,62720
1024,65,0.689865242225158,58240
1024,60,0.7702987281140445,53760
1024,55,0.989180789577436,49280
1024,50,1.3494272944553056,44800
1024,45,1.4437193170514766,40320
1024,40,2.254759150039468,35840
1024,35,2.285945430222825,31360
1024,30,2.531788747740124,26880
1024,25,2.6798583671743925,22400
1024,20,2.833161213799748,17920
1024,15,3.1907543735711266,13440
1024,10,8.9209021990409,8960
1024,5,15.131418486500065,4480
1025,80,99.45664287343119,71680
1025,75,99.5350809557143,67200
1025,70,102.60073789698762,62720
1025,65,110.49767398555764,58240
1025,60,121.4306834462503,53760
1025,55,127.72644253090796,49280
1025,50,129.89005243146937,44800
1025,45,130.71259788407517,40320
1025,40,136.6058889669005,35840
1025,35,149.82612381287808,31360
1025,30,154.64597079133105,26880
1025,25,172.1459432155461,22400
1025,20,199.5844278867364,17920
1025,15,219.9982683884635,13440
1025,10,264.6904091957643,8960
1025,5,367.6375035314733,4480
1026,80,389.0539434267846,71680
1026,75,395.6510494302029,67200
1026,70,395.99913032547926,62720
1026,65,403.48920513943153,58240
1026,60,414.8817824000001,53760
1026,55,420.1259734824555,49280
1026,50,440.2844052914667,44800
1026,45,446.90979480895993,40320
1026,40,449.45741828029867,35840
1026,35,458.4971587650975,31360
1026,30,475.7186263521547,26880
1026,25,487.54276616863973,22400
1026,20,505.2992290226976,17920
1026,15,521.8599213585993,13440
1026,10,565.7825840806693,8960
1026,5,693.9252242683393,4480
1027,80,1.365234622337138,71680
1027,75,1.6292867892681153,67200
1027,70,1.7603016016564876,62720
1027,65,2.019431635017452,58240
1027,60,2.1698941167930585,53760
1027,55,2.5788262967222355,49280
1027,50,3.1062480104734567,44800
1027,45,3.201173140628176,40320
1027,40,4.007921131968592,35840
1027,35,4.1144127296024555,31360
1027,30,4.655327599593962,26880
1027,25,4.933336913553584,22400
1027,20,5.059062952124099,17920
1027,15,5.588793397867879,13440
1027,10,13.79689154082157,8960
1027,5,20.62638204423287,4480
1028,80,565.2599500779212,71680
1028,75,573.650535975033,67200
1028,70,575.7739214010887,62720
1028,65,578.0887898888926,58240
1028,60,578.8233047007058,53760
1028,55,589.5344057705888,49280
1028,50,612.9299474899442,44800
1028,45,616.8305804226497,40320
1028,40,621.1503727649875,35840
1028,35,632.2858915915266,31360
1028,30,652.8834619635485,26880
1028,25,676.8524369613358,22400
1028,20,717.5722381173524,17920
1028,15,742.037961690501,13440
1028,10,910.8332736672919,8960
1028,5,1288.9255497260203,4480
1029,80,1.5356599558063893,71680
1029,75,1.5369814964002901,67200
1029,70,1.5635058707703442,62720
1029,65,1.6196530170740397,58240
1029,60,1.6879953336178106,53760
1029,55,1.8046264938218322,49280
1029,50,2.497974522994356,44800
1029,45,7.453413911876782,40320
1029,40,58.68378929762378,35840
1029,35,62.866888576545925,31360
1029,30,65.68139782382147,26880
1029,25,67.37226103438417,22400
1029,20,71.79112543746247,17920
1029,15,72.66483029743354,13440
1029,10,89.35954379065451,8960
1029,5,95.05258203841805,4480
1030,80,588.6843666479192,71680
1030,75,593.9945243132764,67200
1030,70,594.753059202748,62720
1030,65,601.8061704977771,58240
1030,60,608.2627742293631,53760
1030,55,617.5356245512879,49280
1030,50,647.9439783483691,44800
1030,45,658.5886402457458,40320
1030,40,659.3745139222752,35840
1030,35,686.1280556174389,31360
1030,30,711.9935621791357,26880
1030,25,726.9925149986212,22400
1030,20,741.3165531212826,17920
1030,15,768.7632256643628,13440
1030,10,895.6444254656773,8960
1030,5,1026.5641225293393,4480
1031,80,519.2969020231061,71680
1031,75,519.556313180147,67200
1031,70,520.1116491666833,62720
1031,65,520.8158869885472,58240
1031,60,534.1101044844265,53760
1031,55,541.4664488648234,49280
1031,50,542.4448462462066,44800
1031,45,543.9044858207192,40320
1031,40,545.6304710247133,35840
1031,35,571.9602589742785,31360
1031,30,586.0580723677474,26880
1031,25,589.4053212410748,22400
1031,20,644.8353531090992,17920
1031,15,728.9784044452742,13440
1031,10,802.0628493299688,8960
1031,5,913.176685993682,4480
1032,80,0.22220523096916944,71680
1032,75,0.4426714225853266,67200
1032,70,0.4581226988024194,62720
1032,65,0.6027546316429946,58240
1032,60,0.6768690200524237,53760
1032,55,0.8823473626910568,49280
1032,50,1.248593914014874,44800
1032,45,1.3506318513597306,40320
1032,40,2.165551386491393,35840
1032,35,2.1994087952796106,31360
1032,30,2.485009269193248,26880
1032,25,2.659053064782375,22400
1032,20,2.8141516934009303,17920
1032,15,3.208716259081267,13440
1032,10,8.955016035780192,8960
1032,5,15.297248850423653,4480
1033,80,131.92259083973758,71680
1033,75,134.0223608426588,67200
1033,70,134.87601766944542,62720
1033,65,139.37220562493022,58240
1033,60,141.14163374031895,53760
1033,55,143.50810575879427,49280
1033,50,147.3335503650431,44800
1033,45,149.1162021500156,40320
1033,40,150.0829967522265,35840
1033,35,151.55394422903504,31360
1033,30,154.00866486078138,26880
1033,25,157.379631729736,22400
1033,20,162.03916046825282,17920
1033,15,165.2013848850505,13440
1033,10,186.19043426467252,8960
1033,5,206.98097223566958,4480
1034,80,18.737209517938084,71680
1034,75,23.78913437837517,67200
1034,70,28.316552243509808,62720
1034,65,34.22467539353973,58240
1034,60,35.055385168002886,53760
1034,55,36.47389407089494,49280
1034,50,39.76076658172381,44800
1034,45,41.067570950158945,40320
1034,40,41.76720793318889,35840
1034,35,42.8118156038906,31360
1034,30,47.23924377125981,26880
1034,25,49.47085285720703,22400
1034,20,51.8505234495383,17920
1034,15,55.34177458266996,13440
1034,10,115.62160296273431,8960
1034,5,194.52624732149232,4480
1035,80,120.49050335400247,71680
1035,75,127.03449622908967,67200
1035,70,139.85274118637696,62720
1035,65,143.511004772789,58240
1035,60,144.16491177928742,53760
1035,55,147.24620892034875,49280
1035,50,152.18098966692068,44800
1035,45,155.9457453389438,40320
1035,40,166.52403322849648,35840
1035,35,204.21933045160975,31360
1035,30,230.16177288553598,26880
1035,25,241.1848025485068,22400
1035,20,274.8255646199152,17920
1035,15,314.79442807685854,13440
1035,10,341.0745662511924,8960
1035,5,458.8691782853453,4480
1036,80,9.89455905774405,71680
1036,75,12.437521843247788,67200
1036,70,13.118696786634642,62720
1036,65,14.554890606953023,58240
1036,60,14.667328421573751,53760
1036,55,15.434587833822752,49280
1036,50,30.860008503878635,44800
1036,45,37.77420620221066,40320
1036,40,38.067321614550565,35840
1036,35,39.095024466080766,31360
1036,30,41.53105350637953,26880
1036,25,43.88000006025312,22400
1036,20,44.67306330700572,17920
1036,15,49.53142663282176,13440
1036,10,70.71955269200791,8960
1036,5,113.62228666639479,4480
1037,80,648.9580446140385,71680
1037,75,650.3244304927586,67200
1037,70,651.5768442375439,62720
1037,65,657.9119093378133,58240
1037,60,658.8284231261595,53760
1037,55,661.5350384893088,49280
1037,50,677.4425098952981,44800
1037,45,683.2161326771022,40320
1037,40,700.908906614199,35840
1037,35,717.8929087857116,31360
1037,30,728.5884926939101,26880
1037,25,757.2612442794621,22400
1037,20,785.4941727515824,17920
1037,15,815.6592292764351,13440
1037,10,1021.2399249293022,8960
1037,5,1245.9489770984887,4480
1038,80,26.358272761623542,71680
1038,75,26.54376656371501,67200
1038,70,26.62129437694592,62720
1038,65,26.79517030604966,58240
1038,60,26.852023953597392,53760
1038,55,28.8405470012149,49280
1038,50,29.69450773764039,44800
1038,45,31.717943754440093,40320
1038,40,33.62863777059462,35840
1038,35,33.76839313180638,31360
1038,30,34.22027984858662,26880
1038,25,34.565869659926136,22400
1038,20,34.849368367803784,17920
1038,15,36.5873711482408,13440
1038,10,43.49667967702855,8960
1038,5,96.14527116868396,4480
1039,80,3.7780894045996343,71680
1039,75,4.437549206179995,67200
1039,70,4.662065735239127,62720
1039,65,17.43178655694394,58240
1039,60,18.43578807157633,53760
1039,55,19.806410580120705,49280
1039,50,20.484145884262965,44800
1039,45,22.60211938634938,40320
1039,40,22.73816570045437,35840
1039,35,22.929382917866228,31360
1039,30,27.634128296807784,26880
1039,25,107.55098728326688,22400
1039,20,109.64668667771082,17920
1039,15,213.2997232632926,13440
1039,10,269.90397108291114,8960
1039,5,459.01536600128156,4480
1040,80,176.1371051337944,71680
1040,75,176.21627452821795,67200
1040,70,180.83138183438822,62720
1040,65,180.86887267410995,58240
1040,60,180.98318377288166,53760
1040,55,185.31503389115315,49280
1040,50,186.24389902491706,44800
1040,45,192.65778084163628,40320
1040,40,196.94403322523772,35840
1040,35,197.37761985191005,31360
1040,30,197.99547753238218,26880
1040,25,199.8418206768381,22400
1040,20,201.4201701587704,17920
1040,15,229.22981511247553,13440
1040,10,403.936506333759,8960
1040,5,1087.7292324432726,4480
1041,80,238.40599273924968,71680
1041,75,239.163820071321,67200
1041,70,242.608631315267,62720
1041,65,248.7707214815351,58240
1041,60,259.6117447479771,53760
1041,55,269.2494637708023,49280
1041,50,292.84549665537907,44800
1041,45,328.7277276223306,40320
1041,40,338.43763781915993,35840
1041,35,340.4222603993851,31360
1041,30,372.58272048685524,26880
1041,25,376.44702722445646,22400
1041,20,407.84286958854995,17920
1041,15,441.03034649560396,13440
1041,10,495.8755587310661,8960
1041,5,743.8954309468442,4480
1042,80,718.8580584100256,71680
1042,75,724.4748587894724,67200
1042,70,727.9687131539331,62720
1042,65,728.1151622639292,58240
1042,60,730.4832073962825,53760
1042,55,735.7493996126328,49280
1042,50,738.2298236499904,44800
1042,45,748.7601371091596,40320
1042,40,756.2248810125732,35840
1042,35,766.4851100539364,31360
1042,30,774.7876369306582,26880
1042,25,806.3191623676981,22400
1042,20,852.9150058482493,17920
1042,15,1081.9003964699866,13440
1042,10,1327.8439018552958,8960
1042,5,3141.3456504256837,4480
1043,80,36.13211537373521,71680
1043,75,47.56301774341223,67200
1043,70,51.775524709824666,62720
1043,65,56.202732445430975,58240
1043,60,57.00996678731248,53760
1043,55,57.71127477546387,49280
1043,50,58.229397009642575,44800
1043,45,58.92905807413793,40320
1043,40,60.07799417858551,35840
1043,35,60.33462199337762,31360
1043,30,60.86257263533661,26880
1043,25,61.44197565919938,22400
1043,20,61.77095082171933,17920
1043,15,62.13577432233658,13440
1043,10,69.21237244923526,8960
1043,5,73.99786891248442,4480
1044,80,1.5925318090726233,71680
1044,75,1.839168759212702,67200
1044,70,1.9551617662498386,62720
1044,65,2.2182874116713465,58240
1044,60,2.3665605720181837,53760
1044,55,2.7808960634063054,49280
1044,50,3.34758325475432,44800
1044,45,3.430019099681979,40320
1044,40,4.22480403580355,35840
1044,35,4.322440555434207,31360
1044,30,4.877163240030324,26880
1044,25,5.172087890763726,22400
1044,20,5.3074167197246105,17920
1044,15,5.801669335720282,13440
1044,10,13.972091585795203,8960
1044,5,20.91120018483896,4480
1045,80,63.49504982068228,71680
1045,75,63.60035448577797,67200
1045,70,63.84184930360543,62720
1045,65,63.86168677951382,58240
1045,60,63.892300329659165,53760
1045,55,65.21559504518913,49280
1045,50,65.52631928412887,44800
1045,45,89.6530966829546,40320
1045,40,109.12516336985588,35840
1045,35,109.85270030132718,31360
1045,30,110.18665850659357,26880
1045,25,110.83225024473339,22400
1045,20,112.02017365505702,17920
1045,15,121.07088987675036,13440
1045,10,167.12751818252673,8960
1045,5,422.75823634122827,4480
1046,80,0.0007135071575345623,71680
1046,75,0.0007799764149629741,67200
1046,70,0.0007975408684853853,62720
1046,65,0.0008780771209513007,58240
1046,60,0.0011067914509108562,53760
1046,55,0.0013376369203356789,49280
1046,50,0.0022181499619850845,44800
1046,45,0.003314805966909454,40320
1046,40,0.005306321967215384,35840
1046,35,0.008319340799992251,31360
1046,30,0.01834486398353316,26880
1046,25,0.034144918546184296,22400
1046,20,0.08010879334956103,17920
1046,15,0.10382081938004044,13440
1046,10,0.32935151513804667,8960
1046,5,3.4484096208185844,4480
1047,80,0.22220523096916944,71680
1047,75,0.4426714225853266,67200
1047,70,0.4581226988024194,62720
1047,65,0.6027546316429946,58240
1047,60,0.6768690200524237,53760
1047,55,0.8823473626910568,49280
1047,50,1.248593914014874,44800
1047,45,1.3506318513597306,40320
1047,40,2.165551386491393,35840
1047,35,2.1994087952796106,31360
1047,30,2.485009269193248,26880
1047,25,2.659053064782375,22400
1047,20,2.8141516934009303,17920
1047,15,3.208716259081267,13440
1047,10,8.955016035780192,8960
1047,5,15.297248850423653,4480
1048,80,19.66607678272718,71680
1048,75,24.144151594678718,67200
1048,70,28.621219499362084,62720
1048,65,34.17717544751173,58240
1048,60,35.05969865269582,53760
1048,55,36.64717386827697,49280
1048,50,39.33754725926375,44800
1048,45,40.59430793253906,40320
1048,40,41.372538473701006,35840
1048,35,42.51911429878263,31360
1048,30,47.31606048290893,26880
1048,25,49.5965478459651,22400
1048,20,52.22169062722221,17920
1048,15,56.506288684103396,13440
1048,10,122.34665595266729,8960
1048,5,208.29304626050313,4480
1049,80,0.00040928726816092515,71680
1049,75,0.0004578872084443504,67200
1049,70,0.00047133980599351806,62720
1049,65,0.0005372845216511902,58240
1049,60,0.0007898366901020103,53760
1049,55,0.001017997696500053,49280
1049,50,0.00193401944835156,44800
1049,45,0.003051155006227154,40320
1049,40,0.005058206140567403,35840
1049,35,0.00807175663828213,31360
1049,30,0.01803147403277549,26880
1049,25,0.033943062110879815,22400
1049,20,0.07999479910089942,17920
1049,15,0.10363376474344949,13440
1049,10,0.32791171802157004,8960
1049,5,3.450568008256963,4480
1050,80,0.8281719565726585,71680
1050,75,1.1292474272684432,67200
1050,70,1.1850996826014892,62720
1050,65,1.362882589779284,58240
1050,60,1.4588252988125452,53760
1050,55,1.744358782924211,49280
1050,50,2.099809926290393,44800
1050,45,2.174901004166657,40320
1050,40,2.954745950337173,35840
1050,35,3.0052589148647377,31360
1050,30,3.157854619986141,26880
1050,25,3.291987903522971,22400
1050,20,3.5008493425911036,17920
1050,15,3.84192031337328,13440
1050,10,9.941525778815333,8960
1050,5,15.723119122523798,4480
1051,80,315.8230276067868,71680
1051,75,315.9472672488002,67200
1051,70,316.15740288999103,62720
1051,65,316.48471657920595,58240
1051,60,316.5397819118487,53760
1051,55,316.711671512389,49280
1051,50,318.2596237705468,44800
1051,45,321.7263831367349,40320
1051,40,339.7723290059869,35840
1051,35,355.1515076745989,31360
1051,30,433.2950368299772,26880
1051,25,596.5050275965806,22400
1051,20,654.1591356089949,17920
1051,15,672.0714443078148,13440
1051,10,782.3016498084407,8960
1051,5,1047.5909257747987,4480
1052,80,9.404703522854863,71680
1052,75,14.778622657175971,67200
1052,70,15.417769310469007,62720
1052,65,15.720827404762654,58240
1052,60,16.112700087666767,53760
1052,55,17.29738922041853,49280
1052,50,22.416282456156864,44800
1052,45,25.25392657771695,40320
1052,40,33.70948545311376,35840
1052,35,50.76001254259855,31360
1052,30,75.56038684276866,26880
1052,25,98.66530424055806,22400
1052,20,104.564160899034,17920
1052,15,160.6720307472247,13440
1052,10,187.56897963365944,8960
1052,5,254.98317893418286,4480
1053,80,13.388288701756538,71680
1053,75,14.392016040627018,67200
1053,70,14.530361233696315,62720
1053,65,14.806444146086262,58240
1053,60,15.025264619771974,53760
1053,55,15.27599669004588,49280
1053,50,16.19563485444326,44800
1053,45,16.553146270784573,40320
1053,40,17.312748480753026,35840
1053,35,18.13235253797482,31360
1053,30,18.508836508125217,26880
1053,25,19.215959198900567,22400
1053,20,20.67633205512804,17920
1053,15,22.304903205090316,13440
1053,10,46.10132245456477,8960
1053,5,54.38745204264305,4480
1054,80,6.787404017836204,71680
1054,75,7.37215560986993,67200
1054,70,7.721159205538305,62720
1054,65,22.032879136499144,58240
1054,60,32.73073984088968,53760
1054,55,42.53977405047525,49280
1054,50,52.05433481188901,44800
1054,45,59.95044258212132,40320
1054,40,60.97272028254159,35840
1054,35,64.50495832610825,31360
1054,30,72.7480328219448,26880
1054,25,77.98873210843692,22400
1054,20,84.01621073217373,17920
1054,15,94.7355647809159,13440
1054,10,179.61174525509747,8960
1054,5,409.3893622638963,4480
1055,80,164.72376514787717,71680
1055,75,165.75791211117505,67200
1055,70,167.32810109467997,62720
1055,65,168.57447752770054,58240
1055,60,178.37100970594037,53760
1055,55,195.1425389812722,49280
1055,50,197.47497558122691,44800
1055,45,203.77294407829086,40320
1055,40,214.75545271788312,35840
1055,35,228.3863035401593,31360
1055,30,291.0847418359923,26880
1055,25,325.65824975461237,22400
1055,20,422.58904916306824,17920
1055,15,471.9052180533315,13440
1055,10,586.160695230141,8960
1055,5,742.1967069169256,4480
1056,80,3.6260054721753687,71680
1056,75,4.140140333380306,67200
1056,70,4.231103903908437,62720
1056,65,10.043635736030978,58240
1056,60,10.633610283655607,53760
1056,55,11.300131732853389,49280
1056,50,12.497989088547413,44800
1056,45,15.79171442120864,40320
1056,40,18.035479230525148,35840
1056,35,18.134719492429728,31360
1056,30,18.351083565253294,26880
1056,25,19.86165517728407,22400
1056,20,20.02541776157625,17920
1056,15,21.15899978507633,13440
1056,10,24.042188908810065,8960
1056,5,24.182319550837615,4480
1057,80,36.48370285652603,71680
1057,75,44.21295462488178,67200
1057,70,49.097896728958546,62720
1057,65,51.48955111471745,58240
1057,60,53.419582898628654,53760
1057,55,61.084364978381,49280
1057,50,63.901074099037544,44800
1057,45,66.75261432845771,40320
1057,40,69.64969467976222,35840
1057,35,71.71352021926077,31360
1057,30,74.77579043290682,26880
1057,25,80.62729319290358,22400
1057,20,84.67927182668889,17920
1057,15,92.51451299866932,13440
1057,10,114.18764794523051,8960
1057,5,143.16473813206403,4480
1058,80,37.669349556963354,71680
1058,75,37.690569887061386,67200
1058,70,37.71788415027316,62720
1058,65,37.94727683803239,58240
1058,60,38.12941071316026,53760
1058,55,38.46602462782722,49280
1058,50,45.40930534714747,44800
1058,45,63.38071817328062,40320
1058,40,74.46550352357211,35840
1058,35,100.08283031738883,31360
1058,30,156.5635541667185,26880
1058,25,178.90732162259465,22400
1058,20,202.3040663113463,17920
1058,15,210.81958691614136,13440
1058,10,233.6622058059702,8960
1058,5,262.8231578487613,4480
1059,80,0.22220523096916944,71680
1059,75,0.4426714225853266,67200
1059,70,0.4581226988024194,62720
1059,65,0.6027546316429946,58240
1059,60,0.6768690200524237,53760
1059,55,0.8823473626910568,49280
1059,50,1.248593914014874,44800
1059,45,1.3506318513597306,40320
1059,40,2.165551386491393,35840
1059,35,2.1994087952796106,31360
1059,30,2.485009269193248,26880
1059,25,2.659053064782375,22400
1059,20,2.8141516934009303,17920
1059,15,3.208716259081267,13440
1059,10,8.955016035780192,8960
1059,5,15.297248850423653,4480
1060,80,31.39806861884348,71680
1060,75,31.500981993090306,67200
1060,70,31.559629554840456,62720
1060,65,31.61601193458702,58240
1060,60,31.637588827391866,53760
1060,55,35.67808920403089,49280
1060,50,36.43375188592118,44800
1060,45,85.99422726705818,40320
1060,40,121.95626194052934,35840
1060,35,123.26109011268329,31360
1060,30,123.75500343621687,26880
1060,25,125.16153231769788,22400
1060,20,126.95895922287977,17920
1060,15,144.6780120123737,13440
1060,10,244.32696205758228,8960
1060,5,682.9247460816316,4480
1061,80,12.80778107059526,71680
1061,75,13.312994808070286,67200
1061,70,13.577234512240171,62720
1061,65,22.944057808687432,58240
1061,60,28.384400364351514,53760
1061,55,33.07382837878919,49280
1061,50,41.96368278897517,44800
1061,45,47.972823602330706,40320
1061,40,49.154509690328716,35840
1061,35,50.01710412996902,31360
1061,30,53.19825883927498,26880
1061,25,56.22107610542283,22400
1061,20,59.82059964200282,17920
1061,15,67.00249579311465,13440
1061,10,128.82525377419623,8960
1061,5,292.4372122233785,4480
1062,80,3.2156397850830167,71680
1062,75,5.4287310548231975,67200
1062,70,5.7974548647048145,62720
1062,65,6.3961045478641685,58240
1062,60,6.500720447948688,53760
1062,55,6.6356740485942725,49280
1062,50,10.897370228974998,44800
1062,45,13.709430039779654,40320
1062,40,14.154499487961816,35840
1062,35,14.454281675646714,31360
1062,30,19.255434452576292,26880
1062,25,135.41911279684794,22400
1062,20,136.23252084418,17920
1062,15,144.1690433804287,13440
1062,10,209.43528951050172,8960
1062,5,426.27851560244005,4480
1063,80,19.506508710948285,71680
1063,75,22.603207829309216,67200
1063,70,22.887951569476385,62720
1063,65,23.622610456384287,58240
1063,60,23.900296999718698,53760
1063,55,24.522202993606662,49280
1063,50,32.06707519227654,44800
1063,45,59.04904496359827,40320
1063,40,61.60861302173956,35840
1063,35,61.76038010332968,31360
1063,30,64.68051231775108,26880
1063,25,134.07519857812414,22400
1063,20,135.08901976981366,17920
1063,15,183.42684915618236,13440
1063,10,199.94100705819613,8960
1063,5,278.3887923171044,4480
1064,80,0.6174441195236663,71680
1064,75,0.7699061497660695,67200
1064,70,0.7804206951929112,62720
1064,65,1.1690107545865251,58240
1064,60,1.3391802981233027,53760
1064,55,1.6607710948397223,49280
1064,50,1.7860453546707857,44800
1064,45,2.188302199766636,40320
1064,40,3.394984755135115,35840
1064,35,3.446530831780706,31360
1064,30,3.6966453883792076,26880
1064,25,3.914137430056808,22400
1064,20,4.053641800492165,17920
1064,15,4.570766077304427,13440
1064,10,9.031538358409383,8960
1064,5,11.775734087525567,4480
1065,80,136.1127398718766,71680
1065,75,136.19234856090705,67200
1065,70,136.50467746543333,62720
1065,65,139.09266486679132,58240
1065,60,141.9377415453216,53760
1065,55,166.00598077761484,49280
1065,50,193.40766927060827,44800
1065,45,243.28563947757112,40320
1065,40,264.86790926699547,35840
1065,35,267.6102946038368,31360
1065,30,319.02287445446797,26880
1065,25,334.71964176563114,22400
1065,20,377.04686179437385,17920
1065,15,440.7149165368584,13440
1065,10,483.6168146197314,8960
1065,5,692.9597028504031,4480
1066,80,2.3135649892630825,71680
1066,75,2.6017555716099587,67200
1066,70,2.64435072753242,62720
1066,65,5.303871515306373,58240
1066,60,5.6796307570607105,53760
1066,55,6.191677877060206,49280
1066,50,6.667405339563285,44800
1066,45,8.266372674486055,40320
1066,40,10.02704159650346,35840
1066,35,10.10599667064417,31360
1066,30,10.342045583436104,26880
1066,25,11.052087977360946,22400
1066,20,11.193605386099112,17920
1066,15,11.968714874081291,13440
1066,10,15.50029451802219,8960
1066,5,16.138749453624555,4480
