frameNumber,components,mse,sizeBytes,genTime,recvTime,delay_ms,receivedOnTime,effectiveError,deadline_ms,cqi
0,400,0.0134203,31375,0.020906552,0.023000000,2.093448,1,0.013420,5.000000,14
1,400,0.013420,31375,0.038036008,0.040500000,2.463992,1,0.013420,5.000000,14
2,400,0.013420,31375,0.053242218,0.058500000,5.257782,0,233.102447,5.000000,14
3,400,0.013420,31375,0.067915966,0.071000000,3.084034,1,0.013420,5.000000,14
4,400,0.013420,31375,0.082008144,0.084500000,2.491856,1,0.013420,5.000000,14
5,400,0.013420,31375,0.095842922,0.099000000,3.157078,1,0.013420,5.000000,14
6,400,0.013420,31375,0.108606246,0.118000000,9.393754,0,233.102447,5.000000,14
7,400,0.013420,31375,0.125107956,0.127500000,2.392044,1,0.013420,5.000000,14
8,400,0.013420,31375,0.138287497,0.141500000,3.212503,1,0.013420,5.000000,14
9,400,0.013420,31375,0.154636848,0.160000000,5.363152,0,233.102447,5.000000,14
10,400,0.013420,31375,0.169617064,0.175000000,5.382936,0,233.102447,5.000000,14
11,400,0.013420,31375,0.184147744,0.186500000,2.352256,1,0.013420,5.000000,14
12,400,0.013420,31375,0.197827641,0.203500000,5.672359,0,233.102447,5.000000,14
13,400,0.013420,31375,0.210903019,0.217000000,6.096981,0,233.102447,5.000000,12
14,400,0.013420,31375,0.224974737,0.227500000,2.525263,1,0.013420,5.000000,12
15,400,0.013420,31375,0.238995947,0.242000000,3.004053,1,0.013420,5.000000,12
16,400,0.013420,31375,0.251680753,0.254500000,2.819247,1,0.013420,5.000000,12
18,400,0.013420,31375,0.266988569,0.270000000,3.011431,1,0.013420,5.000000,12
20,400,0.013420,31375,0.282455451,0.285000000,2.544549,1,0.013420,5.000000,12
21,400,0.013420,31375,0.295187993,0.299000000,3.812007,1,0.013420,5.000000,12
22,400,0.013420,31375,0.310957704,0.316500000,5.542296,0,233.102447,5.000000,12
24,400,0.013420,31375,0.324906444,0.327500000,2.593556,1,0.013420,5.000000,12
25,400,0.013420,31375,0.338763668,0.341500000,2.736332,1,0.013420,5.000000,12
27,400,0.013420,31375,0.353052028,0.356000000,2.947972,1,0.013420,5.000000,12
28,400,0.013420,31375,0.366262663,0.369500000,3.237337,1,0.013420,5.000000,12
29,400,0.013420,31375,0.380833679,0.383500000,2.666321,1,0.013420,5.000000,12
30,400,0.013420,31375,0.398052861,0.403500000,5.447139,0,233.102447,5.000000,12
32,400,2.849589,31375,0.414680553,0.420000000,5.319447,0,233.102447,5.000000,14
34,400,4.007606,31375,0.428566466,0.431000000,2.433534,1,4.007606,5.000000,14
35,400,4.325726,31375,0.441983680,0.444500000,2.516320,1,4.325726,5.000000,14
36,400,4.481266,31375,0.456773673,0.459000000,2.226327,1,4.481266,5.000000,14
38,400,4.385948,31375,0.469748455,0.472000000,2.251545,1,4.385948,5.000000,14
39,400,4.314429,31375,0.484355710,0.486500000,2.144290,1,4.314429,5.000000,14
40,400,3.917151,31375,0.498022955,0.500500000,2.477045,1,3.917151,5.000000,14
42,400,3.193340,31375,0.513166788,0.518500000,5.333212,0,233.102447,5.000000,14
43,400,2.866393,31375,0.528250753,0.530500000,2.249247,1,2.866393,5.000000,14
44,400,2.116732,31375,0.541618417,0.544000000,2.381583,1,2.116732,5.000000,14
45,400,2.206534,31375,0.554583087,0.557000000,2.416913,1,2.206534,5.000000,14
46,400,2.196117,31375,0.568016812,0.570500000,2.483188,1,2.196117,5.000000,14
47,400,1.822572,31375,0.582188211,0.584500000,2.311789,1,1.822572,5.000000,14
49,400,1.360904,31375,0.597422460,0.599500000,2.077540,1,1.360904,5.000000,14
51,400,1.978459,31375,0.611594758,0.617000000,5.405242,0,233.102447,5.000000,14
52,400,2.171710,31375,0.624538212,0.627500000,2.961788,1,2.171710,5.000000,14
53,400,2.339766,31375,0.637316767,0.640000000,2.683233,1,2.339766,5.000000,14
54,400,2.221963,31375,0.652281500,0.655500000,3.218500,1,2.221963,5.000000,14
55,400,2.159242,31375,0.666003617,0.669000000,2.996383,1,2.159242,5.000000,14
57,400,2.766598,31375,0.679427427,0.685000000,5.572573,0,233.102447,5.000000,14
58,400,2.936438,31375,0.692444008,0.695000000,2.555992,1,2.936438,5.000000,14
59,400,3.332114,31375,0.706090339,0.712000000,5.909661,0,233.102447,5.000000,14
60,400,3.416811,31375,0.720829097,0.723500000,2.670903,1,3.416811,5.000000,14
62,400,3.578705,31375,0.733707181,0.736500000,2.792819,1,3.578705,5.000000,14
63,400,3.473285,31375,0.746665870,0.749500000,2.834130,1,3.473285,5.000000,14
64,400,3.312399,31375,0.760603066,0.763500000,2.896934,1,3.312399,5.000000,14
66,400,3.163551,31375,0.773913023,0.779500000,5.586977,0,233.102447,5.000000,14
67,400,2.889907,31375,0.787557392,0.791500000,3.942608,1,2.889907,5.000000,14
70,400,2.082906,31375,0.815769872,0.906500000,90.730128,0,233.102447,5.000000,13
71,400,2.280547,31375,0.829662748,0.906500000,76.837252,0,233.102447,5.000000,13
72,400,2.024919,31375,0.844222470,0.906500000,62.277530,0,233.102447,5.000000,13
74,400,1.921811,31375,0.857623906,0.906500000,48.876094,0,233.102447,5.000000,13
75,400,1.627216,31375,0.873599247,0.906500000,32.900753,0,233.102447,5.000000,13
76,400,1.537235,31375,0.887833605,0.906500000,18.666395,0,233.102447,5.000000,13
77,400,0.950217,31375,0.900716464,0.910500000,9.783536,0,233.102447,5.000000,13
78,400,0.962208,31375,0.913689880,0.916500000,2.810120,1,0.962208,5.000000,13
81,400,0.969094,31375,0.926358836,0.929000000,2.641164,1,0.969094,5.000000,13
82,400,0.971267,31375,0.942116727,0.945000000,2.883273,1,0.971267,5.000000,13
83,400,0.967249,31375,0.956251980,0.959000000,2.748020,1,0.967249,5.000000,13
84,400,0.970893,31375,0.969069297,0.972000000,2.930703,1,0.970893,5.000000,13
85,400,0.925113,31375,0.982952342,0.988500000,5.547658,0,233.102447,5.000000,13
86,400,1.129137,31375,0.996130797,0.999000000,2.869203,1,1.129137,5.000000,13
88,400,2.810298,31375,1.010312875,1.016000000,5.687125,0,233.102447,5.000000,13
89,400,5.613032,31375,1.025574204,1.031000000,5.425796,0,233.102447,5.000000,13
90,400,2.320006,31375,1.038600933,1.042000000,3.399067,1,2.320006,5.000000,13
92,400,1.227065,31375,1.051981194,1.054500000,2.518806,1,1.227065,5.000000,13
94,400,6.817490,31375,1.066444297,1.069000000,2.555703,1,6.817490,5.000000,13
96,400,21.139531,31375,1.080242087,1.083000000,2.757913,1,21.139531,5.000000,13
97,400,52.775328,31375,1.094133330,1.102500000,8.366670,0,233.102447,5.000000,13
98,400,73.475349,31375,1.108208088,1.114000000,5.791912,0,233.102447,5.000000,13
99,400,75.776186,31375,1.125003635,1.128000000,2.996365,1,75.776186,5.000000,13
100,400,64.300397,31375,1.138236984,1.141000000,2.763016,1,64.300397,5.000000,13
102,400,100.721995,31375,1.150966701,1.162000000,11.033299,0,233.102447,5.000000,13
103,400,97.357930,31375,1.167788946,1.171500000,3.711054,1,97.357930,5.000000,13
104,400,102.593704,31375,1.184086510,1.187000000,2.913490,1,102.593704,5.000000,13
107,400,132.794450,31375,1.215480520,1.318000000,102.519480,0,233.102447,5.000000,13
108,400,161.057188,31375,1.232487675,1.318000000,85.512325,0,233.102447,5.000000,13
109,400,148.979087,31375,1.246373546,1.318000000,71.626454,0,233.102447,5.000000,13
110,400,138.676480,31375,1.259254656,1.318000000,58.745344,0,233.102447,5.000000,13
111,400,152.968883,31375,1.272844473,1.318000000,45.155527,0,233.102447,5.000000,13
112,400,139.195649,31375,1.285784144,1.318000000,32.215856,0,233.102447,5.000000,13
113,400,106.748175,31375,1.299866987,1.318000000,18.133013,0,233.102447,5.000000,13
114,400,48.742022,31375,1.315214684,1.320500000,5.285316,0,233.102447,5.000000,13
115,400,28.472673,31375,1.328693158,1.331500000,2.806842,1,28.472673,5.000000,13
116,400,13.050804,31375,1.341877933,1.344500000,2.622067,1,13.050804,5.000000,13
117,400,4.333036,31375,1.357163930,1.360000000,2.836070,1,4.333036,5.000000,13
119,400,2.367589,31375,1.370675973,1.379000000,8.324027,0,233.102447,5.000000,13
120,400,2.211736,31375,1.385373914,1.388000000,2.626086,1,2.211736,5.000000,13
121,400,1.838129,31375,1.398590706,1.407000000,8.409294,0,233.102447,5.000000,13
122,400,1.785958,31375,1.412194920,1.416000000,3.805080,1,1.785958,5.000000,13
123,400,1.591480,31375,1.427071992,1.432500000,5.428008,0,233.102447,5.000000,13
124,400,1.564928,31375,1.443158701,1.448500000,5.341299,0,233.102447,5.000000,13
125,400,1.570811,31375,1.458290955,1.461000000,2.709045,1,1.570811,5.000000,13
126,400,1.643381,31375,1.471352680,1.474000000,2.647320,1,1.643381,5.000000,13
127,400,1.715214,31375,1.484891890,1.490000000,5.108110,0,233.102447,5.000000,13
128,400,1.859190,31375,1.499250552,1.510500000,11.249448,0,233.102447,5.000000,13
129,400,1.857489,31375,1.512194438,1.515000000,2.805562,1,1.857489,5.000000,13
130,400,2.200419,31375,1.525445875,1.528000000,2.554125,1,2.200419,5.000000,13
133,400,2.976322,31375,1.539309605,1.542000000,2.690395,1,2.976322,5.000000,13
134,400,3.321380,31375,1.553115630,1.556000000,2.884370,1,3.321380,5.000000,13
135,400,3.456648,31375,1.569259819,1.572000000,2.740181,1,3.456648,5.000000,13
136,400,3.349479,31375,1.582412423,1.585000000,2.587577,1,3.349479,5.000000,13
137,400,3.084807,31375,1.595857994,1.598500000,2.642006,1,3.084807,5.000000,13
138,400,2.740047,31375,1.609722559,1.615500000,5.777441,0,233.102447,5.000000,12
139,400,2.481526,31375,1.623265507,1.628500000,5.234493,0,233.102447,5.000000,12
140,400,2.414227,31375,1.636061002,1.639500000,3.438998,1,2.414227,5.000000,12
141,400,2.351281,31375,1.649279995,1.654500000,5.220005,0,233.102447,5.000000,12
142,400,2.306878,31375,1.663196836,1.666000000,2.803164,1,2.306878,5.000000,12
143,400,2.336931,31375,1.677672798,1.680500000,2.827202,1,2.336931,5.000000,12
144,400,2.273055,31375,1.690565606,1.696000000,5.434394,0,233.102447,5.000000,12
145,400,2.178206,31375,1.704060269,1.714500000,10.439731,0,233.102447,5.000000,12
146,400,2.039498,31375,1.718141821,1.724500000,6.358179,0,233.102447,5.000000,12
147,400,1.961670,31375,1.732007828,1.738000000,5.992172,0,233.102447,5.000000,12
148,400,1.909553,31375,1.747242746,1.750000000,2.757254,1,1.909553,5.000000,12
150,400,1.817457,31375,1.762316738,1.765000000,2.683262,1,1.817457,5.000000,12
151,400,1.980785,31375,1.777550062,1.787000000,9.449938,0,233.102447,5.000000,12
152,400,2.141436,31375,1.794906554,1.800000000,5.093446,0,233.102447,5.000000,12
153,400,2.356847,31375,1.807989608,1.810500000,2.510392,1,2.356847,5.000000,14
154,400,2.382720,31375,1.822545876,1.826000000,3.454124,1,2.382720,5.000000,14
155,400,2.555416,31375,1.837242053,1.839500000,2.257947,1,2.555416,5.000000,14
156,400,2.669410,31375,1.851350255,1.853500000,2.149745,1,2.669410,5.000000,14
158,400,3.116702,31375,1.866920098,1.869000000,2.079902,1,3.116702,5.000000,14
159,400,3.063918,31375,1.880602948,1.883000000,2.397052,1,3.063918,5.000000,14
160,400,3.220061,31375,1.894724589,1.897000000,2.275411,1,3.220061,5.000000,14
161,400,3.391488,31375,1.908604427,1.914000000,5.395573,0,233.102447,5.000000,14
162,400,3.500931,31375,1.926479600,1.929000000,2.520400,1,3.500931,5.000000,14
163,400,3.519730,31375,1.941419378,1.943500000,2.080622,1,3.519730,5.000000,14
164,400,3.270526,31375,1.954759730,1.957000000,2.240270,1,3.270526,5.000000,14
165,400,3.251434,31375,1.970736558,1.973000000,2.263442,1,3.251434,5.000000,14
166,400,3.099863,31375,1.985589170,1.988000000,2.410830,1,3.099863,5.000000,14
170,400,3.539790,31375,1.998786652,2.001000000,2.213348,1,3.539790,5.000000,14
171,400,3.971171,31375,2.011554666,2.017000000,5.445334,0,233.102447,5.000000,14
172,400,4.152891,31375,2.026789292,2.029000000,2.210708,1,4.152891,5.000000,14
173,400,3.941274,31375,2.042404480,2.044500000,2.095520,1,3.941274,5.000000,14
174,400,3.796794,31375,2.058370043,2.061000000,2.629957,1,3.796794,5.000000,14
175,400,2.915519,31375,2.072407175,2.075500000,3.092825,1,2.915519,5.000000,14
178,400,2.090501,31375,2.087517793,2.090000000,2.482207,1,2.090501,5.000000,14
180,400,2.682471,31375,2.102671416,2.108000000,5.328584,0,233.102447,5.000000,14
182,400,4.067889,31375,2.116159168,2.118500000,2.340832,1,4.067889,5.000000,14
183,400,4.516715,31375,2.132648248,2.135000000,2.351752,1,4.516715,5.000000,14
184,400,5.129573,31375,2.146003221,2.148500000,2.496779,1,5.129573,5.000000,14
186,400,6.822102,31375,2.160884681,2.163000000,2.115319,1,6.822102,5.000000,14
187,400,7.553219,31375,2.173991935,2.177000000,3.008065,1,7.553219,5.000000,14
188,400,8.775751,31375,2.187331158,2.189500000,2.168842,1,8.775751,5.000000,14
190,400,9.777576,31375,2.215129832,2.305500000,90.370168,0,233.102447,5.000000,13
191,400,9.869275,31375,2.231788293,2.305500000,73.711707,0,233.102447,5.000000,13
192,400,9.979273,31375,2.244638526,2.305500000,60.861474,0,233.102447,5.000000,13
193,400,10.276606,31375,2.259527239,2.305500000,45.972761,0,233.102447,5.000000,13
194,400,9.749049,31375,2.272779591,2.305500000,32.720409,0,233.102447,5.000000,13
195,400,8.830893,31375,2.287560672,2.305500000,17.939328,0,233.102447,5.000000,13
196,400,5.928790,31375,2.301577946,2.308000000,6.422054,0,233.102447,5.000000,13
197,400,3.785980,31375,2.314457891,2.317000000,2.542109,1,3.785980,5.000000,13
198,400,2.015727,31375,2.330930183,2.335500000,4.569817,1,2.015727,5.000000,13
200,400,6.642718,31375,2.345649858,2.359000000,13.350142,0,233.102447,5.000000,13
201,400,8.611747,31375,2.359413724,2.363500000,4.086276,1,8.611747,5.000000,13
202,400,17.066687,31375,2.373034988,2.376000000,2.965012,1,17.066687,5.000000,13
203,400,30.192257,31375,2.387177905,2.392000000,4.822095,1,30.192257,5.000000,13
204,400,34.699947,31375,2.400702036,2.406500000,5.797964,0,233.102447,5.000000,14
205,400,40.524283,31375,2.414438967,2.417000000,2.561033,1,40.524283,5.000000,14
206,400,34.565146,31375,2.427735285,2.430500000,2.764715,1,34.565146,5.000000,14
207,400,29.486109,31375,2.441367330,2.444000000,2.632670,1,29.486109,5.000000,14
208,400,26.661379,31375,2.458022412,2.461000000,2.977588,1,26.661379,5.000000,14
209,400,25.243883,31375,2.472052528,2.475000000,2.947472,1,25.243883,5.000000,14
210,400,22.313405,31375,2.485429848,2.488000000,2.570152,1,22.313405,5.000000,14
211,400,20.307996,31375,2.499049787,2.505000000,5.950213,0,233.102447,5.000000,14
212,400,18.733807,31375,2.513127622,2.518500000,5.372378,0,233.102447,5.000000,14
213,400,17.792446,31375,2.526157049,2.529000000,2.842951,1,17.792446,5.000000,14
214,400,14.890610,31375,2.541329283,2.544000000,2.670717,1,14.890610,5.000000,14
215,400,11.566803,31375,2.554449850,2.557000000,2.550150,1,11.566803,5.000000,14
216,400,7.768585,31375,2.567635031,2.570500000,2.864969,1,7.768585,5.000000,14
218,400,7.183188,31375,2.581189806,2.584000000,2.810194,1,7.183188,5.000000,14
219,400,9.616578,31375,2.595275783,2.600500000,5.224217,0,233.102447,5.000000,14
220,400,9.149097,31375,2.611540251,2.617000000,5.459749,0,233.102447,5.000000,14
221,400,9.191515,31375,2.626105432,2.628500000,2.394568,1,9.191515,5.000000,14
223,400,9.181220,31375,2.640870090,2.643000000,2.129910,1,9.181220,5.000000,14
224,400,9.453868,31375,2.655105540,2.657500000,2.394460,1,9.453868,5.000000,14
225,400,9.172090,31375,2.667954425,2.673000000,5.045575,0,233.102447,5.000000,14
226,400,7.692225,31375,2.682138251,2.684500000,2.361749,1,7.692225,5.000000,14
227,400,5.559565,31375,2.696274247,2.698500000,2.225753,1,5.559565,5.000000,14
229,400,3.278854,31375,2.712737815,2.718000000,5.262185,0,233.102447,5.000000,14
231,400,3.360847,31375,2.727365289,2.729500000,2.134711,1,3.360847,5.000000,14
232,400,4.204437,31375,2.740983147,2.743500000,2.516853,1,4.204437,5.000000,14
234,400,6.197329,31375,2.755628430,2.758000000,2.371570,1,6.197329,5.000000,14
235,400,7.580195,31375,2.769896669,2.772000000,2.103331,1,7.580195,5.000000,14
236,400,8.005667,31375,2.783086850,2.785500000,2.413150,1,8.005667,5.000000,14
237,400,8.606804,31375,2.797132772,2.799500000,2.367228,1,8.606804,5.000000,14
238,400,7.749185,31375,2.810694997,2.816500000,5.805003,0,233.102447,5.000000,13
240,400,7.691447,31375,2.824693780,2.827500000,2.806220,1,7.691447,5.000000,13
241,400,8.346553,31375,2.837417520,2.840000000,2.582480,1,8.346553,5.000000,13
242,400,7.348090,31375,2.851977899,2.857500000,5.522101,0,233.102447,5.000000,13
243,400,6.140713,31375,2.864917606,2.870000000,5.082394,0,233.102447,5.000000,13
244,400,4.633564,31375,2.877606438,2.880500000,2.893562,1,4.633564,5.000000,13
246,400,3.300131,31375,2.890478441,2.893000000,2.521559,1,3.300131,5.000000,13
248,400,5.840299,31375,2.905483175,2.911500000,6.016825,0,233.102447,5.000000,13
249,400,7.324571,31375,2.918557376,2.924000000,5.442624,0,233.102447,5.000000,13
250,400,7.903924,31375,2.933674044,2.936500000,2.825956,1,7.903924,5.000000,13
252,400,8.857157,31375,2.947558865,2.953000000,5.441135,0,233.102447,5.000000,13
253,400,9.314882,31375,2.961516738,2.964500000,2.983262,1,9.314882,5.000000,13
254,400,7.428912,31375,2.975605108,2.978500000,2.894892,1,7.428912,5.000000,13
255,400,6.622089,31375,2.988809689,2.994000000,5.190311,0,233.102447,5.000000,13
258,400,4.455964,31375,3.014809989,3.088500000,73.690011,0,233.102447,5.000000,10
259,400,4.741336,31375,3.030138024,3.088500000,58.361976,0,233.102447,5.000000,10
260,400,5.052667,31375,3.043338894,3.088500000,45.161106,0,233.102447,5.000000,10
261,400,5.886340,31375,3.056803311,3.088500000,31.696689,0,233.102447,5.000000,10
262,400,5.190149,31375,3.070016826,3.088500000,18.483174,0,233.102447,5.000000,10
264,400,7.778452,31375,3.084572274,3.090500000,5.927726,0,233.102447,5.000000,10
265,400,9.766565,31375,3.098808978,3.106500000,7.691022,0,233.102447,5.000000,10
266,400,12.145359,31375,3.112997508,3.120000000,7.002492,0,233.102447,5.000000,10
267,400,14.123154,31375,3.126041995,3.135500000,9.458005,0,233.102447,5.000000,10
268,400,15.059517,31375,3.139882028,3.148000000,8.117972,0,233.102447,5.000000,10
269,400,16.559350,31375,3.155003888,3.161000000,5.996112,0,233.102447,5.000000,10
270,400,16.683395,31375,3.167696251,3.173000000,5.303749,0,233.102447,5.000000,10
271,400,17.117961,31375,3.180580971,3.183500000,2.919029,1,17.117961,5.000000,10
272,400,17.174619,31375,3.194726396,3.197500000,2.773604,1,17.174619,5.000000,10
273,400,17.804036,31375,3.211018209,3.217000000,5.981791,0,233.102447,5.000000,13
274,400,17.594133,31375,3.223723012,3.226500000,2.776988,1,17.594133,5.000000,13
275,400,17.524791,31375,3.237485518,3.240500000,3.014482,1,17.524791,5.000000,13
276,400,18.194419,31375,3.252461853,3.257500000,5.038147,0,233.102447,5.000000,13
277,400,20.378627,31375,3.270146330,3.275000000,4.853670,1,20.378627,5.000000,13
278,400,21.583404,31375,3.283315752,3.288000000,4.684248,1,21.583404,5.000000,13
279,400,23.907922,31375,3.299763021,3.310500000,10.736979,0,233.102447,5.000000,13
280,400,24.713187,31375,3.312875037,3.316500000,3.624963,1,24.713187,5.000000,13
281,400,25.630226,31375,3.327279156,3.330000000,2.720844,1,25.630226,5.000000,13
282,400,25.957236,31375,3.340183630,3.343000000,2.816370,1,25.957236,5.000000,13
283,400,26.342870,31375,3.354351861,3.359000000,4.648139,1,26.342870,5.000000,13
284,400,26.619429,31375,3.370784319,3.377000000,6.215681,0,233.102447,5.000000,13
285,400,26.331124,31375,3.383852458,3.387500000,3.647542,1,26.331124,5.000000,13
286,400,25.507921,31375,3.396711804,3.401500000,4.788196,1,25.507921,5.000000,13
287,400,24.555978,31375,3.412140806,3.414500000,2.359194,1,24.555978,5.000000,14
288,400,23.697631,31375,3.425861191,3.428500000,2.638809,1,23.697631,5.000000,14
289,400,22.742259,31375,3.440010905,3.442500000,2.489095,1,22.742259,5.000000,14
290,400,21.467871,31375,3.456080168,3.461500000,5.419832,0,233.102447,5.000000,14
291,400,20.445554,31375,3.468992280,3.471500000,2.507720,1,20.445554,5.000000,14
292,400,19.908179,31375,3.482833731,3.485000000,2.166269,1,19.908179,5.000000,14
293,400,19.826551,31375,3.496698392,3.499000000,2.301608,1,19.826551,5.000000,14
294,400,19.087740,31375,3.509731859,3.515500000,5.768141,0,233.102447,5.000000,14
295,400,18.878605,31375,3.523114427,3.525500000,2.385573,1,18.878605,5.000000,14
296,400,18.796232,31375,3.536369229,3.539500000,3.130771,1,18.796232,5.000000,14
297,400,19.168159,31375,3.551209264,3.553500000,2.290736,1,19.168159,5.000000,14
298,400,19.003011,31375,3.564012340,3.566500000,2.487660,1,19.003011,5.000000,14
299,400,18.408250,31375,3.576685759,3.579000000,2.314241,1,18.408250,5.000000,14
300,400,18.120535,31375,3.589796714,3.592000000,2.203286,1,18.120535,5.000000,14
301,400,18.134146,31375,3.605685833,3.608000000,2.314167,1,18.134146,5.000000,14
302,400,17.513199,31375,3.618748249,3.624000000,5.251751,0,233.102447,5.000000,14
303,400,16.816875,31375,3.632534050,3.635000000,2.465950,1,16.816875,5.000000,14
304,400,16.224108,31375,3.646885147,3.649000000,2.114853,1,16.224108,5.000000,14
305,400,14.746151,31375,3.661137434,3.663500000,2.362566,1,14.746151,5.000000,14
306,400,13.205069,31375,3.674144269,3.676500000,2.355731,1,13.205069,5.000000,14
307,400,11.814469,31375,3.688683244,3.691000000,2.316756,1,11.814469,5.000000,14
309,400,9.485387,31375,3.704266984,3.706500000,2.233016,1,9.485387,5.000000,14
310,400,8.770900,31375,3.717022929,3.719500000,2.477071,1,8.770900,5.000000,14
311,400,7.835391,31375,3.731331837,3.733500000,2.168163,1,7.835391,5.000000,14
312,400,7.540635,31375,3.744394885,3.746500000,2.105115,1,7.540635,5.000000,14
313,400,6.450568,31375,3.757470761,3.760000000,2.529239,1,6.450568,5.000000,14
314,400,4.936135,31375,3.770359106,3.772500000,2.140894,1,4.936135,5.000000,14
316,400,3.107241,31375,3.783984244,3.786500000,2.515756,1,3.107241,5.000000,14
317,400,2.498624,31375,3.797830837,3.800000000,2.169163,1,2.498624,5.000000,14
320,400,3.362606,31375,3.810532884,3.816000000,5.467116,0,233.102447,5.000000,14
322,400,5.901378,31375,3.824665018,3.827000000,2.334982,1,5.901378,5.000000,14
323,400,6.833734,31375,3.837795028,3.841500000,3.704972,1,6.833734,5.000000,14
324,400,7.648868,31375,3.851334063,3.853500000,2.165937,1,7.648868,5.000000,14
325,400,7.762175,31375,3.865739297,3.868000000,2.260703,1,7.762175,5.000000,14
326,400,6.777654,31375,3.879933343,3.882000000,2.066657,1,6.777654,5.000000,14
327,400,5.788153,31375,3.894020983,3.896500000,2.479017,1,5.788153,5.000000,14
329,400,3.971674,31375,3.908004215,3.913500000,5.495785,0,233.102447,5.000000,14
330,400,3.274312,31375,3.923636285,3.927000000,3.363715,1,3.274312,5.000000,14
331,400,2.564305,31375,3.937042275,3.939500000,2.457725,1,2.564305,5.000000,14
333,400,1.670646,31375,3.952491166,3.955500000,3.008834,1,1.670646,5.000000,14
335,400,3.724982,31375,3.967111051,3.969500000,2.388949,1,3.724982,5.000000,14
336,400,5.286050,31375,3.979788406,3.982000000,2.211594,1,5.286050,5.000000,14
337,400,6.691422,31375,3.992873058,3.995000000,2.126942,1,6.691422,5.000000,14
338,400,7.857609,31375,4.007364916,4.013500000,6.135084,0,233.102447,5.000000,14
339,400,9.103614,31375,4.020137740,4.022500000,2.362260,1,9.103614,5.000000,14
340,400,10.643064,31375,4.033545159,4.036000000,2.454841,1,10.643064,5.000000,14
341,400,12.430535,31375,4.047540231,4.050000000,2.459769,1,12.430535,5.000000,14
342,400,13.302347,31375,4.060621116,4.063000000,2.378884,1,13.302347,5.000000,14
343,400,14.510764,31375,4.074809785,4.077000000,2.190215,1,14.510764,5.000000,14
344,400,14.943283,31375,4.090429942,4.092500000,2.070058,1,14.943283,5.000000,14
345,400,15.072834,31375,4.103818849,4.109000000,5.181151,0,233.102447,5.000000,14
346,400,14.645576,31375,4.117063513,4.119500000,2.436487,1,14.645576,5.000000,14
347,400,14.635044,31375,4.133191415,4.135500000,2.308585,1,14.635044,5.000000,14
348,400,9.650828,31375,4.146884378,4.149000000,2.115622,1,9.650828,5.000000,14
350,400,7.301447,31375,4.163058440,4.165500000,2.441560,1,7.301447,5.000000,14
351,400,6.477061,31375,4.179185913,4.182500000,3.314087,1,6.477061,5.000000,14
352,400,5.332720,31375,4.195427815,4.197500000,2.072185,1,5.332720,5.000000,14
355,400,7.617234,31375,4.208349274,4.216500000,8.150726,0,233.102447,5.000000,12
356,400,10.685969,31375,4.222376909,4.226000000,3.623091,1,10.685969,5.000000,12
357,400,13.444988,31375,4.235553342,4.239500000,3.946658,1,13.444988,5.000000,12
358,400,14.950195,31375,4.251272049,4.256500000,5.227951,0,233.102447,5.000000,12
359,400,16.410267,31375,4.264777263,4.270000000,5.222737,0,233.102447,5.000000,12
360,400,16.620581,31375,4.279712085,4.282500000,2.787915,1,16.620581,5.000000,12
361,400,16.384322,31375,4.293624434,4.296500000,2.875566,1,16.384322,5.000000,12
362,400,15.540998,31375,4.308297625,4.314000000,5.702375,0,233.102447,5.000000,12
363,400,14.975850,31375,4.322347895,4.328000000,5.652105,0,233.102447,5.000000,12
364,400,14.489530,31375,4.336248521,4.339000000,2.751479,1,14.489530,5.000000,12
365,400,11.792303,31375,4.351452596,4.354000000,2.547404,1,11.792303,5.000000,12
366,400,9.945679,31375,4.366042994,4.371500000,5.457006,0,233.102447,5.000000,12
368,400,9.516057,31375,4.378710562,4.384500000,5.789438,0,233.102447,5.000000,12
369,400,11.423393,31375,4.391968315,4.395000000,3.031685,1,11.423393,5.000000,12
370,400,11.848262,31375,4.407249448,4.415500000,8.250552,0,233.102447,5.000000,12
371,400,13.222961,31375,4.422692451,4.428000000,5.307549,0,233.102447,5.000000,12
372,400,14.495513,31375,4.436413806,4.439500000,3.086194,1,14.495513,5.000000,12
373,400,16.319461,31375,4.451199171,4.454000000,2.800829,1,16.319461,5.000000,12
374,400,16.876108,31375,4.464149118,4.473000000,8.850882,0,233.102447,5.000000,12
375,400,17.133992,31375,4.478644016,4.484000000,5.355984,0,233.102447,5.000000,12
376,400,16.398111,31375,4.492281316,4.495000000,2.718684,1,16.398111,5.000000,12
377,400,14.946071,31375,4.505536385,4.512000000,6.463615,0,233.102447,5.000000,12
378,400,13.169134,31375,4.519224334,4.525000000,5.775666,0,233.102447,5.000000,12
379,400,11.091659,31375,4.533545197,4.545000000,11.454803,0,233.102447,5.000000,12
380,400,8.592694,31375,4.547030311,4.552500000,5.469689,0,233.102447,5.000000,12
382,400,8.866948,31375,4.559964848,4.562500000,2.535152,1,8.866948,5.000000,12
383,400,10.676948,31375,4.574068522,4.577000000,2.931478,1,10.676948,5.000000,12
384,400,12.827474,31375,4.588872789,4.592500000,3.627211,1,12.827474,5.000000,12
385,400,13.980584,31375,4.603198805,4.610000000,6.801195,0,233.102447,5.000000,12
386,400,15.727076,31375,4.616034309,4.620500000,4.465691,1,15.727076,5.000000,12
387,400,16.651667,31375,4.631008613,4.635500000,4.491387,1,16.651667,5.000000,12
388,400,17.912071,31375,4.646163672,4.649500000,3.336328,1,17.912071,5.000000,12
389,400,18.212499,31375,4.660400266,4.667000000,6.599734,0,233.102447,5.000000,12
390,400,19.052542,31375,4.673317269,4.676000000,2.682731,1,19.052542,5.000000,12
391,400,16.676252,31375,4.687265970,4.692500000,5.234030,0,233.102447,5.000000,12
392,400,13.387330,31375,4.702904552,4.714500000,11.595448,0,233.102447,5.000000,12
394,400,10.451115,31375,4.718380665,4.721000000,2.619335,1,10.451115,5.000000,12
395,400,13.050573,31375,4.732142671,4.735000000,2.857329,1,13.050573,5.000000,12
396,400,12.533448,31375,4.746885300,4.755000000,8.114700,0,233.102447,5.000000,12
398,400,13.035380,31375,4.761752194,4.764500000,2.747806,1,13.035380,5.000000,12
399,400,13.534181,31375,4.774783093,4.777500000,2.716907,1,13.534181,5.000000,12
400,400,10.906713,31375,4.789747258,4.793500000,3.752742,1,10.906713,5.000000,12
402,400,12.456161,31375,4.802529998,4.809000000,6.470002,0,233.102447,5.000000,13
403,400,15.137952,31375,4.816562335,4.820000000,3.437665,1,15.137952,5.000000,13
404,400,15.861847,31375,4.830012583,4.834000000,3.987417,1,15.861847,5.000000,13
405,400,13.923173,31375,4.843768505,4.847500000,3.731495,1,13.923173,5.000000,13
406,400,11.142745,31375,4.856746408,4.859500000,2.753592,1,11.142745,5.000000,13
407,400,7.389363,31375,4.871826056,4.874500000,2.673944,1,7.389363,5.000000,13
409,400,6.894499,31375,4.884587314,4.887500000,2.912686,1,6.894499,5.000000,13
410,400,11.998380,31375,4.898589741,4.901500000,2.910259,1,11.998380,5.000000,13
411,400,16.376359,31375,4.911608374,4.920000000,8.391626,0,233.102447,5.000000,13
412,400,20.063453,31375,4.926981127,4.929500000,2.518873,1,20.063453,5.000000,13
413,400,22.241090,31375,4.940050538,4.943000000,2.949462,1,22.241090,5.000000,13
414,400,23.412316,31375,4.954585192,4.957500000,2.914808,1,23.412316,5.000000,13
415,400,24.198015,31375,4.969190380,4.972000000,2.809620,1,24.198015,5.000000,13
416,400,23.857534,31375,4.986343212,4.990000000,3.656788,1,23.857534,5.000000,13
417,400,22.434852,31375,5.000405098,5.014500000,14.094902,0,233.102447,5.000000,13
418,400,21.230671,31375,5.014761190,5.018500000,3.738810,1,21.230671,5.000000,13
419,400,20.133095,31375,5.029295976,5.034500000,5.204024,0,233.102447,5.000000,13
420,400,18.949213,31375,5.043377207,5.049000000,5.622793,0,233.102447,5.000000,13
421,400,16.989264,31375,5.057781306,5.060500000,2.718694,1,16.989264,5.000000,13
422,400,15.139191,31375,5.072109089,5.076000000,3.890911,1,15.139191,5.000000,13
423,400,12.579301,31375,5.087535358,5.091000000,3.464642,1,12.579301,5.000000,13
424,400,9.891871,31375,5.100836356,5.110500000,9.663644,0,233.102447,5.000000,13
426,400,5.710872,31375,5.114242411,5.117000000,2.757589,1,5.710872,5.000000,13
427,400,7.506930,31375,5.127436650,5.130000000,2.563350,1,7.506930,5.000000,13
428,400,7.391528,31375,5.140879966,5.149500000,8.620034,0,233.102447,5.000000,13
430,400,12.162155,31375,5.154549004,5.157500000,2.950996,1,12.162155,5.000000,13
431,400,17.461783,31375,5.167800067,5.170500000,2.699933,1,17.461783,5.000000,13
432,400,18.810512,31375,5.182137170,5.190500000,8.362830,0,233.102447,5.000000,13
433,400,17.223959,31375,5.196654115,5.199500000,2.845885,1,17.223959,5.000000,13
434,400,11.695635,31375,5.209504689,5.215000000,5.495311,0,233.102447,5.000000,14
436,400,4.172083,31375,5.224669040,5.227000000,2.330960,1,4.172083,5.000000,14
438,400,12.159477,31375,5.240075115,5.242500000,2.424885,1,12.159477,5.000000,14
439,400,18.116023,31375,5.253829892,5.256000000,2.170108,1,18.116023,5.000000,14
440,400,22.085793,31375,5.270271426,5.272500000,2.228574,1,22.085793,5.000000,14
441,400,23.404585,31375,5.285864997,5.288000000,2.135003,1,23.404585,5.000000,14
442,400,22.163330,31375,5.302404521,5.307500000,5.095479,0,233.102447,5.000000,14
443,400,18.552755,31375,5.318227250,5.320500000,2.272750,1,18.552755,5.000000,14
444,400,9.477613,31375,5.331976450,5.335000000,3.023550,1,9.477613,5.000000,14
446,400,9.169052,31375,5.348059601,5.350500000,2.440399,1,9.169052,5.000000,14
447,400,16.450614,31375,5.360937625,5.363000000,2.062375,1,16.450614,5.000000,14
448,400,21.397951,31375,5.373978196,5.376500000,2.521804,1,21.397951,5.000000,14
449,400,21.418298,31375,5.387598078,5.390000000,2.401922,1,21.418298,5.000000,14
450,400,19.695151,31375,5.401704905,5.407000000,5.295095,0,233.102447,5.000000,14
451,400,14.966900,31375,5.416975871,5.419500000,2.524129,1,14.966900,5.000000,14
452,400,10.374225,31375,5.430817449,5.433000000,2.182551,1,10.374225,5.000000,14
454,400,5.637485,31375,5.444285218,5.446500000,2.214782,1,5.637485,5.000000,14
455,400,5.773310,31375,5.459508963,5.462000000,2.491037,1,5.773310,5.000000,14
456,400,5.832033,31375,5.475012564,5.478000000,2.987436,1,5.832033,5.000000,14
458,400,10.864421,31375,5.489510195,5.492000000,2.489805,1,10.864421,5.000000,14
459,400,16.062478,31375,5.502318544,5.508500000,6.181456,0,233.102447,5.000000,14
460,400,19.036011,31375,5.517612717,5.520000000,2.387283,1,19.036011,5.000000,14
461,400,19.942646,31375,5.532564321,5.535000000,2.435679,1,19.942646,5.000000,14
462,400,20.614921,31375,5.545262645,5.547500000,2.237355,1,20.614921,5.000000,14
463,400,18.870556,31375,5.559164907,5.561500000,2.335093,1,18.870556,5.000000,14
464,400,14.766555,31375,5.572406094,5.574500000,2.093906,1,14.766555,5.000000,14
466,400,8.460794,31375,5.585966394,5.588500000,2.533606,1,8.460794,5.000000,14
467,400,6.538416,31375,5.601390514,5.606500000,5.109486,0,233.102447,5.000000,14
470,400,9.079280,31375,5.614225830,5.616500000,2.274170,1,9.079280,5.000000,14
471,400,8.275242,31375,5.628432918,5.630500000,2.067082,1,8.275242,5.000000,14
474,400,4.540032,31375,5.642311515,5.644500000,2.188485,1,4.540032,5.000000,14
475,400,6.465437,31375,5.656450179,5.658500000,2.049821,1,6.465437,5.000000,14
477,400,12.212956,31375,5.669792188,5.672000000,2.207812,1,12.212956,5.000000,14
478,400,17.067418,31375,5.683368358,5.685500000,2.131642,1,17.067418,5.000000,14
479,400,20.473737,31375,5.696168948,5.698500000,2.331052,1,20.473737,5.000000,14
480,400,20.375554,31375,5.710035462,5.715500000,5.464538,0,233.102447,5.000000,14
481,400,17.309861,31375,5.723354163,5.729500000,6.145837,0,233.102447,5.000000,14
482,400,14.357988,31375,5.736283853,5.738500000,2.216147,1,14.357988,5.000000,14
484,400,12.265488,31375,5.749800947,5.752000000,2.199053,1,12.265488,5.000000,14
485,400,11.024176,31375,5.763126758,5.766500000,3.373242,1,11.024176,5.000000,14
488,400,8.749738,31375,5.776586707,5.780500000,3.913293,1,8.749738,5.000000,14
489,400,9.809833,31375,5.789944911,5.792000000,2.055089,1,9.809833,5.000000,14
490,400,9.316211,31375,5.803397520,5.808500000,5.102480,0,233.102447,5.000000,14
492,400,6.098254,31375,5.817702203,5.820000000,2.297797,1,6.098254,5.000000,14
493,400,6.087520,31375,5.831658625,5.834000000,2.341375,1,6.087520,5.000000,14
494,400,5.466541,31375,5.846112647,5.848500000,2.387353,1,5.466541,5.000000,14
495,400,4.838885,31375,5.859461290,5.861500000,2.038710,1,4.838885,5.000000,14
497,400,6.978827,31375,5.872296806,5.874500000,2.203194,1,6.978827,5.000000,14
498,400,9.475911,31375,5.886537426,5.889000000,2.462574,1,9.475911,5.000000,14
499,400,10.216569,31375,5.899478777,5.907500000,8.021223,0,233.102447,5.000000,14
501,400,7.170245,31375,5.917074366,5.919500000,2.425634,1,7.170245,5.000000,14
502,400,6.339381,31375,5.931811341,5.934000000,2.188659,1,6.339381,5.000000,14
504,400,9.703119,31375,5.944901038,5.947000000,2.098962,1,9.703119,5.000000,14
505,400,12.801045,31375,5.958335458,5.960500000,2.164542,1,12.801045,5.000000,14
506,400,13.477468,31375,5.973263723,5.975500000,2.236277,1,13.477468,5.000000,14
507,400,11.251415,31375,5.987539576,5.990000000,2.460424,1,11.251415,5.000000,14
508,400,9.794510,31375,6.002012946,6.007500000,5.487054,0,233.102447,5.000000,14
510,400,8.622149,31375,6.018885846,6.021000000,2.114154,1,8.622149,5.000000,14
512,400,12.107862,31375,6.032495841,6.035000000,2.504159,1,12.107862,5.000000,14
513,400,13.697876,31375,6.045927630,6.048000000,2.072370,1,13.697876,5.000000,14
514,400,15.452945,31375,6.060891204,6.063000000,2.108796,1,15.452945,5.000000,14
515,400,13.473709,31375,6.074445904,6.076500000,2.054096,1,13.473709,5.000000,14
516,400,9.184018,31375,6.088942781,6.091000000,2.057219,1,9.184018,5.000000,14
517,400,5.532457,31375,6.104522730,6.110000000,5.477270,0,233.102447,5.000000,14
519,400,6.186998,31375,6.118709349,6.121000000,2.290651,1,6.186998,5.000000,14
520,400,12.142974,31375,6.132217711,6.134500000,2.282289,1,12.142974,5.000000,14
521,400,20.293525,31375,6.145982339,6.148500000,2.517661,1,20.293525,5.000000,14
522,400,31.083123,31375,6.162489102,6.168000000,5.510898,0,233.102447,5.000000,14
523,400,33.061430,31375,6.175650597,6.178000000,2.349403,1,33.061430,5.000000,14
524,400,34.976015,31375,6.189725036,6.192000000,2.274964,1,34.976015,5.000000,14
525,400,35.113968,31375,6.203548080,6.209000000,5.451920,0,233.102447,5.000000,14
526,400,34.359450,31375,6.216981997,6.219500000,2.518003,1,34.359450,5.000000,14
527,400,29.836426,31375,6.231180582,6.233500000,2.319418,1,29.836426,5.000000,14
528,400,25.891591,31375,6.245645013,6.248000000,2.354987,1,25.891591,5.000000,14
529,400,15.230508,31375,6.259842486,6.262000000,2.157514,1,15.230508,5.000000,14
531,400,12.955132,31375,6.273483484,6.276000000,2.516516,1,12.955132,5.000000,14
532,400,15.190270,31375,6.286473000,6.289000000,2.527000,1,15.190270,5.000000,14
536,400,16.270774,31375,6.302292276,6.313500000,11.207724,0,233.102447,5.000000,14
537,400,13.958538,31375,6.319191529,6.321500000,2.308471,1,13.958538,5.000000,14
539,400,8.522047,31375,6.334905298,6.337000000,2.094702,1,8.522047,5.000000,14
541,400,13.747481,31375,6.347725797,6.350000000,2.274203,1,13.747481,5.000000,14
542,400,10.691212,31375,6.363464470,6.367000000,3.535530,1,10.691212,5.000000,14
545,400,10.201225,31375,6.377762537,6.380000000,2.237463,1,10.201225,5.000000,14
546,400,16.615976,31375,6.391282077,6.393500000,2.217923,1,16.615976,5.000000,14
547,400,21.718820,31375,6.406106192,6.415000000,8.893808,0,233.102447,5.000000,12
548,400,23.782729,31375,6.420856655,6.423500000,2.643345,1,23.782729,5.000000,12
549,400,24.516473,31375,6.435675476,6.438500000,2.824524,1,24.516473,5.000000,12
550,400,22.546574,31375,6.449259994,6.452000000,2.740006,1,22.546574,5.000000,12
551,400,18.180874,31375,6.463237927,6.469000000,5.762073,0,233.102447,5.000000,12
552,400,11.714759,31375,6.477907051,6.480500000,2.592949,1,11.714759,5.000000,12
553,400,4.035159,31375,6.490820582,6.493500000,2.679418,1,4.035159,5.000000,12
555,400,4.446664,31375,6.504244560,6.514500000,10.255440,0,233.102447,5.000000,12
556,400,12.704647,31375,6.516987708,6.520000000,3.012292,1,12.704647,5.000000,12
557,400,22.864542,31375,6.531668747,6.540000000,8.331253,0,233.102447,5.000000,12
558,400,35.402884,31375,6.546067074,6.551500000,5.432926,0,233.102447,5.000000,12
559,400,45.110947,31375,6.559902674,6.565500000,5.597326,0,233.102447,5.000000,12
560,400,52.145865,31375,6.572969998,6.578000000,5.030002,0,233.102447,5.000000,12
561,400,56.580267,31375,6.586279901,6.589000000,2.720099,1,56.580267,5.000000,12
562,400,61.380939,31375,6.599418925,6.605000000,5.581075,0,233.102447,5.000000,12
563,400,67.206146,31375,6.615208577,6.619000000,3.791423,1,67.206146,5.000000,13
564,400,73.228280,31375,6.630115765,6.636000000,5.884235,0,233.102447,5.000000,13
565,400,78.076144,31375,6.646625695,6.655000000,8.374305,0,233.102447,5.000000,13
566,400,82.377370,31375,6.661164412,6.665000000,3.835588,1,82.377370,5.000000,13
567,400,83.108614,31375,6.674415777,6.677000000,2.584223,1,83.108614,5.000000,13
568,400,80.074819,31375,6.689641242,6.695000000,5.358758,0,233.102447,5.000000,13
569,400,73.546975,31375,6.703048848,6.712500000,9.451152,0,233.102447,5.000000,13
570,400,60.992561,31375,6.717291972,6.720000000,2.708028,1,60.992561,5.000000,13
571,400,43.133629,31375,6.731699315,6.734500000,2.800685,1,43.133629,5.000000,13
572,400,21.401359,31375,6.745122388,6.750500000,5.377612,0,233.102447,5.000000,13
574,400,16.258028,31375,6.759460026,6.762000000,2.539974,1,16.258028,5.000000,13
575,400,16.632659,31375,6.775930128,6.784000000,8.069872,0,233.102447,5.000000,13
577,400,20.313874,31375,6.788948610,6.791500000,2.551390,1,20.313874,5.000000,13
578,400,33.565880,31375,6.801881309,6.807500000,5.618691,0,233.102447,5.000000,13
579,400,40.036711,31375,6.814688305,6.817500000,2.811695,1,40.036711,5.000000,13
580,400,48.215021,31375,6.828972034,6.834000000,5.027966,0,233.102447,5.000000,13
581,400,50.202902,31375,6.844395310,6.848000000,3.604690,1,50.202902,5.000000,13
582,400,45.010265,31375,6.857358896,6.860000000,2.641104,1,45.010265,5.000000,13
583,400,32.887759,31375,6.871308866,6.874000000,2.691134,1,32.887759,5.000000,13
584,400,18.578880,31375,6.886237695,6.889500000,3.262305,1,18.578880,5.000000,13
587,400,13.198369,31375,6.899238756,6.910500000,11.261244,0,233.102447,5.000000,13
588,400,19.559814,31375,6.913278126,6.917000000,3.721874,1,19.559814,5.000000,13
589,400,23.517087,31375,6.926553991,6.929500000,2.946009,1,23.517087,5.000000,13
590,400,25.774678,31375,6.941758724,6.948000000,6.241276,0,233.102447,5.000000,13
591,400,27.020931,31375,6.955544304,6.959500000,3.955696,1,27.020931,5.000000,13
592,400,26.495430,31375,6.971397940,6.974000000,2.602060,1,26.495430,5.000000,13
593,400,25.138122,31375,6.985860849,6.988500000,2.639151,1,25.138122,5.000000,13
594,400,23.695905,31375,7.000814182,7.006500000,5.685818,0,233.102447,5.000000,14
595,400,21.031128,31375,7.013957971,7.019000000,5.042029,0,233.102447,5.000000,14
596,400,18.252009,31375,7.027118864,7.029500000,2.381136,1,18.252009,5.000000,14
597,400,14.787595,31375,7.039887874,7.042000000,2.112126,1,14.787595,5.000000,14
598,400,12.269747,31375,7.052755871,7.061000000,8.244129,0,233.102447,5.000000,14
599,400,9.272786,31375,7.067886291,7.070000000,2.113709,1,9.272786,5.000000,14
600,400,7.345584,31375,7.081489097,7.084000000,2.510903,1,7.345584,5.000000,14
602,400,5.976384,31375,7.094763347,7.097000000,2.236653,1,5.976384,5.000000,14
603,400,6.033977,31375,7.108428456,7.116500000,8.071544,0,233.102447,5.000000,14
604,400,6.427602,31375,7.123770191,7.126000000,2.229809,1,6.427602,5.000000,14
605,400,7.134874,31375,7.137421876,7.139500000,2.078124,1,7.134874,5.000000,14
606,400,7.845558,31375,7.152112340,7.154500000,2.387660,1,7.845558,5.000000,14
607,400,8.684606,31375,7.166516864,7.169000000,2.483136,1,8.684606,5.000000,14
608,400,10.417884,31375,7.182046554,7.184500000,2.453446,1,10.417884,5.000000,14
609,400,12.605935,31375,7.196069820,7.198500000,2.430180,1,12.605935,5.000000,14
610,400,12.660565,31375,7.209149617,7.217500000,8.350383,0,233.102447,5.000000,14
611,400,11.559920,31375,7.223835080,7.229000000,5.164920,0,233.102447,5.000000,14
612,400,11.118916,31375,7.237251176,7.239500000,2.248824,1,11.118916,5.000000,14
613,400,10.048429,31375,7.250782138,7.253000000,2.217862,1,10.048429,5.000000,14
614,400,7.648642,31375,7.266562285,7.272000000,5.437715,0,233.102447,5.000000,14
615,400,6.318148,31375,7.280095621,7.288500000,8.404379,0,233.102447,5.000000,14
616,400,5.570810,31375,7.294142201,7.297000000,2.857799,1,5.570810,5.000000,14
617,400,4.762476,31375,7.307836757,7.316000000,8.163243,0,233.102447,5.000000,14
619,400,4.046715,31375,7.320811758,7.323000000,2.188242,1,4.046715,5.000000,14
620,400,3.804689,31375,7.334413736,7.336500000,2.086264,1,3.804689,5.000000,14
621,400,4.946734,31375,7.347983723,7.350500000,2.516277,1,4.946734,5.000000,14
622,400,5.695959,31375,7.360654856,7.363000000,2.345144,1,5.695959,5.000000,14
623,400,5.242777,31375,7.373326291,7.375500000,2.173709,1,5.242777,5.000000,14
624,400,4.965256,31375,7.386633403,7.389000000,2.366597,1,4.965256,5.000000,14
626,400,7.027966,31375,7.400350866,7.414500000,14.149134,0,233.102447,5.000000,14
627,400,8.095765,31375,7.413280308,7.418500000,5.219692,0,233.102447,5.000000,14
628,400,9.825799,31375,7.426326876,7.428500000,2.173124,1,9.825799,5.000000,14
629,400,11.430714,31375,7.439157873,7.441500000,2.342127,1,11.430714,5.000000,14
630,400,12.929421,31375,7.452081396,7.454500000,2.418604,1,12.929421,5.000000,14
631,400,13.826996,31375,7.466592502,7.469000000,2.407498,1,13.826996,5.000000,14
632,400,14.162886,31375,7.480543090,7.483000000,2.456910,1,14.162886,5.000000,14
633,400,14.323140,31375,7.494869852,7.497000000,2.130148,1,14.323140,5.000000,14
634,400,14.038814,31375,7.507681219,7.513000000,5.318781,0,233.102447,5.000000,14
635,400,12.712400,31375,7.523525110,7.526000000,2.474890,1,12.712400,5.000000,14
636,400,12.083690,31375,7.537096578,7.539500000,2.403422,1,12.083690,5.000000,14
637,400,11.638813,31375,7.551114409,7.554000000,2.885591,1,11.638813,5.000000,14
638,400,10.474928,31375,7.564066382,7.566500000,2.433618,1,10.474928,5.000000,14
639,400,7.090689,31375,7.579254984,7.581500000,2.245016,1,7.090689,5.000000,14
640,400,5.202095,31375,7.593024941,7.598500000,5.475059,0,233.102447,5.000000,14
643,400,3.509359,31375,7.609041189,7.614500000,5.458811,0,233.102447,5.000000,14
644,400,5.361750,31375,7.624114180,7.626500000,2.385820,1,5.361750,5.000000,14
645,400,7.102227,31375,7.637899943,7.640000000,2.100057,1,7.102227,5.000000,14
646,400,8.347652,31375,7.651233726,7.653500000,2.266274,1,8.347652,5.000000,14
648,400,10.152981,31375,7.665270771,7.667500000,2.229229,1,10.152981,5.000000,14
649,400,12.165538,31375,7.680769533,7.683000000,2.230467,1,12.165538,5.000000,14
650,400,14.798997,31375,7.695991072,7.698500000,2.508928,1,14.798997,5.000000,14
651,400,14.881643,31375,7.713548073,7.722000000,8.451927,0,233.102447,5.000000,14
652,400,15.575351,31375,7.727054752,7.731500000,4.445248,1,15.575351,5.000000,14
653,400,16.423856,31375,7.740212407,7.742500000,2.287593,1,16.423856,5.000000,14
654,400,17.355281,31375,7.754374833,7.757000000,2.625167,1,17.355281,5.000000,14
655,400,17.340100,31375,7.767109537,7.769500000,2.390463,1,17.340100,5.000000,14
656,400,17.639604,31375,7.782967707,7.785500000,2.532293,1,17.639604,5.000000,14
657,400,17.634807,31375,7.797061698,7.799500000,2.438302,1,17.634807,5.000000,14
658,400,18.377657,31375,7.811421260,7.816500000,5.078740,0,233.102447,5.000000,14
659,400,18.668860,31375,7.824423586,7.826500000,2.076414,1,18.668860,5.000000,14
660,400,18.757403,31375,7.837224091,7.839500000,2.275909,1,18.757403,5.000000,14
661,400,18.688829,31375,7.850683651,7.853000000,2.316349,1,18.688829,5.000000,14
662,400,18.990506,31375,7.867614051,7.870000000,2.385949,1,18.990506,5.000000,14
663,400,17.948002,31375,7.881869529,7.884500000,2.630471,1,17.948002,5.000000,14
664,400,17.768703,31375,7.895450777,7.901500000,6.049223,0,233.102447,5.000000,14
665,400,17.483473,31375,7.908381594,7.918500000,10.118406,0,233.102447,5.000000,13
666,400,18.589886,31375,7.922879148,7.927500000,4.620852,1,18.589886,5.000000,13
667,400,16.915427,31375,7.935835649,7.940000000,4.164351,1,16.915427,5.000000,13
668,400,16.101552,31375,7.949596083,7.956000000,6.403917,0,233.102447,5.000000,13
669,400,15.079521,31375,7.964695932,7.967500000,2.804068,1,15.079521,5.000000,13
670,400,13.721430,31375,7.978469545,7.981000000,2.530455,1,13.721430,5.000000,13
671,400,12.182251,31375,7.993915165,8.000000000,6.084835,0,233.102447,5.000000,13
672,400,9.992647,31375,8.012716944,8.022000000,9.283056,0,233.102447,5.000000,13
673,400,8.697291,31375,8.026616669,8.033000000,6.383331,0,233.102447,5.000000,13
674,400,7.897696,31375,8.039727972,8.043000000,3.272028,1,7.897696,5.000000,13
675,400,6.698565,31375,8.052663031,8.055500000,2.836969,1,6.698565,5.000000,13
677,400,4.793407,31375,8.065849084,8.068500000,2.650916,1,4.793407,5.000000,13
678,400,4.537655,31375,8.079129961,8.084500000,5.370039,0,233.102447,5.000000,13
679,400,2.982747,31375,8.095752648,8.098500000,2.747352,1,2.982747,5.000000,13
680,400,2.407526,31375,8.110460428,8.116000000,5.539572,0,233.102447,5.000000,14
681,400,1.853890,31375,8.125660402,8.128000000,2.339598,1,1.853890,5.000000,14
684,400,3.174435,31375,8.139375132,8.141500000,2.124868,1,3.174435,5.000000,14
685,400,5.647515,31375,8.154065349,8.156500000,2.434651,1,5.647515,5.000000,14
686,400,6.903188,31375,8.168640511,8.171000000,2.359489,1,6.903188,5.000000,14
687,400,7.837139,31375,8.181494169,8.184000000,2.505831,1,7.837139,5.000000,14
688,400,12.318206,31375,8.194880062,8.197000000,2.119938,1,12.318206,5.000000,14
689,400,12.605903,31375,8.207901558,8.213000000,5.098442,0,233.102447,5.000000,14
690,400,14.511918,31375,8.221600367,8.224000000,2.399633,1,14.511918,5.000000,14
691,400,11.455691,31375,8.237189065,8.239500000,2.310935,1,11.455691,5.000000,14
692,400,10.386079,31375,8.249937652,8.252000000,2.062348,1,10.386079,5.000000,14
693,400,8.622457,31375,8.263315529,8.265500000,2.184471,1,8.622457,5.000000,14
695,400,6.554973,31375,8.278914246,8.281000000,2.085754,1,6.554973,5.000000,14
697,400,7.804387,31375,8.292833698,8.295000000,2.166302,1,7.804387,5.000000,14
698,400,9.246273,31375,8.306352925,8.316000000,9.647075,0,233.102447,5.000000,13
699,400,10.661957,31375,8.321070263,8.325000000,3.929737,1,10.661957,5.000000,13
700,400,13.097482,31375,8.336883831,8.340500000,3.616169,1,13.097482,5.000000,13
701,400,13.305722,31375,8.350461722,8.353500000,3.038278,1,13.305722,5.000000,13
702,400,13.357524,31375,8.365266139,8.368000000,2.733861,1,13.357524,5.000000,13
703,400,14.398881,31375,8.379009848,8.385500000,6.490152,0,233.102447,5.000000,13
704,400,12.970884,31375,8.394117254,8.397000000,2.882746,1,12.970884,5.000000,13
705,400,9.909079,31375,8.409378806,8.415000000,5.621194,0,233.102447,5.000000,13
707,400,7.100222,31375,8.423554766,8.426500000,2.945234,1,7.100222,5.000000,13
708,400,7.934941,31375,8.438331870,8.441000000,2.668130,1,7.934941,5.000000,13
709,400,5.676720,31375,8.451603201,8.461000000,9.396799,0,233.102447,5.000000,13
713,400,9.999822,31375,8.464283010,8.467000000,2.716990,1,9.999822,5.000000,13
714,400,13.357249,31375,8.478706050,8.488000000,9.293950,0,233.102447,5.000000,13
715,400,15.824331,31375,8.491855178,8.500000000,8.144822,0,233.102447,5.000000,13
716,400,20.442079,31375,8.505749247,8.514000000,8.250753,0,233.102447,5.000000,12
717,400,20.961933,31375,8.521477530,8.524000000,2.522470,1,20.961933,5.000000,12
718,400,22.334063,31375,8.534684562,8.537500000,2.815438,1,22.334063,5.000000,12
719,400,25.310783,31375,8.547690661,8.550500000,2.809339,1,25.310783,5.000000,12
720,400,25.337772,31375,8.560699241,8.563500000,2.800759,1,25.337772,5.000000,12
721,400,25.764795,31375,8.573513999,8.576500000,2.986001,1,25.764795,5.000000,12
722,400,25.035551,31375,8.588385440,8.593500000,5.114560,0,233.102447,5.000000,12
723,400,24.565547,31375,8.602475625,8.608000000,5.524375,0,233.102447,5.000000,12
724,400,24.936409,31375,8.615405804,8.620500000,5.094196,0,233.102447,5.000000,12
725,400,23.064334,31375,8.629686394,8.638500000,8.813606,0,233.102447,5.000000,12
726,400,20.596622,31375,8.642824287,8.645500000,2.675713,1,20.596622,5.000000,12
727,400,18.225859,31375,8.656140208,8.662000000,5.859792,0,233.102447,5.000000,12
728,400,15.563553,31375,8.671423866,8.674000000,2.576134,1,15.563553,5.000000,12
729,400,12.291215,31375,8.685950218,8.691000000,5.049782,0,233.102447,5.000000,12
732,400,6.078144,31375,8.713319661,8.822500000,109.180339,0,233.102447,5.000000,12
734,400,6.882260,31375,8.729394066,8.822500000,93.105934,0,233.102447,5.000000,12
735,400,6.461015,31375,8.745066804,8.822500000,77.433196,0,233.102447,5.000000,12
738,400,7.073309,31375,8.760699124,8.822500000,61.800876,0,233.102447,5.000000,12
739,400,9.130292,31375,8.774683841,8.822500000,47.816159,0,233.102447,5.000000,12
740,400,9.287230,31375,8.788443927,8.822500000,34.056073,0,233.102447,5.000000,12
741,400,6.433622,31375,8.801935635,8.822500000,20.564365,0,233.102447,5.000000,12
744,400,6.812113,31375,8.819701159,8.828000000,8.298841,0,233.102447,5.000000,12
745,400,7.256236,31375,8.832574151,8.835500000,2.925849,1,7.256236,5.000000,12
746,400,10.418645,31375,8.848276933,8.856500000,8.223067,0,233.102447,5.000000,12
747,400,8.699778,31375,8.862813232,8.865500000,2.686768,1,8.699778,5.000000,12
749,400,10.456252,31375,8.877869742,8.883500000,5.630258,0,233.102447,5.000000,12
750,400,8.886732,31375,8.891520172,8.894500000,2.979828,1,8.886732,5.000000,12
752,400,9.980082,31375,8.904400053,8.912500000,8.099947,0,233.102447,5.000000,14
753,400,11.228980,31375,8.919683810,8.922000000,2.316190,1,11.228980,5.000000,14
754,400,13.827188,31375,8.937175916,8.939500000,2.324084,1,13.827188,5.000000,14
755,400,14.695565,31375,8.950125702,8.955500000,5.374298,0,233.102447,5.000000,14
756,400,13.867579,31375,8.962901159,8.965500000,2.598841,1,13.867579,5.000000,14
757,400,13.074832,31375,8.976556764,8.979500000,2.943236,1,13.074832,5.000000,14
758,400,11.190747,31375,8.992136421,8.994500000,2.363579,1,11.190747,5.000000,14
759,400,9.486722,31375,9.007509316,9.013000000,5.490684,0,233.102447,5.000000,14
760,400,7.708551,31375,9.021984372,9.025000000,3.015628,1,7.708551,5.000000,14
762,400,3.748840,31375,9.035057419,9.037500000,2.442581,1,3.748840,5.000000,14
764,400,8.931952,31375,9.050294111,9.055500000,5.205889,0,233.102447,5.000000,14
765,400,11.762282,31375,9.064639489,9.067000000,2.360511,1,11.762282,5.000000,14
766,400,12.910426,31375,9.079026372,9.081500000,2.473628,1,12.910426,5.000000,14
767,400,12.413835,31375,9.093360724,9.095500000,2.139276,1,12.413835,5.000000,14
768,400,12.786382,31375,9.108425628,9.114500000,6.074372,0,233.102447,5.000000,14
769,400,12.074047,31375,9.122102039,9.124500000,2.397961,1,12.074047,5.000000,14
770,400,10.113471,31375,9.138361673,9.140500000,2.138327,1,10.113471,5.000000,14
771,400,7.278702,31375,9.152267962,9.154500000,2.232038,1,7.278702,5.000000,14
772,400,5.753961,31375,9.168755644,9.171000000,2.244356,1,5.753961,5.000000,14
774,400,5.585130,31375,9.182319907,9.184500000,2.180093,1,5.585130,5.000000,14
775,400,7.809019,31375,9.197637033,9.200000000,2.362967,1,7.809019,5.000000,14
776,400,9.901641,31375,9.210915262,9.216000000,5.084738,0,233.102447,5.000000,14
777,400,11.413710,31375,9.224481856,9.227000000,2.518144,1,11.413710,5.000000,14
778,400,12.948341,31375,9.239250205,9.244500000,5.249795,0,233.102447,5.000000,14
779,400,12.906969,31375,9.252865227,9.255500000,2.634773,1,12.906969,5.000000,14
780,400,13.164449,31375,9.266505226,9.269000000,2.494774,1,13.164449,5.000000,14
781,400,13.373051,31375,9.281133535,9.283500000,2.366465,1,13.373051,5.000000,14
782,400,12.517617,31375,9.295938055,9.298000000,2.061945,1,12.517617,5.000000,14
783,400,10.389501,31375,9.310003692,9.318500000,8.496308,0,233.102447,5.000000,14
784,400,9.056253,31375,9.323066261,9.325500000,2.433739,1,9.056253,5.000000,14
785,400,7.091813,31375,9.336038245,9.338500000,2.461755,1,7.091813,5.000000,14
787,400,5.949249,31375,9.349351601,9.351500000,2.148399,1,5.949249,5.000000,14
788,400,5.243576,31375,9.364430740,9.366500000,2.069260,1,5.243576,5.000000,14
790,400,6.908496,31375,9.377144292,9.380000000,2.855708,1,6.908496,5.000000,14
791,400,7.607265,31375,9.391761136,9.394000000,2.238864,1,7.607265,5.000000,14
792,400,8.147407,31375,9.406597969,9.416000000,9.402031,0,233.102447,5.000000,14
793,400,7.511053,31375,9.420278835,9.422500000,2.221165,1,7.511053,5.000000,14
795,400,7.905161,31375,9.433277124,9.435500000,2.222876,1,7.905161,5.000000,14
796,400,8.556021,31375,9.449169186,9.451500000,2.330814,1,8.556021,5.000000,14
797,400,9.010657,31375,9.463704652,9.466000000,2.295348,1,9.010657,5.000000,14
798,400,8.419646,31375,9.477489675,9.480000000,2.510325,1,8.419646,5.000000,14
799,400,7.089132,31375,9.492872829,9.495000000,2.127171,1,7.089132,5.000000,14
802,400,8.634136,31375,9.523824723,9.631500000,107.675277,0,233.102447,5.000000,13
803,400,9.843086,31375,9.539311154,9.631500000,92.188846,0,233.102447,5.000000,13
804,400,11.821764,31375,9.556917946,9.631500000,74.582054,0,233.102447,5.000000,13
805,400,12.616503,31375,9.570732227,9.631500000,60.767773,0,233.102447,5.000000,13
806,400,12.559099,31375,9.587839617,9.631500000,43.660383,0,233.102447,5.000000,13
807,400,11.234137,31375,9.602166352,9.631500000,29.333648,0,233.102447,5.000000,13
808,400,11.063097,31375,9.614840887,9.631500000,16.659113,0,233.102447,5.000000,13
809,400,8.187436,31375,9.629093511,9.632000000,2.906489,1,8.187436,5.000000,13
810,400,7.015460,31375,9.642416385,9.645000000,2.583615,1,7.015460,5.000000,13
812,400,8.348781,31375,9.655174592,9.658500000,3.325408,1,8.348781,5.000000,13
813,400,9.489730,31375,9.670899434,9.679500000,8.600566,0,233.102447,5.000000,13
814,400,10.973631,31375,9.683794418,9.686500000,2.705582,1,10.973631,5.000000,13
815,400,12.759717,31375,9.696679627,9.700500000,3.820373,1,12.759717,5.000000,13
816,400,14.347524,31375,9.709991286,9.712500000,2.508714,1,14.347524,5.000000,14
817,400,13.960064,31375,9.723353930,9.725500000,2.146070,1,13.960064,5.000000,14
818,400,14.451615,31375,9.736614523,9.742000000,5.385477,0,233.102447,5.000000,14
819,400,15.012421,31375,9.750120264,9.752500000,2.379736,1,15.012421,5.000000,14
820,400,15.936518,31375,9.763221482,9.765500000,2.278518,1,15.936518,5.000000,14
821,400,14.859176,31375,9.777066235,9.779500000,2.433765,1,14.859176,5.000000,14
822,400,13.772525,31375,9.793512996,9.796000000,2.487004,1,13.772525,5.000000,14
823,400,12.853926,31375,9.807031029,9.812500000,5.468971,0,233.102447,5.000000,14
824,400,12.151147,31375,9.819716959,9.825000000,5.283041,0,233.102447,5.000000,14
825,400,9.229449,31375,9.835043793,9.840500000,5.456207,0,233.102447,5.000000,14
826,400,6.729898,31375,9.849789370,9.852500000,2.710630,1,6.729898,5.000000,14
827,400,5.364294,31375,9.862530584,9.865000000,2.469416,1,5.364294,5.000000,14
829,400,3.895869,31375,9.876785787,9.879000000,2.214213,1,3.895869,5.000000,14
830,400,4.077149,31375,9.890252354,9.895500000,5.247646,0,233.102447,5.000000,14
831,400,4.520076,31375,9.907555228,9.913000000,5.444772,0,233.102447,5.000000,14
832,400,5.360512,31375,9.921719635,9.924000000,2.280365,1,5.360512,5.000000,14
833,400,4.540953,31375,9.935125815,9.937500000,2.374185,1,4.540953,5.000000,14
834,400,4.259936,31375,9.949264788,9.951500000,2.235212,1,4.259936,5.000000,14
836,400,6.593374,31375,9.966689996,9.969000000,2.310004,1,6.593374,5.000000,14
837,400,8.168005,31375,9.979922401,9.982000000,2.077599,1,8.168005,5.000000,14
838,400,11.224626,31375,9.994204439,9.996500000,2.295561,1,11.224626,5.000000,14
839,400,14.361010,31375,10.007298560,10.012500000,5.201440,0,233.102447,5.000000,14
840,400,15.968976,31375,10.021675749,10.024000000,2.324251,1,15.968976,5.000000,14
841,400,15.197772,31375,10.034346538,10.036500000,2.153462,1,15.197772,5.000000,14
842,400,15.017213,31375,10.047810984,10.050000000,2.189016,1,15.017213,5.000000,14
843,400,15.996949,31375,10.061913644,10.064000000,2.086356,1,15.996949,5.000000,14
844,400,15.992070,31375,10.078366678,10.080500000,2.133322,1,15.992070,5.000000,14
845,400,15.658296,31375,10.092725471,10.095000000,2.274529,1,15.658296,5.000000,14
846,400,15.205528,31375,10.105551415,10.111000000,5.448585,0,233.102447,5.000000,14
847,400,14.000969,31375,10.118748336,10.121500000,2.751664,1,14.000969,5.000000,14
848,400,12.498248,31375,10.133337529,10.136500000,3.162471,1,12.498248,5.000000,14
849,400,12.423148,31375,10.146054672,10.149000000,2.945328,1,12.423148,5.000000,14
850,400,10.356576,31375,10.160584893,10.163000000,2.415107,1,10.356576,5.000000,14
851,400,9.380955,31375,10.173794020,10.176000000,2.205980,1,9.380955,5.000000,14
853,400,5.896326,31375,10.187559642,10.190000000,2.440358,1,5.896326,5.000000,14
854,400,4.411811,31375,10.200345773,10.205500000,5.154227,0,233.102447,5.000000,14
855,400,3.538002,31375,10.215579976,10.218000000,2.420024,1,3.538002,5.000000,14
857,400,3.218295,31375,10.229560610,10.232000000,2.439390,1,3.218295,5.000000,14
859,400,4.306494,31375,10.244855002,10.247000000,2.144998,1,4.306494,5.000000,14
860,400,5.120149,31375,10.257917770,10.260000000,2.082230,1,5.120149,5.000000,14
861,400,6.097756,31375,10.272781768,10.275000000,2.218232,1,6.097756,5.000000,14
862,400,6.876671,31375,10.285974860,10.288500000,2.525140,1,6.876671,5.000000,14
863,400,5.422426,31375,10.299669989,10.305000000,5.330011,0,233.102447,5.000000,14
864,400,4.089415,31375,10.313044206,10.316000000,2.955794,1,4.089415,5.000000,13
867,400,5.636507,31375,10.326363036,10.329000000,2.636964,1,5.636507,5.000000,13
868,400,7.976203,31375,10.340227378,10.343000000,2.772622,1,7.976203,5.000000,13
869,400,10.955782,31375,10.353435453,10.358500000,5.064547,0,233.102447,5.000000,13
870,400,18.147641,31375,10.370310135,10.373000000,2.689865,1,18.147641,5.000000,13
871,400,17.770446,31375,10.384169827,10.387000000,2.830173,1,17.770446,5.000000,13
872,400,16.780423,31375,10.400024595,10.405500000,5.475405,0,233.102447,5.000000,13
873,400,16.796155,31375,10.413943754,10.416500000,2.556246,1,16.796155,5.000000,13
874,400,15.417713,31375,10.428582527,10.431500000,2.917473,1,15.417713,5.000000,13
875,400,10.708135,31375,10.441442569,10.444000000,2.557431,1,10.708135,5.000000,13
876,400,8.249904,31375,10.454134828,10.457000000,2.865172,1,8.249904,5.000000,13
877,400,6.596078,31375,10.467172497,10.470000000,2.827503,1,6.596078,5.000000,13
878,400,4.210377,31375,10.480212321,10.483000000,2.787679,1,4.210377,5.000000,13
880,400,1.118383,31375,10.493206799,10.496000000,2.793201,1,1.118383,5.000000,13
882,400,3.933670,31375,10.510598181,10.516000000,5.401819,0,233.102447,5.000000,14
883,400,6.713168,31375,10.526428034,10.528500000,2.071966,1,6.713168,5.000000,14
884,400,9.760534,31375,10.539435668,10.541500000,2.064332,1,9.760534,5.000000,14
885,400,11.672013,31375,10.552134181,10.557500000,5.365819,0,233.102447,5.000000,14
886,400,13.135785,31375,10.565653699,10.574000000,8.346301,0,233.102447,5.000000,14
887,400,14.491011,31375,10.580412290,10.585500000,5.087710,0,233.102447,5.000000,14
888,400,16.435869,31375,10.595078182,10.597500000,2.421818,1,16.435869,5.000000,14
889,400,17.619648,31375,10.607770779,10.616500000,8.729221,0,233.102447,5.000000,14
890,400,19.176446,31375,10.624056847,10.626500000,2.443153,1,19.176446,5.000000,14
891,400,19.267529,31375,10.637124126,10.642500000,5.375874,0,233.102447,5.000000,14
892,400,19.668521,31375,10.651264797,10.653500000,2.235203,1,19.668521,5.000000,14
893,400,19.942649,31375,10.665312411,10.667500000,2.187589,1,19.942649,5.000000,14
894,400,20.337578,31375,10.678666869,10.681000000,2.333131,1,20.337578,5.000000,14
895,400,19.962498,31375,10.691812525,10.694000000,2.187475,1,19.962498,5.000000,14
896,400,19.861111,31375,10.705315213,10.710500000,5.184787,0,233.102447,5.000000,14
897,400,19.548389,31375,10.719230694,10.721500000,2.269306,1,19.548389,5.000000,14
898,400,20.053350,31375,10.732623703,10.735000000,2.376297,1,20.053350,5.000000,14
899,400,19.297587,31375,10.748887428,10.751000000,2.112572,1,19.297587,5.000000,14
900,400,18.627679,31375,10.762041822,10.764500000,2.458178,1,18.627679,5.000000,14
901,400,17.747551,31375,10.777009956,10.779500000,2.490044,1,17.747551,5.000000,14
902,400,17.607421,31375,10.790809849,10.793000000,2.190151,1,17.607421,5.000000,14
903,400,16.238093,31375,10.804797591,10.810000000,5.202409,0,233.102447,5.000000,14
904,400,12.219388,31375,10.818379450,10.820500000,2.120550,1,12.219388,5.000000,14
905,400,10.489009,31375,10.832507027,10.835000000,2.492973,1,10.489009,5.000000,14
906,400,8.776361,31375,10.847104463,10.849500000,2.395537,1,8.776361,5.000000,14
907,400,6.510583,31375,10.862686136,10.865000000,2.313864,1,6.510583,5.000000,14
909,400,6.203414,31375,10.875658252,10.878000000,2.341748,1,6.203414,5.000000,14
910,400,7.749502,31375,10.889241219,10.891500000,2.258781,1,7.749502,5.000000,14
911,400,8.768188,31375,10.902710000,10.905000000,2.290000,1,8.768188,5.000000,14
912,400,10.150170,31375,10.917824922,10.923000000,5.175078,0,233.102447,5.000000,14
913,400,11.543596,31375,10.932705960,10.935500000,2.794040,1,11.543596,5.000000,14
914,400,14.262120,31375,10.946111594,10.950000000,3.888406,1,14.262120,5.000000,14
915,400,14.227593,31375,10.959472449,10.967500000,8.027551,0,233.102447,5.000000,14
916,400,15.079201,31375,10.974134374,10.977500000,3.365626,1,15.079201,5.000000,14
917,400,15.388500,31375,10.989182125,10.992000000,2.817875,1,15.388500,5.000000,14
918,400,16.306397,31375,11.003615174,11.014500000,10.884826,0,233.102447,5.000000,14
919,400,15.916454,31375,11.016765285,11.019500000,2.734715,1,15.916454,5.000000,14
920,400,14.693430,31375,11.032128571,11.035000000,2.871429,1,14.693430,5.000000,14
921,400,13.915202,31375,11.046931987,11.049500000,2.568013,1,13.915202,5.000000,14
922,400,13.562173,31375,11.062907801,11.065500000,2.592199,1,13.562173,5.000000,14
923,400,11.303299,31375,11.077096386,11.080000000,2.903614,1,11.303299,5.000000,14
924,400,9.977758,31375,11.091518766,11.094500000,2.981234,1,9.977758,5.000000,14
925,400,8.466915,31375,11.106407791,11.115000000,8.592209,0,233.102447,5.000000,13
926,400,7.954003,31375,11.119172168,11.124500000,5.327832,0,233.102447,5.000000,13
928,400,5.859997,31375,11.132564163,11.135500000,2.935837,1,5.859997,5.000000,13
929,400,5.202558,31375,11.149699359,11.152500000,2.800641,1,5.202558,5.000000,13
930,400,5.198272,31375,11.162919608,11.165500000,2.580392,1,5.198272,5.000000,13
931,400,4.098723,31375,11.176888960,11.185000000,8.111040,0,233.102447,5.000000,13
933,400,4.643498,31375,11.190205811,11.193000000,2.794189,1,4.643498,5.000000,13
934,400,5.518303,31375,11.208201562,11.214000000,5.798438,0,233.102447,5.000000,13
935,400,5.433978,31375,11.223956829,11.229500000,5.543171,0,233.102447,5.000000,13
936,400,5.485061,31375,11.238322157,11.241000000,2.677843,1,5.485061,5.000000,13
937,400,5.134775,31375,11.254111254,11.258000000,3.888746,1,5.134775,5.000000,13
938,400,5.297067,31375,11.267555439,11.270500000,2.944561,1,5.297067,5.000000,13
939,400,5.198896,31375,11.283533455,11.286500000,2.966545,1,5.198896,5.000000,13
941,400,6.866851,31375,11.297732111,11.303000000,5.267889,0,233.102447,5.000000,13
942,400,8.175724,31375,11.314828047,11.317500000,2.671953,1,8.175724,5.000000,14
943,400,9.414197,31375,11.330890086,11.333500000,2.609914,1,9.414197,5.000000,14
944,400,10.962896,31375,11.346384484,11.351500000,5.115516,0,233.102447,5.000000,14
945,400,11.214806,31375,11.359270995,11.362000000,2.729005,1,11.214806,5.000000,14
946,400,12.152740,31375,11.373029177,11.377000000,3.970823,1,12.152740,5.000000,14
947,400,13.223356,31375,11.385924586,11.388500000,2.575414,1,13.223356,5.000000,14
948,400,14.859110,31375,11.399365739,11.410500000,11.134261,0,233.102447,5.000000,14
949,400,15.264112,31375,11.413160671,11.416000000,2.839329,1,15.264112,5.000000,14
950,400,15.247975,31375,11.429862045,11.432500000,2.637955,1,15.247975,5.000000,14
951,400,14.586240,31375,11.442728995,11.445500000,2.771005,1,14.586240,5.000000,14
952,400,14.716509,31375,11.456066209,11.459000000,2.933791,1,14.716509,5.000000,14
953,400,13.380418,31375,11.471014944,11.474000000,2.985056,1,13.380418,5.000000,14
954,400,12.162385,31375,11.485316811,11.488000000,2.683189,1,12.162385,5.000000,14
955,400,11.482726,31375,11.498989609,11.507500000,8.510391,0,233.102447,5.000000,14
956,400,11.775353,31375,11.512996260,11.515500000,2.503740,1,11.775353,5.000000,14
958,400,11.197647,31375,11.526568778,11.529000000,2.431222,1,11.197647,5.000000,14
959,400,12.134408,31375,11.541281315,11.543500000,2.218685,1,12.134408,5.000000,14
960,400,13.389545,31375,11.557906962,11.560000000,2.093038,1,13.389545,5.000000,14
961,400,16.141279,31375,11.573252867,11.576500000,3.247133,1,16.141279,5.000000,14
962,400,17.811902,31375,11.589639120,11.592000000,2.360880,1,17.811902,5.000000,14
963,400,13.274879,31375,11.604346339,11.609500000,5.153661,0,233.102447,5.000000,14
964,400,12.562006,31375,11.619064958,11.628500000,9.435042,0,233.102447,5.000000,14
966,400,11.089641,31375,11.633640522,11.636500000,2.859478,1,11.089641,5.000000,14
967,400,11.128658,31375,11.648292220,11.650500000,2.207780,1,11.128658,5.000000,14
968,400,11.231422,31375,11.660982321,11.667500000,6.517679,0,233.102447,5.000000,14
969,400,9.854965,31375,11.675579503,11.678000000,2.420497,1,9.854965,5.000000,14
971,400,11.443607,31375,11.689916722,11.692000000,2.083278,1,11.443607,5.000000,14
972,400,16.968251,31375,11.703128200,11.708500000,5.371800,0,233.102447,5.000000,14
973,400,16.479232,31375,11.719015016,11.721500000,2.484984,1,16.479232,5.000000,14
974,400,21.509340,31375,11.734439003,11.736500000,2.060997,1,21.509340,5.000000,14
975,400,20.887623,31375,11.747824810,11.753000000,5.175190,0,233.102447,5.000000,14
976,400,22.007759,31375,11.762458525,11.764500000,2.041475,1,22.007759,5.000000,14
977,400,18.575968,31375,11.776487104,11.779000000,2.512896,1,18.575968,5.000000,14
978,400,19.604661,31375,11.790190343,11.792500000,2.309657,1,19.604661,5.000000,14
979,400,19.504857,31375,11.804130491,11.809500000,5.369509,0,233.102447,5.000000,14
980,400,18.258412,31375,11.818672207,11.821000000,2.327793,1,18.258412,5.000000,14
981,400,13.065463,31375,11.834008315,11.836500000,2.491685,1,13.065463,5.000000,14
983,400,12.749651,31375,11.848370341,11.850500000,2.129659,1,12.749651,5.000000,14
984,400,15.749885,31375,11.862124868,11.864500000,2.375132,1,15.749885,5.000000,14
985,400,15.748923,31375,11.875670333,11.878000000,2.329667,1,15.748923,5.000000,14
986,400,17.261968,31375,11.891488141,11.894000000,2.511859,1,17.261968,5.000000,14
987,400,15.185905,31375,11.904955101,11.907500000,2.544899,1,15.185905,5.000000,14
988,400,13.474409,31375,11.917718131,11.920000000,2.281869,1,13.474409,5.000000,14
989,400,11.865579,31375,11.933268578,11.935500000,2.231422,1,11.865579,5.000000,14
990,400,11.272778,31375,11.947558129,11.950000000,2.441871,1,11.272778,5.000000,14
991,400,10.451787,31375,11.960591396,11.963000000,2.408604,1,10.451787,5.000000,14
992,400,9.747251,31375,11.977353885,11.979500000,2.146115,1,9.747251,5.000000,14
993,400,7.458950,31375,11.991875035,11.994000000,2.124965,1,7.458950,5.000000,14
995,400,3.764743,31375,12.005494536,12.011000000,5.505464,0,233.102447,5.000000,14
998,400,4.967037,31375,12.018553341,12.021000000,2.446659,1,4.967037,5.000000,14
999,400,6.056092,31375,12.036006766,12.039000000,2.993234,1,6.056092,5.000000,14
1000,400,5.807719,31375,12.052616759,12.055000000,2.383241,1,5.807719,5.000000,14
1001,400,5.962182,31375,12.065727230,12.068000000,2.272770,1,5.962182,5.000000,14
1003,400,5.231705,31375,12.081618041,12.084000000,2.381959,1,5.231705,5.000000,14
1004,400,5.390527,31375,12.094384869,12.096500000,2.115131,1,5.390527,5.000000,14
1006,400,5.476986,31375,12.109849876,12.115000000,5.150124,0,233.102447,5.000000,14
1007,400,4.403648,31375,12.124055283,12.126500000,2.444717,1,4.403648,5.000000,14
1008,400,3.239331,31375,12.137446315,12.139500000,2.053685,1,3.239331,5.000000,14
1011,400,4.781807,31375,12.152655165,12.155000000,2.344835,1,4.781807,5.000000,14
1012,400,6.513880,31375,12.165532186,12.168000000,2.467814,1,6.513880,5.000000,14
1013,400,7.345553,31375,12.181386529,12.183500000,2.113471,1,7.345553,5.000000,14
1014,400,8.258795,31375,12.194499061,12.197000000,2.500939,1,8.258795,5.000000,14
1015,400,7.451987,31375,12.207325281,12.212500000,5.174719,0,233.102447,5.000000,14
1016,400,6.333100,31375,12.221367503,12.223500000,2.132497,1,6.333100,5.000000,14
1019,400,4.009510,31375,12.234273491,12.236500000,2.226509,1,4.009510,5.000000,14
1020,400,3.762390,31375,12.250028244,12.252500000,2.471756,1,3.762390,5.000000,14
1021,400,3.343453,31375,12.262781907,12.265000000,2.218093,1,3.343453,5.000000,14
1023,400,3.204511,31375,12.277360252,12.279500000,2.139748,1,3.204511,5.000000,14
1024,400,4.011532,31375,12.291930501,12.294000000,2.069499,1,4.011532,5.000000,14
1026,400,7.190266,31375,12.306852537,12.315000000,8.147463,0,233.102447,5.000000,14
1028,400,5.069418,31375,12.320126018,12.322500000,2.373982,1,5.069418,5.000000,14
1029,400,5.289991,31375,12.333376859,12.338500000,5.123141,0,233.102447,5.000000,14
1030,400,5.144810,31375,12.348311599,12.350500000,2.188401,1,5.144810,5.000000,14
1031,400,5.837863,31375,12.361124746,12.363500000,2.375254,1,5.837863,5.000000,14
1032,400,5.764105,31375,12.376412073,12.378500000,2.087927,1,5.764105,5.000000,14
1033,400,5.506355,31375,12.391028465,12.393500000,2.471535,1,5.506355,5.000000,14
1035,400,5.735328,31375,12.403813295,12.409000000,5.186705,0,233.102447,5.000000,14
1036,400,5.937092,31375,12.419252139,12.421500000,2.247861,1,5.937092,5.000000,14
1037,400,6.272721,31375,12.434386211,12.436500000,2.113789,1,6.272721,5.000000,14
1038,400,6.632232,31375,12.449889267,12.452000000,2.110733,1,6.632232,5.000000,14
1039,400,6.978436,31375,12.466170797,12.469500000,3.329203,1,6.978436,5.000000,14
1040,400,5.921498,31375,12.479187297,12.482000000,2.812703,1,5.921498,5.000000,14
1041,400,4.448582,31375,12.492694009,12.495000000,2.305991,1,4.448582,5.000000,14
1043,400,2.645665,31375,12.508095396,12.513500000,5.404604,0,233.102447,5.000000,14
1045,400,1.876398,31375,12.523485698,12.526000000,2.514302,1,1.876398,5.000000,14
1047,400,3.448171,31375,12.538681478,12.541500000,2.818522,1,3.448171,5.000000,14
1048,400,3.740527,31375,12.553216967,12.555500000,2.283033,1,3.740527,5.000000,14
1049,400,4.366091,31375,12.566284732,12.569000000,2.715268,1,4.366091,5.000000,14
1050,400,5.064095,31375,12.582454957,12.585500000,3.045043,1,5.064095,5.000000,14
1051,400,5.760271,31375,12.598827668,12.601000000,2.172332,1,5.760271,5.000000,14
1052,400,4.962917,31375,12.612266348,12.617500000,5.233652,0,233.102447,5.000000,14
1054,400,2.987944,31375,12.625155958,12.633500000,8.344042,0,233.102447,5.000000,14
1058,400,4.182461,31375,12.639250793,12.641500000,2.249207,1,4.182461,5.000000,14
1059,400,5.763737,31375,12.655772022,12.658500000,2.727978,1,5.763737,5.000000,14
1060,400,6.378592,31375,12.670763951,12.673000000,2.236049,1,6.378592,5.000000,14
1062,400,9.017718,31375,12.685174327,12.687500000,2.325673,1,9.017718,5.000000,14
1063,400,11.433949,31375,12.698100036,12.700500000,2.399964,1,11.433949,5.000000,14
1064,400,11.756725,31375,12.713098596,12.718500000,5.401404,0,233.102447,5.000000,14
1065,400,12.203959,31375,12.729057471,12.734500000,5.442529,0,233.102447,5.000000,14
1066,400,11.859253,31375,12.742576411,12.745500000,2.923589,1,11.859253,5.000000,14
1067,400,11.661332,31375,12.757270258,12.762500000,5.229742,0,233.102447,5.000000,14
1068,400,11.198692,31375,12.770477367,12.773000000,2.522633,1,11.198692,5.000000,14
1069,400,10.042979,31375,12.784523780,12.787500000,2.976220,1,10.042979,5.000000,14
1070,400,9.563612,31375,12.797240333,12.800000000,2.759667,1,9.563612,5.000000,14
1071,400,8.177030,31375,12.810473643,12.816500000,6.026357,0,233.102447,5.000000,14
1072,400,6.322136,31375,12.824163881,12.827000000,2.836119,1,6.322136,5.000000,14
1073,400,5.122132,31375,12.837020723,12.845500000,8.479277,0,233.102447,5.000000,14
1076,400,2.748137,31375,12.850000160,12.856500000,6.499840,0,233.102447,5.000000,14
1077,400,2.885194,31375,12.865795688,12.868500000,2.704312,1,2.885194,5.000000,14
1079,400,3.359543,31375,12.881225853,12.884000000,2.774147,1,3.359543,5.000000,14
1080,400,3.436048,31375,12.895796662,12.898500000,2.703338,1,3.436048,5.000000,14
1081,400,3.748059,31375,12.909514710,12.915000000,5.485290,0,233.102447,5.000000,14
1082,400,3.352224,31375,12.924104749,12.929500000,5.395251,0,233.102447,5.000000,14
1083,400,3.669833,31375,12.938290972,12.940500000,2.209028,1,3.669833,5.000000,14
1085,400,4.620255,31375,12.951802288,12.954000000,2.197712,1,4.620255,5.000000,14
1086,400,4.818786,31375,12.965530979,12.968000000,2.469021,1,4.818786,5.000000,14
1088,400,6.314202,31375,12.981325741,12.983500000,2.174259,1,6.314202,5.000000,14
1089,400,7.463567,31375,12.996294852,12.998500000,2.205148,1,7.463567,5.000000,14
1090,400,8.406300,31375,13.010400825,13.015500000,5.099175,0,233.102447,5.000000,14
1091,400,9.646360,31375,13.023345400,13.025500000,2.154600,1,9.646360,5.000000,14
1092,400,10.006959,31375,13.040016685,13.043500000,3.483315,1,10.006959,5.000000,14
1093,400,10.467846,31375,13.053372602,13.056500000,3.127398,1,10.467846,5.000000,14
1094,400,10.404326,31375,13.067498192,13.070000000,2.501808,1,10.404326,5.000000,14
1095,400,10.882743,31375,13.082374800,13.084500000,2.125200,1,10.882743,5.000000,14
1096,400,10.739034,31375,13.098214639,13.100500000,2.285361,1,10.739034,5.000000,14
1097,400,10.473704,31375,13.111472182,13.119500000,8.027818,0,233.102447,5.000000,14
1098,400,10.375418,31375,13.125953296,13.128000000,2.046704,1,10.375418,5.000000,14
1099,400,10.343222,31375,13.139199592,13.141500000,2.300408,1,10.343222,5.000000,14
1100,400,9.780456,31375,13.153730071,13.156000000,2.269929,1,9.780456,5.000000,14
1101,400,9.525974,31375,13.168960834,13.172000000,3.039166,1,9.525974,5.000000,14
1102,400,9.119617,31375,13.182314089,13.185500000,3.185911,1,9.119617,5.000000,14
1104,400,8.646045,31375,13.197170763,13.199500000,2.329237,1,8.646045,5.000000,14
1105,400,8.746899,31375,13.212597054,13.218000000,5.402946,0,233.102447,5.000000,14
1106,400,8.940804,31375,13.227228918,13.229500000,2.271082,1,8.940804,5.000000,14
1107,400,9.299737,31375,13.240402907,13.242500000,2.097093,1,9.299737,5.000000,14
1108,400,9.190652,31375,13.253545243,13.256000000,2.454757,1,9.190652,5.000000,14
1109,400,9.597861,31375,13.266714976,13.272000000,5.285024,0,233.102447,5.000000,14
1110,400,9.437656,31375,13.282005179,13.284500000,2.494821,1,9.437656,5.000000,14
1111,400,9.601061,31375,13.296111735,13.299500000,3.388265,1,9.601061,5.000000,14
1112,400,9.344267,31375,13.309802572,13.318000000,8.197428,0,233.102447,5.000000,14
1113,400,9.165990,31375,13.324945513,13.327000000,2.054487,1,9.165990,5.000000,14
1114,400,9.199406,31375,13.338795942,13.341500000,2.704058,1,9.199406,5.000000,14
1115,400,9.305472,31375,13.354887494,13.357000000,2.112506,1,9.305472,5.000000,14
1116,400,8.501912,31375,13.368990259,13.371500000,2.509741,1,8.501912,5.000000,14
1117,400,8.041703,31375,13.384631209,13.387000000,2.368791,1,8.041703,5.000000,14
1118,400,7.522399,31375,13.397982455,13.400500000,2.517545,1,7.522399,5.000000,14
1119,400,7.107386,31375,13.411641554,13.417000000,5.358446,0,233.102447,5.000000,14
1120,400,6.366783,31375,13.426559253,13.429500000,2.940747,1,6.366783,5.000000,14
1121,400,5.938339,31375,13.439984348,13.443000000,3.015652,1,5.938339,5.000000,14
1122,400,5.583044,31375,13.454734793,13.463000000,8.265207,0,233.102447,5.000000,14
1124,400,4.364837,31375,13.467921164,13.470000000,2.078836,1,4.364837,5.000000,14
1125,400,3.946792,31375,13.482708509,13.485000000,2.291491,1,3.946792,5.000000,14
1126,400,3.698112,31375,13.496529400,13.502000000,5.470600,0,233.102447,5.000000,14
1128,400,4.141952,31375,13.510630195,13.516000000,5.369805,0,233.102447,5.000000,14
1129,400,4.635738,31375,13.523853741,13.526000000,2.146259,1,4.635738,5.000000,14
1130,400,5.039684,31375,13.537214870,13.539500000,2.285130,1,5.039684,5.000000,14
1131,400,5.689870,31375,13.550825654,13.553000000,2.174346,1,5.689870,5.000000,14
1132,400,5.782520,31375,13.566214350,13.568500000,2.285650,1,5.782520,5.000000,14
1133,400,6.042368,31375,13.580442419,13.583500000,3.057581,1,6.042368,5.000000,14
1134,400,6.017442,31375,13.596417614,13.598500000,2.082386,1,6.017442,5.000000,14
1135,400,6.080832,31375,13.612168768,13.617500000,5.331232,0,233.102447,5.000000,14
1136,400,6.174695,31375,13.625735006,13.628000000,2.264994,1,6.174695,5.000000,14
1137,400,6.194454,31375,13.638543570,13.641000000,2.456430,1,6.194454,5.000000,14
1138,400,6.340564,31375,13.651598356,13.654000000,2.401644,1,6.340564,5.000000,14
1139,400,6.639352,31375,13.664868656,13.667000000,2.131344,1,6.639352,5.000000,14
1140,400,6.222859,31375,13.678102882,13.682000000,3.897118,1,6.222859,5.000000,14
1141,400,5.866391,31375,13.693377250,13.695500000,2.122750,1,5.866391,5.000000,14
1143,400,6.126764,31375,13.706972907,13.712500000,5.527093,0,233.102447,5.000000,14
1145,400,6.440221,31375,13.724143856,13.727000000,2.856144,1,6.440221,5.000000,14
1146,400,7.390234,31375,13.736888737,13.739000000,2.111263,1,7.390234,5.000000,14
1147,400,8.318109,31375,13.753334400,13.755500000,2.165600,1,8.318109,5.000000,14
1148,400,8.317375,31375,13.766214263,13.771500000,5.285737,0,233.102447,5.000000,14
1149,400,8.490601,31375,13.782785080,13.785000000,2.214920,1,8.490601,5.000000,14
1150,400,8.518912,31375,13.796129075,13.798500000,2.370925,1,8.518912,5.000000,14
1151,400,9.611291,31375,13.811333284,13.816500000,5.166716,0,233.102447,5.000000,14
1152,400,9.556660,31375,13.825393481,13.827500000,2.106519,1,9.556660,5.000000,14
1153,400,9.445529,31375,13.841848574,13.844000000,2.151426,1,9.445529,5.000000,14
1154,400,9.229315,31375,13.858819329,13.861000000,2.180671,1,9.229315,5.000000,14
1155,400,9.220677,31375,13.871745892,13.874500000,2.754108,1,9.220677,5.000000,14
1156,400,7.930827,31375,13.885439020,13.887500000,2.060980,1,7.930827,5.000000,14
1157,400,7.852647,31375,13.900101870,13.905500000,5.398130,0,233.102447,5.000000,14
1158,400,7.856088,31375,13.914519602,13.917500000,2.980398,1,7.856088,5.000000,14
1159,400,7.900503,31375,13.927335486,13.930000000,2.664514,1,7.900503,5.000000,14
1160,400,7.505859,31375,13.940094151,13.943500000,3.405849,1,7.505859,5.000000,14
1161,400,6.964846,31375,13.956279019,13.959500000,3.220981,1,6.964846,5.000000,14
1162,400,6.355717,31375,13.969875045,13.975500000,5.624955,0,233.102447,5.000000,14
1164,400,5.075885,31375,13.984511605,13.990500000,5.988395,0,233.102447,5.000000,14
1165,400,4.460820,31375,13.999614470,14.005500000,5.885530,0,233.102447,5.000000,14
1166,400,3.457965,31375,14.013022120,14.016000000,2.977880,1,3.457965,5.000000,14
1167,400,3.325830,31375,14.026341806,14.029000000,2.658194,1,3.325830,5.000000,14
1169,400,2.671196,31375,14.041375438,14.044000000,2.624562,1,2.671196,5.000000,14
1170,400,2.495979,31375,14.057419117,14.060000000,2.580883,1,2.495979,5.000000,14
1171,400,2.547937,31375,14.072678853,14.075500000,2.821147,1,2.547937,5.000000,14
1173,400,1.719922,31375,14.087592885,14.090500000,2.907115,1,1.719922,5.000000,14
1174,400,1.691884,31375,14.100667672,14.106000000,5.332328,0,233.102447,5.000000,14
1175,400,1.834270,31375,14.113972004,14.116500000,2.527996,1,1.834270,5.000000,14
1177,400,2.012821,31375,14.127312711,14.129500000,2.187289,1,2.012821,5.000000,14
1178,400,2.183950,31375,14.141388346,14.145000000,3.611654,1,2.183950,5.000000,14
1179,400,2.516564,31375,14.154178814,14.159500000,5.321186,0,233.102447,5.000000,14
1181,400,3.396948,31375,14.167385237,14.169500000,2.114763,1,3.396948,5.000000,14
1182,400,3.502531,31375,14.180408360,14.182500000,2.091640,1,3.502531,5.000000,14
1184,400,4.453581,31375,14.193168016,14.195500000,2.331984,1,4.453581,5.000000,14
1185,400,4.615743,31375,14.205842770,14.211000000,5.157230,0,233.102447,5.000000,14
1186,400,5.049977,31375,14.219622521,14.222000000,2.377479,1,5.049977,5.000000,14
1187,400,5.332325,31375,14.234848524,14.237000000,2.151476,1,5.332325,5.000000,14
1188,400,5.078146,31375,14.248409603,14.253500000,5.090397,0,233.102447,5.000000,14
1189,400,4.583536,31375,14.263297417,14.265500000,2.202583,1,4.583536,5.000000,14
1190,400,4.446679,31375,14.276261093,14.278500000,2.238907,1,4.446679,5.000000,14
1191,400,4.067059,31375,14.293233575,14.295500000,2.266425,1,4.067059,5.000000,14
1192,400,3.772633,31375,14.306956720,14.312500000,5.543280,0,233.102447,5.000000,13
1194,400,2.851648,31375,14.320744904,14.323500000,2.755096,1,2.851648,5.000000,13
1195,400,2.699091,31375,14.334694399,14.337500000,2.805601,1,2.699091,5.000000,13
1196,400,2.933739,31375,14.350000436,14.353000000,2.999564,1,2.933739,5.000000,13
1198,400,2.905885,31375,14.363062617,14.366000000,2.937383,1,2.905885,5.000000,13
1200,400,3.091957,31375,14.376748933,14.379500000,2.751067,1,3.091957,5.000000,13
1201,400,6.285545,31375,14.391782012,14.394500000,2.717988,1,6.285545,5.000000,13
1202,400,6.304686,31375,14.405601997,14.417000000,11.398003,0,233.102447,5.000000,13
1204,400,6.422577,31375,14.422720867,14.428000000,5.279133,0,233.102447,5.000000,13
1205,400,6.502011,31375,14.436014966,14.439000000,2.985034,1,6.502011,5.000000,13
1206,400,6.430957,31375,14.449193659,14.452500000,3.306341,1,6.430957,5.000000,13
1207,400,6.558364,31375,14.462212297,14.465000000,2.787703,1,6.558364,5.000000,13
1208,400,6.634330,31375,14.475560232,14.478500000,2.939768,1,6.634330,5.000000,13
1209,400,6.714630,31375,14.489716485,14.492500000,2.783515,1,6.714630,5.000000,13
1210,400,6.598601,31375,14.505008826,14.511000000,5.991174,0,233.102447,5.000000,14
1211,400,6.891752,31375,14.518657142,14.521000000,2.342858,1,6.891752,5.000000,14
1212,400,7.069543,31375,14.533546361,14.539000000,5.453639,0,233.102447,5.000000,14
1213,400,7.351878,31375,14.547263332,14.549500000,2.236668,1,7.351878,5.000000,14
1214,400,7.351670,31375,14.563719283,14.566000000,2.280717,1,7.351670,5.000000,14
1215,400,7.493262,31375,14.576437467,14.578500000,2.062533,1,7.493262,5.000000,14
1216,400,7.696415,31375,14.590260200,14.593000000,2.739800,1,7.696415,5.000000,14
1217,400,7.754040,31375,14.603126524,14.617500000,14.373476,0,233.102447,5.000000,14
1218,400,6.542975,31375,14.616301812,14.618500000,2.198188,1,6.542975,5.000000,14
1219,400,6.347249,31375,14.631052380,14.634000000,2.947620,1,6.347249,5.000000,14
1220,400,6.293623,31375,14.645119054,14.647500000,2.380946,1,6.293623,5.000000,14
1222,400,6.234664,31375,14.658283191,14.660500000,2.216809,1,6.234664,5.000000,14
1223,400,6.283706,31375,14.673112909,14.675500000,2.387091,1,6.283706,5.000000,14
1224,400,6.264016,31375,14.686005309,14.691500000,5.494691,0,233.102447,5.000000,14
1225,400,6.456766,31375,14.701187871,14.709500000,8.312129,0,233.102447,5.000000,14
1226,400,6.666871,31375,14.713997257,14.717500000,3.502743,1,6.666871,5.000000,14
1227,400,6.818226,31375,14.731728441,14.734000000,2.271559,1,6.818226,5.000000,14
1228,400,6.921097,31375,14.744603848,14.747000000,2.396152,1,6.921097,5.000000,14
1229,400,7.060042,31375,14.759234654,14.761500000,2.265346,1,7.060042,5.000000,14
1230,400,7.380183,31375,14.774789643,14.777000000,2.210357,1,7.380183,5.000000,14
1231,400,7.554639,31375,14.787544801,14.790000000,2.455199,1,7.554639,5.000000,14
1232,400,7.584876,31375,14.800849604,14.806000000,5.150396,0,233.102447,5.000000,14
1233,400,7.583851,31375,14.814021465,14.816500000,2.478535,1,7.583851,5.000000,14
1234,400,6.959878,31375,14.827646855,14.830000000,2.353145,1,6.959878,5.000000,14
1235,400,6.032314,31375,14.840955008,14.843000000,2.044992,1,6.032314,5.000000,14
1236,400,5.721812,31375,14.853811953,14.856000000,2.188047,1,5.721812,5.000000,14
1237,400,5.393944,31375,14.867402370,14.869500000,2.097630,1,5.393944,5.000000,14
1238,400,5.109838,31375,14.881822327,14.884000000,2.177673,1,5.109838,5.000000,14
1239,400,4.739765,31375,14.896906336,14.899000000,2.093664,1,4.739765,5.000000,14
1240,400,4.474787,31375,14.911569328,14.920000000,8.430672,0,233.102447,5.000000,14
1241,400,4.303072,31375,14.925508588,14.928000000,2.491412,1,4.303072,5.000000,14
1243,400,4.139544,31375,14.938321654,14.941000000,2.678346,1,4.139544,5.000000,14
1245,400,4.630193,31375,14.951224243,14.953500000,2.275757,1,4.630193,5.000000,14
1246,400,5.647958,31375,14.964105731,14.966500000,2.394269,1,5.647958,5.000000,14
1247,400,6.083013,31375,14.977863860,14.980000000,2.136140,1,6.083013,5.000000,14
1248,400,5.992347,31375,14.993319587,14.995500000,2.180413,1,5.992347,5.000000,14
1249,400,5.941077,31375,15.007501481,15.013000000,5.498519,0,233.102447,5.000000,14
1250,400,5.574630,31375,15.022432923,15.024500000,2.067077,1,5.574630,5.000000,14
1251,400,5.407121,31375,15.038057219,15.041000000,2.942781,1,5.407121,5.000000,14
1252,400,5.395322,31375,15.052399086,15.055000000,2.600914,1,5.395322,5.000000,14
1253,400,5.378174,31375,15.069101173,15.071500000,2.398827,1,5.378174,5.000000,14
1254,400,5.176783,31375,15.082115584,15.084500000,2.384416,1,5.176783,5.000000,14
1255,400,4.907417,31375,15.097934012,15.100000000,2.065988,1,4.907417,5.000000,14
1256,400,4.560030,31375,15.111787380,15.114000000,2.212620,1,4.560030,5.000000,14
1257,400,4.513476,31375,15.126761070,15.132000000,5.238930,0,233.102447,5.000000,14
1258,400,4.290673,31375,15.140019071,15.142500000,2.480929,1,4.290673,5.000000,14
1259,400,4.315296,31375,15.153414688,15.155500000,2.085312,1,4.315296,5.000000,14
1260,400,3.999036,31375,15.166417458,15.168500000,2.082542,1,3.999036,5.000000,14
1262,400,4.200319,31375,15.183313067,15.185500000,2.186933,1,4.200319,5.000000,14
1264,400,4.659228,31375,15.196218622,15.198500000,2.281378,1,4.659228,5.000000,14
1265,400,4.809798,31375,15.211942142,15.218000000,6.057858,0,233.102447,5.000000,14
1266,400,4.513797,31375,15.226705147,15.229000000,2.294853,1,4.513797,5.000000,14
1267,400,4.717311,31375,15.243418391,15.245500000,2.081609,1,4.717311,5.000000,14
1268,400,4.741266,31375,15.260710782,15.263000000,2.289218,1,4.741266,5.000000,14
1269,400,4.823057,31375,15.274422651,15.276500000,2.077349,1,4.823057,5.000000,14
1270,400,4.956725,31375,15.291061197,15.293500000,2.438803,1,4.956725,5.000000,14
1271,400,5.347044,31375,15.305670286,15.314000000,8.329714,0,233.102447,5.000000,14
1272,400,5.250319,31375,15.318522394,15.321000000,2.477606,1,5.250319,5.000000,14
1273,400,6.667915,31375,15.331337779,15.333500000,2.162221,1,6.667915,5.000000,14
1274,400,6.410374,31375,15.344531172,15.347000000,2.468828,1,6.410374,5.000000,14
1275,400,6.435198,31375,15.358143310,15.360500000,2.356690,1,6.435198,5.000000,14
1276,400,5.990641,31375,15.371785341,15.374000000,2.214659,1,5.990641,5.000000,14
1278,400,5.357332,31375,15.386216200,15.394500000,8.283800,0,233.102447,5.000000,14
1279,400,5.228231,31375,15.399496852,15.405000000,5.503148,0,233.102447,5.000000,14
1280,400,5.180549,31375,15.415455668,15.417500000,2.044332,1,5.180549,5.000000,14
1282,400,5.015553,31375,15.429209908,15.431500000,2.290092,1,5.015553,5.000000,14
1283,400,5.004977,31375,15.443637866,15.446000000,2.362134,1,5.004977,5.000000,14
1284,400,4.514810,31375,15.457960141,15.460000000,2.039859,1,4.514810,5.000000,14
1285,400,4.773661,31375,15.470962955,15.473000000,2.037045,1,4.773661,5.000000,14
1286,400,4.818803,31375,15.487686404,15.493500000,5.813596,0,233.102447,5.000000,14
1287,400,4.719626,31375,15.503241439,15.508500000,5.258561,0,233.102447,5.000000,14
1288,400,4.574678,31375,15.516714608,15.519000000,2.285392,1,4.574678,5.000000,14
1289,400,4.330017,31375,15.533630220,15.536000000,2.369780,1,4.330017,5.000000,14
1290,400,4.095569,31375,15.546853718,15.549000000,2.146282,1,4.095569,5.000000,14
1291,400,3.869211,31375,15.559902889,15.562000000,2.097111,1,3.869211,5.000000,14
1292,400,3.821212,31375,15.573951674,15.576000000,2.048326,1,3.821212,5.000000,14
1293,400,3.709897,31375,15.587080487,15.589500000,2.419513,1,3.709897,5.000000,14
1294,400,3.480263,31375,15.602315535,15.607500000,5.184465,0,233.102447,5.000000,14
1296,400,3.536070,31375,15.616850985,15.619000000,2.149015,1,3.536070,5.000000,14
1298,400,3.885257,31375,15.631922253,15.634000000,2.077747,1,3.885257,5.000000,14
1299,400,4.039670,31375,15.646027533,15.648500000,2.472467,1,4.039670,5.000000,14
1300,400,4.322631,31375,15.661094011,15.663500000,2.405989,1,4.322631,5.000000,14
1301,400,4.069899,31375,15.674333407,15.676500000,2.166593,1,4.069899,5.000000,14
1303,400,5.260897,31375,15.688032737,15.690500000,2.467263,1,5.260897,5.000000,14
1304,400,5.762414,31375,15.703924526,15.709000000,5.075474,0,233.102447,5.000000,14
1305,400,5.912776,31375,15.717409530,15.719500000,2.090470,1,5.912776,5.000000,14
1306,400,5.896431,31375,15.730550604,15.733000000,2.449396,1,5.896431,5.000000,14
1307,400,5.500641,31375,15.744681309,15.747000000,2.318691,1,5.500641,5.000000,14
1308,400,5.176921,31375,15.759183877,15.761500000,2.316123,1,5.176921,5.000000,14
1309,400,5.155804,31375,15.774137508,15.777500000,3.362492,1,5.155804,5.000000,14
1310,400,4.833610,31375,15.788279801,15.790500000,2.220199,1,4.833610,5.000000,14
1311,400,4.755041,31375,15.801400247,15.809500000,8.099753,0,233.102447,5.000000,14
1312,400,4.648982,31375,15.815791269,15.818000000,2.208731,1,4.648982,5.000000,14
1314,400,3.989161,31375,15.829249705,15.831500000,2.250295,1,3.989161,5.000000,14
1316,400,3.196961,31375,15.842039344,15.844500000,2.460656,1,3.196961,5.000000,14
1317,400,3.099439,31375,15.855493424,15.858000000,2.506576,1,3.099439,5.000000,14
1318,400,2.715345,31375,15.869965864,15.872500000,2.534136,1,2.715345,5.000000,14
1319,400,2.294808,31375,15.882837278,15.885000000,2.162722,1,2.294808,5.000000,14
1321,400,1.862964,31375,15.897544794,15.900000000,2.455206,1,1.862964,5.000000,14
1324,400,1.942560,31375,15.911599278,15.920000000,8.400722,0,233.102447,5.000000,14
1325,400,2.326074,31375,15.927654550,15.930000000,2.345450,1,2.326074,5.000000,14
1326,400,2.419933,31375,15.940444511,15.942500000,2.055489,1,2.419933,5.000000,14
1327,400,2.437446,31375,15.957590918,15.960000000,2.409082,1,2.437446,5.000000,14
1329,400,2.906471,31375,15.970487969,15.973000000,2.512031,1,2.906471,5.000000,14
1331,400,3.735255,31375,15.984010605,15.986500000,2.489395,1,3.735255,5.000000,14
1332,400,3.869714,31375,15.997622108,16.000000000,2.377892,1,3.869714,5.000000,14
1333,400,4.532404,31375,16.012872191,16.021000000,8.127809,0,233.102447,5.000000,14
1334,400,4.698607,31375,16.026562582,16.029000000,2.437418,1,4.698607,5.000000,14
1335,400,4.504888,31375,16.040554726,16.043000000,2.445274,1,4.504888,5.000000,14
1336,400,4.633697,31375,16.055161281,16.057500000,2.338719,1,4.633697,5.000000,14
1337,400,4.453065,31375,16.068371151,16.070500000,2.128849,1,4.453065,5.000000,14
1338,400,4.112491,31375,16.084266231,16.086500000,2.233769,1,4.112491,5.000000,14
1340,400,3.741686,31375,16.098165677,16.100500000,2.334323,1,3.741686,5.000000,14
1341,400,3.864917,31375,16.113141858,16.119000000,5.858142,0,233.102447,5.000000,14
1342,400,3.692432,31375,16.126855642,16.129000000,2.144358,1,3.692432,5.000000,14
1343,400,3.737802,31375,16.141467103,16.144500000,3.032897,1,3.737802,5.000000,14
1344,400,3.762028,31375,16.154487153,16.157500000,3.012847,1,3.762028,5.000000,14
1347,400,3.608630,31375,16.167718592,16.170000000,2.281408,1,3.608630,5.000000,14
1348,400,3.669855,31375,16.180892142,16.183000000,2.107858,1,3.669855,5.000000,14
1349,400,3.782918,31375,16.195192899,16.197500000,2.307101,1,3.782918,5.000000,14
1350,400,3.756381,31375,16.209197530,16.214500000,5.302470,0,233.102447,5.000000,14
1351,400,4.375563,31375,16.225834824,16.228000000,2.165176,1,4.375563,5.000000,14
1352,400,4.654131,31375,16.238964324,16.242500000,3.535676,1,4.654131,5.000000,14
1353,400,5.063996,31375,16.251725065,16.254000000,2.274935,1,5.063996,5.000000,14
1354,400,5.173456,31375,16.265015724,16.267500000,2.484276,1,5.173456,5.000000,14
1355,400,5.392518,31375,16.279710136,16.282000000,2.289864,1,5.392518,5.000000,14
1356,400,5.545139,31375,16.294043095,16.296500000,2.456905,1,5.545139,5.000000,14
1357,400,5.804575,31375,16.307614384,16.313500000,5.885616,0,233.102447,5.000000,14
1358,400,6.085903,31375,16.322069540,16.324500000,2.430460,1,6.085903,5.000000,14
1359,400,6.300135,31375,16.335263894,16.337500000,2.236106,1,6.300135,5.000000,14
1360,400,6.327418,31375,16.348994069,16.351500000,2.505931,1,6.327418,5.000000,14
1361,400,6.528146,31375,16.364886274,16.367000000,2.113726,1,6.528146,5.000000,14
1362,400,6.016932,31375,16.378974397,16.381500000,2.525603,1,6.016932,5.000000,14
1363,400,5.442166,31375,16.393714405,16.396000000,2.285595,1,5.442166,5.000000,14
1364,400,5.195748,31375,16.408969073,16.415000000,6.030927,0,233.102447,5.000000,14
1365,400,5.081952,31375,16.424304731,16.426500000,2.195269,1,5.081952,5.000000,14
1366,400,4.715482,31375,16.437657783,16.440000000,2.342217,1,4.715482,5.000000,14
1367,400,4.703691,31375,16.451507763,16.454000000,2.492237,1,4.703691,5.000000,14
1368,400,4.373400,31375,16.464196092,16.469500000,5.303908,0,233.102447,5.000000,14
1369,400,4.195952,31375,16.478914053,16.481000000,2.085947,1,4.195952,5.000000,14
1370,400,4.147956,31375,16.492229614,16.494500000,2.270386,1,4.147956,5.000000,14
1371,400,3.924211,31375,16.505282705,16.510500000,5.217295,0,233.102447,5.000000,14
1372,400,3.858431,31375,16.520886335,16.523000000,2.113665,1,3.858431,5.000000,14
1375,400,7.284352,31375,16.534689236,16.537000000,2.310764,1,7.284352,5.000000,14
1376,400,7.131022,31375,16.549534626,16.552000000,2.465374,1,7.131022,5.000000,14
1377,400,7.087803,31375,16.562205832,16.564500000,2.294168,1,7.087803,5.000000,14
1378,400,7.103476,31375,16.575958291,16.578000000,2.041709,1,7.103476,5.000000,14
1379,400,7.235155,31375,16.590553335,16.599000000,8.446665,0,233.102447,5.000000,14
1380,400,6.876221,31375,16.603294979,16.608500000,5.205021,0,233.102447,5.000000,14
1381,400,6.965483,31375,16.616638005,16.619500000,2.861995,1,6.965483,5.000000,14
1382,400,7.035832,31375,16.630102954,16.632500000,2.397046,1,7.035832,5.000000,14
1384,400,7.047373,31375,16.644098177,16.646500000,2.401823,1,7.047373,5.000000,14
1385,400,6.894973,31375,16.657623828,16.660000000,2.376172,1,6.894973,5.000000,14
1386,400,6.900954,31375,16.670932408,16.673000000,2.067592,1,6.900954,5.000000,14
1387,400,7.058600,31375,16.683807069,16.686000000,2.192931,1,7.058600,5.000000,14
1388,400,6.924390,31375,16.700627114,16.709000000,8.372886,0,233.102447,5.000000,14
1389,400,6.951824,31375,16.714802339,16.717000000,2.197661,1,6.951824,5.000000,14
1390,400,7.026370,31375,16.728809817,16.731000000,2.190183,1,7.026370,5.000000,14
1391,400,7.178685,31375,16.741488385,16.744000000,2.511615,1,7.178685,5.000000,14
1392,400,5.303243,31375,16.754223640,16.756500000,2.276360,1,5.303243,5.000000,14
1393,400,5.275160,31375,16.767775764,16.770000000,2.224236,1,5.275160,5.000000,14
1394,400,5.055100,31375,16.782952229,16.785500000,2.547771,1,5.055100,5.000000,14
1395,400,4.886720,31375,16.796564750,16.799000000,2.435250,1,4.886720,5.000000,14
1396,400,3.589603,31375,16.809730332,16.818000000,8.269668,0,233.102447,5.000000,14
1397,400,3.217672,31375,16.823980374,16.826500000,2.519626,1,3.217672,5.000000,14
1398,400,2.803093,31375,16.840005498,16.842500000,2.494502,1,2.803093,5.000000,14
1399,400,2.587506,31375,16.853005394,16.856000000,2.994606,1,2.587506,5.000000,14
1401,400,1.511134,31375,16.866298279,16.869000000,2.701721,1,1.511134,5.000000,14
1403,400,1.122303,31375,16.880512767,16.883000000,2.487233,1,1.122303,5.000000,14
1404,400,0.786181,31375,16.895286070,16.897500000,2.213930,1,0.786181,5.000000,14
1408,400,1.399338,31375,16.908734811,16.914000000,5.265189,0,233.102447,5.000000,14
1409,400,2.020713,31375,16.922617583,16.925000000,2.382417,1,2.020713,5.000000,14
1410,400,2.346238,31375,16.936070224,16.938500000,2.429776,1,2.346238,5.000000,14
1411,400,3.135933,31375,16.949056000,16.951500000,2.444000,1,3.135933,5.000000,14
1412,400,3.212341,31375,16.966524400,16.969000000,2.475600,1,3.212341,5.000000,14
1413,400,3.096935,31375,16.981395146,16.983500000,2.104854,1,3.096935,5.000000,14
1415,400,3.307196,31375,16.994642291,16.997000000,2.357709,1,3.307196,5.000000,14
1416,400,3.090201,31375,17.011042831,17.016500000,5.457169,0,233.102447,5.000000,14
1418,400,2.730768,31375,17.023960767,17.026000000,2.039233,1,2.730768,5.000000,14
1419,400,2.893795,31375,17.036897192,17.039000000,2.102808,1,2.893795,5.000000,14
1422,400,2.281208,31375,17.055693068,17.058000000,2.306932,1,2.281208,5.000000,14
1423,400,2.710682,31375,17.070647623,17.073000000,2.352377,1,2.710682,5.000000,14
1424,400,2.450143,31375,17.087920243,17.090000000,2.079757,1,2.450143,5.000000,14
1425,400,2.235168,31375,17.100862907,17.106000000,5.137093,0,233.102447,5.000000,14
1427,400,1.959076,31375,17.115533590,17.119000000,3.466410,1,1.959076,5.000000,14
1428,400,1.827525,31375,17.128489646,17.134000000,5.510354,0,233.102447,5.000000,14
1431,400,2.655563,31375,17.144456518,17.146500000,2.043482,1,2.655563,5.000000,14
1432,400,2.898802,31375,17.157261608,17.160000000,2.738392,1,2.898802,5.000000,14
1433,400,3.962141,31375,17.170634938,17.173000000,2.365062,1,3.962141,5.000000,14
1434,400,4.132398,31375,17.184233944,17.189500000,5.266056,0,233.102447,5.000000,14
1435,400,4.362920,31375,17.198941453,17.201000000,2.058547,1,4.362920,5.000000,14
1436,400,5.188525,31375,17.212594515,17.218000000,5.405485,0,233.102447,5.000000,14
1437,400,5.289968,31375,17.225894012,17.228000000,2.105988,1,5.289968,5.000000,14
1439,400,5.672939,31375,17.239462663,17.241500000,2.037337,1,5.672939,5.000000,14
1440,400,5.320198,31375,17.252759375,17.258000000,5.240625,0,233.102447,5.000000,14
1441,400,5.248939,31375,17.267049092,17.269500000,2.450908,1,5.248939,5.000000,14
1442,400,5.083817,31375,17.279939340,17.285000000,5.060660,0,233.102447,5.000000,14
1443,400,5.024520,31375,17.294282051,17.296500000,2.217949,1,5.024520,5.000000,14
1444,400,4.891011,31375,17.307732689,17.313000000,5.267311,0,233.102447,5.000000,14
1445,400,4.890497,31375,17.320657074,17.326000000,5.342926,0,233.102447,5.000000,14
1446,400,4.710634,31375,17.333925606,17.336500000,2.574394,1,4.710634,5.000000,14
1447,400,4.696781,31375,17.347794022,17.353000000,5.205978,0,233.102447,5.000000,14
1448,400,4.498745,31375,17.365691091,17.368500000,2.808909,1,4.498745,5.000000,14
1449,400,4.388310,31375,17.379646259,17.382500000,2.853741,1,4.388310,5.000000,14
1450,400,3.985654,31375,17.393396935,17.396000000,2.603065,1,3.985654,5.000000,14
1451,400,3.831940,31375,17.408351076,17.413500000,5.148924,0,233.102447,5.000000,14
1453,400,3.705719,31375,17.422597670,17.425500000,2.902330,1,3.705719,5.000000,14
1455,400,3.847236,31375,17.437299399,17.442500000,5.200601,0,233.102447,5.000000,14
1456,400,4.051401,31375,17.451200060,17.454000000,2.799940,1,4.051401,5.000000,14
1457,400,4.443681,31375,17.466597611,17.469500000,2.902389,1,4.443681,5.000000,14
1458,400,4.757380,31375,17.479932449,17.482500000,2.567551,1,4.757380,5.000000,14
1459,400,5.137800,31375,17.494137284,17.497000000,2.862716,1,5.137800,5.000000,14
1460,400,5.331699,31375,17.507305515,17.513500000,6.194485,0,233.102447,5.000000,14
1461,400,5.606370,31375,17.523234611,17.525500000,2.265389,1,5.606370,5.000000,14
1462,400,6.165974,31375,17.537695036,17.540000000,2.304964,1,6.165974,5.000000,14
1463,400,6.383242,31375,17.550367302,17.552500000,2.132698,1,6.383242,5.000000,14
1464,400,5.850320,31375,17.563485216,17.566000000,2.514784,1,5.850320,5.000000,14
1466,400,6.244269,31375,17.576427761,17.578500000,2.072239,1,6.244269,5.000000,14
1467,400,6.651350,31375,17.590204941,17.592500000,2.295059,1,6.651350,5.000000,14
1468,400,6.897292,31375,17.604112593,17.607500000,3.387407,1,6.897292,5.000000,14
1469,400,7.102973,31375,17.617332098,17.619500000,2.167902,1,7.102973,5.000000,14
1470,400,7.104216,31375,17.632321642,17.635000000,2.678358,1,7.104216,5.000000,14
1471,400,7.240030,31375,17.645041776,17.647500000,2.458224,1,7.240030,5.000000,14
1472,400,6.310669,31375,17.658181932,17.660500000,2.318068,1,6.310669,5.000000,14
1473,400,6.029252,31375,17.671781357,17.674500000,2.718643,1,6.029252,5.000000,14
1474,400,5.500815,31375,17.685244995,17.687500000,2.255005,1,5.500815,5.000000,14
1475,400,4.517314,31375,17.699222795,17.704500000,5.277205,0,233.102447,5.000000,14
1476,400,3.650343,31375,17.713486389,17.716000000,2.513611,1,3.650343,5.000000,14
1477,400,3.173211,31375,17.727653543,17.730000000,2.346457,1,3.173211,5.000000,14
1478,400,2.553526,31375,17.742793070,17.745000000,2.206930,1,2.553526,5.000000,14
1481,400,1.735491,31375,17.755874509,17.758000000,2.125491,1,1.735491,5.000000,14
1482,400,1.793547,31375,17.772231862,17.774500000,2.268138,1,1.793547,5.000000,14
1484,400,2.299850,31375,17.785963649,17.788500000,2.536351,1,2.299850,5.000000,14
1485,400,2.877024,31375,17.800080495,17.806500000,6.419505,0,233.102447,5.000000,14
1486,400,3.326433,31375,17.814457957,17.816500000,2.042043,1,3.326433,5.000000,14
1488,400,3.908866,31375,17.830656841,17.833500000,2.843159,1,3.908866,5.000000,14
1489,400,4.475592,31375,17.844934431,17.847500000,2.565569,1,4.475592,5.000000,14
1490,400,4.860883,31375,17.859383199,17.862000000,2.616801,1,4.860883,5.000000,14
1491,400,5.943310,31375,17.874292953,17.876500000,2.207047,1,5.943310,5.000000,14
1492,400,5.771202,31375,17.887166171,17.890000000,2.833829,1,5.771202,5.000000,14
1493,400,5.498152,31375,17.901180651,17.910000000,8.819349,0,233.102447,5.000000,14
1494,400,5.581439,31375,17.915053663,17.918000000,2.946337,1,5.581439,5.000000,14
1495,400,5.744476,31375,17.928277781,17.930500000,2.222219,1,5.744476,5.000000,14
1496,400,5.550572,31375,17.941286514,17.943500000,2.213486,1,5.550572,5.000000,14
1497,400,5.444308,31375,17.955151450,17.957500000,2.348550,1,5.444308,5.000000,14
1498,400,5.004190,31375,17.968623749,17.971000000,2.376251,1,5.004190,5.000000,14
1499,400,4.890845,31375,17.982130177,17.988000000,5.869823,0,233.102447,5.000000,14
1500,400,3.901323,31375,17.995091369,17.997500000,2.408631,1,3.901323,5.000000,14
1503,400,2.731693,31375,18.012299216,18.018000000,5.700784,0,233.102447,5.000000,14
1504,400,1.757239,31375,18.026052590,18.028500000,2.447410,1,1.757239,5.000000,14
1505,400,1.287154,31375,18.039551280,18.042000000,2.448720,1,1.287154,5.000000,14
1506,400,0.973576,31375,18.053264768,18.055500000,2.235232,1,0.973576,5.000000,14
1508,400,1.023749,31375,18.068809874,18.071000000,2.190126,1,1.023749,5.000000,14
1510,400,1.923737,31375,18.082567571,18.085000000,2.432429,1,1.923737,5.000000,14
1512,400,4.728323,31375,18.097372472,18.099500000,2.127528,1,4.728323,5.000000,14
1513,400,5.758469,31375,18.114469658,18.121000000,6.530342,0,233.102447,5.000000,13
1514,400,7.071885,31375,18.129875365,18.132500000,2.624635,1,7.071885,5.000000,13
1515,400,8.261548,31375,18.144748898,18.147500000,2.751102,1,8.261548,5.000000,13
1516,400,10.015977,31375,18.159167064,18.162000000,2.832936,1,10.015977,5.000000,13
1517,400,10.892502,31375,18.172434136,18.175000000,2.565864,1,10.892502,5.000000,13
1518,400,11.804344,31375,18.187212986,18.190000000,2.787014,1,11.804344,5.000000,13
1519,400,12.385853,31375,18.200565578,18.209000000,8.434422,0,233.102447,5.000000,13
1520,400,13.074054,31375,18.216887578,18.222000000,5.112422,0,233.102447,5.000000,13
1521,400,13.761802,31375,18.229583304,18.232500000,2.916696,1,13.761802,5.000000,13
1522,400,14.312351,31375,18.244463632,18.247000000,2.536368,1,14.312351,5.000000,13
1523,400,14.399657,31375,18.257600772,18.260500000,2.899228,1,14.399657,5.000000,13
1524,400,14.887812,31375,18.271094115,18.274000000,2.905885,1,14.887812,5.000000,13
1525,400,15.441681,31375,18.285095762,18.290500000,5.404238,0,233.102447,5.000000,13
1526,400,17.612788,31375,18.299222360,18.305000000,5.777640,0,233.102447,5.000000,13
1527,400,17.806169,31375,18.312459484,18.317500000,5.040516,0,233.102447,5.000000,13
1528,400,18.096310,31375,18.327166126,18.330000000,2.833874,1,18.096310,5.000000,13
1529,400,18.401279,31375,18.341243628,18.344000000,2.756372,1,18.401279,5.000000,13
1530,400,18.292308,31375,18.356014092,18.359000000,2.985908,1,18.292308,5.000000,13
1531,400,19.058341,31375,18.372009893,18.376500000,4.490107,1,19.058341,5.000000,13
1532,400,19.401293,31375,18.385465497,18.388500000,3.034503,1,19.401293,5.000000,13
1533,400,19.739709,31375,18.398792721,18.409000000,10.207279,0,233.102447,5.000000,13
1534,400,19.772650,31375,18.413449409,18.417500000,4.050591,1,19.772650,5.000000,13
1535,400,19.853226,31375,18.428213089,18.431000000,2.786911,1,19.853226,5.000000,13
1536,400,20.314201,31375,18.441733492,18.444500000,2.766508,1,20.314201,5.000000,13
1537,400,20.717277,31375,18.456399487,18.460000000,3.600513,1,20.717277,5.000000,13
1538,400,20.937804,31375,18.470843176,18.473500000,2.656824,1,20.937804,5.000000,13
1539,400,22.199656,31375,18.486881401,18.491000000,4.118599,1,22.199656,5.000000,13
1540,400,14.586147,31375,18.502051939,18.507500000,5.448061,0,233.102447,5.000000,13
1541,400,12.074807,31375,18.515547870,18.519000000,3.452130,1,12.074807,5.000000,14
1542,400,7.706389,31375,18.529381025,18.531500000,2.118975,1,7.706389,5.000000,14
1543,400,4.792990,31375,18.542909860,18.545000000,2.090140,1,4.792990,5.000000,14
1546,400,3.386992,31375,18.556420653,18.561500000,5.079347,0,233.102447,5.000000,14
1547,400,4.424969,31375,18.572753282,18.575000000,2.246718,1,4.424969,5.000000,14
1548,400,5.815525,31375,18.585779152,18.588500000,2.720848,1,5.815525,5.000000,14
1549,400,5.750047,31375,18.601364560,18.606500000,5.135440,0,233.102447,5.000000,14
1551,400,6.714995,31375,18.615723720,18.618000000,2.276280,1,6.714995,5.000000,14
1552,400,7.726424,31375,18.629005259,18.634500000,5.494741,0,233.102447,5.000000,14
1553,400,6.411774,31375,18.645414223,18.647500000,2.085777,1,6.411774,5.000000,14
1555,400,5.023213,31375,18.658878021,18.661000000,2.121979,1,5.023213,5.000000,14
1556,400,4.663165,31375,18.671895423,18.674000000,2.104577,1,4.663165,5.000000,14
1560,400,3.399790,31375,18.688306222,18.690500000,2.193778,1,3.399790,5.000000,14
1562,400,5.897581,31375,18.702343567,18.707500000,5.156433,0,233.102447,5.000000,14
1563,400,6.854089,31375,18.716006763,18.718500000,2.493237,1,6.854089,5.000000,14
1564,400,7.465297,31375,18.732413847,18.734500000,2.086153,1,7.465297,5.000000,14
1565,400,6.215802,31375,18.747985753,18.750500000,2.514247,1,6.215802,5.000000,14
1567,400,4.913738,31375,18.761911641,18.764000000,2.088359,1,4.913738,5.000000,14
1568,400,4.746777,31375,18.778527204,18.781000000,2.472796,1,4.746777,5.000000,14
1570,400,4.947409,31375,18.791380158,18.793500000,2.119842,1,4.947409,5.000000,14
1571,400,5.736117,31375,18.804907722,18.810000000,5.092278,0,233.102447,5.000000,14
1572,400,6.814027,31375,18.818187732,18.820500000,2.312268,1,6.814027,5.000000,14
1573,400,6.758380,31375,18.833112490,18.835500000,2.387510,1,6.758380,5.000000,14
1574,400,8.206275,31375,18.847442868,18.849500000,2.057132,1,8.206275,5.000000,14
1576,400,14.547164,31375,18.861202823,18.863500000,2.297177,1,14.547164,5.000000,14
1577,400,16.756427,31375,18.876903943,18.879000000,2.096057,1,16.756427,5.000000,14
1578,400,19.602639,31375,18.889606332,18.892000000,2.393668,1,19.602639,5.000000,14
1579,400,21.519536,31375,18.902884729,18.908000000,5.115271,0,233.102447,5.000000,14
1580,400,23.969580,31375,18.916465220,18.919000000,2.534780,1,23.969580,5.000000,14
1581,400,23.977138,31375,18.932297618,18.934500000,2.202382,1,23.977138,5.000000,14
1582,400,24.639474,31375,18.947309554,18.949500000,2.190446,1,24.639474,5.000000,14
1583,400,23.856745,31375,18.961592672,18.964000000,2.407328,1,23.856745,5.000000,14
1584,400,24.210921,31375,18.975527652,18.978000000,2.472348,1,24.210921,5.000000,14
1585,400,22.363693,31375,18.988743367,18.991000000,2.256633,1,22.363693,5.000000,14
1586,400,21.672538,31375,19.003093545,19.008500000,5.406455,0,233.102447,5.000000,14
1587,400,18.508250,31375,19.019185048,19.021500000,2.314952,1,18.508250,5.000000,14
1588,400,16.700815,31375,19.032964058,19.035500000,2.535942,1,16.700815,5.000000,14
1589,400,14.478398,31375,19.047120329,19.049500000,2.379671,1,14.478398,5.000000,14
1590,400,11.163321,31375,19.059986655,19.062500000,2.513345,1,11.163321,5.000000,14
1591,400,6.688876,31375,19.073674402,19.076000000,2.325598,1,6.688876,5.000000,14
1592,400,4.531538,31375,19.088987069,19.091500000,2.512931,1,4.531538,5.000000,14
1594,400,1.276740,31375,19.103420000,19.108500000,5.080000,0,233.102447,5.000000,14
1596,400,4.187809,31375,19.116407060,19.118500000,2.092940,1,4.187809,5.000000,14
1597,400,8.341146,31375,19.129346455,19.131500000,2.153545,1,8.341146,5.000000,14
1598,400,10.707772,31375,19.143439835,19.145500000,2.060165,1,10.707772,5.000000,14
1599,400,12.506566,31375,19.156466413,19.159000000,2.533587,1,12.506566,5.000000,14
1600,400,13.523937,31375,19.169543627,19.178000000,8.456373,0,233.102447,5.000000,14
1601,400,14.114819,31375,19.185939457,19.188000000,2.060543,1,14.114819,5.000000,14
1602,400,14.005423,31375,19.198935616,19.201000000,2.064384,1,14.005423,5.000000,14
1603,400,12.625809,31375,19.211841605,19.217000000,5.158395,0,233.102447,5.000000,14
1604,400,11.748287,31375,19.224848308,19.227000000,2.151692,1,11.748287,5.000000,14
1605,400,8.419576,31375,19.238703465,19.241000000,2.296535,1,8.419576,5.000000,14
1606,400,5.924858,31375,19.253944316,19.256000000,2.055684,1,5.924858,5.000000,14
1607,400,3.280684,31375,19.269491706,19.272000000,2.508294,1,3.280684,5.000000,14
1609,400,5.177883,31375,19.282211941,19.284500000,2.288059,1,5.177883,5.000000,14
1610,400,6.762495,31375,19.297752546,19.300000000,2.247454,1,6.762495,5.000000,14
1611,400,9.707268,31375,19.313811080,19.319000000,5.188920,0,233.102447,5.000000,15
1612,400,10.483928,31375,19.326937630,19.329000000,2.062370,1,10.483928,5.000000,15
1613,400,12.475453,31375,19.342444001,19.344500000,2.055999,1,12.475453,5.000000,15
1614,400,12.943959,31375,19.360573878,19.363000000,2.426122,1,12.943959,5.000000,15
1615,400,4.903620,31375,19.373259002,19.375500000,2.240998,1,4.903620,5.000000,15
1619,400,4.664071,31375,19.387144336,19.389500000,2.355664,1,4.664071,5.000000,15
1620,400,5.374492,31375,19.401365431,19.403500000,2.134569,1,5.374492,5.000000,15
1621,400,8.339548,31375,19.416917396,19.419000000,2.082604,1,8.339548,5.000000,15
1622,400,8.970344,31375,19.432384433,19.434500000,2.115567,1,8.970344,5.000000,15
1624,400,10.505164,31375,19.445642654,19.448000000,2.357346,1,10.505164,5.000000,15
1625,400,11.670019,31375,19.458315322,19.460500000,2.184678,1,11.670019,5.000000,15
1626,400,12.774557,31375,19.472325220,19.474500000,2.174780,1,12.774557,5.000000,15
1627,400,14.710827,31375,19.486576194,19.489000000,2.423806,1,14.710827,5.000000,15
1628,400,14.782060,31375,19.500719826,19.503000000,2.280174,1,14.782060,5.000000,15
1629,400,14.368391,31375,19.516031154,19.518500000,2.468846,1,14.368391,5.000000,14
1630,400,14.281652,31375,19.531413999,19.533500000,2.086001,1,14.281652,5.000000,14
1631,400,14.090060,31375,19.545401333,19.548000000,2.598667,1,14.090060,5.000000,14
1633,400,1.754943,31375,19.561506754,19.564000000,2.493246,1,1.754943,5.000000,14
1635,400,2.392493,31375,19.575413486,19.577500000,2.086514,1,2.392493,5.000000,14
1636,400,6.815781,31375,19.591082547,19.593500000,2.417453,1,6.815781,5.000000,14
1637,400,7.331720,31375,19.604258742,19.609500000,5.241258,0,233.102447,5.000000,14
1638,400,9.050147,31375,19.617192690,19.619500000,2.307310,1,9.050147,5.000000,14
1639,400,9.567136,31375,19.631185981,19.633500000,2.314019,1,9.567136,5.000000,14
1640,400,10.057346,31375,19.644309034,19.646500000,2.190966,1,10.057346,5.000000,14
1641,400,9.953853,31375,19.659633315,19.662500000,2.866685,1,9.953853,5.000000,14
1642,400,9.786080,31375,19.675536181,19.678000000,2.463819,1,9.786080,5.000000,14
1644,400,9.941157,31375,19.688298867,19.691500000,3.201133,1,9.941157,5.000000,14
1645,400,9.932630,31375,19.701789728,19.707000000,5.210272,0,233.102447,5.000000,14
1646,400,9.149814,31375,19.716198925,19.718500000,2.301075,1,9.149814,5.000000,15
1647,400,8.796009,31375,19.732344240,19.734500000,2.155760,1,8.796009,5.000000,15
1648,400,1.963192,31375,19.749756560,19.752000000,2.243440,1,1.963192,5.000000,15
1651,400,5.203512,31375,19.764805481,19.767000000,2.194519,1,5.203512,5.000000,15
1652,400,6.869603,31375,19.779253172,19.781500000,2.246828,1,6.869603,5.000000,15
1653,400,8.416118,31375,19.792572482,19.795000000,2.427518,1,8.416118,5.000000,15
1654,400,9.471418,31375,19.805350455,19.807500000,2.149545,1,9.471418,5.000000,14
1655,400,11.402706,31375,19.820407374,19.822500000,2.092626,1,11.402706,5.000000,15
1656,400,12.586375,31375,19.833927106,19.836000000,2.072894,1,12.586375,5.000000,15
1657,400,13.256405,31375,19.847198230,19.849500000,2.301770,1,13.256405,5.000000,15
1658,400,13.235386,31375,19.862855333,19.865000000,2.144667,1,13.235386,5.000000,15
1659,400,13.223265,31375,19.876418787,19.878500000,2.081213,1,13.223265,5.000000,15
1660,400,13.455836,31375,19.890871419,19.893000000,2.128581,1,13.455836,5.000000,15
1661,400,13.186653,31375,19.906221264,19.908500000,2.278736,1,13.186653,5.000000,14
1663,400,12.435091,31375,19.919720344,19.925000000,5.279656,0,233.102447,5.000000,14
1664,400,12.364952,31375,19.933609455,19.936000000,2.390545,1,12.364952,5.000000,14
1665,400,10.613241,31375,19.947815806,19.950000000,2.184194,1,10.613241,5.000000,14
1666,400,9.211552,31375,19.963593486,19.966000000,2.406514,1,9.211552,5.000000,14
1667,400,6.468214,31375,19.979152519,19.981500000,2.347481,1,6.468214,5.000000,14
1668,400,5.599643,31375,19.992015582,19.994500000,2.484418,1,5.599643,5.000000,14
1673,400,6.963561,31375,20.005825670,20.011000000,5.174330,0,233.102447,5.000000,14
1674,400,8.038017,31375,20.019995348,20.022500000,2.504652,1,8.038017,5.000000,14
1675,400,14.776738,31375,20.033500880,20.036000000,2.499120,1,14.776738,5.000000,14
1676,400,15.397671,31375,20.047200359,20.050000000,2.799641,1,15.397671,5.000000,14
1677,400,19.580343,31375,20.060641647,20.063500000,2.858353,1,19.580343,5.000000,14
1678,400,20.028090,31375,20.074294969,20.077000000,2.705031,1,20.028090,5.000000,14
1679,400,22.261665,31375,20.089228737,20.091500000,2.271263,1,22.261665,5.000000,14
1680,400,23.204539,31375,20.103155739,20.112500000,9.344261,0,233.102447,5.000000,14
1681,400,24.252453,31375,20.116586372,20.119000000,2.413628,1,24.252453,5.000000,14
1682,400,24.188782,31375,20.130512259,20.133000000,2.487741,1,24.188782,5.000000,14
1683,400,24.141901,31375,20.146438967,20.152000000,5.561033,0,233.102447,5.000000,14
1684,400,24.009407,31375,20.161013346,20.163500000,2.486654,1,24.009407,5.000000,14
1685,400,22.694860,31375,20.176518514,20.179500000,2.981486,1,22.694860,5.000000,14
1686,400,22.218448,31375,20.191873141,20.194000000,2.126859,1,22.218448,5.000000,14
1687,400,19.843847,31375,20.204969397,20.210000000,5.030603,0,233.102447,5.000000,14
1688,400,17.734063,31375,20.219788656,20.222000000,2.211344,1,17.734063,5.000000,14
1689,400,17.548293,31375,20.235641086,20.238000000,2.358914,1,17.548293,5.000000,14
1690,400,2.186855,31375,20.252457380,20.254500000,2.042620,1,2.186855,5.000000,14
1692,400,4.482374,31375,20.265450295,20.267500000,2.049705,1,4.482374,5.000000,14
1693,400,4.700820,31375,20.280580628,20.283000000,2.419372,1,4.700820,5.000000,14
1694,400,6.668234,31375,20.293461581,20.295500000,2.038419,1,6.668234,5.000000,14
1695,400,6.842167,31375,20.306498807,20.309000000,2.501193,1,6.842167,5.000000,14
1696,400,7.270561,31375,20.320326384,20.325500000,5.173616,0,233.102447,5.000000,14
1697,400,7.096925,31375,20.334944616,20.337000000,2.055384,1,7.096925,5.000000,14
1698,400,2.966691,31375,20.348807051,20.351000000,2.192949,1,2.966691,5.000000,14
1700,400,1.726170,31375,20.365348896,20.367500000,2.151104,1,1.726170,5.000000,14
1702,400,2.454297,31375,20.379939720,20.382000000,2.060280,1,2.454297,5.000000,14
1704,400,6.604687,31375,20.395204947,20.397500000,2.295053,1,6.604687,5.000000,14
1705,400,11.811368,31375,20.409874295,20.415000000,5.125705,0,233.102447,5.000000,14
1706,400,14.485578,31375,20.423861537,20.426000000,2.138463,1,14.485578,5.000000,14
1707,400,24.055437,31375,20.437904326,20.440000000,2.095674,1,24.055437,5.000000,14
1708,400,24.860616,31375,20.453007214,20.455500000,2.492786,1,24.860616,5.000000,14
1709,400,25.591038,31375,20.466540153,20.469000000,2.459847,1,25.591038,5.000000,14
1710,400,26.018406,31375,20.480385955,20.482500000,2.114045,1,26.018406,5.000000,14
1711,400,25.382073,31375,20.495382386,20.497500000,2.117614,1,25.382073,5.000000,14
1712,400,25.521097,31375,20.511037982,20.516500000,5.462018,0,233.102447,5.000000,14
1713,400,24.745744,31375,20.525968357,20.528500000,2.531643,1,24.745744,5.000000,14
1714,400,11.177435,31375,20.541755602,20.544500000,2.744398,1,11.177435,5.000000,14
1715,400,8.964983,31375,20.557069205,20.559500000,2.430795,1,8.964983,5.000000,14
1716,400,6.631604,31375,20.571508189,20.574000000,2.491811,1,6.631604,5.000000,14
1717,400,4.579134,31375,20.584223619,20.592500000,8.276381,0,233.102447,5.000000,14
1719,400,1.271410,31375,20.598946835,20.601000000,2.053165,1,1.271410,5.000000,14
1722,400,3.825925,31375,20.611788971,20.617000000,5.211029,0,233.102447,5.000000,14
1723,400,4.559795,31375,20.627226617,20.629500000,2.273383,1,4.559795,5.000000,14
1724,400,5.235706,31375,20.641513537,20.644000000,2.486463,1,5.235706,5.000000,14
1725,400,5.182086,31375,20.654886704,20.657000000,2.113296,1,5.182086,5.000000,14
1726,400,5.464123,31375,20.667986037,20.670500000,2.513963,1,5.464123,5.000000,14
1727,400,3.333738,31375,20.682849033,20.688000000,5.150967,0,233.102447,5.000000,14
1730,400,1.125002,31375,20.699687526,20.705000000,5.312474,0,233.102447,5.000000,14
1733,400,3.314260,31375,20.713090638,20.715500000,2.409362,1,3.314260,5.000000,14
1734,400,5.443974,31375,20.726110167,20.728500000,2.389833,1,5.443974,5.000000,14
1735,400,6.181351,31375,20.739187419,20.741500000,2.312581,1,6.181351,5.000000,14
1736,400,6.359535,31375,20.752896985,20.755000000,2.103015,1,6.359535,5.000000,14
1737,400,5.769853,31375,20.766402922,20.768500000,2.097078,1,5.769853,5.000000,14
1738,400,5.527246,31375,20.779743851,20.782000000,2.256149,1,5.527246,5.000000,14
1741,400,2.177902,31375,20.792704360,20.795000000,2.295640,1,2.177902,5.000000,14
1742,400,2.442244,31375,20.806137600,20.811500000,5.362400,0,233.102447,5.000000,14
1743,400,2.040073,31375,20.820823522,20.823000000,2.176478,1,2.040073,5.000000,14
1745,400,2.686874,31375,20.834348149,20.837000000,2.651851,1,2.686874,5.000000,14
1747,400,4.739838,31375,20.850667023,20.853000000,2.332977,1,4.739838,5.000000,14
1748,400,6.629088,31375,20.866088608,20.871500000,5.411392,0,233.102447,5.000000,14
1749,400,7.212180,31375,20.878804235,20.881000000,2.195765,1,7.212180,5.000000,14
1750,400,9.362580,31375,20.892171157,20.894500000,2.328843,1,9.362580,5.000000,14
1751,400,8.178486,31375,20.905056574,20.911000000,5.943426,0,233.102447,5.000000,14
1752,400,6.611423,31375,20.918910857,20.921000000,2.089143,1,6.611423,5.000000,14
1753,400,4.934542,31375,20.932398357,20.934500000,2.101643,1,4.934542,5.000000,14
1754,400,4.070567,31375,20.946860037,20.949500000,2.639963,1,4.070567,5.000000,14
1756,400,2.083160,31375,20.961903973,20.964000000,2.096027,1,2.083160,5.000000,14
1757,400,1.693422,31375,20.976751390,20.979000000,2.248610,1,1.693422,5.000000,14
1759,400,4.281129,31375,20.990229290,20.992500000,2.270710,1,4.281129,5.000000,14
1760,400,7.155260,31375,21.003392515,21.005500000,2.107485,1,7.155260,5.000000,14
1761,400,8.814704,31375,21.017720494,21.023000000,5.279506,0,233.102447,5.000000,14
1762,400,11.099734,31375,21.033485190,21.036000000,2.514810,1,11.099734,5.000000,14
1763,400,12.760627,31375,21.046398217,21.048500000,2.101783,1,12.760627,5.000000,14
1764,400,14.844482,31375,21.059954119,21.062000000,2.045881,1,14.844482,5.000000,14
1765,400,16.529924,31375,21.075635818,21.078000000,2.364182,1,16.529924,5.000000,14
1766,400,17.228090,31375,21.089450253,21.091500000,2.049747,1,17.228090,5.000000,14
1767,400,16.605650,31375,21.106119001,21.114500000,8.380999,0,233.102447,5.000000,14
1768,400,16.050879,31375,21.120822221,21.123000000,2.177779,1,16.050879,5.000000,14
1769,400,14.654248,31375,21.136601905,21.139000000,2.398095,1,14.654248,5.000000,14
1770,400,13.760805,31375,21.149856392,21.152000000,2.143608,1,13.760805,5.000000,14
1771,400,10.801476,31375,21.166230081,21.168500000,2.269919,1,10.801476,5.000000,14
1772,400,8.460203,31375,21.179029035,21.182000000,2.970965,1,8.460203,5.000000,14
1773,400,5.805735,31375,21.192782183,21.195000000,2.217817,1,5.805735,5.000000,14
1774,400,4.362070,31375,21.205953724,21.216000000,10.046276,0,233.102447,5.000000,14
1776,400,3.142257,31375,21.219004960,21.221500000,2.495040,1,3.142257,5.000000,14
1777,400,3.207237,31375,21.232165057,21.234500000,2.334943,1,3.207237,5.000000,14
1778,400,3.586723,31375,21.246448085,21.248500000,2.051915,1,3.586723,5.000000,14
1779,400,3.627348,31375,21.260904342,21.263000000,2.095658,1,3.627348,5.000000,14
1780,400,4.680133,31375,21.276809792,21.280000000,3.190208,1,4.680133,5.000000,14
1781,400,4.462608,31375,21.291355477,21.293500000,2.144523,1,4.462608,5.000000,14
1782,400,4.866133,31375,21.306593619,21.310500000,3.906381,1,4.866133,5.000000,14
1784,400,5.041809,31375,21.323605145,21.326000000,2.394855,1,5.041809,5.000000,14
1785,400,4.935946,31375,21.336409275,21.338500000,2.090725,1,4.935946,5.000000,14
1786,400,5.428165,31375,21.349365018,21.352000000,2.634982,1,5.428165,5.000000,14
1787,400,4.473415,31375,21.363056781,21.366000000,2.943219,1,4.473415,5.000000,14
1788,400,3.961171,31375,21.376583849,21.380500000,3.916151,1,3.961171,5.000000,14
1789,400,2.652488,31375,21.389361485,21.392000000,2.638515,1,2.652488,5.000000,14
1791,400,1.860062,31375,21.404234352,21.409500000,5.265648,0,233.102447,5.000000,14
1792,400,2.230603,31375,21.418539271,21.421000000,2.460729,1,2.230603,5.000000,14
1794,400,3.305517,31375,21.433108724,21.436000000,2.891276,1,3.305517,5.000000,14
1795,400,5.170290,31375,21.447976722,21.450500000,2.523278,1,5.170290,5.000000,14
1796,400,5.802607,31375,21.464803798,21.467000000,2.196202,1,5.802607,5.000000,14
1797,400,6.641465,31375,21.477811289,21.480000000,2.188711,1,6.641465,5.000000,14
1798,400,7.597530,31375,21.494068451,21.496500000,2.431549,1,7.597530,5.000000,14
1799,400,7.470132,31375,21.508583453,21.512000000,3.416547,1,7.470132,5.000000,14
1800,400,7.951512,31375,21.521484044,21.524000000,2.515956,1,7.951512,5.000000,14
1801,400,8.481547,31375,21.534916024,21.537000000,2.083976,1,8.481547,5.000000,14
1802,400,8.531715,31375,21.550516564,21.553000000,2.483436,1,8.531715,5.000000,14
1804,400,7.055898,31375,21.564362223,21.566500000,2.137777,1,7.055898,5.000000,14
1805,400,6.879272,31375,21.577036112,21.579500000,2.463888,1,6.879272,5.000000,14
1806,400,7.365561,31375,21.590576094,21.593000000,2.423906,1,7.365561,5.000000,14
1807,400,6.448099,31375,21.604358427,21.609500000,5.141573,0,233.102447,5.000000,14
1808,400,6.363151,31375,21.617183549,21.619500000,2.316451,1,6.363151,5.000000,14
1809,400,5.661210,31375,21.629978502,21.632500000,2.521498,1,5.661210,5.000000,14
1810,400,5.261475,31375,21.643045979,21.645500000,2.454021,1,5.261475,5.000000,14
1812,400,5.040260,31375,21.657694661,21.660000000,2.305339,1,5.040260,5.000000,14
1813,400,5.293268,31375,21.671629551,21.674000000,2.370449,1,5.293268,5.000000,14
1814,400,6.907872,31375,21.686610904,21.689000000,2.389096,1,6.907872,5.000000,14
1815,400,6.090699,31375,21.699995454,21.705500000,5.504546,0,233.102447,5.000000,14
1816,400,6.824357,31375,21.714782031,21.717000000,2.217969,1,6.824357,5.000000,14
1817,400,6.851519,31375,21.730911785,21.733000000,2.088215,1,6.851519,5.000000,14
1818,400,7.719486,31375,21.748475723,21.751000000,2.524277,1,7.719486,5.000000,14
1819,400,7.174038,31375,21.761164378,21.763500000,2.335622,1,7.174038,5.000000,14
1821,400,8.141930,31375,21.774542015,21.777000000,2.457985,1,8.141930,5.000000,14
1822,400,9.991869,31375,21.790015715,21.792500000,2.484285,1,9.991869,5.000000,14
1823,400,9.824319,31375,21.803766989,21.809000000,5.233011,0,233.102447,5.000000,14
1824,400,10.535528,31375,21.817899622,21.820000000,2.100378,1,10.535528,5.000000,14
1825,400,11.315503,31375,21.833701511,21.836000000,2.298489,1,11.315503,5.000000,14
1826,400,11.481031,31375,21.847854873,21.850000000,2.145127,1,11.481031,5.000000,14
1827,400,10.012984,31375,21.862532499,21.865000000,2.467501,1,10.012984,5.000000,14
1828,400,9.668666,31375,21.876028176,21.878500000,2.471824,1,9.668666,5.000000,14
1829,400,9.287687,31375,21.888735270,21.891000000,2.264730,1,9.287687,5.000000,14
1830,400,9.024838,31375,21.901711973,21.907000000,5.288027,0,233.102447,5.000000,14
1831,400,5.516656,31375,21.919033840,21.921500000,2.466160,1,5.516656,5.000000,14
1833,400,4.214850,31375,21.934855937,21.937000000,2.144063,1,4.214850,5.000000,14
1834,400,3.844537,31375,21.949254925,21.951500000,2.245075,1,3.844537,5.000000,14
1836,400,1.994410,31375,21.962057142,21.965000000,2.942858,1,1.994410,5.000000,14
1837,400,1.973578,31375,21.976354328,21.978500000,2.145672,1,1.973578,5.000000,14
1838,400,2.444943,31375,21.989171959,21.991500000,2.328041,1,2.444943,5.000000,14
1841,400,3.990580,31375,22.002919434,22.008000000,5.080566,0,233.102447,5.000000,14
1842,400,5.215861,31375,22.015845420,22.018000000,2.154580,1,5.215861,5.000000,14
1843,400,5.757198,31375,22.029384051,22.031500000,2.115949,1,5.757198,5.000000,14
1844,400,6.230672,31375,22.042304297,22.044500000,2.195703,1,6.230672,5.000000,14
1845,400,6.960624,31375,22.057000937,22.059500000,2.499063,1,6.960624,5.000000,14
1846,400,8.772176,31375,22.070601075,22.073000000,2.398925,1,8.772176,5.000000,14
1847,400,8.454853,31375,22.084749321,22.087000000,2.250679,1,8.454853,5.000000,14
1848,400,8.268586,31375,22.098585792,22.101000000,2.414208,1,8.268586,5.000000,14
1849,400,8.258727,31375,22.111587535,22.117000000,5.412465,0,233.102447,5.000000,14
1851,400,8.537737,31375,22.124666080,22.127000000,2.333920,1,8.537737,5.000000,14
1852,400,8.820804,31375,22.139512028,22.142000000,2.487972,1,8.820804,5.000000,14
1853,400,9.345846,31375,22.153726562,22.156000000,2.273438,1,9.345846,5.000000,14
1854,400,10.424274,31375,22.168522031,22.171000000,2.477969,1,10.424274,5.000000,14
1855,400,9.502881,31375,22.185279557,22.188500000,3.220443,1,9.502881,5.000000,14
1856,400,9.418806,31375,22.198125977,22.200500000,2.374023,1,9.418806,5.000000,14
1857,400,8.973071,31375,22.211384969,22.219500000,8.115031,0,233.102447,5.000000,14
1858,400,8.679963,31375,22.226916415,22.229000000,2.083585,1,8.679963,5.000000,14
1859,400,6.804964,31375,22.241958608,22.244000000,2.041392,1,6.804964,5.000000,14
1860,400,5.599507,31375,22.254654766,22.257000000,2.345234,1,5.599507,5.000000,14
1861,400,4.479825,31375,22.270006326,22.272500000,2.493674,1,4.479825,5.000000,14
1863,400,4.273940,31375,22.285336991,22.287500000,2.163009,1,4.273940,5.000000,14
1864,400,4.796072,31375,22.299314293,22.304500000,5.185707,0,233.102447,5.000000,14
1865,400,5.159733,31375,22.313017841,22.315500000,2.482159,1,5.159733,5.000000,14
1866,400,6.236569,31375,22.327887364,22.330000000,2.112636,1,6.236569,5.000000,14
1867,400,5.825045,31375,22.343155736,22.345500000,2.344264,1,5.825045,5.000000,14
1868,400,5.827345,31375,22.359247218,22.361500000,2.252782,1,5.827345,5.000000,14
1869,400,5.486078,31375,22.372229059,22.374500000,2.270941,1,5.486078,5.000000,14
1870,400,6.346824,31375,22.385020648,22.387500000,2.479352,1,6.346824,5.000000,14
1872,400,7.606041,31375,22.398597075,22.401000000,2.402925,1,7.606041,5.000000,14
1873,400,8.310610,31375,22.411610455,22.420000000,8.389545,0,233.102447,5.000000,14
1874,400,9.348046,31375,22.426204454,22.428500000,2.295546,1,9.348046,5.000000,14
1875,400,9.233526,31375,22.440609962,22.443000000,2.390038,1,9.233526,5.000000,14
1876,400,9.484765,31375,22.454162662,22.456500000,2.337338,1,9.484765,5.000000,14
1877,400,9.968406,31375,22.467991433,22.470500000,2.508567,1,9.968406,5.000000,14
1878,400,9.764558,31375,22.482033698,22.484500000,2.466302,1,9.764558,5.000000,14
1879,400,9.835912,31375,22.498645550,22.501000000,2.354450,1,9.835912,5.000000,14
1880,400,10.515186,31375,22.514264703,22.520000000,5.735297,0,233.102447,5.000000,14
1881,400,9.139570,31375,22.527655052,22.530000000,2.344948,1,9.139570,5.000000,14
1882,400,8.481826,31375,22.542905590,22.545000000,2.094410,1,8.481826,5.000000,14
1883,400,8.126841,31375,22.557788055,22.560000000,2.211945,1,8.126841,5.000000,14
1884,400,6.415410,31375,22.571723222,22.574000000,2.276778,1,6.415410,5.000000,14
1885,400,5.499726,31375,22.584536764,22.587000000,2.463236,1,5.499726,5.000000,14
1887,400,5.166950,31375,22.598356411,22.600500000,2.143589,1,5.166950,5.000000,14
1889,400,4.960490,31375,22.614490902,22.620000000,5.509098,0,233.102447,5.000000,14
1890,400,5.624402,31375,22.627296529,22.629500000,2.203471,1,5.624402,5.000000,14
1891,400,7.503244,31375,22.641236163,22.643500000,2.263837,1,7.503244,5.000000,14
1892,400,8.791680,31375,22.654125783,22.656500000,2.374217,1,8.791680,5.000000,14
1893,400,9.139411,31375,22.668485414,22.671000000,2.514586,1,9.139411,5.000000,14
1894,400,10.147144,31375,22.681968396,22.684500000,2.531604,1,10.147144,5.000000,14
1895,400,11.279121,31375,22.695062680,22.697500000,2.437320,1,11.279121,5.000000,14
1896,400,12.185165,31375,22.709140045,22.716000000,6.859955,0,233.102447,5.000000,14
1897,400,12.071231,31375,22.723070386,22.725500000,2.429614,1,12.071231,5.000000,14
1898,400,12.681613,31375,22.738893575,22.741000000,2.106425,1,12.681613,5.000000,14
1899,400,12.908043,31375,22.752175321,22.754500000,2.324679,1,12.908043,5.000000,14
1900,400,14.141593,31375,22.766998443,22.769500000,2.501557,1,14.141593,5.000000,14
1901,400,13.026088,31375,22.782078598,22.784500000,2.421402,1,13.026088,5.000000,14
1902,400,12.449039,31375,22.796873660,22.799000000,2.126340,1,12.449039,5.000000,14
1903,400,11.998260,31375,22.809795199,22.815000000,5.204801,0,233.102447,5.000000,14
1904,400,11.631874,31375,22.825818390,22.828000000,2.181610,1,11.631874,5.000000,14
1906,400,9.859290,31375,22.839924547,22.842000000,2.075453,1,9.859290,5.000000,14
1907,400,10.402754,31375,22.853065331,22.855500000,2.434669,1,10.402754,5.000000,14
1908,400,11.003400,31375,22.866323974,22.868500000,2.176026,1,11.003400,5.000000,14
1909,400,9.300428,31375,22.879703978,22.882000000,2.296022,1,9.300428,5.000000,14
1910,400,8.858865,31375,22.893016742,22.895500000,2.483258,1,8.858865,5.000000,14
1911,400,8.226436,31375,22.909266157,22.915000000,5.733843,0,233.102447,5.000000,14
1912,400,7.996271,31375,22.922598803,22.925000000,2.401197,1,7.996271,5.000000,14
1913,400,6.048142,31375,22.936145625,22.938500000,2.354375,1,6.048142,5.000000,14
1914,400,5.211560,31375,22.949237125,22.951500000,2.262875,1,5.211560,5.000000,14
1916,400,3.409484,31375,22.962697029,22.965000000,2.302971,1,3.409484,5.000000,14
1917,400,2.272874,31375,22.977174568,22.979500000,2.325432,1,2.272874,5.000000,14
1920,400,2.757219,31375,22.991208851,22.993500000,2.291149,1,2.757219,5.000000,14
1921,400,3.292128,31375,23.003971390,23.009500000,5.528610,0,233.102447,5.000000,14
1922,400,3.865955,31375,23.016969276,23.019500000,2.530724,1,3.865955,5.000000,14
1923,400,3.775013,31375,23.031774602,23.037000000,5.225398,0,233.102447,5.000000,14
1924,400,4.324139,31375,23.046332760,23.048500000,2.167240,1,4.324139,5.000000,14
1925,400,3.521949,31375,23.059843534,23.062000000,2.156466,1,3.521949,5.000000,14
1927,400,2.673162,31375,23.073175919,23.075500000,2.324081,1,2.673162,5.000000,14
1929,400,2.997934,31375,23.087503611,23.090000000,2.496389,1,2.997934,5.000000,14
1930,400,3.956583,31375,23.104853995,23.113000000,8.146005,0,233.102447,5.000000,14
1931,400,4.042732,31375,23.121192055,23.126500000,5.307945,0,233.102447,5.000000,14
1932,400,5.270465,31375,23.135529469,23.138000000,2.470531,1,5.270465,5.000000,14
1933,400,4.547085,31375,23.149084992,23.151500000,2.415008,1,4.547085,5.000000,14
1935,400,4.441485,31375,23.161970870,23.164500000,2.529130,1,4.441485,5.000000,14
1936,400,4.944893,31375,23.174645178,23.177000000,2.354822,1,4.944893,5.000000,14
1937,400,4.526740,31375,23.188690965,23.191000000,2.309035,1,4.526740,5.000000,14
1938,400,4.137335,31375,23.203008810,23.209000000,5.991190,0,233.102447,5.000000,14
1939,400,3.796650,31375,23.217218699,23.220000000,2.781301,1,3.796650,5.000000,14
1941,400,3.621673,31375,23.230166485,23.232500000,2.333515,1,3.621673,5.000000,14
1942,400,3.873116,31375,23.245685352,23.248000000,2.314648,1,3.873116,5.000000,14
1943,400,3.609728,31375,23.260734082,23.263000000,2.265918,1,3.609728,5.000000,14
1944,400,3.847522,31375,23.274429460,23.276500000,2.070540,1,3.847522,5.000000,14
1946,400,4.313567,31375,23.289665138,23.292000000,2.334862,1,4.313567,5.000000,14
1947,400,4.516931,31375,23.303449592,23.308500000,5.050408,0,233.102447,5.000000,14
1948,400,5.097401,31375,23.317751779,23.320000000,2.248221,1,5.097401,5.000000,14
1949,400,5.525566,31375,23.331097478,23.333500000,2.402522,1,5.525566,5.000000,14
1950,400,6.257053,31375,23.345045708,23.347500000,2.454292,1,6.257053,5.000000,14
1951,400,6.715336,31375,23.361909131,23.364000000,2.090869,1,6.715336,5.000000,14
1952,400,6.903641,31375,23.377226539,23.379500000,2.273461,1,6.903641,5.000000,14
1953,400,6.741474,31375,23.391205943,23.393500000,2.294057,1,6.741474,5.000000,14
1955,400,8.270694,31375,23.407996475,23.411500000,3.503525,1,8.270694,5.000000,14
1956,400,9.794412,31375,23.421532981,23.424000000,2.467019,1,9.794412,5.000000,14
1957,400,10.782880,31375,23.434442541,23.436500000,2.057459,1,10.782880,5.000000,14
1958,400,12.296086,31375,23.451033498,23.453500000,2.466502,1,12.296086,5.000000,14
1959,400,13.635340,31375,23.464220261,23.466500000,2.279739,1,13.635340,5.000000,14
1960,400,15.959589,31375,23.478024952,23.480500000,2.475048,1,15.959589,5.000000,14
1961,400,16.445467,31375,23.493880280,23.496000000,2.119720,1,16.445467,5.000000,14
1962,400,18.272892,31375,23.509909225,23.515000000,5.090775,0,233.102447,5.000000,14
1963,400,18.760302,31375,23.524582478,23.527000000,2.417522,1,18.760302,5.000000,14
1964,400,19.555102,31375,23.538201831,23.540500000,2.298169,1,19.555102,5.000000,14
1965,400,19.401305,31375,23.553217992,23.555500000,2.282008,1,19.401305,5.000000,14
1966,400,20.041864,31375,23.569454833,23.571500000,2.045167,1,20.041864,5.000000,14
1967,400,19.240276,31375,23.582570837,23.585000000,2.429163,1,19.240276,5.000000,14
1968,400,18.948318,31375,23.596421487,23.598500000,2.078513,1,18.948318,5.000000,14
1969,400,17.030559,31375,23.612056205,23.617500000,5.443795,0,233.102447,5.000000,14
1970,400,16.262058,31375,23.626236802,23.628500000,2.263198,1,16.262058,5.000000,14
1971,400,14.160859,31375,23.640533555,23.643000000,2.466445,1,14.160859,5.000000,14
1972,400,13.209963,31375,23.653431405,23.655500000,2.068595,1,13.209963,5.000000,14
1973,400,11.419018,31375,23.666290040,23.668500000,2.209960,1,11.419018,5.000000,14
1974,400,10.210314,31375,23.682044415,23.684500000,2.455585,1,10.210314,5.000000,14
1975,400,5.918785,31375,23.697376777,23.699500000,2.123223,1,5.918785,5.000000,14
1976,400,5.280844,31375,23.711258192,23.716500000,5.241808,0,233.102447,5.000000,14
1977,400,3.138084,31375,23.724196120,23.726500000,2.303880,1,3.138084,5.000000,14
1978,400,2.417282,31375,23.739984046,23.742500000,2.515954,1,2.417282,5.000000,14
1980,400,3.223231,31375,23.754333872,23.756500000,2.166128,1,3.223231,5.000000,14
1981,400,5.684924,31375,23.767631228,23.770000000,2.368772,1,5.684924,5.000000,14
1982,400,6.938766,31375,23.781998412,23.784500000,2.501588,1,6.938766,5.000000,14
1983,400,8.087637,31375,23.795008257,23.797500000,2.491743,1,8.087637,5.000000,14
1984,400,9.234836,31375,23.808817160,23.814500000,5.682840,0,233.102447,5.000000,14
1985,400,9.802592,31375,23.823830849,23.826000000,2.169151,1,9.802592,5.000000,14
1986,400,10.876122,31375,23.837567478,23.840000000,2.432522,1,10.876122,5.000000,14
1987,400,11.789242,31375,23.852709232,23.855000000,2.290768,1,11.789242,5.000000,14
1988,400,13.363161,31375,23.869303167,23.871500000,2.196833,1,13.363161,5.000000,14
1989,400,13.218965,31375,23.885295522,23.887500000,2.204478,1,13.218965,5.000000,14
1990,400,14.206632,31375,23.898148647,23.900500000,2.351353,1,14.206632,5.000000,14
1991,400,14.257705,31375,23.914423080,23.923000000,8.576920,0,233.102447,5.000000,14
1992,400,14.694556,31375,23.927739372,23.930000000,2.260628,1,14.694556,5.000000,14
1993,400,13.770875,31375,23.941450033,23.949500000,8.049967,0,233.102447,5.000000,14
1994,400,13.291439,31375,23.956580902,23.959000000,2.419098,1,13.291439,5.000000,14
1995,400,12.515271,31375,23.969665078,23.972000000,2.334922,1,12.515271,5.000000,14
1996,400,11.594790,31375,23.983307444,23.986000000,2.692556,1,11.594790,5.000000,14
1997,400,10.100836,31375,23.997747410,24.000000000,2.252590,1,10.100836,5.000000,14
1998,400,9.132872,31375,24.011557153,24.017000000,5.442847,0,233.102447,5.000000,14
1999,400,7.704384,31375,24.026474444,24.029000000,2.525556,1,7.704384,5.000000,14
2000,400,6.901079,31375,24.041022222,24.043500000,2.477778,1,6.901079,5.000000,14
2001,400,4.240285,31375,24.054894823,24.057000000,2.105177,1,4.240285,5.000000,14
2003,400,2.511685,31375,24.068441443,24.070500000,2.058557,1,2.511685,5.000000,14
2004,400,2.913971,31375,24.084152142,24.089500000,5.347858,0,233.102447,5.000000,14
2005,400,2.298739,31375,24.100505083,24.106000000,5.494917,0,233.102447,5.000000,14
2007,400,4.425561,31375,24.113357980,24.116000000,2.642020,1,4.425561,5.000000,14
2008,400,6.200281,31375,24.126806709,24.129000000,2.193291,1,6.200281,5.000000,14
2009,400,6.809949,31375,24.142023076,24.144500000,2.476924,1,6.809949,5.000000,14
2010,400,7.500557,31375,24.155835585,24.158000000,2.164415,1,7.500557,5.000000,14
2011,400,9.716845,31375,24.171886282,24.174000000,2.113718,1,9.716845,5.000000,14
2012,400,10.817786,31375,24.185360585,24.187500000,2.139415,1,10.817786,5.000000,14
2013,400,10.865728,31375,24.198717983,24.201000000,2.282017,1,10.865728,5.000000,14
2014,400,10.969642,31375,24.215424034,24.217500000,2.075966,1,10.969642,5.000000,14
2015,400,10.998914,31375,24.230336385,24.232500000,2.163615,1,10.998914,5.000000,14
2016,400,11.235696,31375,24.244576489,24.247000000,2.423511,1,11.235696,5.000000,14
2017,400,9.386861,31375,24.261161179,24.263500000,2.338821,1,9.386861,5.000000,14
2018,400,8.542283,31375,24.275627098,24.278000000,2.372902,1,8.542283,5.000000,14
2019,400,8.181921,31375,24.291785070,24.294000000,2.214930,1,8.181921,5.000000,14
2021,400,5.993762,31375,24.304563894,24.311000000,6.436106,0,233.102447,5.000000,14
2022,400,4.932376,31375,24.319675194,24.322000000,2.324806,1,4.932376,5.000000,14
2023,400,4.649774,31375,24.333219042,24.335500000,2.280958,1,4.649774,5.000000,14
2025,400,3.825219,31375,24.347327822,24.349500000,2.172178,1,3.825219,5.000000,14
2026,400,3.824403,31375,24.362773789,24.365000000,2.226211,1,3.824403,5.000000,14
2027,400,3.918364,31375,24.377434205,24.379500000,2.065795,1,3.918364,5.000000,14
2028,400,4.091330,31375,24.392789004,24.395000000,2.210996,1,4.091330,5.000000,14
2029,400,3.106418,31375,24.408980977,24.414500000,5.519023,0,233.102447,5.000000,14
2030,400,2.835165,31375,24.422483494,24.425000000,2.516506,1,2.835165,5.000000,14
2032,400,3.223012,31375,24.437684285,24.440000000,2.315715,1,3.223012,5.000000,14
2033,400,3.733543,31375,24.451255831,24.457000000,5.744169,0,233.102447,5.000000,14
2035,400,6.758592,31375,24.465098204,24.468000000,2.901796,1,6.758592,5.000000,14
2036,400,8.455537,31375,24.480261157,24.482500000,2.238843,1,8.455537,5.000000,14
2037,400,10.809860,31375,24.493627669,24.496000000,2.372331,1,10.809860,5.000000,14
2038,400,12.991701,31375,24.508186260,24.510500000,2.313740,1,12.991701,5.000000,14
2039,400,14.582592,31375,24.521516515,24.527500000,5.983485,0,233.102447,5.000000,14
2040,400,17.215180,31375,24.536210484,24.539000000,2.789516,1,17.215180,5.000000,14
2041,400,18.991020,31375,24.550008419,24.552500000,2.491581,1,18.991020,5.000000,14
2042,400,20.153755,31375,24.563172243,24.565500000,2.327757,1,20.153755,5.000000,14
2043,400,21.177700,31375,24.578958282,24.581000000,2.041718,1,21.177700,5.000000,14
2044,400,22.936190,31375,24.596298543,24.598500000,2.201457,1,22.936190,5.000000,14
2045,400,24.278756,31375,24.609810675,24.612000000,2.189325,1,24.278756,5.000000,14
2046,400,25.876979,31375,24.622969718,24.625500000,2.530282,1,25.876979,5.000000,14
2047,400,26.632446,31375,24.637241386,24.639500000,2.258614,1,26.632446,5.000000,14
2048,400,28.101644,31375,24.651452703,24.653500000,2.047297,1,28.101644,5.000000,14
2049,400,28.346233,31375,24.664883374,24.667000000,2.116626,1,28.346233,5.000000,14
2050,400,29.187578,31375,24.678685579,24.681000000,2.314421,1,29.187578,5.000000,14
2051,400,29.740136,31375,24.692454642,24.694500000,2.045358,1,29.740136,5.000000,14
2052,400,30.404137,31375,24.707253773,24.709500000,2.246227,1,30.404137,5.000000,14
2053,400,30.762141,31375,24.724014424,24.726500000,2.485576,1,30.762141,5.000000,14
2054,400,32.530008,31375,24.738235427,24.740500000,2.264573,1,32.530008,5.000000,14
2055,400,31.894220,31375,24.753241789,24.755500000,2.258211,1,31.894220,5.000000,14
2056,400,32.558628,31375,24.768732786,24.771000000,2.267214,1,32.558628,5.000000,14
2057,400,33.376639,31375,24.783299559,24.785500000,2.200441,1,33.376639,5.000000,14
2058,400,33.405347,31375,24.797807809,24.800000000,2.192191,1,33.405347,5.000000,14
2059,400,33.567371,31375,24.810654685,24.813500000,2.845315,1,33.567371,5.000000,14
2060,400,34.194592,31375,24.824239011,24.826500000,2.260989,1,34.194592,5.000000,14
2061,400,34.216249,31375,24.838933555,24.841000000,2.066445,1,34.216249,5.000000,14
2062,400,29.926529,31375,24.853665428,24.856000000,2.334572,1,29.926529,5.000000,14
2063,400,29.466219,31375,24.867150686,24.869500000,2.349314,1,29.466219,5.000000,14
2064,400,28.869010,31375,24.880948857,24.883000000,2.051143,1,28.869010,5.000000,14
2065,400,28.827507,31375,24.894695377,24.897000000,2.304623,1,28.827507,5.000000,14
2066,400,28.926344,31375,24.907789667,24.910500000,2.710333,1,28.926344,5.000000,14
2067,400,25.681118,31375,24.923963316,24.926000000,2.036684,1,25.681118,5.000000,14
2068,400,25.068697,31375,24.936680845,24.939000000,2.319155,1,25.068697,5.000000,14
2069,400,23.685336,31375,24.949367796,24.951500000,2.132204,1,23.685336,5.000000,14
2070,400,22.556232,31375,24.962858117,24.965500000,2.641883,1,22.556232,5.000000,14
2071,400,19.567834,31375,24.975550089,24.978000000,2.449911,1,19.567834,5.000000,14
2072,400,18.317019,31375,24.989347993,24.991500000,2.152007,1,18.317019,5.000000,14
2073,400,17.065404,31375,25.004673943,25.007000000,2.326057,1,17.065404,5.000000,14
2074,400,16.236535,31375,25.019942060,25.022000000,2.057940,1,16.236535,5.000000,14
2075,400,13.525882,31375,25.034529642,25.037000000,2.470358,1,13.525882,5.000000,14
2076,400,12.432217,31375,25.049854692,25.052000000,2.145308,1,12.432217,5.000000,14
2077,400,10.957491,31375,25.062770909,25.065000000,2.229091,1,10.957491,5.000000,14
2078,400,10.273926,31375,25.076341980,25.078500000,2.158020,1,10.273926,5.000000,14
2079,400,5.758354,31375,25.089334113,25.091500000,2.165887,1,5.758354,5.000000,14
2081,400,2.253815,31375,25.104082884,25.106500000,2.417116,1,2.253815,5.000000,14
2082,400,2.070096,31375,25.116985622,25.122500000,5.514378,0,233.102447,5.000000,14
2084,400,1.678797,31375,25.131385065,25.133500000,2.114935,1,1.678797,5.000000,14
2085,400,2.008708,31375,25.146209663,25.148500000,2.290337,1,2.008708,5.000000,14
2086,400,3.517162,31375,25.160451728,25.162500000,2.048272,1,3.517162,5.000000,14
2088,400,4.061443,31375,25.178279053,25.180500000,2.220947,1,4.061443,5.000000,14
2089,400,4.103117,31375,25.192766212,25.196000000,3.233788,1,4.103117,5.000000,14
2090,400,4.857674,31375,25.206940545,25.212500000,5.559455,0,233.102447,5.000000,14
2091,400,4.274619,31375,25.220686365,25.223000000,2.313635,1,4.274619,5.000000,14
2092,400,3.802058,31375,25.238518254,25.241000000,2.481746,1,3.802058,5.000000,14
2093,400,3.173924,31375,25.252349761,25.254500000,2.150239,1,3.173924,5.000000,14
2095,400,2.872309,31375,25.266499118,25.269000000,2.500882,1,2.872309,5.000000,14
2096,400,2.722871,31375,25.279268036,25.281500000,2.231964,1,2.722871,5.000000,14
2097,400,2.619911,31375,25.294412399,25.296500000,2.087601,1,2.619911,5.000000,14
2099,400,4.289984,31375,25.311936805,25.314000000,2.063195,1,4.289984,5.000000,14
2100,400,5.831821,31375,25.328394023,25.330500000,2.105977,1,5.831821,5.000000,14
2101,400,7.702295,31375,25.342659213,25.345000000,2.340787,1,7.702295,5.000000,14
2102,400,8.778035,31375,25.356975865,25.359500000,2.524135,1,8.778035,5.000000,14
2103,400,8.331910,31375,25.370284377,25.372500000,2.215623,1,8.331910,5.000000,14
2104,400,8.233174,31375,25.383110514,25.386500000,3.389486,1,8.233174,5.000000,14
2105,400,7.670881,31375,25.397269605,25.399500000,2.230395,1,7.670881,5.000000,14
2106,400,7.891394,31375,25.411313272,25.413500000,2.186728,1,7.891394,5.000000,14
2107,400,6.478556,31375,25.425758339,25.431000000,5.241661,0,233.102447,5.000000,14
2108,400,5.794321,31375,25.439215600,25.441500000,2.284400,1,5.794321,5.000000,14
2109,400,4.407586,31375,25.453455825,25.456500000,3.044175,1,4.407586,5.000000,14
2113,400,0.997495,31375,25.467802786,25.470000000,2.197214,1,0.997495,5.000000,14
2116,400,3.807256,31375,25.481112794,25.483500000,2.387206,1,3.807256,5.000000,14
2117,400,4.335172,31375,25.494151963,25.496500000,2.348037,1,4.335172,5.000000,14
2119,400,5.831006,31375,25.508296053,25.511000000,2.703947,1,5.831006,5.000000,14
2120,400,7.733484,31375,25.523238683,25.526000000,2.761317,1,7.733484,5.000000,14
2121,400,7.716087,31375,25.536288442,25.538500000,2.211558,1,7.716087,5.000000,14
2122,400,7.698309,31375,25.549724905,25.552500000,2.775095,1,7.698309,5.000000,14
2123,400,7.417511,31375,25.563892964,25.568000000,4.107036,1,7.417511,5.000000,14
2124,400,7.777651,31375,25.576560653,25.579000000,2.439347,1,7.777651,5.000000,14
2125,400,6.645064,31375,25.589817363,25.592000000,2.182637,1,6.645064,5.000000,14
2126,400,6.428867,31375,25.603197334,25.608500000,5.302666,0,233.102447,5.000000,14
2128,400,3.926131,31375,25.617103187,25.619500000,2.396813,1,3.926131,5.000000,14
2129,400,2.855041,31375,25.631445411,25.633500000,2.054589,1,2.855041,5.000000,14
2130,400,2.565625,31375,25.646505072,25.649000000,2.494928,1,2.565625,5.000000,14
2134,400,3.084287,31375,25.661963012,25.664000000,2.036988,1,3.084287,5.000000,14
2135,400,2.777284,31375,25.674831396,25.677000000,2.168604,1,2.777284,5.000000,14
2136,400,2.873427,31375,25.690557593,25.693000000,2.442407,1,2.873427,5.000000,14
2137,400,2.653674,31375,25.705144532,25.710500000,5.355468,0,233.102447,5.000000,14
2139,400,2.368812,31375,25.718015841,25.720500000,2.484159,1,2.368812,5.000000,14
2140,400,3.251663,31375,25.735744378,25.738000000,2.255622,1,3.251663,5.000000,14
2141,400,3.255746,31375,25.751774363,25.754500000,2.725637,1,3.255746,5.000000,14
2143,400,4.936132,31375,25.766393361,25.768500000,2.106639,1,4.936132,5.000000,14
2144,400,6.745346,31375,25.779856711,25.782500000,2.643289,1,6.745346,5.000000,14
2145,400,8.634545,31375,25.792815232,25.795500000,2.684768,1,8.634545,5.000000,14
2146,400,12.885780,31375,25.807743384,25.813000000,5.256616,0,233.102447,5.000000,14
2147,400,13.788246,31375,25.820445255,25.822500000,2.054745,1,13.788246,5.000000,14
2148,400,15.139406,31375,25.833215095,25.835500000,2.284905,1,15.139406,5.000000,14
2149,400,17.147765,31375,25.846658637,25.849000000,2.341363,1,17.147765,5.000000,14
2150,400,18.614638,31375,25.861606533,25.864000000,2.393467,1,18.614638,5.000000,14
2151,400,17.975499,31375,25.876410695,25.878500000,2.089305,1,17.975499,5.000000,14
2152,400,18.277915,31375,25.890380093,25.892500000,2.119907,1,18.277915,5.000000,14
2153,400,18.006830,31375,25.904000637,25.906500000,2.499363,1,18.006830,5.000000,15
2154,400,18.469298,31375,25.919141947,25.924500000,5.358053,0,233.102447,5.000000,15
2155,400,16.893369,31375,25.932588324,25.935000000,2.411676,1,16.893369,5.000000,15
2156,400,16.410178,31375,25.945614503,25.948000000,2.385497,1,16.410178,5.000000,15
2157,400,14.919169,31375,25.959507390,25.962500000,2.992610,1,14.919169,5.000000,15
2158,400,14.383942,31375,25.974853707,25.977000000,2.146293,1,14.383942,5.000000,15
2159,400,11.322035,31375,25.988612704,25.991000000,2.387296,1,11.322035,5.000000,15
2160,400,9.648741,31375,26.002466010,26.005000000,2.533990,1,9.648741,5.000000,15
2161,400,6.437661,31375,26.015781355,26.018000000,2.218645,1,6.437661,5.000000,15
2162,400,4.983675,31375,26.031260149,26.033500000,2.239851,1,4.983675,5.000000,15
2163,400,2.736183,31375,26.046788828,26.049000000,2.211172,1,2.736183,5.000000,15
2165,400,0.966155,31375,26.062436769,26.064500000,2.063231,1,0.966155,5.000000,15
2167,400,2.356786,31375,26.077094310,26.079500000,2.405690,1,2.356786,5.000000,15
2168,400,4.161214,31375,26.091377869,26.093500000,2.122131,1,4.161214,5.000000,15
2169,400,5.582383,31375,26.105404493,26.110500000,5.095507,0,233.102447,5.000000,14
2170,400,9.693922,31375,26.118432692,26.120500000,2.067308,1,9.693922,5.000000,14
2171,400,9.730691,31375,26.131307236,26.133500000,2.192764,1,9.730691,5.000000,14
2172,400,11.243633,31375,26.147024671,26.150500000,3.475329,1,11.243633,5.000000,14
2173,400,11.246753,31375,26.160333586,26.162500000,2.166414,1,11.246753,5.000000,14
2174,400,11.281396,31375,26.173326239,26.175500000,2.173761,1,11.281396,5.000000,14
2175,400,9.758153,31375,26.186587628,26.189000000,2.412372,1,9.758153,5.000000,14
2176,400,8.560482,31375,26.200352887,26.206000000,5.647113,0,233.102447,5.000000,14
2177,400,6.991682,31375,26.217594655,26.220000000,2.405345,1,6.991682,5.000000,14
2179,400,3.735730,31375,26.231598271,26.234000000,2.401729,1,3.735730,5.000000,14
2180,400,3.342387,31375,26.246634101,26.249000000,2.365899,1,3.342387,5.000000,14
2182,400,4.519821,31375,26.260197608,26.262500000,2.302392,1,4.519821,5.000000,14
2183,400,4.454728,31375,26.272907635,26.275000000,2.092365,1,4.454728,5.000000,14
2184,400,5.037431,31375,26.287439227,26.289500000,2.060773,1,5.037431,5.000000,14
2185,400,6.985087,31375,26.301734564,26.307000000,5.265436,0,233.102447,5.000000,14
2186,400,7.694750,31375,26.317698195,26.320500000,2.801805,1,7.694750,5.000000,13
2187,400,7.375877,31375,26.334283864,26.337000000,2.716136,1,7.375877,5.000000,13
2188,400,7.475938,31375,26.348054039,26.351000000,2.945961,1,7.475938,5.000000,13
2190,400,9.260552,31375,26.362829632,26.366500000,3.670368,1,9.260552,5.000000,13
2191,400,12.583706,31375,26.375788093,26.378500000,2.711907,1,12.583706,5.000000,13
2192,400,14.246556,31375,26.389940456,26.392500000,2.559544,1,14.246556,5.000000,13
2193,400,16.022316,31375,26.405512611,26.411000000,5.487389,0,233.102447,5.000000,13
2194,400,19.084889,31375,26.419052445,26.422000000,2.947555,1,19.084889,5.000000,13
2195,400,19.666138,31375,26.432091821,26.435000000,2.908179,1,19.666138,5.000000,13
2196,400,20.107869,31375,26.446794419,26.450500000,3.705581,1,20.107869,5.000000,13
2197,400,21.422923,31375,26.462082863,26.465000000,2.917137,1,21.422923,5.000000,13
2198,400,22.740410,31375,26.476768655,26.479500000,2.731345,1,22.740410,5.000000,13
2199,400,21.262829,31375,26.489508829,26.492500000,2.991171,1,21.262829,5.000000,13
2200,400,20.157503,31375,26.503294934,26.514000000,10.705066,0,233.102447,5.000000,14
2201,400,19.132084,31375,26.516183304,26.519000000,2.816696,1,19.132084,5.000000,14
2202,400,18.289196,31375,26.529651091,26.532500000,2.848909,1,18.289196,5.000000,14
2203,400,14.878291,31375,26.543330313,26.546500000,3.169687,1,14.878291,5.000000,14
2204,400,12.529323,31375,26.556717958,26.559500000,2.782042,1,12.529323,5.000000,14
2205,400,10.359405,31375,26.569580191,26.572500000,2.919809,1,10.359405,5.000000,14
2206,400,8.564766,31375,26.583739984,26.586500000,2.760016,1,8.564766,5.000000,14
2207,400,7.010532,31375,26.597636193,26.600500000,2.863807,1,7.010532,5.000000,14
2209,400,4.853034,31375,26.612109302,26.617500000,5.390698,0,233.102447,5.000000,14
2210,400,5.106643,31375,26.625480763,26.628000000,2.519237,1,5.106643,5.000000,14
2211,400,5.889105,31375,26.639833320,26.642500000,2.666680,1,5.889105,5.000000,14
2212,400,6.102610,31375,26.652606417,26.655500000,2.893583,1,6.102610,5.000000,14
2213,400,6.440589,31375,26.666621742,26.669500000,2.878258,1,6.440589,5.000000,14
2214,400,6.691005,31375,26.679818864,26.683000000,3.181136,1,6.691005,5.000000,14
2216,400,7.186159,31375,26.692892679,26.698000000,5.107321,0,233.102447,5.000000,14
2217,400,10.900018,31375,26.707092956,26.715500000,8.407044,0,233.102447,5.000000,14
2218,400,11.237827,31375,26.720834898,26.729000000,8.165102,0,233.102447,5.000000,14
2219,400,13.519564,31375,26.734815434,26.737000000,2.184566,1,13.519564,5.000000,14
2220,400,13.731527,31375,26.748894538,26.751000000,2.105462,1,13.731527,5.000000,14
2221,400,12.965964,31375,26.765106914,26.767500000,2.393086,1,12.965964,5.000000,14
2222,400,13.050591,31375,26.778059692,26.780500000,2.440308,1,13.050591,5.000000,14
2223,400,6.016105,31375,26.792551260,26.795500000,2.948740,1,6.016105,5.000000,14
2224,400,4.734956,31375,26.805223296,26.811500000,6.276704,0,233.102447,5.000000,14
2226,400,1.765418,31375,26.818820651,26.821000000,2.179349,1,1.765418,5.000000,14
2228,400,2.711106,31375,26.833772532,26.839000000,5.227468,0,233.102447,5.000000,14
2229,400,7.430302,31375,26.848576723,26.851000000,2.423277,1,7.430302,5.000000,14
2230,400,10.504434,31375,26.863922181,26.866000000,2.077819,1,10.504434,5.000000,14
2231,400,16.083063,31375,26.880784279,26.883000000,2.215721,1,16.083063,5.000000,14
2232,400,17.642524,31375,26.893814777,26.896000000,2.185223,1,17.642524,5.000000,14
2233,400,21.786303,31375,26.906534442,26.915000000,8.465558,0,233.102447,5.000000,14
2234,400,22.172354,31375,26.922076649,26.924500000,2.423351,1,22.172354,5.000000,14
2235,400,25.479823,31375,26.935534625,26.938000000,2.465375,1,25.479823,5.000000,14
2236,400,25.302063,31375,26.949580981,26.952000000,2.419019,1,25.302063,5.000000,14
2237,400,25.549814,31375,26.964538079,26.967000000,2.461921,1,25.549814,5.000000,14
2238,400,25.372880,31375,26.978272374,26.980500000,2.227626,1,25.372880,5.000000,14
2239,400,24.832006,31375,26.991375921,26.993500000,2.124079,1,24.832006,5.000000,14
2240,400,24.532264,31375,27.004957354,27.010000000,5.042646,0,233.102447,5.000000,14
2241,400,22.559803,31375,27.020796951,27.023000000,2.203049,1,22.559803,5.000000,14
2242,400,21.769261,31375,27.035101442,27.038000000,2.898558,1,21.769261,5.000000,14
2243,400,20.088073,31375,27.050474047,27.053000000,2.525953,1,20.088073,5.000000,14
2244,400,17.751906,31375,27.063357485,27.065500000,2.142515,1,17.751906,5.000000,14
2245,400,13.985460,31375,27.079260616,27.081500000,2.239384,1,13.985460,5.000000,14
2246,400,12.053146,31375,27.092282606,27.094500000,2.217394,1,12.053146,5.000000,14
2247,400,8.254103,31375,27.106671592,27.112000000,5.328408,0,233.102447,5.000000,14
2248,400,5.360680,31375,27.125755765,27.128500000,2.744235,1,5.360680,5.000000,14
2250,400,2.543976,31375,27.139940894,27.142000000,2.059106,1,2.543976,5.000000,14
2251,400,2.603035,31375,27.153135161,27.156000000,2.864839,1,2.603035,5.000000,14
2253,400,5.026970,31375,27.166180139,27.169000000,2.819861,1,5.026970,5.000000,14
2254,400,8.520177,31375,27.183916879,27.186000000,2.083121,1,8.520177,5.000000,14
2255,400,13.819931,31375,27.201306095,27.209500000,8.193905,0,233.102447,5.000000,14
2256,400,12.326737,31375,27.215649191,27.218000000,2.350809,1,12.326737,5.000000,14
2257,400,10.738028,31375,27.229232762,27.231500000,2.267238,1,10.738028,5.000000,14
2258,400,8.917898,31375,27.243939912,27.246000000,2.060088,1,8.917898,5.000000,14
2259,400,7.830157,31375,27.257130942,27.259500000,2.369058,1,7.830157,5.000000,14
2261,400,4.049870,31375,27.271082126,27.273500000,2.417874,1,4.049870,5.000000,14
2262,400,2.468556,31375,27.284609610,27.287000000,2.390390,1,2.468556,5.000000,14
2265,400,4.267893,31375,27.300877297,27.309000000,8.122703,0,233.102447,5.000000,14
2266,400,5.821137,31375,27.313814648,27.316500000,2.685352,1,5.821137,5.000000,14
2267,400,7.502689,31375,27.327660155,27.330000000,2.339845,1,7.502689,5.000000,14
2268,400,7.288850,31375,27.341665900,27.344000000,2.334100,1,7.288850,5.000000,14
2269,400,8.209148,31375,27.354732363,27.357000000,2.267637,1,8.209148,5.000000,14
2270,400,7.537962,31375,27.367450607,27.369500000,2.049393,1,7.537962,5.000000,14
2271,400,7.602408,31375,27.384899387,27.387000000,2.100613,1,7.602408,5.000000,14
2273,400,6.961426,31375,27.398294764,27.400500000,2.205236,1,6.961426,5.000000,14
2274,400,6.657794,31375,27.411304997,27.419500000,8.195003,0,233.102447,5.000000,14
2275,400,7.140968,31375,27.425822538,27.431000000,5.177462,0,233.102447,5.000000,14
2277,400,4.931123,31375,27.438728105,27.442000000,3.271895,1,4.931123,5.000000,14
2278,400,4.419160,31375,27.452265474,27.454500000,2.234526,1,4.419160,5.000000,14
2279,400,3.994190,31375,27.465079195,27.467500000,2.420805,1,3.994190,5.000000,14
2281,400,3.308480,31375,27.478413277,27.481000000,2.586723,1,3.308480,5.000000,14
2282,400,3.863297,31375,27.493025683,27.495500000,2.474317,1,3.863297,5.000000,14
2284,400,8.018224,31375,27.507319554,27.515500000,8.180446,0,233.102447,5.000000,14
2285,400,10.658676,31375,27.520740655,27.523000000,2.259345,1,10.658676,5.000000,14
2286,400,12.826419,31375,27.533648117,27.536000000,2.351883,1,12.826419,5.000000,14
2287,400,15.179657,31375,27.546802044,27.551000000,4.197956,1,15.179657,5.000000,14
2288,400,16.145857,31375,27.559958462,27.563500000,3.541538,1,16.145857,5.000000,14
2289,400,16.672111,31375,27.572830304,27.575500000,2.669696,1,16.672111,5.000000,14
2290,400,16.851772,31375,27.586960387,27.590000000,3.039613,1,16.851772,5.000000,14
2291,400,18.596009,31375,27.600324181,27.605500000,5.175819,0,233.102447,5.000000,14
2292,400,17.379392,31375,27.613504265,27.616000000,2.495735,1,17.379392,5.000000,14
2293,400,17.153375,31375,27.628425784,27.630500000,2.074216,1,17.153375,5.000000,14
2294,400,16.354816,31375,27.641533888,27.644000000,2.466112,1,16.354816,5.000000,14
2295,400,16.580515,31375,27.654232446,27.656500000,2.267554,1,16.580515,5.000000,14
2296,400,15.702810,31375,27.667507780,27.670000000,2.492220,1,15.702810,5.000000,14
2297,400,15.058563,31375,27.684140910,27.686500000,2.359090,1,15.058563,5.000000,14
2298,400,13.174649,31375,27.698677082,27.701000000,2.322918,1,13.174649,5.000000,14
2299,400,12.215643,31375,27.711695882,27.717000000,5.304118,0,233.102447,5.000000,14
2300,400,9.759755,31375,27.732151931,27.735000000,2.848069,1,9.759755,5.000000,14
2301,400,7.339900,31375,27.749131551,27.751500000,2.368449,1,7.339900,5.000000,14
2303,400,6.573872,31375,27.762591150,27.765000000,2.408850,1,6.573872,5.000000,14
2304,400,7.397847,31375,27.776369535,27.778500000,2.130465,1,7.397847,5.000000,14
2305,400,8.016462,31375,27.791570530,27.794000000,2.429470,1,8.016462,5.000000,14
2306,400,8.313761,31375,27.804705771,27.807500000,2.794229,1,8.313761,5.000000,14
2307,400,9.714975,31375,27.819189004,27.821500000,2.310996,1,9.714975,5.000000,14
2308,400,9.717852,31375,27.835157441,27.837500000,2.342559,1,9.717852,5.000000,14
2309,400,10.044395,31375,27.850989764,27.853500000,2.510236,1,10.044395,5.000000,14
2310,400,10.517388,31375,27.864283823,27.866500000,2.216177,1,10.517388,5.000000,14
2311,400,10.673107,31375,27.878795421,27.882000000,3.204579,1,10.673107,5.000000,14
2313,400,8.571476,31375,27.891611846,27.894500000,2.888154,1,8.571476,5.000000,14
2314,400,6.711465,31375,27.905579860,27.911000000,5.420140,0,233.102447,5.000000,14
2315,400,4.799215,31375,27.919128187,27.921500000,2.371813,1,4.799215,5.000000,14
2318,400,5.521354,31375,27.932550349,27.935000000,2.449651,1,5.521354,5.000000,14
2319,400,8.385688,31375,27.947257875,27.950500000,3.242125,1,8.385688,5.000000,14
2320,400,11.001972,31375,27.960546359,27.963000000,2.453641,1,11.001972,5.000000,14
2321,400,13.566986,31375,27.974562474,27.977000000,2.437526,1,13.566986,5.000000,14
2322,400,14.493434,31375,27.989273166,27.992000000,2.726834,1,14.493434,5.000000,14
2323,400,18.425107,31375,28.002419085,28.007500000,5.080915,0,233.102447,5.000000,14
2324,400,18.531962,31375,28.017034069,28.019500000,2.465931,1,18.531962,5.000000,14
2325,400,19.519466,31375,28.031338631,28.034000000,2.661369,1,19.519466,5.000000,14
2326,400,19.793670,31375,28.045608439,28.048000000,2.391561,1,19.793670,5.000000,14
2327,400,21.427711,31375,28.062929674,28.065000000,2.070326,1,21.427711,5.000000,14
2328,400,21.426829,31375,28.075719649,28.078000000,2.280351,1,21.426829,5.000000,14
2329,400,21.651809,31375,28.089204085,28.091500000,2.295915,1,21.651809,5.000000,14
2330,400,20.379267,31375,28.107406275,28.113000000,5.593725,0,233.102447,5.000000,14
2331,400,20.385623,31375,28.121969249,28.124500000,2.530751,1,20.385623,5.000000,14
2332,400,19.489026,31375,28.138595540,28.141000000,2.404460,1,19.489026,5.000000,14
2333,400,18.865974,31375,28.153917507,28.156000000,2.082493,1,18.865974,5.000000,14
2334,400,16.949659,31375,28.168144144,28.171000000,2.855856,1,16.949659,5.000000,14
2335,400,16.019739,31375,28.184694814,28.187000000,2.305186,1,16.019739,5.000000,14
2336,400,13.313029,31375,28.197852509,28.200000000,2.147491,1,13.313029,5.000000,14
2337,400,11.394466,31375,28.213074273,28.220500000,7.425727,0,233.102447,5.000000,14
2339,400,7.814006,31375,28.227726448,28.233000000,5.273552,0,233.102447,5.000000,14
2340,400,10.241576,31375,28.242372802,28.244500000,2.127198,1,10.241576,5.000000,14
2341,400,12.427408,31375,28.257082571,28.259500000,2.417429,1,12.427408,5.000000,14
2342,400,11.154529,31375,28.270482919,28.273000000,2.517081,1,11.154529,5.000000,14
2343,400,11.049120,31375,28.283524662,28.286000000,2.475338,1,11.049120,5.000000,14
2344,400,9.984263,31375,28.296566192,28.300500000,3.933808,1,9.984263,5.000000,14
2345,400,9.661000,31375,28.310278759,28.318500000,8.221241,0,233.102447,5.000000,14
2346,400,8.485594,31375,28.323847673,28.326000000,2.152327,1,8.485594,5.000000,14
2347,400,8.358169,31375,28.339917186,28.343000000,3.082814,1,8.358169,5.000000,14
2349,400,9.428776,31375,28.354643183,28.357500000,2.856817,1,9.428776,5.000000,14
2350,400,11.344370,31375,28.370776847,28.373000000,2.223153,1,11.344370,5.000000,14
2351,400,13.516759,31375,28.384844632,28.387000000,2.155368,1,13.516759,5.000000,14
2352,400,15.117148,31375,28.399462227,28.404500000,5.037773,0,233.102447,5.000000,14
2353,400,17.918346,31375,28.412679754,28.415000000,2.320246,1,17.918346,5.000000,14
2354,400,18.747413,31375,28.425702991,28.428000000,2.297009,1,18.747413,5.000000,14
2355,400,20.780241,31375,28.439387393,28.441500000,2.112607,1,20.780241,5.000000,14
2356,400,20.203056,31375,28.452956790,28.455000000,2.043210,1,20.203056,5.000000,14
17,0,0,0,0,0,-1,0,233.102447,5.000000,0
19,0,0,0,0,0,-1,0,233.102447,5.000000,0
23,0,0,0,0,0,-1,0,233.102447,5.000000,0
26,0,0,0,0,0,-1,0,233.102447,5.000000,0
31,0,0,0,0,0,-1,0,233.102447,5.000000,0
33,0,0,0,0,0,-1,0,233.102447,5.000000,0
37,0,0,0,0,0,-1,0,233.102447,5.000000,0
41,0,0,0,0,0,-1,0,233.102447,5.000000,0
48,0,0,0,0,0,-1,0,233.102447,5.000000,0
50,0,0,0,0,0,-1,0,233.102447,5.000000,0
56,0,0,0,0,0,-1,0,233.102447,5.000000,0
61,0,0,0,0,0,-1,0,233.102447,5.000000,0
65,0,0,0,0,0,-1,0,233.102447,5.000000,0
68,0,0,0,0,0,-1,0,233.102447,5.000000,0
69,0,0,0,0,0,-1,0,233.102447,5.000000,0
73,0,0,0,0,0,-1,0,233.102447,5.000000,0
79,0,0,0,0,0,-1,0,233.102447,5.000000,0
80,0,0,0,0,0,-1,0,233.102447,5.000000,0
87,0,0,0,0,0,-1,0,233.102447,5.000000,0
91,0,0,0,0,0,-1,0,233.102447,5.000000,0
93,0,0,0,0,0,-1,0,233.102447,5.000000,0
95,0,0,0,0,0,-1,0,233.102447,5.000000,0
101,0,0,0,0,0,-1,0,233.102447,5.000000,0
105,0,0,0,0,0,-1,0,233.102447,5.000000,0
106,0,0,0,0,0,-1,0,233.102447,5.000000,0
118,0,0,0,0,0,-1,0,233.102447,5.000000,0
131,0,0,0,0,0,-1,0,233.102447,5.000000,0
132,0,0,0,0,0,-1,0,233.102447,5.000000,0
149,0,0,0,0,0,-1,0,233.102447,5.000000,0
157,0,0,0,0,0,-1,0,233.102447,5.000000,0
167,0,0,0,0,0,-1,0,233.102447,5.000000,0
168,0,0,0,0,0,-1,0,233.102447,5.000000,0
169,0,0,0,0,0,-1,0,233.102447,5.000000,0
176,0,0,0,0,0,-1,0,233.102447,5.000000,0
177,0,0,0,0,0,-1,0,233.102447,5.000000,0
179,0,0,0,0,0,-1,0,233.102447,5.000000,0
181,0,0,0,0,0,-1,0,233.102447,5.000000,0
185,0,0,0,0,0,-1,0,233.102447,5.000000,0
189,0,0,0,0,0,-1,0,233.102447,5.000000,0
199,0,0,0,0,0,-1,0,233.102447,5.000000,0
217,0,0,0,0,0,-1,0,233.102447,5.000000,0
222,0,0,0,0,0,-1,0,233.102447,5.000000,0
228,0,0,0,0,0,-1,0,233.102447,5.000000,0
230,0,0,0,0,0,-1,0,233.102447,5.000000,0
233,0,0,0,0,0,-1,0,233.102447,5.000000,0
239,0,0,0,0,0,-1,0,233.102447,5.000000,0
245,0,0,0,0,0,-1,0,233.102447,5.000000,0
247,0,0,0,0,0,-1,0,233.102447,5.000000,0
251,0,0,0,0,0,-1,0,233.102447,5.000000,0
256,0,0,0,0,0,-1,0,233.102447,5.000000,0
257,0,0,0,0,0,-1,0,233.102447,5.000000,0
263,0,0,0,0,0,-1,0,233.102447,5.000000,0
308,0,0,0,0,0,-1,0,233.102447,5.000000,0
315,0,0,0,0,0,-1,0,233.102447,5.000000,0
318,0,0,0,0,0,-1,0,233.102447,5.000000,0
319,0,0,0,0,0,-1,0,233.102447,5.000000,0
321,0,0,0,0,0,-1,0,233.102447,5.000000,0
328,0,0,0,0,0,-1,0,233.102447,5.000000,0
332,0,0,0,0,0,-1,0,233.102447,5.000000,0
334,0,0,0,0,0,-1,0,233.102447,5.000000,0
349,0,0,0,0,0,-1,0,233.102447,5.000000,0
353,0,0,0,0,0,-1,0,233.102447,5.000000,0
354,0,0,0,0,0,-1,0,233.102447,5.000000,0
367,0,0,0,0,0,-1,0,233.102447,5.000000,0
381,0,0,0,0,0,-1,0,233.102447,5.000000,0
393,0,0,0,0,0,-1,0,233.102447,5.000000,0
397,0,0,0,0,0,-1,0,233.102447,5.000000,0
401,0,0,0,0,0,-1,0,233.102447,5.000000,0
408,0,0,0,0,0,-1,0,233.102447,5.000000,0
425,0,0,0,0,0,-1,0,233.102447,5.000000,0
429,0,0,0,0,0,-1,0,233.102447,5.000000,0
435,0,0,0,0,0,-1,0,233.102447,5.000000,0
437,0,0,0,0,0,-1,0,233.102447,5.000000,0
445,0,0,0,0,0,-1,0,233.102447,5.000000,0
453,0,0,0,0,0,-1,0,233.102447,5.000000,0
457,0,0,0,0,0,-1,0,233.102447,5.000000,0
465,0,0,0,0,0,-1,0,233.102447,5.000000,0
468,0,0,0,0,0,-1,0,233.102447,5.000000,0
469,0,0,0,0,0,-1,0,233.102447,5.000000,0
472,0,0,0,0,0,-1,0,233.102447,5.000000,0
473,0,0,0,0,0,-1,0,233.102447,5.000000,0
476,0,0,0,0,0,-1,0,233.102447,5.000000,0
483,0,0,0,0,0,-1,0,233.102447,5.000000,0
486,0,0,0,0,0,-1,0,233.102447,5.000000,0
487,0,0,0,0,0,-1,0,233.102447,5.000000,0
491,0,0,0,0,0,-1,0,233.102447,5.000000,0
496,0,0,0,0,0,-1,0,233.102447,5.000000,0
500,0,0,0,0,0,-1,0,233.102447,5.000000,0
503,0,0,0,0,0,-1,0,233.102447,5.000000,0
509,0,0,0,0,0,-1,0,233.102447,5.000000,0
511,0,0,0,0,0,-1,0,233.102447,5.000000,0
518,0,0,0,0,0,-1,0,233.102447,5.000000,0
530,0,0,0,0,0,-1,0,233.102447,5.000000,0
533,0,0,0,0,0,-1,0,233.102447,5.000000,0
534,0,0,0,0,0,-1,0,233.102447,5.000000,0
535,0,0,0,0,0,-1,0,233.102447,5.000000,0
538,0,0,0,0,0,-1,0,233.102447,5.000000,0
540,0,0,0,0,0,-1,0,233.102447,5.000000,0
543,0,0,0,0,0,-1,0,233.102447,5.000000,0
544,0,0,0,0,0,-1,0,233.102447,5.000000,0
554,0,0,0,0,0,-1,0,233.102447,5.000000,0
573,0,0,0,0,0,-1,0,233.102447,5.000000,0
576,0,0,0,0,0,-1,0,233.102447,5.000000,0
585,0,0,0,0,0,-1,0,233.102447,5.000000,0
586,0,0,0,0,0,-1,0,233.102447,5.000000,0
601,0,0,0,0,0,-1,0,233.102447,5.000000,0
618,0,0,0,0,0,-1,0,233.102447,5.000000,0
625,0,0,0,0,0,-1,0,233.102447,5.000000,0
641,0,0,0,0,0,-1,0,233.102447,5.000000,0
642,0,0,0,0,0,-1,0,233.102447,5.000000,0
647,0,0,0,0,0,-1,0,233.102447,5.000000,0
676,0,0,0,0,0,-1,0,233.102447,5.000000,0
682,0,0,0,0,0,-1,0,233.102447,5.000000,0
683,0,0,0,0,0,-1,0,233.102447,5.000000,0
694,0,0,0,0,0,-1,0,233.102447,5.000000,0
696,0,0,0,0,0,-1,0,233.102447,5.000000,0
706,0,0,0,0,0,-1,0,233.102447,5.000000,0
710,0,0,0,0,0,-1,0,233.102447,5.000000,0
711,0,0,0,0,0,-1,0,233.102447,5.000000,0
712,0,0,0,0,0,-1,0,233.102447,5.000000,0
730,0,0,0,0,0,-1,0,233.102447,5.000000,0
731,0,0,0,0,0,-1,0,233.102447,5.000000,0
733,0,0,0,0,0,-1,0,233.102447,5.000000,0
736,0,0,0,0,0,-1,0,233.102447,5.000000,0
737,0,0,0,0,0,-1,0,233.102447,5.000000,0
742,0,0,0,0,0,-1,0,233.102447,5.000000,0
743,0,0,0,0,0,-1,0,233.102447,5.000000,0
748,0,0,0,0,0,-1,0,233.102447,5.000000,0
751,0,0,0,0,0,-1,0,233.102447,5.000000,0
761,0,0,0,0,0,-1,0,233.102447,5.000000,0
763,0,0,0,0,0,-1,0,233.102447,5.000000,0
773,0,0,0,0,0,-1,0,233.102447,5.000000,0
786,0,0,0,0,0,-1,0,233.102447,5.000000,0
789,0,0,0,0,0,-1,0,233.102447,5.000000,0
794,0,0,0,0,0,-1,0,233.102447,5.000000,0
800,0,0,0,0,0,-1,0,233.102447,5.000000,0
801,0,0,0,0,0,-1,0,233.102447,5.000000,0
811,0,0,0,0,0,-1,0,233.102447,5.000000,0
828,0,0,0,0,0,-1,0,233.102447,5.000000,0
835,0,0,0,0,0,-1,0,233.102447,5.000000,0
852,0,0,0,0,0,-1,0,233.102447,5.000000,0
856,0,0,0,0,0,-1,0,233.102447,5.000000,0
858,0,0,0,0,0,-1,0,233.102447,5.000000,0
865,0,0,0,0,0,-1,0,233.102447,5.000000,0
866,0,0,0,0,0,-1,0,233.102447,5.000000,0
879,0,0,0,0,0,-1,0,233.102447,5.000000,0
881,0,0,0,0,0,-1,0,233.102447,5.000000,0
908,0,0,0,0,0,-1,0,233.102447,5.000000,0
927,0,0,0,0,0,-1,0,233.102447,5.000000,0
932,0,0,0,0,0,-1,0,233.102447,5.000000,0
940,0,0,0,0,0,-1,0,233.102447,5.000000,0
957,0,0,0,0,0,-1,0,233.102447,5.000000,0
965,0,0,0,0,0,-1,0,233.102447,5.000000,0
970,0,0,0,0,0,-1,0,233.102447,5.000000,0
982,0,0,0,0,0,-1,0,233.102447,5.000000,0
994,0,0,0,0,0,-1,0,233.102447,5.000000,0
996,0,0,0,0,0,-1,0,233.102447,5.000000,0
997,0,0,0,0,0,-1,0,233.102447,5.000000,0
1002,0,0,0,0,0,-1,0,233.102447,5.000000,0
1005,0,0,0,0,0,-1,0,233.102447,5.000000,0
1009,0,0,0,0,0,-1,0,233.102447,5.000000,0
1010,0,0,0,0,0,-1,0,233.102447,5.000000,0
1017,0,0,0,0,0,-1,0,233.102447,5.000000,0
1018,0,0,0,0,0,-1,0,233.102447,5.000000,0
1022,0,0,0,0,0,-1,0,233.102447,5.000000,0
1025,0,0,0,0,0,-1,0,233.102447,5.000000,0
1027,0,0,0,0,0,-1,0,233.102447,5.000000,0
1034,0,0,0,0,0,-1,0,233.102447,5.000000,0
1042,0,0,0,0,0,-1,0,233.102447,5.000000,0
1044,0,0,0,0,0,-1,0,233.102447,5.000000,0
1046,0,0,0,0,0,-1,0,233.102447,5.000000,0
1053,0,0,0,0,0,-1,0,233.102447,5.000000,0
1055,0,0,0,0,0,-1,0,233.102447,5.000000,0
1056,0,0,0,0,0,-1,0,233.102447,5.000000,0
1057,0,0,0,0,0,-1,0,233.102447,5.000000,0
1061,0,0,0,0,0,-1,0,233.102447,5.000000,0
1074,0,0,0,0,0,-1,0,233.102447,5.000000,0
1075,0,0,0,0,0,-1,0,233.102447,5.000000,0
1078,0,0,0,0,0,-1,0,233.102447,5.000000,0
1084,0,0,0,0,0,-1,0,233.102447,5.000000,0
1087,0,0,0,0,0,-1,0,233.102447,5.000000,0
1103,0,0,0,0,0,-1,0,233.102447,5.000000,0
1123,0,0,0,0,0,-1,0,233.102447,5.000000,0
1127,0,0,0,0,0,-1,0,233.102447,5.000000,0
1142,0,0,0,0,0,-1,0,233.102447,5.000000,0
1144,0,0,0,0,0,-1,0,233.102447,5.000000,0
1163,0,0,0,0,0,-1,0,233.102447,5.000000,0
1168,0,0,0,0,0,-1,0,233.102447,5.000000,0
1172,0,0,0,0,0,-1,0,233.102447,5.000000,0
1176,0,0,0,0,0,-1,0,233.102447,5.000000,0
1180,0,0,0,0,0,-1,0,233.102447,5.000000,0
1183,0,0,0,0,0,-1,0,233.102447,5.000000,0
1193,0,0,0,0,0,-1,0,233.102447,5.000000,0
1197,0,0,0,0,0,-1,0,233.102447,5.000000,0
1199,0,0,0,0,0,-1,0,233.102447,5.000000,0
1203,0,0,0,0,0,-1,0,233.102447,5.000000,0
1221,0,0,0,0,0,-1,0,233.102447,5.000000,0
1242,0,0,0,0,0,-1,0,233.102447,5.000000,0
1244,0,0,0,0,0,-1,0,233.102447,5.000000,0
1261,0,0,0,0,0,-1,0,233.102447,5.000000,0
1263,0,0,0,0,0,-1,0,233.102447,5.000000,0
1277,0,0,0,0,0,-1,0,233.102447,5.000000,0
1281,0,0,0,0,0,-1,0,233.102447,5.000000,0
1295,0,0,0,0,0,-1,0,233.102447,5.000000,0
1297,0,0,0,0,0,-1,0,233.102447,5.000000,0
1302,0,0,0,0,0,-1,0,233.102447,5.000000,0
1313,0,0,0,0,0,-1,0,233.102447,5.000000,0
1315,0,0,0,0,0,-1,0,233.102447,5.000000,0
1320,0,0,0,0,0,-1,0,233.102447,5.000000,0
1322,0,0,0,0,0,-1,0,233.102447,5.000000,0
1323,0,0,0,0,0,-1,0,233.102447,5.000000,0
1328,0,0,0,0,0,-1,0,233.102447,5.000000,0
1330,0,0,0,0,0,-1,0,233.102447,5.000000,0
1339,0,0,0,0,0,-1,0,233.102447,5.000000,0
1345,0,0,0,0,0,-1,0,233.102447,5.000000,0
1346,0,0,0,0,0,-1,0,233.102447,5.000000,0
1373,0,0,0,0,0,-1,0,233.102447,5.000000,0
1374,0,0,0,0,0,-1,0,233.102447,5.000000,0
1383,0,0,0,0,0,-1,0,233.102447,5.000000,0
1400,0,0,0,0,0,-1,0,233.102447,5.000000,0
1402,0,0,0,0,0,-1,0,233.102447,5.000000,0
1405,0,0,0,0,0,-1,0,233.102447,5.000000,0
1406,0,0,0,0,0,-1,0,233.102447,5.000000,0
1407,0,0,0,0,0,-1,0,233.102447,5.000000,0
1414,0,0,0,0,0,-1,0,233.102447,5.000000,0
1417,0,0,0,0,0,-1,0,233.102447,5.000000,0
1420,0,0,0,0,0,-1,0,233.102447,5.000000,0
1421,0,0,0,0,0,-1,0,233.102447,5.000000,0
1426,0,0,0,0,0,-1,0,233.102447,5.000000,0
1429,0,0,0,0,0,-1,0,233.102447,5.000000,0
1430,0,0,0,0,0,-1,0,233.102447,5.000000,0
1438,0,0,0,0,0,-1,0,233.102447,5.000000,0
1452,0,0,0,0,0,-1,0,233.102447,5.000000,0
1454,0,0,0,0,0,-1,0,233.102447,5.000000,0
1465,0,0,0,0,0,-1,0,233.102447,5.000000,0
1479,0,0,0,0,0,-1,0,233.102447,5.000000,0
1480,0,0,0,0,0,-1,0,233.102447,5.000000,0
1483,0,0,0,0,0,-1,0,233.102447,5.000000,0
1487,0,0,0,0,0,-1,0,233.102447,5.000000,0
1501,0,0,0,0,0,-1,0,233.102447,5.000000,0
1502,0,0,0,0,0,-1,0,233.102447,5.000000,0
1507,0,0,0,0,0,-1,0,233.102447,5.000000,0
1509,0,0,0,0,0,-1,0,233.102447,5.000000,0
1511,0,0,0,0,0,-1,0,233.102447,5.000000,0
1544,0,0,0,0,0,-1,0,233.102447,5.000000,0
1545,0,0,0,0,0,-1,0,233.102447,5.000000,0
1550,0,0,0,0,0,-1,0,233.102447,5.000000,0
1554,0,0,0,0,0,-1,0,233.102447,5.000000,0
1557,0,0,0,0,0,-1,0,233.102447,5.000000,0
1558,0,0,0,0,0,-1,0,233.102447,5.000000,0
1559,0,0,0,0,0,-1,0,233.102447,5.000000,0
1561,0,0,0,0,0,-1,0,233.102447,5.000000,0
1566,0,0,0,0,0,-1,0,233.102447,5.000000,0
1569,0,0,0,0,0,-1,0,233.102447,5.000000,0
1575,0,0,0,0,0,-1,0,233.102447,5.000000,0
1593,0,0,0,0,0,-1,0,233.102447,5.000000,0
1595,0,0,0,0,0,-1,0,233.102447,5.000000,0
1608,0,0,0,0,0,-1,0,233.102447,5.000000,0
1616,0,0,0,0,0,-1,0,233.102447,5.000000,0
1617,0,0,0,0,0,-1,0,233.102447,5.000000,0
1618,0,0,0,0,0,-1,0,233.102447,5.000000,0
1623,0,0,0,0,0,-1,0,233.102447,5.000000,0
1632,0,0,0,0,0,-1,0,233.102447,5.000000,0
1634,0,0,0,0,0,-1,0,233.102447,5.000000,0
1643,0,0,0,0,0,-1,0,233.102447,5.000000,0
1649,0,0,0,0,0,-1,0,233.102447,5.000000,0
1650,0,0,0,0,0,-1,0,233.102447,5.000000,0
1662,0,0,0,0,0,-1,0,233.102447,5.000000,0
1669,0,0,0,0,0,-1,0,233.102447,5.000000,0
1670,0,0,0,0,0,-1,0,233.102447,5.000000,0
1671,0,0,0,0,0,-1,0,233.102447,5.000000,0
1672,0,0,0,0,0,-1,0,233.102447,5.000000,0
1691,0,0,0,0,0,-1,0,233.102447,5.000000,0
1699,0,0,0,0,0,-1,0,233.102447,5.000000,0
1701,0,0,0,0,0,-1,0,233.102447,5.000000,0
1703,0,0,0,0,0,-1,0,233.102447,5.000000,0
1718,0,0,0,0,0,-1,0,233.102447,5.000000,0
1720,0,0,0,0,0,-1,0,233.102447,5.000000,0
1721,0,0,0,0,0,-1,0,233.102447,5.000000,0
1728,0,0,0,0,0,-1,0,233.102447,5.000000,0
1729,0,0,0,0,0,-1,0,233.102447,5.000000,0
1731,0,0,0,0,0,-1,0,233.102447,5.000000,0
1732,0,0,0,0,0,-1,0,233.102447,5.000000,0
1739,0,0,0,0,0,-1,0,233.102447,5.000000,0
1740,0,0,0,0,0,-1,0,233.102447,5.000000,0
1744,0,0,0,0,0,-1,0,233.102447,5.000000,0
1746,0,0,0,0,0,-1,0,233.102447,5.000000,0
1755,0,0,0,0,0,-1,0,233.102447,5.000000,0
1758,0,0,0,0,0,-1,0,233.102447,5.000000,0
1775,0,0,0,0,0,-1,0,233.102447,5.000000,0
1783,0,0,0,0,0,-1,0,233.102447,5.000000,0
1790,0,0,0,0,0,-1,0,233.102447,5.000000,0
1793,0,0,0,0,0,-1,0,233.102447,5.000000,0
1803,0,0,0,0,0,-1,0,233.102447,5.000000,0
1811,0,0,0,0,0,-1,0,233.102447,5.000000,0
1820,0,0,0,0,0,-1,0,233.102447,5.000000,0
1832,0,0,0,0,0,-1,0,233.102447,5.000000,0
1835,0,0,0,0,0,-1,0,233.102447,5.000000,0
1839,0,0,0,0,0,-1,0,233.102447,5.000000,0
1840,0,0,0,0,0,-1,0,233.102447,5.000000,0
1850,0,0,0,0,0,-1,0,233.102447,5.000000,0
1862,0,0,0,0,0,-1,0,233.102447,5.000000,0
1871,0,0,0,0,0,-1,0,233.102447,5.000000,0
1886,0,0,0,0,0,-1,0,233.102447,5.000000,0
1888,0,0,0,0,0,-1,0,233.102447,5.000000,0
1905,0,0,0,0,0,-1,0,233.102447,5.000000,0
1915,0,0,0,0,0,-1,0,233.102447,5.000000,0
1918,0,0,0,0,0,-1,0,233.102447,5.000000,0
1919,0,0,0,0,0,-1,0,233.102447,5.000000,0
1926,0,0,0,0,0,-1,0,233.102447,5.000000,0
1928,0,0,0,0,0,-1,0,233.102447,5.000000,0
1934,0,0,0,0,0,-1,0,233.102447,5.000000,0
1940,0,0,0,0,0,-1,0,233.102447,5.000000,0
1945,0,0,0,0,0,-1,0,233.102447,5.000000,0
1954,0,0,0,0,0,-1,0,233.102447,5.000000,0
1979,0,0,0,0,0,-1,0,233.102447,5.000000,0
