frameNumber,components,mse,sizeBytes,genTime,recvTime,delay_ms,receivedOnTime,effectiveError,deadline_ms,cqi
0,50,170.799,19561,0.027655548,0.030000000,2.344452,1,170.799148,5.000000,15
1,50,167.648687,19561,0.041134555,0.043500000,2.365445,1,167.648687,5.000000,15
2,50,165.612376,19561,0.056504497,0.059000000,2.495503,1,165.612376,5.000000,15
3,50,155.490904,19561,0.071479499,0.074000000,2.520501,1,155.490904,5.000000,15
4,50,123.936415,19561,0.086940768,0.089000000,2.059232,1,123.936415,5.000000,15
5,50,113.235106,19561,0.102068461,0.104500000,2.431539,1,113.235106,5.000000,15
6,50,106.504216,19561,0.116589498,0.119000000,2.410502,1,106.504216,5.000000,15
7,50,96.480136,19561,0.129551767,0.132000000,2.448233,1,96.480136,5.000000,15
8,50,90.961251,19561,0.143684968,0.146000000,2.315032,1,90.961251,5.000000,15
9,50,73.835987,19561,0.157176216,0.159500000,2.323784,1,73.835987,5.000000,15
10,50,62.727370,19561,0.172168718,0.174500000,2.331282,1,62.727370,5.000000,15
11,50,47.788571,19561,0.187156354,0.189500000,2.343646,1,47.788571,5.000000,15
12,50,39.414166,19561,0.201128484,0.203500000,2.371516,1,39.414166,5.000000,15
13,50,30.241896,19561,0.214536609,0.217000000,2.463391,1,30.241896,5.000000,15
14,50,21.786307,19561,0.229264833,0.231500000,2.235167,1,21.786307,5.000000,15
16,50,11.331149,19561,0.242678018,0.245000000,2.321982,1,11.331149,5.000000,15
17,50,11.832734,19561,0.256049025,0.258500000,2.450975,1,11.832734,5.000000,15
19,50,15.074195,19561,0.270044115,0.272500000,2.455885,1,15.074195,5.000000,15
20,50,16.032530,19561,0.283372413,0.285500000,2.127587,1,16.032530,5.000000,15
21,50,22.645197,19561,0.296064159,0.298500000,2.435841,1,22.645197,5.000000,15
22,50,21.157350,19561,0.310402735,0.312500000,2.097265,1,21.157350,5.000000,15
24,50,20.856804,19561,0.325728842,0.328000000,2.271158,1,20.856804,5.000000,15
25,50,23.672353,19561,0.339186112,0.341500000,2.313888,1,23.672353,5.000000,15
26,50,21.203881,19561,0.355246707,0.357500000,2.253293,1,21.203881,5.000000,15
27,50,12.654660,19561,0.369694822,0.372000000,2.305178,1,12.654660,5.000000,15
28,50,8.947841,19561,0.385197933,0.387500000,2.302067,1,8.947841,5.000000,15
33,50,8.592119,19561,0.400157249,0.402500000,2.342751,1,8.592119,5.000000,15
34,50,14.753786,19561,0.414148584,0.416500000,2.351416,1,14.753786,5.000000,15
35,50,15.886033,19561,0.428059245,0.430500000,2.440755,1,15.886033,5.000000,15
36,50,21.604967,19561,0.441379410,0.443500000,2.120590,1,21.604967,5.000000,15
37,50,20.600786,19561,0.456172955,0.458500000,2.327045,1,20.600786,5.000000,15
38,50,24.710271,19561,0.469416975,0.471500000,2.083025,1,24.710271,5.000000,15
39,50,25.229133,19561,0.482094686,0.484500000,2.405314,1,25.229133,5.000000,15
40,50,20.518427,19561,0.496088372,0.498500000,2.411628,1,20.518427,5.000000,15
41,50,19.670082,19561,0.510205465,0.512500000,2.294535,1,19.670082,5.000000,15
42,50,16.002186,19561,0.524802473,0.527000000,2.197527,1,16.002186,5.000000,15
45,50,11.332201,19561,0.538630290,0.541000000,2.369710,1,11.332201,5.000000,15
46,50,8.413523,19561,0.552952440,0.555000000,2.047560,1,8.413523,5.000000,15
47,50,10.477290,19561,0.566990654,0.569500000,2.509346,1,10.477290,5.000000,15
50,50,8.581711,19561,0.580903416,0.583000000,2.096584,1,8.581711,5.000000,15
52,50,12.543190,19561,0.596194021,0.598500000,2.305979,1,12.543190,5.000000,15
53,50,11.815566,19561,0.608967079,0.611500000,2.532921,1,11.815566,5.000000,15
54,50,13.406868,19561,0.621907647,0.624000000,2.092353,1,13.406868,5.000000,15
55,50,12.561824,19561,0.634722037,0.637000000,2.277963,1,12.561824,5.000000,15
57,50,7.673752,19561,0.648591746,0.651000000,2.408254,1,7.673752,5.000000,15
60,50,15.169654,19561,0.662030342,0.664500000,2.469658,1,15.169654,5.000000,15
61,50,12.377290,19561,0.677334722,0.679500000,2.165278,1,12.377290,5.000000,15
62,50,14.904668,19561,0.692818882,0.695000000,2.181118,1,14.904668,5.000000,15
64,50,11.640346,19561,0.706425790,0.708500000,2.074210,1,11.640346,5.000000,15
66,50,10.905301,19561,0.720408401,0.722500000,2.091599,1,10.905301,5.000000,15
68,50,8.838244,19561,0.734173723,0.736500000,2.326277,1,8.838244,5.000000,15
71,50,15.488195,19561,0.748300935,0.750500000,2.199065,1,15.488195,5.000000,15
72,50,14.658147,19561,0.762450015,0.764500000,2.049985,1,14.658147,5.000000,15
74,50,18.749842,19561,0.777836376,0.780000000,2.163624,1,18.749842,5.000000,15
75,50,16.044473,19561,0.792024982,0.794500000,2.475018,1,16.044473,5.000000,15
77,50,13.265106,19561,0.806769814,0.809000000,2.230186,1,13.265106,5.000000,15
79,50,10.209304,19561,0.820441966,0.822500000,2.058034,1,10.209304,5.000000,15
80,50,9.852482,19561,0.834017609,0.836500000,2.482391,1,9.852482,5.000000,15
82,50,8.665226,19561,0.847666055,0.850000000,2.333945,1,8.665226,5.000000,15
84,50,11.468078,19561,0.864167481,0.866500000,2.332519,1,11.468078,5.000000,15
85,50,12.400509,19561,0.878343078,0.880500000,2.156922,1,12.400509,5.000000,15
87,50,22.422062,19561,0.893525506,0.896000000,2.474494,1,22.422062,5.000000,15
88,50,21.683976,19561,0.910439032,0.912500000,2.060968,1,21.683976,5.000000,15
89,50,23.318786,19561,0.923406766,0.925500000,2.093234,1,23.318786,5.000000,15
90,50,19.794806,19561,0.939425255,0.941500000,2.074745,1,19.794806,5.000000,15
91,50,20.349244,19561,0.952325078,0.954500000,2.174922,1,20.349244,5.000000,15
92,50,20.460724,19561,0.965655054,0.968000000,2.344946,1,20.460724,5.000000,15
93,50,23.681338,19561,0.980032290,0.982500000,2.467710,1,23.681338,5.000000,15
94,50,21.971584,19561,0.993606367,0.996000000,2.393633,1,21.971584,5.000000,15
95,50,22.963792,19561,1.006387456,1.008500000,2.112544,1,22.963792,5.000000,15
96,50,17.305004,19561,1.020264663,1.022500000,2.235337,1,17.305004,5.000000,15
97,50,18.591623,19561,1.036499967,1.039000000,2.500033,1,18.591623,5.000000,15
98,50,18.624112,19561,1.049398279,1.051500000,2.101721,1,18.624112,5.000000,15
100,50,17.647019,19561,1.063678433,1.066000000,2.321567,1,17.647019,5.000000,15
102,50,14.964681,19561,1.078500562,1.081000000,2.499438,1,14.964681,5.000000,15
103,50,13.214593,19561,1.091886218,1.094000000,2.113782,1,13.214593,5.000000,15
104,50,14.489369,19561,1.105081362,1.107500000,2.418638,1,14.489369,5.000000,15
105,50,12.348559,19561,1.122182401,1.124500000,2.317599,1,12.348559,5.000000,15
106,50,13.959558,19561,1.136185728,1.138500000,2.314272,1,13.959558,5.000000,15
108,50,11.653803,19561,1.149058011,1.151500000,2.441989,1,11.653803,5.000000,15
109,50,7.356845,19561,1.167548443,1.170000000,2.451557,1,7.356845,5.000000,15
110,50,8.977657,19561,1.181031359,1.183500000,2.468641,1,8.977657,5.000000,15
112,50,6.783863,19561,1.193943128,1.196000000,2.056872,1,6.783863,5.000000,15
114,50,7.907066,19561,1.212172755,1.214500000,2.327245,1,7.907066,5.000000,15
116,50,10.481475,19561,1.226018471,1.231500000,5.481529,0,192.016905,5.000000,15
117,50,14.325882,19561,1.241235458,1.243500000,2.264542,1,14.325882,5.000000,15
118,50,13.661095,19561,1.256507838,1.259000000,2.492162,1,13.661095,5.000000,15
119,50,16.336265,19561,1.270530464,1.273000000,2.469536,1,16.336265,5.000000,15
120,50,11.152062,19561,1.286656555,1.289000000,2.343445,1,11.152062,5.000000,15
121,50,12.545490,19561,1.301005282,1.303500000,2.494718,1,12.545490,5.000000,15
122,50,10.992151,19561,1.313685260,1.316000000,2.314740,1,10.992151,5.000000,15
125,50,10.670216,19561,1.329360197,1.331500000,2.139803,1,10.670216,5.000000,15
126,50,10.769088,19561,1.342125418,1.344500000,2.374582,1,10.769088,5.000000,15
127,50,9.893558,19561,1.356818312,1.359000000,2.181688,1,9.893558,5.000000,15
129,50,11.201602,19561,1.371692990,1.374000000,2.307010,1,11.201602,5.000000,15
130,50,15.736883,19561,1.387433081,1.389500000,2.066919,1,15.736883,5.000000,15
131,50,15.536115,19561,1.404223286,1.406500000,2.276714,1,15.536115,5.000000,15
132,50,17.603308,19561,1.419430595,1.421500000,2.069405,1,17.603308,5.000000,15
133,50,17.239505,19561,1.432162118,1.434500000,2.337882,1,17.239505,5.000000,15
134,50,15.628523,19561,1.448565757,1.451000000,2.434243,1,15.628523,5.000000,15
136,50,14.552470,19561,1.462158454,1.464500000,2.341546,1,14.552470,5.000000,15
137,50,15.644396,19561,1.475763706,1.478000000,2.236294,1,15.644396,5.000000,15
138,50,14.449308,19561,1.489475339,1.492000000,2.524661,1,14.449308,5.000000,15
139,50,15.515600,19561,1.502657908,1.505000000,2.342092,1,15.515600,5.000000,15
140,50,12.792721,19561,1.517589207,1.520000000,2.410793,1,12.792721,5.000000,15
142,50,13.169644,19561,1.531706909,1.534000000,2.293091,1,13.169644,5.000000,15
143,50,16.455254,19561,1.547362972,1.549500000,2.137028,1,16.455254,5.000000,15
144,50,14.375211,19561,1.562787448,1.565000000,2.212552,1,14.375211,5.000000,15
145,50,17.143841,19561,1.575501739,1.578000000,2.498261,1,17.143841,5.000000,15
146,50,14.484806,19561,1.588709909,1.591000000,2.290091,1,14.484806,5.000000,15
148,50,17.662225,19561,1.601558346,1.604000000,2.441654,1,17.662225,5.000000,15
149,50,19.276333,19561,1.616112130,1.618500000,2.387870,1,19.276333,5.000000,15
150,50,17.108811,19561,1.631612182,1.634000000,2.387818,1,17.108811,5.000000,15
151,50,17.789360,19561,1.646385955,1.648500000,2.114045,1,17.789360,5.000000,15
152,50,18.191793,19561,1.662581377,1.665000000,2.418623,1,18.191793,5.000000,15
153,50,15.781295,19561,1.676932862,1.679000000,2.067138,1,15.781295,5.000000,15
154,50,16.891049,19561,1.690850711,1.693000000,2.149289,1,16.891049,5.000000,15
156,50,14.307019,19561,1.703887868,1.706000000,2.112132,1,14.307019,5.000000,15
157,50,10.694865,19561,1.716718087,1.719000000,2.281913,1,10.694865,5.000000,15
158,50,14.064965,19561,1.730433921,1.732500000,2.066079,1,14.064965,5.000000,15
159,50,11.143864,19561,1.744054727,1.746500000,2.445273,1,11.143864,5.000000,15
160,50,8.841814,19561,1.757394483,1.759500000,2.105517,1,8.841814,5.000000,15
161,50,9.615410,19561,1.771007653,1.773500000,2.492347,1,9.615410,5.000000,15
164,50,8.212932,19561,1.785064478,1.788000000,2.935522,1,8.212932,5.000000,15
165,50,11.766563,19561,1.798221555,1.800500000,2.278445,1,11.766563,5.000000,15
166,50,10.655706,19561,1.811432914,1.813500000,2.067086,1,10.655706,5.000000,15
167,50,12.825041,19561,1.824547067,1.827000000,2.452933,1,12.825041,5.000000,15
169,50,9.005378,19561,1.839080480,1.841500000,2.419520,1,9.005378,5.000000,15
171,50,7.595481,19561,1.853615720,1.856000000,2.384280,1,7.595481,5.000000,15
172,50,5.399070,19561,1.867265553,1.869500000,2.234447,1,5.399070,5.000000,15
176,50,8.386421,19561,1.880990652,1.883500000,2.509348,1,8.386421,5.000000,15
177,50,7.619094,19561,1.894521227,1.897500000,2.978773,1,7.619094,5.000000,15
178,50,10.799311,19561,1.911916924,1.914000000,2.083076,1,10.799311,5.000000,14
180,50,11.954754,19561,1.925702886,1.928000000,2.297114,1,11.954754,5.000000,14
181,50,9.651745,19561,1.941054717,1.943500000,2.445283,1,9.651745,5.000000,14
182,50,13.062722,19561,1.954287118,1.956500000,2.212882,1,13.062722,5.000000,14
183,50,13.338613,19561,1.969449588,1.971500000,2.050412,1,13.338613,5.000000,14
186,50,9.521839,19561,1.982328813,1.984500000,2.171187,1,9.521839,5.000000,14
187,50,10.929492,19561,1.996846446,1.999000000,2.153554,1,10.929492,5.000000,14
189,50,12.375845,19561,2.010291900,2.012500000,2.208100,1,12.375845,5.000000,15
190,50,11.079774,19561,2.025299174,2.027500000,2.200826,1,11.079774,5.000000,15
191,50,11.990837,19561,2.039328773,2.041500000,2.171227,1,11.990837,5.000000,15
193,50,9.912951,19561,2.052436609,2.054500000,2.063391,1,9.912951,5.000000,15
194,50,10.352713,19561,2.067466227,2.069500000,2.033773,1,10.352713,5.000000,15
195,50,7.585028,19561,2.082616081,2.085000000,2.383919,1,7.585028,5.000000,15
197,50,5.785414,19561,2.096593432,2.099000000,2.406568,1,5.785414,5.000000,15
200,50,10.845001,19561,2.112452628,2.114500000,2.047372,1,10.845001,5.000000,15
201,50,10.253206,19561,2.126099347,2.128500000,2.400653,1,10.253206,5.000000,15
202,50,13.145779,19561,2.141914046,2.144000000,2.085954,1,13.145779,5.000000,15
204,50,12.905838,19561,2.155735144,2.158000000,2.264856,1,12.905838,5.000000,15
205,50,10.444131,19561,2.169129417,2.171500000,2.370583,1,10.444131,5.000000,15
206,50,13.149163,19561,2.184293844,2.186500000,2.206156,1,13.149163,5.000000,15
207,50,12.282963,19561,2.197889358,2.200000000,2.110642,1,12.282963,5.000000,15
209,50,10.730842,19561,2.210768741,2.213000000,2.231259,1,10.730842,5.000000,14
211,50,11.617585,19561,2.224732760,2.227000000,2.267240,1,11.617585,5.000000,14
212,50,8.707275,19561,2.238771606,2.241000000,2.228394,1,8.707275,5.000000,14
213,50,10.173431,19561,2.252331425,2.254500000,2.168575,1,10.173431,5.000000,14
215,50,10.977388,19561,2.265509403,2.268000000,2.490597,1,10.977388,5.000000,14
216,50,6.396119,19561,2.278864190,2.281000000,2.135810,1,6.396119,5.000000,14
217,50,9.910677,19561,2.292530976,2.295000000,2.469024,1,9.910677,5.000000,14
219,50,8.826194,19561,2.305393331,2.307500000,2.106669,1,8.826194,5.000000,14
222,50,9.032159,19561,2.318727729,2.321000000,2.272271,1,9.032159,5.000000,14
223,50,12.065341,19561,2.334431371,2.336500000,2.068629,1,12.065341,5.000000,14
224,50,15.568022,19561,2.347964541,2.350000000,2.035459,1,15.568022,5.000000,14
225,50,14.666940,19561,2.361005949,2.363500000,2.494051,1,14.666940,5.000000,14
226,50,17.712295,19561,2.374707769,2.377000000,2.292231,1,17.712295,5.000000,14
227,50,14.987923,19561,2.388945057,2.391500000,2.554943,1,14.987923,5.000000,14
228,50,16.467380,19561,2.401635256,2.404000000,2.364744,1,16.467380,5.000000,14
229,50,11.710239,19561,2.416025904,2.418500000,2.474096,1,11.710239,5.000000,14
230,50,12.336223,19561,2.430717523,2.433000000,2.282477,1,12.336223,5.000000,14
232,50,8.670694,19561,2.443632815,2.446000000,2.367185,1,8.670694,5.000000,14
234,50,9.120803,19561,2.456635068,2.459000000,2.364932,1,9.120803,5.000000,14
235,50,12.944241,19561,2.472312247,2.474500000,2.187753,1,12.944241,5.000000,14
238,50,5.931422,19561,2.485936993,2.488000000,2.063007,1,5.931422,5.000000,14
241,50,11.723675,19561,2.499912292,2.502000000,2.087708,1,11.723675,5.000000,14
242,50,10.877046,19561,2.514417160,2.516500000,2.082840,1,10.877046,5.000000,14
243,50,12.056336,19561,2.527453372,2.529500000,2.046628,1,12.056336,5.000000,14
245,50,11.208776,19561,2.546090705,2.548500000,2.409295,1,11.208776,5.000000,14
246,50,9.782874,19561,2.558895667,2.561000000,2.104333,1,9.782874,5.000000,14
248,50,12.149900,19561,2.574197747,2.576500000,2.302253,1,12.149900,5.000000,14
249,50,11.717779,19561,2.587637128,2.590000000,2.362872,1,11.717779,5.000000,14
250,50,14.433919,19561,2.600910277,2.603000000,2.089723,1,14.433919,5.000000,14
252,50,12.116293,19561,2.616709271,2.619000000,2.290729,1,12.116293,5.000000,14
253,50,8.137148,19561,2.630646254,2.633500000,2.853746,1,8.137148,5.000000,14
255,50,9.306448,19561,2.643453533,2.646000000,2.546467,1,9.306448,5.000000,14
256,50,9.682997,19561,2.656557369,2.659000000,2.442631,1,9.682997,5.000000,14
257,50,10.996850,19561,2.671535027,2.674000000,2.464973,1,10.996850,5.000000,14
258,50,8.934967,19561,2.685234584,2.687500000,2.265416,1,8.934967,5.000000,14
260,50,9.702879,19561,2.700183979,2.702500000,2.316021,1,9.702879,5.000000,14
262,50,11.732978,19561,2.713027865,2.716000000,2.972135,1,11.732978,5.000000,14
263,50,12.478447,19561,2.727021319,2.729500000,2.478681,1,12.478447,5.000000,14
264,50,11.727192,19561,2.743164468,2.745500000,2.335532,1,11.727192,5.000000,14
267,50,7.403365,19561,2.759112330,2.761500000,2.387670,1,7.403365,5.000000,14
268,50,8.803893,19561,2.774916521,2.777000000,2.083479,1,8.803893,5.000000,14
269,50,6.572323,19561,2.788325698,2.790500000,2.174302,1,6.572323,5.000000,14
272,50,7.623393,19561,2.802980266,2.805500000,2.519734,1,7.623393,5.000000,14
273,50,5.946222,19561,2.820073681,2.822500000,2.426319,1,5.946222,5.000000,14
276,50,7.764562,19561,2.834625160,2.837000000,2.374840,1,7.764562,5.000000,14
278,50,10.828739,19561,2.848399551,2.850500000,2.100449,1,10.828739,5.000000,14
279,50,9.608761,19561,2.861320796,2.863500000,2.179204,1,9.608761,5.000000,14
280,50,10.347994,19561,2.878396799,2.880500000,2.103201,1,10.347994,5.000000,14
281,50,12.659138,19561,2.891121094,2.893500000,2.378906,1,12.659138,5.000000,14
282,50,10.148546,19561,2.906214108,2.908500000,2.285892,1,10.148546,5.000000,14
283,50,11.324862,19561,2.921647743,2.924000000,2.352257,1,11.324862,5.000000,15
284,50,9.108326,19561,2.935450678,2.937500000,2.049322,1,9.108326,5.000000,15
288,50,6.443037,19561,2.950446379,2.952500000,2.053621,1,6.443037,5.000000,15
290,50,9.385771,19561,2.963650321,2.966000000,2.349679,1,9.385771,5.000000,15
291,50,10.155419,19561,2.978731003,2.981000000,2.268997,1,10.155419,5.000000,15
293,50,11.351274,19561,2.991485243,2.994000000,2.514757,1,11.351274,5.000000,15
294,50,11.550152,19561,3.005790723,3.008000000,2.209277,1,11.550152,5.000000,15
295,50,9.243364,19561,3.020060224,3.022500000,2.439776,1,9.243364,5.000000,15
296,50,12.960600,19561,3.033265569,3.035500000,2.234431,1,12.960600,5.000000,15
299,50,7.646565,19561,3.046683766,3.049000000,2.316234,1,7.646565,5.000000,15
301,50,6.868637,19561,3.059698131,3.062500000,2.801869,1,6.868637,5.000000,15
302,50,10.688727,19561,3.072599367,3.075000000,2.400633,1,10.688727,5.000000,15
304,50,9.869611,19561,3.087490836,3.090500000,3.009164,1,9.869611,5.000000,15
305,50,11.164927,19561,3.100163882,3.102500000,2.336118,1,11.164927,5.000000,15
307,50,12.031951,19561,3.114170814,3.116500000,2.329186,1,12.031951,5.000000,15
308,50,9.462217,19561,3.128483168,3.131000000,2.516832,1,9.462217,5.000000,15
311,50,11.727498,19561,3.142243242,3.144500000,2.256758,1,11.727498,5.000000,15
312,50,11.543317,19561,3.155228495,3.157500000,2.271505,1,11.543317,5.000000,15
313,50,15.924308,19561,3.168411609,3.170500000,2.088391,1,15.924308,5.000000,15
314,50,14.065341,19561,3.181582383,3.184000000,2.417617,1,14.065341,5.000000,15
315,50,15.429071,19561,3.195919885,3.198000000,2.080115,1,15.429071,5.000000,15
317,50,14.672604,19561,3.210902535,3.213000000,2.097465,1,14.672604,5.000000,15
318,50,12.955778,19561,3.226486214,3.229500000,3.013786,1,12.955778,5.000000,14
319,50,14.314920,19561,3.240064369,3.242500000,2.435631,1,14.314920,5.000000,14
320,50,11.555729,19561,3.253436971,3.255500000,2.063029,1,11.555729,5.000000,14
321,50,12.774879,19561,3.268307213,3.270500000,2.192787,1,12.774879,5.000000,14
323,50,9.207886,19561,3.281894500,3.284000000,2.105500,1,9.207886,5.000000,14
325,50,5.582530,19561,3.296042705,3.298500000,2.457295,1,5.582530,5.000000,14
328,50,8.582147,19561,3.310381706,3.312500000,2.118294,1,8.582147,5.000000,14
329,50,10.423434,19561,3.327411552,3.329500000,2.088448,1,10.423434,5.000000,14
330,50,8.768092,19561,3.344001435,3.346500000,2.498565,1,8.768092,5.000000,14
333,50,14.633128,19561,3.356952378,3.359000000,2.047622,1,14.633128,5.000000,14
334,50,15.332618,19561,3.370013388,3.373000000,2.986612,1,15.332618,5.000000,14
335,50,18.215853,19561,3.383504430,3.386000000,2.495570,1,18.215853,5.000000,14
336,50,12.804015,19561,3.396872975,3.399000000,2.127025,1,12.804015,5.000000,14
337,50,14.574519,19561,3.412134044,3.414500000,2.365956,1,14.574519,5.000000,14
338,50,12.796979,19561,3.425869607,3.428000000,2.130393,1,12.796979,5.000000,14
340,50,11.396477,19561,3.438738469,3.441000000,2.261531,1,11.396477,5.000000,14
343,50,11.010813,19561,3.451936181,3.454000000,2.063819,1,11.010813,5.000000,14
345,50,9.925714,19561,3.466452678,3.468500000,2.047322,1,9.925714,5.000000,14
347,50,10.307483,19561,3.481037836,3.483500000,2.462164,1,10.307483,5.000000,14
348,50,11.821736,19561,3.496141472,3.498500000,2.358528,1,11.821736,5.000000,14
349,50,7.314115,19561,3.509200830,3.511500000,2.299170,1,7.314115,5.000000,15
355,50,7.586181,19561,3.522567071,3.525000000,2.432929,1,7.586181,5.000000,14
356,50,9.026144,19561,3.536432840,3.538500000,2.067160,1,9.026144,5.000000,14
357,50,8.621782,19561,3.552849429,3.555000000,2.150571,1,8.621782,5.000000,14
359,50,6.442377,19561,3.566646764,3.569000000,2.353236,1,6.442377,5.000000,14
360,50,7.588706,19561,3.580327322,3.582500000,2.172678,1,7.588706,5.000000,14
362,50,7.979940,19561,3.595767552,3.598000000,2.232448,1,7.979940,5.000000,14
364,50,8.885100,19561,3.608558333,3.611000000,2.441667,1,8.885100,5.000000,14
368,50,8.618057,19561,3.621998759,3.624500000,2.501241,1,8.618057,5.000000,14
369,50,7.667492,19561,3.636212939,3.638500000,2.287061,1,7.667492,5.000000,14
370,50,9.840521,19561,3.650021195,3.652500000,2.478805,1,9.840521,5.000000,14
372,50,9.827876,19561,3.662697770,3.665000000,2.302230,1,9.827876,5.000000,14
373,50,6.370896,19561,3.676535020,3.679000000,2.464980,1,6.370896,5.000000,14
375,50,7.828047,19561,3.693715861,3.696000000,2.284139,1,7.828047,5.000000,14
376,50,8.492031,19561,3.708734933,3.711000000,2.265067,1,8.492031,5.000000,15
377,50,10.636587,19561,3.722968021,3.725000000,2.031979,1,10.636587,5.000000,14
378,50,8.131397,19561,3.736370252,3.738500000,2.129748,1,8.131397,5.000000,14
379,50,8.635149,19561,3.749362775,3.751500000,2.137225,1,8.635149,5.000000,14
384,50,9.451260,19561,3.763370886,3.765500000,2.129114,1,9.451260,5.000000,14
385,50,14.653518,19561,3.779234806,3.781500000,2.265194,1,14.653518,5.000000,14
386,50,14.210185,19561,3.792433436,3.794500000,2.066564,1,14.210185,5.000000,14
387,50,14.909218,19561,3.808669765,3.811000000,2.330235,1,14.909218,5.000000,14
388,50,16.419078,19561,3.823322443,3.825500000,2.177557,1,16.419078,5.000000,14
389,50,15.873820,19561,3.836418548,3.838500000,2.081452,1,15.873820,5.000000,14
390,50,18.469317,19561,3.851307540,3.853500000,2.192460,1,18.469317,5.000000,14
391,50,17.644895,19561,3.865806560,3.868000000,2.193440,1,17.644895,5.000000,14
392,50,18.815663,19561,3.878851355,3.881000000,2.148645,1,18.815663,5.000000,14
393,50,18.133503,19561,3.892493939,3.895000000,2.506061,1,18.133503,5.000000,14
395,50,19.412188,19561,3.906750666,3.909000000,2.249334,1,19.412188,5.000000,15
396,50,22.029375,19561,3.922041938,3.924500000,2.458062,1,22.029375,5.000000,14
397,50,23.644170,19561,3.938396078,3.940500000,2.103922,1,23.644170,5.000000,14
398,50,22.443320,19561,3.952287303,3.954500000,2.212697,1,22.443320,5.000000,14
399,50,22.693838,19561,3.966679390,3.969000000,2.320610,1,22.693838,5.000000,14
400,50,21.357980,19561,3.981730047,3.984000000,2.269953,1,21.357980,5.000000,14
401,50,21.301454,19561,3.995542188,3.998000000,2.457812,1,21.301454,5.000000,14
402,50,21.608258,19561,4.010182124,4.013000000,2.817876,1,21.608258,5.000000,14
403,50,20.451430,19561,4.023462032,4.025500000,2.037968,1,20.451430,5.000000,14
404,50,18.627680,19561,4.038095651,4.040500000,2.404349,1,18.627680,5.000000,14
406,50,17.498423,19561,4.053806000,4.056000000,2.194000,1,17.498423,5.000000,14
407,50,19.688602,19561,4.067987058,4.070500000,2.512942,1,19.688602,5.000000,14
408,50,13.169607,19561,4.080868771,4.083000000,2.131229,1,13.169607,5.000000,14
409,50,13.074356,19561,4.096402691,4.098500000,2.097309,1,13.074356,5.000000,14
410,50,11.144501,19561,4.109308701,4.111500000,2.191299,1,11.144501,5.000000,14
412,50,10.590456,19561,4.123462058,4.125500000,2.037942,1,10.590456,5.000000,14
414,50,10.750544,19561,4.136204989,4.138500000,2.295011,1,10.750544,5.000000,14
417,50,10.164291,19561,4.150195033,4.152500000,2.304967,1,10.164291,5.000000,14
418,50,8.874039,19561,4.163433764,4.165500000,2.066236,1,8.874039,5.000000,14
419,50,9.799402,19561,4.179473707,4.182000000,2.526293,1,9.799402,5.000000,14
421,50,7.920902,19561,4.194849612,4.197000000,2.150388,1,7.920902,5.000000,14
423,50,10.219460,19561,4.209374050,4.211500000,2.125950,1,10.219460,5.000000,14
424,50,8.240912,19561,4.223639952,4.226000000,2.360048,1,8.240912,5.000000,14
430,50,10.854557,19561,4.237906464,4.240000000,2.093536,1,10.854557,5.000000,14
431,50,12.492674,19561,4.252529836,4.255000000,2.470164,1,12.492674,5.000000,14
434,50,11.306636,19561,4.267456930,4.269500000,2.043070,1,11.306636,5.000000,14
435,50,14.115131,19561,4.280144992,4.282500000,2.355008,1,14.115131,5.000000,14
436,50,15.351882,19561,4.293579887,4.296000000,2.420113,1,15.351882,5.000000,14
437,50,12.957708,19561,4.307166152,4.309500000,2.333848,1,12.957708,5.000000,15
440,50,13.171090,19561,4.320156606,4.322500000,2.343394,1,13.171090,5.000000,15
441,50,15.143138,19561,4.334773464,4.337000000,2.226536,1,15.143138,5.000000,15
442,50,15.891022,19561,4.348402630,4.350500000,2.097370,1,15.891022,5.000000,15
443,50,18.022182,19561,4.361501075,4.364000000,2.498925,1,18.022182,5.000000,15
444,50,16.418070,19561,4.374474115,4.377000000,2.525885,1,16.418070,5.000000,15
445,50,13.843285,19561,4.387480877,4.390000000,2.519123,1,13.843285,5.000000,15
446,50,16.342551,19561,4.404111997,4.406500000,2.388003,1,16.342551,5.000000,15
447,50,14.449311,19561,4.418465220,4.420500000,2.034780,1,14.449311,5.000000,14
448,50,15.117311,19561,4.431354287,4.433500000,2.145713,1,15.117311,5.000000,14
449,50,15.051798,19561,4.448417265,4.450500000,2.082735,1,15.051798,5.000000,14
452,50,11.056987,19561,4.462802664,4.465000000,2.197336,1,11.056987,5.000000,14
454,50,13.191320,19561,4.477406423,4.479500000,2.093577,1,13.191320,5.000000,14
455,50,15.669189,19561,4.490098079,4.492500000,2.401921,1,15.669189,5.000000,14
456,50,14.866735,19561,4.504584346,4.507000000,2.415654,1,14.866735,5.000000,14
457,50,16.923040,19561,4.517823628,4.520000000,2.176372,1,16.923040,5.000000,14
458,50,15.347438,19561,4.532490809,4.535000000,2.509191,1,15.347438,5.000000,14
459,50,15.965336,19561,4.547259826,4.549500000,2.240174,1,15.965336,5.000000,14
460,50,15.008000,19561,4.560585850,4.563000000,2.414150,1,15.008000,5.000000,14
461,50,14.732200,19561,4.574733213,4.577000000,2.266787,1,14.732200,5.000000,14
463,50,12.932712,19561,4.590208634,4.592500000,2.291366,1,12.932712,5.000000,14
465,50,12.710765,19561,4.605938559,4.608000000,2.061441,1,12.710765,5.000000,14
466,50,14.332520,19561,4.620371641,4.623000000,2.628359,1,14.332520,5.000000,14
467,50,12.197577,19561,4.633113715,4.635500000,2.386285,1,12.197577,5.000000,14
469,50,10.800840,19561,4.646606114,4.649000000,2.393886,1,10.800840,5.000000,14
470,50,13.324001,19561,4.661032537,4.663500000,2.467463,1,13.324001,5.000000,14
472,50,12.295050,19561,4.675436597,4.677500000,2.063403,1,12.295050,5.000000,14
473,50,13.186339,19561,4.689257000,4.691500000,2.243000,1,13.186339,5.000000,14
474,50,11.052050,19561,4.704949777,4.707000000,2.050223,1,11.052050,5.000000,14
475,50,12.533745,19561,4.718046846,4.720500000,2.453154,1,12.533745,5.000000,14
476,50,10.630968,19561,4.733372012,4.735500000,2.127988,1,10.630968,5.000000,14
477,50,11.174460,19561,4.746527941,4.749000000,2.472059,1,11.174460,5.000000,14
480,50,5.943092,19561,4.759610582,4.762000000,2.389418,1,5.943092,5.000000,14
484,50,6.223320,19561,4.774643819,4.777000000,2.356181,1,6.223320,5.000000,14
487,50,6.955046,19561,4.789055047,4.791500000,2.444953,1,6.955046,5.000000,14
488,50,9.362328,19561,4.805811542,4.811000000,5.188458,0,192.016905,5.000000,14
489,50,8.382538,19561,4.821374260,4.823500000,2.125740,1,8.382538,5.000000,14
491,50,8.489079,19561,4.838376896,4.840500000,2.123104,1,8.489079,5.000000,14
492,50,9.448755,19561,4.853027197,4.855500000,2.472803,1,9.448755,5.000000,14
496,50,8.957158,19561,4.866101182,4.868500000,2.398818,1,8.957158,5.000000,14
498,50,9.374972,19561,4.879211943,4.881500000,2.288057,1,9.374972,5.000000,14
499,50,11.736924,19561,4.893379979,4.895500000,2.120021,1,11.736924,5.000000,14
501,50,11.778740,19561,4.907997560,4.911000000,3.002440,1,11.778740,5.000000,14
502,50,11.479914,19561,4.922028912,4.924500000,2.471088,1,11.479914,5.000000,14
503,50,13.105307,19561,4.936714955,4.939000000,2.285045,1,13.105307,5.000000,14
504,50,10.627377,19561,4.950576540,4.953000000,2.423460,1,10.627377,5.000000,14
505,50,13.442618,19561,4.964017642,4.966500000,2.482358,1,13.442618,5.000000,14
507,50,12.912568,19561,4.977905274,4.980000000,2.094726,1,12.912568,5.000000,14
508,50,12.530099,19561,4.993255345,4.995500000,2.244655,1,12.530099,5.000000,14
509,50,12.950716,19561,5.007019559,5.009500000,2.480441,1,12.950716,5.000000,14
510,50,11.241335,19561,5.022974930,5.025500000,2.525070,1,11.241335,5.000000,15
511,50,11.007529,19561,5.037675218,5.040000000,2.324782,1,11.007529,5.000000,15
512,50,11.706739,19561,5.051792928,5.054000000,2.207072,1,11.706739,5.000000,15
515,50,9.755048,19561,5.065247400,5.067500000,2.252600,1,9.755048,5.000000,15
516,50,12.076294,19561,5.079073636,5.081500000,2.426364,1,12.076294,5.000000,15
517,50,8.791529,19561,5.094003301,5.096500000,2.496699,1,8.791529,5.000000,15
519,50,8.944506,19561,5.109052624,5.111500000,2.447376,1,8.944506,5.000000,15
520,50,8.798617,19561,5.123267509,5.125500000,2.232491,1,8.798617,5.000000,15
521,50,9.191728,19561,5.136670232,5.139000000,2.329768,1,9.191728,5.000000,15
523,50,9.275792,19561,5.153240941,5.155500000,2.259059,1,9.275792,5.000000,15
524,50,9.162105,19561,5.168360967,5.170500000,2.139033,1,9.162105,5.000000,15
525,50,8.692435,19561,5.182400280,5.184500000,2.099720,1,8.692435,5.000000,15
530,50,8.111148,19561,5.196102084,5.198500000,2.397916,1,8.111148,5.000000,15
531,50,6.343252,19561,5.209367619,5.211500000,2.132381,1,6.343252,5.000000,15
533,50,6.837584,19561,5.222101155,5.224500000,2.398845,1,6.837584,5.000000,14
536,50,9.586969,19561,5.236294564,5.238500000,2.205436,1,9.586969,5.000000,14
537,50,8.958924,19561,5.250343267,5.252500000,2.156733,1,8.958924,5.000000,14
539,50,9.467396,19561,5.263736087,5.266000000,2.263913,1,9.467396,5.000000,14
540,50,12.498097,19561,5.276601531,5.279000000,2.398469,1,12.498097,5.000000,14
541,50,9.516932,19561,5.289364759,5.291500000,2.135241,1,9.516932,5.000000,14
542,50,11.351938,19561,5.304483544,5.307000000,2.516456,1,11.351938,5.000000,14
545,50,10.194932,19561,5.318192582,5.320500000,2.307418,1,10.194932,5.000000,14
546,50,9.077063,19561,5.331232811,5.333500000,2.267189,1,9.077063,5.000000,14
547,50,10.543611,19561,5.347156227,5.349500000,2.343773,1,10.543611,5.000000,14
549,50,10.035331,19561,5.362270223,5.364500000,2.229777,1,10.035331,5.000000,14
550,50,8.177055,19561,5.377581173,5.380000000,2.418827,1,8.177055,5.000000,14
553,50,9.576960,19561,5.391595122,5.394000000,2.404878,1,9.576960,5.000000,14
555,50,10.718131,19561,5.405613202,5.408000000,2.386798,1,10.718131,5.000000,14
556,50,11.550150,19561,5.419982308,5.422500000,2.517692,1,11.550150,5.000000,14
557,50,13.155157,19561,5.433879428,5.436000000,2.120572,1,13.155157,5.000000,14
558,50,12.302039,19561,5.446642168,5.449000000,2.357832,1,12.302039,5.000000,14
559,50,13.503014,19561,5.460431376,5.462500000,2.068624,1,13.503014,5.000000,14
561,50,15.239137,19561,5.478381093,5.481000000,2.618907,1,15.239137,5.000000,14
562,50,13.765231,19561,5.493442692,5.495500000,2.057308,1,13.765231,5.000000,14
563,50,14.934711,19561,5.506462834,5.508500000,2.037166,1,14.934711,5.000000,15
564,50,17.773800,19561,5.520206615,5.522500000,2.293385,1,17.773800,5.000000,14
565,50,14.216649,19561,5.534171010,5.536500000,2.328990,1,14.216649,5.000000,14
566,50,15.539125,19561,5.548613284,5.551000000,2.386716,1,15.539125,5.000000,14
568,50,13.293393,19561,5.562130964,5.564500000,2.369036,1,13.293393,5.000000,14
569,50,14.761794,19561,5.576792538,5.579000000,2.207462,1,14.761794,5.000000,14
571,50,13.913939,19561,5.593566069,5.596000000,2.433931,1,13.913939,5.000000,14
572,50,13.645363,19561,5.608127018,5.610500000,2.372982,1,13.645363,5.000000,14
573,50,15.520708,19561,5.621510005,5.624000000,2.489995,1,15.520708,5.000000,14
574,50,13.697878,19561,5.635604722,5.638000000,2.395278,1,13.697878,5.000000,14
575,50,14.667296,19561,5.653426267,5.655500000,2.073733,1,14.667296,5.000000,14
577,50,8.722384,19561,5.666580229,5.669000000,2.419771,1,8.722384,5.000000,14
579,50,8.416243,19561,5.680156543,5.682500000,2.343457,1,8.416243,5.000000,14
580,50,7.822292,19561,5.697934821,5.700000000,2.065179,1,7.822292,5.000000,14
581,50,6.695121,19561,5.710777134,5.713000000,2.222866,1,6.695121,5.000000,14
584,50,6.594066,19561,5.723689337,5.726000000,2.310663,1,6.594066,5.000000,14
586,50,5.702129,19561,5.737877199,5.740000000,2.122801,1,5.702129,5.000000,14
587,50,5.914171,19561,5.751044489,5.753500000,2.455511,1,5.914171,5.000000,14
592,50,6.707121,19561,5.764679598,5.767000000,2.320402,1,6.707121,5.000000,14
593,50,9.251261,19561,5.777718228,5.780000000,2.281772,1,9.251261,5.000000,14
594,50,7.602674,19561,5.791720955,5.794000000,2.279045,1,7.602674,5.000000,14
595,50,8.374056,19561,5.805486141,5.808000000,2.513859,1,8.374056,5.000000,14
599,50,9.299766,19561,5.822199621,5.824500000,2.300379,1,9.299766,5.000000,14
600,50,8.118483,19561,5.837576292,5.840500000,2.923708,1,8.118483,5.000000,14
601,50,10.543902,19561,5.850924261,5.853000000,2.075739,1,10.543902,5.000000,14
603,50,10.701110,19561,5.866727566,5.869000000,2.272434,1,10.701110,5.000000,14
604,50,12.241458,19561,5.879855516,5.882000000,2.144484,1,12.241458,5.000000,14
605,50,10.891034,19561,5.894764247,5.897000000,2.235753,1,10.891034,5.000000,14
606,50,12.593275,19561,5.907885406,5.913000000,5.114594,0,192.016905,5.000000,14
608,50,10.132722,19561,5.920774702,5.923000000,2.225298,1,10.132722,5.000000,14
609,50,11.425414,19561,5.937101295,5.939500000,2.398705,1,11.425414,5.000000,14
611,50,9.689094,19561,5.953520150,5.956500000,2.979850,1,9.689094,5.000000,14
612,50,11.958579,19561,5.967472144,5.969500000,2.027856,1,11.958579,5.000000,14
613,50,8.764331,19561,5.980313067,5.982500000,2.186933,1,8.764331,5.000000,14
615,50,9.384832,19561,5.995620729,5.998000000,2.379271,1,9.384832,5.000000,14
616,50,9.820768,19561,6.011517349,6.014000000,2.482651,1,9.820768,5.000000,14
617,50,10.440044,19561,6.026574888,6.029000000,2.425112,1,10.440044,5.000000,14
618,50,9.102065,19561,6.039354369,6.041500000,2.145631,1,9.102065,5.000000,14
620,50,9.481898,19561,6.054157213,6.056500000,2.342787,1,9.481898,5.000000,14
622,50,9.184995,19561,6.069813980,6.072500000,2.686020,1,9.184995,5.000000,14
623,50,10.569917,19561,6.083086721,6.085500000,2.413279,1,10.569917,5.000000,14
624,50,6.875645,19561,6.097182446,6.099500000,2.317554,1,6.875645,5.000000,14
625,50,9.112446,19561,6.112168237,6.115000000,2.831763,1,9.112446,5.000000,14
627,50,8.429380,19561,6.125144155,6.127500000,2.355845,1,8.429380,5.000000,14
629,50,8.998280,19561,6.140862764,6.143000000,2.137236,1,8.998280,5.000000,14
630,50,11.149222,19561,6.157406024,6.159500000,2.093976,1,11.149222,5.000000,14
631,50,10.051748,19561,6.170770293,6.173000000,2.229707,1,10.051748,5.000000,14
632,50,10.435534,19561,6.183898178,6.186000000,2.101822,1,10.435534,5.000000,14
633,50,12.088833,19561,6.197756579,6.200000000,2.243421,1,12.088833,5.000000,14
635,50,12.206817,19561,6.212225471,6.214500000,2.274529,1,12.206817,5.000000,14
636,50,10.966373,19561,6.225411523,6.227500000,2.088477,1,10.966373,5.000000,14
637,50,12.502906,19561,6.238553665,6.241000000,2.446335,1,12.502906,5.000000,14
638,50,16.871853,19561,6.254830207,6.257000000,2.169793,1,16.871853,5.000000,14
639,50,16.600754,19561,6.268719404,6.271000000,2.280596,1,16.600754,5.000000,14
640,50,16.724779,19561,6.283822994,6.286000000,2.177006,1,16.724779,5.000000,14
641,50,18.354947,19561,6.297098843,6.299500000,2.401157,1,18.354947,5.000000,14
642,50,17.584310,19561,6.310928396,6.316000000,5.071604,0,192.016905,5.000000,14
644,50,18.401257,19561,6.326299731,6.328500000,2.200269,1,18.401257,5.000000,14
645,50,20.858494,19561,6.339057176,6.341500000,2.442824,1,20.858494,5.000000,14
646,50,19.898550,19561,6.355125288,6.357500000,2.374712,1,19.898550,5.000000,14
647,50,21.040363,19561,6.368050793,6.370500000,2.449207,1,21.040363,5.000000,14
648,50,17.844639,19561,6.381753291,6.384000000,2.246709,1,17.844639,5.000000,14
650,50,20.177839,19561,6.396825481,6.399000000,2.174519,1,20.177839,5.000000,14
651,50,21.231528,19561,6.412066611,6.414500000,2.433389,1,21.231528,5.000000,14
652,50,20.717520,19561,6.427110442,6.429500000,2.389558,1,20.717520,5.000000,14
653,50,21.728167,19561,6.441747664,6.444000000,2.252336,1,21.728167,5.000000,14
654,50,21.213373,19561,6.454664453,6.457000000,2.335547,1,21.213373,5.000000,14
655,50,21.515413,19561,6.468668794,6.471000000,2.331206,1,21.515413,5.000000,14
656,50,22.199692,19561,6.485906306,6.488000000,2.093694,1,22.199692,5.000000,14
657,50,21.671139,19561,6.500021079,6.502500000,2.478921,1,21.671139,5.000000,14
658,50,22.021381,19561,6.514873874,6.517000000,2.126126,1,22.021381,5.000000,14
659,50,21.181938,19561,6.529403622,6.531500000,2.096378,1,21.181938,5.000000,14
660,50,21.653640,19561,6.542376710,6.544500000,2.123290,1,21.653640,5.000000,14
661,50,19.872393,19561,6.555780140,6.558000000,2.219860,1,19.872393,5.000000,14
662,50,18.876939,19561,6.570180425,6.572500000,2.319575,1,18.876939,5.000000,14
663,50,19.256506,19561,6.585135818,6.587500000,2.364182,1,19.256506,5.000000,14
664,50,16.880609,19561,6.598886381,6.601000000,2.113619,1,16.880609,5.000000,14
665,50,16.854880,19561,6.612472787,6.614500000,2.027213,1,16.854880,5.000000,14
666,50,15.339390,19561,6.626803020,6.629000000,2.196980,1,15.339390,5.000000,14
667,50,15.668634,19561,6.640019419,6.642500000,2.480581,1,15.668634,5.000000,14
669,50,13.779334,19561,6.654506904,6.657000000,2.493096,1,13.779334,5.000000,14
671,50,12.852482,19561,6.669453670,6.671500000,2.046330,1,12.852482,5.000000,14
672,50,6.700275,19561,6.684622366,6.687000000,2.377634,1,6.700275,5.000000,14
673,50,6.570984,19561,6.700668025,6.703000000,2.331975,1,6.570984,5.000000,14
675,50,5.171898,19561,6.714932775,6.717500000,2.567225,1,5.171898,5.000000,14
676,50,3.673421,19561,6.728046671,6.730500000,2.453329,1,3.673421,5.000000,14
677,50,4.411029,19561,6.741217155,6.743500000,2.282845,1,4.411029,5.000000,14
681,50,5.492643,19561,6.757086322,6.759500000,2.413678,1,5.492643,5.000000,14
683,50,7.569184,19561,6.769826302,6.772000000,2.173698,1,7.569184,5.000000,14
684,50,8.302058,19561,6.783513511,6.786000000,2.486489,1,8.302058,5.000000,14
685,50,11.407366,19561,6.797040586,6.799500000,2.459414,1,11.407366,5.000000,14
686,50,16.281725,19561,6.810922656,6.816000000,5.077344,0,192.016905,5.000000,14
687,50,15.043001,19561,6.827710458,6.830000000,2.289542,1,15.043001,5.000000,14
688,50,15.379403,19561,6.840455659,6.842500000,2.044341,1,15.379403,5.000000,14
689,50,17.114105,19561,6.858913412,6.861000000,2.086588,1,17.114105,5.000000,14
690,50,16.230236,19561,6.874767836,6.877000000,2.232164,1,16.230236,5.000000,14
691,50,16.981784,19561,6.887640188,6.890000000,2.359812,1,16.981784,5.000000,14
693,50,16.609095,19561,6.900863712,6.903000000,2.136288,1,16.609095,5.000000,14
694,50,17.749232,19561,6.915168808,6.917500000,2.331192,1,17.749232,5.000000,14
695,50,14.275205,19561,6.929421985,6.931500000,2.078015,1,14.275205,5.000000,14
696,50,13.463815,19561,6.946557215,6.949000000,2.442785,1,13.463815,5.000000,14
697,50,16.195914,19561,6.964805025,6.967000000,2.194975,1,16.195914,5.000000,14
698,50,14.466922,19561,6.977932306,6.980000000,2.067694,1,14.466922,5.000000,14
699,50,14.643657,19561,6.994081360,6.996500000,2.418640,1,14.643657,5.000000,14
701,50,12.003119,19561,7.007738707,7.010000000,2.261293,1,12.003119,5.000000,14
702,50,12.407245,19561,7.022091629,7.024500000,2.408371,1,12.407245,5.000000,14
703,50,10.196315,19561,7.035009538,7.037500000,2.490462,1,10.196315,5.000000,14
704,50,10.856196,19561,7.048188081,7.050500000,2.311919,1,10.856196,5.000000,14
708,50,9.428131,19561,7.061286474,7.063500000,2.213526,1,9.428131,5.000000,14
709,50,7.108606,19561,7.075375141,7.077500000,2.124859,1,7.108606,5.000000,14
711,50,8.218220,19561,7.091740382,7.094000000,2.259618,1,8.218220,5.000000,14
713,50,10.670524,19561,7.107413237,7.109500000,2.086763,1,10.670524,5.000000,14
714,50,9.396154,19561,7.120507076,7.126000000,5.492924,0,192.016905,5.000000,14
716,50,11.942230,19561,7.136357285,7.138500000,2.142715,1,11.942230,5.000000,14
717,50,11.474146,19561,7.149973772,7.152500000,2.526228,1,11.474146,5.000000,14
718,50,12.665220,19561,7.165513677,7.168000000,2.486323,1,12.665220,5.000000,14
719,50,14.699729,19561,7.181339611,7.183500000,2.160389,1,14.699729,5.000000,14
720,50,11.732437,19561,7.194625588,7.200000000,5.374412,0,192.016905,5.000000,14
721,50,14.856684,19561,7.209374601,7.211500000,2.125399,1,14.856684,5.000000,14
723,50,13.672770,19561,7.227011006,7.229500000,2.488994,1,13.672770,5.000000,14
725,50,13.773216,19561,7.240078534,7.243000000,2.921466,1,13.773216,5.000000,14
726,50,15.540366,19561,7.253091506,7.255500000,2.408494,1,15.540366,5.000000,14
728,50,15.841206,19561,7.269990341,7.272500000,2.509659,1,15.841206,5.000000,14
729,50,15.151067,19561,7.283204511,7.285500000,2.295489,1,15.151067,5.000000,14
730,50,16.345440,19561,7.296785915,7.305000000,8.214085,0,192.016905,5.000000,14
731,50,14.140647,19561,7.310524748,7.313500000,2.975252,1,14.140647,5.000000,14
732,50,16.203950,19561,7.325387158,7.327500000,2.112842,1,16.203950,5.000000,14
733,50,12.901289,19561,7.339876631,7.342000000,2.123369,1,12.901289,5.000000,14
734,50,14.586939,19561,7.352751330,7.355000000,2.248670,1,14.586939,5.000000,14
735,50,13.125365,19561,7.366395276,7.368500000,2.104724,1,13.125365,5.000000,14
737,50,13.458576,19561,7.384101158,7.386500000,2.398842,1,13.458576,5.000000,14
738,50,12.632249,19561,7.399131921,7.404500000,5.368079,0,192.016905,5.000000,14
739,50,13.187786,19561,7.413212034,7.415500000,2.287966,1,13.187786,5.000000,14
740,50,11.413463,19561,7.429030387,7.431500000,2.469613,1,11.413463,5.000000,14
742,50,11.631908,19561,7.441818699,7.444000000,2.181301,1,11.631908,5.000000,14
744,50,9.588699,19561,7.455000001,7.457500000,2.499999,1,9.588699,5.000000,14
745,50,11.725269,19561,7.470185728,7.472500000,2.314272,1,11.725269,5.000000,14
746,50,10.930171,19561,7.484571488,7.487000000,2.428512,1,10.930171,5.000000,14
747,50,11.471232,19561,7.498595558,7.504000000,5.404442,0,192.016905,5.000000,14
748,50,11.747964,19561,7.512001128,7.514500000,2.498872,1,11.747964,5.000000,14
749,50,10.182019,19561,7.525654388,7.534000000,8.345612,0,192.016905,5.000000,14
750,50,11.380785,19561,7.540762206,7.543000000,2.237794,1,11.380785,5.000000,14
751,50,9.543059,19561,7.554589325,7.557000000,2.410675,1,9.543059,5.000000,14
753,50,9.694993,19561,7.568144874,7.570500000,2.355126,1,9.694993,5.000000,14
755,50,9.776451,19561,7.582430068,7.584500000,2.069932,1,9.776451,5.000000,14
758,50,12.192304,19561,7.595971234,7.601000000,5.028766,0,192.016905,5.000000,14
759,50,11.751656,19561,7.608739243,7.611000000,2.260757,1,11.751656,5.000000,14
760,50,12.238595,19561,7.621494528,7.624000000,2.505472,1,12.238595,5.000000,14
761,50,13.261593,19561,7.636713804,7.639500000,2.786196,1,13.261593,5.000000,14
762,50,12.533627,19561,7.649420913,7.651500000,2.079087,1,12.533627,5.000000,14
763,50,13.900425,19561,7.662094790,7.664500000,2.405210,1,13.900425,5.000000,14
764,50,13.530681,19561,7.676409222,7.678500000,2.090778,1,13.530681,5.000000,14
766,50,13.791069,19561,7.689855620,7.695000000,5.144380,0,192.016905,5.000000,14
767,50,14.940323,19561,7.703788477,7.706000000,2.211523,1,14.940323,5.000000,14
768,50,11.885488,19561,7.716567806,7.719500000,2.932194,1,11.885488,5.000000,14
769,50,14.241390,19561,7.729677522,7.732000000,2.322478,1,14.241390,5.000000,14
770,50,13.705887,19561,7.745434359,7.747500000,2.065641,1,13.705887,5.000000,14
771,50,13.605261,19561,7.759707481,7.762000000,2.292519,1,13.605261,5.000000,14
772,50,14.221953,19561,7.772694480,7.775000000,2.305520,1,14.221953,5.000000,14
773,50,13.125498,19561,7.786178075,7.794500000,8.321925,0,192.016905,5.000000,14
774,50,13.463251,19561,7.800908473,7.806000000,5.091527,0,192.016905,5.000000,14
775,50,11.934319,19561,7.815285687,7.817500000,2.214313,1,11.934319,5.000000,14
776,50,11.358396,19561,7.828726419,7.831000000,2.273581,1,11.358396,5.000000,14
778,50,9.179058,19561,7.841610601,7.844000000,2.389399,1,9.179058,5.000000,14
779,50,8.292924,19561,7.854813716,7.857000000,2.186284,1,8.292924,5.000000,14
781,50,6.453474,19561,7.871077624,7.873500000,2.422376,1,6.453474,5.000000,14
783,50,7.547918,19561,7.883910935,7.886000000,2.089065,1,7.547918,5.000000,14
784,50,6.727388,19561,7.897269871,7.899500000,2.230129,1,6.727388,5.000000,14
787,50,7.547256,19561,7.913226292,7.916000000,2.773708,1,7.547256,5.000000,14
789,50,8.553446,19561,7.926487608,7.929500000,3.012392,1,8.553446,5.000000,14
790,50,8.715067,19561,7.941778495,7.944000000,2.221505,1,8.715067,5.000000,14
791,50,9.208222,19561,7.956349754,7.958500000,2.150246,1,9.208222,5.000000,14
792,50,14.239026,19561,7.971003671,7.973500000,2.496329,1,14.239026,5.000000,14
794,50,13.769964,19561,7.984801878,7.987000000,2.198122,1,13.769964,5.000000,14
795,50,12.320087,19561,7.999517385,8.005000000,5.482615,0,192.016905,5.000000,14
796,50,12.060756,19561,8.013481621,8.016000000,2.518379,1,12.060756,5.000000,14
797,50,12.321222,19561,8.026327484,8.028500000,2.172516,1,12.321222,5.000000,14
799,50,11.075138,19561,8.040565503,8.043000000,2.434497,1,11.075138,5.000000,14
800,50,11.267074,19561,8.056079936,8.058500000,2.420064,1,11.267074,5.000000,14
801,50,10.505678,19561,8.072756751,8.075000000,2.243249,1,10.505678,5.000000,14
802,50,11.466909,19561,8.086724157,8.089000000,2.275843,1,11.466909,5.000000,14
804,50,9.690095,19561,8.100539437,8.106000000,5.460563,0,192.016905,5.000000,14
805,50,5.996857,19561,8.114804071,8.117000000,2.195929,1,5.996857,5.000000,14
809,50,6.799176,19561,8.128064420,8.130500000,2.435580,1,6.799176,5.000000,14
811,50,7.821754,19561,8.141344807,8.143500000,2.155193,1,7.821754,5.000000,14
812,50,7.367721,19561,8.156708287,8.159000000,2.291713,1,7.367721,5.000000,14
813,50,8.747696,19561,8.170523163,8.173000000,2.476837,1,8.747696,5.000000,14
814,50,8.307673,19561,8.184244803,8.186500000,2.255197,1,8.307673,5.000000,14
815,50,8.626617,19561,8.197396762,8.202500000,5.103238,0,192.016905,5.000000,14
818,50,8.361503,19561,8.210367702,8.212500000,2.132298,1,8.361503,5.000000,14
821,50,9.456114,19561,8.227470123,8.229500000,2.029877,1,9.456114,5.000000,14
822,50,10.329711,19561,8.240553782,8.243000000,2.446218,1,10.329711,5.000000,14
823,50,9.638526,19561,8.255086950,8.257500000,2.413050,1,9.638526,5.000000,14
824,50,9.891724,19561,8.269780360,8.272000000,2.219640,1,9.891724,5.000000,14
825,50,10.698233,19561,8.284078745,8.286500000,2.421255,1,10.698233,5.000000,14
826,50,10.362588,19561,8.300044667,8.302500000,2.455333,1,10.362588,5.000000,14
827,50,10.886191,19561,8.317740602,8.320000000,2.259398,1,10.886191,5.000000,14
828,50,8.264322,19561,8.334982734,8.337500000,2.517266,1,8.264322,5.000000,14
830,50,11.017854,19561,8.348846590,8.351000000,2.153410,1,11.017854,5.000000,14
831,50,10.399382,19561,8.363608527,8.366000000,2.391473,1,10.399382,5.000000,14
832,50,10.442701,19561,8.377090110,8.379500000,2.409890,1,10.442701,5.000000,14
833,50,10.904740,19561,8.390225769,8.392500000,2.274231,1,10.904740,5.000000,14
835,50,10.694250,19561,8.405681004,8.408000000,2.318996,1,10.694250,5.000000,14
837,50,10.467041,19561,8.420261614,8.422500000,2.238386,1,10.467041,5.000000,14
838,50,9.785599,19561,8.437420485,8.439500000,2.079515,1,9.785599,5.000000,14
839,50,10.337852,19561,8.450479852,8.453000000,2.520148,1,10.337852,5.000000,14
840,50,5.994094,19561,8.464200349,8.466500000,2.299651,1,5.994094,5.000000,14
842,50,6.587190,19561,8.478683681,8.481000000,2.316319,1,6.587190,5.000000,14
843,50,6.318737,19561,8.495967495,8.498000000,2.032505,1,6.318737,5.000000,14
845,50,6.226123,19561,8.512932217,8.515000000,2.067783,1,6.226123,5.000000,14
848,50,8.224054,19561,8.527041857,8.529500000,2.458143,1,8.224054,5.000000,14
849,50,7.831747,19561,8.540592118,8.543000000,2.407882,1,7.831747,5.000000,14
850,50,8.633032,19561,8.553988996,8.556500000,2.511004,1,8.633032,5.000000,14
851,50,7.438744,19561,8.569284190,8.571500000,2.215810,1,7.438744,5.000000,14
852,50,9.014498,19561,8.583499378,8.586000000,2.500622,1,9.014498,5.000000,14
853,50,6.812585,19561,8.599044639,8.601500000,2.455361,1,6.812585,5.000000,14
854,50,8.836058,19561,8.611974144,8.614500000,2.525856,1,8.836058,5.000000,14
856,50,8.196552,19561,8.625157384,8.627500000,2.342616,1,8.196552,5.000000,14
857,50,9.362600,19561,8.640017797,8.642500000,2.482203,1,9.362600,5.000000,14
859,50,9.731946,19561,8.654191224,8.656500000,2.308776,1,9.731946,5.000000,14
860,50,8.793486,19561,8.668354778,8.670500000,2.145222,1,8.793486,5.000000,14
862,50,9.491337,19561,8.682158333,8.684500000,2.341667,1,9.491337,5.000000,14
863,50,7.335166,19561,8.696171824,8.698500000,2.328176,1,7.335166,5.000000,14
865,50,11.322827,19561,8.709465999,8.711500000,2.034001,1,11.322827,5.000000,14
866,50,10.857431,19561,8.725252036,8.727500000,2.247964,1,10.857431,5.000000,14
867,50,11.159754,19561,8.738009478,8.740500000,2.490522,1,11.159754,5.000000,14
868,50,11.931335,19561,8.755263865,8.757500000,2.236135,1,11.931335,5.000000,14
869,50,11.587269,19561,8.770082672,8.772500000,2.417328,1,11.587269,5.000000,14
870,50,12.781373,19561,8.782794612,8.785000000,2.205388,1,12.781373,5.000000,14
871,50,11.661611,19561,8.799469812,8.801500000,2.030188,1,11.661611,5.000000,14
872,50,12.228170,19561,8.813584519,8.819000000,5.415481,0,192.016905,5.000000,14
875,50,12.604344,19561,8.829003450,8.831500000,2.496550,1,12.604344,5.000000,14
876,50,15.227287,19561,8.844523537,8.847000000,2.476463,1,15.227287,5.000000,14
877,50,13.102858,19561,8.857387789,8.859500000,2.112211,1,13.102858,5.000000,14
878,50,15.579106,19561,8.873906112,8.876000000,2.093888,1,15.579106,5.000000,14
879,50,14.742857,19561,8.888256793,8.890500000,2.243207,1,14.742857,5.000000,14
880,50,14.354409,19561,8.902205568,8.904500000,2.294432,1,14.354409,5.000000,14
881,50,15.059567,19561,8.916527164,8.919000000,2.472836,1,15.059567,5.000000,14
882,50,14.518236,19561,8.930304454,8.932500000,2.195546,1,14.518236,5.000000,14
883,50,14.956763,19561,8.943576221,8.946000000,2.423779,1,14.956763,5.000000,14
884,50,14.129035,19561,8.959661231,8.962000000,2.338769,1,14.129035,5.000000,14
885,50,14.655514,19561,8.973479308,8.976000000,2.520692,1,14.655514,5.000000,14
886,50,13.597982,19561,8.986578793,8.989000000,2.421207,1,13.597982,5.000000,14
887,50,14.258276,19561,9.002905085,9.005000000,2.094915,1,14.258276,5.000000,14
888,50,8.117576,19561,9.016770405,9.019000000,2.229595,1,8.117576,5.000000,14
890,50,7.452548,19561,9.032035882,9.034500000,2.464118,1,7.452548,5.000000,14
891,50,7.173438,19561,9.048734045,9.051000000,2.265955,1,7.173438,5.000000,14
894,50,7.358049,19561,9.065543690,9.068000000,2.456310,1,7.358049,5.000000,14
895,50,6.821519,19561,9.078296547,9.080500000,2.203453,1,6.821519,5.000000,14
896,50,7.514246,19561,9.093358483,9.098500000,5.141517,0,192.016905,5.000000,14
897,50,6.784484,19561,9.107628168,9.110000000,2.371832,1,6.784484,5.000000,14
900,50,7.598283,19561,9.120450253,9.123000000,2.549747,1,7.598283,5.000000,14
901,50,5.695941,19561,9.134520171,9.137000000,2.479829,1,5.695941,5.000000,14
902,50,7.872018,19561,9.148650652,9.151000000,2.349348,1,7.872018,5.000000,14
905,50,8.595748,19561,9.164186527,9.166500000,2.313473,1,8.595748,5.000000,14
907,50,9.243233,19561,9.177836726,9.180000000,2.163274,1,9.243233,5.000000,14
908,50,9.186189,19561,9.192905741,9.198000000,5.094259,0,192.016905,5.000000,14
909,50,9.878872,19561,9.209093265,9.211500000,2.406735,1,9.878872,5.000000,14
910,50,9.337906,19561,9.224619260,9.227000000,2.380740,1,9.337906,5.000000,14
911,50,10.179972,19561,9.241336845,9.243500000,2.163155,1,10.179972,5.000000,14
912,50,6.150930,19561,9.254663477,9.257000000,2.336523,1,6.150930,5.000000,14
913,50,7.396550,19561,9.269183629,9.271500000,2.316371,1,7.396550,5.000000,14
916,50,7.026233,19561,9.281850556,9.284000000,2.149444,1,7.026233,5.000000,14
918,50,7.266752,19561,9.296024221,9.301500000,5.475779,0,192.016905,5.000000,14
919,50,6.827769,19561,9.309831361,9.312500000,2.668639,1,6.827769,5.000000,14
920,50,7.410780,19561,9.322928380,9.325000000,2.071620,1,7.410780,5.000000,14
922,50,8.433068,19561,9.337347405,9.339500000,2.152595,1,8.433068,5.000000,14
924,50,9.493173,19561,9.351599283,9.354000000,2.400717,1,9.493173,5.000000,14
927,50,12.129496,19561,9.365314430,9.367500000,2.185570,1,12.129496,5.000000,14
928,50,11.579113,19561,9.378883287,9.381000000,2.116713,1,11.579113,5.000000,14
929,50,12.421214,19561,9.392694710,9.398000000,5.305290,0,192.016905,5.000000,14
931,50,12.540419,19561,9.406496664,9.409000000,2.503336,1,12.540419,5.000000,14
932,50,11.549993,19561,9.419747890,9.422000000,2.252110,1,11.549993,5.000000,14
933,50,12.502158,19561,9.433469594,9.436000000,2.530406,1,12.502158,5.000000,14
934,50,11.887257,19561,9.446943624,9.449000000,2.056376,1,11.887257,5.000000,14
935,50,12.306803,19561,9.459951105,9.462000000,2.048895,1,12.306803,5.000000,14
936,50,6.890306,19561,9.474871130,9.477000000,2.128870,1,6.890306,5.000000,14
938,50,6.303454,19561,9.487789886,9.490000000,2.210114,1,6.303454,5.000000,14
940,50,5.873005,19561,9.501243227,9.506500000,5.256773,0,192.016905,5.000000,14
941,50,6.208452,19561,9.515982634,9.518500000,2.517366,1,6.208452,5.000000,14
944,50,6.195317,19561,9.531061150,9.533500000,2.438850,1,6.195317,5.000000,14
945,50,5.635817,19561,9.547584478,9.550000000,2.415522,1,5.635817,5.000000,14
947,50,5.119747,19561,9.560877525,9.563000000,2.122475,1,5.119747,5.000000,14
950,50,11.569922,19561,9.575338122,9.577500000,2.161878,1,11.569922,5.000000,14
951,50,10.899959,19561,9.589921977,9.595000000,5.078023,0,192.016905,5.000000,14
952,50,11.497615,19561,9.602975665,9.605500000,2.524335,1,11.497615,5.000000,14
953,50,12.760861,19561,9.617309615,9.619500000,2.190385,1,12.760861,5.000000,14
954,50,12.420851,19561,9.630762937,9.633000000,2.237063,1,12.420851,5.000000,14
955,50,13.553556,19561,9.646284446,9.648500000,2.215554,1,13.553556,5.000000,14
956,50,12.570290,19561,9.659967101,9.662000000,2.032899,1,12.570290,5.000000,14
957,50,13.506581,19561,9.673191052,9.675500000,2.308948,1,13.506581,5.000000,14
959,50,13.871750,19561,9.686349272,9.689000000,2.650728,1,13.871750,5.000000,14
960,50,10.172491,19561,9.699663452,9.705000000,5.336548,0,192.016905,5.000000,14
961,50,11.746110,19561,9.713115252,9.716000000,2.884748,1,11.746110,5.000000,14
962,50,10.824831,19561,9.726464556,9.728500000,2.035444,1,10.824831,5.000000,14
965,50,10.229999,19561,9.740306341,9.742500000,2.193659,1,10.229999,5.000000,14
967,50,10.112695,19561,9.753728417,9.756000000,2.271583,1,10.112695,5.000000,14
969,50,12.267960,19561,9.767290273,9.769500000,2.209727,1,12.267960,5.000000,14
970,50,14.006377,19561,9.780202397,9.782500000,2.297603,1,14.006377,5.000000,14
971,50,13.095406,19561,9.793806518,9.799000000,5.193482,0,192.016905,5.000000,14
972,50,16.535529,19561,9.810140423,9.813000000,2.859577,1,16.535529,5.000000,14
973,50,15.416892,19561,9.823982653,9.826500000,2.517347,1,15.416892,5.000000,14
974,50,18.728535,19561,9.837274850,9.839500000,2.225150,1,18.728535,5.000000,14
975,50,17.310347,19561,9.851812182,9.854000000,2.187818,1,17.310347,5.000000,14
976,50,17.123162,19561,9.865950944,9.868000000,2.049056,1,17.123162,5.000000,14
977,50,17.940425,19561,9.879594082,9.882000000,2.405918,1,17.940425,5.000000,14
978,50,16.409571,19561,9.892313176,9.897500000,5.186824,0,192.016905,5.000000,14
979,50,17.659385,19561,9.906423011,9.908500000,2.076989,1,17.659385,5.000000,14
980,50,15.604714,19561,9.919389258,9.922000000,2.610742,1,15.604714,5.000000,14
981,50,15.647858,19561,9.932307574,9.935000000,2.692426,1,15.647858,5.000000,14
983,50,15.947494,19561,9.946825246,9.949000000,2.174754,1,15.947494,5.000000,14
984,50,9.603552,19561,9.960237223,9.962500000,2.262777,1,9.603552,5.000000,14
985,50,10.572047,19561,9.973559727,9.976000000,2.440273,1,10.572047,5.000000,14
988,50,9.092387,19561,9.989618689,9.995000000,5.381311,0,192.016905,5.000000,14
990,50,9.626691,19561,10.004816985,10.007000000,2.183015,1,9.626691,5.000000,14
991,50,10.458057,19561,10.018099143,10.020500000,2.400857,1,10.458057,5.000000,14
992,50,12.836486,19561,10.032063013,10.034500000,2.436987,1,12.836486,5.000000,14
993,50,12.032661,19561,10.045607613,10.048000000,2.392387,1,12.032661,5.000000,14
994,50,13.443758,19561,10.059676474,10.062000000,2.323526,1,13.443758,5.000000,14
995,50,11.604124,19561,10.074203706,10.076500000,2.296294,1,11.604124,5.000000,14
996,50,13.458417,19561,10.087129364,10.092500000,5.370636,0,192.016905,5.000000,14
998,50,14.100148,19561,10.102503096,10.108000000,5.496904,0,192.016905,5.000000,14
999,50,13.048352,19561,10.115778212,10.118000000,2.221788,1,13.048352,5.000000,14
1000,50,13.019243,19561,10.132339427,10.134500000,2.160573,1,13.019243,5.000000,14
1001,50,13.807951,19561,10.145510359,10.148000000,2.489641,1,13.807951,5.000000,14
1002,50,12.468699,19561,10.158470385,10.160500000,2.029615,1,12.468699,5.000000,14
1003,50,12.876311,19561,10.171554146,10.174000000,2.445854,1,12.876311,5.000000,14
1004,50,12.613241,19561,10.186773687,10.189000000,2.226313,1,12.613241,5.000000,14
1005,50,11.828480,19561,10.200914828,10.209000000,8.085172,0,192.016905,5.000000,14
1008,50,10.514213,19561,10.216709974,10.219000000,2.290026,1,10.514213,5.000000,14
1009,50,14.319939,19561,10.231650292,10.234000000,2.349708,1,14.319939,5.000000,14
1011,50,13.605395,19561,10.244359562,10.246500000,2.140438,1,13.605395,5.000000,14
1012,50,14.324390,19561,10.259823328,10.262000000,2.176672,1,14.324390,5.000000,14
1013,50,13.780930,19561,10.272995812,10.275500000,2.504188,1,13.780930,5.000000,14
1014,50,14.936100,19561,10.286292637,10.288500000,2.207363,1,14.936100,5.000000,14
1015,50,13.987245,19561,10.299640142,10.302000000,2.359858,1,13.987245,5.000000,14
1016,50,14.511829,19561,10.313333720,10.315500000,2.166280,1,14.511829,5.000000,14
1017,50,13.599206,19561,10.329380286,10.331500000,2.119714,1,13.599206,5.000000,14
1018,50,13.705392,19561,10.342093150,10.344500000,2.406850,1,13.705392,5.000000,14
1019,50,11.101764,19561,10.358035712,10.360500000,2.464288,1,11.101764,5.000000,14
1020,50,11.534601,19561,10.373521445,10.376000000,2.478555,1,11.534601,5.000000,14
1021,50,6.622240,19561,10.387924188,10.390000000,2.075812,1,6.622240,5.000000,14
1025,50,5.396782,19561,10.404445229,10.406500000,2.054771,1,5.396782,5.000000,14
1026,50,4.747087,19561,10.419339209,10.421500000,2.160791,1,4.747087,5.000000,14
1027,50,5.329837,19561,10.434979530,10.437500000,2.520470,1,5.329837,5.000000,14
1028,50,4.580329,19561,10.448510441,10.451000000,2.489559,1,4.580329,5.000000,14
1032,50,4.784889,19561,10.462395434,10.464500000,2.104566,1,4.784889,5.000000,14
1033,50,9.630554,19561,10.476155862,10.478500000,2.344138,1,9.630554,5.000000,14
1034,50,9.010959,19561,10.492853431,10.495000000,2.146569,1,9.010959,5.000000,14
1036,50,9.923504,19561,10.505642629,10.508000000,2.357371,1,9.923504,5.000000,14
1037,50,9.861679,19561,10.519984912,10.522500000,2.515088,1,9.861679,5.000000,14
1038,50,10.760755,19561,10.534300359,10.536500000,2.199641,1,10.760755,5.000000,14
1039,50,10.463652,19561,10.550049699,10.552500000,2.450301,1,10.463652,5.000000,14
1041,50,11.638971,19561,10.564412691,10.566500000,2.087309,1,11.638971,5.000000,14
1042,50,11.118938,19561,10.578544653,10.581000000,2.455347,1,11.118938,5.000000,14
1043,50,11.941940,19561,10.591536124,10.594000000,2.463876,1,11.941940,5.000000,14
1044,50,13.039078,19561,10.605210780,10.607500000,2.289220,1,13.039078,5.000000,14
1045,50,11.367595,19561,10.618870852,10.621000000,2.129148,1,11.367595,5.000000,14
1046,50,12.914628,19561,10.633972558,10.636000000,2.027442,1,12.914628,5.000000,14
1048,50,12.893810,19561,10.647689591,10.650000000,2.310409,1,12.893810,5.000000,14
1049,50,13.458526,19561,10.660620561,10.663000000,2.379439,1,13.458526,5.000000,14
1050,50,13.050004,19561,10.675687265,10.678000000,2.312735,1,13.050004,5.000000,14
1051,50,13.254277,19561,10.689406473,10.691500000,2.093527,1,13.254277,5.000000,14
1052,50,13.020479,19561,10.704259887,10.706500000,2.240113,1,13.020479,5.000000,14
1053,50,13.231324,19561,10.717573059,10.720000000,2.426941,1,13.231324,5.000000,14
1055,50,13.533565,19561,10.731290323,10.733500000,2.209677,1,13.533565,5.000000,14
1056,50,13.903215,19561,10.745112559,10.747500000,2.387441,1,13.903215,5.000000,14
1058,50,12.616179,19561,10.759448307,10.762000000,2.551693,1,12.616179,5.000000,14
1059,50,12.970952,19561,10.774381207,10.776500000,2.118793,1,12.970952,5.000000,14
1060,50,12.411213,19561,10.788858878,10.791000000,2.141122,1,12.411213,5.000000,14
1061,50,12.689381,19561,10.802616371,10.805000000,2.383629,1,12.689381,5.000000,14
1062,50,11.614009,19561,10.815528666,10.818000000,2.471334,1,11.614009,5.000000,14
1064,50,11.826339,19561,10.830806533,10.833000000,2.193467,1,11.826339,5.000000,14
1066,50,12.529090,19561,10.843794120,10.846000000,2.205880,1,12.529090,5.000000,14
1067,50,10.705708,19561,10.857532602,10.860000000,2.467398,1,10.705708,5.000000,14
1068,50,11.178304,19561,10.873926945,10.876000000,2.073055,1,11.178304,5.000000,14
1069,50,8.524335,19561,10.886830999,10.889000000,2.169001,1,8.524335,5.000000,14
1070,50,9.860500,19561,10.901420950,10.906500000,5.079050,0,192.016905,5.000000,14
1071,50,8.231138,19561,10.915073855,10.917500000,2.426145,1,8.231138,5.000000,14
1072,50,7.934132,19561,10.928233075,10.930500000,2.266925,1,7.934132,5.000000,14
1074,50,7.540168,19561,10.941473599,10.944000000,2.526401,1,7.540168,5.000000,14
1076,50,7.795237,19561,10.955421712,10.957500000,2.078288,1,7.795237,5.000000,14
1077,50,8.480993,19561,10.970213173,10.972500000,2.286827,1,8.480993,5.000000,14
1078,50,7.950114,19561,10.986926766,10.989000000,2.073234,1,7.950114,5.000000,14
1081,50,8.868912,19561,11.001687633,11.004000000,2.312367,1,8.868912,5.000000,14
1082,50,8.571435,19561,11.015132556,11.017500000,2.367444,1,8.571435,5.000000,14
1084,50,8.771949,19561,11.029730315,11.032000000,2.269685,1,8.771949,5.000000,14
1086,50,8.931165,19561,11.043326127,11.045500000,2.173873,1,8.931165,5.000000,14
1087,50,9.340545,19561,11.060136818,11.062500000,2.363182,1,9.340545,5.000000,14
1088,50,10.264315,19561,11.073941654,11.076000000,2.058346,1,10.264315,5.000000,14
1089,50,9.651259,19561,11.088276120,11.090500000,2.223880,1,9.651259,5.000000,14
1090,50,10.914160,19561,11.101128779,11.106500000,5.371221,0,192.016905,5.000000,14
1091,50,9.507982,19561,11.120231649,11.122500000,2.268351,1,9.507982,5.000000,14
1092,50,9.770571,19561,11.133425701,11.135500000,2.074299,1,9.770571,5.000000,14
1095,50,8.509078,19561,11.146672422,11.149000000,2.327578,1,8.509078,5.000000,14
1098,50,8.170714,19561,11.160102281,11.162500000,2.397719,1,8.170714,5.000000,14
1099,50,7.671632,19561,11.174405828,11.176500000,2.094172,1,7.671632,5.000000,14
1102,50,8.416115,19561,11.189880893,11.192000000,2.119107,1,8.416115,5.000000,14
1103,50,9.951574,19561,11.203361075,11.205500000,2.138925,1,9.951574,5.000000,14
1104,50,6.315109,19561,11.216136578,11.218500000,2.363422,1,6.315109,5.000000,14
1106,50,6.913128,19561,11.231860419,11.234000000,2.139581,1,6.913128,5.000000,14
1108,50,6.675803,19561,11.246060472,11.248500000,2.439528,1,6.675803,5.000000,14
1109,50,5.726162,19561,11.259526411,11.262000000,2.473589,1,5.726162,5.000000,14
1115,50,5.244293,19561,11.274487165,11.277000000,2.512835,1,5.244293,5.000000,14
1116,50,6.811543,19561,11.287179978,11.289500000,2.320022,1,6.811543,5.000000,14
1119,50,7.623911,19561,11.303291098,11.305500000,2.208902,1,7.623911,5.000000,14
1122,50,9.327091,19561,11.316607373,11.319000000,2.392627,1,9.327091,5.000000,14
1123,50,10.187819,19561,11.329966558,11.332000000,2.033442,1,10.187819,5.000000,14
1124,50,9.911324,19561,11.344109632,11.346500000,2.390368,1,9.911324,5.000000,14
1126,50,10.838483,19561,11.359758027,11.362000000,2.241973,1,10.838483,5.000000,14
1127,50,8.834041,19561,11.374685468,11.377000000,2.314532,1,8.834041,5.000000,14
1129,50,14.105544,19561,11.390535970,11.393000000,2.464030,1,14.105544,5.000000,14
1130,50,13.119026,19561,11.405452058,11.407500000,2.047942,1,13.119026,5.000000,14
1131,50,13.849619,19561,11.420593101,11.423000000,2.406899,1,13.849619,5.000000,14
1132,50,15.493352,19561,11.434351653,11.436500000,2.148347,1,15.493352,5.000000,14
1134,50,15.294671,19561,11.449056844,11.451500000,2.443156,1,15.294671,5.000000,14
1135,50,14.258231,19561,11.463463348,11.465500000,2.036652,1,14.258231,5.000000,14
1136,50,14.838572,19561,11.476188927,11.478500000,2.311073,1,14.838572,5.000000,14
1137,50,13.933239,19561,11.488995876,11.491500000,2.504124,1,13.933239,5.000000,14
1138,50,15.334487,19561,11.501759239,11.507000000,5.240761,0,192.016905,5.000000,14
1139,50,13.238619,19561,11.514584697,11.517000000,2.415303,1,13.238619,5.000000,14
1141,50,11.626128,19561,11.530118524,11.532500000,2.381476,1,11.626128,5.000000,14
1143,50,12.843312,19561,11.545364633,11.547500000,2.135367,1,12.843312,5.000000,14
1144,50,13.465097,19561,11.560769369,11.563000000,2.230631,1,13.465097,5.000000,14
1146,50,14.057423,19561,11.573650859,11.576000000,2.349141,1,14.057423,5.000000,14
1147,50,14.761615,19561,11.587358689,11.589500000,2.141311,1,14.761615,5.000000,14
1148,50,13.741101,19561,11.601631024,11.607000000,5.368976,0,192.016905,5.000000,14
1149,50,13.500802,19561,11.614969829,11.617000000,2.030171,1,13.500802,5.000000,14
1150,50,14.267147,19561,11.629985430,11.632500000,2.514570,1,14.267147,5.000000,14
1151,50,11.105797,19561,11.644873686,11.647000000,2.126314,1,11.105797,5.000000,14
1152,50,10.789471,19561,11.659333627,11.661500000,2.166373,1,10.789471,5.000000,14
1153,50,12.560744,19561,11.675982790,11.678500000,2.517210,1,12.560744,5.000000,14
1154,50,10.897639,19561,11.689381809,11.694500000,5.118191,0,192.016905,5.000000,14
1155,50,10.289859,19561,11.704265134,11.706500000,2.234866,1,10.289859,5.000000,14
1156,50,10.892976,19561,11.718037911,11.720500000,2.462089,1,10.892976,5.000000,14
1158,50,10.530573,19561,11.733877221,11.736000000,2.122779,1,10.530573,5.000000,14
1162,50,7.508777,19561,11.749321957,11.751500000,2.178043,1,7.508777,5.000000,14
1163,50,9.163607,19561,11.762558231,11.765000000,2.441769,1,9.163607,5.000000,14
1164,50,11.728588,19561,11.782150594,11.784500000,2.349406,1,11.728588,5.000000,14
1165,50,7.613326,19561,11.796075655,11.798500000,2.424345,1,7.613326,5.000000,14
1166,50,9.861324,19561,11.809818903,11.812000000,2.181097,1,9.861324,5.000000,14
1167,50,9.403950,19561,11.824798486,11.827000000,2.201514,1,9.403950,5.000000,14
1169,50,8.858810,19561,11.837538179,11.840000000,2.461821,1,8.858810,5.000000,14
1171,50,8.756092,19561,11.850975006,11.853500000,2.524994,1,8.756092,5.000000,14
1172,50,7.033369,19561,11.864094047,11.866500000,2.405953,1,7.033369,5.000000,14
1175,50,9.160448,19561,11.878823668,11.881000000,2.176332,1,9.160448,5.000000,14
1179,50,9.584411,19561,11.893697829,11.899000000,5.302171,0,192.016905,5.000000,14
1180,50,10.784083,19561,11.908529753,11.911000000,2.470247,1,10.784083,5.000000,14
1181,50,10.902825,19561,11.922537829,11.925000000,2.462171,1,10.902825,5.000000,14
1182,50,10.110596,19561,11.936697968,11.939000000,2.302032,1,10.110596,5.000000,14
1183,50,10.577445,19561,11.951192167,11.953500000,2.307833,1,10.577445,5.000000,14
1184,50,10.836807,19561,11.966761230,11.969000000,2.238770,1,10.836807,5.000000,14
1185,50,10.729361,19561,11.979953721,11.982000000,2.046279,1,10.729361,5.000000,14
1186,50,13.435212,19561,11.992637399,11.998000000,5.362601,0,192.016905,5.000000,14
1187,50,12.995921,19561,12.006725967,12.009000000,2.274033,1,12.995921,5.000000,14
1189,50,13.981118,19561,12.023859403,12.026000000,2.140597,1,13.981118,5.000000,14
1191,50,12.661096,19561,12.037837620,12.040000000,2.162380,1,12.661096,5.000000,14
1194,50,10.530788,19561,12.051034772,12.053500000,2.465228,1,10.530788,5.000000,14
1195,50,10.374616,19561,12.063920920,12.066000000,2.079080,1,10.374616,5.000000,14
1196,50,11.068753,19561,12.079284371,12.081500000,2.215629,1,11.068753,5.000000,14
1197,50,10.612179,19561,12.093474504,12.096000000,2.525496,1,10.612179,5.000000,14
1198,50,12.129339,19561,12.108192702,12.110500000,2.307298,1,12.129339,5.000000,14
1199,50,9.437282,19561,12.124064922,12.126500000,2.435078,1,9.437282,5.000000,14
1200,50,7.393371,19561,12.137785396,12.140000000,2.214604,1,7.393371,5.000000,14
1204,50,10.947869,19561,12.153509000,12.156000000,2.491000,1,10.947869,5.000000,14
1205,50,9.796216,19561,12.169556377,12.172000000,2.443623,1,9.796216,5.000000,14
1206,50,11.064582,19561,12.184045236,12.186500000,2.454764,1,11.064582,5.000000,14
1207,50,9.463648,19561,12.196952976,12.199000000,2.047024,1,9.463648,5.000000,14
1208,50,10.838997,19561,12.210121726,12.212500000,2.378274,1,10.838997,5.000000,14
1209,50,9.764794,19561,12.223251091,12.225500000,2.248909,1,9.764794,5.000000,14
1211,50,9.872716,19561,12.237847847,12.240000000,2.152153,1,9.872716,5.000000,14
1212,50,11.442037,19561,12.251124398,12.253500000,2.375602,1,11.442037,5.000000,14
1213,50,8.447195,19561,12.264388902,12.266500000,2.111098,1,8.447195,5.000000,14
1215,50,10.056180,19561,12.278442408,12.280500000,2.057592,1,10.056180,5.000000,14
1217,50,10.245359,19561,12.293098940,12.295500000,2.401060,1,10.245359,5.000000,14
1218,50,8.864629,19561,12.307980743,12.310500000,2.519257,1,8.864629,5.000000,14
1219,50,8.835024,19561,12.324700976,12.327000000,2.299024,1,8.835024,5.000000,14
1222,50,8.547632,19561,12.338948870,12.341000000,2.051130,1,8.547632,5.000000,14
1223,50,9.606297,19561,12.352015367,12.354500000,2.484633,1,9.606297,5.000000,14
1224,50,5.696944,19561,12.366529696,12.369000000,2.470304,1,5.696944,5.000000,14
1225,50,7.625138,19561,12.381021354,12.383500000,2.478646,1,7.625138,5.000000,14
1227,50,6.956043,19561,12.395186913,12.397500000,2.313087,1,6.956043,5.000000,15
1228,50,5.632196,19561,12.408100736,12.410500000,2.399264,1,5.632196,5.000000,14
1229,50,5.866490,19561,12.420927383,12.423000000,2.072617,1,5.866490,5.000000,14
1232,50,5.575139,19561,12.437538808,12.440000000,2.461192,1,5.575139,5.000000,14
1236,50,8.457385,19561,12.453636292,12.456000000,2.363708,1,8.457385,5.000000,14
1238,50,12.720354,19561,12.468424808,12.470500000,2.075192,1,12.720354,5.000000,14
1239,50,12.310828,19561,12.481440282,12.483500000,2.059718,1,12.310828,5.000000,14
1240,50,12.228305,19561,12.495604392,12.498000000,2.395608,1,12.228305,5.000000,15
1241,50,13.380007,19561,12.509405884,12.511500000,2.094116,1,13.380007,5.000000,14
1243,50,14.449841,19561,12.522144479,12.524500000,2.355521,1,14.449841,5.000000,14
1244,50,13.598160,19561,12.535506159,12.538000000,2.493841,1,13.598160,5.000000,14
1245,50,15.458023,19561,12.548563856,12.551000000,2.436144,1,15.458023,5.000000,14
1246,50,14.478021,19561,12.562174905,12.564500000,2.325095,1,14.478021,5.000000,14
1247,50,14.976866,19561,12.577886833,12.580000000,2.113167,1,14.976866,5.000000,14
1248,50,12.019262,19561,12.593573414,12.596000000,2.426586,1,12.019262,5.000000,14
1249,50,14.686475,19561,12.606378803,12.608500000,2.121197,1,14.686475,5.000000,14
1250,50,13.970685,19561,12.619402020,12.621500000,2.097980,1,13.970685,5.000000,14
1251,50,14.357687,19561,12.632170968,12.634500000,2.329032,1,14.357687,5.000000,14
1252,50,14.845398,19561,12.645518913,12.648000000,2.481087,1,14.845398,5.000000,14
1254,50,14.501987,19561,12.659229075,12.661500000,2.270925,1,14.501987,5.000000,14
1255,50,13.155390,19561,12.674836704,12.677000000,2.163296,1,13.155390,5.000000,14
1256,50,13.122802,19561,12.688311459,12.690500000,2.188541,1,13.122802,5.000000,14
1257,50,13.426659,19561,12.702857019,12.705000000,2.142981,1,13.426659,5.000000,15
1258,50,11.362684,19561,12.716847193,12.719000000,2.152807,1,11.362684,5.000000,15
1259,50,11.062334,19561,12.730561527,12.733000000,2.438473,1,11.062334,5.000000,15
1260,50,12.150041,19561,12.743393215,12.745500000,2.106785,1,12.150041,5.000000,15
1264,50,6.475702,19561,12.758516494,12.761000000,2.483506,1,6.475702,5.000000,15
1266,50,6.690965,19561,12.772255368,12.774500000,2.244632,1,6.690965,5.000000,15
1267,50,7.297580,19561,12.785366403,12.787500000,2.133597,1,7.297580,5.000000,15
1268,50,6.109251,19561,12.798706433,12.801000000,2.293567,1,6.109251,5.000000,14
1269,50,7.180852,19561,12.812234158,12.814500000,2.265842,1,7.180852,5.000000,15
1272,50,4.619416,19561,12.827351232,12.829500000,2.148768,1,4.619416,5.000000,15
1274,50,6.751993,19561,12.841079048,12.843500000,2.420952,1,6.751993,5.000000,15
1275,50,6.829193,19561,12.854707361,12.857000000,2.292639,1,6.829193,5.000000,15
1276,50,7.372020,19561,12.868225067,12.870500000,2.274933,1,7.372020,5.000000,15
1279,50,6.756600,19561,12.882381463,12.884500000,2.118537,1,6.756600,5.000000,15
1280,50,8.015056,19561,12.896545726,12.899000000,2.454274,1,8.015056,5.000000,15
1282,50,8.655875,19561,12.913559538,12.916000000,2.440462,1,8.655875,5.000000,15
1284,50,9.005251,19561,12.928539538,12.931000000,2.460462,1,9.005251,5.000000,15
1285,50,6.759625,19561,12.941392833,12.943500000,2.107167,1,6.759625,5.000000,15
1287,50,8.141658,19561,12.955031558,12.957500000,2.468442,1,8.141658,5.000000,15
1290,50,8.479514,19561,12.968285792,12.970500000,2.214208,1,8.479514,5.000000,15
1291,50,9.156066,19561,12.984901887,12.987000000,2.098113,1,9.156066,5.000000,15
1293,50,8.397724,19561,12.997888834,13.000000000,2.111166,1,8.397724,5.000000,14
1294,50,9.193855,19561,13.010840665,13.013000000,2.159335,1,9.193855,5.000000,15
1295,50,6.565673,19561,13.023861238,13.026000000,2.138762,1,6.565673,5.000000,15
1296,50,6.350378,19561,13.038764653,13.041000000,2.235347,1,6.350378,5.000000,15
1297,50,7.936161,19561,13.051749901,13.054000000,2.250099,1,7.936161,5.000000,15
1298,50,6.678071,19561,13.064616551,13.067000000,2.383449,1,6.678071,5.000000,15
1299,50,6.296690,19561,13.078317734,13.080500000,2.182266,1,6.296690,5.000000,15
1300,50,6.694317,19561,13.091317281,13.093500000,2.182719,1,6.694317,5.000000,15
1305,50,4.634208,19561,13.106401290,13.108500000,2.098710,1,4.634208,5.000000,15
1306,50,5.450741,19561,13.120010637,13.122500000,2.489363,1,5.450741,5.000000,15
1309,50,2.645363,19561,13.136176228,13.138500000,2.323772,1,2.645363,5.000000,15
1310,50,3.883523,19561,13.152353587,13.154500000,2.146413,1,3.883523,5.000000,15
1314,50,3.589145,19561,13.165850158,13.168000000,2.149842,1,3.589145,5.000000,15
1317,50,5.044977,19561,13.181639505,13.184000000,2.360495,1,5.044977,5.000000,15
1319,50,5.374345,19561,13.194493645,13.197000000,2.506355,1,5.374345,5.000000,15
1320,50,13.399669,19561,13.207392838,13.209500000,2.107162,1,13.399669,5.000000,15
1321,50,12.547318,19561,13.221750332,13.224000000,2.249668,1,12.547318,5.000000,15
1324,50,12.313896,19561,13.236373017,13.238500000,2.126983,1,12.313896,5.000000,15
1325,50,11.479860,19561,13.249460747,13.251500000,2.039253,1,11.479860,5.000000,15
1326,50,12.172913,19561,13.263513220,13.266000000,2.486780,1,12.172913,5.000000,15
1327,50,11.142754,19561,13.276721935,13.279000000,2.278065,1,11.142754,5.000000,15
1328,50,11.667075,19561,13.291814306,13.294000000,2.185694,1,11.667075,5.000000,15
1329,50,10.951660,19561,13.307919533,13.310000000,2.080467,1,10.951660,5.000000,15
1331,50,9.531197,19561,13.322151713,13.324500000,2.348287,1,9.531197,5.000000,15
1332,50,10.708262,19561,13.338770723,13.341000000,2.229277,1,10.708262,5.000000,15
1333,50,7.308876,19561,13.352502877,13.355000000,2.497123,1,7.308876,5.000000,15
1334,50,7.927565,19561,13.367071099,13.369500000,2.428901,1,7.927565,5.000000,15
1335,50,7.281026,19561,13.383524783,13.386000000,2.475217,1,7.281026,5.000000,15
1337,50,6.948639,19561,13.396794078,13.402000000,5.205922,0,192.016905,5.000000,15
1342,50,6.126810,19561,13.412894313,13.415000000,2.105687,1,6.126810,5.000000,15
1343,50,7.091217,19561,13.425631631,13.428000000,2.368369,1,7.091217,5.000000,15
1344,50,5.856143,19561,13.439233833,13.441500000,2.266167,1,5.856143,5.000000,15
1346,50,8.913292,19561,13.452084042,13.454500000,2.415958,1,8.913292,5.000000,15
1347,50,7.690773,19561,13.466585910,13.469000000,2.414090,1,7.690773,5.000000,15
1349,50,8.367113,19561,13.479863987,13.482000000,2.136013,1,8.367113,5.000000,15
1350,50,7.662433,19561,13.493893684,13.496000000,2.106316,1,7.662433,5.000000,15
1351,50,8.169321,19561,13.508113696,13.510500000,2.386304,1,8.169321,5.000000,15
1352,50,8.739830,19561,13.523817956,13.526000000,2.182044,1,8.739830,5.000000,15
1354,50,9.194613,19561,13.538409608,13.540500000,2.090392,1,9.194613,5.000000,15
1357,50,7.654041,19561,13.553476148,13.556000000,2.523852,1,7.654041,5.000000,15
1359,50,9.125032,19561,13.568394179,13.570500000,2.105821,1,9.125032,5.000000,15
1360,50,9.794054,19561,13.583121468,13.585500000,2.378532,1,9.794054,5.000000,15
1362,50,9.876913,19561,13.596933701,13.602000000,5.066299,0,192.016905,5.000000,15
1363,50,10.984648,19561,13.610549141,13.613000000,2.450859,1,10.984648,5.000000,15
1364,50,9.983013,19561,13.623278790,13.625500000,2.221210,1,9.983013,5.000000,15
1365,50,11.264489,19561,13.636276199,13.638500000,2.223801,1,11.264489,5.000000,15
1366,50,10.714177,19561,13.653017551,13.655500000,2.482449,1,10.714177,5.000000,15
1367,50,11.661605,19561,13.666704848,13.669000000,2.295152,1,11.661605,5.000000,15
1369,50,12.346931,19561,13.679606519,13.682000000,2.393481,1,12.346931,5.000000,15
1370,50,12.066917,19561,13.697974007,13.700500000,2.525993,1,12.066917,5.000000,15
1371,50,10.996708,19561,13.710777906,13.713000000,2.222094,1,10.996708,5.000000,15
1372,50,11.570865,19561,13.726280120,13.728500000,2.219880,1,11.570865,5.000000,15
1373,50,10.850318,19561,13.738958199,13.741000000,2.041801,1,10.850318,5.000000,15
1374,50,11.144821,19561,13.753449070,13.755500000,2.050930,1,11.144821,5.000000,15
1376,50,10.719395,19561,13.766308257,13.768500000,2.191743,1,10.719395,5.000000,15
1378,50,8.883266,19561,13.779886095,13.782000000,2.113905,1,8.883266,5.000000,15
1379,50,8.720542,19561,13.792927115,13.795000000,2.072885,1,8.720542,5.000000,15
1381,50,8.158387,19561,13.806120091,13.808500000,2.379909,1,8.158387,5.000000,15
1382,50,11.202350,19561,13.820102315,13.822500000,2.397685,1,11.202350,5.000000,15
1383,50,10.712022,19561,13.832914645,13.835000000,2.085355,1,10.712022,5.000000,15
1384,50,9.472878,19561,13.847034158,13.849500000,2.465842,1,9.472878,5.000000,15
1385,50,10.246305,19561,13.859984271,13.862500000,2.515729,1,10.246305,5.000000,15
1387,50,9.842170,19561,13.874848377,13.877000000,2.151623,1,9.842170,5.000000,15
1389,50,11.406577,19561,13.889311096,13.891500000,2.188904,1,11.406577,5.000000,15
1390,50,10.878681,19561,13.902146823,13.904500000,2.353177,1,10.878681,5.000000,14
1391,50,7.470400,19561,13.915846556,13.918000000,2.153444,1,7.470400,5.000000,14
1392,50,8.208278,19561,13.929482841,13.932000000,2.517159,1,8.208278,5.000000,14
1395,50,10.608790,19561,13.946704179,13.949000000,2.295821,1,10.608790,5.000000,14
1396,50,11.874515,19561,13.960973993,13.963500000,2.526007,1,11.874515,5.000000,14
1397,50,10.310968,19561,13.973778157,13.976000000,2.221843,1,10.310968,5.000000,14
1398,50,11.805477,19561,13.989797296,13.992000000,2.202704,1,11.805477,5.000000,14
1399,50,10.949753,19561,14.005363350,14.007500000,2.136650,1,10.949753,5.000000,14
1400,50,11.229266,19561,14.019617738,14.022000000,2.382262,1,11.229266,5.000000,14
1401,50,10.718323,19561,14.033530411,14.036000000,2.469589,1,10.718323,5.000000,14
1402,50,12.205864,19561,14.047439462,14.049500000,2.060538,1,12.205864,5.000000,14
1403,50,9.356809,19561,14.060604407,14.063000000,2.395593,1,9.356809,5.000000,14
1406,50,10.187312,19561,14.074326337,14.076500000,2.173663,1,10.187312,5.000000,14
1407,50,9.361791,19561,14.087283564,14.089500000,2.216436,1,9.361791,5.000000,14
1408,50,10.685923,19561,14.100221739,14.102500000,2.278261,1,10.685923,5.000000,15
1409,50,10.825705,19561,14.114775430,14.117000000,2.224570,1,10.825705,5.000000,14
1410,50,9.598280,19561,14.128638297,14.131000000,2.361703,1,9.598280,5.000000,14
1411,50,9.692386,19561,14.142318376,14.144500000,2.181624,1,9.692386,5.000000,14
1413,50,9.832946,19561,14.156958117,14.159000000,2.041883,1,9.832946,5.000000,14
1414,50,10.585530,19561,14.170120258,14.172500000,2.379742,1,10.585530,5.000000,14
1415,50,11.508314,19561,14.183095456,14.185500000,2.404544,1,11.508314,5.000000,14
1417,50,7.558937,19561,14.197095377,14.199500000,2.404623,1,7.558937,5.000000,15
1418,50,9.976175,19561,14.211132142,14.213500000,2.367858,1,9.976175,5.000000,14
1419,50,8.014929,19561,14.225460154,14.227500000,2.039846,1,8.014929,5.000000,14
1421,50,8.642155,19561,14.238170249,14.240500000,2.329751,1,8.642155,5.000000,14
1422,50,8.057182,19561,14.251604657,14.254000000,2.395343,1,8.057182,5.000000,14
1425,50,7.609922,19561,14.264644459,14.267000000,2.355541,1,7.609922,5.000000,14
15,0,0,0,0,0,-1,0,192.016905,5.000000,0
18,0,0,0,0,0,-1,0,192.016905,5.000000,0
23,0,0,0,0,0,-1,0,192.016905,5.000000,0
29,0,0,0,0,0,-1,0,192.016905,5.000000,0
30,0,0,0,0,0,-1,0,192.016905,5.000000,0
31,0,0,0,0,0,-1,0,192.016905,5.000000,0
32,0,0,0,0,0,-1,0,192.016905,5.000000,0
43,0,0,0,0,0,-1,0,192.016905,5.000000,0
44,0,0,0,0,0,-1,0,192.016905,5.000000,0
48,0,0,0,0,0,-1,0,192.016905,5.000000,0
49,0,0,0,0,0,-1,0,192.016905,5.000000,0
51,0,0,0,0,0,-1,0,192.016905,5.000000,0
56,0,0,0,0,0,-1,0,192.016905,5.000000,0
58,0,0,0,0,0,-1,0,192.016905,5.000000,0
59,0,0,0,0,0,-1,0,192.016905,5.000000,0
63,0,0,0,0,0,-1,0,192.016905,5.000000,0
65,0,0,0,0,0,-1,0,192.016905,5.000000,0
67,0,0,0,0,0,-1,0,192.016905,5.000000,0
69,0,0,0,0,0,-1,0,192.016905,5.000000,0
70,0,0,0,0,0,-1,0,192.016905,5.000000,0
73,0,0,0,0,0,-1,0,192.016905,5.000000,0
76,0,0,0,0,0,-1,0,192.016905,5.000000,0
78,0,0,0,0,0,-1,0,192.016905,5.000000,0
81,0,0,0,0,0,-1,0,192.016905,5.000000,0
83,0,0,0,0,0,-1,0,192.016905,5.000000,0
86,0,0,0,0,0,-1,0,192.016905,5.000000,0
99,0,0,0,0,0,-1,0,192.016905,5.000000,0
101,0,0,0,0,0,-1,0,192.016905,5.000000,0
107,0,0,0,0,0,-1,0,192.016905,5.000000,0
111,0,0,0,0,0,-1,0,192.016905,5.000000,0
113,0,0,0,0,0,-1,0,192.016905,5.000000,0
115,0,0,0,0,0,-1,0,192.016905,5.000000,0
123,0,0,0,0,0,-1,0,192.016905,5.000000,0
124,0,0,0,0,0,-1,0,192.016905,5.000000,0
128,0,0,0,0,0,-1,0,192.016905,5.000000,0
135,0,0,0,0,0,-1,0,192.016905,5.000000,0
141,0,0,0,0,0,-1,0,192.016905,5.000000,0
147,0,0,0,0,0,-1,0,192.016905,5.000000,0
155,0,0,0,0,0,-1,0,192.016905,5.000000,0
162,0,0,0,0,0,-1,0,192.016905,5.000000,0
163,0,0,0,0,0,-1,0,192.016905,5.000000,0
168,0,0,0,0,0,-1,0,192.016905,5.000000,0
170,0,0,0,0,0,-1,0,192.016905,5.000000,0
173,0,0,0,0,0,-1,0,192.016905,5.000000,0
174,0,0,0,0,0,-1,0,192.016905,5.000000,0
175,0,0,0,0,0,-1,0,192.016905,5.000000,0
179,0,0,0,0,0,-1,0,192.016905,5.000000,0
184,0,0,0,0,0,-1,0,192.016905,5.000000,0
185,0,0,0,0,0,-1,0,192.016905,5.000000,0
188,0,0,0,0,0,-1,0,192.016905,5.000000,0
192,0,0,0,0,0,-1,0,192.016905,5.000000,0
196,0,0,0,0,0,-1,0,192.016905,5.000000,0
198,0,0,0,0,0,-1,0,192.016905,5.000000,0
199,0,0,0,0,0,-1,0,192.016905,5.000000,0
203,0,0,0,0,0,-1,0,192.016905,5.000000,0
208,0,0,0,0,0,-1,0,192.016905,5.000000,0
210,0,0,0,0,0,-1,0,192.016905,5.000000,0
214,0,0,0,0,0,-1,0,192.016905,5.000000,0
218,0,0,0,0,0,-1,0,192.016905,5.000000,0
220,0,0,0,0,0,-1,0,192.016905,5.000000,0
221,0,0,0,0,0,-1,0,192.016905,5.000000,0
231,0,0,0,0,0,-1,0,192.016905,5.000000,0
233,0,0,0,0,0,-1,0,192.016905,5.000000,0
236,0,0,0,0,0,-1,0,192.016905,5.000000,0
237,0,0,0,0,0,-1,0,192.016905,5.000000,0
239,0,0,0,0,0,-1,0,192.016905,5.000000,0
240,0,0,0,0,0,-1,0,192.016905,5.000000,0
244,0,0,0,0,0,-1,0,192.016905,5.000000,0
247,0,0,0,0,0,-1,0,192.016905,5.000000,0
251,0,0,0,0,0,-1,0,192.016905,5.000000,0
254,0,0,0,0,0,-1,0,192.016905,5.000000,0
259,0,0,0,0,0,-1,0,192.016905,5.000000,0
261,0,0,0,0,0,-1,0,192.016905,5.000000,0
265,0,0,0,0,0,-1,0,192.016905,5.000000,0
266,0,0,0,0,0,-1,0,192.016905,5.000000,0
270,0,0,0,0,0,-1,0,192.016905,5.000000,0
271,0,0,0,0,0,-1,0,192.016905,5.000000,0
274,0,0,0,0,0,-1,0,192.016905,5.000000,0
275,0,0,0,0,0,-1,0,192.016905,5.000000,0
277,0,0,0,0,0,-1,0,192.016905,5.000000,0
285,0,0,0,0,0,-1,0,192.016905,5.000000,0
286,0,0,0,0,0,-1,0,192.016905,5.000000,0
287,0,0,0,0,0,-1,0,192.016905,5.000000,0
289,0,0,0,0,0,-1,0,192.016905,5.000000,0
292,0,0,0,0,0,-1,0,192.016905,5.000000,0
297,0,0,0,0,0,-1,0,192.016905,5.000000,0
298,0,0,0,0,0,-1,0,192.016905,5.000000,0
300,0,0,0,0,0,-1,0,192.016905,5.000000,0
303,0,0,0,0,0,-1,0,192.016905,5.000000,0
306,0,0,0,0,0,-1,0,192.016905,5.000000,0
309,0,0,0,0,0,-1,0,192.016905,5.000000,0
310,0,0,0,0,0,-1,0,192.016905,5.000000,0
316,0,0,0,0,0,-1,0,192.016905,5.000000,0
322,0,0,0,0,0,-1,0,192.016905,5.000000,0
324,0,0,0,0,0,-1,0,192.016905,5.000000,0
326,0,0,0,0,0,-1,0,192.016905,5.000000,0
327,0,0,0,0,0,-1,0,192.016905,5.000000,0
331,0,0,0,0,0,-1,0,192.016905,5.000000,0
332,0,0,0,0,0,-1,0,192.016905,5.000000,0
339,0,0,0,0,0,-1,0,192.016905,5.000000,0
341,0,0,0,0,0,-1,0,192.016905,5.000000,0
342,0,0,0,0,0,-1,0,192.016905,5.000000,0
344,0,0,0,0,0,-1,0,192.016905,5.000000,0
346,0,0,0,0,0,-1,0,192.016905,5.000000,0
350,0,0,0,0,0,-1,0,192.016905,5.000000,0
351,0,0,0,0,0,-1,0,192.016905,5.000000,0
352,0,0,0,0,0,-1,0,192.016905,5.000000,0
353,0,0,0,0,0,-1,0,192.016905,5.000000,0
354,0,0,0,0,0,-1,0,192.016905,5.000000,0
358,0,0,0,0,0,-1,0,192.016905,5.000000,0
361,0,0,0,0,0,-1,0,192.016905,5.000000,0
363,0,0,0,0,0,-1,0,192.016905,5.000000,0
365,0,0,0,0,0,-1,0,192.016905,5.000000,0
366,0,0,0,0,0,-1,0,192.016905,5.000000,0
367,0,0,0,0,0,-1,0,192.016905,5.000000,0
371,0,0,0,0,0,-1,0,192.016905,5.000000,0
374,0,0,0,0,0,-1,0,192.016905,5.000000,0
380,0,0,0,0,0,-1,0,192.016905,5.000000,0
381,0,0,0,0,0,-1,0,192.016905,5.000000,0
382,0,0,0,0,0,-1,0,192.016905,5.000000,0
383,0,0,0,0,0,-1,0,192.016905,5.000000,0
394,0,0,0,0,0,-1,0,192.016905,5.000000,0
405,0,0,0,0,0,-1,0,192.016905,5.000000,0
411,0,0,0,0,0,-1,0,192.016905,5.000000,0
413,0,0,0,0,0,-1,0,192.016905,5.000000,0
415,0,0,0,0,0,-1,0,192.016905,5.000000,0
416,0,0,0,0,0,-1,0,192.016905,5.000000,0
420,0,0,0,0,0,-1,0,192.016905,5.000000,0
422,0,0,0,0,0,-1,0,192.016905,5.000000,0
425,0,0,0,0,0,-1,0,192.016905,5.000000,0
426,0,0,0,0,0,-1,0,192.016905,5.000000,0
427,0,0,0,0,0,-1,0,192.016905,5.000000,0
428,0,0,0,0,0,-1,0,192.016905,5.000000,0
429,0,0,0,0,0,-1,0,192.016905,5.000000,0
432,0,0,0,0,0,-1,0,192.016905,5.000000,0
433,0,0,0,0,0,-1,0,192.016905,5.000000,0
438,0,0,0,0,0,-1,0,192.016905,5.000000,0
439,0,0,0,0,0,-1,0,192.016905,5.000000,0
450,0,0,0,0,0,-1,0,192.016905,5.000000,0
451,0,0,0,0,0,-1,0,192.016905,5.000000,0
453,0,0,0,0,0,-1,0,192.016905,5.000000,0
462,0,0,0,0,0,-1,0,192.016905,5.000000,0
464,0,0,0,0,0,-1,0,192.016905,5.000000,0
468,0,0,0,0,0,-1,0,192.016905,5.000000,0
471,0,0,0,0,0,-1,0,192.016905,5.000000,0
478,0,0,0,0,0,-1,0,192.016905,5.000000,0
479,0,0,0,0,0,-1,0,192.016905,5.000000,0
481,0,0,0,0,0,-1,0,192.016905,5.000000,0
482,0,0,0,0,0,-1,0,192.016905,5.000000,0
483,0,0,0,0,0,-1,0,192.016905,5.000000,0
485,0,0,0,0,0,-1,0,192.016905,5.000000,0
486,0,0,0,0,0,-1,0,192.016905,5.000000,0
490,0,0,0,0,0,-1,0,192.016905,5.000000,0
493,0,0,0,0,0,-1,0,192.016905,5.000000,0
494,0,0,0,0,0,-1,0,192.016905,5.000000,0
495,0,0,0,0,0,-1,0,192.016905,5.000000,0
497,0,0,0,0,0,-1,0,192.016905,5.000000,0
500,0,0,0,0,0,-1,0,192.016905,5.000000,0
506,0,0,0,0,0,-1,0,192.016905,5.000000,0
513,0,0,0,0,0,-1,0,192.016905,5.000000,0
514,0,0,0,0,0,-1,0,192.016905,5.000000,0
518,0,0,0,0,0,-1,0,192.016905,5.000000,0
522,0,0,0,0,0,-1,0,192.016905,5.000000,0
526,0,0,0,0,0,-1,0,192.016905,5.000000,0
527,0,0,0,0,0,-1,0,192.016905,5.000000,0
528,0,0,0,0,0,-1,0,192.016905,5.000000,0
529,0,0,0,0,0,-1,0,192.016905,5.000000,0
532,0,0,0,0,0,-1,0,192.016905,5.000000,0
534,0,0,0,0,0,-1,0,192.016905,5.000000,0
535,0,0,0,0,0,-1,0,192.016905,5.000000,0
538,0,0,0,0,0,-1,0,192.016905,5.000000,0
543,0,0,0,0,0,-1,0,192.016905,5.000000,0
544,0,0,0,0,0,-1,0,192.016905,5.000000,0
548,0,0,0,0,0,-1,0,192.016905,5.000000,0
551,0,0,0,0,0,-1,0,192.016905,5.000000,0
552,0,0,0,0,0,-1,0,192.016905,5.000000,0
554,0,0,0,0,0,-1,0,192.016905,5.000000,0
560,0,0,0,0,0,-1,0,192.016905,5.000000,0
567,0,0,0,0,0,-1,0,192.016905,5.000000,0
570,0,0,0,0,0,-1,0,192.016905,5.000000,0
576,0,0,0,0,0,-1,0,192.016905,5.000000,0
578,0,0,0,0,0,-1,0,192.016905,5.000000,0
582,0,0,0,0,0,-1,0,192.016905,5.000000,0
583,0,0,0,0,0,-1,0,192.016905,5.000000,0
585,0,0,0,0,0,-1,0,192.016905,5.000000,0
588,0,0,0,0,0,-1,0,192.016905,5.000000,0
589,0,0,0,0,0,-1,0,192.016905,5.000000,0
590,0,0,0,0,0,-1,0,192.016905,5.000000,0
591,0,0,0,0,0,-1,0,192.016905,5.000000,0
596,0,0,0,0,0,-1,0,192.016905,5.000000,0
597,0,0,0,0,0,-1,0,192.016905,5.000000,0
598,0,0,0,0,0,-1,0,192.016905,5.000000,0
602,0,0,0,0,0,-1,0,192.016905,5.000000,0
607,0,0,0,0,0,-1,0,192.016905,5.000000,0
610,0,0,0,0,0,-1,0,192.016905,5.000000,0
614,0,0,0,0,0,-1,0,192.016905,5.000000,0
619,0,0,0,0,0,-1,0,192.016905,5.000000,0
621,0,0,0,0,0,-1,0,192.016905,5.000000,0
626,0,0,0,0,0,-1,0,192.016905,5.000000,0
628,0,0,0,0,0,-1,0,192.016905,5.000000,0
634,0,0,0,0,0,-1,0,192.016905,5.000000,0
643,0,0,0,0,0,-1,0,192.016905,5.000000,0
649,0,0,0,0,0,-1,0,192.016905,5.000000,0
668,0,0,0,0,0,-1,0,192.016905,5.000000,0
670,0,0,0,0,0,-1,0,192.016905,5.000000,0
674,0,0,0,0,0,-1,0,192.016905,5.000000,0
678,0,0,0,0,0,-1,0,192.016905,5.000000,0
679,0,0,0,0,0,-1,0,192.016905,5.000000,0
680,0,0,0,0,0,-1,0,192.016905,5.000000,0
682,0,0,0,0,0,-1,0,192.016905,5.000000,0
692,0,0,0,0,0,-1,0,192.016905,5.000000,0
700,0,0,0,0,0,-1,0,192.016905,5.000000,0
705,0,0,0,0,0,-1,0,192.016905,5.000000,0
706,0,0,0,0,0,-1,0,192.016905,5.000000,0
707,0,0,0,0,0,-1,0,192.016905,5.000000,0
710,0,0,0,0,0,-1,0,192.016905,5.000000,0
712,0,0,0,0,0,-1,0,192.016905,5.000000,0
715,0,0,0,0,0,-1,0,192.016905,5.000000,0
722,0,0,0,0,0,-1,0,192.016905,5.000000,0
724,0,0,0,0,0,-1,0,192.016905,5.000000,0
727,0,0,0,0,0,-1,0,192.016905,5.000000,0
736,0,0,0,0,0,-1,0,192.016905,5.000000,0
741,0,0,0,0,0,-1,0,192.016905,5.000000,0
743,0,0,0,0,0,-1,0,192.016905,5.000000,0
752,0,0,0,0,0,-1,0,192.016905,5.000000,0
754,0,0,0,0,0,-1,0,192.016905,5.000000,0
756,0,0,0,0,0,-1,0,192.016905,5.000000,0
757,0,0,0,0,0,-1,0,192.016905,5.000000,0
765,0,0,0,0,0,-1,0,192.016905,5.000000,0
777,0,0,0,0,0,-1,0,192.016905,5.000000,0
780,0,0,0,0,0,-1,0,192.016905,5.000000,0
782,0,0,0,0,0,-1,0,192.016905,5.000000,0
785,0,0,0,0,0,-1,0,192.016905,5.000000,0
786,0,0,0,0,0,-1,0,192.016905,5.000000,0
788,0,0,0,0,0,-1,0,192.016905,5.000000,0
793,0,0,0,0,0,-1,0,192.016905,5.000000,0
798,0,0,0,0,0,-1,0,192.016905,5.000000,0
803,0,0,0,0,0,-1,0,192.016905,5.000000,0
806,0,0,0,0,0,-1,0,192.016905,5.000000,0
807,0,0,0,0,0,-1,0,192.016905,5.000000,0
808,0,0,0,0,0,-1,0,192.016905,5.000000,0
810,0,0,0,0,0,-1,0,192.016905,5.000000,0
816,0,0,0,0,0,-1,0,192.016905,5.000000,0
817,0,0,0,0,0,-1,0,192.016905,5.000000,0
819,0,0,0,0,0,-1,0,192.016905,5.000000,0
820,0,0,0,0,0,-1,0,192.016905,5.000000,0
829,0,0,0,0,0,-1,0,192.016905,5.000000,0
834,0,0,0,0,0,-1,0,192.016905,5.000000,0
836,0,0,0,0,0,-1,0,192.016905,5.000000,0
841,0,0,0,0,0,-1,0,192.016905,5.000000,0
844,0,0,0,0,0,-1,0,192.016905,5.000000,0
846,0,0,0,0,0,-1,0,192.016905,5.000000,0
847,0,0,0,0,0,-1,0,192.016905,5.000000,0
855,0,0,0,0,0,-1,0,192.016905,5.000000,0
858,0,0,0,0,0,-1,0,192.016905,5.000000,0
861,0,0,0,0,0,-1,0,192.016905,5.000000,0
864,0,0,0,0,0,-1,0,192.016905,5.000000,0
873,0,0,0,0,0,-1,0,192.016905,5.000000,0
874,0,0,0,0,0,-1,0,192.016905,5.000000,0
889,0,0,0,0,0,-1,0,192.016905,5.000000,0
892,0,0,0,0,0,-1,0,192.016905,5.000000,0
893,0,0,0,0,0,-1,0,192.016905,5.000000,0
898,0,0,0,0,0,-1,0,192.016905,5.000000,0
899,0,0,0,0,0,-1,0,192.016905,5.000000,0
903,0,0,0,0,0,-1,0,192.016905,5.000000,0
904,0,0,0,0,0,-1,0,192.016905,5.000000,0
906,0,0,0,0,0,-1,0,192.016905,5.000000,0
914,0,0,0,0,0,-1,0,192.016905,5.000000,0
915,0,0,0,0,0,-1,0,192.016905,5.000000,0
917,0,0,0,0,0,-1,0,192.016905,5.000000,0
921,0,0,0,0,0,-1,0,192.016905,5.000000,0
923,0,0,0,0,0,-1,0,192.016905,5.000000,0
925,0,0,0,0,0,-1,0,192.016905,5.000000,0
926,0,0,0,0,0,-1,0,192.016905,5.000000,0
930,0,0,0,0,0,-1,0,192.016905,5.000000,0
937,0,0,0,0,0,-1,0,192.016905,5.000000,0
939,0,0,0,0,0,-1,0,192.016905,5.000000,0
942,0,0,0,0,0,-1,0,192.016905,5.000000,0
943,0,0,0,0,0,-1,0,192.016905,5.000000,0
946,0,0,0,0,0,-1,0,192.016905,5.000000,0
948,0,0,0,0,0,-1,0,192.016905,5.000000,0
949,0,0,0,0,0,-1,0,192.016905,5.000000,0
958,0,0,0,0,0,-1,0,192.016905,5.000000,0
963,0,0,0,0,0,-1,0,192.016905,5.000000,0
964,0,0,0,0,0,-1,0,192.016905,5.000000,0
966,0,0,0,0,0,-1,0,192.016905,5.000000,0
968,0,0,0,0,0,-1,0,192.016905,5.000000,0
982,0,0,0,0,0,-1,0,192.016905,5.000000,0
986,0,0,0,0,0,-1,0,192.016905,5.000000,0
987,0,0,0,0,0,-1,0,192.016905,5.000000,0
989,0,0,0,0,0,-1,0,192.016905,5.000000,0
997,0,0,0,0,0,-1,0,192.016905,5.000000,0
1006,0,0,0,0,0,-1,0,192.016905,5.000000,0
1007,0,0,0,0,0,-1,0,192.016905,5.000000,0
1010,0,0,0,0,0,-1,0,192.016905,5.000000,0
1022,0,0,0,0,0,-1,0,192.016905,5.000000,0
1023,0,0,0,0,0,-1,0,192.016905,5.000000,0
1024,0,0,0,0,0,-1,0,192.016905,5.000000,0
1029,0,0,0,0,0,-1,0,192.016905,5.000000,0
1030,0,0,0,0,0,-1,0,192.016905,5.000000,0
1031,0,0,0,0,0,-1,0,192.016905,5.000000,0
1035,0,0,0,0,0,-1,0,192.016905,5.000000,0
1040,0,0,0,0,0,-1,0,192.016905,5.000000,0
1047,0,0,0,0,0,-1,0,192.016905,5.000000,0
1054,0,0,0,0,0,-1,0,192.016905,5.000000,0
1057,0,0,0,0,0,-1,0,192.016905,5.000000,0
1063,0,0,0,0,0,-1,0,192.016905,5.000000,0
1065,0,0,0,0,0,-1,0,192.016905,5.000000,0
1073,0,0,0,0,0,-1,0,192.016905,5.000000,0
1075,0,0,0,0,0,-1,0,192.016905,5.000000,0
1079,0,0,0,0,0,-1,0,192.016905,5.000000,0
1080,0,0,0,0,0,-1,0,192.016905,5.000000,0
1083,0,0,0,0,0,-1,0,192.016905,5.000000,0
1085,0,0,0,0,0,-1,0,192.016905,5.000000,0
1093,0,0,0,0,0,-1,0,192.016905,5.000000,0
1094,0,0,0,0,0,-1,0,192.016905,5.000000,0
1096,0,0,0,0,0,-1,0,192.016905,5.000000,0
1097,0,0,0,0,0,-1,0,192.016905,5.000000,0
1100,0,0,0,0,0,-1,0,192.016905,5.000000,0
1101,0,0,0,0,0,-1,0,192.016905,5.000000,0
1105,0,0,0,0,0,-1,0,192.016905,5.000000,0
1107,0,0,0,0,0,-1,0,192.016905,5.000000,0
1110,0,0,0,0,0,-1,0,192.016905,5.000000,0
1111,0,0,0,0,0,-1,0,192.016905,5.000000,0
1112,0,0,0,0,0,-1,0,192.016905,5.000000,0
1113,0,0,0,0,0,-1,0,192.016905,5.000000,0
1114,0,0,0,0,0,-1,0,192.016905,5.000000,0
1117,0,0,0,0,0,-1,0,192.016905,5.000000,0
1118,0,0,0,0,0,-1,0,192.016905,5.000000,0
1120,0,0,0,0,0,-1,0,192.016905,5.000000,0
1121,0,0,0,0,0,-1,0,192.016905,5.000000,0
1125,0,0,0,0,0,-1,0,192.016905,5.000000,0
1128,0,0,0,0,0,-1,0,192.016905,5.000000,0
1133,0,0,0,0,0,-1,0,192.016905,5.000000,0
1140,0,0,0,0,0,-1,0,192.016905,5.000000,0
1142,0,0,0,0,0,-1,0,192.016905,5.000000,0
1145,0,0,0,0,0,-1,0,192.016905,5.000000,0
1157,0,0,0,0,0,-1,0,192.016905,5.000000,0
1159,0,0,0,0,0,-1,0,192.016905,5.000000,0
1160,0,0,0,0,0,-1,0,192.016905,5.000000,0
1161,0,0,0,0,0,-1,0,192.016905,5.000000,0
1168,0,0,0,0,0,-1,0,192.016905,5.000000,0
1170,0,0,0,0,0,-1,0,192.016905,5.000000,0
1173,0,0,0,0,0,-1,0,192.016905,5.000000,0
1174,0,0,0,0,0,-1,0,192.016905,5.000000,0
1176,0,0,0,0,0,-1,0,192.016905,5.000000,0
1177,0,0,0,0,0,-1,0,192.016905,5.000000,0
1178,0,0,0,0,0,-1,0,192.016905,5.000000,0
1188,0,0,0,0,0,-1,0,192.016905,5.000000,0
1190,0,0,0,0,0,-1,0,192.016905,5.000000,0
1192,0,0,0,0,0,-1,0,192.016905,5.000000,0
1193,0,0,0,0,0,-1,0,192.016905,5.000000,0
1201,0,0,0,0,0,-1,0,192.016905,5.000000,0
1202,0,0,0,0,0,-1,0,192.016905,5.000000,0
1203,0,0,0,0,0,-1,0,192.016905,5.000000,0
1210,0,0,0,0,0,-1,0,192.016905,5.000000,0
1214,0,0,0,0,0,-1,0,192.016905,5.000000,0
1216,0,0,0,0,0,-1,0,192.016905,5.000000,0
1220,0,0,0,0,0,-1,0,192.016905,5.000000,0
1221,0,0,0,0,0,-1,0,192.016905,5.000000,0
1226,0,0,0,0,0,-1,0,192.016905,5.000000,0
1230,0,0,0,0,0,-1,0,192.016905,5.000000,0
1231,0,0,0,0,0,-1,0,192.016905,5.000000,0
1233,0,0,0,0,0,-1,0,192.016905,5.000000,0
1234,0,0,0,0,0,-1,0,192.016905,5.000000,0
1235,0,0,0,0,0,-1,0,192.016905,5.000000,0
1237,0,0,0,0,0,-1,0,192.016905,5.000000,0
1242,0,0,0,0,0,-1,0,192.016905,5.000000,0
1253,0,0,0,0,0,-1,0,192.016905,5.000000,0
1261,0,0,0,0,0,-1,0,192.016905,5.000000,0
1262,0,0,0,0,0,-1,0,192.016905,5.000000,0
1263,0,0,0,0,0,-1,0,192.016905,5.000000,0
1265,0,0,0,0,0,-1,0,192.016905,5.000000,0
1270,0,0,0,0,0,-1,0,192.016905,5.000000,0
1271,0,0,0,0,0,-1,0,192.016905,5.000000,0
1273,0,0,0,0,0,-1,0,192.016905,5.000000,0
1277,0,0,0,0,0,-1,0,192.016905,5.000000,0
1278,0,0,0,0,0,-1,0,192.016905,5.000000,0
1281,0,0,0,0,0,-1,0,192.016905,5.000000,0
1283,0,0,0,0,0,-1,0,192.016905,5.000000,0
1286,0,0,0,0,0,-1,0,192.016905,5.000000,0
1288,0,0,0,0,0,-1,0,192.016905,5.000000,0
1289,0,0,0,0,0,-1,0,192.016905,5.000000,0
1292,0,0,0,0,0,-1,0,192.016905,5.000000,0
1301,0,0,0,0,0,-1,0,192.016905,5.000000,0
1302,0,0,0,0,0,-1,0,192.016905,5.000000,0
1303,0,0,0,0,0,-1,0,192.016905,5.000000,0
1304,0,0,0,0,0,-1,0,192.016905,5.000000,0
1307,0,0,0,0,0,-1,0,192.016905,5.000000,0
1308,0,0,0,0,0,-1,0,192.016905,5.000000,0
1311,0,0,0,0,0,-1,0,192.016905,5.000000,0
1312,0,0,0,0,0,-1,0,192.016905,5.000000,0
1313,0,0,0,0,0,-1,0,192.016905,5.000000,0
1315,0,0,0,0,0,-1,0,192.016905,5.000000,0
1316,0,0,0,0,0,-1,0,192.016905,5.000000,0
1318,0,0,0,0,0,-1,0,192.016905,5.000000,0
1322,0,0,0,0,0,-1,0,192.016905,5.000000,0
1323,0,0,0,0,0,-1,0,192.016905,5.000000,0
1330,0,0,0,0,0,-1,0,192.016905,5.000000,0
1336,0,0,0,0,0,-1,0,192.016905,5.000000,0
1338,0,0,0,0,0,-1,0,192.016905,5.000000,0
1339,0,0,0,0,0,-1,0,192.016905,5.000000,0
1340,0,0,0,0,0,-1,0,192.016905,5.000000,0
1341,0,0,0,0,0,-1,0,192.016905,5.000000,0
1345,0,0,0,0,0,-1,0,192.016905,5.000000,0
1348,0,0,0,0,0,-1,0,192.016905,5.000000,0
1353,0,0,0,0,0,-1,0,192.016905,5.000000,0
1355,0,0,0,0,0,-1,0,192.016905,5.000000,0
1356,0,0,0,0,0,-1,0,192.016905,5.000000,0
1358,0,0,0,0,0,-1,0,192.016905,5.000000,0
1361,0,0,0,0,0,-1,0,192.016905,5.000000,0
1368,0,0,0,0,0,-1,0,192.016905,5.000000,0
1375,0,0,0,0,0,-1,0,192.016905,5.000000,0
1377,0,0,0,0,0,-1,0,192.016905,5.000000,0
1380,0,0,0,0,0,-1,0,192.016905,5.000000,0
1386,0,0,0,0,0,-1,0,192.016905,5.000000,0
1388,0,0,0,0,0,-1,0,192.016905,5.000000,0
1393,0,0,0,0,0,-1,0,192.016905,5.000000,0
1394,0,0,0,0,0,-1,0,192.016905,5.000000,0
1404,0,0,0,0,0,-1,0,192.016905,5.000000,0
1405,0,0,0,0,0,-1,0,192.016905,5.000000,0
1412,0,0,0,0,0,-1,0,192.016905,5.000000,0
1416,0,0,0,0,0,-1,0,192.016905,5.000000,0
1420,0,0,0,0,0,-1,0,192.016905,5.000000,0
1423,0,0,0,0,0,-1,0,192.016905,5.000000,0
1424,0,0,0,0,0,-1,0,192.016905,5.000000,0
1426,0,0,0,0,0,-1,0,192.016905,5.000000,0
1427,0,0,0,0,0,-1,0,192.016905,5.000000,0
1428,0,0,0,0,0,-1,0,192.016905,5.000000,0
1429,0,0,0,0,0,-1,0,192.016905,5.000000,0
1430,0,0,0,0,0,-1,0,192.016905,5.000000,0
1431,0,0,0,0,0,-1,0,192.016905,5.000000,0
1432,0,0,0,0,0,-1,0,192.016905,5.000000,0
1433,0,0,0,0,0,-1,0,192.016905,5.000000,0
1434,0,0,0,0,0,-1,0,192.016905,5.000000,0
1435,0,0,0,0,0,-1,0,192.016905,5.000000,0
1436,0,0,0,0,0,-1,0,192.016905,5.000000,0
1437,0,0,0,0,0,-1,0,192.016905,5.000000,0
1438,0,0,0,0,0,-1,0,192.016905,5.000000,0
1439,0,0,0,0,0,-1,0,192.016905,5.000000,0
1440,0,0,0,0,0,-1,0,192.016905,5.000000,0
1441,0,0,0,0,0,-1,0,192.016905,5.000000,0
1442,0,0,0,0,0,-1,0,192.016905,5.000000,0
1443,0,0,0,0,0,-1,0,192.016905,5.000000,0
1444,0,0,0,0,0,-1,0,192.016905,5.000000,0
1445,0,0,0,0,0,-1,0,192.016905,5.000000,0
1446,0,0,0,0,0,-1,0,192.016905,5.000000,0
1447,0,0,0,0,0,-1,0,192.016905,5.000000,0
1448,0,0,0,0,0,-1,0,192.016905,5.000000,0
1449,0,0,0,0,0,-1,0,192.016905,5.000000,0
1450,0,0,0,0,0,-1,0,192.016905,5.000000,0
1451,0,0,0,0,0,-1,0,192.016905,5.000000,0
1452,0,0,0,0,0,-1,0,192.016905,5.000000,0
1453,0,0,0,0,0,-1,0,192.016905,5.000000,0
1454,0,0,0,0,0,-1,0,192.016905,5.000000,0
1455,0,0,0,0,0,-1,0,192.016905,5.000000,0
1456,0,0,0,0,0,-1,0,192.016905,5.000000,0
1457,0,0,0,0,0,-1,0,192.016905,5.000000,0
1458,0,0,0,0,0,-1,0,192.016905,5.000000,0
1459,0,0,0,0,0,-1,0,192.016905,5.000000,0
1460,0,0,0,0,0,-1,0,192.016905,5.000000,0
1461,0,0,0,0,0,-1,0,192.016905,5.000000,0
1462,0,0,0,0,0,-1,0,192.016905,5.000000,0
1463,0,0,0,0,0,-1,0,192.016905,5.000000,0
1464,0,0,0,0,0,-1,0,192.016905,5.000000,0
1465,0,0,0,0,0,-1,0,192.016905,5.000000,0
1466,0,0,0,0,0,-1,0,192.016905,5.000000,0
1467,0,0,0,0,0,-1,0,192.016905,5.000000,0
1468,0,0,0,0,0,-1,0,192.016905,5.000000,0
1469,0,0,0,0,0,-1,0,192.016905,5.000000,0
1470,0,0,0,0,0,-1,0,192.016905,5.000000,0
1471,0,0,0,0,0,-1,0,192.016905,5.000000,0
1472,0,0,0,0,0,-1,0,192.016905,5.000000,0
1473,0,0,0,0,0,-1,0,192.016905,5.000000,0
1474,0,0,0,0,0,-1,0,192.016905,5.000000,0
1475,0,0,0,0,0,-1,0,192.016905,5.000000,0
1476,0,0,0,0,0,-1,0,192.016905,5.000000,0
1477,0,0,0,0,0,-1,0,192.016905,5.000000,0
1478,0,0,0,0,0,-1,0,192.016905,5.000000,0
1479,0,0,0,0,0,-1,0,192.016905,5.000000,0
1480,0,0,0,0,0,-1,0,192.016905,5.000000,0
1481,0,0,0,0,0,-1,0,192.016905,5.000000,0
1482,0,0,0,0,0,-1,0,192.016905,5.000000,0
1483,0,0,0,0,0,-1,0,192.016905,5.000000,0
1484,0,0,0,0,0,-1,0,192.016905,5.000000,0
1485,0,0,0,0,0,-1,0,192.016905,5.000000,0
1486,0,0,0,0,0,-1,0,192.016905,5.000000,0
1487,0,0,0,0,0,-1,0,192.016905,5.000000,0
1488,0,0,0,0,0,-1,0,192.016905,5.000000,0
1489,0,0,0,0,0,-1,0,192.016905,5.000000,0
1490,0,0,0,0,0,-1,0,192.016905,5.000000,0
1491,0,0,0,0,0,-1,0,192.016905,5.000000,0
1492,0,0,0,0,0,-1,0,192.016905,5.000000,0
1493,0,0,0,0,0,-1,0,192.016905,5.000000,0
1494,0,0,0,0,0,-1,0,192.016905,5.000000,0
1495,0,0,0,0,0,-1,0,192.016905,5.000000,0
1496,0,0,0,0,0,-1,0,192.016905,5.000000,0
1497,0,0,0,0,0,-1,0,192.016905,5.000000,0
1498,0,0,0,0,0,-1,0,192.016905,5.000000,0
1499,0,0,0,0,0,-1,0,192.016905,5.000000,0
1500,0,0,0,0,0,-1,0,192.016905,5.000000,0
1501,0,0,0,0,0,-1,0,192.016905,5.000000,0
1502,0,0,0,0,0,-1,0,192.016905,5.000000,0
1503,0,0,0,0,0,-1,0,192.016905,5.000000,0
1504,0,0,0,0,0,-1,0,192.016905,5.000000,0
1505,0,0,0,0,0,-1,0,192.016905,5.000000,0
1506,0,0,0,0,0,-1,0,192.016905,5.000000,0
1507,0,0,0,0,0,-1,0,192.016905,5.000000,0
1508,0,0,0,0,0,-1,0,192.016905,5.000000,0
1509,0,0,0,0,0,-1,0,192.016905,5.000000,0
1510,0,0,0,0,0,-1,0,192.016905,5.000000,0
1511,0,0,0,0,0,-1,0,192.016905,5.000000,0
1512,0,0,0,0,0,-1,0,192.016905,5.000000,0
1513,0,0,0,0,0,-1,0,192.016905,5.000000,0
1514,0,0,0,0,0,-1,0,192.016905,5.000000,0
1515,0,0,0,0,0,-1,0,192.016905,5.000000,0
1516,0,0,0,0,0,-1,0,192.016905,5.000000,0
1517,0,0,0,0,0,-1,0,192.016905,5.000000,0
1518,0,0,0,0,0,-1,0,192.016905,5.000000,0
1519,0,0,0,0,0,-1,0,192.016905,5.000000,0
1520,0,0,0,0,0,-1,0,192.016905,5.000000,0
1521,0,0,0,0,0,-1,0,192.016905,5.000000,0
1522,0,0,0,0,0,-1,0,192.016905,5.000000,0
1523,0,0,0,0,0,-1,0,192.016905,5.000000,0
1524,0,0,0,0,0,-1,0,192.016905,5.000000,0
1525,0,0,0,0,0,-1,0,192.016905,5.000000,0
1526,0,0,0,0,0,-1,0,192.016905,5.000000,0
1527,0,0,0,0,0,-1,0,192.016905,5.000000,0
1528,0,0,0,0,0,-1,0,192.016905,5.000000,0
1529,0,0,0,0,0,-1,0,192.016905,5.000000,0
1530,0,0,0,0,0,-1,0,192.016905,5.000000,0
1531,0,0,0,0,0,-1,0,192.016905,5.000000,0
1532,0,0,0,0,0,-1,0,192.016905,5.000000,0
1533,0,0,0,0,0,-1,0,192.016905,5.000000,0
1534,0,0,0,0,0,-1,0,192.016905,5.000000,0
1535,0,0,0,0,0,-1,0,192.016905,5.000000,0
1536,0,0,0,0,0,-1,0,192.016905,5.000000,0
1537,0,0,0,0,0,-1,0,192.016905,5.000000,0
1538,0,0,0,0,0,-1,0,192.016905,5.000000,0
1539,0,0,0,0,0,-1,0,192.016905,5.000000,0
1540,0,0,0,0,0,-1,0,192.016905,5.000000,0
1541,0,0,0,0,0,-1,0,192.016905,5.000000,0
1542,0,0,0,0,0,-1,0,192.016905,5.000000,0
1543,0,0,0,0,0,-1,0,192.016905,5.000000,0
1544,0,0,0,0,0,-1,0,192.016905,5.000000,0
1545,0,0,0,0,0,-1,0,192.016905,5.000000,0
1546,0,0,0,0,0,-1,0,192.016905,5.000000,0
1547,0,0,0,0,0,-1,0,192.016905,5.000000,0
1548,0,0,0,0,0,-1,0,192.016905,5.000000,0
1549,0,0,0,0,0,-1,0,192.016905,5.000000,0
1550,0,0,0,0,0,-1,0,192.016905,5.000000,0
1551,0,0,0,0,0,-1,0,192.016905,5.000000,0
1552,0,0,0,0,0,-1,0,192.016905,5.000000,0
1553,0,0,0,0,0,-1,0,192.016905,5.000000,0
1554,0,0,0,0,0,-1,0,192.016905,5.000000,0
1555,0,0,0,0,0,-1,0,192.016905,5.000000,0
1556,0,0,0,0,0,-1,0,192.016905,5.000000,0
1557,0,0,0,0,0,-1,0,192.016905,5.000000,0
1558,0,0,0,0,0,-1,0,192.016905,5.000000,0
1559,0,0,0,0,0,-1,0,192.016905,5.000000,0
1560,0,0,0,0,0,-1,0,192.016905,5.000000,0
1561,0,0,0,0,0,-1,0,192.016905,5.000000,0
1562,0,0,0,0,0,-1,0,192.016905,5.000000,0
1563,0,0,0,0,0,-1,0,192.016905,5.000000,0
1564,0,0,0,0,0,-1,0,192.016905,5.000000,0
1565,0,0,0,0,0,-1,0,192.016905,5.000000,0
1566,0,0,0,0,0,-1,0,192.016905,5.000000,0
1567,0,0,0,0,0,-1,0,192.016905,5.000000,0
1568,0,0,0,0,0,-1,0,192.016905,5.000000,0
1569,0,0,0,0,0,-1,0,192.016905,5.000000,0
1570,0,0,0,0,0,-1,0,192.016905,5.000000,0
1571,0,0,0,0,0,-1,0,192.016905,5.000000,0
1572,0,0,0,0,0,-1,0,192.016905,5.000000,0
1573,0,0,0,0,0,-1,0,192.016905,5.000000,0
1574,0,0,0,0,0,-1,0,192.016905,5.000000,0
1575,0,0,0,0,0,-1,0,192.016905,5.000000,0
1576,0,0,0,0,0,-1,0,192.016905,5.000000,0
1577,0,0,0,0,0,-1,0,192.016905,5.000000,0
1578,0,0,0,0,0,-1,0,192.016905,5.000000,0
1579,0,0,0,0,0,-1,0,192.016905,5.000000,0
1580,0,0,0,0,0,-1,0,192.016905,5.000000,0
1581,0,0,0,0,0,-1,0,192.016905,5.000000,0
1582,0,0,0,0,0,-1,0,192.016905,5.000000,0
1583,0,0,0,0,0,-1,0,192.016905,5.000000,0
1584,0,0,0,0,0,-1,0,192.016905,5.000000,0
1585,0,0,0,0,0,-1,0,192.016905,5.000000,0
1586,0,0,0,0,0,-1,0,192.016905,5.000000,0
1587,0,0,0,0,0,-1,0,192.016905,5.000000,0
1588,0,0,0,0,0,-1,0,192.016905,5.000000,0
1589,0,0,0,0,0,-1,0,192.016905,5.000000,0
1590,0,0,0,0,0,-1,0,192.016905,5.000000,0
1591,0,0,0,0,0,-1,0,192.016905,5.000000,0
1592,0,0,0,0,0,-1,0,192.016905,5.000000,0
1593,0,0,0,0,0,-1,0,192.016905,5.000000,0
1594,0,0,0,0,0,-1,0,192.016905,5.000000,0
1595,0,0,0,0,0,-1,0,192.016905,5.000000,0
1596,0,0,0,0,0,-1,0,192.016905,5.000000,0
1597,0,0,0,0,0,-1,0,192.016905,5.000000,0
1598,0,0,0,0,0,-1,0,192.016905,5.000000,0
1599,0,0,0,0,0,-1,0,192.016905,5.000000,0
1600,0,0,0,0,0,-1,0,192.016905,5.000000,0
1601,0,0,0,0,0,-1,0,192.016905,5.000000,0
1602,0,0,0,0,0,-1,0,192.016905,5.000000,0
1603,0,0,0,0,0,-1,0,192.016905,5.000000,0
1604,0,0,0,0,0,-1,0,192.016905,5.000000,0
1605,0,0,0,0,0,-1,0,192.016905,5.000000,0
1606,0,0,0,0,0,-1,0,192.016905,5.000000,0
1607,0,0,0,0,0,-1,0,192.016905,5.000000,0
1608,0,0,0,0,0,-1,0,192.016905,5.000000,0
1609,0,0,0,0,0,-1,0,192.016905,5.000000,0
1610,0,0,0,0,0,-1,0,192.016905,5.000000,0
1611,0,0,0,0,0,-1,0,192.016905,5.000000,0
1612,0,0,0,0,0,-1,0,192.016905,5.000000,0
1613,0,0,0,0,0,-1,0,192.016905,5.000000,0
1614,0,0,0,0,0,-1,0,192.016905,5.000000,0
1615,0,0,0,0,0,-1,0,192.016905,5.000000,0
1616,0,0,0,0,0,-1,0,192.016905,5.000000,0
1617,0,0,0,0,0,-1,0,192.016905,5.000000,0
1618,0,0,0,0,0,-1,0,192.016905,5.000000,0
1619,0,0,0,0,0,-1,0,192.016905,5.000000,0
1620,0,0,0,0,0,-1,0,192.016905,5.000000,0
1621,0,0,0,0,0,-1,0,192.016905,5.000000,0
1622,0,0,0,0,0,-1,0,192.016905,5.000000,0
1623,0,0,0,0,0,-1,0,192.016905,5.000000,0
1624,0,0,0,0,0,-1,0,192.016905,5.000000,0
1625,0,0,0,0,0,-1,0,192.016905,5.000000,0
1626,0,0,0,0,0,-1,0,192.016905,5.000000,0
1627,0,0,0,0,0,-1,0,192.016905,5.000000,0
1628,0,0,0,0,0,-1,0,192.016905,5.000000,0
1629,0,0,0,0,0,-1,0,192.016905,5.000000,0
1630,0,0,0,0,0,-1,0,192.016905,5.000000,0
1631,0,0,0,0,0,-1,0,192.016905,5.000000,0
1632,0,0,0,0,0,-1,0,192.016905,5.000000,0
1633,0,0,0,0,0,-1,0,192.016905,5.000000,0
1634,0,0,0,0,0,-1,0,192.016905,5.000000,0
1635,0,0,0,0,0,-1,0,192.016905,5.000000,0
1636,0,0,0,0,0,-1,0,192.016905,5.000000,0
1637,0,0,0,0,0,-1,0,192.016905,5.000000,0
1638,0,0,0,0,0,-1,0,192.016905,5.000000,0
1639,0,0,0,0,0,-1,0,192.016905,5.000000,0
1640,0,0,0,0,0,-1,0,192.016905,5.000000,0
1641,0,0,0,0,0,-1,0,192.016905,5.000000,0
1642,0,0,0,0,0,-1,0,192.016905,5.000000,0
1643,0,0,0,0,0,-1,0,192.016905,5.000000,0
1644,0,0,0,0,0,-1,0,192.016905,5.000000,0
1645,0,0,0,0,0,-1,0,192.016905,5.000000,0
1646,0,0,0,0,0,-1,0,192.016905,5.000000,0
1647,0,0,0,0,0,-1,0,192.016905,5.000000,0
1648,0,0,0,0,0,-1,0,192.016905,5.000000,0
1649,0,0,0,0,0,-1,0,192.016905,5.000000,0
1650,0,0,0,0,0,-1,0,192.016905,5.000000,0
1651,0,0,0,0,0,-1,0,192.016905,5.000000,0
1652,0,0,0,0,0,-1,0,192.016905,5.000000,0
1653,0,0,0,0,0,-1,0,192.016905,5.000000,0
1654,0,0,0,0,0,-1,0,192.016905,5.000000,0
1655,0,0,0,0,0,-1,0,192.016905,5.000000,0
1656,0,0,0,0,0,-1,0,192.016905,5.000000,0
1657,0,0,0,0,0,-1,0,192.016905,5.000000,0
1658,0,0,0,0,0,-1,0,192.016905,5.000000,0
1659,0,0,0,0,0,-1,0,192.016905,5.000000,0
1660,0,0,0,0,0,-1,0,192.016905,5.000000,0
1661,0,0,0,0,0,-1,0,192.016905,5.000000,0
1662,0,0,0,0,0,-1,0,192.016905,5.000000,0
1663,0,0,0,0,0,-1,0,192.016905,5.000000,0
1664,0,0,0,0,0,-1,0,192.016905,5.000000,0
1665,0,0,0,0,0,-1,0,192.016905,5.000000,0
1666,0,0,0,0,0,-1,0,192.016905,5.000000,0
1667,0,0,0,0,0,-1,0,192.016905,5.000000,0
1668,0,0,0,0,0,-1,0,192.016905,5.000000,0
1669,0,0,0,0,0,-1,0,192.016905,5.000000,0
1670,0,0,0,0,0,-1,0,192.016905,5.000000,0
1671,0,0,0,0,0,-1,0,192.016905,5.000000,0
1672,0,0,0,0,0,-1,0,192.016905,5.000000,0
1673,0,0,0,0,0,-1,0,192.016905,5.000000,0
1674,0,0,0,0,0,-1,0,192.016905,5.000000,0
1675,0,0,0,0,0,-1,0,192.016905,5.000000,0
1676,0,0,0,0,0,-1,0,192.016905,5.000000,0
1677,0,0,0,0,0,-1,0,192.016905,5.000000,0
1678,0,0,0,0,0,-1,0,192.016905,5.000000,0
1679,0,0,0,0,0,-1,0,192.016905,5.000000,0
1680,0,0,0,0,0,-1,0,192.016905,5.000000,0
1681,0,0,0,0,0,-1,0,192.016905,5.000000,0
1682,0,0,0,0,0,-1,0,192.016905,5.000000,0
1683,0,0,0,0,0,-1,0,192.016905,5.000000,0
1684,0,0,0,0,0,-1,0,192.016905,5.000000,0
1685,0,0,0,0,0,-1,0,192.016905,5.000000,0
1686,0,0,0,0,0,-1,0,192.016905,5.000000,0
1687,0,0,0,0,0,-1,0,192.016905,5.000000,0
1688,0,0,0,0,0,-1,0,192.016905,5.000000,0
1689,0,0,0,0,0,-1,0,192.016905,5.000000,0
1690,0,0,0,0,0,-1,0,192.016905,5.000000,0
1691,0,0,0,0,0,-1,0,192.016905,5.000000,0
1692,0,0,0,0,0,-1,0,192.016905,5.000000,0
1693,0,0,0,0,0,-1,0,192.016905,5.000000,0
1694,0,0,0,0,0,-1,0,192.016905,5.000000,0
1695,0,0,0,0,0,-1,0,192.016905,5.000000,0
1696,0,0,0,0,0,-1,0,192.016905,5.000000,0
1697,0,0,0,0,0,-1,0,192.016905,5.000000,0
1698,0,0,0,0,0,-1,0,192.016905,5.000000,0
1699,0,0,0,0,0,-1,0,192.016905,5.000000,0
1700,0,0,0,0,0,-1,0,192.016905,5.000000,0
1701,0,0,0,0,0,-1,0,192.016905,5.000000,0
1702,0,0,0,0,0,-1,0,192.016905,5.000000,0
1703,0,0,0,0,0,-1,0,192.016905,5.000000,0
1704,0,0,0,0,0,-1,0,192.016905,5.000000,0
1705,0,0,0,0,0,-1,0,192.016905,5.000000,0
1706,0,0,0,0,0,-1,0,192.016905,5.000000,0
1707,0,0,0,0,0,-1,0,192.016905,5.000000,0
1708,0,0,0,0,0,-1,0,192.016905,5.000000,0
1709,0,0,0,0,0,-1,0,192.016905,5.000000,0
1710,0,0,0,0,0,-1,0,192.016905,5.000000,0
1711,0,0,0,0,0,-1,0,192.016905,5.000000,0
1712,0,0,0,0,0,-1,0,192.016905,5.000000,0
1713,0,0,0,0,0,-1,0,192.016905,5.000000,0
1714,0,0,0,0,0,-1,0,192.016905,5.000000,0
1715,0,0,0,0,0,-1,0,192.016905,5.000000,0
1716,0,0,0,0,0,-1,0,192.016905,5.000000,0
1717,0,0,0,0,0,-1,0,192.016905,5.000000,0
1718,0,0,0,0,0,-1,0,192.016905,5.000000,0
1719,0,0,0,0,0,-1,0,192.016905,5.000000,0
1720,0,0,0,0,0,-1,0,192.016905,5.000000,0
1721,0,0,0,0,0,-1,0,192.016905,5.000000,0
1722,0,0,0,0,0,-1,0,192.016905,5.000000,0
1723,0,0,0,0,0,-1,0,192.016905,5.000000,0
1724,0,0,0,0,0,-1,0,192.016905,5.000000,0
1725,0,0,0,0,0,-1,0,192.016905,5.000000,0
1726,0,0,0,0,0,-1,0,192.016905,5.000000,0
1727,0,0,0,0,0,-1,0,192.016905,5.000000,0
1728,0,0,0,0,0,-1,0,192.016905,5.000000,0
1729,0,0,0,0,0,-1,0,192.016905,5.000000,0
1730,0,0,0,0,0,-1,0,192.016905,5.000000,0
1731,0,0,0,0,0,-1,0,192.016905,5.000000,0
1732,0,0,0,0,0,-1,0,192.016905,5.000000,0
1733,0,0,0,0,0,-1,0,192.016905,5.000000,0
1734,0,0,0,0,0,-1,0,192.016905,5.000000,0
1735,0,0,0,0,0,-1,0,192.016905,5.000000,0
1736,0,0,0,0,0,-1,0,192.016905,5.000000,0
1737,0,0,0,0,0,-1,0,192.016905,5.000000,0
1738,0,0,0,0,0,-1,0,192.016905,5.000000,0
1739,0,0,0,0,0,-1,0,192.016905,5.000000,0
1740,0,0,0,0,0,-1,0,192.016905,5.000000,0
1741,0,0,0,0,0,-1,0,192.016905,5.000000,0
1742,0,0,0,0,0,-1,0,192.016905,5.000000,0
1743,0,0,0,0,0,-1,0,192.016905,5.000000,0
1744,0,0,0,0,0,-1,0,192.016905,5.000000,0
1745,0,0,0,0,0,-1,0,192.016905,5.000000,0
1746,0,0,0,0,0,-1,0,192.016905,5.000000,0
1747,0,0,0,0,0,-1,0,192.016905,5.000000,0
1748,0,0,0,0,0,-1,0,192.016905,5.000000,0
1749,0,0,0,0,0,-1,0,192.016905,5.000000,0
1750,0,0,0,0,0,-1,0,192.016905,5.000000,0
1751,0,0,0,0,0,-1,0,192.016905,5.000000,0
1752,0,0,0,0,0,-1,0,192.016905,5.000000,0
1753,0,0,0,0,0,-1,0,192.016905,5.000000,0
1754,0,0,0,0,0,-1,0,192.016905,5.000000,0
1755,0,0,0,0,0,-1,0,192.016905,5.000000,0
1756,0,0,0,0,0,-1,0,192.016905,5.000000,0
1757,0,0,0,0,0,-1,0,192.016905,5.000000,0
1758,0,0,0,0,0,-1,0,192.016905,5.000000,0
1759,0,0,0,0,0,-1,0,192.016905,5.000000,0
1760,0,0,0,0,0,-1,0,192.016905,5.000000,0
1761,0,0,0,0,0,-1,0,192.016905,5.000000,0
1762,0,0,0,0,0,-1,0,192.016905,5.000000,0
1763,0,0,0,0,0,-1,0,192.016905,5.000000,0
1764,0,0,0,0,0,-1,0,192.016905,5.000000,0
1765,0,0,0,0,0,-1,0,192.016905,5.000000,0
1766,0,0,0,0,0,-1,0,192.016905,5.000000,0
1767,0,0,0,0,0,-1,0,192.016905,5.000000,0
1768,0,0,0,0,0,-1,0,192.016905,5.000000,0
1769,0,0,0,0,0,-1,0,192.016905,5.000000,0
1770,0,0,0,0,0,-1,0,192.016905,5.000000,0
1771,0,0,0,0,0,-1,0,192.016905,5.000000,0
1772,0,0,0,0,0,-1,0,192.016905,5.000000,0
1773,0,0,0,0,0,-1,0,192.016905,5.000000,0
1774,0,0,0,0,0,-1,0,192.016905,5.000000,0
1775,0,0,0,0,0,-1,0,192.016905,5.000000,0
1776,0,0,0,0,0,-1,0,192.016905,5.000000,0
1777,0,0,0,0,0,-1,0,192.016905,5.000000,0
1778,0,0,0,0,0,-1,0,192.016905,5.000000,0
1779,0,0,0,0,0,-1,0,192.016905,5.000000,0
1780,0,0,0,0,0,-1,0,192.016905,5.000000,0
1781,0,0,0,0,0,-1,0,192.016905,5.000000,0
1782,0,0,0,0,0,-1,0,192.016905,5.000000,0
1783,0,0,0,0,0,-1,0,192.016905,5.000000,0
1784,0,0,0,0,0,-1,0,192.016905,5.000000,0
1785,0,0,0,0,0,-1,0,192.016905,5.000000,0
1786,0,0,0,0,0,-1,0,192.016905,5.000000,0
1787,0,0,0,0,0,-1,0,192.016905,5.000000,0
1788,0,0,0,0,0,-1,0,192.016905,5.000000,0
1789,0,0,0,0,0,-1,0,192.016905,5.000000,0
1790,0,0,0,0,0,-1,0,192.016905,5.000000,0
1791,0,0,0,0,0,-1,0,192.016905,5.000000,0
1792,0,0,0,0,0,-1,0,192.016905,5.000000,0
1793,0,0,0,0,0,-1,0,192.016905,5.000000,0
1794,0,0,0,0,0,-1,0,192.016905,5.000000,0
1795,0,0,0,0,0,-1,0,192.016905,5.000000,0
1796,0,0,0,0,0,-1,0,192.016905,5.000000,0
1797,0,0,0,0,0,-1,0,192.016905,5.000000,0
1798,0,0,0,0,0,-1,0,192.016905,5.000000,0
1799,0,0,0,0,0,-1,0,192.016905,5.000000,0
1800,0,0,0,0,0,-1,0,192.016905,5.000000,0
1801,0,0,0,0,0,-1,0,192.016905,5.000000,0
1802,0,0,0,0,0,-1,0,192.016905,5.000000,0
1803,0,0,0,0,0,-1,0,192.016905,5.000000,0
1804,0,0,0,0,0,-1,0,192.016905,5.000000,0
1805,0,0,0,0,0,-1,0,192.016905,5.000000,0
1806,0,0,0,0,0,-1,0,192.016905,5.000000,0
1807,0,0,0,0,0,-1,0,192.016905,5.000000,0
1808,0,0,0,0,0,-1,0,192.016905,5.000000,0
1809,0,0,0,0,0,-1,0,192.016905,5.000000,0
1810,0,0,0,0,0,-1,0,192.016905,5.000000,0
1811,0,0,0,0,0,-1,0,192.016905,5.000000,0
1812,0,0,0,0,0,-1,0,192.016905,5.000000,0
1813,0,0,0,0,0,-1,0,192.016905,5.000000,0
1814,0,0,0,0,0,-1,0,192.016905,5.000000,0
1815,0,0,0,0,0,-1,0,192.016905,5.000000,0
1816,0,0,0,0,0,-1,0,192.016905,5.000000,0
1817,0,0,0,0,0,-1,0,192.016905,5.000000,0
1818,0,0,0,0,0,-1,0,192.016905,5.000000,0
1819,0,0,0,0,0,-1,0,192.016905,5.000000,0
1820,0,0,0,0,0,-1,0,192.016905,5.000000,0
1821,0,0,0,0,0,-1,0,192.016905,5.000000,0
1822,0,0,0,0,0,-1,0,192.016905,5.000000,0
1823,0,0,0,0,0,-1,0,192.016905,5.000000,0
1824,0,0,0,0,0,-1,0,192.016905,5.000000,0
1825,0,0,0,0,0,-1,0,192.016905,5.000000,0
1826,0,0,0,0,0,-1,0,192.016905,5.000000,0
1827,0,0,0,0,0,-1,0,192.016905,5.000000,0
1828,0,0,0,0,0,-1,0,192.016905,5.000000,0
1829,0,0,0,0,0,-1,0,192.016905,5.000000,0
1830,0,0,0,0,0,-1,0,192.016905,5.000000,0
1831,0,0,0,0,0,-1,0,192.016905,5.000000,0
1832,0,0,0,0,0,-1,0,192.016905,5.000000,0
1833,0,0,0,0,0,-1,0,192.016905,5.000000,0
1834,0,0,0,0,0,-1,0,192.016905,5.000000,0
1835,0,0,0,0,0,-1,0,192.016905,5.000000,0
1836,0,0,0,0,0,-1,0,192.016905,5.000000,0
1837,0,0,0,0,0,-1,0,192.016905,5.000000,0
1838,0,0,0,0,0,-1,0,192.016905,5.000000,0
1839,0,0,0,0,0,-1,0,192.016905,5.000000,0
1840,0,0,0,0,0,-1,0,192.016905,5.000000,0
1841,0,0,0,0,0,-1,0,192.016905,5.000000,0
1842,0,0,0,0,0,-1,0,192.016905,5.000000,0
1843,0,0,0,0,0,-1,0,192.016905,5.000000,0
1844,0,0,0,0,0,-1,0,192.016905,5.000000,0
1845,0,0,0,0,0,-1,0,192.016905,5.000000,0
1846,0,0,0,0,0,-1,0,192.016905,5.000000,0
1847,0,0,0,0,0,-1,0,192.016905,5.000000,0
1848,0,0,0,0,0,-1,0,192.016905,5.000000,0
1849,0,0,0,0,0,-1,0,192.016905,5.000000,0
1850,0,0,0,0,0,-1,0,192.016905,5.000000,0
1851,0,0,0,0,0,-1,0,192.016905,5.000000,0
1852,0,0,0,0,0,-1,0,192.016905,5.000000,0
1853,0,0,0,0,0,-1,0,192.016905,5.000000,0
1854,0,0,0,0,0,-1,0,192.016905,5.000000,0
1855,0,0,0,0,0,-1,0,192.016905,5.000000,0
1856,0,0,0,0,0,-1,0,192.016905,5.000000,0
1857,0,0,0,0,0,-1,0,192.016905,5.000000,0
1858,0,0,0,0,0,-1,0,192.016905,5.000000,0
1859,0,0,0,0,0,-1,0,192.016905,5.000000,0
1860,0,0,0,0,0,-1,0,192.016905,5.000000,0
1861,0,0,0,0,0,-1,0,192.016905,5.000000,0
1862,0,0,0,0,0,-1,0,192.016905,5.000000,0
1863,0,0,0,0,0,-1,0,192.016905,5.000000,0
1864,0,0,0,0,0,-1,0,192.016905,5.000000,0
1865,0,0,0,0,0,-1,0,192.016905,5.000000,0
1866,0,0,0,0,0,-1,0,192.016905,5.000000,0
1867,0,0,0,0,0,-1,0,192.016905,5.000000,0
1868,0,0,0,0,0,-1,0,192.016905,5.000000,0
1869,0,0,0,0,0,-1,0,192.016905,5.000000,0
1870,0,0,0,0,0,-1,0,192.016905,5.000000,0
1871,0,0,0,0,0,-1,0,192.016905,5.000000,0
1872,0,0,0,0,0,-1,0,192.016905,5.000000,0
1873,0,0,0,0,0,-1,0,192.016905,5.000000,0
1874,0,0,0,0,0,-1,0,192.016905,5.000000,0
1875,0,0,0,0,0,-1,0,192.016905,5.000000,0
1876,0,0,0,0,0,-1,0,192.016905,5.000000,0
1877,0,0,0,0,0,-1,0,192.016905,5.000000,0
1878,0,0,0,0,0,-1,0,192.016905,5.000000,0
1879,0,0,0,0,0,-1,0,192.016905,5.000000,0
1880,0,0,0,0,0,-1,0,192.016905,5.000000,0
1881,0,0,0,0,0,-1,0,192.016905,5.000000,0
1882,0,0,0,0,0,-1,0,192.016905,5.000000,0
1883,0,0,0,0,0,-1,0,192.016905,5.000000,0
1884,0,0,0,0,0,-1,0,192.016905,5.000000,0
1885,0,0,0,0,0,-1,0,192.016905,5.000000,0
1886,0,0,0,0,0,-1,0,192.016905,5.000000,0
1887,0,0,0,0,0,-1,0,192.016905,5.000000,0
1888,0,0,0,0,0,-1,0,192.016905,5.000000,0
1889,0,0,0,0,0,-1,0,192.016905,5.000000,0
1890,0,0,0,0,0,-1,0,192.016905,5.000000,0
1891,0,0,0,0,0,-1,0,192.016905,5.000000,0
1892,0,0,0,0,0,-1,0,192.016905,5.000000,0
1893,0,0,0,0,0,-1,0,192.016905,5.000000,0
1894,0,0,0,0,0,-1,0,192.016905,5.000000,0
1895,0,0,0,0,0,-1,0,192.016905,5.000000,0
1896,0,0,0,0,0,-1,0,192.016905,5.000000,0
1897,0,0,0,0,0,-1,0,192.016905,5.000000,0
1898,0,0,0,0,0,-1,0,192.016905,5.000000,0
1899,0,0,0,0,0,-1,0,192.016905,5.000000,0
1900,0,0,0,0,0,-1,0,192.016905,5.000000,0
1901,0,0,0,0,0,-1,0,192.016905,5.000000,0
1902,0,0,0,0,0,-1,0,192.016905,5.000000,0
1903,0,0,0,0,0,-1,0,192.016905,5.000000,0
1904,0,0,0,0,0,-1,0,192.016905,5.000000,0
1905,0,0,0,0,0,-1,0,192.016905,5.000000,0
1906,0,0,0,0,0,-1,0,192.016905,5.000000,0
1907,0,0,0,0,0,-1,0,192.016905,5.000000,0
1908,0,0,0,0,0,-1,0,192.016905,5.000000,0
1909,0,0,0,0,0,-1,0,192.016905,5.000000,0
1910,0,0,0,0,0,-1,0,192.016905,5.000000,0
1911,0,0,0,0,0,-1,0,192.016905,5.000000,0
1912,0,0,0,0,0,-1,0,192.016905,5.000000,0
1913,0,0,0,0,0,-1,0,192.016905,5.000000,0
1914,0,0,0,0,0,-1,0,192.016905,5.000000,0
1915,0,0,0,0,0,-1,0,192.016905,5.000000,0
1916,0,0,0,0,0,-1,0,192.016905,5.000000,0
1917,0,0,0,0,0,-1,0,192.016905,5.000000,0
1918,0,0,0,0,0,-1,0,192.016905,5.000000,0
1919,0,0,0,0,0,-1,0,192.016905,5.000000,0
1920,0,0,0,0,0,-1,0,192.016905,5.000000,0
1921,0,0,0,0,0,-1,0,192.016905,5.000000,0
1922,0,0,0,0,0,-1,0,192.016905,5.000000,0
1923,0,0,0,0,0,-1,0,192.016905,5.000000,0
1924,0,0,0,0,0,-1,0,192.016905,5.000000,0
1925,0,0,0,0,0,-1,0,192.016905,5.000000,0
1926,0,0,0,0,0,-1,0,192.016905,5.000000,0
1927,0,0,0,0,0,-1,0,192.016905,5.000000,0
1928,0,0,0,0,0,-1,0,192.016905,5.000000,0
1929,0,0,0,0,0,-1,0,192.016905,5.000000,0
1930,0,0,0,0,0,-1,0,192.016905,5.000000,0
1931,0,0,0,0,0,-1,0,192.016905,5.000000,0
1932,0,0,0,0,0,-1,0,192.016905,5.000000,0
1933,0,0,0,0,0,-1,0,192.016905,5.000000,0
1934,0,0,0,0,0,-1,0,192.016905,5.000000,0
1935,0,0,0,0,0,-1,0,192.016905,5.000000,0
1936,0,0,0,0,0,-1,0,192.016905,5.000000,0
1937,0,0,0,0,0,-1,0,192.016905,5.000000,0
1938,0,0,0,0,0,-1,0,192.016905,5.000000,0
1939,0,0,0,0,0,-1,0,192.016905,5.000000,0
1940,0,0,0,0,0,-1,0,192.016905,5.000000,0
1941,0,0,0,0,0,-1,0,192.016905,5.000000,0
1942,0,0,0,0,0,-1,0,192.016905,5.000000,0
1943,0,0,0,0,0,-1,0,192.016905,5.000000,0
1944,0,0,0,0,0,-1,0,192.016905,5.000000,0
1945,0,0,0,0,0,-1,0,192.016905,5.000000,0
1946,0,0,0,0,0,-1,0,192.016905,5.000000,0
1947,0,0,0,0,0,-1,0,192.016905,5.000000,0
1948,0,0,0,0,0,-1,0,192.016905,5.000000,0
1949,0,0,0,0,0,-1,0,192.016905,5.000000,0
1950,0,0,0,0,0,-1,0,192.016905,5.000000,0
1951,0,0,0,0,0,-1,0,192.016905,5.000000,0
1952,0,0,0,0,0,-1,0,192.016905,5.000000,0
1953,0,0,0,0,0,-1,0,192.016905,5.000000,0
1954,0,0,0,0,0,-1,0,192.016905,5.000000,0
1955,0,0,0,0,0,-1,0,192.016905,5.000000,0
1956,0,0,0,0,0,-1,0,192.016905,5.000000,0
1957,0,0,0,0,0,-1,0,192.016905,5.000000,0
1958,0,0,0,0,0,-1,0,192.016905,5.000000,0
1959,0,0,0,0,0,-1,0,192.016905,5.000000,0
1960,0,0,0,0,0,-1,0,192.016905,5.000000,0
1961,0,0,0,0,0,-1,0,192.016905,5.000000,0
1962,0,0,0,0,0,-1,0,192.016905,5.000000,0
1963,0,0,0,0,0,-1,0,192.016905,5.000000,0
1964,0,0,0,0,0,-1,0,192.016905,5.000000,0
1965,0,0,0,0,0,-1,0,192.016905,5.000000,0
1966,0,0,0,0,0,-1,0,192.016905,5.000000,0
1967,0,0,0,0,0,-1,0,192.016905,5.000000,0
1968,0,0,0,0,0,-1,0,192.016905,5.000000,0
1969,0,0,0,0,0,-1,0,192.016905,5.000000,0
1970,0,0,0,0,0,-1,0,192.016905,5.000000,0
1971,0,0,0,0,0,-1,0,192.016905,5.000000,0
1972,0,0,0,0,0,-1,0,192.016905,5.000000,0
1973,0,0,0,0,0,-1,0,192.016905,5.000000,0
1974,0,0,0,0,0,-1,0,192.016905,5.000000,0
1975,0,0,0,0,0,-1,0,192.016905,5.000000,0
1976,0,0,0,0,0,-1,0,192.016905,5.000000,0
1977,0,0,0,0,0,-1,0,192.016905,5.000000,0
1978,0,0,0,0,0,-1,0,192.016905,5.000000,0
1979,0,0,0,0,0,-1,0,192.016905,5.000000,0
1980,0,0,0,0,0,-1,0,192.016905,5.000000,0
1981,0,0,0,0,0,-1,0,192.016905,5.000000,0
1982,0,0,0,0,0,-1,0,192.016905,5.000000,0
1983,0,0,0,0,0,-1,0,192.016905,5.000000,0
1984,0,0,0,0,0,-1,0,192.016905,5.000000,0
1985,0,0,0,0,0,-1,0,192.016905,5.000000,0
1986,0,0,0,0,0,-1,0,192.016905,5.000000,0
1987,0,0,0,0,0,-1,0,192.016905,5.000000,0
1988,0,0,0,0,0,-1,0,192.016905,5.000000,0
1989,0,0,0,0,0,-1,0,192.016905,5.000000,0
1990,0,0,0,0,0,-1,0,192.016905,5.000000,0
1991,0,0,0,0,0,-1,0,192.016905,5.000000,0
1992,0,0,0,0,0,-1,0,192.016905,5.000000,0
1993,0,0,0,0,0,-1,0,192.016905,5.000000,0
1994,0,0,0,0,0,-1,0,192.016905,5.000000,0
1995,0,0,0,0,0,-1,0,192.016905,5.000000,0
1996,0,0,0,0,0,-1,0,192.016905,5.000000,0
1997,0,0,0,0,0,-1,0,192.016905,5.000000,0
1998,0,0,0,0,0,-1,0,192.016905,5.000000,0
1999,0,0,0,0,0,-1,0,192.016905,5.000000,0
2000,0,0,0,0,0,-1,0,192.016905,5.000000,0
