frameNumber,components,mse,sizeBytes,genTime,recvTime,delay_ms,receivedOnTime,effectiveError,deadline_ms,cqi
0,375,2.84123,89556,0.022619003,0.026000000,3.380997,1,2.841227,5.000000,14
1,375,2.316620,89556,0.041683955,0.047500000,5.816045,0,10.219905,5.000000,14
2,375,2.109967,89556,0.063196367,0.066500000,3.303633,1,2.109967,5.000000,14
3,375,2.317649,89556,0.081696711,0.086500000,4.803289,1,2.317649,5.000000,14
4,375,2.051193,89556,0.100099546,0.109500000,9.400454,0,10.219905,5.000000,14
5,375,1.982051,89556,0.119253058,0.127500000,8.246942,0,10.219905,5.000000,14
6,375,2.190081,89556,0.139391697,0.145500000,6.108303,0,10.219905,5.000000,14
7,375,1.913994,89556,0.162229272,0.166000000,3.770728,1,1.913994,5.000000,14
8,375,1.921252,89556,0.181376255,0.187000000,5.623745,0,10.219905,5.000000,14
9,375,2.106188,89556,0.200013947,0.206500000,6.486053,0,10.219905,5.000000,14
10,375,1.840355,89556,0.220991806,0.226500000,5.508194,0,10.219905,5.000000,14
11,375,1.859855,89556,0.241785451,0.245500000,3.714549,1,1.859855,5.000000,14
12,375,2.276282,89556,0.262500938,0.269000000,6.499062,0,10.219905,5.000000,14
13,375,1.848993,89556,0.281143796,0.290500000,9.356204,0,10.219905,5.000000,14
14,375,1.634613,89556,0.302124827,0.310000000,7.875173,0,10.219905,5.000000,14
15,375,1.745488,89556,0.323408163,0.329500000,6.091837,0,10.219905,5.000000,14
16,375,1.361870,89556,0.342428654,0.347500000,5.071346,0,10.219905,5.000000,14
17,375,0.729174,89556,0.361592373,0.365000000,3.407627,1,0.729174,5.000000,14
19,375,0.768757,89556,0.381600869,0.387000000,5.399131,0,10.219905,5.000000,14
20,375,1.168879,89556,0.401391893,0.407000000,5.608107,0,10.219905,5.000000,14
21,375,1.391681,89556,0.421548871,0.427500000,5.951129,0,10.219905,5.000000,14
22,375,1.126504,89556,0.443482848,0.447500000,4.017152,1,1.126504,5.000000,14
24,375,0.722112,89556,0.463482404,0.467000000,3.517596,1,0.722112,5.000000,14
26,375,1.060317,89556,0.484253180,0.488000000,3.746820,1,1.060317,5.000000,14
27,375,1.287803,89556,0.502690667,0.515000000,12.309333,0,10.219905,5.000000,14
28,375,1.336808,89556,0.522285806,0.526000000,3.714194,1,1.336808,5.000000,14
31,375,0.422066,89556,0.543076834,0.547500000,4.423166,1,0.422066,5.000000,14
32,375,0.321235,89556,0.563301932,0.567500000,4.198068,1,0.321235,5.000000,14
33,375,0.301817,89556,0.582019780,0.585500000,3.480220,1,0.301817,5.000000,14
34,375,0.268098,89556,0.600576623,0.607500000,6.923377,0,10.219905,5.000000,14
35,375,0.270255,89556,0.622900910,0.629000000,6.099090,0,10.219905,5.000000,14
36,375,0.285378,89556,0.642689413,0.649500000,6.810587,0,10.219905,5.000000,14
37,375,0.265416,89556,0.661135586,0.665500000,4.364414,1,0.265416,5.000000,14
38,375,0.258052,89556,0.680474137,0.684000000,3.525863,1,0.258052,5.000000,14
39,375,0.273523,89556,0.698708974,0.704500000,5.791026,0,10.219905,5.000000,14
40,375,0.221952,89556,0.716940917,0.721000000,4.059083,1,0.221952,5.000000,15
41,375,0.182678,89556,0.736788736,0.740000000,3.211264,1,0.182678,5.000000,15
42,375,0.177699,89556,0.757777047,0.761000000,3.222953,1,0.177699,5.000000,15
45,375,0.105170,89556,0.777606229,0.781500000,3.893771,1,0.105170,5.000000,15
46,375,0.085167,89556,0.798784677,0.802500000,3.715323,1,0.085167,5.000000,15
47,375,0.073524,89556,0.819944011,0.823000000,3.055989,1,0.073524,5.000000,14
50,375,0.110959,89556,0.842599671,0.847000000,4.400329,1,0.110959,5.000000,14
52,375,0.096818,89556,0.861617835,0.865000000,3.382165,1,0.096818,5.000000,14
53,375,0.131448,89556,0.882716495,0.886000000,3.283505,1,0.131448,5.000000,14
54,375,0.152002,89556,0.901532659,0.907500000,5.967341,0,10.219905,5.000000,15
55,375,0.137731,89556,0.920906639,0.924000000,3.093361,1,0.137731,5.000000,14
58,375,0.155779,89556,0.939966739,0.943000000,3.033261,1,0.155779,5.000000,14
59,375,0.164698,89556,0.961583932,0.968500000,6.916068,0,10.219905,5.000000,14
60,375,0.215772,89556,0.980813133,0.984000000,3.186867,1,0.215772,5.000000,14
61,375,0.186267,89556,1.001809464,1.006000000,4.190536,1,0.186267,5.000000,14
62,375,0.173714,89556,1.021783023,1.027000000,5.216977,0,10.219905,5.000000,14
63,375,0.195002,89556,1.042159622,1.047000000,4.840378,1,0.195002,5.000000,14
64,375,0.159824,89556,1.064326697,1.068000000,3.673303,1,0.159824,5.000000,14
66,375,0.123977,89556,1.087196778,1.093500000,6.303222,0,10.219905,5.000000,14
68,375,0.079492,89556,1.109146482,1.112500000,3.353518,1,0.079492,5.000000,14
71,375,0.087034,89556,1.130047627,1.133500000,3.452373,1,0.087034,5.000000,14
72,375,0.104044,89556,1.150101501,1.153500000,3.398499,1,0.104044,5.000000,14
74,375,0.135377,89556,1.168603790,1.173000000,4.396210,1,0.135377,5.000000,14
75,375,0.144383,89556,1.186840563,1.190000000,3.159437,1,0.144383,5.000000,14
77,375,0.194144,89556,1.207477578,1.212000000,4.522422,1,0.194144,5.000000,14
78,375,0.211009,89556,1.228633024,1.232000000,3.366976,1,0.211009,5.000000,14
79,375,0.195935,89556,1.250207591,1.253500000,3.292409,1,0.195935,5.000000,14
80,375,0.217063,89556,1.271382789,1.274500000,3.117211,1,0.217063,5.000000,14
81,375,0.251040,89556,1.292443838,1.295500000,3.056162,1,0.251040,5.000000,14
82,375,0.224025,89556,1.311860246,1.317500000,5.639754,0,10.219905,5.000000,14
83,375,0.228101,89556,1.331180817,1.334500000,3.319183,1,0.228101,5.000000,14
85,375,0.261740,89556,1.350488546,1.354000000,3.511454,1,0.261740,5.000000,14
86,375,0.261528,89556,1.372238265,1.375500000,3.261735,1,0.261528,5.000000,14
87,375,0.282512,89556,1.391333372,1.394500000,3.166628,1,0.282512,5.000000,14
88,375,0.276078,89556,1.413676314,1.419500000,5.823686,0,10.219905,5.000000,14
89,375,0.249807,89556,1.432617255,1.436000000,3.382745,1,0.249807,5.000000,14
90,375,0.256810,89556,1.452521496,1.456000000,3.478504,1,0.256810,5.000000,14
91,375,0.209962,89556,1.473427635,1.477000000,3.572365,1,0.209962,5.000000,14
92,375,0.187705,89556,1.493059348,1.498000000,4.940652,1,0.187705,5.000000,14
94,375,0.142664,89556,1.513234376,1.518500000,5.265624,0,10.219905,5.000000,14
95,375,0.125220,89556,1.534549235,1.539000000,4.450765,1,0.125220,5.000000,14
97,375,0.107998,89556,1.556086465,1.560500000,4.413535,1,0.107998,5.000000,14
98,375,0.107616,89556,1.575153054,1.581500000,6.346946,0,10.219905,5.000000,14
101,375,0.173232,89556,1.594053298,1.599000000,4.946702,1,0.173232,5.000000,14
102,375,0.215992,89556,1.612351266,1.617500000,5.148734,0,10.219905,5.000000,14
103,375,0.213715,89556,1.633188498,1.639500000,6.311502,0,10.219905,5.000000,14
104,375,0.223758,89556,1.654352301,1.658000000,3.647699,1,0.223758,5.000000,14
105,375,0.249060,89556,1.673122808,1.677000000,3.877192,1,0.249060,5.000000,14
106,375,0.231717,89556,1.692011571,1.695500000,3.488429,1,0.231717,5.000000,14
107,375,0.213906,89556,1.711660073,1.717500000,5.839927,0,10.219905,5.000000,14
108,375,0.237752,89556,1.731451088,1.736500000,5.048912,0,10.219905,5.000000,14
110,375,0.192278,89556,1.749986708,1.754000000,4.013292,1,0.192278,5.000000,14
112,375,0.194976,89556,1.768264017,1.771500000,3.235983,1,0.194976,5.000000,14
113,375,0.237357,89556,1.787532140,1.791500000,3.967860,1,0.237357,5.000000,14
114,375,0.299721,89556,1.806253971,1.811000000,4.746029,1,0.299721,5.000000,14
115,375,0.252154,89556,1.826252221,1.829500000,3.247779,1,0.252154,5.000000,14
116,375,0.251248,89556,1.846216570,1.850000000,3.783430,1,0.251248,5.000000,14
117,375,0.280810,89556,1.867236425,1.871500000,4.263575,1,0.280810,5.000000,14
119,375,0.126126,89556,1.887148451,1.892000000,4.851549,1,0.126126,5.000000,14
121,375,0.116647,89556,1.906846213,1.912000000,5.153787,0,10.219905,5.000000,15
122,375,0.107039,89556,1.929437242,1.933500000,4.062758,1,0.107039,5.000000,14
125,375,0.173508,89556,1.949372581,1.953000000,3.627419,1,0.173508,5.000000,14
126,375,0.213727,89556,1.967762343,1.973000000,5.237657,0,10.219905,5.000000,14
127,375,0.207558,89556,1.987402754,1.990500000,3.097246,1,0.207558,5.000000,14
130,375,0.197637,89556,2.031557251,2.093500000,61.942749,0,10.219905,5.000000,14
131,375,0.189356,89556,2.052747824,2.093500000,40.752176,0,10.219905,5.000000,14
132,375,0.206141,89556,2.072339288,2.093500000,21.160712,0,10.219905,5.000000,14
133,375,0.155507,89556,2.090970083,2.094000000,3.029917,1,0.155507,5.000000,14
136,375,0.120010,89556,2.112466416,2.120500000,8.033584,0,10.219905,5.000000,14
137,375,0.199207,89556,2.130882804,2.134000000,3.117196,1,0.199207,5.000000,14
138,375,0.241961,89556,2.152265627,2.155500000,3.234373,1,0.241961,5.000000,14
139,375,0.232144,89556,2.172570845,2.178500000,5.929155,0,10.219905,5.000000,14
140,375,0.247356,89556,2.192897344,2.197500000,4.602656,1,0.247356,5.000000,14
142,375,0.244669,89556,2.214907279,2.224000000,9.092721,0,10.219905,5.000000,14
143,375,0.271995,89556,2.233779238,2.246000000,12.220762,0,10.219905,5.000000,14
144,375,0.310353,89556,2.253026473,2.256500000,3.473527,1,0.310353,5.000000,14
145,375,0.272049,89556,2.274612793,2.278000000,3.387207,1,0.272049,5.000000,14
146,375,0.251660,89556,2.292908502,2.296500000,3.591498,1,0.251660,5.000000,14
147,375,0.277644,89556,2.312245884,2.318500000,6.254116,0,10.219905,5.000000,14
148,375,0.218299,89556,2.333537527,2.340000000,6.462473,0,10.219905,5.000000,14
150,375,0.167371,89556,2.355191598,2.361000000,5.808402,0,10.219905,5.000000,14
152,375,0.210898,89556,2.374000481,2.380000000,5.999519,0,10.219905,5.000000,14
153,375,0.229191,89556,2.392679069,2.396500000,3.820931,1,0.229191,5.000000,14
154,375,0.208986,89556,2.412385542,2.418500000,6.114458,0,10.219905,5.000000,14
155,375,0.208520,89556,2.431796200,2.435500000,3.703800,1,0.208520,5.000000,14
156,375,0.244403,89556,2.451280867,2.457500000,6.219133,0,10.219905,5.000000,14
159,375,0.222046,89556,2.470701131,2.474000000,3.298869,1,0.222046,5.000000,14
160,375,0.208718,89556,2.489072707,2.492500000,3.427293,1,0.208718,5.000000,14
161,375,0.212120,89556,2.511931352,2.517500000,5.568648,0,10.219905,5.000000,14
162,375,0.232334,89556,2.531432302,2.535000000,3.567698,1,0.232334,5.000000,14
164,375,0.180847,89556,2.551571004,2.558000000,6.428996,0,10.219905,5.000000,14
165,375,0.220769,89556,2.571344874,2.574500000,3.155126,1,0.220769,5.000000,14
167,375,0.136849,89556,2.590798141,2.594000000,3.201859,1,0.136849,5.000000,14
171,375,0.184864,89556,2.633444028,2.705500000,72.055972,0,10.219905,5.000000,14
172,375,0.221209,89556,2.655093590,2.705500000,50.406410,0,10.219905,5.000000,14
176,375,0.103935,89556,2.673925658,2.705500000,31.574342,0,10.219905,5.000000,14
180,375,0.192708,89556,2.692535255,2.705500000,12.964745,0,10.219905,5.000000,14
181,375,0.169076,89556,2.711865006,2.716000000,4.134994,1,0.169076,5.000000,14
182,375,0.179607,89556,2.730442640,2.735500000,5.057360,0,10.219905,5.000000,14
183,375,0.216005,89556,2.750701694,2.755500000,4.798306,1,0.216005,5.000000,14
186,375,0.184313,89556,2.771285248,2.780500000,9.214752,0,10.219905,5.000000,14
187,375,0.152229,89556,2.790399016,2.797000000,6.600984,0,10.219905,5.000000,14
189,375,0.140750,89556,2.810569260,2.818000000,7.430740,0,10.219905,5.000000,14
190,375,0.117245,89556,2.831866548,2.835500000,3.633452,1,0.117245,5.000000,14
191,375,0.088823,89556,2.852448810,2.857500000,5.051190,0,10.219905,5.000000,14
193,375,0.060504,89556,2.875484707,2.879500000,4.015293,1,0.060504,5.000000,14
195,375,0.052017,89556,2.894370307,2.897500000,3.129693,1,0.052017,5.000000,14
197,375,0.076911,89556,2.912628238,2.922500000,9.871762,0,10.219905,5.000000,14
198,375,0.058621,89556,2.931183241,2.934500000,3.316759,1,0.058621,5.000000,14
200,375,2.191111,89556,2.950613085,2.954000000,3.386915,1,2.191111,5.000000,14
201,375,1.471299,89556,2.969334396,2.974000000,4.665604,1,1.471299,5.000000,14
202,375,0.965309,89556,2.988739461,2.994000000,5.260539,0,10.219905,5.000000,14
204,375,1.492745,89556,3.007414283,3.014500000,7.085717,0,10.219905,5.000000,14
205,375,1.320956,89556,3.026275100,3.029500000,3.224900,1,1.320956,5.000000,14
206,375,1.458626,89556,3.046278404,3.049500000,3.221596,1,1.458626,5.000000,14
207,375,1.156273,89556,3.068353382,3.073500000,5.146618,0,10.219905,5.000000,14
209,375,0.700663,89556,3.087069010,3.090500000,3.430990,1,0.700663,5.000000,14
213,375,0.856592,89556,3.109044854,3.115000000,5.955146,0,10.219905,5.000000,14
214,375,1.182374,89556,3.130418463,3.134000000,3.581537,1,1.182374,5.000000,14
215,375,1.423780,89556,3.148799091,3.152500000,3.700909,1,1.423780,5.000000,14
216,375,1.187831,89556,3.169342781,3.172500000,3.157219,1,1.187831,5.000000,14
217,375,0.793399,89556,3.188509051,3.193500000,4.990949,1,0.793399,5.000000,14
222,375,0.937932,89556,3.207202994,3.212500000,5.297006,0,10.219905,5.000000,14
223,375,1.278013,89556,3.225549558,3.229000000,3.450442,1,1.278013,5.000000,14
224,375,1.626963,89556,3.245718007,3.249000000,3.281993,1,1.626963,5.000000,14
225,375,1.406657,89556,3.264267511,3.267500000,3.232489,1,1.406657,5.000000,14
226,375,1.308936,89556,3.283255768,3.287000000,3.744232,1,1.308936,5.000000,14
227,375,1.408624,89556,3.304226771,3.307500000,3.273229,1,1.408624,5.000000,14
228,375,1.115112,89556,3.323777729,3.327000000,3.222271,1,1.115112,5.000000,14
232,375,0.181938,89556,3.342835176,3.346000000,3.164824,1,0.181938,5.000000,14
234,375,0.113746,89556,3.362623706,3.366000000,3.376294,1,0.113746,5.000000,14
235,375,0.110588,89556,3.384279732,3.387500000,3.220268,1,0.110588,5.000000,14
236,375,0.133646,89556,3.403898855,3.409000000,5.101145,0,10.219905,5.000000,14
238,375,0.094297,89556,3.424779572,3.429000000,4.220428,1,0.094297,5.000000,14
241,375,0.114794,89556,3.444059221,3.449500000,5.440779,0,10.219905,5.000000,14
242,375,0.152100,89556,3.463744204,3.468000000,4.255796,1,0.152100,5.000000,14
243,375,0.130115,89556,3.483521509,3.488000000,4.478491,1,0.130115,5.000000,14
244,375,0.118620,89556,3.501790649,3.506000000,4.209351,1,0.118620,5.000000,14
245,375,0.126280,89556,3.522004777,3.526000000,3.995223,1,0.126280,5.000000,14
248,375,0.116057,89556,3.541703858,3.545000000,3.296142,1,0.116057,5.000000,14
249,375,0.108610,89556,3.560596363,3.564500000,3.903637,1,0.108610,5.000000,14
250,375,0.103752,89556,3.583415428,3.586500000,3.084572,1,0.103752,5.000000,14
253,375,0.095001,89556,3.604719798,3.613500000,8.780202,0,10.219905,5.000000,14
255,375,0.086178,89556,3.625055487,3.628500000,3.444513,1,0.086178,5.000000,14
256,375,0.085862,89556,3.645135789,3.648500000,3.364211,1,0.085862,5.000000,14
258,375,0.094739,89556,3.663657239,3.668000000,4.342761,1,0.094739,5.000000,14
260,375,0.114723,89556,3.681975938,3.687000000,5.024062,0,10.219905,5.000000,14
262,375,0.148327,89556,3.702827279,3.709500000,6.672721,0,10.219905,5.000000,14
263,375,0.166103,89556,3.721449218,3.727000000,5.550782,0,10.219905,5.000000,14
264,375,0.159548,89556,3.741930179,3.745000000,3.069821,1,0.159548,5.000000,14
265,375,0.161286,89556,3.763613507,3.768000000,4.386493,1,0.161286,5.000000,14
267,375,0.189765,89556,3.784662984,3.788000000,3.337016,1,0.189765,5.000000,14
268,375,0.246862,89556,3.804492029,3.810500000,6.007971,0,10.219905,5.000000,14
269,375,0.261081,89556,3.822790863,3.826500000,3.709137,1,0.261081,5.000000,14
270,375,0.231907,89556,3.843648329,3.847500000,3.851671,1,0.231907,5.000000,14
271,375,0.223414,89556,3.863586586,3.867000000,3.413414,1,0.223414,5.000000,14
272,375,0.254806,89556,3.883335081,3.890500000,7.164919,0,10.219905,5.000000,14
273,375,0.207391,89556,3.902600543,3.912000000,9.399457,0,10.219905,5.000000,14
274,375,0.183942,89556,3.922710341,3.926500000,3.789659,1,0.183942,5.000000,14
276,375,0.169051,89556,3.942098912,3.947000000,4.901088,1,0.169051,5.000000,14
277,375,0.136381,89556,3.960798960,3.964000000,3.201040,1,0.136381,5.000000,14
280,375,0.112412,89556,3.979366162,3.982500000,3.133838,1,0.112412,5.000000,14
284,375,0.262730,89556,3.999759715,4.005000000,5.240285,0,10.219905,5.000000,14
285,375,0.271740,89556,4.019011090,4.023500000,4.488910,1,0.271740,5.000000,14
287,375,0.489336,89556,4.037752872,4.042000000,4.247128,1,0.489336,5.000000,14
288,375,0.398161,89556,4.056354195,4.060000000,3.645805,1,0.398161,5.000000,14
292,375,0.455759,89556,4.075666175,4.080000000,4.333825,1,0.455759,5.000000,14
293,375,0.676665,89556,4.096762333,4.101500000,4.737667,1,0.676665,5.000000,14
294,375,0.608215,89556,4.115335543,4.118500000,3.164457,1,0.608215,5.000000,14
295,375,0.529367,89556,4.134629816,4.140000000,5.370184,0,10.219905,5.000000,14
300,375,0.724525,89556,4.153866473,4.157500000,3.633527,1,0.724525,5.000000,14
301,375,1.172141,89556,4.172591963,4.178500000,5.908037,0,10.219905,5.000000,14
302,375,0.878467,89556,4.192873911,4.196500000,3.626089,1,0.878467,5.000000,14
304,375,0.704707,89556,4.212645208,4.218000000,5.354792,0,10.219905,5.000000,14
305,375,0.829220,89556,4.232360018,4.235500000,3.139982,1,0.829220,5.000000,14
306,375,0.868125,89556,4.254145694,4.257500000,3.354306,1,0.868125,5.000000,14
308,375,0.933472,89556,4.274588696,4.278500000,3.911304,1,0.933472,5.000000,14
309,375,0.894295,89556,4.293847782,4.300500000,6.652218,0,10.219905,5.000000,14
310,375,1.864815,89556,4.312858438,4.316500000,3.641562,1,1.864815,5.000000,14
311,375,2.055887,89556,4.331624037,4.336000000,4.375963,1,2.055887,5.000000,14
312,375,1.148612,89556,4.352841170,4.357000000,4.158830,1,1.148612,5.000000,14
313,375,0.983561,89556,4.372702400,4.378000000,5.297600,0,10.219905,5.000000,14
314,375,1.093549,89556,4.391585431,4.395500000,3.914569,1,1.093549,5.000000,14
316,375,0.691985,89556,4.412332259,4.420500000,8.167741,0,10.219905,5.000000,14
317,375,0.779373,89556,4.432097782,4.437500000,5.402218,0,10.219905,5.000000,14
319,375,0.635446,89556,4.451353601,4.459500000,8.146399,0,10.219905,5.000000,14
320,375,0.984792,89556,4.472440634,4.479000000,6.559366,0,10.219905,5.000000,14
323,375,0.580103,89556,4.491498153,4.497500000,6.001847,0,10.219905,5.000000,14
325,375,0.891821,89556,4.511747562,4.515500000,3.752438,1,0.891821,5.000000,15
326,375,1.046652,89556,4.532070856,4.535500000,3.429144,1,1.046652,5.000000,15
327,375,0.911124,89556,4.550408910,4.553500000,3.091090,1,0.911124,5.000000,15
328,375,0.959314,89556,4.568950363,4.572500000,3.549637,1,0.959314,5.000000,15
329,375,0.942441,89556,4.587416265,4.590500000,3.083735,1,0.942441,5.000000,15
330,375,0.793460,89556,4.606744455,4.611000000,4.255545,1,0.793460,5.000000,15
333,375,0.633936,89556,4.627166844,4.630500000,3.333156,1,0.633936,5.000000,15
334,375,0.746791,89556,4.649403347,4.654500000,5.096653,0,10.219905,5.000000,15
335,375,0.798733,89556,4.669835279,4.673000000,3.164721,1,0.798733,5.000000,15
336,375,0.687256,89556,4.688351747,4.691500000,3.148253,1,0.687256,5.000000,15
337,375,0.583305,89556,4.708566033,4.715500000,6.933967,0,10.219905,5.000000,15
338,375,0.570105,89556,4.727027557,4.730500000,3.472443,1,0.570105,5.000000,15
339,375,0.455554,89556,4.746477932,4.750000000,3.522068,1,0.455554,5.000000,15
341,375,0.201567,89556,4.765109990,4.768500000,3.390010,1,0.201567,5.000000,15
343,375,0.307795,89556,4.784979331,4.788500000,3.520669,1,0.307795,5.000000,15
345,375,0.278196,89556,4.804363515,4.814000000,9.636485,0,10.219905,5.000000,15
346,375,0.243250,89556,4.824478951,4.828500000,4.021049,1,0.243250,5.000000,15
348,375,0.393306,89556,4.843552356,4.847000000,3.447644,1,0.393306,5.000000,15
349,375,0.336064,89556,4.862266562,4.865500000,3.233438,1,0.336064,5.000000,15
351,375,0.239103,89556,4.883184215,4.886500000,3.315785,1,0.239103,5.000000,15
355,375,0.368627,89556,4.921604708,5.006000000,84.395292,0,10.219905,5.000000,14
356,375,0.500544,89556,4.942401776,5.006000000,63.598224,0,10.219905,5.000000,14
357,375,0.410774,89556,4.961685293,5.006000000,44.314707,0,10.219905,5.000000,14
358,375,0.308915,89556,4.981846561,5.006000000,24.153439,0,10.219905,5.000000,14
359,375,0.270298,89556,5.003559279,5.007500000,3.940721,1,0.270298,5.000000,14
362,375,0.283397,89556,5.024301526,5.028000000,3.698474,1,0.283397,5.000000,14
363,375,0.309156,89556,5.043830235,5.048000000,4.169765,1,0.309156,5.000000,14
364,375,0.361822,89556,5.064750099,5.068000000,3.249901,1,0.361822,5.000000,14
365,375,0.308940,89556,5.085231590,5.088500000,3.268410,1,0.308940,5.000000,14
369,375,0.697658,89556,5.104329115,5.110000000,5.670885,0,10.219905,5.000000,14
370,375,0.671790,89556,5.123988211,5.127500000,3.511789,1,0.671790,5.000000,14
371,375,0.775538,89556,5.144829330,5.151000000,6.170670,0,10.219905,5.000000,14
372,375,0.649064,89556,5.163505583,5.167000000,3.494417,1,0.649064,5.000000,14
373,375,0.328302,89556,5.182356567,5.187500000,5.143433,0,10.219905,5.000000,14
375,375,0.241954,89556,5.200771460,5.213000000,12.228540,0,10.219905,5.000000,14
376,375,0.309140,89556,5.219707229,5.223000000,3.292771,1,0.309140,5.000000,14
377,375,0.367984,89556,5.238901015,5.242000000,3.098985,1,0.367984,5.000000,14
378,375,0.350204,89556,5.257552686,5.261000000,3.447314,1,0.350204,5.000000,14
379,375,0.377655,89556,5.277229529,5.280500000,3.270471,1,0.377655,5.000000,14
380,375,0.325179,89556,5.296916716,5.300000000,3.083284,1,0.325179,5.000000,14
381,375,0.251168,89556,5.317043168,5.320500000,3.456832,1,0.251168,5.000000,14
382,375,0.259986,89556,5.335387383,5.341000000,5.612617,0,10.219905,5.000000,14
384,375,0.264414,89556,5.355279121,5.359500000,4.220879,1,0.264414,5.000000,14
385,375,0.307882,89556,5.374581225,5.380000000,5.418775,0,10.219905,5.000000,14
386,375,0.341719,89556,5.394074885,5.397500000,3.425115,1,0.341719,5.000000,14
388,375,0.358161,89556,5.416477846,5.422500000,6.022154,0,10.219905,5.000000,14
389,375,0.413343,89556,5.438634103,5.442000000,3.365897,1,0.413343,5.000000,14
390,375,0.400905,89556,5.460250573,5.466500000,6.249427,0,10.219905,5.000000,14
391,375,0.464103,89556,5.481995123,5.486000000,4.004877,1,0.464103,5.000000,14
392,375,0.473673,89556,5.502107471,5.509500000,7.392529,0,10.219905,5.000000,14
394,375,0.513089,89556,5.520593337,5.525500000,4.906663,1,0.513089,5.000000,14
395,375,0.509611,89556,5.539874038,5.543000000,3.125962,1,0.509611,5.000000,14
396,375,0.476627,89556,5.561976748,5.565000000,3.023252,1,0.476627,5.000000,14
397,375,0.526603,89556,5.582417797,5.585500000,3.082203,1,0.526603,5.000000,14
398,375,0.536285,89556,5.601353082,5.608000000,6.646918,0,10.219905,5.000000,14
399,375,0.534578,89556,5.621542981,5.625500000,3.957019,1,0.534578,5.000000,14
400,375,2.026299,89556,5.640454099,5.643500000,3.045901,1,2.026299,5.000000,14
401,375,1.373754,89556,5.659009106,5.663500000,4.490894,1,1.373754,5.000000,14
403,375,1.070029,89556,5.677354378,5.681000000,3.645622,1,1.070029,5.000000,14
404,375,1.085348,89556,5.698124909,5.704500000,6.375091,0,10.219905,5.000000,15
405,375,0.833379,89556,5.717255194,5.720500000,3.244806,1,0.833379,5.000000,15
409,375,1.252713,89556,5.737892229,5.741000000,3.107771,1,1.252713,5.000000,15
412,375,1.067966,89556,5.756225169,5.759500000,3.274831,1,1.067966,5.000000,15
413,375,1.070810,89556,5.776067201,5.779500000,3.432799,1,1.070810,5.000000,15
415,375,0.761810,89556,5.795803530,5.799000000,3.196470,1,0.761810,5.000000,15
417,375,1.107543,89556,5.815656898,5.819000000,3.343102,1,1.107543,5.000000,15
418,375,1.326624,89556,5.834493848,5.838000000,3.506152,1,1.326624,5.000000,15
419,375,1.089706,89556,5.855329070,5.858500000,3.170930,1,1.089706,5.000000,15
421,375,0.768497,89556,5.875010415,5.878500000,3.489585,1,0.768497,5.000000,15
424,375,1.082013,89556,5.893859646,5.897000000,3.140354,1,1.082013,5.000000,15
425,375,1.620057,89556,5.912790129,5.916500000,3.709871,1,1.620057,5.000000,15
427,375,1.199080,89556,5.931730578,5.935500000,3.769422,1,1.199080,5.000000,15
428,375,1.149422,89556,5.950131710,5.953500000,3.368290,1,1.149422,5.000000,15
429,375,1.100862,89556,5.969812311,5.973000000,3.187689,1,1.100862,5.000000,15
431,375,0.893905,89556,5.990579461,5.994500000,3.920539,1,0.893905,5.000000,15
434,375,0.541477,89556,6.010984679,6.014500000,3.515321,1,0.541477,5.000000,15
437,375,0.839516,89556,6.031222734,6.034500000,3.277266,1,0.839516,5.000000,15
439,375,0.831758,89556,6.050286769,6.055500000,5.213231,0,10.219905,5.000000,15
441,375,0.647362,89556,6.070869869,6.074000000,3.130131,1,0.647362,5.000000,15
442,375,0.758713,89556,6.089172291,6.092500000,3.327709,1,0.758713,5.000000,15
444,375,0.749737,89556,6.107533392,6.111000000,3.466608,1,0.749737,5.000000,14
446,375,1.508064,89556,6.126793799,6.130500000,3.706201,1,1.508064,5.000000,14
447,375,1.637281,89556,6.146321305,6.149500000,3.178695,1,1.637281,5.000000,14
448,375,1.025222,89556,6.165680861,6.169000000,3.319139,1,1.025222,5.000000,14
449,375,1.030451,89556,6.185819281,6.189500000,3.680719,1,1.030451,5.000000,14
451,375,0.763811,89556,6.204129048,6.210500000,6.370952,0,10.219905,5.000000,14
452,375,0.916127,89556,6.222874768,6.227000000,4.125232,1,0.916127,5.000000,14
453,375,0.869534,89556,6.241566736,6.245000000,3.433264,1,0.869534,5.000000,14
454,375,1.006042,89556,6.263133349,6.266500000,3.366651,1,1.006042,5.000000,14
455,375,0.952679,89556,6.282504167,6.286000000,3.495833,1,0.952679,5.000000,14
456,375,0.906891,89556,6.303219157,6.308000000,4.780843,1,0.906891,5.000000,15
458,375,0.945918,89556,6.322499138,6.327000000,4.500862,1,0.945918,5.000000,14
459,375,0.700194,89556,6.343126905,6.347500000,4.373095,1,0.700194,5.000000,14
460,375,0.653865,89556,6.362285171,6.366500000,4.214829,1,0.653865,5.000000,14
462,375,0.517214,89556,6.382821268,6.386000000,3.178732,1,0.517214,5.000000,14
465,375,0.544978,89556,6.401525536,6.406000000,4.474464,1,0.544978,5.000000,14
466,375,0.689665,89556,6.425025821,6.429000000,3.974179,1,0.689665,5.000000,14
467,375,0.677136,89556,6.444664542,6.449500000,4.835458,1,0.677136,5.000000,14
468,375,0.577935,89556,6.465343910,6.468500000,3.156090,1,0.577935,5.000000,14
469,375,0.727078,89556,6.485158530,6.488500000,3.341470,1,0.727078,5.000000,14
470,375,0.635256,89556,6.504801280,6.515000000,10.198720,0,10.219905,5.000000,14
473,375,0.390415,89556,6.525624958,6.531000000,5.375042,0,10.219905,5.000000,14
474,375,0.473886,89556,6.548585757,6.553000000,4.414243,1,0.473886,5.000000,14
475,375,0.529981,89556,6.568109960,6.574500000,6.390040,0,10.219905,5.000000,14
476,375,0.369402,89556,6.587680905,6.594500000,6.819095,0,10.219905,5.000000,14
477,375,0.229900,89556,6.607759323,6.612500000,4.740677,1,0.229900,5.000000,14
481,375,0.208304,89556,6.626734071,6.630000000,3.265929,1,0.208304,5.000000,14
483,375,0.211061,89556,6.645256434,6.649500000,4.243566,1,0.211061,5.000000,14
484,375,0.210602,89556,6.668119772,6.675000000,6.880228,0,10.219905,5.000000,14
487,375,0.219926,89556,6.687353237,6.690500000,3.146763,1,0.219926,5.000000,14
488,375,0.267394,89556,6.709597666,6.714000000,4.402334,1,0.267394,5.000000,14
490,375,0.298399,89556,6.727941289,6.731000000,3.058711,1,0.298399,5.000000,14
491,375,0.283507,89556,6.748995994,6.753000000,4.004006,1,0.283507,5.000000,14
492,375,0.280501,89556,6.767626010,6.772000000,4.373990,1,0.280501,5.000000,14
493,375,0.330646,89556,6.790008638,6.794000000,3.991362,1,0.330646,5.000000,14
494,375,0.245289,89556,6.809869188,6.820000000,10.130812,0,10.219905,5.000000,14
496,375,0.131925,89556,6.828189826,6.832000000,3.810174,1,0.131925,5.000000,14
499,375,0.236552,89556,6.846679124,6.850000000,3.320876,1,0.236552,5.000000,14
500,375,0.253755,89556,6.865501325,6.869500000,3.998675,1,0.253755,5.000000,14
501,375,0.323573,89556,6.887665405,6.891500000,3.834595,1,0.323573,5.000000,14
502,375,0.387071,89556,6.906187918,6.913000000,6.812082,0,10.219905,5.000000,14
503,375,0.360328,89556,6.925728495,6.929000000,3.271505,1,0.360328,5.000000,14
504,375,0.394059,89556,6.944665316,6.948000000,3.334684,1,0.394059,5.000000,14
505,375,0.431200,89556,6.964001474,6.968500000,4.498526,1,0.431200,5.000000,14
506,375,0.326120,89556,6.983194045,6.987000000,3.805955,1,0.326120,5.000000,14
510,375,0.187804,89556,7.004157494,7.010500000,6.342506,0,10.219905,5.000000,14
512,375,0.255278,89556,7.023228836,7.027500000,4.271164,1,0.255278,5.000000,14
513,375,0.302944,89556,7.042727437,7.046500000,3.772563,1,0.302944,5.000000,14
514,375,0.340961,89556,7.061296425,7.066500000,5.203575,0,10.219905,5.000000,14
515,375,0.317600,89556,7.080985021,7.085000000,4.014979,1,0.317600,5.000000,14
516,375,0.279252,89556,7.099409827,7.102500000,3.090173,1,0.279252,5.000000,14
517,375,0.281283,89556,7.119273077,7.124000000,4.726923,1,0.281283,5.000000,14
519,375,0.199936,89556,7.140891819,7.144000000,3.108181,1,0.199936,5.000000,14
520,375,0.192141,89556,7.161664291,7.166000000,4.335709,1,0.192141,5.000000,14
523,375,0.259588,89556,7.180086828,7.184500000,4.413172,1,0.259588,5.000000,14
524,375,0.251066,89556,7.199570304,7.205000000,5.429696,0,10.219905,5.000000,14
525,375,0.238388,89556,7.220332314,7.223500000,3.167686,1,0.238388,5.000000,14
526,375,0.258798,89556,7.240527368,7.244500000,3.972632,1,0.258798,5.000000,14
531,375,0.202182,89556,7.259911694,7.265500000,5.588306,0,10.219905,5.000000,14
533,375,0.295662,89556,7.279632520,7.283000000,3.367480,1,0.295662,5.000000,14
534,375,0.404671,89556,7.300729465,7.304000000,3.270535,1,0.404671,5.000000,14
535,375,0.491580,89556,7.320314369,7.323500000,3.185631,1,0.491580,5.000000,14
536,375,0.450287,89556,7.340563452,7.346500000,5.936548,0,10.219905,5.000000,14
537,375,0.525776,89556,7.359334396,7.367000000,7.665604,0,10.219905,5.000000,14
538,375,0.533783,89556,7.379781388,7.383000000,3.218612,1,0.533783,5.000000,14
539,375,0.485457,89556,7.398276277,7.411000000,12.723723,0,10.219905,5.000000,14
540,375,0.459233,89556,7.416896000,7.424500000,7.604000,0,10.219905,5.000000,14
541,375,0.514199,89556,7.439636519,7.446000000,6.363481,0,10.219905,5.000000,14
542,375,0.440125,89556,7.459256215,7.465500000,6.243785,0,10.219905,5.000000,14
543,375,0.358060,89556,7.479261144,7.482500000,3.238856,1,0.358060,5.000000,14
545,375,0.366938,89556,7.499513806,7.509000000,9.486194,0,10.219905,5.000000,14
546,375,0.427466,89556,7.522350045,7.530500000,8.149955,0,10.219905,5.000000,14
547,375,0.471083,89556,7.543608237,7.548500000,4.891763,1,0.471083,5.000000,14
548,375,0.430684,89556,7.563408773,7.569000000,5.591227,0,10.219905,5.000000,14
549,375,0.424820,89556,7.582128209,7.585500000,3.371791,1,0.424820,5.000000,14
550,375,0.457225,89556,7.600729455,7.610000000,9.270545,0,10.219905,5.000000,14
551,375,0.358297,89556,7.619880594,7.625000000,5.119406,0,10.219905,5.000000,14
552,375,0.292975,89556,7.641427035,7.650000000,8.572965,0,10.219905,5.000000,14
553,375,0.301104,89556,7.660113296,7.663500000,3.386704,1,0.301104,5.000000,14
556,375,0.291192,89556,7.681554512,7.685000000,3.445488,1,0.291192,5.000000,14
557,375,0.313134,89556,7.702348921,7.710000000,7.651079,0,10.219905,5.000000,14
558,375,0.375304,89556,7.722840018,7.726500000,3.659982,1,0.375304,5.000000,14
559,375,0.441755,89556,7.742090345,7.745500000,3.409655,1,0.441755,5.000000,14
560,375,0.395409,89556,7.761025862,7.764500000,3.474138,1,0.395409,5.000000,14
561,375,0.351185,89556,7.779919766,7.783500000,3.580234,1,0.351185,5.000000,14
562,375,0.373851,89556,7.798289816,7.801500000,3.210184,1,0.373851,5.000000,14
563,375,0.301916,89556,7.820328058,7.828500000,8.171942,0,10.219905,5.000000,14
566,375,0.130168,89556,7.839787078,7.847000000,7.212922,0,10.219905,5.000000,14
569,375,0.263195,89556,7.860027191,7.864000000,3.972809,1,0.263195,5.000000,14
570,375,0.245020,89556,7.880005363,7.887000000,6.994637,0,10.219905,5.000000,14
571,375,0.284623,89556,7.899288529,7.905500000,6.211471,0,10.219905,5.000000,14
573,375,0.261797,89556,7.919761466,7.923000000,3.238534,1,0.261797,5.000000,14
574,375,0.268554,89556,7.942014969,7.945500000,3.485031,1,0.268554,5.000000,14
576,375,0.265384,89556,7.962596159,7.966000000,3.403841,1,0.265384,5.000000,14
577,375,0.295630,89556,7.981265007,7.985500000,4.234993,1,0.295630,5.000000,14
578,375,0.252312,89556,8.003147598,8.007500000,4.352402,1,0.252312,5.000000,14
579,375,0.210744,89556,8.023116558,8.028500000,5.383442,0,10.219905,5.000000,14
580,375,0.211613,89556,8.042964330,8.047000000,4.035670,1,0.211613,5.000000,14
583,375,0.258668,89556,8.061280945,8.065500000,4.219055,1,0.258668,5.000000,14
584,375,0.258289,89556,8.080036973,8.084000000,3.963027,1,0.258289,5.000000,14
585,375,0.357405,89556,8.098385596,8.101500000,3.114404,1,0.357405,5.000000,14
586,375,0.345466,89556,8.116733440,8.122000000,5.266560,0,10.219905,5.000000,14
587,375,0.331332,89556,8.136003964,8.139500000,3.496036,1,0.331332,5.000000,14
588,375,0.296112,89556,8.158810840,8.167500000,8.689160,0,10.219905,5.000000,14
589,375,0.315385,89556,8.178428414,8.182000000,3.571586,1,0.315385,5.000000,14
590,375,0.268583,89556,8.198754716,8.206500000,7.745284,0,10.219905,5.000000,14
591,375,0.205748,89556,8.217131544,8.221000000,3.868456,1,0.205748,5.000000,14
592,375,0.219071,89556,8.235744459,8.239000000,3.255541,1,0.219071,5.000000,14
593,375,0.161859,89556,8.255641912,8.259000000,3.358088,1,0.161859,5.000000,14
594,375,0.105266,89556,8.275403693,8.278500000,3.096307,1,0.105266,5.000000,14
595,375,0.070650,89556,8.295302522,8.298500000,3.197478,1,0.070650,5.000000,14
597,375,0.050225,89556,8.314722740,8.321500000,6.777260,0,10.219905,5.000000,14
600,375,1.758773,89556,8.334874203,8.339000000,4.125797,1,1.758773,5.000000,14
603,375,0.799658,89556,8.354256546,8.357500000,3.243454,1,0.799658,5.000000,14
604,375,0.820798,89556,8.377297844,8.380500000,3.202156,1,0.820798,5.000000,14
606,375,0.487243,89556,8.396028594,8.399500000,3.471406,1,0.487243,5.000000,14
608,375,0.681008,89556,8.417240364,8.426000000,8.759636,0,10.219905,5.000000,14
609,375,0.603290,89556,8.435945433,8.443000000,7.054567,0,10.219905,5.000000,14
612,375,0.417529,89556,8.454960440,8.458000000,3.039560,1,0.417529,5.000000,14
614,375,0.740705,89556,8.476159816,8.479500000,3.340184,1,0.740705,5.000000,14
615,375,0.871690,89556,8.495124568,8.499500000,4.375432,1,0.871690,5.000000,14
616,375,0.849657,89556,8.515284197,8.524500000,9.215803,0,10.219905,5.000000,14
619,375,0.537207,89556,8.533636113,8.538000000,4.363887,1,0.537207,5.000000,14
622,375,0.810607,89556,8.552087595,8.555500000,3.412405,1,0.810607,5.000000,14
623,375,1.643287,89556,8.570642028,8.575000000,4.357972,1,1.643287,5.000000,14
624,375,1.940290,89556,8.590754176,8.595000000,4.245824,1,1.940290,5.000000,14
625,375,1.623672,89556,8.612719040,8.622500000,9.780960,0,10.219905,5.000000,14
626,375,1.446275,89556,8.631802367,8.635000000,3.197633,1,1.446275,5.000000,14
627,375,1.470820,89556,8.652199218,8.659000000,6.800782,0,10.219905,5.000000,14
628,375,1.189685,89556,8.671850335,8.675000000,3.149665,1,1.189685,5.000000,14
630,375,0.519898,89556,8.691989131,8.697500000,5.510869,0,10.219905,5.000000,14
631,375,0.538598,89556,8.711393202,8.717000000,5.606798,0,10.219905,5.000000,14
633,375,0.360743,89556,8.731540152,8.736500000,4.959848,1,0.360743,5.000000,14
634,375,0.291112,89556,8.752270021,8.755500000,3.229979,1,0.291112,5.000000,14
635,375,0.180003,89556,8.772329926,8.775500000,3.170074,1,0.180003,5.000000,14
638,375,0.341905,89556,8.792325746,8.795500000,3.174254,1,0.341905,5.000000,14
639,375,0.465970,89556,8.812212627,8.819000000,6.787373,0,10.219905,5.000000,14
640,375,0.442826,89556,8.831589209,8.835500000,3.910791,1,0.442826,5.000000,14
641,375,0.431283,89556,8.849971649,8.853000000,3.028351,1,0.431283,5.000000,14
642,375,0.385846,89556,8.873031429,8.876500000,3.468571,1,0.385846,5.000000,14
644,375,0.333359,89556,8.894069985,8.897500000,3.430015,1,0.333359,5.000000,14
645,375,0.403316,89556,8.913593421,8.923000000,9.406579,0,10.219905,5.000000,14
646,375,0.360826,89556,8.933849293,8.942500000,8.650707,0,10.219905,5.000000,14
648,375,0.203749,89556,8.953083759,8.957500000,4.416241,1,0.203749,5.000000,14
652,375,0.299315,89556,8.973424381,8.977000000,3.575619,1,0.299315,5.000000,14
653,375,0.344757,89556,8.992156252,8.998500000,6.343748,0,10.219905,5.000000,14
655,375,0.855733,89556,9.012828429,9.022500000,9.671571,0,10.219905,5.000000,14
656,375,0.792204,89556,9.031857827,9.036000000,4.142173,1,0.792204,5.000000,14
658,375,0.619217,89556,9.051358055,9.059000000,7.641945,0,10.219905,5.000000,14
659,375,1.064972,89556,9.070257709,9.073500000,3.242291,1,1.064972,5.000000,14
660,375,1.607349,89556,9.089721977,9.093500000,3.778023,1,1.607349,5.000000,14
663,375,0.905686,89556,9.128467394,9.187500000,59.032606,0,10.219905,5.000000,14
664,375,1.136963,89556,9.147441183,9.187500000,40.058817,0,10.219905,5.000000,14
665,375,1.509295,89556,9.165966638,9.187500000,21.533362,0,10.219905,5.000000,14
666,375,1.469328,89556,9.184496224,9.189500000,5.003776,0,10.219905,5.000000,14
667,375,1.422534,89556,9.203971942,9.211500000,7.528058,0,10.219905,5.000000,14
669,375,0.726523,89556,9.223079657,9.232500000,9.420343,0,10.219905,5.000000,14
671,375,1.604721,89556,9.243380215,9.247000000,3.619785,1,1.604721,5.000000,14
672,375,2.288220,89556,9.263653826,9.269500000,5.846174,0,10.219905,5.000000,14
673,375,2.016191,89556,9.282018066,9.286500000,4.481934,1,2.016191,5.000000,14
675,375,1.581052,89556,9.321090170,9.383500000,62.409830,0,10.219905,5.000000,14
676,375,1.527065,89556,9.340891834,9.383500000,42.608166,0,10.219905,5.000000,14
677,375,0.957366,89556,9.359495044,9.383500000,24.004956,0,10.219905,5.000000,14
681,375,1.341128,89556,9.378588993,9.384000000,5.411007,0,10.219905,5.000000,14
682,375,1.247386,89556,9.399351189,9.415000000,15.648811,0,10.219905,5.000000,14
683,375,1.428664,89556,9.418419961,9.422000000,3.580039,1,1.428664,5.000000,14
684,375,1.916129,89556,9.437010960,9.441000000,3.989040,1,1.916129,5.000000,14
685,375,1.542332,89556,9.457864972,9.465500000,7.635028,0,10.219905,5.000000,14
686,375,1.512096,89556,9.477008196,9.482000000,4.991804,1,1.512096,5.000000,14
687,375,2.162156,89556,9.496586627,9.500500000,3.913373,1,2.162156,5.000000,14
688,375,1.937396,89556,9.515685572,9.522500000,6.814428,0,10.219905,5.000000,14
689,375,1.577384,89556,9.534502738,9.538000000,3.497262,1,1.577384,5.000000,14
690,375,1.547981,89556,9.555172016,9.558500000,3.327984,1,1.547981,5.000000,14
691,375,1.203840,89556,9.578021052,9.581500000,3.478948,1,1.203840,5.000000,14
692,375,0.591067,89556,9.596352739,9.600000000,3.647261,1,0.591067,5.000000,14
694,375,0.499179,89556,9.617093432,9.628000000,10.906568,0,10.219905,5.000000,14
696,375,0.628239,89556,9.636159624,9.640500000,4.340376,1,0.628239,5.000000,14
697,375,0.557254,89556,9.654628578,9.659000000,4.371422,1,0.557254,5.000000,14
698,375,0.476370,89556,9.674663657,9.678000000,3.336343,1,0.476370,5.000000,14
699,375,0.416707,89556,9.694749377,9.698500000,3.750623,1,0.416707,5.000000,14
701,375,0.527226,89556,9.714704749,9.722000000,7.295251,0,10.219905,5.000000,14
702,375,0.581555,89556,9.736356479,9.741500000,5.143521,0,10.219905,5.000000,14
703,375,0.560778,89556,9.758387290,9.761500000,3.112710,1,0.560778,5.000000,14
704,375,0.350675,89556,9.776733504,9.782000000,5.266496,0,10.219905,5.000000,14
706,375,0.293186,89556,9.795922495,9.799500000,3.577505,1,0.293186,5.000000,14
708,375,0.538735,89556,9.816358940,9.819500000,3.141060,1,0.538735,5.000000,14
709,375,0.592531,89556,9.835956459,9.840000000,4.043541,1,0.592531,5.000000,14
710,375,0.794355,89556,9.855589819,9.859500000,3.910181,1,0.794355,5.000000,14
711,375,1.054290,89556,9.875505971,9.879500000,3.994029,1,1.054290,5.000000,14
712,375,0.965672,89556,9.894235947,9.899000000,4.764053,1,0.965672,5.000000,14
713,375,0.972716,89556,9.912569186,9.917500000,4.930814,1,0.972716,5.000000,14
714,375,1.071028,89556,9.934820117,9.938000000,3.179883,1,1.071028,5.000000,14
715,375,0.892438,89556,9.953178690,9.956500000,3.321310,1,0.892438,5.000000,14
716,375,0.755864,89556,9.973432702,9.976500000,3.067298,1,0.755864,5.000000,14
717,375,0.764034,89556,9.994049269,9.998500000,4.450731,1,0.764034,5.000000,14
718,375,0.647483,89556,10.012533978,10.018500000,5.966022,0,10.219905,5.000000,14
720,375,0.393307,89556,10.030788414,10.034000000,3.211586,1,0.393307,5.000000,14
721,375,0.412920,89556,10.050899764,10.055000000,4.100236,1,0.412920,5.000000,14
722,375,0.541379,89556,10.071041445,10.075000000,3.958555,1,0.541379,5.000000,14
723,375,0.634437,89556,10.089929973,10.094500000,4.570027,1,0.634437,5.000000,14
724,375,0.528038,89556,10.108785616,10.115000000,6.214384,0,10.219905,5.000000,14
725,375,0.387326,89556,10.127465953,10.132000000,4.534047,1,0.387326,5.000000,14
726,375,0.357903,89556,10.147261137,10.152500000,5.238863,0,10.219905,5.000000,14
728,375,0.214336,89556,10.165742258,10.169000000,3.257742,1,0.214336,5.000000,14
730,375,0.284811,89556,10.186443155,10.190500000,4.056845,1,0.284811,5.000000,14
731,375,0.472153,89556,10.207121321,10.212500000,5.378679,0,10.219905,5.000000,14
732,375,0.602498,89556,10.228198711,10.235000000,6.801289,0,10.219905,5.000000,14
733,375,0.549149,89556,10.247189244,10.252500000,5.310756,0,10.219905,5.000000,14
734,375,0.554530,89556,10.266866016,10.270000000,3.133984,1,0.554530,5.000000,14
735,375,0.562979,89556,10.287056436,10.291000000,3.943564,1,0.562979,5.000000,14
737,375,0.482076,89556,10.306839006,10.313000000,6.160994,0,10.219905,5.000000,14
738,375,0.509207,89556,10.325790073,10.329500000,3.709927,1,0.509207,5.000000,14
739,375,0.407814,89556,10.345205239,10.350500000,5.294761,0,10.219905,5.000000,14
740,375,0.234153,89556,10.365357702,10.368500000,3.142298,1,0.234153,5.000000,14
743,375,0.361675,89556,10.383751362,10.388000000,4.248638,1,0.361675,5.000000,14
744,375,0.446862,89556,10.404412150,10.407500000,3.087850,1,0.446862,5.000000,14
745,375,0.369992,89556,10.423934909,10.427500000,3.565091,1,0.369992,5.000000,14
747,375,0.158684,89556,10.444713852,10.450000000,5.286148,0,10.219905,5.000000,14
749,375,0.436643,89556,10.464281881,10.467500000,3.218119,1,0.436643,5.000000,14
750,375,0.494327,89556,10.483637250,10.488000000,4.362750,1,0.494327,5.000000,14
751,375,0.577328,89556,10.502735406,10.508500000,5.764594,0,10.219905,5.000000,15
752,375,0.539854,89556,10.522878009,10.526000000,3.121991,1,0.539854,5.000000,14
753,375,0.566669,89556,10.541434297,10.544500000,3.065703,1,0.566669,5.000000,14
754,375,0.476282,89556,10.559964814,10.564500000,4.535186,1,0.476282,5.000000,14
757,375,0.183051,89556,10.578278776,10.581500000,3.221224,1,0.183051,5.000000,14
758,375,0.253869,89556,10.597795051,10.605500000,7.704949,0,10.219905,5.000000,14
760,375,0.320109,89556,10.616293054,10.619500000,3.206946,1,0.320109,5.000000,14
762,375,0.322203,89556,10.635772167,10.639000000,3.227833,1,0.322203,5.000000,14
763,375,0.261865,89556,10.654259764,10.657500000,3.240236,1,0.261865,5.000000,14
766,375,0.289929,89556,10.673897787,10.677000000,3.102213,1,0.289929,5.000000,14
768,375,0.498057,89556,10.692314675,10.695500000,3.185325,1,0.498057,5.000000,14
769,375,0.529050,89556,10.711333007,10.716000000,4.666993,1,0.529050,5.000000,14
770,375,0.527221,89556,10.732533359,10.736000000,3.466641,1,0.527221,5.000000,14
771,375,0.465869,89556,10.751428135,10.754500000,3.071865,1,0.465869,5.000000,14
773,375,0.590790,89556,10.770691253,10.774500000,3.808747,1,0.590790,5.000000,14
774,375,0.812634,89556,10.790028802,10.793500000,3.471198,1,0.812634,5.000000,14
775,375,0.914416,89556,10.809324114,10.813000000,3.675886,1,0.914416,5.000000,14
776,375,1.030406,89556,10.829288962,10.833000000,3.711038,1,1.030406,5.000000,14
777,375,1.051232,89556,10.847869973,10.851000000,3.130027,1,1.051232,5.000000,14
778,375,1.003334,89556,10.866887205,10.871000000,4.112795,1,1.003334,5.000000,14
779,375,1.060860,89556,10.887869077,10.892000000,4.130923,1,1.060860,5.000000,14
780,375,0.900230,89556,10.906879648,10.913500000,6.620352,0,10.219905,5.000000,14
783,375,1.250199,89556,10.926959077,10.930000000,3.040923,1,1.250199,5.000000,14
784,375,1.441616,89556,10.947638948,10.951000000,3.361052,1,1.441616,5.000000,14
785,375,1.180456,89556,10.968436988,10.971500000,3.063012,1,1.180456,5.000000,14
788,375,0.953607,89556,10.986777485,10.990000000,3.222515,1,0.953607,5.000000,14
791,375,1.336557,89556,11.006646319,11.012500000,5.853681,0,10.219905,5.000000,14
792,375,0.941484,89556,11.025296652,11.029000000,3.703348,1,0.941484,5.000000,14
793,375,1.414195,89556,11.047092891,11.051500000,4.407109,1,1.414195,5.000000,14
794,375,1.065162,89556,11.065732138,11.069500000,3.767862,1,1.065162,5.000000,14
795,375,1.313941,89556,11.087319720,11.091000000,3.680280,1,1.313941,5.000000,14
796,375,1.495018,89556,11.108933761,11.118000000,9.066239,0,10.219905,5.000000,14
797,375,1.275519,89556,11.129542070,11.133000000,3.457930,1,1.275519,5.000000,14
799,375,2.015157,89556,11.148320545,11.153000000,4.679455,1,2.015157,5.000000,14
800,375,2.986886,89556,11.169400968,11.173000000,3.599032,1,2.986886,5.000000,14
803,375,1.836276,89556,11.187950486,11.193500000,5.549514,0,10.219905,5.000000,14
805,375,1.569921,89556,11.227307321,11.293500000,66.192679,0,10.219905,5.000000,14
806,375,1.908199,89556,11.250741424,11.293500000,42.758576,0,10.219905,5.000000,14
811,375,1.795675,89556,11.270846105,11.293500000,22.653895,0,10.219905,5.000000,14
813,375,1.623113,89556,11.289509338,11.293500000,3.990662,1,1.623113,5.000000,14
814,375,2.095625,89556,11.307956976,11.316500000,8.543024,0,10.219905,5.000000,14
815,375,3.183251,89556,11.327827362,11.331000000,3.172638,1,3.183251,5.000000,14
816,375,2.790434,89556,11.346525657,11.350500000,3.974343,1,2.790434,5.000000,14
817,375,2.091555,89556,11.365508196,11.371000000,5.491804,0,10.219905,5.000000,14
818,375,1.350620,89556,11.386669476,11.390500000,3.830524,1,1.350620,5.000000,14
822,375,1.710371,89556,11.425842904,11.487500000,61.657096,0,10.219905,5.000000,14
823,375,1.921946,89556,11.445195415,11.487500000,42.304585,0,10.219905,5.000000,14
824,375,2.171719,89556,11.464944584,11.487500000,22.555416,0,10.219905,5.000000,14
825,375,1.974991,89556,11.484637256,11.490000000,5.362744,0,10.219905,5.000000,14
826,375,1.799969,89556,11.502962756,11.510000000,7.037244,0,10.219905,5.000000,14
827,375,1.753771,89556,11.521580026,11.525000000,3.419974,1,1.753771,5.000000,14
828,375,1.394956,89556,11.540214428,11.543500000,3.285572,1,1.394956,5.000000,14
830,375,0.668832,89556,11.559886065,11.563000000,3.113935,1,0.668832,5.000000,14
831,375,1.058195,89556,11.581611821,11.585000000,3.388179,1,1.058195,5.000000,14
832,375,0.557003,89556,11.599968257,11.605500000,5.531743,0,10.219905,5.000000,14
833,375,0.409818,89556,11.619084525,11.623000000,3.915475,1,0.409818,5.000000,14
835,375,0.252680,89556,11.640487665,11.644000000,3.512335,1,0.252680,5.000000,14
836,375,0.288926,89556,11.659874473,11.663000000,3.125527,1,0.288926,5.000000,14
837,375,0.199969,89556,11.680028403,11.684500000,4.471597,1,0.199969,5.000000,14
842,375,0.563806,89556,11.699691518,11.709500000,9.808482,0,10.219905,5.000000,14
843,375,0.355632,89556,11.718272180,11.723500000,5.227820,0,10.219905,5.000000,14
844,375,0.180194,89556,11.740556041,11.746000000,5.443959,0,10.219905,5.000000,14
846,375,0.533085,89556,11.760369034,11.766000000,5.630966,0,10.219905,5.000000,14
847,375,0.764480,89556,11.778717119,11.782000000,3.282881,1,0.764480,5.000000,14
849,375,0.982262,89556,11.819256523,11.899500000,80.243477,0,10.219905,5.000000,14
850,375,1.014842,89556,11.839011564,11.899500000,60.488436,0,10.219905,5.000000,14
851,375,1.150508,89556,11.857990148,11.899500000,41.509852,0,10.219905,5.000000,14
852,375,0.916104,89556,11.877824032,11.899500000,21.675968,0,10.219905,5.000000,14
853,375,0.731647,89556,11.896824931,11.900000000,3.175069,1,0.731647,5.000000,14
854,375,0.695766,89556,11.916223658,11.925000000,8.776342,0,10.219905,5.000000,14
855,375,0.443931,89556,11.934751420,11.938000000,3.248580,1,0.443931,5.000000,14
858,375,0.177185,89556,11.955211112,11.959500000,4.288888,1,0.177185,5.000000,14
860,375,0.246970,89556,11.976322960,11.979500000,3.177040,1,0.246970,5.000000,14
862,375,0.346654,89556,11.994619946,12.003500000,8.880054,0,10.219905,5.000000,14
863,375,0.364110,89556,12.016083138,12.024500000,8.416862,0,10.219905,5.000000,14
864,375,0.454692,89556,12.037594132,12.041000000,3.405868,1,0.454692,5.000000,14
865,375,0.367407,89556,12.057846635,12.061000000,3.153365,1,0.367407,5.000000,14
868,375,0.268369,89556,12.078990155,12.082500000,3.509845,1,0.268369,5.000000,14
870,375,0.358906,89556,12.101822812,12.110500000,8.677188,0,10.219905,5.000000,14
871,375,0.357180,89556,12.124469986,12.128000000,3.530014,1,0.357180,5.000000,14
872,375,0.282623,89556,12.143748718,12.147000000,3.251282,1,0.282623,5.000000,14
875,375,0.188474,89556,12.162653478,12.168000000,5.346522,0,10.219905,5.000000,14
876,375,0.265996,89556,12.182405816,12.185500000,3.094184,1,0.265996,5.000000,14
877,375,0.320606,89556,12.201527574,12.210500000,8.972426,0,10.219905,5.000000,14
878,375,0.259427,89556,12.219766986,12.223000000,3.233014,1,0.259427,5.000000,14
880,375,0.207727,89556,12.240375201,12.243500000,3.124799,1,0.207727,5.000000,14
882,375,0.334166,89556,12.258873910,12.265000000,6.126090,0,10.219905,5.000000,14
883,375,0.400028,89556,12.280373710,12.284000000,3.626290,1,0.400028,5.000000,14
884,375,0.370108,89556,12.300354013,12.307500000,7.145987,0,10.219905,5.000000,14
885,375,0.334328,89556,12.319956958,12.323000000,3.043042,1,0.334328,5.000000,14
886,375,0.356822,89556,12.339636868,12.343000000,3.363132,1,0.356822,5.000000,14
887,375,0.262982,89556,12.359855312,12.363000000,3.144688,1,0.262982,5.000000,14
891,375,0.285225,89556,12.379418052,12.382500000,3.081948,1,0.285225,5.000000,14
892,375,0.367950,89556,12.399915114,12.408500000,8.584886,0,10.219905,5.000000,14
893,375,0.385098,89556,12.421899153,12.430500000,8.600847,0,10.219905,5.000000,14
894,375,0.414302,89556,12.441140024,12.444500000,3.359976,1,0.414302,5.000000,14
895,375,0.470377,89556,12.462434632,12.465500000,3.065368,1,0.470377,5.000000,14
896,375,0.422533,89556,12.481372501,12.484500000,3.127499,1,0.422533,5.000000,14
897,375,0.441173,89556,12.500635790,12.506500000,5.864210,0,10.219905,5.000000,14
898,375,0.436921,89556,12.522553371,12.526000000,3.446629,1,0.436921,5.000000,14
899,375,0.328550,89556,12.545108810,12.548500000,3.391190,1,0.328550,5.000000,14
901,375,0.148704,89556,12.564271932,12.567500000,3.228068,1,0.148704,5.000000,14
904,375,0.229768,89556,12.583422955,12.588000000,4.577045,1,0.229768,5.000000,14
905,375,0.224957,89556,12.601962897,12.610500000,8.537103,0,10.219905,5.000000,14
906,375,0.229850,89556,12.623334713,12.626500000,3.165287,1,0.229850,5.000000,14
908,375,0.247329,89556,12.643418888,12.647000000,3.581112,1,0.247329,5.000000,14
909,375,0.248323,89556,12.664007226,12.667500000,3.492774,1,0.248323,5.000000,14
910,375,0.267043,89556,12.685368411,12.690500000,5.131589,0,10.219905,5.000000,14
913,375,0.307558,89556,12.704744883,12.711000000,6.255117,0,10.219905,5.000000,14
914,375,0.317949,89556,12.727204339,12.730500000,3.295661,1,0.317949,5.000000,14
915,375,0.243631,89556,12.746876186,12.750000000,3.123814,1,0.243631,5.000000,14
917,375,0.298200,89556,12.767431864,12.771000000,3.568136,1,0.298200,5.000000,14
918,375,0.367654,89556,12.785822902,12.789000000,3.177098,1,0.367654,5.000000,14
920,375,0.414704,89556,12.827779930,12.910000000,82.220070,0,10.219905,5.000000,14
921,375,0.368057,89556,12.846780155,12.910000000,63.219845,0,10.219905,5.000000,14
922,375,0.385941,89556,12.865044467,12.910000000,44.955533,0,10.219905,5.000000,14
924,375,0.380820,89556,12.884809426,12.910000000,25.190574,0,10.219905,5.000000,14
925,375,0.441866,89556,12.903736554,12.910000000,6.263446,0,10.219905,5.000000,14
926,375,0.379897,89556,12.923423510,12.927500000,4.076490,1,0.379897,5.000000,14
927,375,0.343813,89556,12.942640098,12.946000000,3.359902,1,0.343813,5.000000,14
928,375,0.407720,89556,12.962450223,12.965500000,3.049777,1,0.407720,5.000000,14
932,375,0.521380,89556,12.982274897,12.986000000,3.725103,1,0.521380,5.000000,14
933,375,0.706663,89556,13.003192553,13.010000000,6.807447,0,10.219905,5.000000,14
934,375,0.691640,89556,13.021789471,13.025000000,3.210529,1,0.691640,5.000000,14
935,375,0.580169,89556,13.040627515,13.044000000,3.372485,1,0.580169,5.000000,14
936,375,0.421573,89556,13.059410887,13.062500000,3.089113,1,0.421573,5.000000,14
938,375,0.543347,89556,13.079306774,13.084500000,5.193226,0,10.219905,5.000000,14
939,375,0.533872,89556,13.098584411,13.103500000,4.915589,1,0.533872,5.000000,14
943,375,0.602995,89556,13.117258895,13.121000000,3.741105,1,0.602995,5.000000,14
944,375,0.882307,89556,13.135779323,13.141500000,5.720677,0,10.219905,5.000000,14
946,375,1.044869,89556,13.154113605,13.157500000,3.386395,1,1.044869,5.000000,14
947,375,0.768870,89556,13.173640178,13.177500000,3.859822,1,0.768870,5.000000,14
948,375,0.633779,89556,13.192584943,13.196000000,3.415057,1,0.633779,5.000000,14
950,375,0.622421,89556,13.211033519,13.220000000,8.966481,0,10.219905,5.000000,14
951,375,0.639355,89556,13.233641373,13.237000000,3.358627,1,0.639355,5.000000,14
953,375,0.837776,89556,13.252860807,13.256000000,3.139193,1,0.837776,5.000000,14
954,375,1.050785,89556,13.271804364,13.277000000,5.195636,0,10.219905,5.000000,14
955,375,2.141193,89556,13.292250644,13.295500000,3.249356,1,2.141193,5.000000,14
956,375,2.202426,89556,13.310736024,13.316500000,5.763976,0,10.219905,5.000000,14
957,375,1.341676,89556,13.329977972,13.333500000,3.522028,1,1.341676,5.000000,14
958,375,1.509608,89556,13.351365855,13.354500000,3.134145,1,1.509608,5.000000,14
959,375,1.357144,89556,13.370859659,13.375000000,4.140341,1,1.357144,5.000000,14
960,375,0.977445,89556,13.391047585,13.394500000,3.452415,1,0.977445,5.000000,14
961,375,0.807393,89556,13.410360314,13.506000000,95.639686,0,10.219905,5.000000,14
963,375,0.892941,89556,13.429637816,13.506000000,76.362184,0,10.219905,5.000000,14
966,375,0.808432,89556,13.449501018,13.506000000,56.498982,0,10.219905,5.000000,14
967,375,0.813833,89556,13.469109360,13.506000000,36.890640,0,10.219905,5.000000,14
968,375,0.927593,89556,13.488681852,13.506000000,17.318148,0,10.219905,5.000000,14
970,375,0.765730,89556,13.508849616,13.512000000,3.150384,1,0.765730,5.000000,14
971,375,0.812669,89556,13.527995584,13.531500000,3.504416,1,0.812669,5.000000,14
972,375,0.592002,89556,13.548827100,13.552000000,3.172900,1,0.592002,5.000000,14
974,375,0.562838,89556,13.569962851,13.573000000,3.037149,1,0.562838,5.000000,14
975,375,0.501073,89556,13.589667846,13.593000000,3.332154,1,0.501073,5.000000,14
977,375,0.826325,89556,13.607962191,13.614000000,6.037809,0,10.219905,5.000000,14
978,375,0.528640,89556,13.626739702,13.630000000,3.260298,1,0.528640,5.000000,14
980,375,0.447116,89556,13.647443672,13.650500000,3.056328,1,0.447116,5.000000,14
981,375,0.607713,89556,13.668177673,13.671500000,3.322327,1,0.607713,5.000000,14
982,375,0.639489,89556,13.686642540,13.690000000,3.357460,1,0.639489,5.000000,14
983,375,0.520946,89556,13.705105630,13.711500000,6.394370,0,10.219905,5.000000,14
984,375,0.449085,89556,13.726008181,13.731500000,5.491819,0,10.219905,5.000000,14
985,375,0.354327,89556,13.744426304,13.747500000,3.073696,1,0.354327,5.000000,14
987,375,0.400646,89556,13.764649774,13.768000000,3.350226,1,0.400646,5.000000,14
988,375,0.397627,89556,13.784459248,13.787500000,3.040752,1,0.397627,5.000000,14
989,375,0.387195,89556,13.803355704,13.811500000,8.144296,0,10.219905,5.000000,14
991,375,0.392609,89556,13.823958592,13.827500000,3.541408,1,0.392609,5.000000,14
992,375,0.482469,89556,13.842906533,13.847000000,4.093467,1,0.482469,5.000000,14
993,375,0.808218,89556,13.861529236,13.866000000,4.470764,1,0.808218,5.000000,14
994,375,0.922390,89556,13.879973265,13.884000000,4.026735,1,0.922390,5.000000,14
995,375,0.923617,89556,13.901529331,13.908000000,6.470669,0,10.219905,5.000000,14
996,375,0.988845,89556,13.921163925,13.924500000,3.336075,1,0.988845,5.000000,14
997,375,1.060642,89556,13.940207946,13.945000000,4.792054,1,1.060642,5.000000,14
998,375,1.060261,89556,13.960018743,13.963500000,3.481257,1,1.060261,5.000000,14
999,375,1.146861,89556,13.983063847,13.986500000,3.436153,1,1.146861,5.000000,14
1000,375,1.296521,89556,14.004067802,14.007500000,3.432198,1,1.296521,5.000000,14
1002,375,1.028046,89556,14.024808546,14.028000000,3.191454,1,1.028046,5.000000,14
1003,375,0.981566,89556,14.044289611,14.047500000,3.210389,1,0.981566,5.000000,14
1006,375,1.021105,89556,14.064598446,14.069500000,4.901554,1,1.021105,5.000000,14
1007,375,1.152365,89556,14.083791416,14.087000000,3.208584,1,1.152365,5.000000,14
1008,375,1.436838,89556,14.102172949,14.108000000,5.827051,0,10.219905,5.000000,14
1009,375,1.409282,89556,14.120491896,14.124000000,3.508104,1,1.409282,5.000000,14
1011,375,1.237586,89556,14.138923252,14.143000000,4.076748,1,1.237586,5.000000,14
1012,375,1.397259,89556,14.162007725,14.165500000,3.492275,1,1.397259,5.000000,14
1013,375,1.142586,89556,14.181107705,14.185500000,4.392295,1,1.142586,5.000000,14
1015,375,0.919578,89556,14.199591784,14.205500000,5.908216,0,10.219905,5.000000,14
1016,375,1.008704,89556,14.221516782,14.226000000,4.483218,1,1.008704,5.000000,14
1018,375,0.944665,89556,14.240123724,14.243500000,3.376276,1,0.944665,5.000000,14
1019,375,1.061921,89556,14.258695285,14.262000000,3.304715,1,1.061921,5.000000,14
1020,375,1.287915,89556,14.278369859,14.281500000,3.130141,1,1.287915,5.000000,14
1021,375,1.389893,89556,14.297205445,14.300500000,3.294555,1,1.389893,5.000000,14
1022,375,1.201232,89556,14.318814242,14.322000000,3.185758,1,1.201232,5.000000,14
1024,375,0.916441,89556,14.337300220,14.340500000,3.199780,1,0.916441,5.000000,14
1026,375,0.902702,89556,14.357329854,14.360500000,3.170146,1,0.902702,5.000000,14
1028,375,0.805535,89556,14.376884185,14.380000000,3.115815,1,0.805535,5.000000,14
1030,375,0.237387,89556,14.395786314,14.399000000,3.213686,1,0.237387,5.000000,14
1031,375,0.415038,89556,14.416866377,14.420000000,3.133623,1,0.415038,5.000000,14
1032,375,0.203149,89556,14.435775526,14.439000000,3.224474,1,0.203149,5.000000,14
1035,375,0.104925,89556,14.455984262,14.459500000,3.515738,1,0.104925,5.000000,14
1037,375,0.142180,89556,14.474596892,14.478000000,3.403108,1,0.142180,5.000000,14
1038,375,0.154219,89556,14.494748982,14.498000000,3.251018,1,0.154219,5.000000,14
1039,375,0.179333,89556,14.514143569,14.520000000,5.856431,0,10.219905,5.000000,14
1040,375,0.179434,89556,14.532418070,14.535500000,3.081930,1,0.179434,5.000000,14
1042,375,0.192922,89556,14.551517513,14.555000000,3.482487,1,0.192922,5.000000,14
1043,375,0.175292,89556,14.572375658,14.575500000,3.124342,1,0.175292,5.000000,14
1045,375,0.162790,89556,14.590840425,14.594000000,3.159575,1,0.162790,5.000000,14
1046,375,0.123892,89556,14.609918337,14.616000000,6.081663,0,10.219905,5.000000,14
1049,375,0.109766,89556,14.630168710,14.633500000,3.331290,1,0.109766,5.000000,14
1051,375,0.153505,89556,14.649933286,14.653000000,3.066714,1,0.153505,5.000000,14
1052,375,0.157216,89556,14.670866019,14.674000000,3.133981,1,0.157216,5.000000,14
1053,375,0.170923,89556,14.689652046,14.693000000,3.347954,1,0.170923,5.000000,14
1054,375,0.175347,89556,14.708152130,14.711500000,3.347870,1,0.175347,5.000000,14
1057,375,0.241953,89556,14.727184491,14.730500000,3.315509,1,0.241953,5.000000,14
1058,375,0.512501,89556,14.747469100,14.750500000,3.030900,1,0.512501,5.000000,14
1059,375,0.441725,89556,14.766438885,14.769500000,3.061115,1,0.441725,5.000000,14
1060,375,0.474161,89556,14.787608184,14.791000000,3.391816,1,0.474161,5.000000,14
1063,375,0.348828,89556,14.826188473,14.906000000,79.811527,0,10.219905,5.000000,14
1064,375,0.297622,89556,14.846714141,14.906000000,59.285859,0,10.219905,5.000000,14
1065,375,0.283161,89556,14.865381479,14.906000000,40.618521,0,10.219905,5.000000,14
1066,375,0.285833,89556,14.884426224,14.906000000,21.573776,0,10.219905,5.000000,14
1067,375,0.238156,89556,14.902945555,14.906000000,3.054445,1,0.238156,5.000000,14
1069,375,0.360223,89556,14.921742342,14.925000000,3.257658,1,0.360223,5.000000,14
1070,375,0.292737,89556,14.940302478,14.943500000,3.197522,1,0.292737,5.000000,14
1071,375,0.285616,89556,14.958607518,14.962000000,3.392482,1,0.285616,5.000000,14
1072,375,0.206858,89556,14.980036002,14.983500000,3.463998,1,0.206858,5.000000,14
1074,375,0.141765,89556,14.998992790,15.002500000,3.507210,1,0.141765,5.000000,14
1076,375,0.190987,89556,15.018214313,15.021500000,3.285687,1,0.190987,5.000000,14
1077,375,0.237425,89556,15.036758269,15.040000000,3.241731,1,0.237425,5.000000,14
1078,375,0.218489,89556,15.056039452,15.059500000,3.460548,1,0.218489,5.000000,14
1079,375,0.201504,89556,15.077569921,15.081000000,3.430079,1,0.201504,5.000000,14
1081,375,0.188479,89556,15.097819676,15.101000000,3.180324,1,0.188479,5.000000,14
1082,375,0.114002,89556,15.116121008,15.119500000,3.378992,1,0.114002,5.000000,14
1085,375,0.301498,89556,15.137448202,15.140500000,3.051798,1,0.301498,5.000000,14
1086,375,0.343568,89556,15.157300485,15.160500000,3.199515,1,0.343568,5.000000,14
1087,375,0.265727,89556,15.175610412,15.179000000,3.389588,1,0.265727,5.000000,14
1088,375,0.199574,89556,15.194494077,15.198000000,3.505923,1,0.199574,5.000000,14
1090,375,0.190601,89556,15.213496658,15.217000000,3.503342,1,0.190601,5.000000,14
1092,375,0.273268,89556,15.232559633,15.236000000,3.440367,1,0.273268,5.000000,14
1093,375,0.272973,89556,15.251730871,15.255000000,3.269129,1,0.272973,5.000000,14
1095,375,0.351934,89556,15.270209682,15.273500000,3.290318,1,0.351934,5.000000,14
1096,375,0.328250,89556,15.290547945,15.294000000,3.452055,1,0.328250,5.000000,14
1098,375,0.206678,89556,15.309828358,15.315500000,5.671642,0,10.219905,5.000000,14
1101,375,0.172624,89556,15.329118759,15.332500000,3.381241,1,0.172624,5.000000,14
1104,375,0.199398,89556,15.350381555,15.353500000,3.118445,1,0.199398,5.000000,14
1106,375,0.477866,89556,15.369653135,15.373000000,3.346865,1,0.477866,5.000000,14
1107,375,0.728550,89556,15.388694620,15.392000000,3.305380,1,0.728550,5.000000,14
1108,375,1.127995,89556,15.408315088,15.411500000,3.184912,1,1.127995,5.000000,14
1109,375,0.533095,89556,15.428850580,15.432000000,3.149420,1,0.533095,5.000000,14
1111,375,0.526244,89556,15.448467913,15.451500000,3.032087,1,0.526244,5.000000,14
1112,375,0.671329,89556,15.469079492,15.472500000,3.420508,1,0.671329,5.000000,14
1115,375,0.596856,89556,15.487635792,15.491000000,3.364208,1,0.596856,5.000000,14
1118,375,0.693835,89556,15.507736528,15.513500000,5.763472,0,10.219905,5.000000,14
1119,375,0.858127,89556,15.527637506,15.531000000,3.362494,1,0.858127,5.000000,14
1120,375,1.179282,89556,15.547672252,15.551000000,3.327748,1,1.179282,5.000000,14
1121,375,0.843869,89556,15.568995462,15.572500000,3.504538,1,0.843869,5.000000,14
1122,375,1.202488,89556,15.588139493,15.591500000,3.360507,1,1.202488,5.000000,14
1123,375,0.718686,89556,15.607385791,15.610500000,3.114209,1,0.718686,5.000000,14
1126,375,0.808008,89556,15.626126293,15.629500000,3.373707,1,0.808008,5.000000,14
1129,375,1.612182,89556,15.645020299,15.648500000,3.479701,1,1.612182,5.000000,14
1130,375,1.715144,89556,15.665915589,15.669000000,3.084411,1,1.715144,5.000000,14
1131,375,1.125038,89556,15.687371234,15.690500000,3.128766,1,1.125038,5.000000,14
1132,375,1.123492,89556,15.710058112,15.713500000,3.441888,1,1.123492,5.000000,14
1133,375,0.876621,89556,15.730248576,15.733500000,3.251424,1,0.876621,5.000000,14
1134,375,0.816134,89556,15.748630862,15.752000000,3.369138,1,0.816134,5.000000,14
1136,375,0.562910,89556,15.769312902,15.772500000,3.187098,1,0.562910,5.000000,14
1138,375,0.786618,89556,15.788110043,15.791500000,3.389957,1,0.786618,5.000000,14
1139,375,1.549261,89556,15.806911355,15.812500000,5.588645,0,10.219905,5.000000,14
1140,375,1.282734,89556,15.826077089,15.829500000,3.422911,1,1.282734,5.000000,14
1141,375,1.393228,89556,15.846272833,15.849500000,3.227167,1,1.393228,5.000000,14
1142,375,1.178809,89556,15.866620585,15.870000000,3.379415,1,1.178809,5.000000,14
1143,375,1.138485,89556,15.887383720,15.890500000,3.116280,1,1.138485,5.000000,14
1144,375,0.826661,89556,15.908996380,15.912500000,3.503620,1,0.826661,5.000000,14
1145,375,0.770971,89556,15.928845941,15.932000000,3.154059,1,0.770971,5.000000,14
1147,375,0.589949,89556,15.947657533,15.951000000,3.342467,1,0.589949,5.000000,14
1148,375,0.340221,89556,15.966375932,15.969500000,3.124068,1,0.340221,5.000000,14
1150,375,0.407159,89556,15.986700715,15.990000000,3.299285,1,0.407159,5.000000,14
1152,375,0.588956,89556,16.005724032,16.009000000,3.275968,1,0.588956,5.000000,14
1153,375,0.786095,89556,16.025808622,16.029000000,3.191378,1,0.786095,5.000000,14
1154,375,0.796799,89556,16.045444805,16.048500000,3.055195,1,0.796799,5.000000,14
1155,375,0.850612,89556,16.064738540,16.068000000,3.261460,1,0.850612,5.000000,14
1156,375,0.824577,89556,16.084417505,16.087500000,3.082495,1,0.824577,5.000000,14
1157,375,0.684018,89556,16.104498489,16.108000000,3.501511,1,0.684018,5.000000,14
1158,375,0.697261,89556,16.124002062,16.127500000,3.497938,1,0.697261,5.000000,14
1159,375,0.505563,89556,16.142745427,16.146000000,3.254573,1,0.505563,5.000000,14
1160,375,0.350638,89556,16.161898562,16.165000000,3.101438,1,0.350638,5.000000,14
1162,375,0.235412,89556,16.182424261,16.185500000,3.075739,1,0.235412,5.000000,14
1164,375,0.215456,89556,16.201507450,16.205000000,3.492550,1,0.215456,5.000000,14
1166,375,0.396560,89556,16.222029673,16.225500000,3.470327,1,0.396560,5.000000,14
1167,375,0.463873,89556,16.242647615,16.246000000,3.352385,1,0.463873,5.000000,14
1168,375,0.415323,89556,16.262648394,16.266000000,3.351606,1,0.415323,5.000000,14
1169,375,0.450333,89556,16.285923661,16.289000000,3.076339,1,0.450333,5.000000,14
1170,375,0.511740,89556,16.306817086,16.318000000,11.182914,0,10.219905,5.000000,14
1171,375,0.450660,89556,16.327818604,16.331000000,3.181396,1,0.450660,5.000000,14
1172,375,0.389706,89556,16.347093382,16.350500000,3.406618,1,0.389706,5.000000,14
1174,375,0.239583,89556,16.365885953,16.369000000,3.114047,1,0.239583,5.000000,14
1175,375,0.222402,89556,16.386908866,16.390000000,3.091134,1,0.222402,5.000000,14
1176,375,0.222664,89556,16.405859811,16.414500000,8.640189,0,10.219905,5.000000,14
1180,375,0.197939,89556,16.426810861,16.430000000,3.189139,1,0.197939,5.000000,14
1181,375,0.260161,89556,16.446167466,16.449500000,3.332534,1,0.260161,5.000000,14
1182,375,0.307381,89556,16.464476644,16.468000000,3.523356,1,0.307381,5.000000,14
1183,375,0.259456,89556,16.483392585,16.486500000,3.107415,1,0.259456,5.000000,14
1184,375,0.203987,89556,16.501870287,16.507500000,5.629713,0,10.219905,5.000000,14
1188,375,0.173887,89556,16.520163166,16.523500000,3.336834,1,0.173887,5.000000,14
1191,375,0.254959,89556,16.539999820,16.543500000,3.500180,1,0.254959,5.000000,14
1192,375,0.270929,89556,16.558388522,16.561500000,3.111478,1,0.270929,5.000000,14
1193,375,0.259408,89556,16.577454585,16.580500000,3.045415,1,0.259408,5.000000,14
1197,375,0.661510,89556,16.597101783,16.600500000,3.398217,1,0.661510,5.000000,14
1198,375,0.713971,89556,16.615636393,16.621500000,5.863607,0,10.219905,5.000000,14
1199,375,0.734129,89556,16.635131783,16.638500000,3.368217,1,0.734129,5.000000,14
1201,375,0.825813,89556,16.654805275,16.658000000,3.194725,1,0.825813,5.000000,14
1202,375,1.064067,89556,16.675187124,16.678500000,3.312876,1,1.064067,5.000000,14
1203,375,0.990078,89556,16.693964669,16.697000000,3.035331,1,0.990078,5.000000,14
1204,375,1.028795,89556,16.713815476,16.720000000,6.184524,0,10.219905,5.000000,14
1205,375,0.993684,89556,16.733064738,16.736500000,3.435262,1,0.993684,5.000000,14
1206,375,0.615995,89556,16.751872055,16.755000000,3.127945,1,0.615995,5.000000,14
1209,375,0.589967,89556,16.775141967,16.778500000,3.358033,1,0.589967,5.000000,14
1212,375,1.065965,89556,16.796182622,16.802500000,6.317378,0,10.219905,5.000000,14
1214,375,0.977809,89556,16.815970866,16.819000000,3.029134,1,0.977809,5.000000,14
1215,375,0.926947,89556,16.834723652,16.838000000,3.276348,1,0.926947,5.000000,14
1217,375,0.861108,89556,16.853889901,16.857000000,3.110099,1,0.861108,5.000000,14
1218,375,1.012231,89556,16.872570037,16.876000000,3.429963,1,1.012231,5.000000,14
1219,375,0.990694,89556,16.893683957,16.897000000,3.316043,1,0.990694,5.000000,14
1221,375,0.772079,89556,16.913300069,16.922000000,8.699931,0,10.219905,5.000000,14
1223,375,0.781992,89556,16.931885847,16.935000000,3.114153,1,0.781992,5.000000,14
1224,375,0.817384,89556,16.950272939,16.953500000,3.227061,1,0.817384,5.000000,14
1226,375,0.842183,89556,16.969617472,16.973000000,3.382528,1,0.842183,5.000000,14
1227,375,1.169527,89556,16.990415054,16.993500000,3.084946,1,1.169527,5.000000,14
1228,375,1.405096,89556,17.009061381,17.015500000,6.438619,0,10.219905,5.000000,14
1230,375,0.957137,89556,17.028045177,17.031500000,3.454823,1,0.957137,5.000000,14
1231,375,0.475528,89556,17.046342952,17.049500000,3.157048,1,0.475528,5.000000,14
1232,375,0.576240,89556,17.064640854,17.068000000,3.359146,1,0.576240,5.000000,14
1233,375,0.338528,89556,17.083913324,17.089500000,5.586676,0,10.219905,5.000000,14
1235,375,0.213391,89556,17.103503931,17.107000000,3.496069,1,0.213391,5.000000,14
1236,375,0.212692,89556,17.122632873,17.126000000,3.367127,1,0.212692,5.000000,14
1237,375,0.214533,89556,17.141161688,17.144500000,3.338312,1,0.214533,5.000000,14
1238,375,0.181143,89556,17.160783243,17.164000000,3.216757,1,0.181143,5.000000,14
1239,375,0.149015,89556,17.181574899,17.185000000,3.425101,1,0.149015,5.000000,14
1240,375,0.136973,89556,17.202322190,17.208000000,5.677810,0,10.219905,5.000000,14
1243,375,0.168505,89556,17.222311982,17.225500000,3.188018,1,0.168505,5.000000,14
1244,375,0.166949,89556,17.241106793,17.244500000,3.393207,1,0.166949,5.000000,14
1245,375,0.219896,89556,17.262331159,17.265500000,3.168841,1,0.219896,5.000000,14
1246,375,0.247630,89556,17.281655681,17.285000000,3.344319,1,0.247630,5.000000,14
1248,375,0.229309,89556,17.300130226,17.305500000,5.369774,0,10.219905,5.000000,14
1249,375,0.232957,89556,17.320111371,17.323500000,3.388629,1,0.232957,5.000000,14
1250,375,0.194989,89556,17.340370509,17.343500000,3.129491,1,0.194989,5.000000,14
1252,375,0.125253,89556,17.359549991,17.363000000,3.450009,1,0.125253,5.000000,14
1254,375,0.109219,89556,17.378327884,17.381500000,3.172116,1,0.109219,5.000000,14
1256,375,0.147291,89556,17.397408561,17.400500000,3.091439,1,0.147291,5.000000,14
1257,375,0.178930,89556,17.416952862,17.422000000,5.047138,0,10.219905,5.000000,14
1258,375,0.218755,89556,17.435615518,17.439000000,3.384482,1,0.218755,5.000000,14
1260,375,0.259170,89556,17.453976565,17.457000000,3.023435,1,0.259170,5.000000,14
1261,375,0.314636,89556,17.473945442,17.477000000,3.054558,1,0.314636,5.000000,14
1262,375,0.264581,89556,17.493271134,17.496500000,3.228866,1,0.264581,5.000000,14
1263,375,0.255453,89556,17.512227801,17.520500000,8.272199,0,10.219905,5.000000,14
1265,375,0.229383,89556,17.531173539,17.534500000,3.326461,1,0.229383,5.000000,14
1266,375,0.236599,89556,17.549740651,17.553000000,3.259349,1,0.236599,5.000000,14
1267,375,0.270063,89556,17.568966982,17.572000000,3.033018,1,0.270063,5.000000,14
1268,375,0.211637,89556,17.589408284,17.592500000,3.091716,1,0.211637,5.000000,14
1271,375,0.140548,89556,17.609861634,17.618000000,8.138366,0,10.219905,5.000000,14
1272,375,0.239881,89556,17.629557612,17.633000000,3.442388,1,0.239881,5.000000,14
1273,375,0.281377,89556,17.650405204,17.653500000,3.094796,1,0.281377,5.000000,14
1274,375,0.271730,89556,17.669246882,17.672500000,3.253118,1,0.271730,5.000000,14
1275,375,0.298107,89556,17.688223314,17.691500000,3.276686,1,0.298107,5.000000,14
1276,375,0.342376,89556,17.711744103,17.720500000,8.755897,0,10.219905,5.000000,14
1277,375,0.322564,89556,17.730569016,17.734000000,3.430984,1,0.322564,5.000000,14
1279,375,0.309102,89556,17.752402314,17.755500000,3.097686,1,0.309102,5.000000,14
1280,375,0.299391,89556,17.771941617,17.775000000,3.058383,1,0.299391,5.000000,14
1281,375,0.264647,89556,17.791355958,17.794500000,3.144042,1,0.264647,5.000000,14
1282,375,0.313081,89556,17.813415052,17.816500000,3.084948,1,0.313081,5.000000,14
1283,375,0.252132,89556,17.833913941,17.837000000,3.086059,1,0.252132,5.000000,14
1284,375,0.205250,89556,17.852293000,17.855500000,3.207000,1,0.205250,5.000000,14
1286,375,0.182841,89556,17.874126063,17.877500000,3.373937,1,0.182841,5.000000,14
1287,375,0.179281,89556,17.893256381,17.896500000,3.243619,1,0.179281,5.000000,14
1288,375,0.204734,89556,17.912841093,17.918500000,5.658907,0,10.219905,5.000000,14
1290,375,0.237121,89556,17.931870875,17.935000000,3.129125,1,0.237121,5.000000,14
1291,375,0.273063,89556,17.952580826,17.956000000,3.419174,1,0.273063,5.000000,14
1292,375,0.250754,89556,17.972581498,17.976000000,3.418502,1,0.250754,5.000000,14
1294,375,0.297591,89556,17.992986161,17.996500000,3.513839,1,0.297591,5.000000,14
1295,375,0.286293,89556,18.011774634,18.017500000,5.725366,0,10.219905,5.000000,14
1296,375,0.273246,89556,18.032124285,18.035500000,3.375715,1,0.273246,5.000000,14
1297,375,0.326165,89556,18.050917006,18.054000000,3.082994,1,0.326165,5.000000,14
1298,375,0.285665,89556,18.069407238,18.072500000,3.092762,1,0.285665,5.000000,14
1300,375,0.235777,89556,18.090065872,18.093500000,3.434128,1,0.235777,5.000000,14
1301,375,0.219717,89556,18.110635096,18.116000000,5.364904,0,10.219905,5.000000,14
1303,375,0.227826,89556,18.129057779,18.132500000,3.442221,1,0.227826,5.000000,14
1304,375,0.215173,89556,18.147549765,18.151000000,3.450235,1,0.215173,5.000000,14
1305,375,0.209701,89556,18.166899049,18.170000000,3.100951,1,0.209701,5.000000,14
1306,375,0.255008,89556,18.185982916,18.189500000,3.517084,1,0.255008,5.000000,14
1308,375,0.263831,89556,18.205397017,18.215000000,9.602983,0,10.219905,5.000000,14
1309,375,0.308577,89556,18.224110251,18.227500000,3.389749,1,0.308577,5.000000,14
1311,375,0.323659,89556,18.243584590,18.247000000,3.415410,1,0.323659,5.000000,14
1312,375,0.375916,89556,18.262359635,18.265500000,3.140365,1,0.375916,5.000000,14
1313,375,0.349169,89556,18.282845280,18.286000000,3.154720,1,0.349169,5.000000,14
1315,375,0.392921,89556,18.323989295,18.406000000,82.010705,0,10.219905,5.000000,14
1316,375,0.345220,89556,18.344190166,18.406000000,61.809834,0,10.219905,5.000000,14
1318,375,0.277711,89556,18.364050711,18.406000000,41.949289,0,10.219905,5.000000,14
1319,375,0.291293,89556,18.382800317,18.406000000,23.199683,0,10.219905,5.000000,14
1320,375,0.232715,89556,18.402886421,18.408500000,5.613579,0,10.219905,5.000000,14
1321,375,0.238846,89556,18.423863211,18.429000000,5.136789,0,10.219905,5.000000,14
1323,375,0.221483,89556,18.442230273,18.445500000,3.269727,1,0.221483,5.000000,14
1324,375,0.251076,89556,18.463470902,18.467000000,3.529098,1,0.251076,5.000000,14
1326,375,0.324964,89556,18.483401604,18.486500000,3.098396,1,0.324964,5.000000,14
1327,375,0.349374,89556,18.503735292,18.509500000,5.764708,0,10.219905,5.000000,14
1328,375,0.306287,89556,18.523626217,18.527000000,3.373783,1,0.306287,5.000000,14
1329,375,0.302320,89556,18.546783976,18.555000000,8.216024,0,10.219905,5.000000,14
1331,375,0.262504,89556,18.565149717,18.568500000,3.350283,1,0.262504,5.000000,14
1332,375,0.261278,89556,18.586238835,18.592500000,6.261165,0,10.219905,5.000000,14
1334,375,0.240593,89556,18.604638040,18.706500000,101.861960,0,10.219905,5.000000,14
1335,375,0.193414,89556,18.625479328,18.706500000,81.020672,0,10.219905,5.000000,14
1339,375,0.332776,89556,18.645885855,18.706500000,60.614145,0,10.219905,5.000000,14
1340,375,0.401331,89556,18.664361465,18.706500000,42.138535,0,10.219905,5.000000,14
1341,375,0.669734,89556,18.687270679,18.706500000,19.229321,0,10.219905,5.000000,14
1342,375,0.707428,89556,18.707385971,18.809000000,101.614029,0,10.219905,5.000000,14
1343,375,0.644745,89556,18.726448927,18.809000000,82.551073,0,10.219905,5.000000,14
1344,375,0.671704,89556,18.746034636,18.809000000,62.965364,0,10.219905,5.000000,14
1345,375,0.783649,89556,18.767308277,18.809000000,41.691723,0,10.219905,5.000000,14
1346,375,0.756746,89556,18.787520578,18.809000000,21.479422,0,10.219905,5.000000,14
1347,375,0.755007,89556,18.807031531,18.904500000,97.468469,0,10.219905,5.000000,14
1348,375,0.870784,89556,18.828424834,18.904500000,76.075166,0,10.219905,5.000000,14
1349,375,0.815506,89556,18.847574646,18.904500000,56.925354,0,10.219905,5.000000,14
1353,375,0.507143,89556,18.866660427,18.904500000,37.839573,0,10.219905,5.000000,14
1354,375,0.616667,89556,18.885461381,18.904500000,19.038619,0,10.219905,5.000000,14
1358,375,0.497668,89556,18.909768948,18.915000000,5.231052,0,10.219905,5.000000,14
1359,375,0.850403,89556,18.930746809,18.934000000,3.253191,1,0.850403,5.000000,14
1361,375,1.044702,89556,18.950879377,18.954000000,3.120623,1,1.044702,5.000000,14
1362,375,1.236865,89556,18.971495397,18.975000000,3.504603,1,1.236865,5.000000,14
1363,375,1.211299,89556,18.991433138,18.994500000,3.066862,1,1.211299,5.000000,14
1365,375,0.712485,89556,19.011712072,19.017500000,5.787928,0,10.219905,5.000000,14
1367,375,0.763073,89556,19.031149855,19.034500000,3.350145,1,0.763073,5.000000,14
1369,375,0.650935,89556,19.054681291,19.058000000,3.318709,1,0.650935,5.000000,14
1371,375,1.708433,89556,19.073215293,19.076500000,3.284707,1,1.708433,5.000000,14
1372,375,2.134430,89556,19.093451042,19.096500000,3.048958,1,2.134430,5.000000,14
1373,375,1.374861,89556,19.112549988,19.118500000,5.950012,0,10.219905,5.000000,14
1375,375,1.110264,89556,19.132783042,19.136000000,3.216958,1,1.110264,5.000000,14
1381,375,1.415472,89556,19.151052399,19.154500000,3.447601,1,1.415472,5.000000,14
1382,375,0.881614,89556,19.170308234,19.173500000,3.191766,1,0.881614,5.000000,14
1383,375,1.192386,89556,19.190187045,19.193500000,3.312955,1,1.192386,5.000000,14
1384,375,1.316204,89556,19.210805034,19.216500000,5.694966,0,10.219905,5.000000,14
1385,375,0.989091,89556,19.231231523,19.234500000,3.268477,1,0.989091,5.000000,14
1386,375,1.092717,89556,19.250000091,19.253500000,3.499909,1,1.092717,5.000000,14
1388,375,0.964969,89556,19.268653940,19.272000000,3.346060,1,0.964969,5.000000,14
1389,375,1.226936,89556,19.290858596,19.294000000,3.141404,1,1.226936,5.000000,14
1390,375,1.359951,89556,19.312757432,19.318500000,5.742568,0,10.219905,5.000000,14
1391,375,0.997985,89556,19.332603462,19.336000000,3.396538,1,0.997985,5.000000,14
1392,375,0.922205,89556,19.354195596,19.357500000,3.304404,1,0.922205,5.000000,14
1393,375,0.908161,89556,19.376476839,19.380000000,3.523161,1,0.908161,5.000000,14
1394,375,0.706036,89556,19.394710487,19.398000000,3.289513,1,0.706036,5.000000,14
1396,375,0.332466,89556,19.416494557,19.425500000,9.005443,0,10.219905,5.000000,14
1397,375,0.296188,89556,19.438124706,19.441500000,3.375294,1,0.296188,5.000000,14
1399,375,0.328573,89556,19.458209141,19.461500000,3.290859,1,0.328573,5.000000,14
1400,375,2.554808,89556,19.478161476,19.481500000,3.338524,1,2.554808,5.000000,14
1402,375,1.383671,89556,19.520045806,19.606000000,85.954194,0,10.219905,5.000000,14
1403,375,1.227154,89556,19.541495280,19.606000000,64.504720,0,10.219905,5.000000,14
1407,375,0.981496,89556,19.560246762,19.606000000,45.753238,0,10.219905,5.000000,14
1408,375,1.161524,89556,19.581389850,19.606000000,24.610150,0,10.219905,5.000000,14
1409,375,0.998934,89556,19.602701006,19.608500000,5.798994,0,10.219905,5.000000,14
1411,375,1.156629,89556,19.621974583,19.625500000,3.525417,1,1.156629,5.000000,14
1412,375,1.381578,89556,19.641045891,19.644500000,3.454109,1,1.381578,5.000000,14
1413,375,1.164207,89556,19.660143094,19.663500000,3.356906,1,1.164207,5.000000,14
1415,375,1.018320,89556,19.679404045,19.682500000,3.095955,1,1.018320,5.000000,14
1416,375,1.087373,89556,19.700725871,19.706500000,5.774129,0,10.219905,5.000000,14
1417,375,0.826999,89556,19.721531217,19.725000000,3.468783,1,0.826999,5.000000,14
1420,375,1.181711,89556,19.739779607,19.743000000,3.220393,1,1.181711,5.000000,14
1423,375,1.332817,89556,19.760198517,19.763500000,3.301483,1,1.332817,5.000000,14
1424,375,1.694666,89556,19.782496155,19.786000000,3.503845,1,1.694666,5.000000,14
1425,375,1.287954,89556,19.801040403,19.810000000,8.959597,0,10.219905,5.000000,14
1426,375,0.903927,89556,19.822706631,19.826000000,3.293369,1,0.903927,5.000000,14
18,0,0,0,0,0,-1,0,10.219905,5.000000,0
23,0,0,0,0,0,-1,0,10.219905,5.000000,0
25,0,0,0,0,0,-1,0,10.219905,5.000000,0
29,0,0,0,0,0,-1,0,10.219905,5.000000,0
30,0,0,0,0,0,-1,0,10.219905,5.000000,0
43,0,0,0,0,0,-1,0,10.219905,5.000000,0
44,0,0,0,0,0,-1,0,10.219905,5.000000,0
48,0,0,0,0,0,-1,0,10.219905,5.000000,0
49,0,0,0,0,0,-1,0,10.219905,5.000000,0
51,0,0,0,0,0,-1,0,10.219905,5.000000,0
56,0,0,0,0,0,-1,0,10.219905,5.000000,0
57,0,0,0,0,0,-1,0,10.219905,5.000000,0
65,0,0,0,0,0,-1,0,10.219905,5.000000,0
67,0,0,0,0,0,-1,0,10.219905,5.000000,0
69,0,0,0,0,0,-1,0,10.219905,5.000000,0
70,0,0,0,0,0,-1,0,10.219905,5.000000,0
73,0,0,0,0,0,-1,0,10.219905,5.000000,0
76,0,0,0,0,0,-1,0,10.219905,5.000000,0
84,0,0,0,0,0,-1,0,10.219905,5.000000,0
93,0,0,0,0,0,-1,0,10.219905,5.000000,0
96,0,0,0,0,0,-1,0,10.219905,5.000000,0
99,0,0,0,0,0,-1,0,10.219905,5.000000,0
100,0,0,0,0,0,-1,0,10.219905,5.000000,0
109,0,0,0,0,0,-1,0,10.219905,5.000000,0
111,0,0,0,0,0,-1,0,10.219905,5.000000,0
118,0,0,0,0,0,-1,0,10.219905,5.000000,0
120,0,0,0,0,0,-1,0,10.219905,5.000000,0
123,0,0,0,0,0,-1,0,10.219905,5.000000,0
124,0,0,0,0,0,-1,0,10.219905,5.000000,0
128,0,0,0,0,0,-1,0,10.219905,5.000000,0
129,0,0,0,0,0,-1,0,10.219905,5.000000,0
134,0,0,0,0,0,-1,0,10.219905,5.000000,0
135,0,0,0,0,0,-1,0,10.219905,5.000000,0
141,0,0,0,0,0,-1,0,10.219905,5.000000,0
149,0,0,0,0,0,-1,0,10.219905,5.000000,0
151,0,0,0,0,0,-1,0,10.219905,5.000000,0
157,0,0,0,0,0,-1,0,10.219905,5.000000,0
158,0,0,0,0,0,-1,0,10.219905,5.000000,0
163,0,0,0,0,0,-1,0,10.219905,5.000000,0
166,0,0,0,0,0,-1,0,10.219905,5.000000,0
168,0,0,0,0,0,-1,0,10.219905,5.000000,0
170,0,0,0,0,0,-1,0,10.219905,5.000000,0
173,0,0,0,0,0,-1,0,10.219905,5.000000,0
174,0,0,0,0,0,-1,0,10.219905,5.000000,0
175,0,0,0,0,0,-1,0,10.219905,5.000000,0
177,0,0,0,0,0,-1,0,10.219905,5.000000,0
178,0,0,0,0,0,-1,0,10.219905,5.000000,0
179,0,0,0,0,0,-1,0,10.219905,5.000000,0
184,0,0,0,0,0,-1,0,10.219905,5.000000,0
185,0,0,0,0,0,-1,0,10.219905,5.000000,0
188,0,0,0,0,0,-1,0,10.219905,5.000000,0
192,0,0,0,0,0,-1,0,10.219905,5.000000,0
194,0,0,0,0,0,-1,0,10.219905,5.000000,0
196,0,0,0,0,0,-1,0,10.219905,5.000000,0
199,0,0,0,0,0,-1,0,10.219905,5.000000,0
203,0,0,0,0,0,-1,0,10.219905,5.000000,0
208,0,0,0,0,0,-1,0,10.219905,5.000000,0
210,0,0,0,0,0,-1,0,10.219905,5.000000,0
211,0,0,0,0,0,-1,0,10.219905,5.000000,0
212,0,0,0,0,0,-1,0,10.219905,5.000000,0
218,0,0,0,0,0,-1,0,10.219905,5.000000,0
219,0,0,0,0,0,-1,0,10.219905,5.000000,0
220,0,0,0,0,0,-1,0,10.219905,5.000000,0
221,0,0,0,0,0,-1,0,10.219905,5.000000,0
229,0,0,0,0,0,-1,0,10.219905,5.000000,0
230,0,0,0,0,0,-1,0,10.219905,5.000000,0
231,0,0,0,0,0,-1,0,10.219905,5.000000,0
233,0,0,0,0,0,-1,0,10.219905,5.000000,0
237,0,0,0,0,0,-1,0,10.219905,5.000000,0
239,0,0,0,0,0,-1,0,10.219905,5.000000,0
240,0,0,0,0,0,-1,0,10.219905,5.000000,0
246,0,0,0,0,0,-1,0,10.219905,5.000000,0
247,0,0,0,0,0,-1,0,10.219905,5.000000,0
251,0,0,0,0,0,-1,0,10.219905,5.000000,0
252,0,0,0,0,0,-1,0,10.219905,5.000000,0
254,0,0,0,0,0,-1,0,10.219905,5.000000,0
257,0,0,0,0,0,-1,0,10.219905,5.000000,0
259,0,0,0,0,0,-1,0,10.219905,5.000000,0
261,0,0,0,0,0,-1,0,10.219905,5.000000,0
266,0,0,0,0,0,-1,0,10.219905,5.000000,0
275,0,0,0,0,0,-1,0,10.219905,5.000000,0
278,0,0,0,0,0,-1,0,10.219905,5.000000,0
279,0,0,0,0,0,-1,0,10.219905,5.000000,0
281,0,0,0,0,0,-1,0,10.219905,5.000000,0
282,0,0,0,0,0,-1,0,10.219905,5.000000,0
283,0,0,0,0,0,-1,0,10.219905,5.000000,0
286,0,0,0,0,0,-1,0,10.219905,5.000000,0
289,0,0,0,0,0,-1,0,10.219905,5.000000,0
290,0,0,0,0,0,-1,0,10.219905,5.000000,0
291,0,0,0,0,0,-1,0,10.219905,5.000000,0
296,0,0,0,0,0,-1,0,10.219905,5.000000,0
297,0,0,0,0,0,-1,0,10.219905,5.000000,0
298,0,0,0,0,0,-1,0,10.219905,5.000000,0
299,0,0,0,0,0,-1,0,10.219905,5.000000,0
303,0,0,0,0,0,-1,0,10.219905,5.000000,0
307,0,0,0,0,0,-1,0,10.219905,5.000000,0
315,0,0,0,0,0,-1,0,10.219905,5.000000,0
318,0,0,0,0,0,-1,0,10.219905,5.000000,0
321,0,0,0,0,0,-1,0,10.219905,5.000000,0
322,0,0,0,0,0,-1,0,10.219905,5.000000,0
324,0,0,0,0,0,-1,0,10.219905,5.000000,0
331,0,0,0,0,0,-1,0,10.219905,5.000000,0
332,0,0,0,0,0,-1,0,10.219905,5.000000,0
340,0,0,0,0,0,-1,0,10.219905,5.000000,0
342,0,0,0,0,0,-1,0,10.219905,5.000000,0
344,0,0,0,0,0,-1,0,10.219905,5.000000,0
347,0,0,0,0,0,-1,0,10.219905,5.000000,0
350,0,0,0,0,0,-1,0,10.219905,5.000000,0
353,0,0,0,0,0,-1,0,10.219905,5.000000,0
354,0,0,0,0,0,-1,0,10.219905,5.000000,0
360,0,0,0,0,0,-1,0,10.219905,5.000000,0
361,0,0,0,0,0,-1,0,10.219905,5.000000,0
366,0,0,0,0,0,-1,0,10.219905,5.000000,0
367,0,0,0,0,0,-1,0,10.219905,5.000000,0
368,0,0,0,0,0,-1,0,10.219905,5.000000,0
374,0,0,0,0,0,-1,0,10.219905,5.000000,0
383,0,0,0,0,0,-1,0,10.219905,5.000000,0
387,0,0,0,0,0,-1,0,10.219905,5.000000,0
393,0,0,0,0,0,-1,0,10.219905,5.000000,0
402,0,0,0,0,0,-1,0,10.219905,5.000000,0
406,0,0,0,0,0,-1,0,10.219905,5.000000,0
407,0,0,0,0,0,-1,0,10.219905,5.000000,0
408,0,0,0,0,0,-1,0,10.219905,5.000000,0
410,0,0,0,0,0,-1,0,10.219905,5.000000,0
411,0,0,0,0,0,-1,0,10.219905,5.000000,0
414,0,0,0,0,0,-1,0,10.219905,5.000000,0
416,0,0,0,0,0,-1,0,10.219905,5.000000,0
420,0,0,0,0,0,-1,0,10.219905,5.000000,0
422,0,0,0,0,0,-1,0,10.219905,5.000000,0
423,0,0,0,0,0,-1,0,10.219905,5.000000,0
426,0,0,0,0,0,-1,0,10.219905,5.000000,0
430,0,0,0,0,0,-1,0,10.219905,5.000000,0
432,0,0,0,0,0,-1,0,10.219905,5.000000,0
433,0,0,0,0,0,-1,0,10.219905,5.000000,0
435,0,0,0,0,0,-1,0,10.219905,5.000000,0
436,0,0,0,0,0,-1,0,10.219905,5.000000,0
438,0,0,0,0,0,-1,0,10.219905,5.000000,0
440,0,0,0,0,0,-1,0,10.219905,5.000000,0
443,0,0,0,0,0,-1,0,10.219905,5.000000,0
445,0,0,0,0,0,-1,0,10.219905,5.000000,0
450,0,0,0,0,0,-1,0,10.219905,5.000000,0
457,0,0,0,0,0,-1,0,10.219905,5.000000,0
461,0,0,0,0,0,-1,0,10.219905,5.000000,0
463,0,0,0,0,0,-1,0,10.219905,5.000000,0
464,0,0,0,0,0,-1,0,10.219905,5.000000,0
471,0,0,0,0,0,-1,0,10.219905,5.000000,0
472,0,0,0,0,0,-1,0,10.219905,5.000000,0
478,0,0,0,0,0,-1,0,10.219905,5.000000,0
479,0,0,0,0,0,-1,0,10.219905,5.000000,0
480,0,0,0,0,0,-1,0,10.219905,5.000000,0
482,0,0,0,0,0,-1,0,10.219905,5.000000,0
485,0,0,0,0,0,-1,0,10.219905,5.000000,0
486,0,0,0,0,0,-1,0,10.219905,5.000000,0
489,0,0,0,0,0,-1,0,10.219905,5.000000,0
495,0,0,0,0,0,-1,0,10.219905,5.000000,0
497,0,0,0,0,0,-1,0,10.219905,5.000000,0
498,0,0,0,0,0,-1,0,10.219905,5.000000,0
507,0,0,0,0,0,-1,0,10.219905,5.000000,0
508,0,0,0,0,0,-1,0,10.219905,5.000000,0
509,0,0,0,0,0,-1,0,10.219905,5.000000,0
511,0,0,0,0,0,-1,0,10.219905,5.000000,0
518,0,0,0,0,0,-1,0,10.219905,5.000000,0
521,0,0,0,0,0,-1,0,10.219905,5.000000,0
522,0,0,0,0,0,-1,0,10.219905,5.000000,0
527,0,0,0,0,0,-1,0,10.219905,5.000000,0
528,0,0,0,0,0,-1,0,10.219905,5.000000,0
529,0,0,0,0,0,-1,0,10.219905,5.000000,0
530,0,0,0,0,0,-1,0,10.219905,5.000000,0
532,0,0,0,0,0,-1,0,10.219905,5.000000,0
544,0,0,0,0,0,-1,0,10.219905,5.000000,0
554,0,0,0,0,0,-1,0,10.219905,5.000000,0
555,0,0,0,0,0,-1,0,10.219905,5.000000,0
564,0,0,0,0,0,-1,0,10.219905,5.000000,0
565,0,0,0,0,0,-1,0,10.219905,5.000000,0
567,0,0,0,0,0,-1,0,10.219905,5.000000,0
568,0,0,0,0,0,-1,0,10.219905,5.000000,0
572,0,0,0,0,0,-1,0,10.219905,5.000000,0
575,0,0,0,0,0,-1,0,10.219905,5.000000,0
581,0,0,0,0,0,-1,0,10.219905,5.000000,0
582,0,0,0,0,0,-1,0,10.219905,5.000000,0
596,0,0,0,0,0,-1,0,10.219905,5.000000,0
598,0,0,0,0,0,-1,0,10.219905,5.000000,0
599,0,0,0,0,0,-1,0,10.219905,5.000000,0
601,0,0,0,0,0,-1,0,10.219905,5.000000,0
602,0,0,0,0,0,-1,0,10.219905,5.000000,0
605,0,0,0,0,0,-1,0,10.219905,5.000000,0
607,0,0,0,0,0,-1,0,10.219905,5.000000,0
610,0,0,0,0,0,-1,0,10.219905,5.000000,0
611,0,0,0,0,0,-1,0,10.219905,5.000000,0
613,0,0,0,0,0,-1,0,10.219905,5.000000,0
617,0,0,0,0,0,-1,0,10.219905,5.000000,0
618,0,0,0,0,0,-1,0,10.219905,5.000000,0
620,0,0,0,0,0,-1,0,10.219905,5.000000,0
621,0,0,0,0,0,-1,0,10.219905,5.000000,0
629,0,0,0,0,0,-1,0,10.219905,5.000000,0
632,0,0,0,0,0,-1,0,10.219905,5.000000,0
636,0,0,0,0,0,-1,0,10.219905,5.000000,0
637,0,0,0,0,0,-1,0,10.219905,5.000000,0
643,0,0,0,0,0,-1,0,10.219905,5.000000,0
647,0,0,0,0,0,-1,0,10.219905,5.000000,0
649,0,0,0,0,0,-1,0,10.219905,5.000000,0
650,0,0,0,0,0,-1,0,10.219905,5.000000,0
651,0,0,0,0,0,-1,0,10.219905,5.000000,0
654,0,0,0,0,0,-1,0,10.219905,5.000000,0
657,0,0,0,0,0,-1,0,10.219905,5.000000,0
662,0,0,0,0,0,-1,0,10.219905,5.000000,0
668,0,0,0,0,0,-1,0,10.219905,5.000000,0
670,0,0,0,0,0,-1,0,10.219905,5.000000,0
674,0,0,0,0,0,-1,0,10.219905,5.000000,0
678,0,0,0,0,0,-1,0,10.219905,5.000000,0
679,0,0,0,0,0,-1,0,10.219905,5.000000,0
680,0,0,0,0,0,-1,0,10.219905,5.000000,0
693,0,0,0,0,0,-1,0,10.219905,5.000000,0
695,0,0,0,0,0,-1,0,10.219905,5.000000,0
700,0,0,0,0,0,-1,0,10.219905,5.000000,0
705,0,0,0,0,0,-1,0,10.219905,5.000000,0
707,0,0,0,0,0,-1,0,10.219905,5.000000,0
719,0,0,0,0,0,-1,0,10.219905,5.000000,0
727,0,0,0,0,0,-1,0,10.219905,5.000000,0
729,0,0,0,0,0,-1,0,10.219905,5.000000,0
736,0,0,0,0,0,-1,0,10.219905,5.000000,0
741,0,0,0,0,0,-1,0,10.219905,5.000000,0
742,0,0,0,0,0,-1,0,10.219905,5.000000,0
746,0,0,0,0,0,-1,0,10.219905,5.000000,0
748,0,0,0,0,0,-1,0,10.219905,5.000000,0
755,0,0,0,0,0,-1,0,10.219905,5.000000,0
756,0,0,0,0,0,-1,0,10.219905,5.000000,0
759,0,0,0,0,0,-1,0,10.219905,5.000000,0
761,0,0,0,0,0,-1,0,10.219905,5.000000,0
764,0,0,0,0,0,-1,0,10.219905,5.000000,0
765,0,0,0,0,0,-1,0,10.219905,5.000000,0
767,0,0,0,0,0,-1,0,10.219905,5.000000,0
772,0,0,0,0,0,-1,0,10.219905,5.000000,0
781,0,0,0,0,0,-1,0,10.219905,5.000000,0
782,0,0,0,0,0,-1,0,10.219905,5.000000,0
786,0,0,0,0,0,-1,0,10.219905,5.000000,0
787,0,0,0,0,0,-1,0,10.219905,5.000000,0
789,0,0,0,0,0,-1,0,10.219905,5.000000,0
790,0,0,0,0,0,-1,0,10.219905,5.000000,0
798,0,0,0,0,0,-1,0,10.219905,5.000000,0
801,0,0,0,0,0,-1,0,10.219905,5.000000,0
802,0,0,0,0,0,-1,0,10.219905,5.000000,0
807,0,0,0,0,0,-1,0,10.219905,5.000000,0
808,0,0,0,0,0,-1,0,10.219905,5.000000,0
809,0,0,0,0,0,-1,0,10.219905,5.000000,0
810,0,0,0,0,0,-1,0,10.219905,5.000000,0
812,0,0,0,0,0,-1,0,10.219905,5.000000,0
819,0,0,0,0,0,-1,0,10.219905,5.000000,0
820,0,0,0,0,0,-1,0,10.219905,5.000000,0
821,0,0,0,0,0,-1,0,10.219905,5.000000,0
829,0,0,0,0,0,-1,0,10.219905,5.000000,0
834,0,0,0,0,0,-1,0,10.219905,5.000000,0
838,0,0,0,0,0,-1,0,10.219905,5.000000,0
839,0,0,0,0,0,-1,0,10.219905,5.000000,0
840,0,0,0,0,0,-1,0,10.219905,5.000000,0
841,0,0,0,0,0,-1,0,10.219905,5.000000,0
845,0,0,0,0,0,-1,0,10.219905,5.000000,0
848,0,0,0,0,0,-1,0,10.219905,5.000000,0
856,0,0,0,0,0,-1,0,10.219905,5.000000,0
857,0,0,0,0,0,-1,0,10.219905,5.000000,0
859,0,0,0,0,0,-1,0,10.219905,5.000000,0
861,0,0,0,0,0,-1,0,10.219905,5.000000,0
866,0,0,0,0,0,-1,0,10.219905,5.000000,0
867,0,0,0,0,0,-1,0,10.219905,5.000000,0
869,0,0,0,0,0,-1,0,10.219905,5.000000,0
873,0,0,0,0,0,-1,0,10.219905,5.000000,0
874,0,0,0,0,0,-1,0,10.219905,5.000000,0
879,0,0,0,0,0,-1,0,10.219905,5.000000,0
881,0,0,0,0,0,-1,0,10.219905,5.000000,0
888,0,0,0,0,0,-1,0,10.219905,5.000000,0
889,0,0,0,0,0,-1,0,10.219905,5.000000,0
890,0,0,0,0,0,-1,0,10.219905,5.000000,0
900,0,0,0,0,0,-1,0,10.219905,5.000000,0
902,0,0,0,0,0,-1,0,10.219905,5.000000,0
903,0,0,0,0,0,-1,0,10.219905,5.000000,0
907,0,0,0,0,0,-1,0,10.219905,5.000000,0
911,0,0,0,0,0,-1,0,10.219905,5.000000,0
912,0,0,0,0,0,-1,0,10.219905,5.000000,0
916,0,0,0,0,0,-1,0,10.219905,5.000000,0
919,0,0,0,0,0,-1,0,10.219905,5.000000,0
923,0,0,0,0,0,-1,0,10.219905,5.000000,0
929,0,0,0,0,0,-1,0,10.219905,5.000000,0
930,0,0,0,0,0,-1,0,10.219905,5.000000,0
931,0,0,0,0,0,-1,0,10.219905,5.000000,0
937,0,0,0,0,0,-1,0,10.219905,5.000000,0
940,0,0,0,0,0,-1,0,10.219905,5.000000,0
941,0,0,0,0,0,-1,0,10.219905,5.000000,0
942,0,0,0,0,0,-1,0,10.219905,5.000000,0
945,0,0,0,0,0,-1,0,10.219905,5.000000,0
949,0,0,0,0,0,-1,0,10.219905,5.000000,0
952,0,0,0,0,0,-1,0,10.219905,5.000000,0
962,0,0,0,0,0,-1,0,10.219905,5.000000,0
964,0,0,0,0,0,-1,0,10.219905,5.000000,0
965,0,0,0,0,0,-1,0,10.219905,5.000000,0
969,0,0,0,0,0,-1,0,10.219905,5.000000,0
973,0,0,0,0,0,-1,0,10.219905,5.000000,0
976,0,0,0,0,0,-1,0,10.219905,5.000000,0
979,0,0,0,0,0,-1,0,10.219905,5.000000,0
986,0,0,0,0,0,-1,0,10.219905,5.000000,0
990,0,0,0,0,0,-1,0,10.219905,5.000000,0
1001,0,0,0,0,0,-1,0,10.219905,5.000000,0
1004,0,0,0,0,0,-1,0,10.219905,5.000000,0
1005,0,0,0,0,0,-1,0,10.219905,5.000000,0
1010,0,0,0,0,0,-1,0,10.219905,5.000000,0
1014,0,0,0,0,0,-1,0,10.219905,5.000000,0
1017,0,0,0,0,0,-1,0,10.219905,5.000000,0
1023,0,0,0,0,0,-1,0,10.219905,5.000000,0
1025,0,0,0,0,0,-1,0,10.219905,5.000000,0
1027,0,0,0,0,0,-1,0,10.219905,5.000000,0
1029,0,0,0,0,0,-1,0,10.219905,5.000000,0
1033,0,0,0,0,0,-1,0,10.219905,5.000000,0
1034,0,0,0,0,0,-1,0,10.219905,5.000000,0
1036,0,0,0,0,0,-1,0,10.219905,5.000000,0
1041,0,0,0,0,0,-1,0,10.219905,5.000000,0
1044,0,0,0,0,0,-1,0,10.219905,5.000000,0
1047,0,0,0,0,0,-1,0,10.219905,5.000000,0
1048,0,0,0,0,0,-1,0,10.219905,5.000000,0
1050,0,0,0,0,0,-1,0,10.219905,5.000000,0
1055,0,0,0,0,0,-1,0,10.219905,5.000000,0
1056,0,0,0,0,0,-1,0,10.219905,5.000000,0
1061,0,0,0,0,0,-1,0,10.219905,5.000000,0
1062,0,0,0,0,0,-1,0,10.219905,5.000000,0
1068,0,0,0,0,0,-1,0,10.219905,5.000000,0
1073,0,0,0,0,0,-1,0,10.219905,5.000000,0
1075,0,0,0,0,0,-1,0,10.219905,5.000000,0
1080,0,0,0,0,0,-1,0,10.219905,5.000000,0
1083,0,0,0,0,0,-1,0,10.219905,5.000000,0
1084,0,0,0,0,0,-1,0,10.219905,5.000000,0
1089,0,0,0,0,0,-1,0,10.219905,5.000000,0
1091,0,0,0,0,0,-1,0,10.219905,5.000000,0
1094,0,0,0,0,0,-1,0,10.219905,5.000000,0
1097,0,0,0,0,0,-1,0,10.219905,5.000000,0
1099,0,0,0,0,0,-1,0,10.219905,5.000000,0
1100,0,0,0,0,0,-1,0,10.219905,5.000000,0
1102,0,0,0,0,0,-1,0,10.219905,5.000000,0
1103,0,0,0,0,0,-1,0,10.219905,5.000000,0
1105,0,0,0,0,0,-1,0,10.219905,5.000000,0
1110,0,0,0,0,0,-1,0,10.219905,5.000000,0
1113,0,0,0,0,0,-1,0,10.219905,5.000000,0
1114,0,0,0,0,0,-1,0,10.219905,5.000000,0
1116,0,0,0,0,0,-1,0,10.219905,5.000000,0
1117,0,0,0,0,0,-1,0,10.219905,5.000000,0
1124,0,0,0,0,0,-1,0,10.219905,5.000000,0
1125,0,0,0,0,0,-1,0,10.219905,5.000000,0
1127,0,0,0,0,0,-1,0,10.219905,5.000000,0
1128,0,0,0,0,0,-1,0,10.219905,5.000000,0
1135,0,0,0,0,0,-1,0,10.219905,5.000000,0
1137,0,0,0,0,0,-1,0,10.219905,5.000000,0
1146,0,0,0,0,0,-1,0,10.219905,5.000000,0
1149,0,0,0,0,0,-1,0,10.219905,5.000000,0
1151,0,0,0,0,0,-1,0,10.219905,5.000000,0
1161,0,0,0,0,0,-1,0,10.219905,5.000000,0
1163,0,0,0,0,0,-1,0,10.219905,5.000000,0
1165,0,0,0,0,0,-1,0,10.219905,5.000000,0
1173,0,0,0,0,0,-1,0,10.219905,5.000000,0
1177,0,0,0,0,0,-1,0,10.219905,5.000000,0
1178,0,0,0,0,0,-1,0,10.219905,5.000000,0
1179,0,0,0,0,0,-1,0,10.219905,5.000000,0
1185,0,0,0,0,0,-1,0,10.219905,5.000000,0
1186,0,0,0,0,0,-1,0,10.219905,5.000000,0
1187,0,0,0,0,0,-1,0,10.219905,5.000000,0
1189,0,0,0,0,0,-1,0,10.219905,5.000000,0
1190,0,0,0,0,0,-1,0,10.219905,5.000000,0
1194,0,0,0,0,0,-1,0,10.219905,5.000000,0
1195,0,0,0,0,0,-1,0,10.219905,5.000000,0
1196,0,0,0,0,0,-1,0,10.219905,5.000000,0
1200,0,0,0,0,0,-1,0,10.219905,5.000000,0
1207,0,0,0,0,0,-1,0,10.219905,5.000000,0
1208,0,0,0,0,0,-1,0,10.219905,5.000000,0
1210,0,0,0,0,0,-1,0,10.219905,5.000000,0
1211,0,0,0,0,0,-1,0,10.219905,5.000000,0
1213,0,0,0,0,0,-1,0,10.219905,5.000000,0
1216,0,0,0,0,0,-1,0,10.219905,5.000000,0
1220,0,0,0,0,0,-1,0,10.219905,5.000000,0
1222,0,0,0,0,0,-1,0,10.219905,5.000000,0
1225,0,0,0,0,0,-1,0,10.219905,5.000000,0
1229,0,0,0,0,0,-1,0,10.219905,5.000000,0
1234,0,0,0,0,0,-1,0,10.219905,5.000000,0
1241,0,0,0,0,0,-1,0,10.219905,5.000000,0
1242,0,0,0,0,0,-1,0,10.219905,5.000000,0
1247,0,0,0,0,0,-1,0,10.219905,5.000000,0
1251,0,0,0,0,0,-1,0,10.219905,5.000000,0
1253,0,0,0,0,0,-1,0,10.219905,5.000000,0
1255,0,0,0,0,0,-1,0,10.219905,5.000000,0
1259,0,0,0,0,0,-1,0,10.219905,5.000000,0
1264,0,0,0,0,0,-1,0,10.219905,5.000000,0
1269,0,0,0,0,0,-1,0,10.219905,5.000000,0
1270,0,0,0,0,0,-1,0,10.219905,5.000000,0
1278,0,0,0,0,0,-1,0,10.219905,5.000000,0
1285,0,0,0,0,0,-1,0,10.219905,5.000000,0
1289,0,0,0,0,0,-1,0,10.219905,5.000000,0
1293,0,0,0,0,0,-1,0,10.219905,5.000000,0
1299,0,0,0,0,0,-1,0,10.219905,5.000000,0
1302,0,0,0,0,0,-1,0,10.219905,5.000000,0
1307,0,0,0,0,0,-1,0,10.219905,5.000000,0
1310,0,0,0,0,0,-1,0,10.219905,5.000000,0
1317,0,0,0,0,0,-1,0,10.219905,5.000000,0
1322,0,0,0,0,0,-1,0,10.219905,5.000000,0
1325,0,0,0,0,0,-1,0,10.219905,5.000000,0
1330,0,0,0,0,0,-1,0,10.219905,5.000000,0
1333,0,0,0,0,0,-1,0,10.219905,5.000000,0
1336,0,0,0,0,0,-1,0,10.219905,5.000000,0
1337,0,0,0,0,0,-1,0,10.219905,5.000000,0
1338,0,0,0,0,0,-1,0,10.219905,5.000000,0
1350,0,0,0,0,0,-1,0,10.219905,5.000000,0
1351,0,0,0,0,0,-1,0,10.219905,5.000000,0
1352,0,0,0,0,0,-1,0,10.219905,5.000000,0
1355,0,0,0,0,0,-1,0,10.219905,5.000000,0
1356,0,0,0,0,0,-1,0,10.219905,5.000000,0
1357,0,0,0,0,0,-1,0,10.219905,5.000000,0
1360,0,0,0,0,0,-1,0,10.219905,5.000000,0
1364,0,0,0,0,0,-1,0,10.219905,5.000000,0
1366,0,0,0,0,0,-1,0,10.219905,5.000000,0
1368,0,0,0,0,0,-1,0,10.219905,5.000000,0
1370,0,0,0,0,0,-1,0,10.219905,5.000000,0
1374,0,0,0,0,0,-1,0,10.219905,5.000000,0
1376,0,0,0,0,0,-1,0,10.219905,5.000000,0
1377,0,0,0,0,0,-1,0,10.219905,5.000000,0
1378,0,0,0,0,0,-1,0,10.219905,5.000000,0
1379,0,0,0,0,0,-1,0,10.219905,5.000000,0
1380,0,0,0,0,0,-1,0,10.219905,5.000000,0
1387,0,0,0,0,0,-1,0,10.219905,5.000000,0
1395,0,0,0,0,0,-1,0,10.219905,5.000000,0
1398,0,0,0,0,0,-1,0,10.219905,5.000000,0
1401,0,0,0,0,0,-1,0,10.219905,5.000000,0
1404,0,0,0,0,0,-1,0,10.219905,5.000000,0
1405,0,0,0,0,0,-1,0,10.219905,5.000000,0
1406,0,0,0,0,0,-1,0,10.219905,5.000000,0
1410,0,0,0,0,0,-1,0,10.219905,5.000000,0
1414,0,0,0,0,0,-1,0,10.219905,5.000000,0
1418,0,0,0,0,0,-1,0,10.219905,5.000000,0
1419,0,0,0,0,0,-1,0,10.219905,5.000000,0
1421,0,0,0,0,0,-1,0,10.219905,5.000000,0
1422,0,0,0,0,0,-1,0,10.219905,5.000000,0
1427,0,0,0,0,0,-1,0,10.219905,5.000000,0
1428,0,0,0,0,0,-1,0,10.219905,5.000000,0
1429,0,0,0,0,0,-1,0,10.219905,5.000000,0
1430,0,0,0,0,0,-1,0,10.219905,5.000000,0
1431,0,0,0,0,0,-1,0,10.219905,5.000000,0
1432,0,0,0,0,0,-1,0,10.219905,5.000000,0
1433,0,0,0,0,0,-1,0,10.219905,5.000000,0
1434,0,0,0,0,0,-1,0,10.219905,5.000000,0
1435,0,0,0,0,0,-1,0,10.219905,5.000000,0
1436,0,0,0,0,0,-1,0,10.219905,5.000000,0
1437,0,0,0,0,0,-1,0,10.219905,5.000000,0
1438,0,0,0,0,0,-1,0,10.219905,5.000000,0
1439,0,0,0,0,0,-1,0,10.219905,5.000000,0
1440,0,0,0,0,0,-1,0,10.219905,5.000000,0
1441,0,0,0,0,0,-1,0,10.219905,5.000000,0
1442,0,0,0,0,0,-1,0,10.219905,5.000000,0
1443,0,0,0,0,0,-1,0,10.219905,5.000000,0
1444,0,0,0,0,0,-1,0,10.219905,5.000000,0
1445,0,0,0,0,0,-1,0,10.219905,5.000000,0
1446,0,0,0,0,0,-1,0,10.219905,5.000000,0
1447,0,0,0,0,0,-1,0,10.219905,5.000000,0
1448,0,0,0,0,0,-1,0,10.219905,5.000000,0
1449,0,0,0,0,0,-1,0,10.219905,5.000000,0
1450,0,0,0,0,0,-1,0,10.219905,5.000000,0
1451,0,0,0,0,0,-1,0,10.219905,5.000000,0
1452,0,0,0,0,0,-1,0,10.219905,5.000000,0
1453,0,0,0,0,0,-1,0,10.219905,5.000000,0
1454,0,0,0,0,0,-1,0,10.219905,5.000000,0
1455,0,0,0,0,0,-1,0,10.219905,5.000000,0
1456,0,0,0,0,0,-1,0,10.219905,5.000000,0
1457,0,0,0,0,0,-1,0,10.219905,5.000000,0
1458,0,0,0,0,0,-1,0,10.219905,5.000000,0
1459,0,0,0,0,0,-1,0,10.219905,5.000000,0
1460,0,0,0,0,0,-1,0,10.219905,5.000000,0
1461,0,0,0,0,0,-1,0,10.219905,5.000000,0
1462,0,0,0,0,0,-1,0,10.219905,5.000000,0
1463,0,0,0,0,0,-1,0,10.219905,5.000000,0
1464,0,0,0,0,0,-1,0,10.219905,5.000000,0
1465,0,0,0,0,0,-1,0,10.219905,5.000000,0
1466,0,0,0,0,0,-1,0,10.219905,5.000000,0
1467,0,0,0,0,0,-1,0,10.219905,5.000000,0
1468,0,0,0,0,0,-1,0,10.219905,5.000000,0
1469,0,0,0,0,0,-1,0,10.219905,5.000000,0
1470,0,0,0,0,0,-1,0,10.219905,5.000000,0
1471,0,0,0,0,0,-1,0,10.219905,5.000000,0
1472,0,0,0,0,0,-1,0,10.219905,5.000000,0
1473,0,0,0,0,0,-1,0,10.219905,5.000000,0
1474,0,0,0,0,0,-1,0,10.219905,5.000000,0
1475,0,0,0,0,0,-1,0,10.219905,5.000000,0
1476,0,0,0,0,0,-1,0,10.219905,5.000000,0
1477,0,0,0,0,0,-1,0,10.219905,5.000000,0
1478,0,0,0,0,0,-1,0,10.219905,5.000000,0
1479,0,0,0,0,0,-1,0,10.219905,5.000000,0
1480,0,0,0,0,0,-1,0,10.219905,5.000000,0
1481,0,0,0,0,0,-1,0,10.219905,5.000000,0
1482,0,0,0,0,0,-1,0,10.219905,5.000000,0
1483,0,0,0,0,0,-1,0,10.219905,5.000000,0
1484,0,0,0,0,0,-1,0,10.219905,5.000000,0
1485,0,0,0,0,0,-1,0,10.219905,5.000000,0
1486,0,0,0,0,0,-1,0,10.219905,5.000000,0
1487,0,0,0,0,0,-1,0,10.219905,5.000000,0
1488,0,0,0,0,0,-1,0,10.219905,5.000000,0
1489,0,0,0,0,0,-1,0,10.219905,5.000000,0
1490,0,0,0,0,0,-1,0,10.219905,5.000000,0
1491,0,0,0,0,0,-1,0,10.219905,5.000000,0
1492,0,0,0,0,0,-1,0,10.219905,5.000000,0
1493,0,0,0,0,0,-1,0,10.219905,5.000000,0
1494,0,0,0,0,0,-1,0,10.219905,5.000000,0
1495,0,0,0,0,0,-1,0,10.219905,5.000000,0
1496,0,0,0,0,0,-1,0,10.219905,5.000000,0
1497,0,0,0,0,0,-1,0,10.219905,5.000000,0
1498,0,0,0,0,0,-1,0,10.219905,5.000000,0
1499,0,0,0,0,0,-1,0,10.219905,5.000000,0
1500,0,0,0,0,0,-1,0,10.219905,5.000000,0
1501,0,0,0,0,0,-1,0,10.219905,5.000000,0
1502,0,0,0,0,0,-1,0,10.219905,5.000000,0
1503,0,0,0,0,0,-1,0,10.219905,5.000000,0
1504,0,0,0,0,0,-1,0,10.219905,5.000000,0
1505,0,0,0,0,0,-1,0,10.219905,5.000000,0
1506,0,0,0,0,0,-1,0,10.219905,5.000000,0
1507,0,0,0,0,0,-1,0,10.219905,5.000000,0
1508,0,0,0,0,0,-1,0,10.219905,5.000000,0
1509,0,0,0,0,0,-1,0,10.219905,5.000000,0
1510,0,0,0,0,0,-1,0,10.219905,5.000000,0
1511,0,0,0,0,0,-1,0,10.219905,5.000000,0
1512,0,0,0,0,0,-1,0,10.219905,5.000000,0
1513,0,0,0,0,0,-1,0,10.219905,5.000000,0
1514,0,0,0,0,0,-1,0,10.219905,5.000000,0
1515,0,0,0,0,0,-1,0,10.219905,5.000000,0
1516,0,0,0,0,0,-1,0,10.219905,5.000000,0
1517,0,0,0,0,0,-1,0,10.219905,5.000000,0
1518,0,0,0,0,0,-1,0,10.219905,5.000000,0
1519,0,0,0,0,0,-1,0,10.219905,5.000000,0
1520,0,0,0,0,0,-1,0,10.219905,5.000000,0
1521,0,0,0,0,0,-1,0,10.219905,5.000000,0
1522,0,0,0,0,0,-1,0,10.219905,5.000000,0
1523,0,0,0,0,0,-1,0,10.219905,5.000000,0
1524,0,0,0,0,0,-1,0,10.219905,5.000000,0
1525,0,0,0,0,0,-1,0,10.219905,5.000000,0
1526,0,0,0,0,0,-1,0,10.219905,5.000000,0
1527,0,0,0,0,0,-1,0,10.219905,5.000000,0
1528,0,0,0,0,0,-1,0,10.219905,5.000000,0
1529,0,0,0,0,0,-1,0,10.219905,5.000000,0
1530,0,0,0,0,0,-1,0,10.219905,5.000000,0
1531,0,0,0,0,0,-1,0,10.219905,5.000000,0
1532,0,0,0,0,0,-1,0,10.219905,5.000000,0
1533,0,0,0,0,0,-1,0,10.219905,5.000000,0
1534,0,0,0,0,0,-1,0,10.219905,5.000000,0
1535,0,0,0,0,0,-1,0,10.219905,5.000000,0
1536,0,0,0,0,0,-1,0,10.219905,5.000000,0
1537,0,0,0,0,0,-1,0,10.219905,5.000000,0
1538,0,0,0,0,0,-1,0,10.219905,5.000000,0
1539,0,0,0,0,0,-1,0,10.219905,5.000000,0
1540,0,0,0,0,0,-1,0,10.219905,5.000000,0
1541,0,0,0,0,0,-1,0,10.219905,5.000000,0
1542,0,0,0,0,0,-1,0,10.219905,5.000000,0
1543,0,0,0,0,0,-1,0,10.219905,5.000000,0
1544,0,0,0,0,0,-1,0,10.219905,5.000000,0
1545,0,0,0,0,0,-1,0,10.219905,5.000000,0
1546,0,0,0,0,0,-1,0,10.219905,5.000000,0
1547,0,0,0,0,0,-1,0,10.219905,5.000000,0
1548,0,0,0,0,0,-1,0,10.219905,5.000000,0
1549,0,0,0,0,0,-1,0,10.219905,5.000000,0
1550,0,0,0,0,0,-1,0,10.219905,5.000000,0
1551,0,0,0,0,0,-1,0,10.219905,5.000000,0
1552,0,0,0,0,0,-1,0,10.219905,5.000000,0
1553,0,0,0,0,0,-1,0,10.219905,5.000000,0
1554,0,0,0,0,0,-1,0,10.219905,5.000000,0
1555,0,0,0,0,0,-1,0,10.219905,5.000000,0
1556,0,0,0,0,0,-1,0,10.219905,5.000000,0
1557,0,0,0,0,0,-1,0,10.219905,5.000000,0
1558,0,0,0,0,0,-1,0,10.219905,5.000000,0
1559,0,0,0,0,0,-1,0,10.219905,5.000000,0
1560,0,0,0,0,0,-1,0,10.219905,5.000000,0
1561,0,0,0,0,0,-1,0,10.219905,5.000000,0
1562,0,0,0,0,0,-1,0,10.219905,5.000000,0
1563,0,0,0,0,0,-1,0,10.219905,5.000000,0
1564,0,0,0,0,0,-1,0,10.219905,5.000000,0
1565,0,0,0,0,0,-1,0,10.219905,5.000000,0
1566,0,0,0,0,0,-1,0,10.219905,5.000000,0
1567,0,0,0,0,0,-1,0,10.219905,5.000000,0
1568,0,0,0,0,0,-1,0,10.219905,5.000000,0
1569,0,0,0,0,0,-1,0,10.219905,5.000000,0
1570,0,0,0,0,0,-1,0,10.219905,5.000000,0
1571,0,0,0,0,0,-1,0,10.219905,5.000000,0
1572,0,0,0,0,0,-1,0,10.219905,5.000000,0
1573,0,0,0,0,0,-1,0,10.219905,5.000000,0
1574,0,0,0,0,0,-1,0,10.219905,5.000000,0
1575,0,0,0,0,0,-1,0,10.219905,5.000000,0
1576,0,0,0,0,0,-1,0,10.219905,5.000000,0
1577,0,0,0,0,0,-1,0,10.219905,5.000000,0
1578,0,0,0,0,0,-1,0,10.219905,5.000000,0
1579,0,0,0,0,0,-1,0,10.219905,5.000000,0
1580,0,0,0,0,0,-1,0,10.219905,5.000000,0
1581,0,0,0,0,0,-1,0,10.219905,5.000000,0
1582,0,0,0,0,0,-1,0,10.219905,5.000000,0
1583,0,0,0,0,0,-1,0,10.219905,5.000000,0
1584,0,0,0,0,0,-1,0,10.219905,5.000000,0
1585,0,0,0,0,0,-1,0,10.219905,5.000000,0
1586,0,0,0,0,0,-1,0,10.219905,5.000000,0
1587,0,0,0,0,0,-1,0,10.219905,5.000000,0
1588,0,0,0,0,0,-1,0,10.219905,5.000000,0
1589,0,0,0,0,0,-1,0,10.219905,5.000000,0
1590,0,0,0,0,0,-1,0,10.219905,5.000000,0
1591,0,0,0,0,0,-1,0,10.219905,5.000000,0
1592,0,0,0,0,0,-1,0,10.219905,5.000000,0
1593,0,0,0,0,0,-1,0,10.219905,5.000000,0
1594,0,0,0,0,0,-1,0,10.219905,5.000000,0
1595,0,0,0,0,0,-1,0,10.219905,5.000000,0
1596,0,0,0,0,0,-1,0,10.219905,5.000000,0
1597,0,0,0,0,0,-1,0,10.219905,5.000000,0
1598,0,0,0,0,0,-1,0,10.219905,5.000000,0
1599,0,0,0,0,0,-1,0,10.219905,5.000000,0
1600,0,0,0,0,0,-1,0,10.219905,5.000000,0
1601,0,0,0,0,0,-1,0,10.219905,5.000000,0
1602,0,0,0,0,0,-1,0,10.219905,5.000000,0
1603,0,0,0,0,0,-1,0,10.219905,5.000000,0
1604,0,0,0,0,0,-1,0,10.219905,5.000000,0
1605,0,0,0,0,0,-1,0,10.219905,5.000000,0
1606,0,0,0,0,0,-1,0,10.219905,5.000000,0
1607,0,0,0,0,0,-1,0,10.219905,5.000000,0
1608,0,0,0,0,0,-1,0,10.219905,5.000000,0
1609,0,0,0,0,0,-1,0,10.219905,5.000000,0
1610,0,0,0,0,0,-1,0,10.219905,5.000000,0
1611,0,0,0,0,0,-1,0,10.219905,5.000000,0
1612,0,0,0,0,0,-1,0,10.219905,5.000000,0
1613,0,0,0,0,0,-1,0,10.219905,5.000000,0
1614,0,0,0,0,0,-1,0,10.219905,5.000000,0
1615,0,0,0,0,0,-1,0,10.219905,5.000000,0
1616,0,0,0,0,0,-1,0,10.219905,5.000000,0
1617,0,0,0,0,0,-1,0,10.219905,5.000000,0
1618,0,0,0,0,0,-1,0,10.219905,5.000000,0
1619,0,0,0,0,0,-1,0,10.219905,5.000000,0
1620,0,0,0,0,0,-1,0,10.219905,5.000000,0
1621,0,0,0,0,0,-1,0,10.219905,5.000000,0
1622,0,0,0,0,0,-1,0,10.219905,5.000000,0
1623,0,0,0,0,0,-1,0,10.219905,5.000000,0
1624,0,0,0,0,0,-1,0,10.219905,5.000000,0
1625,0,0,0,0,0,-1,0,10.219905,5.000000,0
1626,0,0,0,0,0,-1,0,10.219905,5.000000,0
1627,0,0,0,0,0,-1,0,10.219905,5.000000,0
1628,0,0,0,0,0,-1,0,10.219905,5.000000,0
1629,0,0,0,0,0,-1,0,10.219905,5.000000,0
1630,0,0,0,0,0,-1,0,10.219905,5.000000,0
1631,0,0,0,0,0,-1,0,10.219905,5.000000,0
1632,0,0,0,0,0,-1,0,10.219905,5.000000,0
1633,0,0,0,0,0,-1,0,10.219905,5.000000,0
1634,0,0,0,0,0,-1,0,10.219905,5.000000,0
1635,0,0,0,0,0,-1,0,10.219905,5.000000,0
1636,0,0,0,0,0,-1,0,10.219905,5.000000,0
1637,0,0,0,0,0,-1,0,10.219905,5.000000,0
1638,0,0,0,0,0,-1,0,10.219905,5.000000,0
1639,0,0,0,0,0,-1,0,10.219905,5.000000,0
1640,0,0,0,0,0,-1,0,10.219905,5.000000,0
1641,0,0,0,0,0,-1,0,10.219905,5.000000,0
1642,0,0,0,0,0,-1,0,10.219905,5.000000,0
1643,0,0,0,0,0,-1,0,10.219905,5.000000,0
1644,0,0,0,0,0,-1,0,10.219905,5.000000,0
1645,0,0,0,0,0,-1,0,10.219905,5.000000,0
1646,0,0,0,0,0,-1,0,10.219905,5.000000,0
1647,0,0,0,0,0,-1,0,10.219905,5.000000,0
1648,0,0,0,0,0,-1,0,10.219905,5.000000,0
1649,0,0,0,0,0,-1,0,10.219905,5.000000,0
1650,0,0,0,0,0,-1,0,10.219905,5.000000,0
1651,0,0,0,0,0,-1,0,10.219905,5.000000,0
1652,0,0,0,0,0,-1,0,10.219905,5.000000,0
1653,0,0,0,0,0,-1,0,10.219905,5.000000,0
1654,0,0,0,0,0,-1,0,10.219905,5.000000,0
1655,0,0,0,0,0,-1,0,10.219905,5.000000,0
1656,0,0,0,0,0,-1,0,10.219905,5.000000,0
1657,0,0,0,0,0,-1,0,10.219905,5.000000,0
1658,0,0,0,0,0,-1,0,10.219905,5.000000,0
1659,0,0,0,0,0,-1,0,10.219905,5.000000,0
1660,0,0,0,0,0,-1,0,10.219905,5.000000,0
1661,0,0,0,0,0,-1,0,10.219905,5.000000,0
1662,0,0,0,0,0,-1,0,10.219905,5.000000,0
1663,0,0,0,0,0,-1,0,10.219905,5.000000,0
1664,0,0,0,0,0,-1,0,10.219905,5.000000,0
1665,0,0,0,0,0,-1,0,10.219905,5.000000,0
1666,0,0,0,0,0,-1,0,10.219905,5.000000,0
1667,0,0,0,0,0,-1,0,10.219905,5.000000,0
1668,0,0,0,0,0,-1,0,10.219905,5.000000,0
1669,0,0,0,0,0,-1,0,10.219905,5.000000,0
1670,0,0,0,0,0,-1,0,10.219905,5.000000,0
1671,0,0,0,0,0,-1,0,10.219905,5.000000,0
1672,0,0,0,0,0,-1,0,10.219905,5.000000,0
1673,0,0,0,0,0,-1,0,10.219905,5.000000,0
1674,0,0,0,0,0,-1,0,10.219905,5.000000,0
1675,0,0,0,0,0,-1,0,10.219905,5.000000,0
1676,0,0,0,0,0,-1,0,10.219905,5.000000,0
1677,0,0,0,0,0,-1,0,10.219905,5.000000,0
1678,0,0,0,0,0,-1,0,10.219905,5.000000,0
1679,0,0,0,0,0,-1,0,10.219905,5.000000,0
1680,0,0,0,0,0,-1,0,10.219905,5.000000,0
1681,0,0,0,0,0,-1,0,10.219905,5.000000,0
1682,0,0,0,0,0,-1,0,10.219905,5.000000,0
1683,0,0,0,0,0,-1,0,10.219905,5.000000,0
1684,0,0,0,0,0,-1,0,10.219905,5.000000,0
1685,0,0,0,0,0,-1,0,10.219905,5.000000,0
1686,0,0,0,0,0,-1,0,10.219905,5.000000,0
1687,0,0,0,0,0,-1,0,10.219905,5.000000,0
1688,0,0,0,0,0,-1,0,10.219905,5.000000,0
1689,0,0,0,0,0,-1,0,10.219905,5.000000,0
1690,0,0,0,0,0,-1,0,10.219905,5.000000,0
1691,0,0,0,0,0,-1,0,10.219905,5.000000,0
1692,0,0,0,0,0,-1,0,10.219905,5.000000,0
1693,0,0,0,0,0,-1,0,10.219905,5.000000,0
1694,0,0,0,0,0,-1,0,10.219905,5.000000,0
1695,0,0,0,0,0,-1,0,10.219905,5.000000,0
1696,0,0,0,0,0,-1,0,10.219905,5.000000,0
1697,0,0,0,0,0,-1,0,10.219905,5.000000,0
1698,0,0,0,0,0,-1,0,10.219905,5.000000,0
1699,0,0,0,0,0,-1,0,10.219905,5.000000,0
1700,0,0,0,0,0,-1,0,10.219905,5.000000,0
1701,0,0,0,0,0,-1,0,10.219905,5.000000,0
1702,0,0,0,0,0,-1,0,10.219905,5.000000,0
1703,0,0,0,0,0,-1,0,10.219905,5.000000,0
1704,0,0,0,0,0,-1,0,10.219905,5.000000,0
1705,0,0,0,0,0,-1,0,10.219905,5.000000,0
1706,0,0,0,0,0,-1,0,10.219905,5.000000,0
1707,0,0,0,0,0,-1,0,10.219905,5.000000,0
1708,0,0,0,0,0,-1,0,10.219905,5.000000,0
1709,0,0,0,0,0,-1,0,10.219905,5.000000,0
1710,0,0,0,0,0,-1,0,10.219905,5.000000,0
1711,0,0,0,0,0,-1,0,10.219905,5.000000,0
1712,0,0,0,0,0,-1,0,10.219905,5.000000,0
1713,0,0,0,0,0,-1,0,10.219905,5.000000,0
1714,0,0,0,0,0,-1,0,10.219905,5.000000,0
1715,0,0,0,0,0,-1,0,10.219905,5.000000,0
1716,0,0,0,0,0,-1,0,10.219905,5.000000,0
1717,0,0,0,0,0,-1,0,10.219905,5.000000,0
1718,0,0,0,0,0,-1,0,10.219905,5.000000,0
1719,0,0,0,0,0,-1,0,10.219905,5.000000,0
1720,0,0,0,0,0,-1,0,10.219905,5.000000,0
1721,0,0,0,0,0,-1,0,10.219905,5.000000,0
1722,0,0,0,0,0,-1,0,10.219905,5.000000,0
1723,0,0,0,0,0,-1,0,10.219905,5.000000,0
1724,0,0,0,0,0,-1,0,10.219905,5.000000,0
1725,0,0,0,0,0,-1,0,10.219905,5.000000,0
1726,0,0,0,0,0,-1,0,10.219905,5.000000,0
1727,0,0,0,0,0,-1,0,10.219905,5.000000,0
1728,0,0,0,0,0,-1,0,10.219905,5.000000,0
1729,0,0,0,0,0,-1,0,10.219905,5.000000,0
1730,0,0,0,0,0,-1,0,10.219905,5.000000,0
1731,0,0,0,0,0,-1,0,10.219905,5.000000,0
1732,0,0,0,0,0,-1,0,10.219905,5.000000,0
1733,0,0,0,0,0,-1,0,10.219905,5.000000,0
1734,0,0,0,0,0,-1,0,10.219905,5.000000,0
1735,0,0,0,0,0,-1,0,10.219905,5.000000,0
1736,0,0,0,0,0,-1,0,10.219905,5.000000,0
1737,0,0,0,0,0,-1,0,10.219905,5.000000,0
1738,0,0,0,0,0,-1,0,10.219905,5.000000,0
1739,0,0,0,0,0,-1,0,10.219905,5.000000,0
1740,0,0,0,0,0,-1,0,10.219905,5.000000,0
1741,0,0,0,0,0,-1,0,10.219905,5.000000,0
1742,0,0,0,0,0,-1,0,10.219905,5.000000,0
1743,0,0,0,0,0,-1,0,10.219905,5.000000,0
1744,0,0,0,0,0,-1,0,10.219905,5.000000,0
1745,0,0,0,0,0,-1,0,10.219905,5.000000,0
1746,0,0,0,0,0,-1,0,10.219905,5.000000,0
1747,0,0,0,0,0,-1,0,10.219905,5.000000,0
1748,0,0,0,0,0,-1,0,10.219905,5.000000,0
1749,0,0,0,0,0,-1,0,10.219905,5.000000,0
1750,0,0,0,0,0,-1,0,10.219905,5.000000,0
1751,0,0,0,0,0,-1,0,10.219905,5.000000,0
1752,0,0,0,0,0,-1,0,10.219905,5.000000,0
1753,0,0,0,0,0,-1,0,10.219905,5.000000,0
1754,0,0,0,0,0,-1,0,10.219905,5.000000,0
1755,0,0,0,0,0,-1,0,10.219905,5.000000,0
1756,0,0,0,0,0,-1,0,10.219905,5.000000,0
1757,0,0,0,0,0,-1,0,10.219905,5.000000,0
1758,0,0,0,0,0,-1,0,10.219905,5.000000,0
1759,0,0,0,0,0,-1,0,10.219905,5.000000,0
1760,0,0,0,0,0,-1,0,10.219905,5.000000,0
1761,0,0,0,0,0,-1,0,10.219905,5.000000,0
1762,0,0,0,0,0,-1,0,10.219905,5.000000,0
1763,0,0,0,0,0,-1,0,10.219905,5.000000,0
1764,0,0,0,0,0,-1,0,10.219905,5.000000,0
1765,0,0,0,0,0,-1,0,10.219905,5.000000,0
1766,0,0,0,0,0,-1,0,10.219905,5.000000,0
1767,0,0,0,0,0,-1,0,10.219905,5.000000,0
1768,0,0,0,0,0,-1,0,10.219905,5.000000,0
1769,0,0,0,0,0,-1,0,10.219905,5.000000,0
1770,0,0,0,0,0,-1,0,10.219905,5.000000,0
1771,0,0,0,0,0,-1,0,10.219905,5.000000,0
1772,0,0,0,0,0,-1,0,10.219905,5.000000,0
1773,0,0,0,0,0,-1,0,10.219905,5.000000,0
1774,0,0,0,0,0,-1,0,10.219905,5.000000,0
1775,0,0,0,0,0,-1,0,10.219905,5.000000,0
1776,0,0,0,0,0,-1,0,10.219905,5.000000,0
1777,0,0,0,0,0,-1,0,10.219905,5.000000,0
1778,0,0,0,0,0,-1,0,10.219905,5.000000,0
1779,0,0,0,0,0,-1,0,10.219905,5.000000,0
1780,0,0,0,0,0,-1,0,10.219905,5.000000,0
1781,0,0,0,0,0,-1,0,10.219905,5.000000,0
1782,0,0,0,0,0,-1,0,10.219905,5.000000,0
1783,0,0,0,0,0,-1,0,10.219905,5.000000,0
1784,0,0,0,0,0,-1,0,10.219905,5.000000,0
1785,0,0,0,0,0,-1,0,10.219905,5.000000,0
1786,0,0,0,0,0,-1,0,10.219905,5.000000,0
1787,0,0,0,0,0,-1,0,10.219905,5.000000,0
1788,0,0,0,0,0,-1,0,10.219905,5.000000,0
1789,0,0,0,0,0,-1,0,10.219905,5.000000,0
1790,0,0,0,0,0,-1,0,10.219905,5.000000,0
1791,0,0,0,0,0,-1,0,10.219905,5.000000,0
1792,0,0,0,0,0,-1,0,10.219905,5.000000,0
1793,0,0,0,0,0,-1,0,10.219905,5.000000,0
1794,0,0,0,0,0,-1,0,10.219905,5.000000,0
1795,0,0,0,0,0,-1,0,10.219905,5.000000,0
1796,0,0,0,0,0,-1,0,10.219905,5.000000,0
1797,0,0,0,0,0,-1,0,10.219905,5.000000,0
1798,0,0,0,0,0,-1,0,10.219905,5.000000,0
1799,0,0,0,0,0,-1,0,10.219905,5.000000,0
1800,0,0,0,0,0,-1,0,10.219905,5.000000,0
1801,0,0,0,0,0,-1,0,10.219905,5.000000,0
1802,0,0,0,0,0,-1,0,10.219905,5.000000,0
1803,0,0,0,0,0,-1,0,10.219905,5.000000,0
1804,0,0,0,0,0,-1,0,10.219905,5.000000,0
1805,0,0,0,0,0,-1,0,10.219905,5.000000,0
1806,0,0,0,0,0,-1,0,10.219905,5.000000,0
1807,0,0,0,0,0,-1,0,10.219905,5.000000,0
1808,0,0,0,0,0,-1,0,10.219905,5.000000,0
1809,0,0,0,0,0,-1,0,10.219905,5.000000,0
1810,0,0,0,0,0,-1,0,10.219905,5.000000,0
1811,0,0,0,0,0,-1,0,10.219905,5.000000,0
1812,0,0,0,0,0,-1,0,10.219905,5.000000,0
1813,0,0,0,0,0,-1,0,10.219905,5.000000,0
1814,0,0,0,0,0,-1,0,10.219905,5.000000,0
1815,0,0,0,0,0,-1,0,10.219905,5.000000,0
1816,0,0,0,0,0,-1,0,10.219905,5.000000,0
1817,0,0,0,0,0,-1,0,10.219905,5.000000,0
1818,0,0,0,0,0,-1,0,10.219905,5.000000,0
1819,0,0,0,0,0,-1,0,10.219905,5.000000,0
1820,0,0,0,0,0,-1,0,10.219905,5.000000,0
1821,0,0,0,0,0,-1,0,10.219905,5.000000,0
1822,0,0,0,0,0,-1,0,10.219905,5.000000,0
1823,0,0,0,0,0,-1,0,10.219905,5.000000,0
1824,0,0,0,0,0,-1,0,10.219905,5.000000,0
1825,0,0,0,0,0,-1,0,10.219905,5.000000,0
1826,0,0,0,0,0,-1,0,10.219905,5.000000,0
1827,0,0,0,0,0,-1,0,10.219905,5.000000,0
1828,0,0,0,0,0,-1,0,10.219905,5.000000,0
1829,0,0,0,0,0,-1,0,10.219905,5.000000,0
1830,0,0,0,0,0,-1,0,10.219905,5.000000,0
1831,0,0,0,0,0,-1,0,10.219905,5.000000,0
1832,0,0,0,0,0,-1,0,10.219905,5.000000,0
1833,0,0,0,0,0,-1,0,10.219905,5.000000,0
1834,0,0,0,0,0,-1,0,10.219905,5.000000,0
1835,0,0,0,0,0,-1,0,10.219905,5.000000,0
1836,0,0,0,0,0,-1,0,10.219905,5.000000,0
1837,0,0,0,0,0,-1,0,10.219905,5.000000,0
1838,0,0,0,0,0,-1,0,10.219905,5.000000,0
1839,0,0,0,0,0,-1,0,10.219905,5.000000,0
1840,0,0,0,0,0,-1,0,10.219905,5.000000,0
1841,0,0,0,0,0,-1,0,10.219905,5.000000,0
1842,0,0,0,0,0,-1,0,10.219905,5.000000,0
1843,0,0,0,0,0,-1,0,10.219905,5.000000,0
1844,0,0,0,0,0,-1,0,10.219905,5.000000,0
1845,0,0,0,0,0,-1,0,10.219905,5.000000,0
1846,0,0,0,0,0,-1,0,10.219905,5.000000,0
1847,0,0,0,0,0,-1,0,10.219905,5.000000,0
1848,0,0,0,0,0,-1,0,10.219905,5.000000,0
1849,0,0,0,0,0,-1,0,10.219905,5.000000,0
1850,0,0,0,0,0,-1,0,10.219905,5.000000,0
1851,0,0,0,0,0,-1,0,10.219905,5.000000,0
1852,0,0,0,0,0,-1,0,10.219905,5.000000,0
1853,0,0,0,0,0,-1,0,10.219905,5.000000,0
1854,0,0,0,0,0,-1,0,10.219905,5.000000,0
1855,0,0,0,0,0,-1,0,10.219905,5.000000,0
1856,0,0,0,0,0,-1,0,10.219905,5.000000,0
1857,0,0,0,0,0,-1,0,10.219905,5.000000,0
1858,0,0,0,0,0,-1,0,10.219905,5.000000,0
1859,0,0,0,0,0,-1,0,10.219905,5.000000,0
1860,0,0,0,0,0,-1,0,10.219905,5.000000,0
1861,0,0,0,0,0,-1,0,10.219905,5.000000,0
1862,0,0,0,0,0,-1,0,10.219905,5.000000,0
1863,0,0,0,0,0,-1,0,10.219905,5.000000,0
1864,0,0,0,0,0,-1,0,10.219905,5.000000,0
1865,0,0,0,0,0,-1,0,10.219905,5.000000,0
1866,0,0,0,0,0,-1,0,10.219905,5.000000,0
1867,0,0,0,0,0,-1,0,10.219905,5.000000,0
1868,0,0,0,0,0,-1,0,10.219905,5.000000,0
1869,0,0,0,0,0,-1,0,10.219905,5.000000,0
1870,0,0,0,0,0,-1,0,10.219905,5.000000,0
1871,0,0,0,0,0,-1,0,10.219905,5.000000,0
1872,0,0,0,0,0,-1,0,10.219905,5.000000,0
1873,0,0,0,0,0,-1,0,10.219905,5.000000,0
1874,0,0,0,0,0,-1,0,10.219905,5.000000,0
1875,0,0,0,0,0,-1,0,10.219905,5.000000,0
1876,0,0,0,0,0,-1,0,10.219905,5.000000,0
1877,0,0,0,0,0,-1,0,10.219905,5.000000,0
1878,0,0,0,0,0,-1,0,10.219905,5.000000,0
1879,0,0,0,0,0,-1,0,10.219905,5.000000,0
1880,0,0,0,0,0,-1,0,10.219905,5.000000,0
1881,0,0,0,0,0,-1,0,10.219905,5.000000,0
1882,0,0,0,0,0,-1,0,10.219905,5.000000,0
1883,0,0,0,0,0,-1,0,10.219905,5.000000,0
1884,0,0,0,0,0,-1,0,10.219905,5.000000,0
1885,0,0,0,0,0,-1,0,10.219905,5.000000,0
1886,0,0,0,0,0,-1,0,10.219905,5.000000,0
1887,0,0,0,0,0,-1,0,10.219905,5.000000,0
1888,0,0,0,0,0,-1,0,10.219905,5.000000,0
1889,0,0,0,0,0,-1,0,10.219905,5.000000,0
1890,0,0,0,0,0,-1,0,10.219905,5.000000,0
1891,0,0,0,0,0,-1,0,10.219905,5.000000,0
1892,0,0,0,0,0,-1,0,10.219905,5.000000,0
1893,0,0,0,0,0,-1,0,10.219905,5.000000,0
1894,0,0,0,0,0,-1,0,10.219905,5.000000,0
1895,0,0,0,0,0,-1,0,10.219905,5.000000,0
1896,0,0,0,0,0,-1,0,10.219905,5.000000,0
1897,0,0,0,0,0,-1,0,10.219905,5.000000,0
1898,0,0,0,0,0,-1,0,10.219905,5.000000,0
1899,0,0,0,0,0,-1,0,10.219905,5.000000,0
1900,0,0,0,0,0,-1,0,10.219905,5.000000,0
1901,0,0,0,0,0,-1,0,10.219905,5.000000,0
1902,0,0,0,0,0,-1,0,10.219905,5.000000,0
1903,0,0,0,0,0,-1,0,10.219905,5.000000,0
1904,0,0,0,0,0,-1,0,10.219905,5.000000,0
1905,0,0,0,0,0,-1,0,10.219905,5.000000,0
1906,0,0,0,0,0,-1,0,10.219905,5.000000,0
1907,0,0,0,0,0,-1,0,10.219905,5.000000,0
1908,0,0,0,0,0,-1,0,10.219905,5.000000,0
1909,0,0,0,0,0,-1,0,10.219905,5.000000,0
1910,0,0,0,0,0,-1,0,10.219905,5.000000,0
1911,0,0,0,0,0,-1,0,10.219905,5.000000,0
1912,0,0,0,0,0,-1,0,10.219905,5.000000,0
1913,0,0,0,0,0,-1,0,10.219905,5.000000,0
1914,0,0,0,0,0,-1,0,10.219905,5.000000,0
1915,0,0,0,0,0,-1,0,10.219905,5.000000,0
1916,0,0,0,0,0,-1,0,10.219905,5.000000,0
1917,0,0,0,0,0,-1,0,10.219905,5.000000,0
1918,0,0,0,0,0,-1,0,10.219905,5.000000,0
1919,0,0,0,0,0,-1,0,10.219905,5.000000,0
1920,0,0,0,0,0,-1,0,10.219905,5.000000,0
1921,0,0,0,0,0,-1,0,10.219905,5.000000,0
1922,0,0,0,0,0,-1,0,10.219905,5.000000,0
1923,0,0,0,0,0,-1,0,10.219905,5.000000,0
1924,0,0,0,0,0,-1,0,10.219905,5.000000,0
1925,0,0,0,0,0,-1,0,10.219905,5.000000,0
1926,0,0,0,0,0,-1,0,10.219905,5.000000,0
1927,0,0,0,0,0,-1,0,10.219905,5.000000,0
1928,0,0,0,0,0,-1,0,10.219905,5.000000,0
1929,0,0,0,0,0,-1,0,10.219905,5.000000,0
1930,0,0,0,0,0,-1,0,10.219905,5.000000,0
1931,0,0,0,0,0,-1,0,10.219905,5.000000,0
1932,0,0,0,0,0,-1,0,10.219905,5.000000,0
1933,0,0,0,0,0,-1,0,10.219905,5.000000,0
1934,0,0,0,0,0,-1,0,10.219905,5.000000,0
1935,0,0,0,0,0,-1,0,10.219905,5.000000,0
1936,0,0,0,0,0,-1,0,10.219905,5.000000,0
1937,0,0,0,0,0,-1,0,10.219905,5.000000,0
1938,0,0,0,0,0,-1,0,10.219905,5.000000,0
1939,0,0,0,0,0,-1,0,10.219905,5.000000,0
1940,0,0,0,0,0,-1,0,10.219905,5.000000,0
1941,0,0,0,0,0,-1,0,10.219905,5.000000,0
1942,0,0,0,0,0,-1,0,10.219905,5.000000,0
1943,0,0,0,0,0,-1,0,10.219905,5.000000,0
1944,0,0,0,0,0,-1,0,10.219905,5.000000,0
1945,0,0,0,0,0,-1,0,10.219905,5.000000,0
1946,0,0,0,0,0,-1,0,10.219905,5.000000,0
1947,0,0,0,0,0,-1,0,10.219905,5.000000,0
1948,0,0,0,0,0,-1,0,10.219905,5.000000,0
1949,0,0,0,0,0,-1,0,10.219905,5.000000,0
1950,0,0,0,0,0,-1,0,10.219905,5.000000,0
1951,0,0,0,0,0,-1,0,10.219905,5.000000,0
1952,0,0,0,0,0,-1,0,10.219905,5.000000,0
1953,0,0,0,0,0,-1,0,10.219905,5.000000,0
1954,0,0,0,0,0,-1,0,10.219905,5.000000,0
1955,0,0,0,0,0,-1,0,10.219905,5.000000,0
1956,0,0,0,0,0,-1,0,10.219905,5.000000,0
1957,0,0,0,0,0,-1,0,10.219905,5.000000,0
1958,0,0,0,0,0,-1,0,10.219905,5.000000,0
1959,0,0,0,0,0,-1,0,10.219905,5.000000,0
1960,0,0,0,0,0,-1,0,10.219905,5.000000,0
1961,0,0,0,0,0,-1,0,10.219905,5.000000,0
1962,0,0,0,0,0,-1,0,10.219905,5.000000,0
1963,0,0,0,0,0,-1,0,10.219905,5.000000,0
1964,0,0,0,0,0,-1,0,10.219905,5.000000,0
1965,0,0,0,0,0,-1,0,10.219905,5.000000,0
1966,0,0,0,0,0,-1,0,10.219905,5.000000,0
1967,0,0,0,0,0,-1,0,10.219905,5.000000,0
1968,0,0,0,0,0,-1,0,10.219905,5.000000,0
1969,0,0,0,0,0,-1,0,10.219905,5.000000,0
1970,0,0,0,0,0,-1,0,10.219905,5.000000,0
1971,0,0,0,0,0,-1,0,10.219905,5.000000,0
1972,0,0,0,0,0,-1,0,10.219905,5.000000,0
1973,0,0,0,0,0,-1,0,10.219905,5.000000,0
1974,0,0,0,0,0,-1,0,10.219905,5.000000,0
1975,0,0,0,0,0,-1,0,10.219905,5.000000,0
1976,0,0,0,0,0,-1,0,10.219905,5.000000,0
1977,0,0,0,0,0,-1,0,10.219905,5.000000,0
1978,0,0,0,0,0,-1,0,10.219905,5.000000,0
1979,0,0,0,0,0,-1,0,10.219905,5.000000,0
1980,0,0,0,0,0,-1,0,10.219905,5.000000,0
1981,0,0,0,0,0,-1,0,10.219905,5.000000,0
1982,0,0,0,0,0,-1,0,10.219905,5.000000,0
1983,0,0,0,0,0,-1,0,10.219905,5.000000,0
1984,0,0,0,0,0,-1,0,10.219905,5.000000,0
1985,0,0,0,0,0,-1,0,10.219905,5.000000,0
1986,0,0,0,0,0,-1,0,10.219905,5.000000,0
1987,0,0,0,0,0,-1,0,10.219905,5.000000,0
1988,0,0,0,0,0,-1,0,10.219905,5.000000,0
1989,0,0,0,0,0,-1,0,10.219905,5.000000,0
1990,0,0,0,0,0,-1,0,10.219905,5.000000,0
1991,0,0,0,0,0,-1,0,10.219905,5.000000,0
1992,0,0,0,0,0,-1,0,10.219905,5.000000,0
1993,0,0,0,0,0,-1,0,10.219905,5.000000,0
1994,0,0,0,0,0,-1,0,10.219905,5.000000,0
1995,0,0,0,0,0,-1,0,10.219905,5.000000,0
1996,0,0,0,0,0,-1,0,10.219905,5.000000,0
1997,0,0,0,0,0,-1,0,10.219905,5.000000,0
1998,0,0,0,0,0,-1,0,10.219905,5.000000,0
1999,0,0,0,0,0,-1,0,10.219905,5.000000,0
2000,0,0,0,0,0,-1,0,10.219905,5.000000,0
