frameNumber,components,mse,sizeBytes,genTime,recvTime,delay_ms,receivedOnTime,effectiveError,deadline_ms,cqi
1,375,0.0493228,71961,0.029442343,0.032000000,2.557657,1,0.049323,5.000000,15
2,375,0.049324,71961,0.043698861,0.046500000,2.801139,1,0.049324,5.000000,15
3,375,0.049290,71961,0.056864083,0.059500000,2.635917,1,0.049290,5.000000,15
4,375,0.049290,71961,0.071625281,0.074500000,2.874719,1,0.049290,5.000000,15
5,375,0.049290,71961,0.088917949,0.091500000,2.582051,1,0.049290,5.000000,15
6,375,0.049251,71961,0.103133438,0.106000000,2.866562,1,0.049251,5.000000,15
7,375,0.049251,71961,0.116883017,0.119500000,2.616983,1,0.049251,5.000000,15
8,375,0.049251,71961,0.130415679,0.133000000,2.584321,1,0.049251,5.000000,15
9,375,0.049251,71961,0.144397765,0.147000000,2.602235,1,0.049251,5.000000,15
10,375,0.049251,71961,0.159316532,0.162000000,2.683468,1,0.049251,5.000000,15
11,375,0.049251,71961,0.172625786,0.176000000,3.374214,1,0.049251,5.000000,15
12,375,0.049251,71961,0.186106252,0.189000000,2.893748,1,0.049251,5.000000,15
13,375,0.049251,71961,0.200047151,0.203500000,3.452849,1,0.049251,5.000000,15
15,375,0.049251,71961,0.214723243,0.217500000,2.776757,1,0.049251,5.000000,15
16,375,0.049251,71961,0.230377078,0.233000000,2.622922,1,0.049251,5.000000,15
18,375,0.049251,71961,0.246287441,0.249000000,2.712559,1,0.049251,5.000000,15
19,375,0.049251,71961,0.260531334,0.263500000,2.968666,1,0.049251,5.000000,15
20,375,0.049251,71961,0.274626271,0.277500000,2.873729,1,0.049251,5.000000,15
21,375,0.049251,71961,0.289813322,0.292500000,2.686678,1,0.049251,5.000000,15
22,375,0.049251,71961,0.304207471,0.307000000,2.792529,1,0.049251,5.000000,15
23,375,0.049251,71961,0.319769111,0.322500000,2.730889,1,0.049251,5.000000,15
24,375,0.070843,71961,0.332694574,0.335500000,2.805426,1,0.070843,5.000000,15
26,375,0.257060,71961,0.346061287,0.349000000,2.938713,1,0.257060,5.000000,15
27,375,0.212525,71961,0.362197044,0.365000000,2.802956,1,0.212525,5.000000,15
28,375,0.185270,71961,0.376646364,0.379500000,2.853636,1,0.185270,5.000000,15
29,375,0.161721,71961,0.389941353,0.392500000,2.558647,1,0.161721,5.000000,15
34,375,0.017538,71961,0.403820823,0.406500000,2.679177,1,0.017538,5.000000,15
35,375,0.014532,71961,0.417847662,0.421000000,3.152338,1,0.014532,5.000000,15
36,375,0.011785,71961,0.431010388,0.434000000,2.989612,1,0.011785,5.000000,15
37,375,0.011344,71961,0.445741977,0.448500000,2.758023,1,0.011344,5.000000,15
38,375,0.011522,71961,0.460550617,0.463500000,2.949383,1,0.011522,5.000000,15
39,375,0.011738,71961,0.474930791,0.477500000,2.569209,1,0.011738,5.000000,15
40,375,0.011092,71961,0.488250553,0.491000000,2.749447,1,0.011092,5.000000,15
41,375,0.008860,71961,0.504451011,0.507000000,2.548989,1,0.008860,5.000000,15
42,375,0.008768,71961,0.520231286,0.523000000,2.768714,1,0.008768,5.000000,15
43,375,0.007831,71961,0.534626339,0.537500000,2.873661,1,0.007831,5.000000,15
46,375,0.006588,71961,0.549276576,0.552000000,2.723424,1,0.006588,5.000000,15
47,375,0.006165,71961,0.562139392,0.565000000,2.860608,1,0.006165,5.000000,15
48,375,0.006155,71961,0.574952732,0.577500000,2.547268,1,0.006155,5.000000,15
49,375,0.006002,71961,0.591764753,0.594500000,2.735247,1,0.006002,5.000000,15
50,375,0.005848,71961,0.605175875,0.608000000,2.824125,1,0.005848,5.000000,15
53,375,0.005920,71961,0.619145491,0.622000000,2.854509,1,0.005920,5.000000,15
54,375,0.005920,71961,0.633337290,0.636000000,2.662710,1,0.005920,5.000000,15
55,375,0.005920,71961,0.649266657,0.652000000,2.733343,1,0.005920,5.000000,15
56,375,0.005920,71961,0.662295757,0.665000000,2.704243,1,0.005920,5.000000,15
57,375,0.005920,71961,0.675543724,0.678500000,2.956276,1,0.005920,5.000000,15
59,375,0.005920,71961,0.688937687,0.691500000,2.562313,1,0.005920,5.000000,15
60,375,0.005920,71961,0.703303880,0.706000000,2.696120,1,0.005920,5.000000,15
61,375,0.005920,71961,0.717471116,0.720500000,3.028884,1,0.005920,5.000000,15
62,375,0.005920,71961,0.732269831,0.735000000,2.730169,1,0.005920,5.000000,15
64,375,0.005920,71961,0.748803452,0.751500000,2.696548,1,0.005920,5.000000,15
65,375,0.005920,71961,0.764510658,0.767500000,2.989342,1,0.005920,5.000000,15
66,375,0.005920,71961,0.779273091,0.782000000,2.726909,1,0.005920,5.000000,15
68,375,0.005920,71961,0.792753381,0.795500000,2.746619,1,0.005920,5.000000,15
69,375,0.005920,71961,0.811762622,0.814500000,2.737378,1,0.005920,5.000000,15
71,375,0.005920,71961,0.825659213,0.828500000,2.840787,1,0.005920,5.000000,15
72,375,0.005920,71961,0.840017453,0.843000000,2.982547,1,0.005920,5.000000,15
73,375,0.005920,71961,0.853577292,0.856500000,2.922708,1,0.005920,5.000000,15
74,375,0.005920,71961,0.869443824,0.872000000,2.556176,1,0.005920,5.000000,15
75,375,0.005920,71961,0.884793280,0.887500000,2.706720,1,0.005920,5.000000,15
77,375,0.005920,71961,0.901235192,0.904000000,2.764808,1,0.005920,5.000000,15
78,375,0.005920,71961,0.915861614,0.918500000,2.638386,1,0.005920,5.000000,15
79,375,0.005920,71961,0.928934253,0.931500000,2.565747,1,0.005920,5.000000,15
81,375,0.005920,71961,0.941727419,0.944500000,2.772581,1,0.005920,5.000000,15
82,375,0.005920,71961,0.955752255,0.958500000,2.747745,1,0.005920,5.000000,15
83,375,0.005920,71961,0.970400590,0.973000000,2.599410,1,0.005920,5.000000,15
84,375,0.005920,71961,0.986764093,0.989500000,2.735907,1,0.005920,5.000000,15
85,375,0.005920,71961,1.000637589,1.003500000,2.862411,1,0.005920,5.000000,15
86,375,0.005920,71961,1.016762620,1.019500000,2.737380,1,0.005920,5.000000,15
87,375,0.005920,71961,1.032688388,1.035500000,2.811612,1,0.005920,5.000000,15
89,375,0.005920,71961,1.045892951,1.048500000,2.607049,1,0.005920,5.000000,15
90,375,0.005920,71961,1.059338692,1.062000000,2.661308,1,0.005920,5.000000,15
91,375,0.005920,71961,1.072175997,1.075000000,2.824003,1,0.005920,5.000000,15
92,375,0.005920,71961,1.086274197,1.089000000,2.725803,1,0.005920,5.000000,15
94,375,0.005920,71961,1.101776166,1.104500000,2.723834,1,0.005920,5.000000,15
95,375,0.005920,71961,1.114755501,1.117500000,2.744499,1,0.005920,5.000000,15
96,375,0.005920,71961,1.127841122,1.130500000,2.658878,1,0.005920,5.000000,15
97,375,0.005920,71961,1.144601302,1.147500000,2.898698,1,0.005920,5.000000,15
98,375,0.005920,71961,1.158302614,1.161000000,2.697386,1,0.005920,5.000000,15
99,375,0.005920,71961,1.172470967,1.175500000,3.029033,1,0.005920,5.000000,15
100,375,0.005920,71961,1.191225620,1.194000000,2.774380,1,0.005920,5.000000,15
101,375,0.005920,71961,1.206433517,1.209000000,2.566483,1,0.005920,5.000000,15
103,375,0.005920,71961,1.219658865,1.222500000,2.841135,1,0.005920,5.000000,15
104,375,0.005920,71961,1.233246220,1.236000000,2.753780,1,0.005920,5.000000,15
105,375,0.005920,71961,1.247461184,1.250500000,3.038816,1,0.005920,5.000000,15
106,375,0.005920,71961,1.263081392,1.266000000,2.918608,1,0.005920,5.000000,15
107,375,0.005920,71961,1.276105262,1.279000000,2.894738,1,0.005920,5.000000,15
108,375,0.005920,71961,1.292137630,1.295000000,2.862370,1,0.005920,5.000000,15
109,375,0.005920,71961,1.305386413,1.308000000,2.613587,1,0.005920,5.000000,15
110,375,0.005920,71961,1.318527025,1.321500000,2.972975,1,0.005920,5.000000,15
111,375,0.005920,71961,1.335011377,1.338000000,2.988623,1,0.005920,5.000000,15
112,375,0.005920,71961,1.347833902,1.350500000,2.666098,1,0.005920,5.000000,15
113,375,0.005920,71961,1.363603036,1.366500000,2.896964,1,0.005920,5.000000,15
114,375,0.005920,71961,1.377936824,1.380500000,2.563176,1,0.005920,5.000000,15
115,375,0.005920,71961,1.393995796,1.397000000,3.004204,1,0.005920,5.000000,15
116,375,0.006430,71961,1.407465072,1.410500000,3.034928,1,0.006430,5.000000,15
117,375,0.006271,71961,1.423223358,1.426000000,2.776642,1,0.006271,5.000000,15
118,375,0.006238,71961,1.438552316,1.441500000,2.947684,1,0.006238,5.000000,15
119,375,0.005934,71961,1.452022846,1.455000000,2.977154,1,0.005934,5.000000,15
121,375,0.009498,71961,1.466031469,1.469000000,2.968531,1,0.009498,5.000000,15
122,375,0.031088,71961,1.479745083,1.482500000,2.754917,1,0.031088,5.000000,15
123,375,0.059222,71961,1.493596490,1.496500000,2.903510,1,0.059222,5.000000,15
125,375,0.147820,71961,1.509294961,1.512000000,2.705039,1,0.147820,5.000000,15
126,375,0.224057,71961,1.524476775,1.527500000,3.023225,1,0.224057,5.000000,15
127,375,0.410566,71961,1.540224046,1.543000000,2.775954,1,0.410566,5.000000,15
128,375,0.194765,71961,1.553945849,1.556500000,2.554151,1,0.194765,5.000000,15
129,375,0.020194,71961,1.570523459,1.573500000,2.976541,1,0.020194,5.000000,15
130,375,0.005111,71961,1.583641871,1.586500000,2.858129,1,0.005111,5.000000,15
131,375,0.005006,71961,1.596849063,1.599500000,2.650937,1,0.005006,5.000000,15
132,375,0.004782,71961,1.609720648,1.612500000,2.779352,1,0.004782,5.000000,15
133,375,0.004793,71961,1.622635386,1.625500000,2.864614,1,0.004793,5.000000,15
135,375,0.004681,71961,1.636327950,1.639000000,2.672050,1,0.004681,5.000000,15
136,375,0.004681,71961,1.649888570,1.652500000,2.611430,1,0.004681,5.000000,15
137,375,0.004662,71961,1.662899712,1.665500000,2.600288,1,0.004662,5.000000,15
138,375,0.004662,71961,1.677159194,1.680000000,2.840806,1,0.004662,5.000000,15
140,375,0.004675,71961,1.690725260,1.693500000,2.774740,1,0.004675,5.000000,15
142,375,0.004675,71961,1.705085085,1.708000000,2.914915,1,0.004675,5.000000,15
143,375,0.004675,71961,1.720558219,1.724000000,3.441781,1,0.004675,5.000000,15
145,375,0.004675,71961,1.734865929,1.738000000,3.134071,1,0.004675,5.000000,15
146,375,0.004675,71961,1.749859323,1.752500000,2.640677,1,0.004675,5.000000,15
147,375,0.004675,71961,1.764647782,1.767500000,2.852218,1,0.004675,5.000000,15
148,375,0.004675,71961,1.782404761,1.785000000,2.595239,1,0.004675,5.000000,15
150,375,0.004675,71961,1.797006870,1.800000000,2.993130,1,0.004675,5.000000,15
151,375,0.004675,71961,1.811057420,1.814500000,3.442580,1,0.004675,5.000000,15
153,375,0.004675,71961,1.823806563,1.826500000,2.693437,1,0.004675,5.000000,15
154,375,0.004675,71961,1.836749958,1.839500000,2.750042,1,0.004675,5.000000,15
155,375,0.004675,71961,1.854249216,1.857000000,2.750784,1,0.004675,5.000000,15
156,375,0.004675,71961,1.871009555,1.874000000,2.990445,1,0.004675,5.000000,15
157,375,0.004675,71961,1.884796957,1.887500000,2.703043,1,0.004675,5.000000,15
158,375,0.004675,71961,1.898407082,1.901000000,2.592918,1,0.004675,5.000000,15
159,375,0.004675,71961,1.911935732,1.914500000,2.564268,1,0.004675,5.000000,15
160,375,0.004675,71961,1.924888805,1.927500000,2.611195,1,0.004675,5.000000,15
161,375,0.004675,71961,1.937989158,1.941000000,3.010842,1,0.004675,5.000000,15
162,375,0.004675,71961,1.951742710,1.954500000,2.757290,1,0.004675,5.000000,15
163,375,0.004675,71961,1.967554290,1.970500000,2.945710,1,0.004675,5.000000,15
164,375,0.004675,71961,1.982309077,1.985000000,2.690923,1,0.004675,5.000000,15
165,375,0.004675,71961,1.997385153,2.000000000,2.614847,1,0.004675,5.000000,15
167,375,0.004675,71961,2.010305098,2.013000000,2.694902,1,0.004675,5.000000,15
168,375,0.004675,71961,2.025257678,2.028000000,2.742322,1,0.004675,5.000000,15
169,375,0.004675,71961,2.039309876,2.042000000,2.690124,1,0.004675,5.000000,15
171,375,0.004675,71961,2.057389456,2.060000000,2.610544,1,0.004675,5.000000,15
172,375,0.004675,71961,2.071165005,2.074000000,2.834995,1,0.004675,5.000000,15
177,375,0.004675,71961,2.084514334,2.087500000,2.985666,1,0.004675,5.000000,15
179,375,0.005287,71961,2.099210265,2.102000000,2.789735,1,0.005287,5.000000,15
180,375,0.004675,71961,2.115934602,2.118500000,2.565398,1,0.004675,5.000000,15
181,375,4.776919,71961,2.129204542,2.132000000,2.795458,1,4.776919,5.000000,15
182,375,13.765116,71961,2.145267360,2.148000000,2.732640,1,13.765116,5.000000,15
183,375,27.546436,71961,2.157953173,2.160500000,2.546827,1,27.546436,5.000000,15
185,375,33.808910,71961,2.174012945,2.177000000,2.987055,1,33.808910,5.000000,15
186,375,45.510989,71961,2.190408660,2.193000000,2.591340,1,45.510989,5.000000,15
187,375,42.020648,71961,2.205222634,2.208000000,2.777366,1,42.020648,5.000000,15
189,375,29.112233,71961,2.222545611,2.225500000,2.954389,1,29.112233,5.000000,15
190,375,27.048066,71961,2.237260271,2.240000000,2.739729,1,27.048066,5.000000,15
191,375,28.538594,71961,2.250046794,2.253000000,2.953206,1,28.538594,5.000000,15
193,375,13.578836,71961,2.263449484,2.266000000,2.550516,1,13.578836,5.000000,15
195,375,14.830495,71961,2.278300516,2.281000000,2.699484,1,14.830495,5.000000,15
197,375,23.713413,71961,2.291119531,2.294000000,2.880469,1,23.713413,5.000000,15
198,375,37.558232,71961,2.304646168,2.307500000,2.853832,1,37.558232,5.000000,15
199,375,27.445231,71961,2.318128768,2.321000000,2.871232,1,27.445231,5.000000,15
200,375,24.785267,71961,2.330896599,2.333500000,2.603401,1,24.785267,5.000000,15
201,375,27.211150,71961,2.345306428,2.348000000,2.693572,1,27.211150,5.000000,15
202,375,31.817888,71961,2.358750752,2.361500000,2.749248,1,31.817888,5.000000,15
204,375,25.045702,71961,2.372117405,2.375000000,2.882595,1,25.045702,5.000000,15
205,375,29.122912,71961,2.385669159,2.388500000,2.830841,1,29.122912,5.000000,15
206,375,27.488724,71961,2.400026505,2.403000000,2.973495,1,27.488724,5.000000,15
207,375,31.597530,71961,2.418633771,2.421500000,2.866229,1,31.597530,5.000000,15
208,375,25.940234,71961,2.431785145,2.434500000,2.714855,1,25.940234,5.000000,15
209,375,33.870378,71961,2.445388431,2.448000000,2.611569,1,33.870378,5.000000,15
210,375,30.161407,71961,2.460532815,2.463500000,2.967185,1,30.161407,5.000000,15
212,375,29.684737,71961,2.474486426,2.477500000,3.013574,1,29.684737,5.000000,15
213,375,25.022343,71961,2.489234905,2.492000000,2.765095,1,25.022343,5.000000,15
215,375,16.663253,71961,2.505862748,2.508500000,2.637252,1,16.663253,5.000000,15
216,375,22.792429,71961,2.521107728,2.524000000,2.892272,1,22.792429,5.000000,15
217,375,25.093693,71961,2.534618949,2.537500000,2.881051,1,25.093693,5.000000,15
219,375,45.602725,71961,2.550750816,2.553500000,2.749184,1,45.602725,5.000000,15
220,375,99.457978,71961,2.564548818,2.567500000,2.951182,1,99.457978,5.000000,15
221,375,93.233337,71961,2.578630739,2.581500000,2.869261,1,93.233337,5.000000,15
222,375,78.388801,71961,2.593711621,2.596500000,2.788379,1,78.388801,5.000000,15
223,375,71.050623,71961,2.606483840,2.609500000,3.016160,1,71.050623,5.000000,15
224,375,45.012189,71961,2.620861453,2.623500000,2.638547,1,45.012189,5.000000,15
225,375,30.777561,71961,2.633607631,2.636500000,2.892369,1,30.777561,5.000000,15
226,375,25.953514,71961,2.648122269,2.651000000,2.877731,1,25.953514,5.000000,15
227,375,31.564379,71961,2.662297132,2.665000000,2.702868,1,31.564379,5.000000,15
228,375,22.033977,71961,2.676562236,2.679500000,2.937764,1,22.033977,5.000000,15
230,375,25.144619,71961,2.690954026,2.693500000,2.545974,1,25.144619,5.000000,15
231,375,35.033769,71961,2.703836811,2.706500000,2.663189,1,35.033769,5.000000,15
232,375,30.060299,71961,2.719065610,2.722000000,2.934390,1,30.060299,5.000000,15
233,375,30.975752,71961,2.734012671,2.737000000,2.987329,1,30.975752,5.000000,15
234,375,35.087548,71961,2.748548102,2.751500000,2.951898,1,35.087548,5.000000,15
235,375,35.210052,71961,2.762630647,2.765500000,2.869353,1,35.210052,5.000000,15
236,375,32.012191,71961,2.778150613,2.781000000,2.849387,1,32.012191,5.000000,15
237,375,33.709735,71961,2.791200982,2.794000000,2.799018,1,33.709735,5.000000,15
238,375,37.880006,71961,2.803902855,2.806500000,2.597145,1,37.880006,5.000000,15
241,375,29.521852,71961,2.816792974,2.820000000,3.207026,1,29.521852,5.000000,15
242,375,48.535423,71961,2.831787168,2.834500000,2.712832,1,48.535423,5.000000,15
243,375,38.836315,71961,2.846246610,2.849000000,2.753390,1,38.836315,5.000000,15
244,375,28.170542,71961,2.861363484,2.864000000,2.636516,1,28.170542,5.000000,15
245,375,23.815865,71961,2.875397648,2.878000000,2.602352,1,23.815865,5.000000,15
248,375,29.328093,71961,2.888939698,2.891500000,2.560302,1,29.328093,5.000000,15
249,375,39.125422,71961,2.905435047,2.908000000,2.564953,1,39.125422,5.000000,15
250,375,29.661614,71961,2.921016593,2.924500000,3.483407,1,29.661614,5.000000,15
252,375,23.054536,71961,2.933973556,2.937000000,3.026444,1,23.054536,5.000000,15
253,375,17.668763,71961,2.949165550,2.952000000,2.834450,1,17.668763,5.000000,15
255,375,18.732382,71961,2.962242314,2.965000000,2.757686,1,18.732382,5.000000,15
258,375,39.427263,71961,2.975010151,2.978000000,2.989849,1,39.427263,5.000000,15
259,375,35.954227,71961,2.987971631,2.991000000,3.028369,1,35.954227,5.000000,15
260,375,41.137702,71961,3.001552850,3.004500000,2.947150,1,41.137702,5.000000,15
261,375,52.156740,71961,3.015830440,3.018500000,2.669560,1,52.156740,5.000000,15
262,375,32.288579,71961,3.029996103,3.033000000,3.003897,1,32.288579,5.000000,15
264,375,24.489431,71961,3.045080459,3.048000000,2.919541,1,24.489431,5.000000,15
265,375,20.160574,71961,3.059008645,3.062000000,2.991355,1,20.160574,5.000000,15
267,375,30.894308,71961,3.071715745,3.074500000,2.784255,1,30.894308,5.000000,15
268,375,29.323806,71961,3.086104615,3.089000000,2.895385,1,29.323806,5.000000,15
269,375,18.803748,71961,3.098930108,3.101500000,2.569892,1,18.803748,5.000000,15
271,375,26.226579,71961,3.113953029,3.116500000,2.546971,1,26.226579,5.000000,15
272,375,28.862425,71961,3.127663308,3.130500000,2.836692,1,28.862425,5.000000,15
273,375,32.156760,71961,3.143745094,3.146500000,2.754906,1,32.156760,5.000000,15
274,375,23.186152,71961,3.157349850,3.160000000,2.650150,1,23.186152,5.000000,15
275,375,25.824146,71961,3.170167210,3.173000000,2.832790,1,25.824146,5.000000,15
276,375,20.535413,71961,3.182851840,3.185500000,2.648160,1,20.535413,5.000000,15
277,375,25.514200,71961,3.197411484,3.200000000,2.588516,1,25.514200,5.000000,15
280,375,23.827009,71961,3.211162597,3.214000000,2.837403,1,23.827009,5.000000,15
281,375,45.217567,71961,3.225383229,3.228000000,2.616771,1,45.217567,5.000000,15
282,375,53.494941,71961,3.240446685,3.243000000,2.553315,1,53.494941,5.000000,15
283,375,70.664229,71961,3.253405865,3.256000000,2.594135,1,70.664229,5.000000,15
284,375,47.292588,71961,3.267563016,3.270500000,2.936984,1,47.292588,5.000000,15
285,375,32.988558,71961,3.281586386,3.284500000,2.913614,1,32.988558,5.000000,15
286,375,23.491868,71961,3.294844712,3.297500000,2.655288,1,23.491868,5.000000,15
287,375,30.724433,71961,3.309583018,3.312500000,2.916982,1,30.724433,5.000000,15
288,375,26.207398,71961,3.322325065,3.325000000,2.674935,1,26.207398,5.000000,15
290,375,18.603093,71961,3.335296484,3.338000000,2.703516,1,18.603093,5.000000,15
292,375,17.014807,71961,3.349760876,3.352500000,2.739124,1,17.014807,5.000000,15
293,375,21.475233,71961,3.365174696,3.368000000,2.825304,1,21.475233,5.000000,15
294,375,28.634064,71961,3.378491890,3.381500000,3.008110,1,28.634064,5.000000,15
295,375,27.533697,71961,3.392014010,3.395000000,2.985990,1,27.533697,5.000000,15
297,375,30.095285,71961,3.407679398,3.410500000,2.820602,1,30.095285,5.000000,15
300,375,42.978707,71961,3.422361828,3.425000000,2.638172,1,42.978707,5.000000,15
301,375,43.254057,71961,3.437480946,3.440500000,3.019054,1,43.254057,5.000000,15
302,375,18.366612,71961,3.450572404,3.453500000,2.927596,1,18.366612,5.000000,15
303,375,26.319500,71961,3.466035822,3.469000000,2.964178,1,26.319500,5.000000,15
304,375,22.548318,71961,3.479688890,3.482500000,2.811110,1,22.548318,5.000000,15
305,375,21.274608,71961,3.493893212,3.496500000,2.606788,1,21.274608,5.000000,15
306,375,27.501312,71961,3.506675372,3.509500000,2.824628,1,27.501312,5.000000,15
307,375,33.067799,71961,3.523468689,3.526500000,3.031311,1,33.067799,5.000000,15
308,375,25.307279,71961,3.536686424,3.539500000,2.813576,1,25.307279,5.000000,15
310,375,24.920811,71961,3.550758003,3.553500000,2.741997,1,24.920811,5.000000,15
311,375,34.721113,71961,3.564323779,3.567000000,2.676221,1,34.721113,5.000000,15
312,375,26.640082,71961,3.578359389,3.581000000,2.640611,1,26.640082,5.000000,15
313,375,15.832742,71961,3.591550647,3.594500000,2.949353,1,15.832742,5.000000,15
315,375,72.437916,71961,3.605781608,3.608500000,2.718392,1,72.437916,5.000000,15
316,375,78.951191,71961,3.620022844,3.623000000,2.977156,1,78.951191,5.000000,15
317,375,85.409974,71961,3.633006083,3.636000000,2.993917,1,85.409974,5.000000,15
318,375,78.426986,71961,3.650224674,3.653000000,2.775326,1,78.426986,5.000000,15
319,375,65.905754,71961,3.664865260,3.667500000,2.634740,1,65.905754,5.000000,15
320,375,48.778126,71961,3.681833072,3.684500000,2.666928,1,48.778126,5.000000,15
323,375,96.282646,71961,3.696486668,3.699500000,3.013332,1,96.282646,5.000000,15
326,375,18.540476,71961,3.709855362,3.713000000,3.144638,1,18.540476,5.000000,15
327,375,20.699636,71961,3.723116242,3.726000000,2.883758,1,20.699636,5.000000,15
328,375,27.058806,71961,3.739154189,3.742000000,2.845811,1,27.058806,5.000000,15
329,375,21.162548,71961,3.753717156,3.756500000,2.782844,1,21.162548,5.000000,15
330,375,17.150511,71961,3.769044387,3.772000000,2.955613,1,17.150511,5.000000,15
333,375,16.068618,71961,3.782740257,3.785500000,2.759743,1,16.068618,5.000000,15
334,375,10.352818,71961,3.798405459,3.801000000,2.594541,1,10.352818,5.000000,15
335,375,23.449148,71961,3.812212839,3.815000000,2.787161,1,23.449148,5.000000,15
336,375,21.409562,71961,3.828544810,3.831500000,2.955190,1,21.409562,5.000000,15
337,375,10.805152,71961,3.841235840,3.844000000,2.764160,1,10.805152,5.000000,15
338,375,6.709892,71961,3.856671284,3.859500000,2.828716,1,6.709892,5.000000,15
339,375,3.858445,71961,3.869471290,3.872500000,3.028710,1,3.858445,5.000000,15
340,375,2.752406,71961,3.883844618,3.886500000,2.655382,1,2.752406,5.000000,15
341,375,1.391701,71961,3.897436384,3.900000000,2.563616,1,1.391701,5.000000,15
342,375,0.542287,71961,3.910330781,3.913000000,2.669219,1,0.542287,5.000000,15
344,375,0.142914,71961,3.923378217,3.926000000,2.621783,1,0.142914,5.000000,15
345,375,0.244714,71961,3.937054163,3.940000000,2.945837,1,0.244714,5.000000,15
347,375,0.661022,71961,3.950892981,3.953500000,2.607019,1,0.661022,5.000000,15
348,375,1.157012,71961,3.964622871,3.967500000,2.877129,1,1.157012,5.000000,15
349,375,1.268093,71961,3.979807554,3.982500000,2.692446,1,1.268093,5.000000,15
350,375,1.475497,71961,3.994525027,3.997500000,2.974973,1,1.475497,5.000000,15
351,375,1.126367,71961,4.007473458,4.010500000,3.026542,1,1.126367,5.000000,15
352,375,0.693319,71961,4.020944575,4.023500000,2.555425,1,0.693319,5.000000,15
353,375,0.413575,71961,4.035020414,4.038000000,2.979586,1,0.413575,5.000000,15
355,375,0.332161,71961,4.051215141,4.054000000,2.784859,1,0.332161,5.000000,15
356,375,0.710840,71961,4.065203973,4.068000000,2.796027,1,0.710840,5.000000,15
357,375,1.090684,71961,4.078505663,4.081500000,2.994337,1,1.090684,5.000000,15
358,375,1.535955,71961,4.092300459,4.095000000,2.699541,1,1.535955,5.000000,15
359,375,1.799759,71961,4.106248678,4.109500000,3.251322,1,1.799759,5.000000,15
360,375,2.235433,71961,4.119431377,4.122000000,2.568623,1,2.235433,5.000000,15
361,375,2.555873,71961,4.132502884,4.135500000,2.997116,1,2.555873,5.000000,15
362,375,2.506606,71961,4.146431447,4.149000000,2.568553,1,2.506606,5.000000,15
363,375,2.447048,71961,4.159685336,4.162500000,2.814664,1,2.447048,5.000000,15
364,375,2.213030,71961,4.173846451,4.176500000,2.653549,1,2.213030,5.000000,15
365,375,1.948888,71961,4.188901038,4.191500000,2.598962,1,1.948888,5.000000,15
366,375,1.497066,71961,4.202645766,4.205500000,2.854234,1,1.497066,5.000000,15
367,375,0.677332,71961,4.217864967,4.220500000,2.635033,1,0.677332,5.000000,15
369,375,0.331773,71961,4.231921156,4.234500000,2.578844,1,0.331773,5.000000,15
371,375,0.745337,71961,4.248785924,4.251500000,2.714076,1,0.745337,5.000000,15
372,375,1.298267,71961,4.262022656,4.265000000,2.977344,1,1.298267,5.000000,15
373,375,2.320473,71961,4.276531685,4.279500000,2.968315,1,2.320473,5.000000,15
374,375,2.517918,71961,4.290733603,4.293500000,2.766397,1,2.517918,5.000000,15
375,375,3.332477,71961,4.306906490,4.309500000,2.593510,1,3.332477,5.000000,15
376,375,3.350139,71961,4.323480833,4.326500000,3.019167,1,3.350139,5.000000,15
377,375,3.236395,71961,4.338279427,4.341000000,2.720573,1,3.236395,5.000000,15
378,375,3.266796,71961,4.352578769,4.355500000,2.921231,1,3.266796,5.000000,15
379,375,3.013051,71961,4.366109508,4.369000000,2.890492,1,3.013051,5.000000,15
380,375,3.449288,71961,4.380353591,4.383000000,2.646409,1,3.449288,5.000000,15
381,375,3.891997,71961,4.395214813,4.398000000,2.785187,1,3.891997,5.000000,15
382,375,4.055245,71961,4.411024265,4.414000000,2.975735,1,4.055245,5.000000,15
383,375,2.810001,71961,4.425263487,4.428000000,2.736513,1,2.810001,5.000000,15
384,375,2.518820,71961,4.438283280,4.441000000,2.716720,1,2.518820,5.000000,15
385,375,1.516263,71961,4.453056449,4.456000000,2.943551,1,1.516263,5.000000,15
386,375,0.737935,71961,4.468440231,4.471000000,2.559769,1,0.737935,5.000000,15
388,375,0.950448,71961,4.482159496,4.485000000,2.840504,1,0.950448,5.000000,15
389,375,1.443444,71961,4.495859461,4.498500000,2.640539,1,1.443444,5.000000,15
390,375,2.192273,71961,4.509500490,4.512500000,2.999510,1,2.192273,5.000000,15
391,375,2.404436,71961,4.523616845,4.526500000,2.883155,1,2.404436,5.000000,15
392,375,2.785605,71961,4.537380897,4.540000000,2.619103,1,2.785605,5.000000,15
393,375,2.765180,71961,4.550739849,4.553500000,2.760151,1,2.765180,5.000000,15
394,375,2.907996,71961,4.564520863,4.567500000,2.979137,1,2.907996,5.000000,15
395,375,2.768157,71961,4.577861891,4.580500000,2.638109,1,2.768157,5.000000,15
396,375,2.849292,71961,4.592418009,4.595000000,2.581991,1,2.849292,5.000000,15
397,375,2.935980,71961,4.607017724,4.610000000,2.982276,1,2.935980,5.000000,15
398,375,2.174478,71961,4.621009024,4.624000000,2.990976,1,2.174478,5.000000,15
399,375,1.921703,71961,4.633946376,4.636500000,2.553624,1,1.921703,5.000000,15
400,375,1.672118,71961,4.647494238,4.650500000,3.005762,1,1.672118,5.000000,15
401,375,0.788149,71961,4.661481738,4.664500000,3.018262,1,0.788149,5.000000,15
403,375,1.086120,71961,4.676149003,4.679000000,2.850997,1,1.086120,5.000000,15
404,375,2.125857,71961,4.691290101,4.694000000,2.709899,1,2.125857,5.000000,15
405,375,2.946560,71961,4.705886577,4.709000000,3.113423,1,2.946560,5.000000,15
406,375,2.529072,71961,4.718650343,4.721500000,2.849657,1,2.529072,5.000000,15
407,375,1.552652,71961,4.733818189,4.736500000,2.681811,1,1.552652,5.000000,15
409,375,0.634895,71961,4.751242368,4.754000000,2.757632,1,0.634895,5.000000,15
412,375,0.832887,71961,4.767067009,4.770000000,2.932991,1,0.832887,5.000000,15
413,375,0.437138,71961,4.780915250,4.783500000,2.584750,1,0.437138,5.000000,15
415,375,1.205682,71961,4.793632783,4.796500000,2.867217,1,1.205682,5.000000,15
416,375,1.792408,71961,4.807091477,4.810000000,2.908523,1,1.792408,5.000000,15
417,375,2.121791,71961,4.820353541,4.823000000,2.646459,1,2.121791,5.000000,15
418,375,1.936905,71961,4.835714006,4.838500000,2.785994,1,1.936905,5.000000,15
419,375,1.738985,71961,4.851932837,4.854500000,2.567163,1,1.738985,5.000000,15
420,375,1.663580,71961,4.865038892,4.868000000,2.961108,1,1.663580,5.000000,15
421,375,1.234037,71961,4.877837814,4.880500000,2.662186,1,1.234037,5.000000,15
422,375,0.833321,71961,4.892912807,4.895500000,2.587193,1,0.833321,5.000000,15
424,375,1.279159,71961,4.906129127,4.909000000,2.870873,1,1.279159,5.000000,15
425,375,4.225510,71961,4.919709802,4.922500000,2.790198,1,4.225510,5.000000,15
426,375,7.489225,71961,4.933503689,4.936500000,2.996311,1,7.489225,5.000000,15
427,375,9.168182,71961,4.948567162,4.951500000,2.932838,1,9.168182,5.000000,15
428,375,6.412425,71961,4.964167933,4.967000000,2.832067,1,6.412425,5.000000,15
429,375,2.895868,71961,4.977046272,4.980000000,2.953728,1,2.895868,5.000000,15
431,375,1.122067,71961,4.990680234,4.993500000,2.819766,1,1.122067,5.000000,15
434,375,1.773410,71961,5.003843199,5.006500000,2.656801,1,1.773410,5.000000,15
435,375,2.192727,71961,5.017321744,5.020000000,2.678256,1,2.192727,5.000000,15
436,375,2.432224,71961,5.030989349,5.034000000,3.010651,1,2.432224,5.000000,15
437,375,1.406471,71961,5.044525413,5.047500000,2.974587,1,1.406471,5.000000,15
440,375,1.146508,71961,5.060515040,5.063500000,2.984960,1,1.146508,5.000000,15
441,375,1.260932,71961,5.074605453,5.077500000,2.894547,1,1.260932,5.000000,15
444,375,1.209928,71961,5.089649705,5.092500000,2.850295,1,1.209928,5.000000,15
445,375,2.554176,71961,5.104539744,5.107500000,2.960256,1,2.554176,5.000000,15
446,375,1.970406,71961,5.120236415,5.123000000,2.763585,1,1.970406,5.000000,15
447,375,1.672932,71961,5.133533765,5.136500000,2.966235,1,1.672932,5.000000,15
448,375,0.889289,71961,5.147397029,5.150000000,2.602971,1,0.889289,5.000000,15
451,375,1.002101,71961,5.162267492,5.165000000,2.732508,1,1.002101,5.000000,15
452,375,2.615860,71961,5.176123503,5.179000000,2.876497,1,2.615860,5.000000,15
453,375,2.158225,71961,5.191555916,5.194500000,2.944084,1,2.158225,5.000000,15
454,375,1.866313,71961,5.205935827,5.208500000,2.564173,1,1.866313,5.000000,15
455,375,1.392426,71961,5.222123681,5.225000000,2.876319,1,1.392426,5.000000,15
456,375,0.763204,71961,5.237173926,5.240000000,2.826074,1,0.763204,5.000000,15
458,375,0.358317,71961,5.250535715,5.253500000,2.964285,1,0.358317,5.000000,15
459,375,0.880537,71961,5.266034654,5.269000000,2.965346,1,0.880537,5.000000,15
460,375,1.058252,71961,5.282082280,5.285000000,2.917720,1,1.058252,5.000000,15
461,375,0.650095,71961,5.295643210,5.298500000,2.856790,1,0.650095,5.000000,15
462,375,0.281574,71961,5.310470189,5.313500000,3.029811,1,0.281574,5.000000,15
464,375,0.319998,71961,5.324793339,5.327500000,2.706661,1,0.319998,5.000000,15
465,375,0.971830,71961,5.339648616,5.342500000,2.851384,1,0.971830,5.000000,15
466,375,1.489326,71961,5.354243804,5.357000000,2.756196,1,1.489326,5.000000,15
467,375,1.862937,71961,5.368673086,5.371500000,2.826914,1,1.862937,5.000000,15
468,375,1.656791,71961,5.383556986,5.386500000,2.943014,1,1.656791,5.000000,15
469,375,1.241477,71961,5.398226291,5.401000000,2.773709,1,1.241477,5.000000,15
470,375,0.663099,71961,5.411092804,5.414000000,2.907196,1,0.663099,5.000000,15
472,375,0.520973,71961,5.425293166,5.428000000,2.706834,1,0.520973,5.000000,15
473,375,1.149393,71961,5.438001125,5.441000000,2.998875,1,1.149393,5.000000,15
474,375,1.896193,71961,5.451980631,5.455000000,3.019369,1,1.896193,5.000000,15
475,375,2.627532,71961,5.468751286,5.471500000,2.748714,1,2.627532,5.000000,15
476,375,2.587941,71961,5.482313074,5.485000000,2.686926,1,2.587941,5.000000,15
477,375,2.541695,71961,5.494996732,5.498000000,3.003268,1,2.541695,5.000000,15
478,375,1.176203,71961,5.509255276,5.512000000,2.744724,1,1.176203,5.000000,15
480,375,1.377441,71961,5.522073441,5.525000000,2.926559,1,1.377441,5.000000,15
481,375,2.667060,71961,5.535769733,5.538500000,2.730267,1,2.667060,5.000000,15
482,375,2.581290,71961,5.550222241,5.553000000,2.777759,1,2.581290,5.000000,15
483,375,2.283879,71961,5.564448152,5.567000000,2.551848,1,2.283879,5.000000,15
484,375,1.202868,71961,5.577562454,5.580500000,2.937546,1,1.202868,5.000000,15
487,375,1.069698,71961,5.595725756,5.598500000,2.774244,1,1.069698,5.000000,15
488,375,1.872421,71961,5.610570684,5.613500000,2.929316,1,1.872421,5.000000,15
489,375,1.963784,71961,5.626115317,5.629000000,2.884683,1,1.963784,5.000000,15
490,375,2.103979,71961,5.639185362,5.642000000,2.814638,1,2.103979,5.000000,15
491,375,1.989852,71961,5.655103430,5.658000000,2.896570,1,1.989852,5.000000,15
492,375,1.976911,71961,5.668888709,5.671500000,2.611291,1,1.976911,5.000000,15
493,375,1.230113,71961,5.681596270,5.684500000,2.903730,1,1.230113,5.000000,15
494,375,0.672128,71961,5.697468896,5.700500000,3.031104,1,0.672128,5.000000,15
496,375,0.712082,71961,5.711835892,5.714500000,2.664108,1,0.712082,5.000000,15
497,375,1.325709,71961,5.728739108,5.731500000,2.760892,1,1.325709,5.000000,15
498,375,1.654392,71961,5.742800888,5.745500000,2.699112,1,1.654392,5.000000,15
499,375,1.375791,71961,5.757928581,5.760500000,2.571419,1,1.375791,5.000000,15
500,375,0.713114,71961,5.771020921,5.774000000,2.979079,1,0.713114,5.000000,15
502,375,0.954370,71961,5.785541958,5.788500000,2.958042,1,0.954370,5.000000,15
503,375,1.652733,71961,5.799756959,5.802500000,2.743041,1,1.652733,5.000000,15
504,375,1.750385,71961,5.817878301,5.820500000,2.621699,1,1.750385,5.000000,15
505,375,0.895622,71961,5.832907417,5.835500000,2.592583,1,0.895622,5.000000,15
508,375,1.155668,71961,5.847837621,5.850500000,2.662379,1,1.155668,5.000000,15
509,375,0.934419,71961,5.862288190,5.865500000,3.211810,1,0.934419,5.000000,15
510,375,0.632404,71961,5.875617031,5.878500000,2.882969,1,0.632404,5.000000,15
512,375,0.804522,71961,5.888401738,5.891000000,2.598262,1,0.804522,5.000000,15
513,375,2.025420,71961,5.902607261,5.906000000,3.392739,1,2.025420,5.000000,15
514,375,2.279147,71961,5.916091345,5.919000000,2.908655,1,2.279147,5.000000,15
515,375,2.389518,71961,5.928768942,5.931500000,2.731058,1,2.389518,5.000000,15
516,375,2.774723,71961,5.941676245,5.944500000,2.823755,1,2.774723,5.000000,15
517,375,3.428965,71961,5.955502462,5.958500000,2.997538,1,3.428965,5.000000,15
518,375,3.363179,71961,5.971250451,5.974000000,2.749549,1,3.363179,5.000000,15
519,375,3.603108,71961,5.984124474,5.987000000,2.875526,1,3.603108,5.000000,15
520,375,3.131780,71961,5.997983792,6.001000000,3.016208,1,3.131780,5.000000,15
521,375,2.655043,71961,6.011029688,6.014000000,2.970312,1,2.655043,5.000000,15
522,375,2.376840,71961,6.024606773,6.027500000,2.893227,1,2.376840,5.000000,15
523,375,2.208314,71961,6.037897772,6.040500000,2.602228,1,2.208314,5.000000,15
524,375,1.657344,71961,6.051375801,6.054000000,2.624199,1,1.657344,5.000000,15
525,375,1.203208,71961,6.066922033,6.069500000,2.577967,1,1.203208,5.000000,15
526,375,0.552343,71961,6.080687616,6.083500000,2.812384,1,0.552343,5.000000,15
529,375,0.323121,71961,6.096000954,6.099000000,2.999046,1,0.323121,5.000000,15
530,375,0.338099,71961,6.109879754,6.112500000,2.620246,1,0.338099,5.000000,15
531,375,0.431652,71961,6.124654853,6.127500000,2.845147,1,0.431652,5.000000,15
533,375,0.486147,71961,6.137872757,6.140500000,2.627243,1,0.486147,5.000000,15
534,375,0.762110,71961,6.151368235,6.154000000,2.631765,1,0.762110,5.000000,15
535,375,0.730339,71961,6.164696533,6.167500000,2.803467,1,0.730339,5.000000,15
536,375,0.962496,71961,6.179565927,6.182500000,2.934073,1,0.962496,5.000000,15
537,375,0.395361,71961,6.192257673,6.195000000,2.742327,1,0.395361,5.000000,15
539,375,0.585728,71961,6.209216594,6.212000000,2.783406,1,0.585728,5.000000,15
540,375,1.050916,71961,6.223762871,6.226500000,2.737129,1,1.050916,5.000000,15
541,375,1.339303,71961,6.237847249,6.240500000,2.652751,1,1.339303,5.000000,15
542,375,1.663015,71961,6.251632058,6.254500000,2.867942,1,1.663015,5.000000,15
543,375,1.851238,71961,6.265118230,6.268000000,2.881770,1,1.851238,5.000000,15
544,375,1.413450,71961,6.279540646,6.282500000,2.959354,1,1.413450,5.000000,15
545,375,1.177064,71961,6.293438180,6.296000000,2.561820,1,1.177064,5.000000,15
546,375,0.822615,71961,6.306665219,6.309500000,2.834781,1,0.822615,5.000000,15
548,375,0.834006,71961,6.319982814,6.323000000,3.017186,1,0.834006,5.000000,15
549,375,1.227047,71961,6.334400718,6.337000000,2.599282,1,1.227047,5.000000,15
550,375,1.655890,71961,6.347286295,6.350000000,2.713705,1,1.655890,5.000000,15
551,375,1.555120,71961,6.360800287,6.363500000,2.699713,1,1.555120,5.000000,15
552,375,1.272172,71961,6.374310481,6.377000000,2.689519,1,1.272172,5.000000,15
553,375,0.496587,71961,6.390458109,6.393000000,2.541891,1,0.496587,5.000000,15
555,375,0.373552,71961,6.403464446,6.406500000,3.035554,1,0.373552,5.000000,15
556,375,0.526958,71961,6.416199910,6.419000000,2.800090,1,0.526958,5.000000,15
558,375,1.029996,71961,6.429508798,6.432500000,2.991202,1,1.029996,5.000000,15
559,375,1.348788,71961,6.442236489,6.445000000,2.763511,1,1.348788,5.000000,15
560,375,1.595216,71961,6.456094205,6.459000000,2.905795,1,1.595216,5.000000,15
561,375,1.754149,71961,6.469738443,6.472500000,2.761557,1,1.754149,5.000000,15
562,375,1.401766,71961,6.484708681,6.487500000,2.791319,1,1.401766,5.000000,15
563,375,1.055878,71961,6.498845040,6.501500000,2.654960,1,1.055878,5.000000,15
565,375,0.628046,71961,6.514234290,6.517000000,2.765710,1,0.628046,5.000000,15
566,375,0.671762,71961,6.529001270,6.532000000,2.998730,1,0.671762,5.000000,15
569,375,1.815010,71961,6.546101006,6.549000000,2.898994,1,1.815010,5.000000,15
570,375,1.026960,71961,6.559037083,6.562000000,2.962917,1,1.026960,5.000000,15
571,375,0.895276,71961,6.572790838,6.575500000,2.709162,1,0.895276,5.000000,15
573,375,0.535116,71961,6.587995809,6.591000000,3.004191,1,0.535116,5.000000,15
574,375,1.368392,71961,6.601073541,6.604000000,2.926459,1,1.368392,5.000000,15
575,375,2.125220,71961,6.615166327,6.618000000,2.833673,1,2.125220,5.000000,15
576,375,2.780161,71961,6.630486001,6.633500000,3.013999,1,2.780161,5.000000,15
577,375,2.084010,71961,6.643433928,6.646000000,2.566072,1,2.084010,5.000000,15
579,375,2.640862,71961,6.657175041,6.660000000,2.824959,1,2.640862,5.000000,15
580,375,2.600895,71961,6.670474426,6.673500000,3.025574,1,2.600895,5.000000,15
583,375,5.308550,71961,6.683940175,6.686500000,2.559825,1,5.308550,5.000000,15
584,375,9.270729,71961,6.697347256,6.700000000,2.652744,1,9.270729,5.000000,15
585,375,11.719221,71961,6.711049139,6.714000000,2.950861,1,11.719221,5.000000,15
586,375,11.658832,71961,6.725788758,6.728500000,2.711242,1,11.658832,5.000000,15
587,375,12.355862,71961,6.740833211,6.743500000,2.666789,1,12.355862,5.000000,15
588,375,12.620263,71961,6.753529007,6.756500000,2.970993,1,12.620263,5.000000,15
589,375,12.256369,71961,6.767335139,6.770000000,2.664861,1,12.256369,5.000000,15
590,375,12.392344,71961,6.780874530,6.783500000,2.625470,1,12.392344,5.000000,15
591,375,12.032987,71961,6.794472937,6.797500000,3.027063,1,12.032987,5.000000,15
592,375,10.639464,71961,6.808524211,6.811500000,2.975789,1,10.639464,5.000000,15
593,375,7.051656,71961,6.822508857,6.825500000,2.991143,1,7.051656,5.000000,15
595,375,3.331696,71961,6.836856909,6.839500000,2.643091,1,3.331696,5.000000,15
597,375,2.803866,71961,6.852192961,6.855000000,2.807039,1,2.803866,5.000000,15
598,375,2.138007,71961,6.865653648,6.868500000,2.846352,1,2.138007,5.000000,15
600,375,0.572021,71961,6.879122299,6.882000000,2.877701,1,0.572021,5.000000,15
601,375,0.756259,71961,6.892459270,6.895000000,2.540730,1,0.756259,5.000000,15
603,375,0.725358,71961,6.907009355,6.910000000,2.990645,1,0.725358,5.000000,15
604,375,0.791370,71961,6.921129156,6.924000000,2.870844,1,0.791370,5.000000,15
606,375,2.204607,71961,6.935757305,6.938500000,2.742695,1,2.204607,5.000000,15
607,375,5.444299,71961,6.951228477,6.954000000,2.771523,1,5.444299,5.000000,15
608,375,7.166423,71961,6.964811007,6.967500000,2.688993,1,7.166423,5.000000,15
609,375,5.439041,71961,6.981800588,6.984500000,2.699412,1,5.439041,5.000000,15
611,375,7.242670,71961,6.995669674,6.998500000,2.830326,1,7.242670,5.000000,15
612,375,8.798366,71961,7.008436512,7.011000000,2.563488,1,8.798366,5.000000,15
613,375,11.453266,71961,7.022171122,7.025000000,2.828878,1,11.453266,5.000000,15
614,375,12.195102,71961,7.038645723,7.041500000,2.854277,1,12.195102,5.000000,15
615,375,11.302041,71961,7.053950103,7.056500000,2.549897,1,11.302041,5.000000,15
616,375,8.972261,71961,7.068884015,7.071500000,2.615985,1,8.972261,5.000000,15
617,375,6.323021,71961,7.081564726,7.084500000,2.935274,1,6.323021,5.000000,15
618,375,4.620890,71961,7.096919666,7.099500000,2.580334,1,4.620890,5.000000,15
619,375,1.569376,71961,7.110763382,7.114000000,3.236618,1,1.569376,5.000000,15
620,375,0.501522,71961,7.123995096,7.127000000,3.004904,1,0.501522,5.000000,15
622,375,0.565680,71961,7.137508404,7.140500000,2.991596,1,0.565680,5.000000,15
623,375,0.861403,71961,7.152430455,7.155000000,2.569545,1,0.861403,5.000000,15
624,375,1.087665,71961,7.166203900,7.169000000,2.796100,1,1.087665,5.000000,15
625,375,1.125776,71961,7.180574299,7.183500000,2.925701,1,1.125776,5.000000,15
626,375,1.124189,71961,7.196301908,7.199000000,2.698092,1,1.124189,5.000000,15
627,375,0.955051,71961,7.210358458,7.213000000,2.641542,1,0.955051,5.000000,15
628,375,0.677912,71961,7.225389244,7.228000000,2.610756,1,0.677912,5.000000,15
629,375,0.448170,71961,7.239718742,7.243000000,3.281258,1,0.448170,5.000000,15
630,375,0.216811,71961,7.255155709,7.258000000,2.844291,1,0.216811,5.000000,15
632,375,0.354955,71961,7.270542070,7.273500000,2.957930,1,0.354955,5.000000,15
633,375,0.606626,71961,7.284239633,7.287000000,2.760367,1,0.606626,5.000000,15
634,375,0.839586,71961,7.298531356,7.301500000,2.968644,1,0.839586,5.000000,15
635,375,1.105214,71961,7.315714559,7.318500000,2.785441,1,1.105214,5.000000,15
636,375,1.035272,71961,7.330893443,7.333500000,2.606557,1,1.035272,5.000000,15
637,375,0.883008,71961,7.346860112,7.349500000,2.639888,1,0.883008,5.000000,15
638,375,0.688148,71961,7.360655690,7.363500000,2.844310,1,0.688148,5.000000,15
639,375,0.645109,71961,7.376086260,7.379000000,2.913740,1,0.645109,5.000000,15
640,375,0.485172,71961,7.390290416,7.393000000,2.709584,1,0.485172,5.000000,15
641,375,0.408676,71961,7.403181632,7.406500000,3.318368,1,0.408676,5.000000,15
643,375,0.186310,71961,7.418365202,7.421000000,2.634798,1,0.186310,5.000000,15
644,375,0.337128,71961,7.432013648,7.435000000,2.986352,1,0.337128,5.000000,15
645,375,0.491962,71961,7.446954646,7.449500000,2.545354,1,0.491962,5.000000,15
646,375,0.810554,71961,7.460555583,7.463500000,2.944417,1,0.810554,5.000000,15
647,375,0.880639,71961,7.473389813,7.476000000,2.610187,1,0.880639,5.000000,15
648,375,0.993336,71961,7.486789739,7.489500000,2.710261,1,0.993336,5.000000,15
649,375,0.937187,71961,7.500808024,7.503500000,2.691976,1,0.937187,5.000000,15
650,375,0.833483,71961,7.515570012,7.518500000,2.929988,1,0.833483,5.000000,15
651,375,0.971715,71961,7.528761475,7.531500000,2.738525,1,0.971715,5.000000,15
652,375,0.702994,71961,7.543943903,7.546500000,2.556097,1,0.702994,5.000000,15
653,375,0.502405,71961,7.557165445,7.560000000,2.834555,1,0.502405,5.000000,15
656,375,0.347134,71961,7.574078970,7.577000000,2.921030,1,0.347134,5.000000,15
657,375,0.962596,71961,7.587708006,7.590500000,2.791994,1,0.962596,5.000000,15
658,375,1.273630,71961,7.603101506,7.606000000,2.898494,1,1.273630,5.000000,15
659,375,2.283769,71961,7.620050448,7.623000000,2.949552,1,2.283769,5.000000,15
660,375,2.850641,71961,7.636223717,7.639000000,2.776283,1,2.850641,5.000000,15
661,375,3.261944,71961,7.650376189,7.653000000,2.623811,1,3.261944,5.000000,15
662,375,3.512282,71961,7.664165257,7.667000000,2.834743,1,3.512282,5.000000,15
663,375,3.708294,71961,7.680115054,7.683000000,2.884946,1,3.708294,5.000000,15
664,375,3.021015,71961,7.695611338,7.698500000,2.888662,1,3.021015,5.000000,15
665,375,2.592986,71961,7.709027424,7.712000000,2.972576,1,2.592986,5.000000,15
666,375,2.509342,71961,7.723673718,7.726500000,2.826282,1,2.509342,5.000000,15
667,375,2.339908,71961,7.737119131,7.740000000,2.880869,1,2.339908,5.000000,15
668,375,2.424158,71961,7.751402239,7.754000000,2.597761,1,2.424158,5.000000,15
669,375,1.227551,71961,7.764438751,7.767000000,2.561249,1,1.227551,5.000000,15
671,375,0.542969,71961,7.779540998,7.782500000,2.959002,1,0.542969,5.000000,15
672,375,1.399053,71961,7.793607589,7.796500000,2.892411,1,1.399053,5.000000,15
673,375,2.156322,71961,7.806388678,7.809000000,2.611322,1,2.156322,5.000000,15
674,375,2.246182,71961,7.820443599,7.823000000,2.556401,1,2.246182,5.000000,15
675,375,2.120094,71961,7.833534901,7.836500000,2.965099,1,2.120094,5.000000,15
677,375,0.469316,71961,7.846916981,7.849500000,2.583019,1,0.469316,5.000000,15
681,375,0.226270,71961,7.863354160,7.866000000,2.645840,1,0.226270,5.000000,15
683,375,0.716807,71961,7.877104524,7.880000000,2.895476,1,0.716807,5.000000,15
684,375,1.010188,71961,7.892781778,7.895500000,2.718222,1,1.010188,5.000000,15
685,375,1.189929,71961,7.905680090,7.908500000,2.819910,1,1.189929,5.000000,15
686,375,1.258521,71961,7.920527484,7.923500000,2.972516,1,1.258521,5.000000,15
687,375,1.067791,71961,7.934477533,7.937500000,3.022467,1,1.067791,5.000000,15
688,375,0.994413,71961,7.947787704,7.950500000,2.712296,1,0.994413,5.000000,15
689,375,0.733179,71961,7.962251684,7.965000000,2.748316,1,0.733179,5.000000,15
690,375,0.378478,71961,7.975728815,7.978500000,2.771185,1,0.378478,5.000000,15
692,375,0.079837,71961,7.991375108,7.994000000,2.624892,1,0.079837,5.000000,15
694,375,0.104984,71961,8.004760764,8.007500000,2.739236,1,0.104984,5.000000,15
696,375,0.590388,71961,8.022309281,8.025000000,2.690719,1,0.590388,5.000000,15
697,375,1.116634,71961,8.035758804,8.038500000,2.741196,1,1.116634,5.000000,15
698,375,1.465429,71961,8.050432043,8.053000000,2.567957,1,1.465429,5.000000,15
699,375,1.614904,71961,8.065398552,8.068000000,2.601448,1,1.614904,5.000000,15
700,375,1.591498,71961,8.080004399,8.083000000,2.995601,1,1.591498,5.000000,15
701,375,1.632607,71961,8.093422088,8.096000000,2.577912,1,1.632607,5.000000,15
702,375,1.051261,71961,8.106306061,8.109000000,2.693939,1,1.051261,5.000000,15
703,375,0.546750,71961,8.123076055,8.126000000,2.923945,1,0.546750,5.000000,15
704,375,0.156327,71961,8.135899046,8.138500000,2.600954,1,0.156327,5.000000,15
706,375,0.401749,71961,8.149431485,8.152000000,2.568515,1,0.401749,5.000000,15
707,375,1.367758,71961,8.162799370,8.165500000,2.700630,1,1.367758,5.000000,15
708,375,1.523323,71961,8.177847459,8.180500000,2.652541,1,1.523323,5.000000,15
709,375,2.520179,71961,8.190612513,8.193500000,2.887487,1,2.520179,5.000000,15
710,375,2.633307,71961,8.204117817,8.207000000,2.882183,1,2.633307,5.000000,15
711,375,2.626817,71961,8.217798852,8.220500000,2.701148,1,2.626817,5.000000,15
712,375,2.634947,71961,8.231242012,8.234000000,2.757988,1,2.634947,5.000000,15
713,375,1.899688,71961,8.244027607,8.247000000,2.972393,1,1.899688,5.000000,15
714,375,1.647745,71961,8.259816251,8.262500000,2.683749,1,1.647745,5.000000,15
715,375,1.117312,71961,8.273640263,8.276500000,2.859737,1,1.117312,5.000000,15
716,375,0.660255,71961,8.286639673,8.289500000,2.860327,1,0.660255,5.000000,15
717,375,0.338145,71961,8.301062064,8.304000000,2.937936,1,0.338145,5.000000,15
719,375,0.410775,71961,8.313876727,8.316500000,2.623273,1,0.410775,5.000000,15
720,375,0.901014,71961,8.326928893,8.329500000,2.571107,1,0.901014,5.000000,15
721,375,1.487790,71961,8.342849116,8.345500000,2.650884,1,1.487790,5.000000,15
722,375,2.091202,71961,8.355770118,8.358500000,2.729882,1,2.091202,5.000000,15
723,375,2.586194,71961,8.369608901,8.372500000,2.891099,1,2.586194,5.000000,15
724,375,2.505067,71961,8.383421294,8.386000000,2.578706,1,2.505067,5.000000,15
725,375,2.077860,71961,8.396770735,8.399500000,2.729265,1,2.077860,5.000000,15
726,375,1.058003,71961,8.409864140,8.412500000,2.635860,1,1.058003,5.000000,15
728,375,0.427170,71961,8.423476306,8.426500000,3.023694,1,0.427170,5.000000,15
729,375,1.321157,71961,8.439262065,8.442000000,2.737935,1,1.321157,5.000000,15
730,375,1.744594,71961,8.452255347,8.455000000,2.744653,1,1.744594,5.000000,15
731,375,1.739741,71961,8.465953537,8.468500000,2.546463,1,1.739741,5.000000,15
732,375,1.365546,71961,8.479444146,8.482000000,2.555854,1,1.365546,5.000000,15
733,375,0.804771,71961,8.492340403,8.495000000,2.659597,1,0.804771,5.000000,15
735,375,0.168386,71961,8.507935167,8.510500000,2.564833,1,0.168386,5.000000,15
737,375,0.605451,71961,8.522792160,8.525500000,2.707840,1,0.605451,5.000000,15
738,375,0.641665,71961,8.536120265,8.539000000,2.879735,1,0.641665,5.000000,15
739,375,0.792300,71961,8.550896587,8.554000000,3.103413,1,0.792300,5.000000,15
740,375,0.479781,71961,8.565511567,8.568500000,2.988433,1,0.479781,5.000000,15
741,375,0.343316,71961,8.579611707,8.582500000,2.888293,1,0.343316,5.000000,15
743,375,0.209530,71961,8.592466167,8.595500000,3.033833,1,0.209530,5.000000,15
744,375,0.377639,71961,8.607423282,8.610000000,2.576718,1,0.377639,5.000000,15
745,375,0.615407,71961,8.621113382,8.624000000,2.886618,1,0.615407,5.000000,15
746,375,0.676750,71961,8.634534894,8.637500000,2.965106,1,0.676750,5.000000,15
747,375,0.826756,71961,8.648626873,8.651500000,2.873127,1,0.826756,5.000000,15
748,375,0.783651,71961,8.664714591,8.667500000,2.785409,1,0.783651,5.000000,15
749,375,0.795661,71961,8.678415588,8.681000000,2.584412,1,0.795661,5.000000,15
750,375,0.776294,71961,8.692745293,8.695500000,2.754707,1,0.776294,5.000000,15
751,375,0.690568,71961,8.706902860,8.709500000,2.597140,1,0.690568,5.000000,15
752,375,0.665054,71961,8.720381971,8.723000000,2.618029,1,0.665054,5.000000,15
753,375,0.454861,71961,8.734269818,8.737000000,2.730182,1,0.454861,5.000000,15
754,375,0.260220,71961,8.750269710,8.753000000,2.730290,1,0.260220,5.000000,15
757,375,0.180382,71961,8.766651441,8.769500000,2.848559,1,0.180382,5.000000,15
758,375,0.216538,71961,8.782296795,8.785000000,2.703205,1,0.216538,5.000000,15
759,375,0.248926,71961,8.796346449,8.799000000,2.653551,1,0.248926,5.000000,15
760,375,0.204522,71961,8.812288704,8.815000000,2.711296,1,0.204522,5.000000,15
762,375,0.375318,71961,8.826198605,8.829000000,2.801395,1,0.375318,5.000000,15
763,375,0.355330,71961,8.839337643,8.842000000,2.662357,1,0.355330,5.000000,15
764,375,0.234357,71961,8.856493237,8.859500000,3.006763,1,0.234357,5.000000,15
766,375,0.518363,71961,8.870056695,8.873000000,2.943305,1,0.518363,5.000000,15
767,375,0.508972,71961,8.883680351,8.886500000,2.819649,1,0.508972,5.000000,15
768,375,0.429422,71961,8.899500898,8.902500000,2.999102,1,0.429422,5.000000,15
769,375,0.520271,71961,8.912840535,8.915500000,2.659465,1,0.520271,5.000000,15
770,375,0.375683,71961,8.925623009,8.928500000,2.876991,1,0.375683,5.000000,15
771,375,0.318548,71961,8.940361160,8.943000000,2.638840,1,0.318548,5.000000,15
773,375,0.321579,71961,8.955324453,8.958000000,2.675547,1,0.321579,5.000000,15
774,375,0.670293,71961,8.968878884,8.971500000,2.621116,1,0.670293,5.000000,15
775,375,1.095214,71961,8.981678285,8.984500000,2.821715,1,1.095214,5.000000,15
776,375,1.380112,71961,8.997774997,9.000500000,2.725003,1,1.380112,5.000000,15
777,375,1.937060,71961,9.013497311,9.016500000,3.002689,1,1.937060,5.000000,15
778,375,2.065152,71961,9.029842394,9.032500000,2.657606,1,2.065152,5.000000,15
779,375,2.507501,71961,9.044335014,9.047000000,2.664986,1,2.507501,5.000000,15
780,375,2.987978,71961,9.060028962,9.063000000,2.971038,1,2.987978,5.000000,15
781,375,3.021331,71961,9.073578421,9.076500000,2.921579,1,3.021331,5.000000,15
782,375,2.369595,71961,9.088903680,9.091500000,2.596320,1,2.369595,5.000000,15
783,375,1.745780,71961,9.104281050,9.107000000,2.718950,1,1.745780,5.000000,14
784,375,0.993798,71961,9.120670714,9.123500000,2.829286,1,0.993798,5.000000,15
786,375,0.719811,71961,9.133507260,9.136500000,2.992740,1,0.719811,5.000000,15
787,375,1.005895,71961,9.149602280,9.152500000,2.897720,1,1.005895,5.000000,15
788,375,1.274607,71961,9.163313561,9.166000000,2.686439,1,1.274607,5.000000,15
789,375,0.582331,71961,9.176063525,9.179000000,2.936475,1,0.582331,5.000000,15
791,375,0.656051,71961,9.189110843,9.192000000,2.889157,1,0.656051,5.000000,15
792,375,1.464294,71961,9.203208860,9.206000000,2.791140,1,1.464294,5.000000,15
793,375,1.217998,71961,9.216324214,9.219000000,2.675786,1,1.217998,5.000000,15
795,375,1.396103,71961,9.229518833,9.232500000,2.981167,1,1.396103,5.000000,15
796,375,2.401272,71961,9.242913125,9.245500000,2.586875,1,2.401272,5.000000,15
797,375,2.027474,71961,9.256636108,9.259500000,2.863892,1,2.027474,5.000000,15
799,375,2.169394,71961,9.269541819,9.272500000,2.958181,1,2.169394,5.000000,15
800,375,2.394856,71961,9.284237741,9.287000000,2.762259,1,2.394856,5.000000,15
802,375,3.153010,71961,9.297010598,9.300000000,2.989402,1,3.153010,5.000000,15
803,375,4.098237,71961,9.311323947,9.316500000,5.176053,0,1392.803497,5.000000,15
804,375,4.208087,71961,9.324982601,9.328000000,3.017399,1,4.208087,5.000000,15
805,375,3.064517,71961,9.337739210,9.340500000,2.760790,1,3.064517,5.000000,15
806,375,1.320895,71961,9.350589808,9.353500000,2.910192,1,1.320895,5.000000,15
808,375,0.294480,71961,9.368625617,9.371500000,2.874383,1,0.294480,5.000000,15
812,375,1.097019,71961,9.382925036,9.385500000,2.574964,1,1.097019,5.000000,15
813,375,2.170173,71961,9.397353171,9.400000000,2.646829,1,2.170173,5.000000,15
814,375,2.336701,71961,9.410831083,9.416500000,5.668917,0,1392.803497,5.000000,15
815,375,2.565859,71961,9.426014983,9.429000000,2.985017,1,2.565859,5.000000,15
816,375,3.439715,71961,9.438984168,9.442000000,3.015832,1,3.439715,5.000000,15
817,375,3.593360,71961,9.453103004,9.456000000,2.896996,1,3.593360,5.000000,15
818,375,4.262070,71961,9.470864350,9.473500000,2.635650,1,4.262070,5.000000,15
819,375,4.498140,71961,9.483662440,9.486500000,2.837560,1,4.498140,5.000000,15
820,375,4.728438,71961,9.496921710,9.499500000,2.578290,1,4.728438,5.000000,15
821,375,5.147649,71961,9.510653239,9.516500000,5.846761,0,1392.803497,5.000000,15
822,375,5.381492,71961,9.526991166,9.530000000,3.008834,1,5.381492,5.000000,15
823,375,5.420302,71961,9.540613028,9.543500000,2.886972,1,5.420302,5.000000,15
824,375,5.356548,71961,9.554464033,9.557500000,3.035967,1,5.356548,5.000000,15
825,375,5.395015,71961,9.569664129,9.572500000,2.835871,1,5.395015,5.000000,15
826,375,4.793996,71961,9.583509768,9.586500000,2.990232,1,4.793996,5.000000,15
827,375,4.402890,71961,9.597720987,9.600500000,2.779013,1,4.402890,5.000000,15
828,375,4.696375,71961,9.614893791,9.617500000,2.606209,1,4.696375,5.000000,15
829,375,4.482683,71961,9.628490046,9.631500000,3.009954,1,4.482683,5.000000,15
830,375,4.071006,71961,9.641609225,9.644500000,2.890775,1,4.071006,5.000000,15
831,375,3.924924,71961,9.655965814,9.659000000,3.034186,1,3.924924,5.000000,15
832,375,3.751328,71961,9.671272129,9.674000000,2.727871,1,3.751328,5.000000,15
833,375,3.491749,71961,9.684779399,9.687500000,2.720601,1,3.491749,5.000000,15
834,375,3.344590,71961,9.698239849,9.701000000,2.760151,1,3.344590,5.000000,15
835,375,2.582178,71961,9.715774335,9.719000000,3.225665,1,2.582178,5.000000,15
836,375,1.976847,71961,9.728812699,9.731500000,2.687301,1,1.976847,5.000000,15
837,375,1.036692,71961,9.743631899,9.746500000,2.868101,1,1.036692,5.000000,15
839,375,0.271022,71961,9.758581138,9.761500000,2.918862,1,0.271022,5.000000,15
841,375,1.055475,71961,9.773981007,9.777000000,3.018993,1,1.055475,5.000000,15
842,375,1.782976,71961,9.787778475,9.790500000,2.721525,1,1.782976,5.000000,15
843,375,1.156303,71961,9.801869726,9.807000000,5.130274,0,1392.803497,5.000000,15
845,375,1.201981,71961,9.814546725,9.817500000,2.953275,1,1.201981,5.000000,15
846,375,2.593086,71961,9.828168743,9.831000000,2.831257,1,2.593086,5.000000,15
847,375,3.346676,71961,9.842244063,9.845000000,2.755937,1,3.346676,5.000000,15
848,375,4.269965,71961,9.855462679,9.858500000,3.037321,1,4.269965,5.000000,15
849,375,4.577293,71961,9.868961897,9.872000000,3.038103,1,4.577293,5.000000,15
850,375,5.286151,71961,9.882583551,9.885500000,2.916449,1,5.286151,5.000000,15
851,375,6.137185,71961,9.899366814,9.902000000,2.633186,1,6.137185,5.000000,15
852,375,5.918442,71961,9.915629836,9.918500000,2.870164,1,5.918442,5.000000,15
853,375,5.709605,71961,9.929445126,9.932000000,2.554874,1,5.709605,5.000000,15
854,375,6.295306,71961,9.943825953,9.946500000,2.674047,1,6.295306,5.000000,15
855,375,6.212274,71961,9.957271999,9.960000000,2.728001,1,6.212274,5.000000,15
856,375,6.167351,71961,9.970578965,9.973500000,2.921035,1,6.167351,5.000000,15
857,375,5.220860,71961,9.983970195,9.987000000,3.029805,1,5.220860,5.000000,15
858,375,3.950874,71961,9.996746717,9.999500000,2.753283,1,3.950874,5.000000,15
859,375,3.144187,71961,10.012529041,10.016000000,3.470959,1,3.144187,5.000000,15
860,375,1.839335,71961,10.027055550,10.030000000,2.944450,1,1.839335,5.000000,15
861,375,0.748750,71961,10.041362623,10.044000000,2.637377,1,0.748750,5.000000,15
863,375,0.204864,71961,10.054755260,10.057500000,2.744740,1,0.204864,5.000000,15
865,375,0.926366,71961,10.071353839,10.074000000,2.646161,1,0.926366,5.000000,15
866,375,1.283528,71961,10.084465434,10.087500000,3.034566,1,1.283528,5.000000,15
867,375,1.215303,71961,10.098836236,10.101500000,2.663764,1,1.215303,5.000000,15
868,375,0.790302,71961,10.114728109,10.120000000,5.271891,0,1392.803497,5.000000,15
870,375,0.858763,71961,10.127683903,10.130500000,2.816097,1,0.858763,5.000000,15
871,375,2.726917,71961,10.140563127,10.143500000,2.936873,1,2.726917,5.000000,15
872,375,3.524840,71961,10.155560587,10.158500000,2.939413,1,3.524840,5.000000,15
873,375,3.340466,71961,10.168755067,10.171500000,2.744933,1,3.340466,5.000000,15
874,375,3.229769,71961,10.182781585,10.185500000,2.718415,1,3.229769,5.000000,15
875,375,3.749650,71961,10.196713051,10.199500000,2.786949,1,3.749650,5.000000,15
876,375,4.575531,71961,10.210158505,10.213000000,2.841495,1,4.575531,5.000000,14
877,375,4.892785,71961,10.222845916,10.225500000,2.654084,1,4.892785,5.000000,14
878,375,5.958209,71961,10.239734579,10.242500000,2.765421,1,5.958209,5.000000,14
879,375,6.791274,71961,10.252728115,10.255500000,2.771885,1,6.791274,5.000000,14
880,375,6.771118,71961,10.266529879,10.269500000,2.970121,1,6.771118,5.000000,14
881,375,6.543972,71961,10.280778625,10.283500000,2.721375,1,6.543972,5.000000,14
882,375,6.270166,71961,10.294828551,10.297500000,2.671449,1,6.270166,5.000000,14
883,375,6.409154,71961,10.308110996,10.311000000,2.889004,1,6.409154,5.000000,14
884,375,5.719947,71961,10.322104308,10.325000000,2.895692,1,5.719947,5.000000,14
885,375,6.006913,71961,10.337133926,10.340000000,2.866074,1,6.006913,5.000000,14
886,375,5.812100,71961,10.350642798,10.353500000,2.857202,1,5.812100,5.000000,14
887,375,6.910812,71961,10.363548278,10.366500000,2.951722,1,6.910812,5.000000,14
888,375,7.353956,71961,10.378177065,10.381000000,2.822935,1,7.353956,5.000000,14
889,375,7.848200,71961,10.391205292,10.394000000,2.794708,1,7.848200,5.000000,14
890,375,7.467279,71961,10.405548888,10.414500000,8.951112,0,1392.803497,5.000000,14
891,375,7.278350,71961,10.419745742,10.422500000,2.754258,1,7.278350,5.000000,14
892,375,6.039624,71961,10.432643256,10.435500000,2.856744,1,6.039624,5.000000,14
893,375,5.367674,71961,10.446595049,10.449500000,2.904951,1,5.367674,5.000000,14
894,375,4.922325,71961,10.460336581,10.463000000,2.663419,1,4.922325,5.000000,14
895,375,4.127064,71961,10.475625830,10.478500000,2.874170,1,4.127064,5.000000,14
896,375,3.494213,71961,10.489344501,10.492000000,2.655499,1,3.494213,5.000000,14
897,375,2.563535,71961,10.502073944,10.506000000,3.926056,1,2.563535,5.000000,14
898,375,1.640528,71961,10.515334408,10.518000000,2.665592,1,1.640528,5.000000,14
899,375,0.495836,71961,10.530627434,10.533500000,2.872566,1,0.495836,5.000000,14
901,375,0.548498,71961,10.547354207,10.550000000,2.645793,1,0.548498,5.000000,14
902,375,1.199238,71961,10.562358690,10.565000000,2.641310,1,1.199238,5.000000,14
903,375,2.044504,71961,10.577337126,10.580000000,2.662874,1,2.044504,5.000000,14
904,375,3.105662,71961,10.590300337,10.593000000,2.699663,1,3.105662,5.000000,14
905,375,3.806159,71961,10.604491378,10.610000000,5.508622,0,1392.803497,5.000000,14
906,375,4.169820,71961,10.618647128,10.621500000,2.852872,1,4.169820,5.000000,14
907,375,5.002250,71961,10.631875929,10.634500000,2.624071,1,5.002250,5.000000,14
908,375,6.058924,71961,10.645051790,10.648000000,2.948210,1,6.058924,5.000000,14
909,375,6.235474,71961,10.659029431,10.662000000,2.970569,1,6.235474,5.000000,14
910,375,6.266791,71961,10.671937583,10.674500000,2.562417,1,6.266791,5.000000,14
911,375,6.359620,71961,10.686061219,10.689000000,2.938781,1,6.359620,5.000000,14
912,375,5.877552,71961,10.699985383,10.705500000,5.514617,0,1392.803497,5.000000,14
913,375,5.552196,71961,10.713109321,10.716000000,2.890679,1,5.552196,5.000000,14
914,375,5.245082,71961,10.727873946,10.730500000,2.626054,1,5.245082,5.000000,14
915,375,4.704276,71961,10.742871257,10.745500000,2.628743,1,4.704276,5.000000,14
916,375,5.098031,71961,10.758207402,10.761000000,2.792598,1,5.098031,5.000000,14
917,375,4.769572,71961,10.775276216,10.778000000,2.723784,1,4.769572,5.000000,14
918,375,4.677957,71961,10.789186791,10.792000000,2.813209,1,4.677957,5.000000,14
919,375,4.530620,71961,10.803714290,10.806500000,2.785710,1,4.530620,5.000000,14
920,375,4.587262,71961,10.817428438,10.820000000,2.571562,1,4.587262,5.000000,15
921,375,4.139752,71961,10.831164772,10.834000000,2.835228,1,4.139752,5.000000,15
922,375,3.993568,71961,10.846128031,10.849000000,2.871969,1,3.993568,5.000000,15
923,375,3.732167,71961,10.860753628,10.863500000,2.746372,1,3.732167,5.000000,15
924,375,3.692360,71961,10.874233382,10.877000000,2.766618,1,3.692360,5.000000,15
925,375,3.296742,71961,10.887733426,10.890500000,2.766574,1,3.296742,5.000000,15
926,375,3.111202,71961,10.901198121,10.904000000,2.801879,1,3.111202,5.000000,15
927,375,2.389997,71961,10.915735763,10.918500000,2.764237,1,2.389997,5.000000,15
928,375,1.921814,71961,10.928663073,10.931500000,2.836927,1,1.921814,5.000000,15
929,375,1.267239,71961,10.944181982,10.947000000,2.818018,1,1.267239,5.000000,15
930,375,0.969908,71961,10.958453011,10.961000000,2.546989,1,0.969908,5.000000,15
931,375,0.300576,71961,10.971851344,10.974500000,2.648656,1,0.300576,5.000000,15
933,375,0.291397,71961,10.987289027,10.990000000,2.710973,1,0.291397,5.000000,15
934,375,0.695770,71961,11.001005892,11.004000000,2.994108,1,0.695770,5.000000,15
935,375,1.194262,71961,11.015921903,11.018500000,2.578097,1,1.194262,5.000000,15
936,375,1.559059,71961,11.028942463,11.031500000,2.557537,1,1.559059,5.000000,15
937,375,1.706672,71961,11.044637990,11.047500000,2.862010,1,1.706672,5.000000,15
938,375,2.047804,71961,11.057817869,11.060500000,2.682131,1,2.047804,5.000000,15
939,375,2.249211,71961,11.072868672,11.075500000,2.631328,1,2.249211,5.000000,15
940,375,2.501060,71961,11.085721713,11.088500000,2.778287,1,2.501060,5.000000,15
941,375,2.687628,71961,11.098926320,11.101500000,2.573680,1,2.687628,5.000000,15
942,375,2.607232,71961,11.113247892,11.116000000,2.752108,1,2.607232,5.000000,15
943,375,2.577928,71961,11.127894141,11.130500000,2.605859,1,2.577928,5.000000,15
944,375,2.023280,71961,11.141446276,11.144000000,2.553724,1,2.023280,5.000000,15
945,375,1.813105,71961,11.155510364,11.158500000,2.989636,1,1.813105,5.000000,15
946,375,1.574970,71961,11.169455191,11.172000000,2.544809,1,1.574970,5.000000,15
947,375,0.755641,71961,11.183657756,11.186500000,2.842244,1,0.755641,5.000000,15
948,375,0.284240,71961,11.198765000,11.201500000,2.735000,1,0.284240,5.000000,15
950,375,0.244793,71961,11.214070403,11.217000000,2.929597,1,0.244793,5.000000,15
951,375,0.482060,71961,11.229822537,11.232500000,2.677463,1,0.482060,5.000000,15
952,375,2.334174,71961,11.243835123,11.246500000,2.664877,1,2.334174,5.000000,15
953,375,2.658238,71961,11.259512301,11.262500000,2.987699,1,2.658238,5.000000,15
954,375,3.172898,71961,11.273087026,11.276000000,2.912974,1,3.172898,5.000000,15
955,375,3.304744,71961,11.286711772,11.289500000,2.788228,1,3.304744,5.000000,15
956,375,3.640244,71961,11.302397556,11.305000000,2.602444,1,3.640244,5.000000,15
957,375,3.614490,71961,11.318182241,11.321000000,2.817759,1,3.614490,5.000000,15
958,375,3.600748,71961,11.335929647,11.338500000,2.570353,1,3.600748,5.000000,15
959,375,3.254776,71961,11.352107057,11.355000000,2.892943,1,3.254776,5.000000,15
960,375,2.899496,71961,11.368475529,11.371500000,3.024471,1,2.899496,5.000000,15
961,375,1.828623,71961,11.382587777,11.385500000,2.912223,1,1.828623,5.000000,15
962,375,1.144564,71961,11.397395794,11.400000000,2.604206,1,1.144564,5.000000,15
963,375,0.334455,71961,11.412005311,11.415000000,2.994689,1,0.334455,5.000000,15
965,375,0.537401,71961,11.425593336,11.428500000,2.906664,1,0.537401,5.000000,15
966,375,1.221534,71961,11.443776883,11.446500000,2.723117,1,1.221534,5.000000,15
967,375,1.432118,71961,11.458419296,11.461000000,2.580704,1,1.432118,5.000000,15
968,375,1.801961,71961,11.472395100,11.475000000,2.604900,1,1.801961,5.000000,15
969,375,1.876059,71961,11.489469476,11.492500000,3.030524,1,1.876059,5.000000,15
970,375,2.145978,71961,11.504238572,11.507000000,2.761428,1,2.145978,5.000000,15
971,375,2.114993,71961,11.520932069,11.523500000,2.567931,1,2.114993,5.000000,15
972,375,2.103755,71961,11.535306162,11.538000000,2.693838,1,2.103755,5.000000,15
973,375,1.509912,71961,11.548946687,11.551500000,2.553313,1,1.509912,5.000000,15
974,375,1.097262,71961,11.562805267,11.565500000,2.694733,1,1.097262,5.000000,15
975,375,0.539059,71961,11.576840881,11.579500000,2.659119,1,0.539059,5.000000,15
977,375,0.131375,71961,11.589678036,11.592500000,2.821964,1,0.131375,5.000000,15
979,375,0.695012,71961,11.603572108,11.606500000,2.927892,1,0.695012,5.000000,15
980,375,0.851845,71961,11.618040761,11.621000000,2.959239,1,0.851845,5.000000,15
981,375,0.673033,71961,11.632019848,11.635000000,2.980152,1,0.673033,5.000000,15
982,375,0.710950,71961,11.646126475,11.649000000,2.873525,1,0.710950,5.000000,15
983,375,0.723594,71961,11.659488561,11.662500000,3.011439,1,0.723594,5.000000,15
984,375,0.788405,71961,11.672588622,11.675500000,2.911378,1,0.788405,5.000000,15
985,375,0.649904,71961,11.688906692,11.691500000,2.593308,1,0.649904,5.000000,15
986,375,0.575482,71961,11.701624352,11.704500000,2.875648,1,0.575482,5.000000,15
987,375,0.381896,71961,11.717372384,11.720000000,2.627616,1,0.381896,5.000000,15
988,375,0.307215,71961,11.730334394,11.733000000,2.665606,1,0.307215,5.000000,15
989,375,0.202442,71961,11.746393430,11.749000000,2.606570,1,0.202442,5.000000,15
991,375,0.134991,71961,11.760707721,11.763500000,2.792279,1,0.134991,5.000000,15
992,375,0.204926,71961,11.775490492,11.778500000,3.009508,1,0.204926,5.000000,15
993,375,0.359728,71961,11.790677128,11.793500000,2.822872,1,0.359728,5.000000,15
994,375,0.495904,71961,11.806504483,11.810000000,3.495517,1,0.495904,5.000000,15
995,375,0.624500,71961,11.820782609,11.823500000,2.717391,1,0.624500,5.000000,15
996,375,0.650060,71961,11.834776062,11.837500000,2.723938,1,0.650060,5.000000,15
997,375,0.601998,71961,11.851044946,11.854000000,2.955054,1,0.601998,5.000000,15
998,375,0.619418,71961,11.865565168,11.868500000,2.934832,1,0.619418,5.000000,15
999,375,0.550932,71961,11.879357219,11.882000000,2.642781,1,0.550932,5.000000,15
1000,375,0.563999,71961,11.893707683,11.896500000,2.792317,1,0.563999,5.000000,15
1001,375,0.334754,71961,11.906480817,11.909500000,3.019183,1,0.334754,5.000000,15
1002,375,0.233188,71961,11.920606632,11.923500000,2.893368,1,0.233188,5.000000,15
1004,375,0.124464,71961,11.933722058,11.936500000,2.777942,1,0.124464,5.000000,15
1005,375,0.244588,71961,11.948687499,11.951500000,2.812501,1,0.244588,5.000000,15
1006,375,0.476126,71961,11.967196184,11.970000000,2.803816,1,0.476126,5.000000,15
1007,375,0.580327,71961,11.979905107,11.982500000,2.594893,1,0.580327,5.000000,15
1008,375,0.681217,71961,11.993138175,11.996000000,2.861825,1,0.681217,5.000000,15
1009,375,0.404353,71961,12.007363031,12.010000000,2.636969,1,0.404353,5.000000,15
1010,375,0.233601,71961,12.020500762,12.023500000,2.999238,1,0.233601,5.000000,15
1012,375,0.248293,71961,12.033655568,12.036500000,2.844432,1,0.248293,5.000000,15
1013,375,0.806746,71961,12.046790547,12.049500000,2.709453,1,0.806746,5.000000,15
1014,375,1.325020,71961,12.060394481,12.063000000,2.605519,1,1.325020,5.000000,15
1015,375,1.187480,71961,12.073418980,12.076000000,2.581020,1,1.187480,5.000000,15
1016,375,0.885622,71961,12.088334830,12.091000000,2.665170,1,0.885622,5.000000,15
1017,375,0.390473,71961,12.101935584,12.104500000,2.564416,1,0.390473,5.000000,15
1019,375,0.334700,71961,12.118363645,12.121000000,2.636355,1,0.334700,5.000000,15
1020,375,0.807743,71961,12.131711087,12.134500000,2.788913,1,0.807743,5.000000,15
1021,375,1.242511,71961,12.146619415,12.149500000,2.880585,1,1.242511,5.000000,15
1022,375,1.724944,71961,12.161384653,12.164000000,2.615347,1,1.724944,5.000000,15
1023,375,1.922541,71961,12.175091830,12.178000000,2.908170,1,1.922541,5.000000,15
1024,375,2.341975,71961,12.188043348,12.191000000,2.956652,1,2.341975,5.000000,15
1025,375,2.295594,71961,12.201241016,12.204000000,2.758984,1,2.295594,5.000000,15
1026,375,2.185881,71961,12.214347915,12.217000000,2.652085,1,2.185881,5.000000,15
1027,375,1.201550,71961,12.229235160,12.232000000,2.764840,1,1.201550,5.000000,15
1028,375,0.787391,71961,12.243272656,12.246000000,2.727344,1,0.787391,5.000000,15
1030,375,0.256804,71961,12.258299416,12.261000000,2.700584,1,0.256804,5.000000,15
1031,375,0.169733,71961,12.273161109,12.276000000,2.838891,1,0.169733,5.000000,15
1033,375,0.805499,71961,12.286531231,12.289500000,2.968769,1,0.805499,5.000000,15
1034,375,1.246825,71961,12.301711212,12.304500000,2.788788,1,1.246825,5.000000,15
1035,375,0.596834,71961,12.315038662,12.318000000,2.961338,1,0.596834,5.000000,15
1038,375,0.804698,71961,12.329718679,12.332500000,2.781321,1,0.804698,5.000000,15
1039,375,0.824796,71961,12.343962976,12.347000000,3.037024,1,0.824796,5.000000,15
1040,375,0.355978,71961,12.360730283,12.363500000,2.769717,1,0.355978,5.000000,15
1042,375,0.603363,71961,12.374790172,12.377500000,2.709828,1,0.603363,5.000000,15
1043,375,1.415770,71961,12.389772468,12.392500000,2.727532,1,1.415770,5.000000,15
1044,375,1.812928,71961,12.406621710,12.410000000,3.378290,1,1.812928,5.000000,15
1045,375,1.459032,71961,12.419985771,12.423000000,3.014229,1,1.459032,5.000000,15
1046,375,1.083576,71961,12.433330841,12.436000000,2.669159,1,1.083576,5.000000,15
1049,375,1.190790,71961,12.446698106,12.449500000,2.801894,1,1.190790,5.000000,15
1050,375,2.798585,71961,12.460882473,12.463500000,2.617527,1,2.798585,5.000000,15
1051,375,2.139787,71961,12.473639025,12.476500000,2.860975,1,2.139787,5.000000,15
1052,375,1.082683,71961,12.486604656,12.489500000,2.895344,1,1.082683,5.000000,15
1054,375,0.448454,71961,12.499746592,12.502500000,2.753408,1,0.448454,5.000000,15
1056,375,0.339633,71961,12.514216240,12.517000000,2.783760,1,0.339633,5.000000,15
1058,375,0.692106,71961,12.527806871,12.530500000,2.693129,1,0.692106,5.000000,15
1059,375,0.943830,71961,12.540996626,12.544000000,3.003374,1,0.943830,5.000000,15
1060,375,0.779031,71961,12.554209985,12.557000000,2.790015,1,0.779031,5.000000,15
1062,375,0.825014,71961,12.570706123,12.573500000,2.793877,1,0.825014,5.000000,15
1063,375,2.582637,71961,12.586044811,12.589000000,2.955189,1,2.582637,5.000000,15
1064,375,3.742937,71961,12.600662917,12.603500000,2.837083,1,3.742937,5.000000,15
1065,375,3.374787,71961,12.615206473,12.618000000,2.793527,1,3.374787,5.000000,15
1066,375,2.737388,71961,12.628765970,12.631500000,2.734030,1,2.737388,5.000000,15
1067,375,1.003046,71961,12.645498057,12.648500000,3.001943,1,1.003046,5.000000,15
1069,375,1.531931,71961,12.659208219,12.662000000,2.791781,1,1.531931,5.000000,15
1070,375,4.235603,71961,12.671903494,12.674500000,2.596506,1,4.235603,5.000000,15
1071,375,6.972378,71961,12.685593632,12.688500000,2.906368,1,6.972378,5.000000,15
1072,375,10.670747,71961,12.700244916,12.703000000,2.755084,1,10.670747,5.000000,15
1073,375,13.595247,71961,12.713449216,12.716500000,3.050784,1,13.595247,5.000000,15
1074,375,18.088658,71961,12.727698363,12.730500000,2.801637,1,18.088658,5.000000,15
1075,375,17.566933,71961,12.741563505,12.744500000,2.936495,1,17.566933,5.000000,15
1076,375,19.435833,71961,12.757175407,12.760000000,2.824593,1,19.435833,5.000000,15
1077,375,16.584757,71961,12.773672134,12.776500000,2.827866,1,16.584757,5.000000,15
1078,375,13.158751,71961,12.786995601,12.790000000,3.004399,1,13.158751,5.000000,15
1079,375,5.149823,71961,12.800066363,12.803000000,2.933637,1,5.149823,5.000000,15
1081,375,6.201811,71961,12.813219930,12.816000000,2.780070,1,6.201811,5.000000,15
1082,375,14.624642,71961,12.827285921,12.830000000,2.714079,1,14.624642,5.000000,15
1083,375,17.916946,71961,12.841978757,12.845000000,3.021243,1,17.916946,5.000000,15
1084,375,20.897203,71961,12.855930482,12.858500000,2.569518,1,20.897203,5.000000,15
1085,375,18.520876,71961,12.871124905,12.874000000,2.875095,1,18.520876,5.000000,15
1086,375,17.081564,71961,12.889224877,12.892000000,2.775123,1,17.081564,5.000000,15
1087,375,11.780091,71961,12.906252762,12.909000000,2.747238,1,11.780091,5.000000,15
1088,375,5.786986,71961,12.920800788,12.923500000,2.699212,1,5.786986,5.000000,15
1090,375,5.805224,71961,12.934289628,12.937000000,2.710372,1,5.805224,5.000000,15
1091,375,13.634289,71961,12.947760915,12.950500000,2.739085,1,13.634289,5.000000,15
1092,375,21.497425,71961,12.960597178,12.963500000,2.902822,1,21.497425,5.000000,15
1093,375,23.258140,71961,12.974108369,12.977000000,2.891631,1,23.258140,5.000000,15
1094,375,24.037334,71961,12.988414484,12.991000000,2.585516,1,24.037334,5.000000,15
1095,375,20.510131,71961,13.001692206,13.007500000,5.807794,0,1392.803497,5.000000,15
1096,375,18.710024,71961,13.016066215,13.019000000,2.933785,1,18.710024,5.000000,15
1097,375,16.015546,71961,13.029713984,13.032500000,2.786016,1,16.015546,5.000000,15
1098,375,10.779514,71961,13.046280703,13.049000000,2.719297,1,10.779514,5.000000,15
1099,375,4.976773,71961,13.061889008,13.064500000,2.610992,1,4.976773,5.000000,15
1101,375,5.560439,71961,13.075688312,13.078500000,2.811688,1,5.560439,5.000000,15
1102,375,10.327901,71961,13.091335485,13.094000000,2.664515,1,10.327901,5.000000,15
1103,375,9.993605,71961,13.107364676,13.110000000,2.635324,1,9.993605,5.000000,15
1104,375,8.221348,71961,13.123817356,13.126500000,2.682644,1,8.221348,5.000000,15
1105,375,4.075150,71961,13.137781729,13.140500000,2.718271,1,4.075150,5.000000,15
1107,375,3.503117,71961,13.152970799,13.156000000,3.029201,1,3.503117,5.000000,15
1108,375,5.420885,71961,13.166613747,13.169500000,2.886253,1,5.420885,5.000000,15
1109,375,3.184957,71961,13.180761952,13.183500000,2.738048,1,3.184957,5.000000,15
1111,375,2.812322,71961,13.195302749,13.198000000,2.697251,1,2.812322,5.000000,15
1112,375,5.130776,71961,13.213077680,13.216000000,2.922320,1,5.130776,5.000000,15
1113,375,5.215293,71961,13.228224743,13.231000000,2.775257,1,5.215293,5.000000,15
1115,375,7.619633,71961,13.241349837,13.244000000,2.650163,1,7.619633,5.000000,15
1116,375,9.131664,71961,13.255080978,13.258000000,2.919022,1,9.131664,5.000000,15
1117,375,7.636427,71961,13.268456326,13.271000000,2.543674,1,7.636427,5.000000,15
1118,375,7.638369,71961,13.281131447,13.284000000,2.868553,1,7.638369,5.000000,15
1119,375,6.512778,71961,13.296654249,13.299500000,2.845751,1,6.512778,5.000000,15
1120,375,5.955358,71961,13.310765760,13.313500000,2.734240,1,5.955358,5.000000,15
1121,375,4.306906,71961,13.323704944,13.326500000,2.795056,1,4.306906,5.000000,15
1122,375,3.620599,71961,13.336655887,13.339500000,2.844113,1,3.620599,5.000000,15
1123,375,1.994258,71961,13.349794136,13.352500000,2.705864,1,1.994258,5.000000,15
1125,375,1.832293,71961,13.363653271,13.366500000,2.846729,1,1.832293,5.000000,15
1126,375,2.134365,71961,13.378944951,13.381500000,2.555049,1,2.134365,5.000000,15
1128,375,1.839491,71961,13.391954873,13.394500000,2.545127,1,1.839491,5.000000,15
1129,375,2.969476,71961,13.406556520,13.409500000,2.943480,1,2.969476,5.000000,15
1130,375,3.411731,71961,13.421150954,13.424000000,2.849046,1,3.411731,5.000000,15
1131,375,1.691103,71961,13.433972008,13.437000000,3.027992,1,1.691103,5.000000,15
1133,375,1.267139,71961,13.448192431,13.451000000,2.807569,1,1.267139,5.000000,15
1134,375,2.135344,71961,13.462252991,13.465000000,2.747009,1,2.135344,5.000000,15
1136,375,2.007694,71961,13.477712438,13.480500000,2.787562,1,2.007694,5.000000,15
1137,375,1.797830,71961,13.490742209,13.493500000,2.757791,1,1.797830,5.000000,15
1139,375,3.544953,71961,13.503940801,13.506500000,2.559199,1,3.544953,5.000000,15
1140,375,8.124250,71961,13.520350907,13.523000000,2.649093,1,8.124250,5.000000,15
1141,375,11.309142,71961,13.533060493,13.536000000,2.939507,1,11.309142,5.000000,15
1142,375,15.511529,71961,13.547433048,13.550000000,2.566952,1,15.511529,5.000000,15
1143,375,17.971077,71961,13.564580359,13.567500000,2.919641,1,17.971077,5.000000,15
1144,375,20.826704,71961,13.578907568,13.581500000,2.592432,1,20.826704,5.000000,15
1145,375,19.939057,71961,13.592199310,13.595000000,2.800690,1,19.939057,5.000000,15
1146,375,19.559009,71961,13.605243900,13.608000000,2.756100,1,19.559009,5.000000,15
1147,375,15.637542,71961,13.619829058,13.622500000,2.670942,1,15.637542,5.000000,15
1148,375,14.012484,71961,13.633256803,13.636000000,2.743197,1,14.012484,5.000000,15
1149,375,10.005446,71961,13.649601885,13.652500000,2.898115,1,10.005446,5.000000,15
1150,375,4.780736,71961,13.664355796,13.667000000,2.644204,1,4.780736,5.000000,15
1152,375,5.710513,71961,13.680907764,13.683500000,2.592236,1,5.710513,5.000000,15
1153,375,11.872241,71961,13.696380190,13.699000000,2.619810,1,11.872241,5.000000,15
1154,375,15.000361,71961,13.710195264,13.713000000,2.804736,1,15.000361,5.000000,15
1155,375,12.991045,71961,13.726491922,13.729500000,3.008078,1,12.991045,5.000000,15
1156,375,6.842914,71961,13.741084815,13.744000000,2.915185,1,6.842914,5.000000,15
1158,375,6.202869,71961,13.753971336,13.757000000,3.028664,1,6.202869,5.000000,15
1159,375,8.457521,71961,13.768697893,13.771500000,2.802107,1,8.457521,5.000000,15
1160,375,6.346455,71961,13.782107366,13.785000000,2.892634,1,6.346455,5.000000,15
1162,375,8.299126,71961,13.797652740,13.800500000,2.847260,1,8.299126,5.000000,15
1163,375,14.150057,71961,13.811978356,13.815000000,3.021644,1,14.150057,5.000000,15
1164,375,20.708505,71961,13.825724318,13.828500000,2.775682,1,20.708505,5.000000,15
1165,375,26.003101,71961,13.840854633,13.843500000,2.645367,1,26.003101,5.000000,15
1166,375,28.173197,71961,13.853773365,13.856500000,2.726635,1,28.173197,5.000000,15
1167,375,25.367702,71961,13.867989892,13.871000000,3.010108,1,25.367702,5.000000,15
1168,375,23.597559,71961,13.882409592,13.885000000,2.590408,1,23.597559,5.000000,15
1169,375,18.511678,71961,13.895955547,13.898500000,2.544453,1,18.511678,5.000000,15
1170,375,15.600607,71961,13.910092787,13.913000000,2.907213,1,15.600607,5.000000,15
1171,375,11.457415,71961,13.923126626,13.926000000,2.873374,1,11.457415,5.000000,15
1172,375,6.465201,71961,13.936083023,13.939000000,2.916977,1,6.465201,5.000000,15
1175,375,6.333591,71961,13.949523449,13.952500000,2.976551,1,6.333591,5.000000,15
1176,375,7.224403,71961,13.964932333,13.967500000,2.567667,1,7.224403,5.000000,15
1177,375,4.150144,71961,13.979146513,13.982000000,2.853487,1,4.150144,5.000000,15
1179,375,4.395941,71961,13.992147411,13.995000000,2.852589,1,4.395941,5.000000,15
1180,375,4.456156,71961,14.005615496,14.011000000,5.384504,0,1392.803497,5.000000,15
1182,375,5.146125,71961,14.020043853,14.023000000,2.956147,1,5.146125,5.000000,15
1183,375,8.107766,71961,14.033772588,14.036500000,2.727412,1,8.107766,5.000000,15
1184,375,10.807721,71961,14.048429405,14.051000000,2.570595,1,10.807721,5.000000,15
1185,375,9.171105,71961,14.061605305,14.064500000,2.894695,1,9.171105,5.000000,15
1186,375,6.155866,71961,14.075861668,14.078500000,2.638332,1,6.155866,5.000000,15
1188,375,4.846444,71961,14.092724586,14.095500000,2.775414,1,4.846444,5.000000,15
1189,375,5.969977,71961,14.109905427,14.115000000,5.094573,0,1392.803497,5.000000,15
1190,375,6.159543,71961,14.123795576,14.126500000,2.704424,1,6.159543,5.000000,15
1191,375,3.198568,71961,14.137708482,14.140500000,2.791518,1,3.198568,5.000000,15
1193,375,3.599820,71961,14.151972319,14.155000000,3.027681,1,3.599820,5.000000,15
1194,375,3.755119,71961,14.168249228,14.171000000,2.750772,1,3.755119,5.000000,15
1197,375,4.164782,71961,14.184834957,14.187500000,2.665043,1,4.164782,5.000000,15
1198,375,5.488867,71961,14.199669363,14.202500000,2.830637,1,5.488867,5.000000,15
1199,375,2.865827,71961,14.215221986,14.218000000,2.778014,1,2.865827,5.000000,15
1201,375,1.839243,71961,14.229828404,14.232500000,2.671596,1,1.839243,5.000000,15
1202,375,2.728354,71961,14.243764640,14.246500000,2.735360,1,2.728354,5.000000,15
1203,375,1.898753,71961,14.256722746,14.259500000,2.777254,1,1.898753,5.000000,15
1205,375,1.054892,71961,14.271613575,14.274500000,2.886425,1,1.054892,5.000000,15
1206,375,2.236142,71961,14.285153232,14.288000000,2.846768,1,2.236142,5.000000,15
1207,375,2.710192,71961,14.298500693,14.301500000,2.999307,1,2.710192,5.000000,15
1208,375,2.709147,71961,14.312246507,14.315000000,2.753493,1,2.709147,5.000000,15
1209,375,1.854939,71961,14.325851441,14.328500000,2.648559,1,1.854939,5.000000,15
1211,375,2.406382,71961,14.344771231,14.347500000,2.728769,1,2.406382,5.000000,15
1212,375,3.858488,71961,14.357775533,14.360500000,2.724467,1,3.858488,5.000000,15
1213,375,5.025717,71961,14.371153795,14.374000000,2.846205,1,5.025717,5.000000,15
1214,375,6.567683,71961,14.385219668,14.388000000,2.780332,1,6.567683,5.000000,15
1216,375,7.265014,71961,14.412690595,14.518000000,105.309405,0,1392.803497,5.000000,14
1217,375,6.565660,71961,14.426832622,14.518000000,91.167378,0,1392.803497,5.000000,14
1218,375,7.207818,71961,14.442092064,14.518000000,75.907936,0,1392.803497,5.000000,14
1219,375,5.286418,71961,14.456536304,14.518000000,61.463696,0,1392.803497,5.000000,14
1220,375,2.664183,71961,14.472834566,14.518000000,45.165434,0,1392.803497,5.000000,14
1223,375,1.495324,71961,14.485903646,14.518000000,32.096354,0,1392.803497,5.000000,14
1224,375,1.945658,71961,14.500959418,14.518000000,17.040582,0,1392.803497,5.000000,14
1226,375,2.262490,71961,14.515798042,14.518500000,2.701958,1,2.262490,5.000000,14
1227,375,4.667473,71961,14.529126526,14.532000000,2.873474,1,4.667473,5.000000,14
1228,375,7.137298,71961,14.542171321,14.545000000,2.828679,1,7.137298,5.000000,14
1229,375,7.706650,71961,14.556456135,14.559000000,2.543865,1,7.706650,5.000000,14
1230,375,9.277714,71961,14.571924988,14.574500000,2.575012,1,9.277714,5.000000,14
1231,375,8.520601,71961,14.585256697,14.588000000,2.743303,1,8.520601,5.000000,14
1232,375,9.038039,71961,14.598631220,14.601500000,2.868780,1,9.038039,5.000000,14
1233,375,6.421292,71961,14.612887947,14.615500000,2.612053,1,6.421292,5.000000,14
1234,375,5.094403,71961,14.626711517,14.629500000,2.788483,1,5.094403,5.000000,14
1235,375,2.184588,71961,14.642225716,14.645000000,2.774284,1,2.184588,5.000000,14
1237,375,1.571257,71961,14.655835430,14.658500000,2.664570,1,1.571257,5.000000,14
1238,375,4.129858,71961,14.669876461,14.672500000,2.623539,1,4.129858,5.000000,14
1239,375,5.512470,71961,14.684051118,14.687000000,2.948882,1,5.512470,5.000000,14
1240,375,7.372931,71961,14.698855455,14.701500000,2.644545,1,7.372931,5.000000,14
1241,375,8.584655,71961,14.713854974,14.716500000,2.645026,1,8.584655,5.000000,15
1242,375,10.509699,71961,14.727285724,14.730000000,2.714276,1,10.509699,5.000000,15
1243,375,11.210237,71961,14.741069313,14.744000000,2.930687,1,11.210237,5.000000,15
1244,375,12.005803,71961,14.755823963,14.758500000,2.676037,1,12.005803,5.000000,15
1245,375,12.514269,71961,14.770114687,14.773000000,2.885313,1,12.514269,5.000000,15
1246,375,12.833194,71961,14.784347127,14.787000000,2.652873,1,12.833194,5.000000,15
1247,375,13.841404,71961,14.801603576,14.807000000,5.396424,0,1392.803497,5.000000,15
1248,375,15.470235,71961,14.814437188,14.817000000,2.562812,1,15.470235,5.000000,15
1249,375,18.899764,71961,14.827765931,14.830500000,2.734069,1,18.899764,5.000000,15
1250,375,21.134329,71961,14.842675500,14.845500000,2.824500,1,21.134329,5.000000,15
1251,375,21.052387,71961,14.855725771,14.858500000,2.774229,1,21.052387,5.000000,15
1252,375,21.393523,71961,14.871522566,14.874500000,2.977434,1,21.393523,5.000000,15
1253,375,53.372294,71961,14.886640994,14.889500000,2.859006,1,53.372294,5.000000,15
1254,375,38.394737,71961,14.901442764,14.904000000,2.557236,1,38.394737,5.000000,15
1255,375,38.383932,71961,14.917155049,14.920000000,2.844951,1,38.383932,5.000000,15
1256,375,25.239620,71961,14.930023676,14.933000000,2.976324,1,25.239620,5.000000,15
1257,375,13.224219,71961,14.945734025,14.948500000,2.765975,1,13.224219,5.000000,15
1259,375,19.062161,71961,14.959000946,14.962000000,2.999054,1,19.062161,5.000000,15
1260,375,32.424453,71961,14.974527369,14.977500000,2.972631,1,32.424453,5.000000,15
1261,375,46.843680,71961,14.988708428,14.991500000,2.791572,1,46.843680,5.000000,15
1262,375,20.572795,71961,15.003447886,15.006000000,2.552114,1,20.572795,5.000000,14
1265,375,18.819724,71961,15.016167232,15.019000000,2.832768,1,18.819724,5.000000,14
1266,375,38.116811,71961,15.031055925,15.034000000,2.944075,1,38.116811,5.000000,14
1267,375,56.717975,71961,15.045518265,15.048500000,2.981735,1,56.717975,5.000000,14
1268,375,78.714379,71961,15.058879554,15.061500000,2.620446,1,78.714379,5.000000,14
1269,375,77.359585,71961,15.074513018,15.077500000,2.986982,1,77.359585,5.000000,14
1270,375,52.924633,71961,15.088235510,15.091000000,2.764490,1,52.924633,5.000000,14
1272,375,32.965209,71961,15.106692727,15.112500000,5.807273,0,1392.803497,5.000000,14
1273,375,61.528560,71961,15.119558703,15.122500000,2.941297,1,61.528560,5.000000,14
1274,375,89.212866,71961,15.134262190,15.137000000,2.737810,1,89.212866,5.000000,14
1275,375,109.593989,71961,15.148026475,15.151000000,2.973525,1,109.593989,5.000000,14
1276,375,132.790453,71961,15.161412841,15.164000000,2.587159,1,132.790453,5.000000,14
1277,375,148.872791,71961,15.174235667,15.177000000,2.764333,1,148.872791,5.000000,14
1278,375,164.594389,71961,15.189561157,15.192500000,2.938843,1,164.594389,5.000000,14
1279,375,204.008069,71961,15.202403302,15.205000000,2.596698,1,204.008069,5.000000,14
1280,375,227.031954,71961,15.216954649,15.219500000,2.545351,1,227.031954,5.000000,14
1281,375,263.657709,71961,15.231115936,15.234000000,2.884064,1,263.657709,5.000000,14
1282,375,275.079047,71961,15.246874149,15.249500000,2.625851,1,275.079047,5.000000,14
1283,375,304.684847,71961,15.261991259,15.265000000,3.008741,1,304.684847,5.000000,14
1284,375,312.885586,71961,15.275737400,15.278500000,2.762600,1,312.885586,5.000000,14
1285,375,299.583323,71961,15.292631945,15.295500000,2.868055,1,299.583323,5.000000,14
1286,375,279.743826,71961,15.306106130,15.309000000,2.893870,1,279.743826,5.000000,14
1287,375,522.279719,71961,15.319385508,15.322000000,2.614492,1,522.279719,5.000000,15
1288,375,260.961698,71961,15.334906941,15.337500000,2.593059,1,260.961698,5.000000,15
1289,375,52.894156,71961,15.349151342,15.352000000,2.848658,1,52.894156,5.000000,15
1290,375,37.063485,71961,15.362657791,15.365500000,2.842209,1,37.063485,5.000000,15
1291,375,31.142923,71961,15.377528712,15.380500000,2.971288,1,31.142923,5.000000,15
1293,375,33.255636,71961,15.391309175,15.394000000,2.690825,1,33.255636,5.000000,15
1294,375,49.539219,71961,15.407340605,15.410000000,2.659395,1,49.539219,5.000000,14
1295,375,46.187952,71961,15.422638416,15.425500000,2.861584,1,46.187952,5.000000,15
1296,375,31.309214,71961,15.435723526,15.438500000,2.776474,1,31.309214,5.000000,15
1297,375,57.416698,71961,15.450452853,15.453000000,2.547147,1,57.416698,5.000000,15
1298,375,21.109500,71961,15.465326228,15.471000000,5.673772,0,1392.803497,5.000000,15
1299,375,25.125218,71961,15.481067747,15.484000000,2.932253,1,25.125218,5.000000,15
1300,375,37.757634,71961,15.495502114,15.498500000,2.997886,1,37.757634,5.000000,15
1301,375,35.253068,71961,15.511207749,15.514000000,2.792251,1,35.253068,5.000000,14
1303,375,25.089919,71961,15.526738721,15.529500000,2.761279,1,25.089919,5.000000,15
1304,375,20.870982,71961,15.540227585,15.543000000,2.772415,1,20.870982,5.000000,15
1305,375,17.742364,71961,15.554454696,15.557000000,2.545304,1,17.742364,5.000000,15
1306,375,26.480312,71961,15.569588605,15.572500000,2.911395,1,26.480312,5.000000,15
1307,375,30.839016,71961,15.583280175,15.588500000,5.219825,0,1392.803497,5.000000,15
1308,375,28.499518,71961,15.599092185,15.602000000,2.907815,1,28.499518,5.000000,15
1309,375,12.779900,71961,15.611981822,15.615000000,3.018178,1,12.779900,5.000000,14
1310,375,25.681582,71961,15.625818224,15.628500000,2.681776,1,25.681582,5.000000,14
1311,375,28.614457,71961,15.639887831,15.642500000,2.612169,1,28.614457,5.000000,14
1312,375,21.335802,71961,15.653669586,15.656500000,2.830414,1,21.335802,5.000000,14
1314,375,13.189566,71961,15.666768031,15.669500000,2.731969,1,13.189566,5.000000,14
1315,375,34.745418,71961,15.682359044,15.685000000,2.640956,1,34.745418,5.000000,14
1316,375,30.513077,71961,15.695332084,15.698000000,2.667916,1,30.513077,5.000000,14
1317,375,30.840145,71961,15.711313464,15.716500000,5.186536,0,1392.803497,5.000000,14
1318,375,26.752042,71961,15.725605251,15.728500000,2.894749,1,26.752042,5.000000,14
1319,375,20.030367,71961,15.739473348,15.742500000,3.026652,1,20.030367,5.000000,14
1321,375,28.511004,71961,15.754573046,15.757500000,2.926954,1,28.511004,5.000000,14
1322,375,46.175177,71961,15.768551392,15.771500000,2.948608,1,46.175177,5.000000,14
1323,375,67.327087,71961,15.781755086,15.784500000,2.744914,1,67.327087,5.000000,14
1324,375,46.820647,71961,15.794975101,15.798000000,3.024899,1,46.820647,5.000000,14
1325,375,21.069341,71961,15.809121100,15.814500000,5.378900,0,1392.803497,5.000000,14
1327,375,15.947341,71961,15.823021062,15.826000000,2.978938,1,15.947341,5.000000,14
1328,375,23.933906,71961,15.838719111,15.841500000,2.780889,1,23.933906,5.000000,14
1329,375,36.610524,71961,15.852425454,15.855000000,2.574546,1,36.610524,5.000000,14
1330,375,42.317657,71961,15.866228431,15.869000000,2.771569,1,42.317657,5.000000,14
1331,375,37.855515,71961,15.880111431,15.883000000,2.888569,1,37.855515,5.000000,14
1332,375,28.066110,71961,15.892805563,15.895500000,2.694437,1,28.066110,5.000000,14
1333,375,35.791734,71961,15.905650687,15.911500000,5.849313,0,1392.803497,5.000000,14
1334,375,34.529785,71961,15.920071859,15.923000000,2.928141,1,34.529785,5.000000,14
1335,375,19.707678,71961,15.937614709,15.940500000,2.885291,1,19.707678,5.000000,14
1337,375,21.337019,71961,15.950341444,15.953000000,2.658556,1,21.337019,5.000000,14
1338,375,19.940633,71961,15.965551986,15.968500000,2.948014,1,19.940633,5.000000,14
1339,375,24.882471,71961,15.979056494,15.982000000,2.943506,1,24.882471,5.000000,14
1341,375,29.725876,71961,15.993086872,15.996000000,2.913128,1,29.725876,5.000000,14
1342,375,44.396458,71961,16.006588278,16.012500000,5.911722,0,1392.803497,5.000000,14
1343,375,31.547852,71961,16.019378060,16.022000000,2.621940,1,31.547852,5.000000,14
1344,375,22.172145,71961,16.035416643,16.038000000,2.583357,1,22.172145,5.000000,14
1345,375,27.666832,71961,16.048201112,16.051000000,2.798888,1,27.666832,5.000000,14
1346,375,41.822039,71961,16.062600623,16.065500000,2.899377,1,41.822039,5.000000,14
1347,375,62.762889,71961,16.077757405,16.083000000,5.242595,0,1392.803497,5.000000,14
1348,375,55.012921,71961,16.090676813,16.093500000,2.823187,1,55.012921,5.000000,14
1349,375,33.918667,71961,16.107702887,16.113500000,5.797113,0,1392.803497,5.000000,14
1353,375,21.815786,71961,16.122102352,16.125000000,2.897648,1,21.815786,5.000000,14
1354,375,29.234909,71961,16.135428376,16.138000000,2.571624,1,29.234909,5.000000,14
1355,375,44.998959,71961,16.149812827,16.152500000,2.687173,1,44.998959,5.000000,14
1356,375,34.301356,71961,16.163960190,16.167000000,3.039810,1,34.301356,5.000000,14
1357,375,28.046996,71961,16.176946810,16.179500000,2.553190,1,28.046996,5.000000,14
1358,375,25.332049,71961,16.189947698,16.192500000,2.552302,1,25.332049,5.000000,14
1360,375,20.050136,71961,16.203375382,16.206000000,2.624618,1,20.050136,5.000000,14
1361,375,29.445150,71961,16.217197936,16.220000000,2.802064,1,29.445150,5.000000,14
1362,375,32.148476,71961,16.233156941,16.236000000,2.843059,1,32.148476,5.000000,14
1363,375,28.205640,71961,16.247470020,16.250500000,3.029980,1,28.205640,5.000000,14
1364,375,47.803973,71961,16.263647478,16.266500000,2.852522,1,47.803973,5.000000,14
1365,375,37.638448,71961,16.280951639,16.283500000,2.548361,1,37.638448,5.000000,14
1367,375,37.061425,71961,16.295211589,16.298000000,2.788411,1,37.061425,5.000000,14
1368,375,43.449063,71961,16.310801220,16.316000000,5.198780,0,1392.803497,5.000000,14
1369,375,43.995095,71961,16.325550559,16.328500000,2.949441,1,43.995095,5.000000,14
1371,375,44.781147,71961,16.339707415,16.342500000,2.792585,1,44.781147,5.000000,14
1372,375,50.554915,71961,16.354321392,16.357000000,2.678608,1,50.554915,5.000000,14
1374,375,60.018783,71961,16.368747815,16.371500000,2.752185,1,60.018783,5.000000,14
1375,375,102.306862,71961,16.382111604,16.385000000,2.888396,1,102.306862,5.000000,14
1376,375,68.502585,71961,16.397488718,16.400500000,3.011282,1,68.502585,5.000000,14
1378,375,53.449514,71961,16.411008001,16.416500000,5.491999,0,1392.803497,5.000000,14
1379,375,73.772321,71961,16.424893576,16.427500000,2.606424,1,73.772321,5.000000,14
1380,375,61.183322,71961,16.438740294,16.441500000,2.759706,1,61.183322,5.000000,14
1382,375,58.575968,71961,16.454274072,16.457000000,2.725928,1,58.575968,5.000000,14
1383,375,90.103735,71961,16.468573362,16.471500000,2.926638,1,90.103735,5.000000,14
1384,375,123.874680,71961,16.482797410,16.485500000,2.702590,1,123.874680,5.000000,14
1385,375,224.331520,71961,16.499225764,16.502000000,2.774236,1,224.331520,5.000000,14
1386,375,685.061845,71961,16.514276904,16.517000000,2.723096,1,685.061845,5.000000,15
1387,375,147.163658,71961,16.530435503,16.533000000,2.564497,1,147.163658,5.000000,15
1388,375,160.975471,71961,16.544066641,16.547000000,2.933359,1,160.975471,5.000000,15
1389,375,38.493639,71961,16.557882807,16.560500000,2.617193,1,38.493639,5.000000,15
1390,375,20.845557,71961,16.571180486,16.574000000,2.819514,1,20.845557,5.000000,15
1392,375,15.367226,71961,16.585589684,16.588500000,2.910316,1,15.367226,5.000000,15
1393,375,25.841566,71961,16.602849292,16.612500000,9.650708,0,1392.803497,5.000000,15
1394,375,19.719462,71961,16.616510881,16.620000000,3.489119,1,19.719462,5.000000,15
1396,375,40.040939,71961,16.631228081,16.634000000,2.771919,1,40.040939,5.000000,15
1397,375,46.502367,71961,16.647770902,16.650500000,2.729098,1,46.502367,5.000000,15
1399,375,17.240519,71961,16.661839698,16.667000000,5.160302,0,1392.803497,5.000000,15
1400,375,21.973000,71961,16.674781178,16.677500000,2.718822,1,21.973000,5.000000,15
1401,375,19.348316,71961,16.688177530,16.691000000,2.822470,1,19.348316,5.000000,15
1402,375,16.183180,71961,16.702419836,16.705000000,2.580164,1,16.183180,5.000000,15
1403,375,6.741067,71961,16.716666756,16.719500000,2.833244,1,6.741067,5.000000,15
1405,375,5.682090,71961,16.730512433,16.733500000,2.987567,1,5.682090,5.000000,15
1406,375,12.131482,71961,16.745714577,16.748500000,2.785423,1,12.131482,5.000000,15
1407,375,16.766376,71961,16.761314712,16.764000000,2.685288,1,16.766376,5.000000,15
1408,375,20.354401,71961,16.775832621,16.778500000,2.667379,1,20.354401,5.000000,15
1409,375,21.092954,71961,16.790949760,16.793500000,2.550240,1,21.092954,5.000000,15
1410,375,23.900361,71961,16.805561642,16.811500000,5.938358,0,1392.803497,5.000000,14
1411,375,23.716477,71961,16.818331268,16.821000000,2.668732,1,23.716477,5.000000,14
1412,375,23.866027,71961,16.832401543,16.835000000,2.598457,1,23.866027,5.000000,14
1413,375,21.020409,71961,16.846892724,16.849500000,2.607276,1,21.020409,5.000000,14
1414,375,20.766618,71961,16.860403829,16.863000000,2.596171,1,20.766618,5.000000,14
1415,375,18.007074,71961,16.876569078,16.879500000,2.930922,1,18.007074,5.000000,14
1416,375,16.260043,71961,16.890737114,16.893500000,2.762886,1,16.260043,5.000000,14
1417,375,9.909348,71961,16.905593504,16.908500000,2.906496,1,9.909348,5.000000,14
1418,375,5.010244,71961,16.919104984,16.922000000,2.895016,1,5.010244,5.000000,14
1420,375,4.723596,71961,16.933506712,16.936500000,2.993288,1,4.723596,5.000000,14
1421,375,10.865549,71961,16.946544801,16.949500000,2.955199,1,10.865549,5.000000,14
1422,375,10.001239,71961,16.961081783,16.964000000,2.918217,1,10.001239,5.000000,14
1423,375,8.798624,71961,16.974350114,16.977000000,2.649886,1,8.798624,5.000000,14
1424,375,6.702091,71961,16.987569998,16.990500000,2.930002,1,6.702091,5.000000,14
1426,375,7.417792,71961,17.001442677,17.004000000,2.557323,1,7.417792,5.000000,14
1427,375,14.269821,71961,17.014470393,17.017500000,3.029607,1,14.269821,5.000000,14
1428,375,19.873324,71961,17.030815803,17.033500000,2.684197,1,19.873324,5.000000,14
1429,375,25.954323,71961,17.044492680,17.047500000,3.007320,1,25.954323,5.000000,14
1430,375,31.033784,71961,17.060846941,17.063500000,2.653059,1,31.033784,5.000000,14
1431,375,32.045825,71961,17.073857316,17.076500000,2.642684,1,32.045825,5.000000,14
1432,375,39.174070,71961,17.087174105,17.090500000,3.325895,1,39.174070,5.000000,14
1433,375,38.369881,71961,17.101061737,17.106500000,5.438263,0,1392.803497,5.000000,14
1434,375,38.883749,71961,17.117484695,17.120500000,3.015305,1,38.883749,5.000000,14
1435,375,37.140628,71961,17.132400113,17.135000000,2.599887,1,37.140628,5.000000,14
1436,375,35.046570,71961,17.148425243,17.151000000,2.574757,1,35.046570,5.000000,14
1437,375,30.728406,71961,17.161225339,17.164000000,2.774661,1,30.728406,5.000000,14
1438,375,25.736553,71961,17.174973435,17.178000000,3.026565,1,25.736553,5.000000,14
1439,375,18.334652,71961,17.192285699,17.195000000,2.714301,1,18.334652,5.000000,14
1440,375,10.090291,71961,17.205594524,17.208500000,2.905476,1,10.090291,5.000000,14
1442,375,11.249473,71961,17.218707265,17.221500000,2.792735,1,11.249473,5.000000,14
1443,375,18.855695,71961,17.231987404,17.235000000,3.012596,1,18.855695,5.000000,14
1444,375,20.970849,71961,17.244877515,17.247500000,2.622485,1,20.970849,5.000000,14
1445,375,19.532303,71961,17.261508496,17.264500000,2.991504,1,19.532303,5.000000,14
1446,375,15.851053,71961,17.276287320,17.279000000,2.712680,1,15.851053,5.000000,14
1448,375,9.990558,71961,17.289605591,17.292500000,2.894409,1,9.990558,5.000000,14
1449,375,14.694995,71961,17.302322748,17.305000000,2.677252,1,14.694995,5.000000,14
1451,375,24.167462,71961,17.317483893,17.320500000,3.016107,1,24.167462,5.000000,14
1452,375,45.994127,71961,17.330370811,17.333000000,2.629189,1,45.994127,5.000000,14
1453,375,48.893723,71961,17.345624214,17.348500000,2.875786,1,48.893723,5.000000,14
1454,375,40.248473,71961,17.361568550,17.364500000,2.931450,1,40.248473,5.000000,14
1456,375,49.557168,71961,17.374529668,17.377500000,2.970332,1,49.557168,5.000000,14
1457,375,83.575440,71961,17.388448664,17.391000000,2.551336,1,83.575440,5.000000,14
1458,375,108.547889,71961,17.401926853,17.410500000,8.573147,0,1392.803497,5.000000,14
1459,375,118.427996,71961,17.419043266,17.422000000,2.956734,1,118.427996,5.000000,14
1460,375,105.477002,71961,17.432536298,17.435500000,2.963702,1,105.477002,5.000000,14
1463,375,163.477229,71961,17.445361596,17.448000000,2.638404,1,163.477229,5.000000,14
1464,375,233.057909,71961,17.460265256,17.463000000,2.734744,1,233.057909,5.000000,14
1465,375,254.174225,71961,17.477038167,17.480000000,2.961833,1,254.174225,5.000000,14
1466,375,251.326533,71961,17.490936547,17.493500000,2.563453,1,251.326533,5.000000,14
1468,375,292.570391,71961,17.505768617,17.508500000,2.731383,1,292.570391,5.000000,14
1469,375,336.733772,71961,17.520101584,17.523000000,2.898416,1,336.733772,5.000000,14
1470,375,383.643570,71961,17.533462091,17.536500000,3.037909,1,383.643570,5.000000,14
1471,375,409.000220,71961,17.547336578,17.550000000,2.663422,1,409.000220,5.000000,14
1472,375,294.802168,71961,17.560701288,17.563500000,2.798712,1,294.802168,5.000000,14
1473,375,190.415248,71961,17.574316237,17.577000000,2.683763,1,190.415248,5.000000,14
1475,375,86.930647,71961,17.587494682,17.590500000,3.005318,1,86.930647,5.000000,14
1476,375,65.061753,71961,17.601522321,17.604500000,2.977679,1,65.061753,5.000000,14
1477,375,56.012089,71961,17.614787857,17.617500000,2.712143,1,56.012089,5.000000,14
1478,375,50.558930,71961,17.629153371,17.632000000,2.846629,1,50.558930,5.000000,14
1479,375,43.488864,71961,17.642869704,17.645500000,2.630296,1,43.488864,5.000000,14
1480,375,36.000008,71961,17.656929476,17.659500000,2.570524,1,36.000008,5.000000,14
1481,375,30.280957,71961,17.674399049,17.677000000,2.600951,1,30.280957,5.000000,14
1482,375,29.473765,71961,17.690940505,17.693500000,2.559495,1,29.473765,5.000000,14
1483,375,25.470598,71961,17.703842169,17.709500000,5.657831,0,1392.803497,5.000000,15
1484,375,23.783146,71961,17.716677920,17.719500000,2.822080,1,23.783146,5.000000,15
1485,375,19.373869,71961,17.731725886,17.734500000,2.774114,1,19.373869,5.000000,15
1486,375,14.663503,71961,17.746834200,17.749500000,2.665800,1,14.663503,5.000000,15
1487,375,7.745885,71961,17.760995170,17.764000000,3.004830,1,7.745885,5.000000,15
1489,375,5.966813,71961,17.776644392,17.779500000,2.855608,1,5.966813,5.000000,15
1490,375,5.653051,71961,17.791415233,17.794000000,2.584767,1,5.653051,5.000000,15
1492,375,8.220425,71961,17.804447939,17.807000000,2.552061,1,8.220425,5.000000,15
1493,375,10.724665,71961,17.818059482,17.821000000,2.940518,1,10.724665,5.000000,15
1494,375,12.041062,71961,17.833156262,17.836000000,2.843738,1,12.041062,5.000000,15
1495,375,12.346382,71961,17.848446444,17.851000000,2.553556,1,12.346382,5.000000,15
1496,375,10.540050,71961,17.863547393,17.866500000,2.952607,1,10.540050,5.000000,15
1499,375,11.423539,71961,17.876858624,17.879500000,2.641376,1,11.423539,5.000000,15
1500,375,14.546501,71961,17.892257458,17.895000000,2.742542,1,14.546501,5.000000,15
1501,375,19.051577,71961,17.905808254,17.908500000,2.691746,1,19.051577,5.000000,14
1502,375,21.358581,71961,17.919247065,17.922000000,2.752935,1,21.358581,5.000000,15
1503,375,21.204028,71961,17.933269203,17.936000000,2.730797,1,21.204028,5.000000,15
1504,375,23.588724,71961,17.951410842,17.954000000,2.589158,1,23.588724,5.000000,15
1505,375,26.732169,71961,17.966766458,17.969500000,2.733542,1,26.732169,5.000000,15
1506,375,25.875820,71961,17.981625996,17.984500000,2.874004,1,25.875820,5.000000,15
1507,375,22.853145,71961,17.994711598,17.998000000,3.288402,1,22.853145,5.000000,15
1508,375,18.805744,71961,18.007741506,18.013500000,5.758494,0,1392.803497,5.000000,14
1509,375,15.550246,71961,18.022970713,18.026000000,3.029287,1,15.550246,5.000000,14
1510,375,9.250804,71961,18.038093462,18.041000000,2.906538,1,9.250804,5.000000,14
1512,375,6.492263,71961,18.052641011,18.056000000,3.358989,1,6.492263,5.000000,14
1513,375,11.012579,71961,18.068506242,18.072000000,3.493758,1,11.012579,5.000000,14
1514,375,8.821364,71961,18.082616323,18.086000000,3.383677,1,8.821364,5.000000,14
1515,375,7.042027,71961,18.095515771,18.098500000,2.984229,1,7.042027,5.000000,14
1516,375,5.354728,71961,18.108866972,18.114500000,5.633028,0,1392.803497,5.000000,14
1519,375,10.367367,71961,18.122092550,18.125000000,2.907450,1,10.367367,5.000000,14
1520,375,12.115761,71961,18.134829976,18.137500000,2.670024,1,12.115761,5.000000,14
1521,375,11.696588,71961,18.148156476,18.151000000,2.843524,1,11.696588,5.000000,14
1522,375,13.215919,71961,18.162989135,18.166000000,3.010865,1,13.215919,5.000000,14
1523,375,15.876030,71961,18.176113530,18.179000000,2.886470,1,15.876030,5.000000,14
1524,375,22.050777,71961,18.191123530,18.194000000,2.876470,1,22.050777,5.000000,14
1526,375,18.151133,71961,18.206043605,18.212000000,5.956395,0,1392.803497,5.000000,14
1527,375,18.442749,71961,18.221503684,18.224500000,2.996316,1,18.442749,5.000000,14
1528,375,22.687436,71961,18.238562747,18.241500000,2.937253,1,22.687436,5.000000,14
1529,375,23.026552,71961,18.251914998,18.254500000,2.585002,1,23.026552,5.000000,14
1530,375,25.909788,71961,18.267302162,18.270000000,2.697838,1,25.909788,5.000000,14
1531,375,32.321945,71961,18.280104667,18.283000000,2.895333,1,32.321945,5.000000,14
1532,375,36.830567,71961,18.297427035,18.300000000,2.572965,1,36.830567,5.000000,14
1533,375,45.041424,71961,18.310708912,18.313500000,2.791088,1,45.041424,5.000000,14
1534,375,46.892038,71961,18.323999877,18.327000000,3.000123,1,46.892038,5.000000,14
1535,375,51.574042,71961,18.338570226,18.341500000,2.929774,1,51.574042,5.000000,14
1536,375,56.591535,71961,18.351992953,18.355000000,3.007047,1,56.591535,5.000000,14
1537,375,53.020368,71961,18.365469049,18.368500000,3.030951,1,53.020368,5.000000,14
1538,375,64.946864,71961,18.379493008,18.382500000,3.006992,1,64.946864,5.000000,14
1539,375,64.631904,71961,18.392904388,18.395500000,2.595612,1,64.631904,5.000000,14
1540,375,70.498152,71961,18.405960031,18.411500000,5.539969,0,1392.803497,5.000000,14
1541,375,65.252509,71961,18.419784413,18.422500000,2.715587,1,65.252509,5.000000,14
1542,375,67.245629,71961,18.434793977,18.437500000,2.706023,1,67.245629,5.000000,14
1543,375,70.861897,71961,18.447462641,18.450500000,3.037359,1,70.861897,5.000000,14
1544,375,71.626919,71961,18.463006468,18.466000000,2.993532,1,71.626919,5.000000,14
1545,375,67.955548,71961,18.481351982,18.484000000,2.648018,1,67.955548,5.000000,14
1546,375,59.505299,71961,18.494873590,18.497500000,2.626410,1,59.505299,5.000000,14
1547,375,53.031090,71961,18.509185703,18.515000000,5.814297,0,1392.803497,5.000000,14
1548,375,48.250520,71961,18.523762117,18.526500000,2.737883,1,48.250520,5.000000,14
1549,375,44.550070,71961,18.536551235,18.539500000,2.948765,1,44.550070,5.000000,14
1550,375,27.765328,71961,18.551141366,18.554000000,2.858634,1,27.765328,5.000000,14
1553,375,19.186605,71961,18.563942275,18.566500000,2.557725,1,19.186605,5.000000,14
1555,375,25.981989,71961,18.577118059,18.580000000,2.881941,1,25.981989,5.000000,14
1558,375,33.161023,71961,18.591705076,18.594500000,2.794924,1,33.161023,5.000000,14
1559,375,42.734394,71961,18.604610162,18.610500000,5.889838,0,1392.803497,5.000000,14
1560,375,47.346348,71961,18.618207648,18.621000000,2.792352,1,47.346348,5.000000,14
1561,375,38.434035,71961,18.633338170,18.636000000,2.661830,1,38.434035,5.000000,14
1564,375,47.583586,71961,18.646718785,18.649500000,2.781215,1,47.583586,5.000000,14
1565,375,62.559870,71961,18.661815855,18.664500000,2.684145,1,62.559870,5.000000,14
1566,375,78.994510,71961,18.676998060,18.680000000,3.001940,1,78.994510,5.000000,14
1567,375,88.626065,71961,18.691631618,18.694500000,2.868382,1,88.626065,5.000000,14
1568,375,93.823976,71961,18.704513833,18.707500000,2.986167,1,93.823976,5.000000,14
1569,375,94.594916,71961,18.719152161,18.722500000,3.347839,1,94.594916,5.000000,14
1570,375,91.607506,71961,18.731964456,18.735000000,3.035544,1,91.607506,5.000000,14
1571,375,95.931918,71961,18.745327825,18.748000000,2.672175,1,95.931918,5.000000,14
1572,375,84.176895,71961,18.760195534,18.763000000,2.804466,1,84.176895,5.000000,14
1573,375,62.682736,71961,18.775710894,18.778500000,2.789106,1,62.682736,5.000000,14
1574,375,44.858604,71961,18.790171743,18.793000000,2.828257,1,44.858604,5.000000,14
1577,375,46.237379,71961,18.806156671,18.812000000,5.843329,0,1392.803497,5.000000,14
1578,375,58.970010,71961,18.819390750,18.822000000,2.609250,1,58.970010,5.000000,14
1579,375,64.237408,71961,18.834065354,18.837000000,2.934646,1,64.237408,5.000000,14
1580,375,57.679576,71961,18.846830304,18.850000000,3.169696,1,57.679576,5.000000,14
1581,375,44.751438,71961,18.859982181,18.863000000,3.017819,1,44.751438,5.000000,14
1583,375,44.383067,71961,18.873382592,18.876000000,2.617408,1,44.383067,5.000000,14
1584,375,59.776693,71961,18.887627944,18.890500000,2.872056,1,59.776693,5.000000,14
1585,375,74.270496,71961,18.901220222,18.910500000,9.279778,0,1392.803497,5.000000,14
1586,375,71.889510,71961,18.914855331,18.917500000,2.644669,1,71.889510,5.000000,14
1587,375,66.017882,71961,18.928362037,18.931000000,2.637963,1,66.017882,5.000000,14
1588,375,58.344610,71961,18.942102699,18.945000000,2.897301,1,58.344610,5.000000,14
1589,375,38.526707,71961,18.956794786,18.959500000,2.705214,1,38.526707,5.000000,14
1591,375,39.091965,71961,18.971758376,18.974500000,2.741624,1,39.091965,5.000000,14
1592,375,64.482034,71961,18.985552939,18.988500000,2.947061,1,64.482034,5.000000,14
1593,375,80.427743,71961,18.999318125,19.004500000,5.181875,0,1392.803497,5.000000,14
1594,375,90.180470,71961,19.012729065,19.015500000,2.770935,1,90.180470,5.000000,14
1595,375,96.660988,71961,19.026553088,19.029500000,2.946912,1,96.660988,5.000000,14
1596,375,107.616173,71961,19.040802858,19.043500000,2.697142,1,107.616173,5.000000,14
1597,375,111.279791,71961,19.056012520,19.059000000,2.987480,1,111.279791,5.000000,14
1598,375,119.145335,71961,19.071142550,19.074000000,2.857450,1,119.145335,5.000000,14
1599,375,121.241092,71961,19.084448190,19.087000000,2.551810,1,121.241092,5.000000,14
1600,375,123.075558,71961,19.098266055,19.101000000,2.733945,1,123.075558,5.000000,14
1601,375,132.543079,71961,19.113163246,19.119000000,5.836754,0,1392.803497,5.000000,14
1602,375,136.488097,71961,19.127305392,19.130000000,2.694608,1,136.488097,5.000000,14
1603,375,139.232746,71961,19.142777759,19.146000000,3.222241,1,139.232746,5.000000,14
1604,375,139.861473,71961,19.157180093,19.160000000,2.819907,1,139.861473,5.000000,14
1605,375,129.908540,71961,19.169848549,19.172500000,2.651451,1,129.908540,5.000000,14
1606,375,123.547831,71961,19.185446278,19.188500000,3.053722,1,123.547831,5.000000,14
1607,375,121.099521,71961,19.198511516,19.204500000,5.988484,0,1392.803497,5.000000,14
1608,375,107.804339,71961,19.213359406,19.216000000,2.640594,1,107.804339,5.000000,14
1609,375,92.924698,71961,19.226770644,19.229500000,2.729356,1,92.924698,5.000000,14
1610,375,57.194382,71961,19.239523911,19.242500000,2.976089,1,57.194382,5.000000,14
1612,375,53.512835,71961,19.254328515,19.257000000,2.671485,1,53.512835,5.000000,14
1613,375,81.472270,71961,19.267222847,19.270000000,2.777153,1,81.472270,5.000000,14
1614,375,81.270267,71961,19.282543078,19.285500000,2.956922,1,81.270267,5.000000,14
1615,375,66.016660,71961,19.295340890,19.298000000,2.659110,1,66.016660,5.000000,14
1617,375,72.498486,71961,19.311551749,19.314500000,2.948251,1,72.498486,5.000000,14
1618,375,112.382367,71961,19.324966518,19.328000000,3.033482,1,112.382367,5.000000,14
1619,375,133.402713,71961,19.339712412,19.342500000,2.787588,1,133.402713,5.000000,14
1620,375,135.278030,71961,19.354814222,19.357500000,2.685778,1,135.278030,5.000000,14
1621,375,131.506993,71961,19.367826763,19.370500000,2.673237,1,131.506993,5.000000,14
1622,375,110.119702,71961,19.386369559,19.389000000,2.630441,1,110.119702,5.000000,14
1623,375,62.561013,71961,19.400829077,19.404000000,3.170923,1,62.561013,5.000000,14
1625,375,57.740574,71961,19.415465030,19.418500000,3.034970,1,57.740574,5.000000,14
1626,375,103.621382,71961,19.431669961,19.435000000,3.330039,1,103.621382,5.000000,14
1627,375,122.175375,71961,19.445544500,19.449000000,3.455500,1,122.175375,5.000000,14
1628,375,122.084059,71961,19.460150511,19.463000000,2.849489,1,122.084059,5.000000,14
1629,375,116.558901,71961,19.474024655,19.477000000,2.975345,1,116.558901,5.000000,14
1630,375,91.751580,71961,19.486861089,19.490000000,3.138911,1,91.751580,5.000000,14
1631,375,51.334860,71961,19.500815552,19.504000000,3.184448,1,51.334860,5.000000,14
1633,375,52.527744,71961,19.515007941,19.518000000,2.992059,1,52.527744,5.000000,15
1634,375,90.615481,71961,19.529893842,19.532500000,2.606158,1,90.615481,5.000000,15
1635,375,115.858842,71961,19.544019224,19.547000000,2.980776,1,115.858842,5.000000,15
1636,375,127.443700,71961,19.559466993,19.562500000,3.033007,1,127.443700,5.000000,15
1637,375,132.355963,71961,19.576160534,19.579000000,2.839466,1,132.355963,5.000000,15
1638,375,132.227537,71961,19.590963378,19.594000000,3.036622,1,132.227537,5.000000,15
1639,375,115.431161,71961,19.604565918,19.607500000,2.934082,1,115.431161,5.000000,14
1640,375,88.827380,71961,19.619874373,19.622500000,2.625627,1,88.827380,5.000000,15
1641,375,54.990678,71961,19.632856585,19.635500000,2.643415,1,54.990678,5.000000,15
1643,375,43.734357,71961,19.646823073,19.649500000,2.676927,1,43.734357,5.000000,15
1644,375,68.071164,71961,19.661805938,19.664500000,2.694062,1,68.071164,5.000000,15
1645,375,67.903375,71961,19.675172069,19.678500000,3.327931,1,67.903375,5.000000,15
1646,375,43.774199,71961,19.689541011,19.692500000,2.958989,1,43.774199,5.000000,15
1648,375,41.570479,71961,19.703089155,19.706000000,2.910845,1,41.570479,5.000000,15
1649,375,53.153711,71961,19.716459331,19.719500000,3.040669,1,53.153711,5.000000,15
1650,375,38.892981,71961,19.730709143,19.733500000,2.790857,1,38.892981,5.000000,15
1652,375,38.103902,71961,19.744336168,19.747000000,2.663832,1,38.103902,5.000000,15
1653,375,56.782339,71961,19.758878462,19.761500000,2.621538,1,56.782339,5.000000,15
1654,375,52.356237,71961,19.773393070,19.776000000,2.606930,1,52.356237,5.000000,15
1655,375,35.848179,71961,19.786437252,19.789000000,2.562748,1,35.848179,5.000000,15
1658,375,57.025280,71961,19.814252530,19.918500000,104.247470,0,1392.803497,5.000000,14
1659,375,71.041753,71961,19.828006971,19.918500000,90.493029,0,1392.803497,5.000000,14
1660,375,76.210412,71961,19.840842192,19.918500000,77.657808,0,1392.803497,5.000000,14
1661,375,72.583758,71961,19.856588227,19.918500000,61.911773,0,1392.803497,5.000000,14
1662,375,62.895554,71961,19.872091884,19.918500000,46.408116,0,1392.803497,5.000000,14
1663,375,53.899442,71961,19.887162013,19.918500000,31.337987,0,1392.803497,5.000000,14
1664,375,32.489349,71961,19.903182496,19.918500000,15.317504,0,1392.803497,5.000000,14
1666,375,16.341354,71961,19.916226464,19.919000000,2.773536,1,16.341354,5.000000,14
1668,375,26.337718,71961,19.931094521,19.934000000,2.905479,1,26.337718,5.000000,14
1669,375,43.639669,71961,19.945195604,19.948000000,2.804396,1,43.639669,5.000000,14
1670,375,46.999063,71961,19.959369683,19.962000000,2.630317,1,46.999063,5.000000,14
1671,375,46.817083,71961,19.975243348,19.978000000,2.756652,1,46.817083,5.000000,14
1672,375,44.809605,71961,19.988961619,19.992000000,3.038381,1,44.809605,5.000000,14
1673,375,24.566033,71961,20.002159490,20.005000000,2.840510,1,24.566033,5.000000,14
1675,375,24.737938,71961,20.015607154,20.018500000,2.892846,1,24.737938,5.000000,14
1676,375,22.960112,71961,20.028360719,20.031000000,2.639281,1,22.960112,5.000000,14
1678,375,27.288714,71961,20.042506531,20.045500000,2.993469,1,27.288714,5.000000,14
1679,375,52.319145,71961,20.055414733,20.058000000,2.585267,1,52.319145,5.000000,14
1680,375,64.095581,71961,20.068861939,20.071500000,2.638061,1,64.095581,5.000000,14
1681,375,82.988831,71961,20.083781388,20.086500000,2.718612,1,82.988831,5.000000,14
1682,375,88.445259,71961,20.096911122,20.099500000,2.588878,1,88.445259,5.000000,14
1683,375,101.125168,71961,20.113087107,20.116000000,2.912893,1,101.125168,5.000000,14
1684,375,102.696809,71961,20.127570042,20.130500000,2.929958,1,102.696809,5.000000,14
1685,375,111.975092,71961,20.142409569,20.145000000,2.590431,1,111.975092,5.000000,14
1686,375,110.053938,71961,20.155523501,20.158500000,2.976499,1,110.053938,5.000000,14
1687,375,111.173595,71961,20.170393541,20.173000000,2.606459,1,111.173595,5.000000,14
1688,375,109.154102,71961,20.183399307,20.186000000,2.600693,1,109.154102,5.000000,14
1689,375,103.063197,71961,20.196378668,20.199000000,2.621332,1,103.063197,5.000000,14
1690,375,92.777803,71961,20.211979166,20.217000000,5.020834,0,1392.803497,5.000000,14
1691,375,77.608724,71961,20.227677968,20.230500000,2.822032,1,77.608724,5.000000,14
1692,375,60.225679,71961,20.242301414,20.245000000,2.698586,1,60.225679,5.000000,14
1693,375,40.094356,71961,20.258643698,20.261500000,2.856302,1,40.094356,5.000000,14
1695,375,27.422556,71961,20.272696318,20.275500000,2.803682,1,27.422556,5.000000,14
1696,375,30.836704,71961,20.285544798,20.288500000,2.955202,1,30.836704,5.000000,14
1698,375,31.047968,71961,20.298924480,20.301500000,2.575520,1,31.047968,5.000000,14
1699,375,43.691291,71961,20.312871556,20.315500000,2.628444,1,43.691291,5.000000,14
1700,375,42.179902,71961,20.326687104,20.329500000,2.812896,1,42.179902,5.000000,14
1701,375,40.591365,71961,20.339534874,20.342500000,2.965126,1,40.591365,5.000000,14
1702,375,28.798501,71961,20.355534723,20.358500000,2.965277,1,28.798501,5.000000,14
1704,375,39.051582,71961,20.368601921,20.371500000,2.898079,1,39.051582,5.000000,14
1705,375,65.676536,71961,20.382023780,20.385000000,2.976220,1,65.676536,5.000000,14
1706,375,92.369676,71961,20.394769405,20.398000000,3.230595,1,92.369676,5.000000,14
1707,375,119.433161,71961,20.408293682,20.411500000,3.206318,1,119.433161,5.000000,15
1708,375,159.434523,71961,20.421951268,20.424500000,2.548732,1,159.434523,5.000000,15
1709,375,198.539942,71961,20.434638102,20.437500000,2.861898,1,198.539942,5.000000,15
1710,375,247.767369,71961,20.449687897,20.452500000,2.812103,1,247.767369,5.000000,15
1711,375,272.592542,71961,20.465169051,20.468000000,2.830949,1,272.592542,5.000000,15
1712,375,221.699325,71961,20.478574214,20.481500000,2.925786,1,221.699325,5.000000,15
1713,375,136.074784,71961,20.493223595,20.496000000,2.776405,1,136.074784,5.000000,15
1715,375,113.016584,71961,20.507674677,20.513500000,5.825323,0,1392.803497,5.000000,15
1716,375,152.562709,71961,20.520585164,20.523500000,2.914836,1,152.562709,5.000000,15
1717,375,175.933464,71961,20.534660696,20.537500000,2.839304,1,175.933464,5.000000,15
1718,375,192.722014,71961,20.548336253,20.551000000,2.663747,1,192.722014,5.000000,15
1719,375,203.766026,71961,20.563508689,20.566500000,2.991311,1,203.766026,5.000000,15
1720,375,210.299864,71961,20.577362905,20.580000000,2.637095,1,210.299864,5.000000,15
1721,375,214.455032,71961,20.593549192,20.596500000,2.950808,1,214.455032,5.000000,15
1722,375,207.021309,71961,20.607674435,20.613000000,5.325565,0,1392.803497,5.000000,15
1723,375,196.995805,71961,20.622006403,20.625000000,2.993597,1,196.995805,5.000000,15
1724,375,170.529507,71961,20.636121176,20.639000000,2.878824,1,170.529507,5.000000,15
1725,375,153.044155,71961,20.650135321,20.655500000,5.364679,0,1392.803497,5.000000,15
1726,375,133.271195,71961,20.665741368,20.668500000,2.758632,1,133.271195,5.000000,15
1727,375,115.279268,71961,20.680745434,20.683500000,2.754566,1,115.279268,5.000000,15
1728,375,97.610613,71961,20.694343211,20.697000000,2.656789,1,97.610613,5.000000,15
1729,375,70.770956,71961,20.710931108,20.716500000,5.568892,0,1392.803497,5.000000,15
1731,375,45.174287,71961,20.725798479,20.729000000,3.201521,1,45.174287,5.000000,15
1733,375,64.468544,71961,20.738771568,20.742000000,3.228432,1,64.468544,5.000000,15
1734,375,79.266264,71961,20.751810029,20.754500000,2.689971,1,79.266264,5.000000,15
1735,375,75.891620,71961,20.764636082,20.767500000,2.863918,1,75.891620,5.000000,15
1736,375,46.106654,71961,20.777746958,20.780500000,2.753042,1,46.106654,5.000000,15
1738,375,32.221750,71961,20.792645731,20.796000000,3.354269,1,32.221750,5.000000,15
1739,375,42.263544,71961,20.806715639,20.809500000,2.784361,1,42.263544,5.000000,14
1740,375,29.777252,71961,20.819575949,20.822500000,2.924051,1,29.777252,5.000000,15
1742,375,22.130878,71961,20.833233857,20.836000000,2.766143,1,22.130878,5.000000,15
1743,375,25.288884,71961,20.846596937,20.849500000,2.903063,1,25.288884,5.000000,15
1745,375,26.780108,71961,20.859972109,20.863000000,3.027891,1,26.780108,5.000000,15
1746,375,34.635366,71961,20.873647408,20.876500000,2.852592,1,34.635366,5.000000,15
1747,375,37.737372,71961,20.888536027,20.891500000,2.963973,1,37.737372,5.000000,15
1748,375,31.057912,71961,20.903017587,20.914500000,11.482413,0,1392.803497,5.000000,15
1750,375,26.516992,71961,20.917845147,20.920500000,2.654853,1,26.516992,5.000000,15
1751,375,35.885908,71961,20.932686828,20.935500000,2.813172,1,35.885908,5.000000,15
1752,375,33.297163,71961,20.947972773,20.951000000,3.027227,1,33.297163,5.000000,15
1753,375,30.928629,71961,20.964078274,20.967000000,2.921726,1,30.928629,5.000000,15
1754,375,25.940371,71961,20.980436078,20.983000000,2.563922,1,25.940371,5.000000,15
1755,375,13.732288,71961,20.993597269,20.996500000,2.902731,1,13.732288,5.000000,15
1757,375,13.323489,71961,21.006720666,21.009500000,2.779334,1,13.323489,5.000000,14
1758,375,18.331344,71961,21.019391614,21.022000000,2.608386,1,18.331344,5.000000,14
1759,375,14.063253,71961,21.032571122,21.036000000,3.428878,1,14.063253,5.000000,14
1761,375,12.169541,71961,21.046538052,21.049500000,2.961948,1,12.169541,5.000000,14
1762,375,11.060827,71961,21.059792167,21.065500000,5.707833,0,1392.803497,5.000000,14
1764,375,11.923987,71961,21.073123435,21.076000000,2.876565,1,11.923987,5.000000,14
1765,375,16.345322,71961,21.087279441,21.090000000,2.720559,1,16.345322,5.000000,14
1766,375,20.882475,71961,21.100490356,21.103500000,3.009644,1,20.882475,5.000000,14
1767,375,19.076676,71961,21.115012115,21.118000000,2.987885,1,19.076676,5.000000,14
1768,375,16.240594,71961,21.128882610,21.131500000,2.617390,1,16.240594,5.000000,14
1769,375,10.386644,71961,21.143230478,21.146000000,2.769522,1,10.386644,5.000000,14
1771,375,9.823696,71961,21.156075903,21.159000000,2.924097,1,9.823696,5.000000,14
1772,375,16.074298,71961,21.168834224,21.171500000,2.665776,1,16.074298,5.000000,14
1773,375,20.246960,71961,21.181909468,21.184500000,2.590532,1,20.246960,5.000000,14
1774,375,26.216917,71961,21.195979325,21.199000000,3.020675,1,26.216917,5.000000,14
1775,375,29.089368,71961,21.210525773,21.216500000,5.974227,0,1392.803497,5.000000,14
1776,375,28.358929,71961,21.223811218,21.226500000,2.688782,1,28.358929,5.000000,14
1777,375,28.084821,71961,21.237847744,21.240500000,2.652256,1,28.084821,5.000000,14
1778,375,31.788322,71961,21.252055966,21.255000000,2.944034,1,31.788322,5.000000,14
1779,375,33.750445,71961,21.264878425,21.267500000,2.621575,1,33.750445,5.000000,14
1780,375,33.177627,71961,21.278544795,21.281500000,2.955205,1,33.177627,5.000000,14
1781,375,33.514453,71961,21.293991682,21.297000000,3.008318,1,33.514453,5.000000,14
1783,375,33.678577,71961,21.320742907,21.395500000,74.757093,0,1392.803497,5.000000,14
1784,375,35.030994,71961,21.334286988,21.395500000,61.213012,0,1392.803497,5.000000,14
1785,375,34.473338,71961,21.348975043,21.395500000,46.524957,0,1392.803497,5.000000,14
1786,375,31.877280,71961,21.362894142,21.395500000,32.605858,0,1392.803497,5.000000,14
1787,375,31.645878,71961,21.376203198,21.395500000,19.296802,0,1392.803497,5.000000,14
1788,375,32.749761,71961,21.393096912,21.396000000,2.903088,1,32.749761,5.000000,14
1789,375,27.029669,71961,21.407915088,21.413000000,5.084912,0,1392.803497,5.000000,14
1790,375,20.197290,71961,21.422832679,21.425500000,2.667321,1,20.197290,5.000000,14
1792,375,20.782508,71961,21.436092692,21.439000000,2.907308,1,20.782508,5.000000,14
1793,375,30.555771,71961,21.451057734,21.454000000,2.942266,1,30.555771,5.000000,14
1794,375,34.950639,71961,21.465751038,21.468500000,2.748962,1,34.950639,5.000000,14
1795,375,39.652647,71961,21.479501287,21.482500000,2.998713,1,39.652647,5.000000,14
1796,375,42.897352,71961,21.494780296,21.497500000,2.719704,1,42.897352,5.000000,14
1797,375,45.792625,71961,21.508009030,21.513500000,5.490970,0,1392.803497,5.000000,14
1798,375,43.032971,71961,21.522773381,21.525500000,2.726619,1,43.032971,5.000000,14
1799,375,45.181708,71961,21.536432095,21.539000000,2.567905,1,45.181708,5.000000,14
1800,375,40.366900,71961,21.549591872,21.552500000,2.908128,1,40.366900,5.000000,14
1801,375,40.040222,71961,21.562969409,21.566000000,3.030591,1,40.040222,5.000000,14
1802,375,44.239435,71961,21.578744216,21.581500000,2.755784,1,44.239435,5.000000,14
1803,375,41.243683,71961,21.592403490,21.595000000,2.596510,1,41.243683,5.000000,14
1804,375,43.245040,71961,21.606208855,21.612000000,5.791145,0,1392.803497,5.000000,14
1805,375,31.906726,71961,21.619536495,21.622500000,2.963505,1,31.906726,5.000000,14
1806,375,20.864351,71961,21.632346903,21.637500000,5.153097,0,1392.803497,5.000000,14
1808,375,18.541742,71961,21.647988614,21.651000000,3.011386,1,18.541742,5.000000,14
1809,375,25.825471,71961,21.662131771,21.665000000,2.868229,1,25.825471,5.000000,14
1810,375,23.135246,71961,21.675822332,21.678500000,2.677668,1,23.135246,5.000000,14
1811,375,14.860021,71961,21.689058635,21.692000000,2.941365,1,14.860021,5.000000,14
1815,375,14.136774,71961,21.703485460,21.712500000,9.014540,0,1392.803497,5.000000,14
1816,375,23.251491,71961,21.716189463,21.719000000,2.810537,1,23.251491,5.000000,14
1817,375,22.808287,71961,21.728882673,21.734500000,5.617327,0,1392.803497,5.000000,14
1818,375,22.499046,71961,21.743408614,21.746000000,2.591386,1,22.499046,5.000000,14
1819,375,13.634923,71961,21.756274371,21.759000000,2.725629,1,13.634923,5.000000,14
1821,375,15.883611,71961,21.771052567,21.774000000,2.947433,1,15.883611,5.000000,14
1822,375,24.192116,71961,21.784354132,21.787000000,2.645868,1,24.192116,5.000000,14
1823,375,27.432070,71961,21.798869006,21.804500000,5.630994,0,1392.803497,5.000000,14
1824,375,32.179143,71961,21.811976737,21.815000000,3.023263,1,32.179143,5.000000,14
1825,375,33.002422,71961,21.826663861,21.829500000,2.836139,1,33.002422,5.000000,14
1826,375,32.153561,71961,21.840541887,21.843500000,2.958113,1,32.153561,5.000000,14
1827,375,32.388270,71961,21.855796861,21.858500000,2.703139,1,32.388270,5.000000,14
1828,375,30.029752,71961,21.871937158,21.874500000,2.562842,1,30.029752,5.000000,14
1829,375,30.014540,71961,21.886645527,21.889500000,2.854473,1,30.014540,5.000000,14
1830,375,26.710983,71961,21.903377342,21.909000000,5.622658,0,1392.803497,5.000000,14
1831,375,22.767592,71961,21.916605523,21.919500000,2.894477,1,22.767592,5.000000,14
1832,375,12.789990,71961,21.932773847,21.935500000,2.726153,1,12.789990,5.000000,14
1834,375,14.158985,71961,21.946313340,21.949000000,2.686660,1,14.158985,5.000000,14
1835,375,23.004749,71961,21.960402007,21.963000000,2.597993,1,23.004749,5.000000,14
1836,375,26.997209,71961,21.975224248,21.978000000,2.775752,1,26.997209,5.000000,14
1837,375,27.624616,71961,21.988428848,21.991000000,2.571152,1,27.624616,5.000000,14
1838,375,32.809991,71961,22.002275094,22.012500000,10.224906,0,1392.803497,5.000000,14
1839,375,34.142950,71961,22.018839537,22.021500000,2.660463,1,34.142950,5.000000,14
1840,375,34.177195,71961,22.032332791,22.035000000,2.667209,1,34.177195,5.000000,14
1841,375,35.102833,71961,22.046629122,22.049500000,2.870878,1,35.102833,5.000000,14
1842,375,33.336912,71961,22.061812592,22.064500000,2.687408,1,33.336912,5.000000,14
1843,375,31.184512,71961,22.075363069,22.078000000,2.636931,1,31.184512,5.000000,14
1844,375,29.951097,71961,22.088343491,22.091000000,2.656509,1,29.951097,5.000000,14
1845,375,24.884817,71961,22.102706605,22.105500000,2.793395,1,24.884817,5.000000,14
1846,375,15.092703,71961,22.116181054,22.119000000,2.818946,1,15.092703,5.000000,14
1848,375,10.163595,71961,22.131674004,22.134500000,2.825996,1,10.163595,5.000000,14
1850,375,16.372322,71961,22.146547461,22.149500000,2.952539,1,16.372322,5.000000,14
1851,375,25.999545,71961,22.159846999,22.162500000,2.653001,1,25.999545,5.000000,14
1852,375,32.859713,71961,22.175059599,22.178000000,2.940401,1,32.859713,5.000000,14
1853,375,38.278144,71961,22.188754653,22.191500000,2.745347,1,38.278144,5.000000,14
1854,375,38.290769,71961,22.203692766,22.209500000,5.807234,0,1392.803497,5.000000,14
1855,375,41.528883,71961,22.217349278,22.220000000,2.650722,1,41.528883,5.000000,14
1856,375,42.536109,71961,22.231025706,22.234000000,2.974294,1,42.536109,5.000000,14
1857,375,40.691008,71961,22.246462218,22.249500000,3.037782,1,40.691008,5.000000,14
1858,375,41.469592,71961,22.259640212,22.262500000,2.859788,1,41.469592,5.000000,14
1859,375,41.809238,71961,22.274445614,22.277000000,2.554386,1,41.809238,5.000000,14
1860,375,42.970123,71961,22.289531296,22.292500000,2.968704,1,42.970123,5.000000,14
1861,375,41.224587,71961,22.306001667,22.312000000,5.998333,0,1392.803497,5.000000,14
1862,375,39.871089,71961,22.318804170,22.321500000,2.695830,1,39.871089,5.000000,14
1863,375,40.909121,71961,22.331983582,22.335000000,3.016418,1,40.909121,5.000000,14
1864,375,38.216021,71961,22.345051109,22.348000000,2.948891,1,38.216021,5.000000,14
1865,375,36.337845,71961,22.358097925,22.361000000,2.902075,1,36.337845,5.000000,14
1866,375,30.809046,71961,22.371183922,22.374000000,2.816078,1,30.809046,5.000000,14
1867,375,24.814423,71961,22.385309511,22.388500000,3.190489,1,24.814423,5.000000,14
1868,375,14.855912,71961,22.398880123,22.402000000,3.119877,1,14.855912,5.000000,14
1870,375,9.260241,71961,22.411919381,22.414500000,2.580619,1,9.260241,5.000000,15
1872,375,14.563569,71961,22.424918531,22.427500000,2.581469,1,14.563569,5.000000,15
1873,375,24.181201,71961,22.440324522,22.443000000,2.675478,1,24.181201,5.000000,15
1874,375,34.343971,71961,22.456191049,22.459000000,2.808951,1,34.343971,5.000000,15
1875,375,37.683525,71961,22.473061295,22.476000000,2.938705,1,37.683525,5.000000,15
1876,375,37.025701,71961,22.489222029,22.492000000,2.777971,1,37.025701,5.000000,15
1877,375,34.462076,71961,22.504672103,22.510500000,5.827897,0,1392.803497,5.000000,15
1878,375,35.797573,71961,22.517508254,22.520500000,2.991746,1,35.797573,5.000000,15
1879,375,35.730118,71961,22.530918480,22.533500000,2.581520,1,35.730118,5.000000,15
1880,375,50.622188,71961,22.543805808,22.546500000,2.694192,1,50.622188,5.000000,15
1881,375,50.512733,71961,22.559180094,22.562000000,2.819906,1,50.512733,5.000000,15
1882,375,46.694910,71961,22.574471636,22.577500000,3.028364,1,46.694910,5.000000,15
1883,375,39.376143,71961,22.588796419,22.591500000,2.703581,1,39.376143,5.000000,15
1884,375,22.883267,71961,22.601471519,22.604500000,3.028481,1,22.883267,5.000000,15
1886,375,20.792742,71961,22.617488284,22.620500000,3.011716,1,20.792742,5.000000,15
1887,375,29.541595,71961,22.631779983,22.634500000,2.720017,1,29.541595,5.000000,15
1888,375,33.670383,71961,22.645723966,22.648500000,2.776034,1,33.670383,5.000000,15
1889,375,37.396530,71961,22.658569841,22.661500000,2.930159,1,37.396530,5.000000,15
1890,375,41.814378,71961,22.672156326,22.675000000,2.843674,1,41.814378,5.000000,15
1891,375,43.221430,71961,22.685662569,22.688500000,2.837431,1,43.221430,5.000000,15
1892,375,50.154400,71961,22.700010848,22.706000000,5.989152,0,1392.803497,5.000000,15
1893,375,67.554160,71961,22.715321623,22.718000000,2.678377,1,67.554160,5.000000,14
1894,375,107.885271,71961,22.729970581,22.733000000,3.029419,1,107.885271,5.000000,14
1895,375,158.555281,71961,22.743531672,22.746500000,2.968328,1,158.555281,5.000000,14
1896,375,146.681994,71961,22.758708209,22.764000000,5.291791,0,1392.803497,5.000000,14
1897,375,140.688570,71961,22.771739121,22.774500000,2.760879,1,140.688570,5.000000,14
1898,375,129.006042,71961,22.787665691,22.790500000,2.834309,1,129.006042,5.000000,14
1899,375,114.118809,71961,22.801140065,22.810500000,9.359935,0,1392.803497,5.000000,14
1900,375,92.084949,71961,22.813926690,22.816500000,2.573310,1,92.084949,5.000000,14
1901,375,75.998965,71961,22.827418850,22.830000000,2.581150,1,75.998965,5.000000,14
1902,375,51.688278,71961,22.842331817,22.845000000,2.668183,1,51.688278,5.000000,14
1903,375,26.308724,71961,22.855122065,22.858000000,2.877935,1,26.308724,5.000000,14
1905,375,25.029428,71961,22.870525756,22.873500000,2.974244,1,25.029428,5.000000,14
1906,375,51.738212,71961,22.885033137,22.888000000,2.966863,1,51.738212,5.000000,14
1907,375,84.012321,71961,22.900544487,22.906500000,5.955513,0,1392.803497,5.000000,14
1908,375,112.316681,71961,22.913945850,22.916500000,2.554150,1,112.316681,5.000000,14
1909,375,136.402436,71961,22.926891824,22.929500000,2.608176,1,136.402436,5.000000,14
1910,375,150.107041,71961,22.940719256,22.943500000,2.780744,1,150.107041,5.000000,14
1911,375,168.513721,71961,22.957832355,22.960500000,2.667645,1,168.513721,5.000000,14
1912,375,176.976455,71961,22.973934183,22.976500000,2.565817,1,176.976455,5.000000,14
1913,375,195.536018,71961,22.989134253,22.992000000,2.865747,1,195.536018,5.000000,14
1914,375,206.690930,71961,23.002612386,23.008500000,5.887614,0,1392.803497,5.000000,14
1915,375,207.256152,71961,23.015903020,23.018500000,2.596980,1,207.256152,5.000000,14
1916,375,201.576232,71961,23.029527628,23.032500000,2.972372,1,201.576232,5.000000,14
1917,375,201.559286,71961,23.046203040,23.049500000,3.296960,1,201.559286,5.000000,14
1918,375,207.883333,71961,23.060894088,23.063500000,2.605912,1,207.883333,5.000000,14
1919,375,201.775566,71961,23.074449637,23.077000000,2.550363,1,201.775566,5.000000,14
1920,375,187.025351,71961,23.088509763,23.091500000,2.990237,1,187.025351,5.000000,14
1921,375,181.584722,71961,23.103844035,23.106500000,2.655965,1,181.584722,5.000000,14
1922,375,167.597872,71961,23.118129230,23.121000000,2.870770,1,167.597872,5.000000,14
1923,375,153.004734,71961,23.131565257,23.134500000,2.934743,1,153.004734,5.000000,14
1924,375,130.291089,71961,23.144654455,23.147500000,2.845545,1,130.291089,5.000000,14
1925,375,101.621580,71961,23.158223394,23.161000000,2.776606,1,101.621580,5.000000,14
1926,375,46.503994,71961,23.171725644,23.174500000,2.774356,1,46.503994,5.000000,14
1928,375,60.629220,71961,23.186378104,23.189000000,2.621896,1,60.629220,5.000000,14
1929,375,109.438843,71961,23.201340105,23.204000000,2.659895,1,109.438843,5.000000,14
1930,375,160.179820,71961,23.214694905,23.217500000,2.805095,1,160.179820,5.000000,14
1931,375,194.203338,71961,23.230210595,23.233500000,3.289405,1,194.203338,5.000000,14
1932,375,198.610651,71961,23.243585589,23.246500000,2.914411,1,198.610651,5.000000,14
1933,375,186.165306,71961,23.257655869,23.260500000,2.844131,1,186.165306,5.000000,14
1934,375,165.600319,71961,23.270642417,23.273500000,2.857583,1,165.600319,5.000000,14
1935,375,139.434782,71961,23.284220208,23.287000000,2.779792,1,139.434782,5.000000,14
1936,375,100.210914,71961,23.296987063,23.300000000,3.012937,1,100.210914,5.000000,14
1937,375,51.575220,71961,23.311040894,23.314000000,2.959106,1,51.575220,5.000000,14
1939,375,46.203765,71961,23.326702897,23.329500000,2.797103,1,46.203765,5.000000,15
1940,375,86.027023,71961,23.339987581,23.343000000,3.012419,1,86.027023,5.000000,15
1941,375,92.976505,71961,23.353484244,23.356500000,3.015756,1,92.976505,5.000000,15
1942,375,84.110378,71961,23.368156221,23.371000000,2.843779,1,84.110378,5.000000,15
1943,375,65.392648,71961,23.382202259,23.385000000,2.797741,1,65.392648,5.000000,15
1944,375,27.771760,71961,23.395304239,23.398000000,2.695761,1,27.771760,5.000000,15
1946,375,37.215417,71961,23.410643795,23.416000000,5.356205,0,1392.803497,5.000000,15
1947,375,66.453690,71961,23.424090352,23.427000000,2.909648,1,66.453690,5.000000,15
1948,375,85.705258,71961,23.437598811,23.440500000,2.901189,1,85.705258,5.000000,15
1949,375,100.797357,71961,23.452659878,23.455500000,2.840122,1,100.797357,5.000000,15
1950,375,96.658217,71961,23.465898739,23.468500000,2.601261,1,96.658217,5.000000,15
1951,375,97.485044,71961,23.480800271,23.483500000,2.699729,1,97.485044,5.000000,15
1952,375,89.751686,71961,23.495746025,23.498500000,2.753975,1,89.751686,5.000000,15
1953,375,73.655877,71961,23.510213900,23.515500000,5.286100,0,1392.803497,5.000000,15
1954,375,50.256594,71961,23.522961586,23.526000000,3.038414,1,50.256594,5.000000,15
1955,375,23.917538,71961,23.538264449,23.541500000,3.235551,1,23.917538,5.000000,15
1957,375,20.629300,71961,23.551081211,23.554000000,2.918789,1,20.629300,5.000000,15
1958,375,37.868664,71961,23.566104956,23.569000000,2.895044,1,37.868664,5.000000,15
1959,375,51.059367,71961,23.582350902,23.585500000,3.149098,1,51.059367,5.000000,15
1960,375,54.719438,71961,23.596812291,23.599500000,2.687709,1,54.719438,5.000000,15
1961,375,54.744599,71961,23.610987646,23.614000000,3.012354,1,54.744599,5.000000,14
1962,375,45.981688,71961,23.625126767,23.628000000,2.873233,1,45.981688,5.000000,14
1963,375,39.319736,71961,23.639659419,23.642500000,2.840581,1,39.319736,5.000000,14
1964,375,23.867839,71961,23.654178626,23.657000000,2.821374,1,23.867839,5.000000,14
1965,375,11.006405,71961,23.669368970,23.672000000,2.631030,1,11.006405,5.000000,14
1967,375,9.240043,71961,23.685552990,23.688500000,2.947010,1,9.240043,5.000000,14
1968,375,11.083204,71961,23.700231840,23.710500000,10.268160,0,1392.803497,5.000000,14
1969,375,12.961283,71961,23.714274639,23.717000000,2.725361,1,12.961283,5.000000,14
1970,375,7.750813,71961,23.731369921,23.734000000,2.630079,1,7.750813,5.000000,14
1971,375,4.676354,71961,23.745046578,23.748000000,2.953422,1,4.676354,5.000000,14
1973,375,2.770652,71961,23.758393192,23.761000000,2.606808,1,2.770652,5.000000,14
1974,375,3.982588,71961,23.772982323,23.776000000,3.017677,1,3.982588,5.000000,14
1975,375,5.204829,71961,23.788946557,23.791500000,2.553443,1,5.204829,5.000000,14
1976,375,3.633078,71961,23.801905633,23.804500000,2.594367,1,3.633078,5.000000,14
1977,375,2.670912,71961,23.817199839,23.820000000,2.800161,1,2.670912,5.000000,14
1978,375,1.234162,71961,23.831934230,23.834500000,2.565770,1,1.234162,5.000000,14
1980,375,1.217915,71961,23.846999132,23.850000000,3.000868,1,1.217915,5.000000,14
1981,375,2.746315,71961,23.860615525,23.863500000,2.884475,1,2.746315,5.000000,14
1982,375,3.365115,71961,23.873942616,23.876500000,2.557384,1,3.365115,5.000000,14
1983,375,3.889960,71961,23.887437890,23.890000000,2.562110,1,3.889960,5.000000,14
1984,375,3.687239,71961,23.901270686,23.907000000,5.729314,0,1392.803497,5.000000,14
1985,375,3.587596,71961,23.914994517,23.920500000,5.505483,0,1392.803497,5.000000,14
1986,375,1.814255,71961,23.927832497,23.933500000,5.667503,0,1392.803497,5.000000,14
1987,375,0.897839,71961,23.942562876,23.951500000,8.937124,0,1392.803497,5.000000,14
1989,375,2.006334,71961,23.957008119,23.960000000,2.991881,1,2.006334,5.000000,14
1990,375,3.835782,71961,23.969798966,23.973000000,3.201034,1,3.835782,5.000000,14
1991,375,6.041724,71961,23.983104901,23.989000000,5.895099,0,1392.803497,5.000000,14
1992,375,7.208572,71961,23.996160635,23.999000000,2.839365,1,7.208572,5.000000,14
1993,375,8.558549,71961,24.009825661,24.018000000,8.174339,0,1392.803497,5.000000,14
1994,375,9.691930,71961,24.023875866,24.026500000,2.624134,1,9.691930,5.000000,14
1995,375,10.480822,71961,24.039385686,24.042000000,2.614314,1,10.480822,5.000000,14
1996,375,9.461366,71961,24.053216747,24.056000000,2.783253,1,9.461366,5.000000,14
1997,375,9.942152,71961,24.065998550,24.069000000,3.001450,1,9.942152,5.000000,14
1998,375,8.327050,71961,24.079099052,24.082000000,2.900948,1,8.327050,5.000000,14
1999,375,7.446606,71961,24.093705608,24.096500000,2.794392,1,7.446606,5.000000,14
2000,375,4.730860,71961,24.107001825,24.208500000,101.498175,0,1392.803497,5.000000,14
2001,375,1.001161,71961,24.120681871,24.208500000,87.818129,0,1392.803497,5.000000,14
2003,375,0.854695,71961,24.136233289,24.208500000,72.266711,0,1392.803497,5.000000,14
2004,375,0.745091,71961,24.149233895,24.208500000,59.266105,0,1392.803497,5.000000,14
2006,375,0.564044,71961,24.161930387,24.208500000,46.569613,0,1392.803497,5.000000,14
2007,375,1.343572,71961,24.176268065,24.208500000,32.231935,0,1392.803497,5.000000,14
2008,375,2.106746,71961,24.189560103,24.208500000,18.939897,0,1392.803497,5.000000,14
2009,375,1.834825,71961,24.204162690,24.210000000,5.837310,0,1392.803497,5.000000,14
2010,375,1.648846,71961,24.217296205,24.220000000,2.703795,1,1.648846,5.000000,14
2011,375,0.549615,71961,24.233501544,24.236500000,2.998456,1,0.549615,5.000000,14
2013,375,0.637900,71961,24.247050856,24.250000000,2.949144,1,0.637900,5.000000,14
2014,375,0.992497,71961,24.260719456,24.264000000,3.280544,1,0.992497,5.000000,14
2015,375,0.474516,71961,24.275401253,24.278500000,3.098747,1,0.474516,5.000000,14
2017,375,0.223792,71961,24.291460540,24.294500000,3.039460,1,0.223792,5.000000,14
2021,375,0.998655,71961,24.305447214,24.311000000,5.552786,0,1392.803497,5.000000,14
2022,375,1.345565,71961,24.318751973,24.321500000,2.748027,1,1.345565,5.000000,14
2023,375,1.128859,71961,24.332621994,24.336000000,3.378006,1,1.128859,5.000000,14
2026,375,2.270795,71961,24.347431674,24.350500000,3.068326,1,2.270795,5.000000,14
2027,375,4.157844,71961,24.361967441,24.365500000,3.532559,1,4.157844,5.000000,14
2028,375,1.621294,71961,24.375942710,24.378500000,2.557290,1,1.621294,5.000000,14
2030,375,0.789661,71961,24.388827660,24.391500000,2.672340,1,0.789661,5.000000,14
2034,375,3.334115,71961,24.403643738,24.409500000,5.856262,0,1392.803497,5.000000,14
2035,375,8.094601,71961,24.419436857,24.422000000,2.563143,1,8.094601,5.000000,14
2036,375,14.636047,71961,24.436676723,24.439500000,2.823277,1,14.636047,5.000000,14
2037,375,21.027569,71961,24.449686566,24.452500000,2.813434,1,21.027569,5.000000,14
2038,375,23.087317,71961,24.462550119,24.465500000,2.949881,1,23.087317,5.000000,14
2039,375,25.795106,71961,24.476262129,24.479000000,2.737871,1,25.795106,5.000000,14
2040,375,19.718549,71961,24.492954973,24.495500000,2.545027,1,19.718549,5.000000,14
2041,375,13.815588,71961,24.507671614,24.513000000,5.328386,0,1392.803497,5.000000,14
2042,375,3.836208,71961,24.523471266,24.526500000,3.028734,1,3.836208,5.000000,14
2044,375,0.781367,71961,24.537636794,24.540500000,2.863206,1,0.781367,5.000000,14
2047,375,2.000043,71961,24.552787491,24.555500000,2.712509,1,2.000043,5.000000,14
2048,375,6.314293,71961,24.566296820,24.569000000,2.703180,1,6.314293,5.000000,14
2049,375,13.183815,71961,24.581955393,24.584500000,2.544607,1,13.183815,5.000000,14
2050,375,16.851151,71961,24.598799373,24.601500000,2.700627,1,16.851151,5.000000,14
2051,375,21.857702,71961,24.613062601,24.618500000,5.437399,0,1392.803497,5.000000,14
2052,375,22.531608,71961,24.626722347,24.629500000,2.777653,1,22.531608,5.000000,14
2053,375,25.932725,71961,24.639612723,24.642500000,2.887277,1,25.932725,5.000000,14
2054,375,22.943578,71961,24.657620740,24.660500000,2.879260,1,22.943578,5.000000,14
2055,375,22.191934,71961,24.670296485,24.673000000,2.703515,1,22.191934,5.000000,14
2056,375,22.125170,71961,24.683356483,24.686000000,2.643517,1,22.125170,5.000000,14
2057,375,18.089281,71961,24.698049892,24.701000000,2.950108,1,18.089281,5.000000,14
2058,375,13.953425,71961,24.712160170,24.715000000,2.839830,1,13.953425,5.000000,14
2059,375,12.152377,71961,24.727251802,24.730000000,2.748198,1,12.152377,5.000000,14
2060,375,8.015932,71961,24.740805049,24.743500000,2.694951,1,8.015932,5.000000,14
2061,375,4.449854,71961,24.754241042,24.757000000,2.758958,1,4.449854,5.000000,14
2062,375,1.342710,71961,24.768795424,24.772000000,3.204576,1,1.342710,5.000000,14
2064,375,2.549337,71961,24.781683639,24.784500000,2.816361,1,2.549337,5.000000,14
2065,375,4.992197,71961,24.795080584,24.798000000,2.919416,1,4.992197,5.000000,14
2066,375,8.981298,71961,24.812776520,24.818500000,5.723480,0,1392.803497,5.000000,14
2067,375,10.983909,71961,24.826182413,24.829500000,3.317587,1,10.983909,5.000000,14
2068,375,12.501357,71961,24.843037998,24.846500000,3.462002,1,12.501357,5.000000,14
2069,375,14.353237,71961,24.858899841,24.862000000,3.100159,1,14.353237,5.000000,14
2070,375,16.246186,71961,24.872380401,24.875500000,3.119599,1,16.246186,5.000000,14
2071,375,18.455029,71961,24.885693516,24.889000000,3.306484,1,18.455029,5.000000,14
2072,375,18.106939,71961,24.898405016,24.901500000,3.094984,1,18.106939,5.000000,14
2073,375,18.730077,71961,24.915311356,24.920500000,5.188644,0,1392.803497,5.000000,14
2074,375,19.985568,71961,24.932068790,24.935000000,2.931210,1,19.985568,5.000000,14
2075,375,19.878470,71961,24.946368354,24.949000000,2.631646,1,19.878470,5.000000,14
2076,375,20.180747,71961,24.959698174,24.962500000,2.801826,1,20.180747,5.000000,14
2077,375,18.201672,71961,24.974826764,24.977500000,2.673236,1,18.201672,5.000000,14
2078,375,17.591314,71961,24.990500301,24.993500000,2.999699,1,17.591314,5.000000,14
2079,375,15.686025,71961,25.003978267,25.010500000,6.521733,0,1392.803497,5.000000,14
2080,375,13.835855,71961,25.018445288,25.021000000,2.554712,1,13.835855,5.000000,14
2081,375,12.941114,71961,25.033997233,25.037500000,3.502767,1,12.941114,5.000000,14
2082,375,10.583453,71961,25.048577842,25.051500000,2.922158,1,10.583453,5.000000,14
2083,375,8.422878,71961,25.063291128,25.066000000,2.708872,1,8.422878,5.000000,14
2084,375,7.341304,71961,25.078657719,25.081500000,2.842281,1,7.341304,5.000000,14
2085,375,5.495796,71961,25.092423193,25.097500000,5.076807,0,1392.803497,5.000000,14
2088,375,9.712187,71961,25.105372832,25.204500000,99.127168,0,1392.803497,5.000000,14
2089,375,14.705223,71961,25.118432199,25.204500000,86.067801,0,1392.803497,5.000000,14
2090,375,15.558981,71961,25.134091025,25.204500000,70.408975,0,1392.803497,5.000000,14
2091,375,15.592400,71961,25.147501224,25.204500000,56.998776,0,1392.803497,5.000000,14
2092,375,15.688868,71961,25.160476725,25.204500000,44.023275,0,1392.803497,5.000000,14
2093,375,12.202699,71961,25.174072243,25.204500000,30.427757,0,1392.803497,5.000000,14
2094,375,11.865734,71961,25.188852945,25.204500000,15.647055,0,1392.803497,5.000000,14
2095,375,8.972485,71961,25.201916311,25.207000000,5.083689,0,1392.803497,5.000000,14
2096,375,6.131926,71961,25.215069334,25.218000000,2.930666,1,6.131926,5.000000,14
2098,375,10.395096,71961,25.227738749,25.230500000,2.761251,1,10.395096,5.000000,14
2099,375,15.371277,71961,25.240488166,25.243500000,3.011834,1,15.371277,5.000000,14
2100,375,21.527715,71961,25.253180238,25.256000000,2.819762,1,21.527715,5.000000,14
2101,375,22.049497,71961,25.266596072,25.270000000,3.403928,1,22.049497,5.000000,14
2102,375,23.847295,71961,25.281176373,25.284000000,2.823627,1,23.847295,5.000000,14
2103,375,25.101105,71961,25.294695748,25.297500000,2.804252,1,25.101105,5.000000,14
2105,375,38.513739,71961,25.323417659,25.414500000,91.082341,0,1392.803497,5.000000,14
2106,375,44.717883,71961,25.338919704,25.414500000,75.580296,0,1392.803497,5.000000,14
2107,375,55.571304,71961,25.354217600,25.414500000,60.282400,0,1392.803497,5.000000,14
2108,375,45.743250,71961,25.367671917,25.414500000,46.828083,0,1392.803497,5.000000,14
2109,375,48.740819,71961,25.380505050,25.414500000,33.994950,0,1392.803497,5.000000,14
2110,375,46.956311,71961,25.395685363,25.414500000,18.814637,0,1392.803497,5.000000,14
2111,375,64.417293,71961,25.411085875,25.414500000,3.414125,1,64.417293,5.000000,14
2112,375,56.815942,71961,25.425394070,25.428500000,3.105930,1,56.815942,5.000000,14
2113,375,54.664287,71961,25.439441848,25.442500000,3.058152,1,54.664287,5.000000,14
2114,375,59.048633,71961,25.454202580,25.457000000,2.797420,1,59.048633,5.000000,14
2115,375,57.906239,71961,25.470605624,25.473500000,2.894376,1,57.906239,5.000000,14
2116,375,28.042619,71961,25.483535130,25.486500000,2.964870,1,28.042619,5.000000,14
2118,375,24.134471,71961,25.500450022,25.506000000,5.549978,0,1392.803497,5.000000,14
2119,375,44.326044,71961,25.515349327,25.518000000,2.650673,1,44.326044,5.000000,14
2120,375,59.967443,71961,25.528586481,25.531500000,2.913519,1,59.967443,5.000000,14
2121,375,65.631945,71961,25.544575160,25.547500000,2.924840,1,65.631945,5.000000,14
2122,375,69.508936,71961,25.558597813,25.561500000,2.902187,1,69.508936,5.000000,14
2123,375,71.075798,71961,25.572172669,25.575000000,2.827331,1,71.075798,5.000000,14
2124,375,66.331859,71961,25.585825054,25.588500000,2.674946,1,66.331859,5.000000,14
2125,375,64.761941,71961,25.599828326,25.602500000,2.671674,1,64.761941,5.000000,14
2126,375,56.444324,71961,25.612665427,25.615500000,2.834573,1,56.444324,5.000000,14
2127,375,38.875616,71961,25.626828981,25.629500000,2.671019,1,38.875616,5.000000,14
2128,375,21.915990,71961,25.641367602,25.644000000,2.632398,1,21.915990,5.000000,14
2131,375,26.735622,71961,25.655583768,25.658500000,2.916232,1,26.735622,5.000000,14
2132,375,40.769465,71961,25.668453989,25.671000000,2.546011,1,40.769465,5.000000,14
2133,375,27.964512,71961,25.681411479,25.684000000,2.588521,1,27.964512,5.000000,14
2135,375,36.823783,71961,25.695863473,25.698500000,2.636527,1,36.823783,5.000000,14
2136,375,64.716871,71961,25.708995608,25.712000000,3.004392,1,64.716871,5.000000,14
2137,375,96.045378,71961,25.723858748,25.726500000,2.641252,1,96.045378,5.000000,14
2138,375,118.619020,71961,25.739270814,25.742000000,2.729186,1,118.619020,5.000000,14
2139,375,143.077859,71961,25.753485596,25.756500000,3.014404,1,143.077859,5.000000,14
2140,375,157.446275,71961,25.767300297,25.770000000,2.699703,1,157.446275,5.000000,14
2141,375,168.828372,71961,25.781326898,25.784000000,2.673102,1,168.828372,5.000000,14
2142,375,178.516079,71961,25.795425459,25.798000000,2.574541,1,178.516079,5.000000,14
2143,375,171.771298,71961,25.809530034,25.815500000,5.969966,0,1392.803497,5.000000,14
2144,375,148.795167,71961,25.824033010,25.827000000,2.966990,1,148.795167,5.000000,14
2145,375,128.912880,71961,25.837728890,25.840500000,2.771110,1,128.912880,5.000000,14
2146,375,94.545157,71961,25.852730484,25.855500000,2.769516,1,94.545157,5.000000,14
2148,375,97.949698,71961,25.866066238,25.869000000,2.933762,1,97.949698,5.000000,14
2149,375,99.439385,71961,25.882666644,25.885500000,2.833356,1,99.439385,5.000000,14
2150,375,111.158864,71961,25.895795725,25.898500000,2.704275,1,111.158864,5.000000,14
2151,375,107.829213,71961,25.912850587,25.918500000,5.649413,0,1392.803497,5.000000,14
2152,375,72.131103,71961,25.930162891,25.933000000,2.837109,1,72.131103,5.000000,14
2154,375,71.776419,71961,25.946589549,25.949500000,2.910451,1,71.776419,5.000000,14
2155,375,113.238947,71961,25.960465744,25.963500000,3.034256,1,113.238947,5.000000,14
2156,375,126.244122,71961,25.973313128,25.976000000,2.686872,1,126.244122,5.000000,14
2157,375,109.329492,71961,25.986192447,25.989000000,2.807553,1,109.329492,5.000000,14
2158,375,115.853050,71961,26.000774136,26.006000000,5.225864,0,1392.803497,5.000000,14
2159,375,121.170301,71961,26.015048513,26.018500000,3.451487,1,121.170301,5.000000,14
2160,375,137.258220,71961,26.029274898,26.032000000,2.725102,1,137.258220,5.000000,14
2161,375,149.236895,71961,26.044861816,26.047500000,2.638184,1,149.236895,5.000000,14
2162,375,171.064853,71961,26.059459431,26.062000000,2.540569,1,171.064853,5.000000,14
2163,375,166.423451,71961,26.072928824,26.075500000,2.571176,1,166.423451,5.000000,14
2164,375,166.986349,71961,26.085833610,26.088500000,2.666390,1,166.986349,5.000000,14
2165,375,164.131698,71961,26.100458823,26.105500000,5.041177,0,1392.803497,5.000000,14
2166,375,162.243059,71961,26.114693695,26.117500000,2.806305,1,162.243059,5.000000,14
2167,375,159.864400,71961,26.130927736,26.134000000,3.072264,1,159.864400,5.000000,14
2168,375,149.873527,71961,26.144035431,26.147000000,2.964569,1,149.873527,5.000000,14
2169,375,140.095262,71961,26.157675902,26.160500000,2.824098,1,140.095262,5.000000,14
2170,375,125.342961,71961,26.172931267,26.176000000,3.068733,1,125.342961,5.000000,14
2171,375,110.016035,71961,26.187497462,26.190500000,3.002538,1,110.016035,5.000000,14
2173,375,75.372078,71961,26.216357253,26.315000000,98.642747,0,1392.803497,5.000000,14
2174,375,51.763197,71961,26.229828226,26.315000000,85.171774,0,1392.803497,5.000000,14
2175,375,26.316397,71961,26.243043912,26.315000000,71.956088,0,1392.803497,5.000000,14
2178,375,23.790297,71961,26.257136075,26.315000000,57.863925,0,1392.803497,5.000000,14
2179,375,44.209033,71961,26.269849472,26.315000000,45.150528,0,1392.803497,5.000000,14
2180,375,52.003356,71961,26.283516909,26.315000000,31.483091,0,1392.803497,5.000000,14
2181,375,57.954690,71961,26.296687520,26.315000000,18.312480,0,1392.803497,5.000000,14
2182,375,52.160041,71961,26.309717932,26.315500000,5.782068,0,1392.803497,5.000000,14
2183,375,44.141260,71961,26.325286955,26.328000000,2.713045,1,44.141260,5.000000,14
2184,375,34.408133,71961,26.338801848,26.341500000,2.698152,1,34.408133,5.000000,14
2185,375,16.551791,71961,26.354368076,26.357000000,2.631924,1,16.551791,5.000000,14
2187,375,14.141755,71961,26.367786916,26.370500000,2.713084,1,14.141755,5.000000,14
2188,375,31.963610,71961,26.383671181,26.386500000,2.828819,1,31.963610,5.000000,14
2189,375,37.275119,71961,26.397608764,26.400500000,2.891236,1,37.275119,5.000000,14
2190,375,44.101579,71961,26.414236792,26.420000000,5.763208,0,1392.803497,5.000000,14
2191,375,45.979312,71961,26.427618793,26.430500000,2.881207,1,45.979312,5.000000,14
2192,375,40.941976,71961,26.441449406,26.444000000,2.550594,1,40.941976,5.000000,14
2193,375,31.965641,71961,26.454512270,26.457500000,2.987730,1,31.965641,5.000000,14
2194,375,24.628404,71961,26.467545895,26.473000000,5.454105,0,1392.803497,5.000000,14
2195,375,14.240499,71961,26.482546094,26.485500000,2.953906,1,14.240499,5.000000,14
2197,375,15.615068,71961,26.495870125,26.498500000,2.629875,1,15.615068,5.000000,14
2198,375,25.622092,71961,26.510200756,26.519000000,8.799244,0,1392.803497,5.000000,14
2199,375,40.219493,71961,26.523083209,26.526000000,2.916791,1,40.219493,5.000000,14
2200,375,48.706087,71961,26.536101003,26.542000000,5.898997,0,1392.803497,5.000000,14
2201,375,59.523265,71961,26.549146781,26.552000000,2.853219,1,59.523265,5.000000,14
2202,375,64.015664,71961,26.562938374,26.565500000,2.561626,1,64.015664,5.000000,14
2203,375,72.354840,71961,26.576489253,26.579500000,3.010747,1,72.354840,5.000000,14
2204,375,81.916874,71961,26.589415166,26.592000000,2.584834,1,81.916874,5.000000,14
2205,375,84.340427,71961,26.602673133,26.614500000,11.826867,0,1392.803497,5.000000,14
2206,375,84.435180,71961,26.615809563,26.618500000,2.690437,1,84.435180,5.000000,14
2207,375,86.867178,71961,26.629174266,26.632000000,2.825734,1,86.867178,5.000000,14
2208,375,89.308266,71961,26.643566639,26.646500000,2.933361,1,89.308266,5.000000,14
2209,375,85.193347,71961,26.656747308,26.659500000,2.752692,1,85.193347,5.000000,14
2210,375,85.254044,71961,26.670806102,26.676000000,5.193898,0,1392.803497,5.000000,14
2211,375,81.893768,71961,26.683607637,26.686500000,2.892363,1,81.893768,5.000000,14
2212,375,78.205778,71961,26.697279771,26.700000000,2.720229,1,78.205778,5.000000,14
2213,375,75.031685,71961,26.712215643,26.718000000,5.784357,0,1392.803497,5.000000,14
2214,375,71.590993,71961,26.726302386,26.729000000,2.697614,1,71.590993,5.000000,14
2215,375,94.445884,71961,26.741191929,26.744000000,2.808071,1,94.445884,5.000000,14
2216,375,197.744606,71961,26.756691254,26.759500000,2.808746,1,197.744606,5.000000,14
2217,375,65.409841,71961,26.770368852,26.773000000,2.631148,1,65.409841,5.000000,14
2218,375,53.282530,71961,26.784695331,26.787500000,2.804669,1,53.282530,5.000000,14
2219,375,93.854822,71961,26.798877073,26.801500000,2.622927,1,93.854822,5.000000,14
2220,375,109.668148,71961,26.814413487,26.819500000,5.086513,0,1392.803497,5.000000,14
2223,375,26.353423,71961,26.828484758,26.831500000,3.015242,1,26.353423,5.000000,14
2224,375,193.630013,71961,26.841465912,26.844500000,3.034088,1,193.630013,5.000000,14
2226,375,19.358275,71961,26.857874073,26.860500000,2.625927,1,19.358275,5.000000,14
2227,375,29.893901,71961,26.872189089,26.875000000,2.810911,1,29.893901,5.000000,14
2228,375,43.425579,71961,26.885742898,26.888500000,2.757102,1,43.425579,5.000000,14
2229,375,49.246059,71961,26.901984362,26.905000000,3.015638,1,49.246059,5.000000,14
2230,375,53.218382,71961,26.914666094,26.917500000,2.833906,1,53.218382,5.000000,14
2231,375,59.736308,71961,26.928639965,26.931500000,2.860035,1,59.736308,5.000000,14
2232,375,68.847073,71961,26.943023634,26.946000000,2.976366,1,68.847073,5.000000,14
2233,375,71.573852,71961,26.956746917,26.959500000,2.753083,1,71.573852,5.000000,14
2234,375,73.889606,71961,26.971962891,26.975000000,3.037109,1,73.889606,5.000000,14
2235,375,71.869244,71961,26.985143795,26.988000000,2.856205,1,71.869244,5.000000,14
2236,375,70.563085,71961,26.998705281,27.004500000,5.794719,0,1392.803497,5.000000,14
2237,375,63.021835,71961,27.013167322,27.016000000,2.832678,1,63.021835,5.000000,14
2238,375,59.819546,71961,27.027277187,27.030000000,2.722813,1,59.819546,5.000000,14
2239,375,59.378073,71961,27.041999020,27.045000000,3.000980,1,59.378073,5.000000,14
2240,375,58.879196,71961,27.055884326,27.058500000,2.615674,1,58.879196,5.000000,14
2241,375,62.158665,71961,27.071295473,27.074000000,2.704527,1,62.158665,5.000000,14
2242,375,59.069113,71961,27.085931425,27.088500000,2.568575,1,59.069113,5.000000,14
2243,375,54.063279,71961,27.099090590,27.105000000,5.909410,0,1392.803497,5.000000,14
2244,375,41.557582,71961,27.112189062,27.115000000,2.810938,1,41.557582,5.000000,14
2245,375,26.919730,71961,27.125286081,27.128500000,3.213919,1,26.919730,5.000000,14
2246,375,10.748030,71961,27.138890357,27.141500000,2.609643,1,10.748030,5.000000,14
2248,375,9.816611,71961,27.153069051,27.156500000,3.430949,1,9.816611,5.000000,14
2249,375,23.257015,71961,27.168830797,27.171500000,2.669203,1,23.257015,5.000000,14
2250,375,31.094580,71961,27.183641282,27.187000000,3.358718,1,31.094580,5.000000,14
2251,375,35.985848,71961,27.197018653,27.200000000,2.981347,1,35.985848,5.000000,14
2252,375,39.611352,71961,27.210747056,27.304500000,93.752944,0,1392.803497,5.000000,14
2253,375,37.814337,71961,27.227038910,27.304500000,77.461090,0,1392.803497,5.000000,14
2254,375,32.639387,71961,27.239999752,27.304500000,64.500248,0,1392.803497,5.000000,14
2255,375,27.957991,71961,27.255213950,27.304500000,49.286050,0,1392.803497,5.000000,14
2256,375,19.061922,71961,27.268251630,27.304500000,36.248370,0,1392.803497,5.000000,14
2257,375,8.303885,71961,27.281920944,27.304500000,22.579056,0,1392.803497,5.000000,14
2260,375,8.955114,71961,27.295037903,27.304500000,9.462097,0,1392.803497,5.000000,14
2261,375,16.994687,71961,27.308839857,27.314000000,5.160143,0,1392.803497,5.000000,14
2262,375,20.879418,71961,27.321640854,27.324500000,2.859146,1,20.879418,5.000000,14
2263,375,21.820683,71961,27.335410935,27.338000000,2.589065,1,21.820683,5.000000,14
2264,375,18.236358,71961,27.350894251,27.353500000,2.605749,1,18.236358,5.000000,14
2265,375,9.224660,71961,27.364670790,27.367500000,2.829210,1,9.224660,5.000000,14
2267,375,9.082165,71961,27.381300511,27.384000000,2.699489,1,9.082165,5.000000,14
2268,375,15.760794,71961,27.396698354,27.399500000,2.801646,1,15.760794,5.000000,14
2269,375,10.494566,71961,27.409995558,27.416000000,6.004442,0,1392.803497,5.000000,14
2271,375,12.627156,71961,27.426095453,27.429000000,2.904547,1,12.627156,5.000000,14
2272,375,18.767724,71961,27.440351237,27.443000000,2.648763,1,18.767724,5.000000,14
2273,375,17.887059,71961,27.454937540,27.457500000,2.562460,1,17.887059,5.000000,14
2275,375,38.214106,71961,27.470946311,27.473500000,2.553689,1,38.214106,5.000000,14
2277,375,68.480755,71961,27.484614528,27.487500000,2.885472,1,68.480755,5.000000,14
2278,375,72.932381,71961,27.498437846,27.501000000,2.562154,1,72.932381,5.000000,14
2279,375,696.804110,71961,27.511655396,27.517000000,5.344604,0,1392.803497,5.000000,14
2280,375,762.633182,71961,27.524660204,27.527500000,2.839796,1,762.633182,5.000000,14
2281,375,107.663219,71961,27.538005290,27.541000000,2.994710,1,107.663219,5.000000,14
2282,375,87.157498,71961,27.552912589,27.555500000,2.587411,1,87.157498,5.000000,14
2284,375,126.203918,71961,27.567210001,27.570000000,2.789999,1,126.203918,5.000000,14
2285,375,202.145496,71961,27.580616633,27.583500000,2.883367,1,202.145496,5.000000,14
2286,375,141.219164,71961,27.594116810,27.597000000,2.883190,1,141.219164,5.000000,14
2287,375,105.090463,71961,27.607283070,27.613000000,5.716930,0,1392.803497,5.000000,14
2288,375,242.496319,71961,27.622115712,27.625000000,2.884288,1,242.496319,5.000000,14
2289,375,180.788175,71961,27.635157516,27.638000000,2.842484,1,180.788175,5.000000,14
2290,375,103.878887,71961,27.649400420,27.652000000,2.599580,1,103.878887,5.000000,14
2291,375,74.838388,71961,27.663748103,27.666500000,2.751897,1,74.838388,5.000000,14
2293,375,65.368942,71961,27.677210726,27.680000000,2.789274,1,65.368942,5.000000,14
2294,375,100.417444,71961,27.691035413,27.694000000,2.964587,1,100.417444,5.000000,14
2295,375,116.346422,71961,27.705910734,27.711000000,5.089266,0,1392.803497,5.000000,14
2296,375,131.143231,71961,27.722337708,27.725000000,2.662292,1,131.143231,5.000000,14
2297,375,138.957036,71961,27.738798453,27.741500000,2.701547,1,138.957036,5.000000,14
2298,375,157.529450,71961,27.752985425,27.756000000,3.014575,1,157.529450,5.000000,14
2299,375,188.633080,71961,27.765956444,27.768500000,2.543556,1,188.633080,5.000000,14
2300,375,279.203574,71961,27.780263884,27.783000000,2.736116,1,279.203574,5.000000,14
2301,375,413.813146,71961,27.795378820,27.798000000,2.621180,1,413.813146,5.000000,14
2302,375,680.341521,71961,27.808568913,27.814000000,5.431087,0,1392.803497,5.000000,14
2303,375,618.812950,71961,27.822621869,27.825500000,2.878131,1,618.812950,5.000000,14
2304,375,748.589222,71961,27.838561802,27.841500000,2.938198,1,748.589222,5.000000,14
2305,375,870.475606,71961,27.851787235,27.854500000,2.712765,1,870.475606,5.000000,14
2306,375,322.136628,71961,27.865816251,27.868500000,2.683749,1,322.136628,5.000000,14
2307,375,65.272116,71961,27.880781970,27.883500000,2.718030,1,65.272116,5.000000,14
2309,375,34.847895,71961,27.893887695,27.896500000,2.612305,1,34.847895,5.000000,14
2310,375,46.047163,71961,27.909501080,27.915000000,5.498920,0,1392.803497,5.000000,15
2311,375,33.833579,71961,27.923974557,27.927000000,3.025443,1,33.833579,5.000000,15
2312,375,22.810418,71961,27.937052027,27.940000000,2.947973,1,22.810418,5.000000,15
2314,375,20.794761,71961,27.950376536,27.953000000,2.623464,1,20.794761,5.000000,15
2315,375,34.832395,71961,27.964325127,27.967000000,2.674873,1,34.832395,5.000000,15
2316,375,29.431071,71961,27.979343282,27.982000000,2.656718,1,29.431071,5.000000,15
2317,375,36.017569,71961,27.993531427,27.996500000,2.968573,1,36.017569,5.000000,15
2318,375,35.156231,71961,28.007514272,28.013000000,5.485728,0,1392.803497,5.000000,15
2319,375,33.512121,71961,28.022150466,28.025000000,2.849534,1,33.512121,5.000000,15
2320,375,31.451491,71961,28.035236962,28.038000000,2.763038,1,31.451491,5.000000,15
2321,375,23.235002,71961,28.052566643,28.055500000,2.933357,1,23.235002,5.000000,15
2323,375,21.556859,71961,28.065262252,28.068000000,2.737748,1,21.556859,5.000000,15
2324,375,16.148987,71961,28.078785241,28.081500000,2.714759,1,16.148987,5.000000,15
2326,375,16.627195,71961,28.092151526,28.095000000,2.848474,1,16.627195,5.000000,15
2327,375,26.626676,71961,28.107099232,28.113000000,5.900768,0,1392.803497,5.000000,14
2328,375,37.255278,71961,28.119858674,28.122500000,2.641326,1,37.255278,5.000000,15
2329,375,41.901843,71961,28.135128806,28.138000000,2.871194,1,41.901843,5.000000,15
2330,375,48.216403,71961,28.150357274,28.153000000,2.642726,1,48.216403,5.000000,15
2331,375,53.218729,71961,28.166259059,28.169000000,2.740941,1,53.218729,5.000000,15
2332,375,53.190736,71961,28.179628002,28.182500000,2.871998,1,53.190736,5.000000,15
2333,375,52.033968,71961,28.192555160,28.195500000,2.944840,1,52.033968,5.000000,15
2335,375,32.264242,71961,28.219934423,28.321000000,101.065577,0,1392.803497,5.000000,14
2336,375,21.840769,71961,28.233353087,28.321000000,87.646913,0,1392.803497,5.000000,14
2338,375,20.040719,71961,28.247195317,28.321000000,73.804683,0,1392.803497,5.000000,14
2339,375,32.684633,71961,28.260926756,28.321000000,60.073244,0,1392.803497,5.000000,14
2340,375,28.076393,71961,28.276616851,28.321000000,44.383149,0,1392.803497,5.000000,14
2341,375,19.768476,71961,28.290104409,28.321000000,30.895591,0,1392.803497,5.000000,14
2343,375,17.248359,71961,28.302771656,28.321000000,18.228344,0,1392.803497,5.000000,14
2344,375,17.561048,71961,28.318631057,28.321500000,2.868943,1,17.561048,5.000000,14
2347,375,15.187784,71961,28.333948089,28.336500000,2.551911,1,15.187784,5.000000,14
2350,375,25.542552,71961,28.347561781,28.350500000,2.938219,1,25.542552,5.000000,14
2351,375,49.145104,71961,28.362111475,28.365000000,2.888525,1,49.145104,5.000000,14
2352,375,65.565242,71961,28.376190909,28.379000000,2.809091,1,65.565242,5.000000,14
2353,375,83.067918,71961,28.391832099,28.394500000,2.667901,1,83.067918,5.000000,14
2354,375,86.191674,71961,28.404657775,28.417500000,12.842225,0,1392.803497,5.000000,14
2355,375,93.824940,71961,28.417376869,28.420000000,2.623131,1,93.824940,5.000000,14
2356,375,100.955972,71961,28.430795181,28.433500000,2.704819,1,100.955972,5.000000,14
2357,375,95.169194,71961,28.443538016,28.446500000,2.961984,1,95.169194,5.000000,14
2358,375,83.113160,71961,28.456585829,28.459500000,2.914171,1,83.113160,5.000000,14
2359,375,70.761159,71961,28.470037950,28.473000000,2.962050,1,70.761159,5.000000,14
2360,375,56.198230,71961,28.484462873,28.487500000,3.037127,1,56.198230,5.000000,14
2361,375,35.223508,71961,28.497665876,28.500500000,2.834124,1,35.223508,5.000000,14
2363,375,34.878035,71961,28.512236364,28.518000000,5.763636,0,1392.803497,5.000000,14
2364,375,55.742249,71961,28.528251783,28.531000000,2.748217,1,55.742249,5.000000,14
2365,375,70.869033,71961,28.541694745,28.544500000,2.805255,1,70.869033,5.000000,14
2366,375,81.290209,71961,28.556848466,28.559500000,2.651534,1,81.290209,5.000000,14
2367,375,85.940905,71961,28.569603818,28.572500000,2.896182,1,85.940905,5.000000,14
14,0,0,0,0,0,-1,0,1392.803497,5.000000,0
17,0,0,0,0,0,-1,0,1392.803497,5.000000,0
25,0,0,0,0,0,-1,0,1392.803497,5.000000,0
30,0,0,0,0,0,-1,0,1392.803497,5.000000,0
31,0,0,0,0,0,-1,0,1392.803497,5.000000,0
32,0,0,0,0,0,-1,0,1392.803497,5.000000,0
33,0,0,0,0,0,-1,0,1392.803497,5.000000,0
44,0,0,0,0,0,-1,0,1392.803497,5.000000,0
45,0,0,0,0,0,-1,0,1392.803497,5.000000,0
51,0,0,0,0,0,-1,0,1392.803497,5.000000,0
52,0,0,0,0,0,-1,0,1392.803497,5.000000,0
58,0,0,0,0,0,-1,0,1392.803497,5.000000,0
63,0,0,0,0,0,-1,0,1392.803497,5.000000,0
67,0,0,0,0,0,-1,0,1392.803497,5.000000,0
70,0,0,0,0,0,-1,0,1392.803497,5.000000,0
76,0,0,0,0,0,-1,0,1392.803497,5.000000,0
80,0,0,0,0,0,-1,0,1392.803497,5.000000,0
88,0,0,0,0,0,-1,0,1392.803497,5.000000,0
93,0,0,0,0,0,-1,0,1392.803497,5.000000,0
102,0,0,0,0,0,-1,0,1392.803497,5.000000,0
120,0,0,0,0,0,-1,0,1392.803497,5.000000,0
124,0,0,0,0,0,-1,0,1392.803497,5.000000,0
134,0,0,0,0,0,-1,0,1392.803497,5.000000,0
139,0,0,0,0,0,-1,0,1392.803497,5.000000,0
141,0,0,0,0,0,-1,0,1392.803497,5.000000,0
144,0,0,0,0,0,-1,0,1392.803497,5.000000,0
149,0,0,0,0,0,-1,0,1392.803497,5.000000,0
152,0,0,0,0,0,-1,0,1392.803497,5.000000,0
166,0,0,0,0,0,-1,0,1392.803497,5.000000,0
170,0,0,0,0,0,-1,0,1392.803497,5.000000,0
173,0,0,0,0,0,-1,0,1392.803497,5.000000,0
174,0,0,0,0,0,-1,0,1392.803497,5.000000,0
175,0,0,0,0,0,-1,0,1392.803497,5.000000,0
176,0,0,0,0,0,-1,0,1392.803497,5.000000,0
178,0,0,0,0,0,-1,0,1392.803497,5.000000,0
184,0,0,0,0,0,-1,0,1392.803497,5.000000,0
188,0,0,0,0,0,-1,0,1392.803497,5.000000,0
192,0,0,0,0,0,-1,0,1392.803497,5.000000,0
194,0,0,0,0,0,-1,0,1392.803497,5.000000,0
196,0,0,0,0,0,-1,0,1392.803497,5.000000,0
203,0,0,0,0,0,-1,0,1392.803497,5.000000,0
211,0,0,0,0,0,-1,0,1392.803497,5.000000,0
214,0,0,0,0,0,-1,0,1392.803497,5.000000,0
218,0,0,0,0,0,-1,0,1392.803497,5.000000,0
229,0,0,0,0,0,-1,0,1392.803497,5.000000,0
239,0,0,0,0,0,-1,0,1392.803497,5.000000,0
240,0,0,0,0,0,-1,0,1392.803497,5.000000,0
246,0,0,0,0,0,-1,0,1392.803497,5.000000,0
247,0,0,0,0,0,-1,0,1392.803497,5.000000,0
251,0,0,0,0,0,-1,0,1392.803497,5.000000,0
254,0,0,0,0,0,-1,0,1392.803497,5.000000,0
256,0,0,0,0,0,-1,0,1392.803497,5.000000,0
257,0,0,0,0,0,-1,0,1392.803497,5.000000,0
263,0,0,0,0,0,-1,0,1392.803497,5.000000,0
266,0,0,0,0,0,-1,0,1392.803497,5.000000,0
270,0,0,0,0,0,-1,0,1392.803497,5.000000,0
278,0,0,0,0,0,-1,0,1392.803497,5.000000,0
279,0,0,0,0,0,-1,0,1392.803497,5.000000,0
289,0,0,0,0,0,-1,0,1392.803497,5.000000,0
291,0,0,0,0,0,-1,0,1392.803497,5.000000,0
296,0,0,0,0,0,-1,0,1392.803497,5.000000,0
298,0,0,0,0,0,-1,0,1392.803497,5.000000,0
299,0,0,0,0,0,-1,0,1392.803497,5.000000,0
309,0,0,0,0,0,-1,0,1392.803497,5.000000,0
314,0,0,0,0,0,-1,0,1392.803497,5.000000,0
321,0,0,0,0,0,-1,0,1392.803497,5.000000,0
322,0,0,0,0,0,-1,0,1392.803497,5.000000,0
324,0,0,0,0,0,-1,0,1392.803497,5.000000,0
325,0,0,0,0,0,-1,0,1392.803497,5.000000,0
331,0,0,0,0,0,-1,0,1392.803497,5.000000,0
332,0,0,0,0,0,-1,0,1392.803497,5.000000,0
343,0,0,0,0,0,-1,0,1392.803497,5.000000,0
346,0,0,0,0,0,-1,0,1392.803497,5.000000,0
354,0,0,0,0,0,-1,0,1392.803497,5.000000,0
368,0,0,0,0,0,-1,0,1392.803497,5.000000,0
370,0,0,0,0,0,-1,0,1392.803497,5.000000,0
387,0,0,0,0,0,-1,0,1392.803497,5.000000,0
402,0,0,0,0,0,-1,0,1392.803497,5.000000,0
408,0,0,0,0,0,-1,0,1392.803497,5.000000,0
410,0,0,0,0,0,-1,0,1392.803497,5.000000,0
411,0,0,0,0,0,-1,0,1392.803497,5.000000,0
414,0,0,0,0,0,-1,0,1392.803497,5.000000,0
423,0,0,0,0,0,-1,0,1392.803497,5.000000,0
430,0,0,0,0,0,-1,0,1392.803497,5.000000,0
432,0,0,0,0,0,-1,0,1392.803497,5.000000,0
433,0,0,0,0,0,-1,0,1392.803497,5.000000,0
438,0,0,0,0,0,-1,0,1392.803497,5.000000,0
439,0,0,0,0,0,-1,0,1392.803497,5.000000,0
442,0,0,0,0,0,-1,0,1392.803497,5.000000,0
443,0,0,0,0,0,-1,0,1392.803497,5.000000,0
449,0,0,0,0,0,-1,0,1392.803497,5.000000,0
450,0,0,0,0,0,-1,0,1392.803497,5.000000,0
457,0,0,0,0,0,-1,0,1392.803497,5.000000,0
463,0,0,0,0,0,-1,0,1392.803497,5.000000,0
471,0,0,0,0,0,-1,0,1392.803497,5.000000,0
479,0,0,0,0,0,-1,0,1392.803497,5.000000,0
485,0,0,0,0,0,-1,0,1392.803497,5.000000,0
486,0,0,0,0,0,-1,0,1392.803497,5.000000,0
495,0,0,0,0,0,-1,0,1392.803497,5.000000,0
501,0,0,0,0,0,-1,0,1392.803497,5.000000,0
506,0,0,0,0,0,-1,0,1392.803497,5.000000,0
507,0,0,0,0,0,-1,0,1392.803497,5.000000,0
511,0,0,0,0,0,-1,0,1392.803497,5.000000,0
527,0,0,0,0,0,-1,0,1392.803497,5.000000,0
528,0,0,0,0,0,-1,0,1392.803497,5.000000,0
532,0,0,0,0,0,-1,0,1392.803497,5.000000,0
538,0,0,0,0,0,-1,0,1392.803497,5.000000,0
547,0,0,0,0,0,-1,0,1392.803497,5.000000,0
554,0,0,0,0,0,-1,0,1392.803497,5.000000,0
557,0,0,0,0,0,-1,0,1392.803497,5.000000,0
564,0,0,0,0,0,-1,0,1392.803497,5.000000,0
567,0,0,0,0,0,-1,0,1392.803497,5.000000,0
568,0,0,0,0,0,-1,0,1392.803497,5.000000,0
572,0,0,0,0,0,-1,0,1392.803497,5.000000,0
578,0,0,0,0,0,-1,0,1392.803497,5.000000,0
581,0,0,0,0,0,-1,0,1392.803497,5.000000,0
582,0,0,0,0,0,-1,0,1392.803497,5.000000,0
594,0,0,0,0,0,-1,0,1392.803497,5.000000,0
596,0,0,0,0,0,-1,0,1392.803497,5.000000,0
599,0,0,0,0,0,-1,0,1392.803497,5.000000,0
602,0,0,0,0,0,-1,0,1392.803497,5.000000,0
605,0,0,0,0,0,-1,0,1392.803497,5.000000,0
610,0,0,0,0,0,-1,0,1392.803497,5.000000,0
621,0,0,0,0,0,-1,0,1392.803497,5.000000,0
631,0,0,0,0,0,-1,0,1392.803497,5.000000,0
642,0,0,0,0,0,-1,0,1392.803497,5.000000,0
654,0,0,0,0,0,-1,0,1392.803497,5.000000,0
655,0,0,0,0,0,-1,0,1392.803497,5.000000,0
670,0,0,0,0,0,-1,0,1392.803497,5.000000,0
676,0,0,0,0,0,-1,0,1392.803497,5.000000,0
678,0,0,0,0,0,-1,0,1392.803497,5.000000,0
679,0,0,0,0,0,-1,0,1392.803497,5.000000,0
680,0,0,0,0,0,-1,0,1392.803497,5.000000,0
682,0,0,0,0,0,-1,0,1392.803497,5.000000,0
691,0,0,0,0,0,-1,0,1392.803497,5.000000,0
693,0,0,0,0,0,-1,0,1392.803497,5.000000,0
695,0,0,0,0,0,-1,0,1392.803497,5.000000,0
705,0,0,0,0,0,-1,0,1392.803497,5.000000,0
718,0,0,0,0,0,-1,0,1392.803497,5.000000,0
727,0,0,0,0,0,-1,0,1392.803497,5.000000,0
734,0,0,0,0,0,-1,0,1392.803497,5.000000,0
736,0,0,0,0,0,-1,0,1392.803497,5.000000,0
742,0,0,0,0,0,-1,0,1392.803497,5.000000,0
755,0,0,0,0,0,-1,0,1392.803497,5.000000,0
756,0,0,0,0,0,-1,0,1392.803497,5.000000,0
761,0,0,0,0,0,-1,0,1392.803497,5.000000,0
765,0,0,0,0,0,-1,0,1392.803497,5.000000,0
772,0,0,0,0,0,-1,0,1392.803497,5.000000,0
785,0,0,0,0,0,-1,0,1392.803497,5.000000,0
790,0,0,0,0,0,-1,0,1392.803497,5.000000,0
794,0,0,0,0,0,-1,0,1392.803497,5.000000,0
798,0,0,0,0,0,-1,0,1392.803497,5.000000,0
801,0,0,0,0,0,-1,0,1392.803497,5.000000,0
807,0,0,0,0,0,-1,0,1392.803497,5.000000,0
809,0,0,0,0,0,-1,0,1392.803497,5.000000,0
810,0,0,0,0,0,-1,0,1392.803497,5.000000,0
811,0,0,0,0,0,-1,0,1392.803497,5.000000,0
838,0,0,0,0,0,-1,0,1392.803497,5.000000,0
840,0,0,0,0,0,-1,0,1392.803497,5.000000,0
844,0,0,0,0,0,-1,0,1392.803497,5.000000,0
862,0,0,0,0,0,-1,0,1392.803497,5.000000,0
864,0,0,0,0,0,-1,0,1392.803497,5.000000,0
869,0,0,0,0,0,-1,0,1392.803497,5.000000,0
900,0,0,0,0,0,-1,0,1392.803497,5.000000,0
932,0,0,0,0,0,-1,0,1392.803497,5.000000,0
949,0,0,0,0,0,-1,0,1392.803497,5.000000,0
964,0,0,0,0,0,-1,0,1392.803497,5.000000,0
976,0,0,0,0,0,-1,0,1392.803497,5.000000,0
978,0,0,0,0,0,-1,0,1392.803497,5.000000,0
990,0,0,0,0,0,-1,0,1392.803497,5.000000,0
1003,0,0,0,0,0,-1,0,1392.803497,5.000000,0
1011,0,0,0,0,0,-1,0,1392.803497,5.000000,0
1018,0,0,0,0,0,-1,0,1392.803497,5.000000,0
1029,0,0,0,0,0,-1,0,1392.803497,5.000000,0
1032,0,0,0,0,0,-1,0,1392.803497,5.000000,0
1036,0,0,0,0,0,-1,0,1392.803497,5.000000,0
1037,0,0,0,0,0,-1,0,1392.803497,5.000000,0
1041,0,0,0,0,0,-1,0,1392.803497,5.000000,0
1047,0,0,0,0,0,-1,0,1392.803497,5.000000,0
1048,0,0,0,0,0,-1,0,1392.803497,5.000000,0
1053,0,0,0,0,0,-1,0,1392.803497,5.000000,0
1055,0,0,0,0,0,-1,0,1392.803497,5.000000,0
1057,0,0,0,0,0,-1,0,1392.803497,5.000000,0
1061,0,0,0,0,0,-1,0,1392.803497,5.000000,0
1068,0,0,0,0,0,-1,0,1392.803497,5.000000,0
1080,0,0,0,0,0,-1,0,1392.803497,5.000000,0
1089,0,0,0,0,0,-1,0,1392.803497,5.000000,0
1100,0,0,0,0,0,-1,0,1392.803497,5.000000,0
1106,0,0,0,0,0,-1,0,1392.803497,5.000000,0
1110,0,0,0,0,0,-1,0,1392.803497,5.000000,0
1114,0,0,0,0,0,-1,0,1392.803497,5.000000,0
1124,0,0,0,0,0,-1,0,1392.803497,5.000000,0
1127,0,0,0,0,0,-1,0,1392.803497,5.000000,0
1132,0,0,0,0,0,-1,0,1392.803497,5.000000,0
1135,0,0,0,0,0,-1,0,1392.803497,5.000000,0
1138,0,0,0,0,0,-1,0,1392.803497,5.000000,0
1151,0,0,0,0,0,-1,0,1392.803497,5.000000,0
1157,0,0,0,0,0,-1,0,1392.803497,5.000000,0
1161,0,0,0,0,0,-1,0,1392.803497,5.000000,0
1173,0,0,0,0,0,-1,0,1392.803497,5.000000,0
1174,0,0,0,0,0,-1,0,1392.803497,5.000000,0
1178,0,0,0,0,0,-1,0,1392.803497,5.000000,0
1181,0,0,0,0,0,-1,0,1392.803497,5.000000,0
1187,0,0,0,0,0,-1,0,1392.803497,5.000000,0
1192,0,0,0,0,0,-1,0,1392.803497,5.000000,0
1195,0,0,0,0,0,-1,0,1392.803497,5.000000,0
1196,0,0,0,0,0,-1,0,1392.803497,5.000000,0
1200,0,0,0,0,0,-1,0,1392.803497,5.000000,0
1204,0,0,0,0,0,-1,0,1392.803497,5.000000,0
1210,0,0,0,0,0,-1,0,1392.803497,5.000000,0
1215,0,0,0,0,0,-1,0,1392.803497,5.000000,0
1221,0,0,0,0,0,-1,0,1392.803497,5.000000,0
1222,0,0,0,0,0,-1,0,1392.803497,5.000000,0
1225,0,0,0,0,0,-1,0,1392.803497,5.000000,0
1236,0,0,0,0,0,-1,0,1392.803497,5.000000,0
1258,0,0,0,0,0,-1,0,1392.803497,5.000000,0
1263,0,0,0,0,0,-1,0,1392.803497,5.000000,0
1264,0,0,0,0,0,-1,0,1392.803497,5.000000,0
1271,0,0,0,0,0,-1,0,1392.803497,5.000000,0
1292,0,0,0,0,0,-1,0,1392.803497,5.000000,0
1302,0,0,0,0,0,-1,0,1392.803497,5.000000,0
1313,0,0,0,0,0,-1,0,1392.803497,5.000000,0
1320,0,0,0,0,0,-1,0,1392.803497,5.000000,0
1326,0,0,0,0,0,-1,0,1392.803497,5.000000,0
1336,0,0,0,0,0,-1,0,1392.803497,5.000000,0
1340,0,0,0,0,0,-1,0,1392.803497,5.000000,0
1350,0,0,0,0,0,-1,0,1392.803497,5.000000,0
1351,0,0,0,0,0,-1,0,1392.803497,5.000000,0
1352,0,0,0,0,0,-1,0,1392.803497,5.000000,0
1359,0,0,0,0,0,-1,0,1392.803497,5.000000,0
1366,0,0,0,0,0,-1,0,1392.803497,5.000000,0
1370,0,0,0,0,0,-1,0,1392.803497,5.000000,0
1373,0,0,0,0,0,-1,0,1392.803497,5.000000,0
1377,0,0,0,0,0,-1,0,1392.803497,5.000000,0
1381,0,0,0,0,0,-1,0,1392.803497,5.000000,0
1391,0,0,0,0,0,-1,0,1392.803497,5.000000,0
1395,0,0,0,0,0,-1,0,1392.803497,5.000000,0
1398,0,0,0,0,0,-1,0,1392.803497,5.000000,0
1404,0,0,0,0,0,-1,0,1392.803497,5.000000,0
1419,0,0,0,0,0,-1,0,1392.803497,5.000000,0
1425,0,0,0,0,0,-1,0,1392.803497,5.000000,0
1441,0,0,0,0,0,-1,0,1392.803497,5.000000,0
1447,0,0,0,0,0,-1,0,1392.803497,5.000000,0
1450,0,0,0,0,0,-1,0,1392.803497,5.000000,0
1455,0,0,0,0,0,-1,0,1392.803497,5.000000,0
1461,0,0,0,0,0,-1,0,1392.803497,5.000000,0
1462,0,0,0,0,0,-1,0,1392.803497,5.000000,0
1467,0,0,0,0,0,-1,0,1392.803497,5.000000,0
1474,0,0,0,0,0,-1,0,1392.803497,5.000000,0
1488,0,0,0,0,0,-1,0,1392.803497,5.000000,0
1491,0,0,0,0,0,-1,0,1392.803497,5.000000,0
1497,0,0,0,0,0,-1,0,1392.803497,5.000000,0
1498,0,0,0,0,0,-1,0,1392.803497,5.000000,0
1511,0,0,0,0,0,-1,0,1392.803497,5.000000,0
1517,0,0,0,0,0,-1,0,1392.803497,5.000000,0
1518,0,0,0,0,0,-1,0,1392.803497,5.000000,0
1525,0,0,0,0,0,-1,0,1392.803497,5.000000,0
1551,0,0,0,0,0,-1,0,1392.803497,5.000000,0
1552,0,0,0,0,0,-1,0,1392.803497,5.000000,0
1554,0,0,0,0,0,-1,0,1392.803497,5.000000,0
1556,0,0,0,0,0,-1,0,1392.803497,5.000000,0
1557,0,0,0,0,0,-1,0,1392.803497,5.000000,0
1562,0,0,0,0,0,-1,0,1392.803497,5.000000,0
1563,0,0,0,0,0,-1,0,1392.803497,5.000000,0
1575,0,0,0,0,0,-1,0,1392.803497,5.000000,0
1576,0,0,0,0,0,-1,0,1392.803497,5.000000,0
1582,0,0,0,0,0,-1,0,1392.803497,5.000000,0
1590,0,0,0,0,0,-1,0,1392.803497,5.000000,0
1611,0,0,0,0,0,-1,0,1392.803497,5.000000,0
1616,0,0,0,0,0,-1,0,1392.803497,5.000000,0
1624,0,0,0,0,0,-1,0,1392.803497,5.000000,0
1632,0,0,0,0,0,-1,0,1392.803497,5.000000,0
1642,0,0,0,0,0,-1,0,1392.803497,5.000000,0
1647,0,0,0,0,0,-1,0,1392.803497,5.000000,0
1651,0,0,0,0,0,-1,0,1392.803497,5.000000,0
1656,0,0,0,0,0,-1,0,1392.803497,5.000000,0
1665,0,0,0,0,0,-1,0,1392.803497,5.000000,0
1667,0,0,0,0,0,-1,0,1392.803497,5.000000,0
1674,0,0,0,0,0,-1,0,1392.803497,5.000000,0
1677,0,0,0,0,0,-1,0,1392.803497,5.000000,0
1694,0,0,0,0,0,-1,0,1392.803497,5.000000,0
1697,0,0,0,0,0,-1,0,1392.803497,5.000000,0
1703,0,0,0,0,0,-1,0,1392.803497,5.000000,0
1714,0,0,0,0,0,-1,0,1392.803497,5.000000,0
1730,0,0,0,0,0,-1,0,1392.803497,5.000000,0
1732,0,0,0,0,0,-1,0,1392.803497,5.000000,0
1737,0,0,0,0,0,-1,0,1392.803497,5.000000,0
1741,0,0,0,0,0,-1,0,1392.803497,5.000000,0
1744,0,0,0,0,0,-1,0,1392.803497,5.000000,0
1749,0,0,0,0,0,-1,0,1392.803497,5.000000,0
1756,0,0,0,0,0,-1,0,1392.803497,5.000000,0
1760,0,0,0,0,0,-1,0,1392.803497,5.000000,0
1763,0,0,0,0,0,-1,0,1392.803497,5.000000,0
1770,0,0,0,0,0,-1,0,1392.803497,5.000000,0
1791,0,0,0,0,0,-1,0,1392.803497,5.000000,0
1807,0,0,0,0,0,-1,0,1392.803497,5.000000,0
1812,0,0,0,0,0,-1,0,1392.803497,5.000000,0
1813,0,0,0,0,0,-1,0,1392.803497,5.000000,0
1814,0,0,0,0,0,-1,0,1392.803497,5.000000,0
1820,0,0,0,0,0,-1,0,1392.803497,5.000000,0
1833,0,0,0,0,0,-1,0,1392.803497,5.000000,0
1847,0,0,0,0,0,-1,0,1392.803497,5.000000,0
1849,0,0,0,0,0,-1,0,1392.803497,5.000000,0
1869,0,0,0,0,0,-1,0,1392.803497,5.000000,0
1871,0,0,0,0,0,-1,0,1392.803497,5.000000,0
1885,0,0,0,0,0,-1,0,1392.803497,5.000000,0
1904,0,0,0,0,0,-1,0,1392.803497,5.000000,0
1927,0,0,0,0,0,-1,0,1392.803497,5.000000,0
1938,0,0,0,0,0,-1,0,1392.803497,5.000000,0
1945,0,0,0,0,0,-1,0,1392.803497,5.000000,0
1956,0,0,0,0,0,-1,0,1392.803497,5.000000,0
1966,0,0,0,0,0,-1,0,1392.803497,5.000000,0
1972,0,0,0,0,0,-1,0,1392.803497,5.000000,0
1979,0,0,0,0,0,-1,0,1392.803497,5.000000,0
1988,0,0,0,0,0,-1,0,1392.803497,5.000000,0
