frame,components,mse,size_bytes
1,5,998.7053686343603,8513.488372093023
1,10,569.3014229448389,16253.023255813954
1,15,394.95230470758236,23992.558139534885
1,20,291.1294336627885,31732.093023255813
1,25,223.83686216602283,39471.62790697675
1,30,178.44330595146448,47211.16279069767
1,35,145.30112531718189,54950.6976744186
1,40,120.82110967198716,62690.232558139534
1,45,101.11318210223887,70429.76744186047
1,50,84.99828731075013,78169.30232558139
1,55,71.93597398381813,85908.83720930232
1,60,61.150545890752326,93648.37209302325
1,65,52.22666301825724,101387.90697674418
1,70,44.699392127525606,109127.44186046511
1,75,38.27491408743627,116866.97674418605
1,80,32.78853768515972,124606.51162790698
2,5,984.7341727656272,8513.488372093023
2,10,562.4651651915698,16253.023255813954
2,15,388.39745627693486,23992.558139534885
2,20,286.07753764366936,31732.093023255813
2,25,220.2831924069971,39471.62790697675
2,30,175.42436373292782,47211.16279069767
2,35,142.97166041928378,54950.6976744186
2,40,118.11234330548388,62690.232558139534
2,45,98.25372864512647,70429.76744186047
2,50,82.23643945393775,78169.30232558139
2,55,69.46867889864971,85908.83720930232
2,60,59.04471587448297,93648.37209302325
2,65,50.36892435286159,101387.90697674418
2,70,43.118151701952215,109127.44186046511
2,75,36.96334873465995,116866.97674418605
2,80,31.674266441842747,124606.51162790698
3,5,968.0167284259131,8513.488372093023
3,10,557.8235636729148,16253.023255813954
3,15,390.2081947105585,23992.558139534885
3,20,287.83315699178246,31732.093023255813
3,25,220.79714082351316,39471.62790697675
3,30,175.13697670716448,47211.16279069767
3,35,143.19130162663038,54950.6976744186
3,40,118.43549181989574,62690.232558139534
3,45,98.60525536398832,70429.76744186047
3,50,82.8588598878644,78169.30232558139
3,55,69.8606961206021,85908.83720930232
3,60,59.24026273297527,93648.37209302325
3,65,50.42108611245491,101387.90697674418
3,70,43.12192298334061,109127.44186046511
3,75,36.880065011170906,116866.97674418605
3,80,31.51184749027776,124606.51162790698
4,5,953.4980210853113,8513.488372093023
4,10,553.1353994122386,16253.023255813954
4,15,384.2211595423219,23992.558139534885
4,20,284.4833690650368,31732.093023255813
4,25,220.48171521354973,39471.62790697675
4,30,175.40002865271504,47211.16279069767
4,35,141.84137798346978,54950.6976744186
4,40,117.1373789223648,62690.232558139534
4,45,97.4800990156954,70429.76744186047
4,50,81.44518579567189,78169.30232558139
4,55,68.47608167809291,85908.83720930232
4,60,58.09453212573813,93648.37209302325
4,65,49.33416649852587,101387.90697674418
4,70,41.95367252360058,109127.44186046511
4,75,35.94999786643466,116866.97674418605
4,80,30.723554250309867,124606.51162790698
5,5,945.77746967053,8513.488372093023
5,10,554.1823206292778,16253.023255813954
5,15,388.6237026726352,23992.558139534885
5,20,290.9254304077,31732.093023255813
5,25,226.12624911967012,39471.62790697675
5,30,180.1944912290413,47211.16279069767
5,35,146.55654702182957,54950.6976744186
5,40,120.31126549060123,62690.232558139534
5,45,100.07713361115036,70429.76744186047
5,50,83.82775262499393,78169.30232558139
5,55,70.66204136073483,85908.83720930232
5,60,59.795917247182395,93648.37209302325
5,65,50.76354142374559,101387.90697674418
5,70,43.272593283092256,109127.44186046511
5,75,36.9698274828245,116866.97674418605
5,80,31.58752906505284,124606.51162790698
6,5,929.2653326897303,8513.488372093023
6,10,531.842070680395,16253.023255813954
6,15,371.79079631567237,23992.558139534885
6,20,276.87033680903886,31732.093023255813
6,25,214.2730041047342,39471.62790697675
6,30,170.0586232861705,47211.16279069767
6,35,138.00031553466553,54950.6976744186
6,40,113.68734753408062,62690.232558139534
6,45,94.80012567125182,70429.76744186047
6,50,79.70035807811776,78169.30232558139
6,55,67.5134015615788,85908.83720930232
6,60,57.15158215522041,93648.37209302325
6,65,48.36592336403135,101387.90697674418
6,70,40.95544298611053,109127.44186046511
6,75,34.781095599220045,116866.97674418605
6,80,29.72095751507818,124606.51162790698
7,5,914.1967240955385,8513.488372093023
7,10,527.946355270211,16253.023255813954
7,15,369.7467310412688,23992.558139534885
7,20,274.45061998966645,31732.093023255813
7,25,211.45443987978013,39471.62790697675
7,30,168.4352475938445,47211.16279069767
7,35,136.56547885004258,54950.6976744186
7,40,112.57028539810935,62690.232558139534
7,45,94.02952109904676,70429.76744186047
7,50,78.75844694593135,78169.30232558139
7,55,66.29047510726816,85908.83720930232
7,60,56.201269957285916,93648.37209302325
7,65,47.74946090554666,101387.90697674418
7,70,40.61595205450998,109127.44186046511
7,75,34.59813526293376,116866.97674418605
7,80,29.571450395874567,124606.51162790698
8,5,909.3552710851096,8513.488372093023
8,10,527.3106987360974,16253.023255813954
8,15,366.4690681427694,23992.558139534885
8,20,269.2436330473559,31732.093023255813
8,25,207.33918306319728,39471.62790697675
8,30,164.75771433164024,47211.16279069767
8,35,134.08446796882336,54950.6976744186
8,40,110.0986217627925,62690.232558139534
8,45,91.4310382644285,70429.76744186047
8,50,76.23371734770959,78169.30232558139
8,55,64.14880737968842,85908.83720930232
8,60,54.469887327405715,93648.37209302325
8,65,46.21819301651754,101387.90697674418
8,70,39.27056638251075,109127.44186046511
8,75,33.607666531995456,116866.97674418605
8,80,28.70301841158929,124606.51162790698
9,5,919.7103145802015,8513.488372093023
9,10,537.3049159407522,16253.023255813954
9,15,368.8009802098884,23992.558139534885
9,20,270.8666352386017,31732.093023255813
9,25,209.08877757041142,39471.62790697675
9,30,165.3987697543238,47211.16279069767
9,35,134.10182862343922,54950.6976744186
9,40,109.8277660564059,62690.232558139534
9,45,90.88835497951541,70429.76744186047
9,50,76.04692856499547,78169.30232558139
9,55,64.11273688288513,85908.83720930232
9,60,54.263001198327665,93648.37209302325
9,65,46.18255527800254,101387.90697674418
9,70,39.435214379853555,109127.44186046511
9,75,33.7988042977157,116866.97674418605
9,80,29.00791115075467,124606.51162790698
10,5,906.1084511237957,8513.488372093023
10,10,527.668670923408,16253.023255813954
10,15,359.18203783340323,23992.558139534885
10,20,264.95335179014677,31732.093023255813
10,25,203.79420319076857,39471.62790697675
10,30,160.8446533088964,47211.16279069767
10,35,129.86095210015742,54950.6976744186
10,40,106.05348619851465,62690.232558139534
10,45,87.77346311562442,70429.76744186047
10,50,73.67876916971498,78169.30232558139
10,55,62.22309965904586,85908.83720930232
10,60,52.49149956049315,93648.37209302325
10,65,44.558966533295575,101387.90697674418
10,70,37.985320583332886,109127.44186046511
10,75,32.535870739229715,116866.97674418605
10,80,27.84004735418048,124606.51162790698
11,5,896.3646082429038,8513.488372093023
11,10,519.9722951718892,16253.023255813954
11,15,358.6570124345452,23992.558139534885
11,20,266.2435586543039,31732.093023255813
11,25,204.59208574163495,39471.62790697675
11,30,162.5509169451399,47211.16279069767
11,35,132.55461801372363,54950.6976744186
11,40,109.06693470915623,62690.232558139534
11,45,90.42316837537999,70429.76744186047
11,50,75.64127624048635,78169.30232558139
11,55,63.744342454765395,85908.83720930232
11,60,53.883793170867385,93648.37209302325
11,65,45.86137566587529,101387.90697674418
11,70,39.10240652560646,109127.44186046511
11,75,33.41895647775204,116866.97674418605
11,80,28.57020638211248,124606.51162790698
12,5,902.6613746748101,8513.488372093023
12,10,520.4098317001718,16253.023255813954
12,15,359.6244797308309,23992.558139534885
12,20,269.14340440167075,31732.093023255813
12,25,206.32314372731054,39471.62790697675
12,30,163.4399239034893,47211.16279069767
12,35,131.8820766754266,54950.6976744186
12,40,108.65378110492938,62690.232558139534
12,45,90.32356271058411,70429.76744186047
12,50,75.41282282369349,78169.30232558139
12,55,63.60249020941699,85908.83720930232
12,60,53.81497346264927,93648.37209302325
12,65,45.764365529062786,101387.90697674418
12,70,38.955079397102786,109127.44186046511
12,75,33.09595399982011,116866.97674418605
12,80,28.284498302621063,124606.51162790698
13,5,918.7140137949166,8513.488372093023
13,10,528.2912415269033,16253.023255813954
13,15,365.66681910103324,23992.558139534885
13,20,274.8992889417822,31732.093023255813
13,25,211.84436866013738,39471.62790697675
13,30,166.91691748959116,47211.16279069767
13,35,135.952418294624,54950.6976744186
13,40,112.06852349620723,62690.232558139534
13,45,93.19822577423999,70429.76744186047
13,50,78.0842004590485,78169.30232558139
13,55,65.71997019747052,85908.83720930232
13,60,55.60682480468038,93648.37209302325
13,65,47.51369030090015,101387.90697674418
13,70,40.65662692456813,109127.44186046511
13,75,34.850356955920645,116866.97674418605
13,80,29.81435070692352,124606.51162790698
14,5,905.7655827958711,8513.488372093023
14,10,519.774219743037,16253.023255813954
14,15,357.85140173847486,23992.558139534885
14,20,266.9198133656245,31732.093023255813
14,25,204.3159406104219,39471.62790697675
14,30,159.971290651764,47211.16279069767
14,35,128.49325463224702,54950.6976744186
14,40,105.99431705893454,62690.232558139534
14,45,88.52691456153028,70429.76744186047
14,50,74.3262138314756,78169.30232558139
14,55,62.786531388163105,85908.83720930232
14,60,53.14697881716367,93648.37209302325
14,65,45.17286827702974,101387.90697674418
14,70,38.60189165199462,109127.44186046511
14,75,33.0163263538876,116866.97674418605
14,80,28.248053088364955,124606.51162790698
15,5,912.0907200733561,8513.488372093023
15,10,531.3882935997946,16253.023255813954
15,15,366.2245677105513,23992.558139534885
15,20,272.5701341584873,31732.093023255813
15,25,210.72427052336653,39471.62790697675
15,30,166.6578884331698,47211.16279069767
15,35,135.1368165077093,54950.6976744186
15,40,110.87021084348216,62690.232558139534
15,45,91.97045411652904,70429.76744186047
15,50,77.12680247371178,78169.30232558139
15,55,64.89686545502309,85908.83720930232
15,60,55.17009612199821,93648.37209302325
15,65,46.99057497482939,101387.90697674418
15,70,40.09573482865924,109127.44186046511
15,75,34.215220274232486,116866.97674418605
15,80,29.204742167747753,124606.51162790698
16,5,908.1445135913046,8513.488372093023
16,10,525.8293882612383,16253.023255813954
16,15,365.58157319138576,23992.558139534885
16,20,271.06535068464666,31732.093023255813
16,25,209.76857191271037,39471.62790697675
16,30,166.15848168414712,47211.16279069767
16,35,133.89497573737754,54950.6976744186
16,40,109.26340889498408,62690.232558139534
16,45,89.91139965998325,70429.76744186047
16,50,74.79050534929472,78169.30232558139
16,55,62.679836353331346,85908.83720930232
16,60,52.95620724054147,93648.37209302325
16,65,45.0194609133316,101387.90697674418
16,70,38.58342538605246,109127.44186046511
16,75,32.96220013660774,116866.97674418605
16,80,28.186146141853094,124606.51162790698
17,5,909.1586339976296,8513.488372093023
17,10,536.2724162017474,16253.023255813954
17,15,376.6524026814054,23992.558139534885
17,20,279.22627968597936,31732.093023255813
17,25,217.10102723907517,39471.62790697675
17,30,172.89665327702477,47211.16279069767
17,35,140.28611496098617,54950.6976744186
17,40,115.26563645364419,62690.232558139534
17,45,95.07839325754796,70429.76744186047
17,50,79.21548278852703,78169.30232558139
17,55,66.19524146559195,85908.83720930232
17,60,56.11962935592416,93648.37209302325
17,65,47.87620217297149,101387.90697674418
17,70,40.88177239668042,109127.44186046511
17,75,34.885249561726454,116866.97674418605
17,80,29.858878980031047,124606.51162790698
18,5,885.2348613604786,8513.488372093023
18,10,545.0435172094353,16253.023255813954
18,15,379.93597595290817,23992.558139534885
18,20,281.2366937241596,31732.093023255813
18,25,217.1483789078358,39471.62790697675
18,30,171.68883670703855,47211.16279069767
18,35,139.09605054475173,54950.6976744186
18,40,113.68310101144858,62690.232558139534
18,45,94.15344628063683,70429.76744186047
18,50,78.54749959606383,78169.30232558139
18,55,65.6488608851115,85908.83720930232
18,60,55.22379436045023,93648.37209302325
18,65,46.6210294018618,101387.90697674418
18,70,39.54779032549015,109127.44186046511
18,75,33.601139699469456,116866.97674418605
18,80,28.640445352851355,124606.51162790698
19,5,893.0384624299026,8513.488372093023
19,10,558.8436003986454,16253.023255813954
19,15,394.6786655033921,23992.558139534885
19,20,290.53188569368683,31732.093023255813
19,25,225.26612887850814,39471.62790697675
19,30,179.52134338367324,47211.16279069767
19,35,144.36065628699845,54950.6976744186
19,40,118.62014762137656,62690.232558139534
19,45,97.96692052383683,70429.76744186047
19,50,81.69327078733998,78169.30232558139
19,55,68.6420233516551,85908.83720930232
19,60,57.705929248631065,93648.37209302325
19,65,48.75823824765246,101387.90697674418
19,70,41.46606237819627,109127.44186046511
19,75,35.38676418133881,116866.97674418605
19,80,30.216396356507186,124606.51162790698
20,5,901.8045160259733,8513.488372093023
20,10,563.2974231266422,16253.023255813954
20,15,392.9750523133677,23992.558139534885
20,20,290.3304211832032,31732.093023255813
20,25,225.4639889940551,39471.62790697675
20,30,178.77007531452006,47211.16279069767
20,35,143.60186142018108,54950.6976744186
20,40,117.3761216637502,62690.232558139534
20,45,97.07102378423832,70429.76744186047
20,50,81.20408278532204,78169.30232558139
20,55,68.06693397583483,85908.83720930232
20,60,57.3546831981941,93648.37209302325
20,65,48.67154588489408,101387.90697674418
20,70,41.34137932321404,109127.44186046511
20,75,35.14602868240375,116866.97674418605
20,80,29.84012777075464,124606.51162790698
21,5,899.9677564722498,8513.488372093023
21,10,565.4720574880716,16253.023255813954
21,15,399.68230506866263,23992.558139534885
21,20,295.4055670196628,31732.093023255813
21,25,230.57943806829948,39471.62790697675
21,30,184.1937472149983,47211.16279069767
21,35,149.10847852052967,54950.6976744186
21,40,122.25774593002953,62690.232558139534
21,45,101.85587655758114,70429.76744186047
21,50,85.45410783948056,78169.30232558139
21,55,72.24013965035638,85908.83720930232
21,60,61.06414183984769,93648.37209302325
21,65,51.90764430135972,101387.90697674418
21,70,44.10040867390234,109127.44186046511
21,75,37.412514923256914,116866.97674418605
21,80,31.792136631713266,124606.51162790698
22,5,894.2156800039667,8513.488372093023
22,10,553.747930166199,16253.023255813954
22,15,390.691550367493,23992.558139534885
22,20,290.8387912043396,31732.093023255813
22,25,224.8696951423358,39471.62790697675
22,30,179.3657362149016,47211.16279069767
22,35,144.678415815847,54950.6976744186
22,40,118.20906434209353,62690.232558139534
22,45,98.08755906690085,70429.76744186047
22,50,81.72038080916089,78169.30232558139
22,55,68.48329046306013,85908.83720930232
22,60,57.60980720637284,93648.37209302325
22,65,48.74576436204881,101387.90697674418
22,70,41.36898972480104,109127.44186046511
22,75,35.05275988079084,116866.97674418605
22,80,29.89594915382715,124606.51162790698
23,5,903.975819044899,8513.488372093023
23,10,555.452792893947,16253.023255813954
23,15,393.77994135672225,23992.558139534885
23,20,295.29412206932057,31732.093023255813
23,25,228.49590571575263,39471.62790697675
23,30,182.5787177428766,47211.16279069767
23,35,147.41538855126947,54950.6976744186
23,40,120.84999446293861,62690.232558139534
23,45,100.67013298187993,70429.76744186047
23,50,84.29338007242308,78169.30232558139
23,55,71.04537245200841,85908.83720930232
23,60,60.33613634630095,93648.37209302325
23,65,51.269715661541625,101387.90697674418
23,70,43.66353550325464,109127.44186046511
23,75,37.31418224885104,116866.97674418605
23,80,31.94142786822299,124606.51162790698
24,5,919.3986973430707,8513.488372093023
24,10,561.3866226901254,16253.023255813954
24,15,394.6256053356237,23992.558139534885
24,20,293.3701261876427,31732.093023255813
24,25,228.66653022912377,39471.62790697675
24,30,183.41204734383498,47211.16279069767
24,35,149.43863258246736,54950.6976744186
24,40,123.38699612069114,62690.232558139534
24,45,102.65380589350839,70429.76744186047
24,50,85.47718584979452,78169.30232558139
24,55,72.0963276255651,85908.83720930232
24,60,61.24416339668624,93648.37209302325
24,65,52.09108712072319,101387.90697674418
24,70,44.307986875160275,109127.44186046511
24,75,37.80008644404236,116866.97674418605
24,80,32.38318006999611,124606.51162790698
25,5,935.6001794826367,8513.488372093023
25,10,573.2508203088186,16253.023255813954
25,15,402.6255910406368,23992.558139534885
25,20,300.00928478423003,31732.093023255813
25,25,233.17342983713797,39471.62790697675
25,30,186.2477140659209,47211.16279069767
25,35,152.64231013547615,54950.6976744186
25,40,126.10272232282473,62690.232558139534
25,45,104.5034786974862,70429.76744186047
25,50,87.46544851353818,78169.30232558139
25,55,73.89114444193376,85908.83720930232
25,60,62.464331849844136,93648.37209302325
25,65,53.07477567310961,101387.90697674418
25,70,45.276648635775544,109127.44186046511
25,75,38.687604645076156,116866.97674418605
25,80,33.06754481599703,124606.51162790698
26,5,914.0697320095461,8513.488372093023
26,10,563.1532319068441,16253.023255813954
26,15,393.43441755843935,23992.558139534885
26,20,292.1113518699882,31732.093023255813
26,25,227.09699279405388,39471.62790697675
26,30,180.1547110014508,47211.16279069767
26,35,145.99203107576358,54950.6976744186
26,40,119.77856631760523,62690.232558139534
26,45,99.39719420710533,70429.76744186047
26,50,83.14015297751894,78169.30232558139
26,55,69.99827466958686,85908.83720930232
26,60,58.89514897454639,93648.37209302325
26,65,49.836089216562556,101387.90697674418
26,70,42.33228270218484,109127.44186046511
26,75,36.12352716731864,116866.97674418605
26,80,30.890829761485648,124606.51162790698
27,5,920.2498534608659,8513.488372093023
27,10,564.9086951708754,16253.023255813954
27,15,395.2131890013395,23992.558139534885
27,20,294.9059020695537,31732.093023255813
27,25,230.23454396205074,39471.62790697675
27,30,183.06632393171657,47211.16279069767
27,35,147.76377214158217,54950.6976744186
27,40,120.97561260897044,62690.232558139534
27,45,100.57251353152358,70429.76744186047
27,50,83.9907011564352,78169.30232558139
27,55,70.99245047886271,85908.83720930232
27,60,60.2503636454703,93648.37209302325
27,65,51.27103448602156,101387.90697674418
27,70,43.67047583842639,109127.44186046511
27,75,37.153709628924126,116866.97674418605
27,80,31.696998223432747,124606.51162790698
28,5,928.8361464800516,8513.488372093023
28,10,569.3601936090682,16253.023255813954
28,15,396.8835776846165,23992.558139534885
28,20,294.0025940041234,31732.093023255813
28,25,229.0673596719113,39471.62790697675
28,30,182.450892563982,47211.16279069767
28,35,147.67970677818244,54950.6976744186
28,40,121.0737257939751,62690.232558139534
28,45,99.91568002623526,70429.76744186047
28,50,83.7300103564796,78169.30232558139
28,55,70.9521036380621,85908.83720930232
28,60,60.236892973220705,93648.37209302325
28,65,51.153078605283355,101387.90697674418
28,70,43.463334838231084,109127.44186046511
28,75,37.00084379371929,116866.97674418605
28,80,31.656323319573797,124606.51162790698
29,5,951.159334888996,8513.488372093023
29,10,590.8976912928968,16253.023255813954
29,15,415.4435540454507,23992.558139534885
29,20,306.8033049059688,31732.093023255813
29,25,238.6735694419395,39471.62790697675
29,30,191.8701199795965,47211.16279069767
29,35,156.78302725884703,54950.6976744186
29,40,128.6919485354025,62690.232558139534
29,45,106.81934560789887,70429.76744186047
29,50,89.87233859823775,78169.30232558139
29,55,76.21350759126379,85908.83720930232
29,60,64.73553874726566,93648.37209302325
29,65,55.24614730751708,101387.90697674418
29,70,47.265389217603655,109127.44186046511
29,75,40.648723800893805,116866.97674418605
29,80,34.85305579150622,124606.51162790698
30,5,924.088598657147,8513.488372093023
30,10,578.7270981545623,16253.023255813954
30,15,411.0679987621681,23992.558139534885
30,20,305.087926940148,31732.093023255813
30,25,237.45120539810583,39471.62790697675
30,30,189.48597281608195,47211.16279069767
30,35,153.57701845198457,54950.6976744186
30,40,126.53357405155339,62690.232558139534
30,45,105.22630763919723,70429.76744186047
30,50,87.92167022265261,78169.30232558139
30,55,73.68969457346331,85908.83720930232
30,60,62.26931101801315,93648.37209302325
30,65,52.67703099736134,101387.90697674418
30,70,44.66719217259878,109127.44186046511
30,75,38.00627379748441,116866.97674418605
30,80,32.43582710413209,124606.51162790698
31,5,931.2105229661717,8513.488372093023
31,10,579.9431468858527,16253.023255813954
31,15,408.8900226044941,23992.558139534885
31,20,307.3401274101731,31732.093023255813
31,25,239.79222660350948,39471.62790697675
31,30,191.71762782017728,47211.16279069767
31,35,154.84864140112452,54950.6976744186
31,40,127.23231231873056,62690.232558139534
31,45,105.55756427285179,70429.76744186047
31,50,88.32870744673241,78169.30232558139
31,55,74.46669567907948,85908.83720930232
31,60,62.97669904101656,93648.37209302325
31,65,53.30119797904303,101387.90697674418
31,70,45.06028304309022,109127.44186046511
31,75,38.336069746439094,116866.97674418605
31,80,32.73767282815844,124606.51162790698
32,5,926.4402085800459,8513.488372093023
32,10,578.5913780912356,16253.023255813954
32,15,409.78390694814783,23992.558139534885
32,20,309.12931341895165,31732.093023255813
32,25,237.68924838179305,39471.62790697675
32,30,188.70258366934877,47211.16279069767
32,35,151.73592611709515,54950.6976744186
32,40,124.00292263393527,62690.232558139534
32,45,103.08746641686359,70429.76744186047
32,50,86.06322921174062,78169.30232558139
32,55,72.14704308294013,85908.83720930232
32,60,60.94560838961737,93648.37209302325
32,65,51.72070976188234,101387.90697674418
32,70,44.06053597293386,109127.44186046511
32,75,37.569502461512315,116866.97674418605
32,80,31.994449038126547,124606.51162790698
33,5,923.8878651567635,8513.488372093023
33,10,583.1589243247087,16253.023255813954
33,15,414.7109245765945,23992.558139534885
33,20,310.97389864799476,31732.093023255813
33,25,240.58777179627938,39471.62790697675
33,30,190.4087548775637,47211.16279069767
33,35,155.46681630770033,54950.6976744186
33,40,127.77647441856514,62690.232558139534
33,45,105.82603482230016,70429.76744186047
33,50,89.00597132639922,78169.30232558139
33,55,75.34271350471771,85908.83720930232
33,60,63.91469858938489,93648.37209302325
33,65,54.57963168032252,101387.90697674418
33,70,46.69426607128813,109127.44186046511
33,75,39.8813456316624,116866.97674418605
33,80,34.03284488850202,124606.51162790698
34,5,908.2808849377421,8513.488372093023
34,10,579.6364326303535,16253.023255813954
34,15,406.56196597439896,23992.558139534885
34,20,298.0738531744704,31732.093023255813
34,25,230.27307249107446,39471.62790697675
34,30,182.11509281935187,47211.16279069767
34,35,147.44038620335277,54950.6976744186
34,40,120.74684362739555,62690.232558139534
34,45,100.01772104894762,70429.76744186047
34,50,83.0833245493849,78169.30232558139
34,55,69.24617281427899,85908.83720930232
34,60,58.40547566501878,93648.37209302325
34,65,49.577426548344356,101387.90697674418
34,70,42.20464335540942,109127.44186046511
34,75,35.954176888101046,116866.97674418605
34,80,30.734146668729423,124606.51162790698
35,5,913.7082432955785,8513.488372093023
35,10,580.4432563485582,16253.023255813954
35,15,408.84948155360723,23992.558139534885
35,20,304.62864908269097,31732.093023255813
35,25,238.56175706327807,39471.62790697675
35,30,190.98801587886376,47211.16279069767
35,35,155.07782935492318,54950.6976744186
35,40,126.90526326587387,62690.232558139534
35,45,104.85782831764473,70429.76744186047
35,50,86.97013096653798,78169.30232558139
35,55,72.54122356495904,85908.83720930232
35,60,60.91685437218335,93648.37209302325
35,65,51.43628181910652,101387.90697674418
35,70,43.64538643397977,109127.44186046511
35,75,37.20280005304996,116866.97674418605
35,80,31.795642699541734,124606.51162790698
36,5,902.4833647630977,8513.488372093023
36,10,567.2711090318027,16253.023255813954
36,15,403.4252403500348,23992.558139534885
36,20,299.4051240653133,31732.093023255813
36,25,233.3111728054289,39471.62790697675
36,30,185.8855473401747,47211.16279069767
36,35,150.57355746945038,54950.6976744186
36,40,123.77453637780947,62690.232558139534
36,45,103.12978057371538,70429.76744186047
36,50,86.26318542486106,78169.30232558139
36,55,72.69696855164655,85908.83720930232
36,60,61.242451329771654,93648.37209302325
36,65,51.88212285082057,101387.90697674418
36,70,44.07993877964309,109127.44186046511
36,75,37.74908043886147,116866.97674418605
36,80,32.35086289669553,124606.51162790698
37,5,930.5833875202698,8513.488372093023
37,10,571.5024856903126,16253.023255813954
37,15,408.6379926466386,23992.558139534885
37,20,308.42774024503,31732.093023255813
37,25,243.40062766281866,39471.62790697675
37,30,194.30255392911084,47211.16279069767
37,35,157.49862400280983,54950.6976744186
37,40,129.53261869583744,62690.232558139534
37,45,107.72329394966711,70429.76744186047
37,50,90.47132825993616,78169.30232558139
37,55,76.34807138375466,85908.83720930232
37,60,64.84834502891223,93648.37209302325
37,65,55.15850642841917,101387.90697674418
37,70,46.87652890587931,109127.44186046511
37,75,40.08321655063938,116866.97674418605
37,80,34.273031242216106,124606.51162790698
38,5,948.7935539861659,8513.488372093023
38,10,576.8509087205393,16253.023255813954
38,15,408.3171953130577,23992.558139534885
38,20,304.440305019379,31732.093023255813
38,25,237.7493926460146,39471.62790697675
38,30,188.00673445093204,47211.16279069767
38,35,152.54819254209934,54950.6976744186
38,40,126.17575528248166,62690.232558139534
38,45,105.32355207884267,70429.76744186047
38,50,88.40154651539335,78169.30232558139
38,55,74.63510098810444,85908.83720930232
38,60,63.324187382889676,93648.37209302325
38,65,53.95028276337733,101387.90697674418
38,70,46.07424070100697,109127.44186046511
38,75,39.42800056187266,116866.97674418605
38,80,33.69332298046551,124606.51162790698
39,5,962.73616785006,8513.488372093023
39,10,576.0552221860087,16253.023255813954
39,15,403.33836453527556,23992.558139534885
39,20,306.4363905344466,31732.093023255813
39,25,238.3455819676287,39471.62790697675
39,30,189.42663899355654,47211.16279069767
39,35,153.7678370059098,54950.6976744186
39,40,127.28492256696069,62690.232558139534
39,45,106.27335513007775,70429.76744186047
39,50,89.48295876846409,78169.30232558139
39,55,75.59740491255552,85908.83720930232
39,60,64.25637398521987,93648.37209302325
39,65,54.73155394793547,101387.90697674418
39,70,46.83797009257651,109127.44186046511
39,75,40.126348751508914,116866.97674418605
39,80,34.433126857435774,124606.51162790698
40,5,959.2209531855473,8513.488372093023
40,10,560.3615704298638,16253.023255813954
40,15,390.7271334186056,23992.558139534885
40,20,295.2343538930174,31732.093023255813
40,25,230.09775818959332,39471.62790697675
40,30,183.18138246424698,47211.16279069767
40,35,148.32837931604175,54950.6976744186
40,40,123.01277479581802,62690.232558139534
40,45,102.69841719522995,70429.76744186047
40,50,86.37030487000808,78169.30232558139
40,55,72.8464365211906,85908.83720930232
40,60,61.77393542878576,93648.37209302325
40,65,52.522695982021595,101387.90697674418
40,70,44.91740231241572,109127.44186046511
40,75,38.49126949214464,116866.97674418605
40,80,33.0815242871346,124606.51162790698
41,5,951.9866766998665,8513.488372093023
41,10,563.6357212916197,16253.023255813954
41,15,394.70417064016726,23992.558139534885
41,20,299.33146913380403,31732.093023255813
41,25,235.149026020038,39471.62790697675
41,30,188.1494563919484,47211.16279069767
41,35,153.14469314284696,54950.6976744186
41,40,127.11776977673522,62690.232558139534
41,45,106.17230468207552,70429.76744186047
41,50,89.38544578124544,78169.30232558139
41,55,75.50338461172242,85908.83720930232
41,60,64.10919702681413,93648.37209302325
41,65,54.647265329471374,101387.90697674418
41,70,46.58616370548789,109127.44186046511
41,75,39.903750659927994,116866.97674418605
41,80,34.159173019213355,124606.51162790698
42,5,920.4797706151867,8513.488372093023
42,10,550.7408529342757,16253.023255813954
42,15,386.9549913056817,23992.558139534885
42,20,294.5918420908472,31732.093023255813
42,25,231.00454513652278,39471.62790697675
42,30,183.534465020687,47211.16279069767
42,35,148.21482490280715,54950.6976744186
42,40,122.12389983736902,62690.232558139534
42,45,101.97372763439007,70429.76744186047
42,50,85.45532529192528,78169.30232558139
42,55,72.18701354424233,85908.83720930232
42,60,61.19779063660413,93648.37209302325
42,65,52.04087423893525,101387.90697674418
42,70,44.46957491693644,109127.44186046511
42,75,38.03471858166774,116866.97674418605
42,80,32.50549482078893,124606.51162790698
43,5,902.662865946635,8513.488372093023
43,10,544.1752194269593,16253.023255813954
43,15,385.71478735550085,23992.558139534885
43,20,293.0276839654935,31732.093023255813
43,25,230.2702453161682,39471.62790697675
43,30,184.3339053606373,47211.16279069767
43,35,150.69999275931508,54950.6976744186
43,40,124.93718555149567,62690.232558139534
43,45,103.77319162876582,70429.76744186047
43,50,87.52530447082351,78169.30232558139
43,55,73.96493661721473,85908.83720930232
43,60,62.741734325339706,93648.37209302325
43,65,53.46877690550158,101387.90697674418
43,70,45.61782057414394,109127.44186046511
43,75,39.0433604617102,116866.97674418605
43,80,33.43809193759895,124606.51162790698
44,5,877.8947317045145,8513.488372093023
44,10,535.2592100272147,16253.023255813954
44,15,387.87176036760025,23992.558139534885
44,20,297.7555438236268,31732.093023255813
44,25,234.62838804774316,39471.62790697675
44,30,187.67186609815565,47211.16279069767
44,35,153.2468900016795,54950.6976744186
44,40,126.19932900006754,62690.232558139534
44,45,104.79611739466311,70429.76744186047
44,50,87.80947461721566,78169.30232558139
44,55,74.31114098752532,85908.83720930232
44,60,63.17167416795373,93648.37209302325
44,65,53.92104402117347,101387.90697674418
44,70,45.97501163906518,109127.44186046511
44,75,39.2883510709424,116866.97674418605
44,80,33.6839365916009,124606.51162790698
45,5,858.6375681175293,8513.488372093023
45,10,528.0803008564853,16253.023255813954
45,15,384.0663068218402,23992.558139534885
45,20,293.8635964933443,31732.093023255813
45,25,230.8391189085747,39471.62790697675
45,30,185.58507648018707,47211.16279069767
45,35,151.54404074198732,54950.6976744186
45,40,125.25636338961488,62690.232558139534
45,45,104.9629416129319,70429.76744186047
45,50,88.19947121226738,78169.30232558139
45,55,74.65881106841813,85908.83720930232
45,60,63.60823281593121,93648.37209302325
45,65,54.27297913414862,101387.90697674418
45,70,46.389630547046266,109127.44186046511
45,75,39.696552741102224,116866.97674418605
45,80,33.964088603185736,124606.51162790698
46,5,839.1591582868028,8513.488372093023
46,10,512.8086538366293,16253.023255813954
46,15,367.3277147716083,23992.558139534885
46,20,281.5459810918954,31732.093023255813
46,25,222.3617035859212,39471.62790697675
46,30,178.23799330798172,47211.16279069767
46,35,144.79955537394983,54950.6976744186
46,40,118.85017659426576,62690.232558139534
46,45,99.36388121487323,70429.76744186047
46,50,83.64227888895212,78169.30232558139
46,55,71.03810539647417,85908.83720930232
46,60,60.2496430230216,93648.37209302325
46,65,51.201447695897215,101387.90697674418
46,70,43.795634829615636,109127.44186046511
46,75,37.52957210446051,116866.97674418605
46,80,32.26193150753732,124606.51162790698
47,5,865.722012700922,8513.488372093023
47,10,527.1769973258437,16253.023255813954
47,15,374.5412384896425,23992.558139534885
47,20,288.01736164641403,31732.093023255813
47,25,227.8438339458623,39471.62790697675
47,30,183.42424850890345,47211.16279069767
47,35,149.35602569877454,54950.6976744186
47,40,123.3377102856757,62690.232558139534
47,45,103.09338417327474,70429.76744186047
47,50,86.88514132152956,78169.30232558139
47,55,73.41478028418986,85908.83720930232
47,60,62.27659572619134,93648.37209302325
47,65,53.19406924213755,101387.90697674418
47,70,45.564264676429005,109127.44186046511
47,75,39.121999373315695,116866.97674418605
47,80,33.573648387960255,124606.51162790698
48,5,880.0583096561762,8513.488372093023
48,10,531.0930368722007,16253.023255813954
48,15,375.77557661312767,23992.558139534885
48,20,286.8275893459008,31732.093023255813
48,25,225.4836945010381,39471.62790697675
48,30,179.84597489552942,47211.16279069767
48,35,146.08115175566243,54950.6976744186
48,40,120.68621600176182,62690.232558139534
48,45,100.70704975129817,70429.76744186047
48,50,84.56647874903403,78169.30232558139
48,55,71.32430991887297,85908.83720930232
48,60,60.58848007585386,93648.37209302325
48,65,51.74774973674692,101387.90697674418
48,70,44.185910013400495,109127.44186046511
48,75,37.84033087605205,116866.97674418605
48,80,32.50362198046262,124606.51162790698
49,5,891.5210546234648,8513.488372093023
49,10,545.5428129576387,16253.023255813954
49,15,384.4130182526133,23992.558139534885
49,20,292.21589045391096,31732.093023255813
49,25,230.13732047879975,39471.62790697675
49,30,184.34924016770628,47211.16279069767
49,35,150.72876219016348,54950.6976744186
49,40,124.83220197378874,62690.232558139534
49,45,104.3288975529976,70429.76744186047
49,50,87.96860245284606,78169.30232558139
49,55,74.63106970586131,85908.83720930232
49,60,63.54856861477148,93648.37209302325
49,65,54.384573601568306,101387.90697674418
49,70,46.736522468729376,109127.44186046511
49,75,40.138193667403,116866.97674418605
49,80,34.583814520184205,124606.51162790698
50,5,888.0203505676169,8513.488372093023
50,10,548.9800910944105,16253.023255813954
50,15,388.71937627057866,23992.558139534885
50,20,295.0669926405309,31732.093023255813
50,25,232.40850268777248,39471.62790697675
50,30,187.22092608305607,47211.16279069767
50,35,152.19373586508874,54950.6976744186
50,40,126.03982089390787,62690.232558139534
50,45,105.4057938279809,70429.76744186047
50,50,88.44825910987142,78169.30232558139
50,55,74.60270551711737,85908.83720930232
50,60,63.409175846638405,93648.37209302325
50,65,54.082432020837814,101387.90697674418
50,70,46.370728106004925,109127.44186046511
50,75,39.926212795169604,116866.97674418605
50,80,34.48937756526714,124606.51162790698
51,5,898.0172694455408,8513.488372093023
51,10,557.6391173911766,16253.023255813954
51,15,397.9921430074041,23992.558139534885
51,20,301.616599531856,31732.093023255813
51,25,236.44915241449831,39471.62790697675
51,30,190.30771361115873,47211.16279069767
51,35,155.13755133968692,54950.6976744186
51,40,128.55478838935664,62690.232558139534
51,45,107.71912959936014,70429.76744186047
51,50,90.55400664822987,78169.30232558139
51,55,76.71298847763435,85908.83720930232
51,60,65.46131734743965,93648.37209302325
51,65,55.93803839128701,101387.90697674418
51,70,47.86065276568335,109127.44186046511
51,75,41.141024808203305,116866.97674418605
51,80,35.32418302321698,124606.51162790698
52,5,929.3092193131789,8513.488372093023
52,10,563.8572991868664,16253.023255813954
52,15,401.3430691876692,23992.558139534885
52,20,307.13175819285897,31732.093023255813
52,25,241.67803875660258,39471.62790697675
52,30,194.86439479013157,47211.16279069767
52,35,160.08363789364253,54950.6976744186
52,40,132.92800759343652,62690.232558139534
52,45,111.25448691731386,70429.76744186047
52,50,93.9461791764497,78169.30232558139
52,55,80.04087954864222,85908.83720930232
52,60,68.17911371814353,93648.37209302325
52,65,58.21341968531246,101387.90697674418
52,70,49.9638785576308,109127.44186046511
52,75,43.03343390291269,116866.97674418605
52,80,37.14751972734585,124606.51162790698
53,5,925.4845974344189,8513.488372093023
53,10,560.6974534232763,16253.023255813954
53,15,397.50176452591705,23992.558139534885
53,20,301.91177290697675,31732.093023255813
53,25,238.42908053284745,39471.62790697675
53,30,190.3202872664342,47211.16279069767
53,35,156.41572116001305,54950.6976744186
53,40,130.15277915340891,62690.232558139534
53,45,109.20650066397702,70429.76744186047
53,50,92.18161373591914,78169.30232558139
53,55,77.65146230849685,85908.83720930232
53,60,65.84256702671584,93648.37209302325
53,65,56.13057671193534,101387.90697674418
53,70,48.225052148138424,109127.44186046511
53,75,41.56879586958551,116866.97674418605
53,80,35.90220662455859,124606.51162790698
54,5,896.9999737086786,8513.488372093023
54,10,554.969833246482,16253.023255813954
54,15,392.4318873961995,23992.558139534885
54,20,298.21787356022867,31732.093023255813
54,25,234.97771815084147,39471.62790697675
54,30,189.52639871955773,47211.16279069767
54,35,155.76982148269497,54950.6976744186
54,40,130.1211677550963,62690.232558139534
54,45,109.11319337084882,70429.76744186047
54,50,92.39294552556653,78169.30232558139
54,55,78.62432899150377,85908.83720930232
54,60,67.17836114163022,93648.37209302325
54,65,57.49401459394329,101387.90697674418
54,70,49.366088769886694,109127.44186046511
54,75,42.49939111571427,116866.97674418605
54,80,36.50721788342221,124606.51162790698
55,5,893.0910868035464,8513.488372093023
55,10,553.9693817108172,16253.023255813954
55,15,390.38036105693703,23992.558139534885
55,20,294.3660581181551,31732.093023255813
55,25,231.14281851476892,39471.62790697675
55,30,186.7549501644806,47211.16279069767
55,35,153.95806520576713,54950.6976744186
55,40,128.04386229450006,62690.232558139534
55,45,107.5972935062961,70429.76744186047
55,50,90.92380008257625,78169.30232558139
55,55,77.40652575532891,85908.83720930232
55,60,66.28782691607324,93648.37209302325
55,65,56.775851250949565,101387.90697674418
55,70,48.90322585147874,109127.44186046511
55,75,42.089480267386314,116866.97674418605
55,80,36.22582739482448,124606.51162790698
56,5,903.845616657452,8513.488372093023
56,10,554.3473790924342,16253.023255813954
56,15,392.45567613082835,23992.558139534885
56,20,294.4555852726059,31732.093023255813
56,25,231.55758563247144,39471.62790697675
56,30,189.2869943420997,47211.16279069767
56,35,156.56060726092,54950.6976744186
56,40,131.30901051375926,62690.232558139534
56,45,111.21099386278594,70429.76744186047
56,50,94.38379550196869,78169.30232558139
56,55,80.47849799074004,85908.83720930232
56,60,68.94735535517972,93648.37209302325
56,65,59.08126143893737,101387.90697674418
56,70,50.879609016314014,109127.44186046511
56,75,43.89929726234777,116866.97674418605
56,80,37.79416108805399,124606.51162790698
57,5,904.2241915826515,8513.488372093023
57,10,558.4912848210754,16253.023255813954
57,15,396.031645475275,23992.558139534885
57,20,298.82914360424786,31732.093023255813
57,25,235.95179274516272,39471.62790697675
57,30,191.55958304893358,47211.16279069767
57,35,157.8656744068988,54950.6976744186
57,40,131.89409122539627,62690.232558139534
57,45,111.42782759821618,70429.76744186047
57,50,94.3411589899094,78169.30232558139
57,55,80.41652782676721,85908.83720930232
57,60,68.79457091436929,93648.37209302325
57,65,59.09677824872726,101387.90697674418
57,70,50.78298118761849,109127.44186046511
57,75,43.659530232858934,116866.97674418605
57,80,37.63164517119213,124606.51162790698
58,5,901.3907699168986,8513.488372093023
58,10,566.3482465238922,16253.023255813954
58,15,399.2747453084316,23992.558139534885
58,20,299.99678655555,31732.093023255813
58,25,236.8040524961239,39471.62790697675
58,30,191.82475858957756,47211.16279069767
58,35,158.7852025169973,54950.6976744186
58,40,132.83281591101934,62690.232558139534
58,45,112.40586091233,70429.76744186047
58,50,95.41538444125729,78169.30232558139
58,55,81.26773178234676,85908.83720930232
58,60,69.37706008256046,93648.37209302325
58,65,59.328361439587,101387.90697674418
58,70,50.72265241881358,109127.44186046511
58,75,43.532590302065664,116866.97674418605
58,80,37.339042162409996,124606.51162790698
59,5,901.238440470397,8513.488372093023
59,10,568.2670168422595,16253.023255813954
59,15,402.5892451905692,23992.558139534885
59,20,305.00276530338846,31732.093023255813
59,25,240.75048351509355,39471.62790697675
59,30,197.06214473341666,47211.16279069767
59,35,163.57251459940431,54950.6976744186
59,40,136.6144353466822,62690.232558139534
59,45,115.35424638961229,70429.76744186047
59,50,97.92153733120645,78169.30232558139
59,55,83.2404685335054,85908.83720930232
59,60,71.07592043578352,93648.37209302325
59,65,60.73500587522866,101387.90697674418
59,70,51.96887220337307,109127.44186046511
59,75,44.4353712812268,116866.97674418605
59,80,38.026887474629156,124606.51162790698
60,5,887.1068357779764,8513.488372093023
60,10,556.2082943767653,16253.023255813954
60,15,395.0410086077987,23992.558139534885
60,20,300.5428824115717,31732.093023255813
60,25,237.6093455024265,39471.62790697675
60,30,191.66583616376596,47211.16279069767
60,35,157.57544673483497,54950.6976744186
60,40,130.7087286771569,62690.232558139534
60,45,109.75726873027082,70429.76744186047
60,50,92.53408123394436,78169.30232558139
60,55,78.61540004817188,85908.83720930232
60,60,67.17528579671382,93648.37209302325
60,65,57.64201797687648,101387.90697674418
60,70,49.680572920787235,109127.44186046511
60,75,42.76855410440615,116866.97674418605
60,80,36.7701492028267,124606.51162790698
61,5,895.5970396932418,8513.488372093023
61,10,564.2170165503078,16253.023255813954
61,15,405.60681252450667,23992.558139534885
61,20,310.7888514243458,31732.093023255813
61,25,242.96400426333486,39471.62790697675
61,30,195.72993522496674,47211.16279069767
61,35,160.4759984656744,54950.6976744186
61,40,132.9902350151082,62690.232558139534
61,45,111.73761461107621,70429.76744186047
61,50,94.3477662475245,78169.30232558139
61,55,79.90569909235676,85908.83720930232
61,60,68.03981371811946,93648.37209302325
61,65,58.23330918666139,101387.90697674418
61,70,49.89412966535953,109127.44186046511
61,75,42.797393310701146,116866.97674418605
61,80,36.84028894580547,124606.51162790698
62,5,897.1076828613338,8513.488372093023
62,10,556.9845532934321,16253.023255813954
62,15,404.4196826708394,23992.558139534885
62,20,307.0422065724199,31732.093023255813
62,25,242.08941892011595,39471.62790697675
62,30,195.8755981336803,47211.16279069767
62,35,159.58222056576278,54950.6976744186
62,40,132.5518374196423,62690.232558139534
62,45,111.09419676892358,70429.76744186047
62,50,93.90843226391877,78169.30232558139
62,55,79.43136853930653,85908.83720930232
62,60,67.39976365828372,93648.37209302325
62,65,57.65111205405333,101387.90697674418
62,70,49.41293085763271,109127.44186046511
62,75,42.35843450082594,116866.97674418605
62,80,36.31180751364891,124606.51162790698
63,5,889.0260244470514,8513.488372093023
63,10,550.2275913233965,16253.023255813954
63,15,397.9576934107587,23992.558139534885
63,20,305.8367066755859,31732.093023255813
63,25,242.2950817942921,39471.62790697675
63,30,194.70155296151867,47211.16279069767
63,35,160.02609212260663,54950.6976744186
63,40,133.45513732420784,62690.232558139534
63,45,112.13924674452994,70429.76744186047
63,50,94.53643013950405,78169.30232558139
63,55,80.12848466641137,85908.83720930232
63,60,68.19967388707161,93648.37209302325
63,65,58.57696598090794,101387.90697674418
63,70,50.46365024131544,109127.44186046511
63,75,43.643746308880075,116866.97674418605
63,80,37.70843934746851,124606.51162790698
64,5,855.452524445009,8513.488372093023
64,10,524.1913256518981,16253.023255813954
64,15,375.9289879085567,23992.558139534885
64,20,288.964803980383,31732.093023255813
64,25,227.8427964211328,39471.62790697675
64,30,184.0643159517508,47211.16279069767
64,35,151.5934432821644,54950.6976744186
64,40,126.65573775632197,62690.232558139534
64,45,106.46328711740139,70429.76744186047
64,50,89.6814472074422,78169.30232558139
64,55,76.1192516530676,85908.83720930232
64,60,64.82452646146182,93648.37209302325
64,65,55.44757127463024,101387.90697674418
64,70,47.45392250987129,109127.44186046511
64,75,40.75737390068536,116866.97674418605
64,80,35.060207329709996,124606.51162790698
65,5,851.6221107010368,8513.488372093023
65,10,523.1520453558965,16253.023255813954
65,15,371.161999504305,23992.558139534885
65,20,281.17348248003196,31732.093023255813
65,25,221.0688699963237,39471.62790697675
65,30,177.71749717649288,47211.16279069767
65,35,145.6929141858546,54950.6976744186
65,40,121.14297164750965,62690.232558139534
65,45,101.83005445721187,70429.76744186047
65,50,85.78120672085353,78169.30232558139
65,55,73.03347215136024,85908.83720930232
65,60,62.35207494149121,93648.37209302325
65,65,53.433577560114394,101387.90697674418
65,70,45.79034199338314,109127.44186046511
65,75,39.25040712495838,116866.97674418605
65,80,33.70869745574747,124606.51162790698
66,5,836.3393721504776,8513.488372093023
66,10,508.46568395827586,16253.023255813954
66,15,360.42013893445335,23992.558139534885
66,20,269.5622407033106,31732.093023255813
66,25,212.2803045707943,39471.62790697675
66,30,171.7106824975185,47211.16279069767
66,35,141.49438744449142,54950.6976744186
66,40,117.50164353904391,62690.232558139534
66,45,98.37410700606503,70429.76744186047
66,50,83.37056284279866,78169.30232558139
66,55,71.01599314037453,85908.83720930232
66,60,60.57767146358473,93648.37209302325
66,65,51.76222596012201,101387.90697674418
66,70,44.450252547783094,109127.44186046511
66,75,38.140656358078374,116866.97674418605
66,80,32.719945943308424,124606.51162790698
67,5,824.5405584397552,8513.488372093023
67,10,509.63941757334027,16253.023255813954
67,15,363.7080004239843,23992.558139534885
67,20,272.14600804781065,31732.093023255813
67,25,214.76921419573983,39471.62790697675
67,30,173.5511283916504,47211.16279069767
67,35,142.0886720779183,54950.6976744186
67,40,118.036094486047,62690.232558139534
67,45,98.97846606598823,70429.76744186047
67,50,83.46014531443547,78169.30232558139
67,55,71.14463336347836,85908.83720930232
67,60,60.88176763961667,93648.37209302325
67,65,52.19412013473832,101387.90697674418
67,70,44.83794619853299,109127.44186046511
67,75,38.4534681592281,116866.97674418605
67,80,32.99800171109052,124606.51162790698
68,5,811.2451864189135,8513.488372093023
68,10,495.94335802257984,16253.023255813954
68,15,350.54582644885306,23992.558139534885
68,20,263.07295336045354,31732.093023255813
68,25,207.0745897074261,39471.62790697675
68,30,166.62949658828953,47211.16279069767
68,35,136.51910251362818,54950.6976744186
68,40,112.96560384472406,62690.232558139534
68,45,94.20519506540712,70429.76744186047
68,50,79.22319402628177,78169.30232558139
68,55,66.99289016068728,85908.83720930232
68,60,57.12145548320322,93648.37209302325
68,65,48.94643968473432,101387.90697674418
68,70,42.08750530227639,109127.44186046511
68,75,36.178460211556676,116866.97674418605
68,80,31.13185147428261,124606.51162790698
69,5,808.5172136133932,8513.488372093023
69,10,492.32053796471894,16253.023255813954
69,15,347.78644940972293,23992.558139534885
69,20,263.69850208614315,31732.093023255813
69,25,208.53479125978066,39471.62790697675
69,30,167.31419363091484,47211.16279069767
69,35,136.40544170287416,54950.6976744186
69,40,112.97780069730102,62690.232558139534
69,45,94.59051733148692,70429.76744186047
69,50,80.00686880583113,78169.30232558139
69,55,68.34221935256787,85908.83720930232
69,60,58.41835528541285,93648.37209302325
69,65,50.066462415927965,101387.90697674418
69,70,43.12351472796523,109127.44186046511
69,75,37.19872505373297,116866.97674418605
69,80,31.96553082189417,124606.51162790698
70,5,803.7812618811166,8513.488372093023
70,10,489.40179155785927,16253.023255813954
70,15,348.97513369841863,23992.558139534885
70,20,266.8407724644763,31732.093023255813
70,25,210.75153304071162,39471.62790697675
70,30,169.4682491483507,47211.16279069767
70,35,138.74192815808703,54950.6976744186
70,40,114.64331950792568,62690.232558139534
70,45,95.53327271575873,70429.76744186047
70,50,80.53938777276983,78169.30232558139
70,55,68.49404983445841,85908.83720930232
70,60,58.44919746706907,93648.37209302325
70,65,50.040227229320536,101387.90697674418
70,70,42.878184407897514,109127.44186046511
70,75,36.754333217849165,116866.97674418605
70,80,31.46563936831816,124606.51162790698
71,5,821.3186002798766,8513.488372093023
71,10,503.9865857079039,16253.023255813954
71,15,361.1003616967495,23992.558139534885
71,20,273.7709749643102,31732.093023255813
71,25,216.7538604317732,39471.62790697675
71,30,174.41003268623118,47211.16279069767
71,35,142.5324327648437,54950.6976744186
71,40,117.80849233551078,62690.232558139534
71,45,98.59713282431908,70429.76744186047
71,50,83.53521660724134,78169.30232558139
71,55,71.26187682922179,85908.83720930232
71,60,60.91944544799771,93648.37209302325
71,65,52.271458198376806,101387.90697674418
71,70,44.823953291135815,109127.44186046511
71,75,38.43964376054233,116866.97674418605
71,80,33.063845707210376,124606.51162790698
72,5,814.5413324037628,8513.488372093023
72,10,501.92449855264977,16253.023255813954
72,15,357.2288082472471,23992.558139534885
72,20,264.48591233837635,31732.093023255813
72,25,207.83478244082536,39471.62790697675
72,30,167.75835501912192,47211.16279069767
72,35,136.46643888679912,54950.6976744186
72,40,112.50292056966076,62690.232558139534
72,45,93.63575411770118,70429.76744186047
72,50,78.79328090669613,78169.30232558139
72,55,66.81649085975046,85908.83720930232
72,60,56.9556114676391,93648.37209302325
72,65,48.7717048482222,101387.90697674418
72,70,41.75459603234188,109127.44186046511
72,75,35.883413357429056,116866.97674418605
72,80,30.927501136722228,124606.51162790698
73,5,804.6860095240729,8513.488372093023
73,10,493.99906743828313,16253.023255813954
73,15,354.29105807926135,23992.558139534885
73,20,265.5109842324439,31732.093023255813
73,25,208.2625665181731,39471.62790697675
73,30,167.56009033398064,47211.16279069767
73,35,137.1746453471608,54950.6976744186
73,40,113.59229612851186,62690.232558139534
73,45,94.90394944405628,70429.76744186047
73,50,79.76317172491406,78169.30232558139
73,55,67.85933036389255,85908.83720930232
73,60,58.00533206040025,93648.37209302325
73,65,49.68747085795966,101387.90697674418
73,70,42.78541274480717,109127.44186046511
73,75,36.88459100049999,116866.97674418605
73,80,31.796750170442966,124606.51162790698
74,5,793.850172100371,8513.488372093023
74,10,492.3864123065143,16253.023255813954
74,15,353.5570954360397,23992.558139534885
74,20,266.05332762939634,31732.093023255813
74,25,208.76512028868052,39471.62790697675
74,30,168.76193844613195,47211.16279069767
74,35,137.8591181369772,54950.6976744186
74,40,113.85865462085009,62690.232558139534
74,45,95.30392635317243,70429.76744186047
74,50,80.50729728579368,78169.30232558139
74,55,68.3619398748925,85908.83720930232
74,60,58.27310739961429,93648.37209302325
74,65,49.88387247026476,101387.90697674418
74,70,42.84082830027199,109127.44186046511
74,75,36.80756270557945,116866.97674418605
74,80,31.56439166872131,124606.51162790698
75,5,785.3281807103131,8513.488372093023
75,10,493.92879703954003,16253.023255813954
75,15,355.46483213831317,23992.558139534885
75,20,269.79152171744664,31732.093023255813
75,25,213.11913682387154,39471.62790697675
75,30,171.4235168964292,47211.16279069767
75,35,140.10880700794942,54950.6976744186
75,40,116.06979740927713,62690.232558139534
75,45,97.59284907728512,70429.76744186047
75,50,82.20222870016845,78169.30232558139
75,55,69.33307383361746,85908.83720930232
75,60,59.105684465915466,93648.37209302325
75,65,50.55451901773265,101387.90697674418
75,70,43.298369615136366,109127.44186046511
75,75,37.18413140436857,116866.97674418605
75,80,31.958279511263363,124606.51162790698
76,5,773.8096894055249,8513.488372093023
76,10,492.4078416596001,16253.023255813954
76,15,354.71915669484963,23992.558139534885
76,20,269.27258936561907,31732.093023255813
76,25,212.07557134075617,39471.62790697675
76,30,169.9132825955346,47211.16279069767
76,35,137.53908412598196,54950.6976744186
76,40,113.33209067096384,62690.232558139534
76,45,94.15252811189602,70429.76744186047
76,50,79.09754037336886,78169.30232558139
76,55,66.96300625507875,85908.83720930232
76,60,56.92180826838615,93648.37209302325
76,65,48.51930008780183,101387.90697674418
76,70,41.57706417590949,109127.44186046511
76,75,35.6985666346298,116866.97674418605
76,80,30.692455648659205,124606.51162790698
77,5,781.4683053354174,8513.488372093023
77,10,496.6300252375035,16253.023255813954
77,15,362.36929701508694,23992.558139534885
77,20,275.3247184716065,31732.093023255813
77,25,216.07082578780134,39471.62790697675
77,30,173.15377960267674,47211.16279069767
77,35,140.81125878522428,54950.6976744186
77,40,116.22375939427715,62690.232558139534
77,45,97.15804492506267,70429.76744186047
77,50,81.70237166821924,78169.30232558139
77,55,69.23877191587988,85908.83720930232
77,60,58.97245078143826,93648.37209302325
77,65,50.465152153219734,101387.90697674418
77,70,43.28355309074997,109127.44186046511
77,75,37.18776503108753,116866.97674418605
77,80,31.966647185485495,124606.51162790698
78,5,765.0709131967392,8513.488372093023
78,10,484.766858231873,16253.023255813954
78,15,351.5474354813527,23992.558139534885
78,20,266.8624707023605,31732.093023255813
78,25,209.23146098614254,39471.62790697675
78,30,168.75576376030358,47211.16279069767
78,35,137.50233830334554,54950.6976744186
78,40,113.86477503456902,62690.232558139534
78,45,95.29041886349964,70429.76744186047
78,50,80.45133445475453,78169.30232558139
78,55,68.3628332131665,85908.83720930232
78,60,58.228049517031515,93648.37209302325
78,65,49.755667558953306,101387.90697674418
78,70,42.64547165776863,109127.44186046511
78,75,36.56626503856228,116866.97674418605
78,80,31.3450754522918,124606.51162790698
79,5,782.811618276852,8513.488372093023
79,10,495.4436700663398,16253.023255813954
79,15,357.50043289466925,23992.558139534885
79,20,272.361461890888,31732.093023255813
79,25,215.56644183462032,39471.62790697675
79,30,174.21716544182524,47211.16279069767
79,35,143.02754603101846,54950.6976744186
79,40,118.14983793223298,62690.232558139534
79,45,98.56931887889222,70429.76744186047
79,50,82.84561346018991,78169.30232558139
79,55,69.90811275681065,85908.83720930232
79,60,59.31820664058844,93648.37209302325
79,65,50.45609131147528,101387.90697674418
79,70,43.24724930138784,109127.44186046511
79,75,37.156242436136786,116866.97674418605
79,80,31.994002585134613,124606.51162790698
80,5,810.1162946869433,8513.488372093023
80,10,501.68605617573627,16253.023255813954
80,15,360.04367932567396,23992.558139534885
80,20,270.0250585231184,31732.093023255813
80,25,210.84003740358685,39471.62790697675
80,30,170.1602088830874,47211.16279069767
80,35,139.17380321004947,54950.6976744186
80,40,115.36447183300321,62690.232558139534
80,45,96.43463495998155,70429.76744186047
80,50,81.21104914549643,78169.30232558139
80,55,68.99839774481995,85908.83720930232
80,60,58.87938076531293,93648.37209302325
80,65,50.446808413271725,101387.90697674418
80,70,43.33133239470327,109127.44186046511
80,75,37.35035605314221,116866.97674418605
80,80,32.203087954500475,124606.51162790698
81,5,814.7977709290692,8513.488372093023
81,10,506.90778503375327,16253.023255813954
81,15,359.23990730867865,23992.558139534885
81,20,268.46724047830884,31732.093023255813
81,25,210.86818310094063,39471.62790697675
81,30,169.8327065479792,47211.16279069767
81,35,139.53776550353643,54950.6976744186
81,40,115.9966837221942,62690.232558139534
81,45,97.69158449373123,70429.76744186047
81,50,82.62303894243878,78169.30232558139
81,55,70.11275173556521,85908.83720930232
81,60,59.8139382705616,93648.37209302325
81,65,51.25899384792713,101387.90697674418
81,70,44.02309778059926,109127.44186046511
81,75,37.97604326855583,116866.97674418605
81,80,32.7702679182329,124606.51162790698
82,5,804.5351010118835,8513.488372093023
82,10,501.0463883065486,16253.023255813954
82,15,359.02489807330244,23992.558139534885
82,20,270.6010766122034,31732.093023255813
82,25,212.91755852550247,39471.62790697675
82,30,170.84142143514572,47211.16279069767
82,35,140.07234785474859,54950.6976744186
82,40,116.29057434111566,62690.232558139534
82,45,97.44427497124171,70429.76744186047
82,50,81.91954120654997,78169.30232558139
82,55,69.187525188768,85908.83720930232
82,60,58.7724739296421,93648.37209302325
82,65,50.29824540721768,101387.90697674418
82,70,43.05691527214262,109127.44186046511
82,75,36.909403716426034,116866.97674418605
82,80,31.682431293035222,124606.51162790698
83,5,811.3857230558896,8513.488372093023
83,10,507.79976421968667,16253.023255813954
83,15,362.9100451474804,23992.558139534885
83,20,275.89095565221277,31732.093023255813
83,25,215.42854996164175,39471.62790697675
83,30,174.1480191487763,47211.16279069767
83,35,142.35394395113565,54950.6976744186
83,40,118.16065974914251,62690.232558139534
83,45,98.719963251556,70429.76744186047
83,50,82.95567857858417,78169.30232558139
83,55,70.17728156083476,85908.83720930232
83,60,59.44351302429736,93648.37209302325
83,65,50.68825094785977,101387.90697674418
83,70,43.28593304657005,109127.44186046511
83,75,37.002606220846786,116866.97674418605
83,80,31.7492366461776,124606.51162790698
84,5,822.7652904785635,8513.488372093023
84,10,512.6394821033663,16253.023255813954
84,15,362.20481920941023,23992.558139534885
84,20,274.43045740178206,31732.093023255813
84,25,213.96967507245682,39471.62790697675
84,30,172.18671955389968,47211.16279069767
84,35,140.74395342188876,54950.6976744186
84,40,116.70745967995096,62690.232558139534
84,45,97.49514410336789,70429.76744186047
84,50,81.68339005050942,78169.30232558139
84,55,68.92492941353436,85908.83720930232
84,60,58.38552536582496,93648.37209302325
84,65,49.864420128999946,101387.90697674418
84,70,42.59074586102484,109127.44186046511
84,75,36.38847270892433,116866.97674418605
84,80,31.15820920008166,124606.51162790698
85,5,835.5474903082668,8513.488372093023
85,10,518.6205159565794,16253.023255813954
85,15,367.856097761857,23992.558139534885
85,20,278.59808477969904,31732.093023255813
85,25,218.62912629700335,39471.62790697675
85,30,176.87365859508927,47211.16279069767
85,35,145.0258289799939,54950.6976744186
85,40,120.60810863429256,62690.232558139534
85,45,100.79605979420913,70429.76744186047
85,50,84.73365995871754,78169.30232558139
85,55,72.00410261406604,85908.83720930232
85,60,61.33956097227357,93648.37209302325
85,65,52.40718963960393,101387.90697674418
85,70,44.93621856777319,109127.44186046511
85,75,38.53495047843438,116866.97674418605
85,80,33.03739437367973,124606.51162790698
86,5,833.9076033458149,8513.488372093023
86,10,502.4816198142326,16253.023255813954
86,15,357.01084960323175,23992.558139534885
86,20,269.4095982125343,31732.093023255813
86,25,210.74251297039552,39471.62790697675
86,30,170.60487634415725,47211.16279069767
86,35,139.5569708485094,54950.6976744186
86,40,116.27445301504581,62690.232558139534
86,45,97.50425326998358,70429.76744186047
86,50,82.47096071048864,78169.30232558139
86,55,70.02935096220095,85908.83720930232
86,60,59.66663828112723,93648.37209302325
86,65,50.92464260377784,101387.90697674418
86,70,43.500689290394504,109127.44186046511
86,75,37.17729788874903,116866.97674418605
86,80,31.86144655571158,124606.51162790698
87,5,835.10019508723,8513.488372093023
87,10,502.8632046163182,16253.023255813954
87,15,358.2147458544752,23992.558139534885
87,20,269.3376545976343,31732.093023255813
87,25,211.71814985265348,39471.62790697675
87,30,171.92122862552594,47211.16279069767
87,35,141.0061220046722,54950.6976744186
87,40,116.68743710323461,62690.232558139534
87,45,97.31762971673376,70429.76744186047
87,50,81.64335737168642,78169.30232558139
87,55,69.18922902084228,85908.83720930232
87,60,59.04107752219677,93648.37209302325
87,65,50.480574807448065,101387.90697674418
87,70,43.204243430705255,109127.44186046511
87,75,37.011994961094445,116866.97674418605
87,80,31.732230322919726,124606.51162790698
88,5,850.7705712695777,8513.488372093023
88,10,521.9655230910903,16253.023255813954
88,15,370.51805662694824,23992.558139534885
88,20,276.4252030745274,31732.093023255813
88,25,213.5799931191736,39471.62790697675
88,30,172.1293435835106,47211.16279069767
88,35,141.07865415218552,54950.6976744186
88,40,117.08582158504734,62690.232558139534
88,45,97.7444821092147,70429.76744186047
88,50,82.25138959620863,78169.30232558139
88,55,69.44526953234197,85908.83720930232
88,60,58.91279446161325,93648.37209302325
88,65,50.170265193677345,101387.90697674418
88,70,42.871834971127726,109127.44186046511
88,75,36.621408508381556,116866.97674418605
88,80,31.28498315383722,124606.51162790698
89,5,866.4015496583419,8513.488372093023
89,10,541.4634751491525,16253.023255813954
89,15,376.65106805567603,23992.558139534885
89,20,280.009322522624,31732.093023255813
89,25,216.8534767818776,39471.62790697675
89,30,173.85724979070326,47211.16279069767
89,35,142.2633546105802,54950.6976744186
89,40,117.22112726725491,62690.232558139534
89,45,97.87984151327339,70429.76744186047
89,50,81.97226062679394,78169.30232558139
89,55,69.2847040013231,85908.83720930232
89,60,58.818292997154,93648.37209302325
89,65,50.10504907905225,101387.90697674418
89,70,42.742212241200384,109127.44186046511
89,75,36.41842902538469,116866.97674418605
89,80,31.039499398161496,124606.51162790698
90,5,875.180923735268,8513.488372093023
90,10,544.698106170486,16253.023255813954
90,15,379.70205317881704,23992.558139534885
90,20,285.2077615287807,31732.093023255813
90,25,223.3471661269935,39471.62790697675
90,30,179.3549786592822,47211.16279069767
90,35,145.92503920129363,54950.6976744186
90,40,120.48895408340667,62690.232558139534
90,45,100.36791827828164,70429.76744186047
90,50,84.03807749051546,78169.30232558139
90,55,70.50870854493616,85908.83720930232
90,60,59.47774772843481,93648.37209302325
90,65,50.26808923880357,101387.90697674418
90,70,42.834675316207154,109127.44186046511
90,75,36.568523794772005,116866.97674418605
90,80,31.14739462324536,124606.51162790698
91,5,889.5085437482467,8513.488372093023
91,10,544.3952607496883,16253.023255813954
91,15,380.5706092941296,23992.558139534885
91,20,285.78854929797944,31732.093023255813
91,25,223.21920127183176,39471.62790697675
91,30,179.66371865443514,47211.16279069767
91,35,147.11595741620752,54950.6976744186
91,40,121.28801780657282,62690.232558139534
91,45,101.15645870231236,70429.76744186047
91,50,84.99099035398416,78169.30232558139
91,55,71.80631837929018,85908.83720930232
91,60,61.04984112382438,93648.37209302325
91,65,52.022546380365654,101387.90697674418
91,70,44.48912341234515,109127.44186046511
91,75,38.12592573396689,116866.97674418605
91,80,32.606449826835984,124606.51162790698
92,5,891.9174417977698,8513.488372093023
92,10,535.9476109787481,16253.023255813954
92,15,371.32600841744704,23992.558139534885
92,20,278.61136900106425,31732.093023255813
92,25,218.82922983706982,39471.62790697675
92,30,177.3185253668673,47211.16279069767
92,35,144.94760433769085,54950.6976744186
92,40,120.88525049884407,62690.232558139534
92,45,101.41629866042085,70429.76744186047
92,50,85.4262716641133,78169.30232558139
92,55,72.27076366360994,85908.83720930232
92,60,61.545457922257285,93648.37209302325
92,65,52.359707478677485,101387.90697674418
92,70,44.62235127870959,109127.44186046511
92,75,38.07745748020496,116866.97674418605
92,80,32.49213862269415,124606.51162790698
93,5,898.0768407332497,8513.488372093023
93,10,537.0279572215278,16253.023255813954
93,15,375.57918482820196,23992.558139534885
93,20,283.42342033113727,31732.093023255813
93,25,223.70929843170606,39471.62790697675
93,30,179.72243061207396,47211.16279069767
93,35,147.32508333084655,54950.6976744186
93,40,122.35776834091767,62690.232558139534
93,45,102.78672657106085,70429.76744186047
93,50,87.29648213254823,78169.30232558139
93,55,74.46115059079341,85908.83720930232
93,60,63.50634206688733,93648.37209302325
93,65,54.25198733143297,101387.90697674418
93,70,46.43962230273301,109127.44186046511
93,75,39.85686253473337,116866.97674418605
93,80,34.28787759330848,124606.51162790698
94,5,896.586446690519,8513.488372093023
94,10,528.10496200162,16253.023255813954
94,15,372.2632743137937,23992.558139534885
94,20,282.65756993794406,31732.093023255813
94,25,223.44713260252948,39471.62790697675
94,30,178.2567142559256,47211.16279069767
94,35,145.2702262242575,54950.6976744186
94,40,119.9225211202998,62690.232558139534
94,45,100.39253025102853,70429.76744186047
94,50,84.60303431240492,78169.30232558139
94,55,71.63568666981769,85908.83720930232
94,60,60.9427444566279,93648.37209302325
94,65,52.04764801221238,101387.90697674418
94,70,44.65527917778946,109127.44186046511
94,75,38.333412682205605,116866.97674418605
94,80,32.84965871010625,124606.51162790698
95,5,885.0134745799877,8513.488372093023
95,10,518.8893979213246,16253.023255813954
95,15,366.375502198254,23992.558139534885
95,20,278.78564447348737,31732.093023255813
95,25,219.1585332387982,39471.62790697675
95,30,176.10782906845685,47211.16279069767
95,35,144.2552179646055,54950.6976744186
95,40,119.37149523206756,62690.232558139534
95,45,99.83031602787634,70429.76744186047
95,50,84.16623065514611,78169.30232558139
95,55,71.32955307755032,85908.83720930232
95,60,60.940402512580775,93648.37209302325
95,65,52.22510841192139,101387.90697674418
95,70,44.85265169342212,109127.44186046511
95,75,38.49981477596372,116866.97674418605
95,80,33.13861431140479,124606.51162790698
96,5,875.5417428122327,8513.488372093023
96,10,511.3218400463696,16253.023255813954
96,15,363.2873203744679,23992.558139534885
96,20,276.5800984279674,31732.093023255813
96,25,216.23384041496018,39471.62790697675
96,30,172.3532102374038,47211.16279069767
96,35,139.84868571588873,54950.6976744186
96,40,115.3072111025783,62690.232558139534
96,45,96.36974351588248,70429.76744186047
96,50,81.64029686143533,78169.30232558139
96,55,69.25102092730079,85908.83720930232
96,60,59.175031884316354,93648.37209302325
96,65,50.66840430775887,101387.90697674418
96,70,43.58264221623061,109127.44186046511
96,75,37.4883078359078,116866.97674418605
96,80,32.16536972366154,124606.51162790698
97,5,873.8986171229154,8513.488372093023
97,10,518.9462265272915,16253.023255813954
97,15,370.88744494395286,23992.558139534885
97,20,281.02332668177615,31732.093023255813
97,25,218.0662364996316,39471.62790697675
97,30,174.08640881496643,47211.16279069767
97,35,141.30484983459542,54950.6976744186
97,40,116.83600886018188,62690.232558139534
97,45,97.98454233972562,70429.76744186047
97,50,83.08276704845494,78169.30232558139
97,55,70.71364055953426,85908.83720930232
97,60,60.51327862591907,93648.37209302325
97,65,51.884562902597565,101387.90697674418
97,70,44.5189161717162,109127.44186046511
97,75,38.23089690773451,116866.97674418605
97,80,32.86464144750883,124606.51162790698
98,5,870.033925808379,8513.488372093023
98,10,522.76028370858,16253.023255813954
98,15,367.7690683641963,23992.558139534885
98,20,278.4177036145907,31732.093023255813
98,25,215.19659607873658,39471.62790697675
98,30,171.5866743891667,47211.16279069767
98,35,139.37004642446766,54950.6976744186
98,40,115.24544002033713,62690.232558139534
98,45,96.30223365782334,70429.76744186047
98,50,81.32197918562724,78169.30232558139
98,55,69.09420374192788,85908.83720930232
98,60,58.85958256441248,93648.37209302325
98,65,50.100119322717575,101387.90697674418
98,70,42.827792236513766,109127.44186046511
98,75,36.684336228685176,116866.97674418605
98,80,31.374984737269422,124606.51162790698
99,5,864.9478927663175,8513.488372093023
99,10,529.5676953837453,16253.023255813954
99,15,375.21072620679996,23992.558139534885
99,20,282.8180102882972,31732.093023255813
99,25,221.23700048038899,39471.62790697675
99,30,176.47481293492945,47211.16279069767
99,35,144.07443481844007,54950.6976744186
99,40,118.79738582164435,62690.232558139534
99,45,98.66899253235587,70429.76744186047
99,50,83.0931010513376,78169.30232558139
99,55,70.09735767919162,85908.83720930232
99,60,59.49569301124378,93648.37209302325
99,65,50.8344598952529,101387.90697674418
99,70,43.474874361165746,109127.44186046511
99,75,37.21520551440129,116866.97674418605
99,80,31.880755262937807,124606.51162790698
100,5,870.3769518297742,8513.488372093023
100,10,530.2410710961481,16253.023255813954
100,15,381.9741831123243,23992.558139534885
100,20,288.10663600991063,31732.093023255813
100,25,223.63278518240668,39471.62790697675
100,30,178.07606144294257,47211.16279069767
100,35,144.9004379211773,54950.6976744186
100,40,119.5241830404514,62690.232558139534
100,45,99.27441117171378,70429.76744186047
100,50,83.08514223499147,78169.30232558139
100,55,70.28728567073699,85908.83720930232
100,60,59.94999341489884,93648.37209302325
100,65,51.1518759497851,101387.90697674418
100,70,43.7754147446577,109127.44186046511
100,75,37.48442901307875,116866.97674418605
100,80,32.08221917178488,124606.51162790698
101,5,893.2580160489565,8513.488372093023
101,10,545.9256014688949,16253.023255813954
101,15,393.7127563504464,23992.558139534885
101,20,295.379715020624,31732.093023255813
101,25,227.08090054395612,39471.62790697675
101,30,180.52817908970476,47211.16279069767
101,35,147.31694908629956,54950.6976744186
101,40,121.81917432688455,62690.232558139534
101,45,102.00742090914495,70429.76744186047
101,50,86.22447104118751,78169.30232558139
101,55,73.25462338594781,85908.83720930232
101,60,62.48877009860553,93648.37209302325
101,65,53.487465552856904,101387.90697674418
101,70,45.79181123160362,109127.44186046511
101,75,39.130710306533864,116866.97674418605
101,80,33.59834487055817,124606.51162790698
102,5,890.1797906175223,8513.488372093023
102,10,540.4165083027707,16253.023255813954
102,15,386.76529862252244,23992.558139534885
102,20,289.45721950466077,31732.093023255813
102,25,221.93697619591077,39471.62790697675
102,30,175.75730368521494,47211.16279069767
102,35,142.3673918076965,54950.6976744186
102,40,117.59165869269053,62690.232558139534
102,45,98.3355312461197,70429.76744186047
102,50,82.66034516654075,78169.30232558139
102,55,69.83727271994171,85908.83720930232
102,60,59.321472175592675,93648.37209302325
102,65,50.533879638559554,101387.90697674418
102,70,43.1866105353308,109127.44186046511
102,75,36.99612684548687,116866.97674418605
102,80,31.635925315317667,124606.51162790698
103,5,880.0483805877619,8513.488372093023
103,10,531.0517543585828,16253.023255813954
103,15,376.8242118091445,23992.558139534885
103,20,278.4639127856367,31732.093023255813
103,25,213.0952865219924,39471.62790697675
103,30,169.82050708664582,47211.16279069767
103,35,138.83528336452207,54950.6976744186
103,40,114.41668709473359,62690.232558139534
103,45,94.96298091723068,70429.76744186047
103,50,79.86048616442837,78169.30232558139
103,55,67.57109613673842,85908.83720930232
103,60,57.313871647722095,93648.37209302325
103,65,48.90082039097587,101387.90697674418
103,70,41.683669328613625,109127.44186046511
103,75,35.611951392791006,116866.97674418605
103,80,30.494695827013683,124606.51162790698
104,5,879.7792228314852,8513.488372093023
104,10,519.7716508999525,16253.023255813954
104,15,366.59479578587246,23992.558139534885
104,20,275.51258409855217,31732.093023255813
104,25,212.17751286538945,39471.62790697675
104,30,168.957443364993,47211.16279069767
104,35,137.786857362692,54950.6976744186
104,40,113.49779938097217,62690.232558139534
104,45,94.50969754484845,70429.76744186047
104,50,79.0474685602807,78169.30232558139
104,55,66.53993286328634,85908.83720930232
104,60,56.46404744834046,93648.37209302325
104,65,48.227882166006744,101387.90697674418
104,70,41.24826442315597,109127.44186046511
104,75,35.338162847874095,116866.97674418605
104,80,30.33113355797216,124606.51162790698
105,5,874.8551600358124,8513.488372093023
105,10,508.27449015939874,16253.023255813954
105,15,349.18959160825136,23992.558139534885
105,20,263.841761600518,31732.093023255813
105,25,204.32507922050252,39471.62790697675
105,30,162.32303844402367,47211.16279069767
105,35,131.29093760991142,54950.6976744186
105,40,107.8342427688778,62690.232558139534
105,45,90.26229250353795,70429.76744186047
105,50,76.20881314432518,78169.30232558139
105,55,64.50876381886114,85908.83720930232
105,60,54.5776660601423,93648.37209302325
105,65,46.35753632693386,101387.90697674418
105,70,39.56533397708078,109127.44186046511
105,75,33.78256184162264,116866.97674418605
105,80,28.878310860191878,124606.51162790698
106,5,866.9742740906371,8513.488372093023
106,10,512.1662978968201,16253.023255813954
106,15,351.0904408047028,23992.558139534885
106,20,261.2838752798904,31732.093023255813
106,25,200.8303133683667,39471.62790697675
106,30,160.95021638567866,47211.16279069767
106,35,131.77137998487913,54950.6976744186
106,40,109.44040438402685,62690.232558139534
106,45,91.57900317542212,70429.76744186047
106,50,77.21898990625043,78169.30232558139
106,55,65.37436783541791,85908.83720930232
106,60,55.556548511641125,93648.37209302325
106,65,47.37914804265485,101387.90697674418
106,70,40.46777594876221,109127.44186046511
106,75,34.611241020493814,116866.97674418605
106,80,29.652335413472013,124606.51162790698
107,5,849.8842988339034,8513.488372093023
107,10,502.01746117862456,16253.023255813954
107,15,352.6114018199833,23992.558139534885
107,20,264.9783683455219,31732.093023255813
107,25,205.71349203671025,39471.62790697675
107,30,165.2730188263918,47211.16279069767
107,35,134.55549633403672,54950.6976744186
107,40,111.01564652533554,62690.232558139534
107,45,93.04197969710442,70429.76744186047
107,50,78.35298661438728,78169.30232558139
107,55,66.32938354105838,85908.83720930232
107,60,56.222158310681905,93648.37209302325
107,65,47.76548743445986,101387.90697674418
107,70,40.814893570553274,109127.44186046511
107,75,35.06159887008543,116866.97674418605
107,80,30.08342775682139,124606.51162790698
108,5,844.1930731894707,8513.488372093023
108,10,506.9152344688315,16253.023255813954
108,15,363.4599522419602,23992.558139534885
108,20,276.77651114266695,31732.093023255813
108,25,217.66174351612452,39471.62790697675
108,30,175.17844073665538,47211.16279069767
108,35,142.53363967575964,54950.6976744186
108,40,117.77039052574435,62690.232558139534
108,45,98.31756424744259,70429.76744186047
108,50,82.41734781894843,78169.30232558139
108,55,69.57079899570364,85908.83720930232
108,60,58.72013059167722,93648.37209302325
108,65,49.961253971886165,101387.90697674418
108,70,42.67870418814893,109127.44186046511
108,75,36.637900754535714,116866.97674418605
108,80,31.565242080494055,124606.51162790698
109,5,846.9760223058237,8513.488372093023
109,10,508.0153551648461,16253.023255813954
109,15,362.3468383748797,23992.558139534885
109,20,273.13901009774827,31732.093023255813
109,25,213.57140422832111,39471.62790697675
109,30,170.4138018773115,47211.16279069767
109,35,138.16605597329647,54950.6976744186
109,40,113.48470695612242,62690.232558139534
109,45,94.65559277446795,70429.76744186047
109,50,79.73152033529902,78169.30232558139
109,55,67.36887935139785,85908.83720930232
109,60,56.993645711551395,93648.37209302325
109,65,48.2730437381684,101387.90697674418
109,70,40.96564723354492,109127.44186046511
109,75,34.94222618427679,116866.97674418605
109,80,29.877663153663704,124606.51162790698
110,5,864.0875048500781,8513.488372093023
110,10,523.0202477096763,16253.023255813954
110,15,370.3353717497164,23992.558139534885
110,20,278.84058792196896,31732.093023255813
110,25,216.53451963853124,39471.62790697675
110,30,172.85144725153083,47211.16279069767
110,35,141.0487526812055,54950.6976744186
110,40,116.0011236683122,62690.232558139534
110,45,96.74641782110484,70429.76744186047
110,50,81.28038872049726,78169.30232558139
110,55,68.50997448626217,85908.83720930232
110,60,58.10788112795795,93648.37209302325
110,65,49.417441453489424,101387.90697674418
110,70,42.16209311892261,109127.44186046511
110,75,36.0919942603962,116866.97674418605
110,80,30.957874241000486,124606.51162790698
111,5,852.2967422190269,8513.488372093023
111,10,518.3314363365753,16253.023255813954
111,15,361.6965847136057,23992.558139534885
111,20,267.68828560722545,31732.093023255813
111,25,206.6350865889592,39471.62790697675
111,30,165.78725260215398,47211.16279069767
111,35,134.77302798959602,54950.6976744186
111,40,110.74867798234767,62690.232558139534
111,45,91.85843432656773,70429.76744186047
111,50,77.27762113155646,78169.30232558139
111,55,65.33040050473156,85908.83720930232
111,60,55.46433353091128,93648.37209302325
111,65,47.21554389572119,101387.90697674418
111,70,40.33551483298378,109127.44186046511
111,75,34.50371233458427,116866.97674418605
111,80,29.438752934688463,124606.51162790698
112,5,869.1586343245613,8513.488372093023
112,10,530.278116236241,16253.023255813954
112,15,369.42243761186984,23992.558139534885
112,20,273.3561802460207,31732.093023255813
112,25,211.0762293616211,39471.62790697675
112,30,169.53082626412154,47211.16279069767
112,35,138.93795281028946,54950.6976744186
112,40,114.47834540410544,62690.232558139534
112,45,94.69936945419461,70429.76744186047
112,50,79.0468036070709,78169.30232558139
112,55,66.46864819465232,85908.83720930232
112,60,56.31345666948769,93648.37209302325
112,65,48.07344786927406,101387.90697674418
112,70,41.075868891736796,109127.44186046511
112,75,35.23260661588338,116866.97674418605
112,80,30.221628864920003,124606.51162790698
113,5,875.0679898180367,8513.488372093023
113,10,524.0975729736907,16253.023255813954
113,15,359.4812773026778,23992.558139534885
113,20,267.78529545047377,31732.093023255813
113,25,209.73310833478914,39471.62790697675
113,30,166.05307991500794,47211.16279069767
113,35,134.6667749329885,54950.6976744186
113,40,110.75017652641095,62690.232558139534
113,45,92.01725160840667,70429.76744186047
113,50,76.77714265978635,78169.30232558139
113,55,64.38930386821598,85908.83720930232
113,60,54.601120014505604,93648.37209302325
113,65,46.5890566040962,101387.90697674418
113,70,39.65237986069439,109127.44186046511
113,75,33.90694499113761,116866.97674418605
113,80,29.115240653338965,124606.51162790698
114,5,868.7673065972539,8513.488372093023
114,10,517.8935916355224,16253.023255813954
114,15,352.71468518052774,23992.558139534885
114,20,264.43729886575875,31732.093023255813
114,25,205.4559175053826,39471.62790697675
114,30,164.15326153208284,47211.16279069767
114,35,133.931582260577,54950.6976744186
114,40,110.04851037107787,62690.232558139534
114,45,91.60523764715496,70429.76744186047
114,50,76.95851215286363,78169.30232558139
114,55,65.02403428403424,85908.83720930232
114,60,55.18928251983312,93648.37209302325
114,65,46.96303022912243,101387.90697674418
114,70,40.0957584712216,109127.44186046511
114,75,34.31487106679396,116866.97674418605
114,80,29.41746374532515,124606.51162790698
115,5,859.100333359321,8513.488372093023
115,10,511.3111120623304,16253.023255813954
115,15,348.99749853189036,23992.558139534885
115,20,260.5123024729175,31732.093023255813
115,25,202.16531410829563,39471.62790697675
115,30,160.28330792485107,47211.16279069767
115,35,130.38072961404004,54950.6976744186
115,40,107.36185788020263,62690.232558139534
115,45,90.10822943806424,70429.76744186047
115,50,75.95665394298183,78169.30232558139
115,55,64.20714904153178,85908.83720930232
115,60,54.488341513819634,93648.37209302325
115,65,46.44507389766767,101387.90697674418
115,70,39.590413178804006,109127.44186046511
115,75,33.8536207521044,116866.97674418605
115,80,29.00124373068706,124606.51162790698
116,5,836.627183329774,8513.488372093023
116,10,503.26340030213134,16253.023255813954
116,15,353.810529132483,23992.558139534885
116,20,264.1609578153187,31732.093023255813
116,25,205.37288544599048,39471.62790697675
116,30,164.85734826657787,47211.16279069767
116,35,134.35147278387572,54950.6976744186
116,40,111.01729949287576,62690.232558139534
116,45,92.61388182541053,70429.76744186047
116,50,78.13935274543367,78169.30232558139
116,55,66.13633476290701,85908.83720930232
116,60,56.283862798161394,93648.37209302325
116,65,48.24191272740687,101387.90697674418
116,70,41.48267478278481,109127.44186046511
116,75,35.71857743885876,116866.97674418605
116,80,30.74889489710659,124606.51162790698
117,5,824.5550711428391,8513.488372093023
117,10,495.3754109843207,16253.023255813954
117,15,344.2167135416838,23992.558139534885
117,20,259.0815095094268,31732.093023255813
117,25,203.53059176175907,39471.62790697675
117,30,162.85000289151589,47211.16279069767
117,35,132.6326298023512,54950.6976744186
117,40,109.16597892206455,62690.232558139534
117,45,90.8188750377681,70429.76744186047
117,50,76.2082859341234,78169.30232558139
117,55,64.46599145133375,85908.83720930232
117,60,54.94983418552379,93648.37209302325
117,65,46.91214208593593,101387.90697674418
117,70,40.181814932755294,109127.44186046511
117,75,34.41536264343045,116866.97674418605
117,80,29.571462197448234,124606.51162790698
118,5,804.7754127966214,8513.488372093023
118,10,480.0580668489678,16253.023255813954
118,15,340.18348976836273,23992.558139534885
118,20,253.87587062087243,31732.093023255813
118,25,198.52751685473143,39471.62790697675
118,30,159.3843063847593,47211.16279069767
118,35,129.4393246294288,54950.6976744186
118,40,107.00994553892663,62690.232558139534
118,45,89.29301023184631,70429.76744186047
118,50,75.2499887519957,78169.30232558139
118,55,64.0566681583017,85908.83720930232
118,60,54.758893486225354,93648.37209302325
118,65,46.92636005307808,101387.90697674418
118,70,40.2839172496543,109127.44186046511
118,75,34.64475297978789,116866.97674418605
118,80,29.854850521896203,124606.51162790698
119,5,793.2262087020582,8513.488372093023
119,10,468.06292929891134,16253.023255813954
119,15,328.5861806420842,23992.558139534885
119,20,246.21008437354755,31732.093023255813
119,25,191.25367304256818,39471.62790697675
119,30,154.2266775447985,47211.16279069767
119,35,126.57967352427045,54950.6976744186
119,40,104.85431219453558,62690.232558139534
119,45,87.630324010106,70429.76744186047
119,50,73.70716862455262,78169.30232558139
119,55,62.49870424338208,85908.83720930232
119,60,53.228221603577204,93648.37209302325
119,65,45.52960660432221,101387.90697674418
119,70,39.1180004706231,109127.44186046511
119,75,33.50690672524462,116866.97674418605
119,80,28.800949785921027,124606.51162790698
120,5,806.6204718810297,8513.488372093023
120,10,477.0916911320362,16253.023255813954
120,15,335.58919554821017,23992.558139534885
120,20,249.7942622514518,31732.093023255813
120,25,194.03535777304174,39471.62790697675
120,30,155.62341042425743,47211.16279069767
120,35,126.62100862428726,54950.6976744186
120,40,105.05879478415768,62690.232558139534
120,45,87.85647437407572,70429.76744186047
120,50,74.18075538944139,78169.30232558139
120,55,63.089057759417805,85908.83720930232
120,60,53.85414609959894,93648.37209302325
120,65,46.11276783233919,101387.90697674418
120,70,39.65515330973458,109127.44186046511
120,75,34.112437723741,116866.97674418605
120,80,29.34943622959859,124606.51162790698
121,5,825.1702189884198,8513.488372093023
121,10,486.38641213506185,16253.023255813954
121,15,341.6176667535923,23992.558139534885
121,20,254.17283565436622,31732.093023255813
121,25,196.87681193004406,39471.62790697675
121,30,156.027177317962,47211.16279069767
121,35,127.04463056304434,54950.6976744186
121,40,105.02876931400763,62690.232558139534
121,45,87.56026774610612,70429.76744186047
121,50,73.61543652438499,78169.30232558139
121,55,62.43379234804229,85908.83720930232
121,60,53.02867032676887,93648.37209302325
121,65,45.26811094310224,101387.90697674418
121,70,38.69470749840349,109127.44186046511
121,75,33.200525767218366,116866.97674418605
121,80,28.586366573510134,124606.51162790698
122,5,836.5014205132373,8513.488372093023
122,10,492.0351079207207,16253.023255813954
122,15,348.8872494379207,23992.558139534885
122,20,262.8951130949507,31732.093023255813
122,25,204.57320119411497,39471.62790697675
122,30,163.8765195109561,47211.16279069767
122,35,133.49686086704716,54950.6976744186
122,40,110.02084193580515,62690.232558139534
122,45,91.72770908350338,70429.76744186047
122,50,76.88203647967626,78169.30232558139
122,55,64.71753416040194,85908.83720930232
122,60,54.68877624109534,93648.37209302325
122,65,46.39340071880218,101387.90697674418
122,70,39.65315255947272,109127.44186046511
122,75,33.988121612394515,116866.97674418605
122,80,29.216049282725034,124606.51162790698
123,5,838.0296782781086,8513.488372093023
123,10,497.02510873338747,16253.023255813954
123,15,351.92089029505297,23992.558139534885
123,20,262.85093221940195,31732.093023255813
123,25,204.12439428840347,39471.62790697675
123,30,164.47592186976436,47211.16279069767
123,35,134.51886554807234,54950.6976744186
123,40,110.78366662770665,62690.232558139534
123,45,92.19237484147823,70429.76744186047
123,50,77.07000384883902,78169.30232558139
123,55,65.10352725371979,85908.83720930232
123,60,55.45233341207246,93648.37209302325
123,65,47.27102387916174,101387.90697674418
123,70,40.41446780489782,109127.44186046511
123,75,34.58161310438515,116866.97674418605
123,80,29.719984884000816,124606.51162790698
124,5,839.2057108912616,8513.488372093023
124,10,494.97299590619645,16253.023255813954
124,15,349.42862739845395,23992.558139534885
124,20,262.548805802496,31732.093023255813
124,25,201.2782274960655,39471.62790697675
124,30,161.06246263839645,47211.16279069767
124,35,132.46949230829054,54950.6976744186
124,40,109.59456481675008,62690.232558139534
124,45,91.09785785665187,70429.76744186047
124,50,76.32755793770598,78169.30232558139
124,55,64.53854512659335,85908.83720930232
124,60,55.1194456468115,93648.37209302325
124,65,47.27155784022378,101387.90697674418
124,70,40.656265161684146,109127.44186046511
124,75,35.04200943723833,116866.97674418605
124,80,30.19409161280901,124606.51162790698
125,5,822.5309799480615,8513.488372093023
125,10,479.7739649007833,16253.023255813954
125,15,334.764205592338,23992.558139534885
125,20,246.97117167996527,31732.093023255813
125,25,191.37676151224204,39471.62790697675
125,30,154.22542428846452,47211.16279069767
125,35,126.35827160262134,54950.6976744186
125,40,104.88079497949441,62690.232558139534
125,45,87.53617422247291,70429.76744186047
125,50,73.68356313298725,78169.30232558139
125,55,62.282094574896085,85908.83720930232
125,60,52.90343432438949,93648.37209302325
125,65,45.108821970148256,101387.90697674418
125,70,38.60412281018067,109127.44186046511
125,75,33.00759869578268,116866.97674418605
125,80,28.287861419283146,124606.51162790698
126,5,817.1753120487191,8513.488372093023
126,10,479.76967922168154,16253.023255813954
126,15,336.201732044848,23992.558139534885
126,20,245.52563120245986,31732.093023255813
126,25,189.96477911397798,39471.62790697675
126,30,153.23560498826762,47211.16279069767
126,35,125.55887090074037,54950.6976744186
126,40,104.01156932883931,62690.232558139534
126,45,86.99317645098755,70429.76744186047
126,50,73.08440116274356,78169.30232558139
126,55,61.84628975536129,85908.83720930232
126,60,52.522540762826544,93648.37209302325
126,65,44.92479486056409,101387.90697674418
126,70,38.5032293924493,109127.44186046511
126,75,33.09285856237154,116866.97674418605
126,80,28.413448798523845,124606.51162790698
127,5,838.3204311126307,8513.488372093023
127,10,488.4923401360099,16253.023255813954
127,15,335.63907746779444,23992.558139534885
127,20,243.85026632716185,31732.093023255813
127,25,188.45675768260375,39471.62790697675
127,30,150.70175502752738,47211.16279069767
127,35,122.47769495916393,54950.6976744186
127,40,101.01814968159485,62690.232558139534
127,45,84.52370663997901,70429.76744186047
127,50,71.37849102037647,78169.30232558139
127,55,60.56104826723499,85908.83720930232
127,60,51.967381863218435,93648.37209302325
127,65,44.62374625693576,101387.90697674418
127,70,38.44332169415862,109127.44186046511
127,75,33.11464521125668,116866.97674418605
127,80,28.612224930482235,124606.51162790698
128,5,860.3739612340596,8513.488372093023
128,10,498.9521395683351,16253.023255813954
128,15,336.06667796216453,23992.558139534885
128,20,248.05282709157723,31732.093023255813
128,25,194.76215995978652,39471.62790697675
128,30,155.86547869082904,47211.16279069767
128,35,127.00419261728656,54950.6976744186
128,40,104.91951751511762,62690.232558139534
128,45,88.04501104913783,70429.76744186047
128,50,74.3230186733245,78169.30232558139
128,55,62.868035962350596,85908.83720930232
128,60,53.54452861369416,93648.37209302325
128,65,45.86902998374942,101387.90697674418
128,70,39.399112022934375,109127.44186046511
128,75,33.96410703067532,116866.97674418605
128,80,29.389781783310347,124606.51162790698
129,5,862.7221563002838,8513.488372093023
129,10,493.46241614975196,16253.023255813954
129,15,339.88287557162016,23992.558139534885
129,20,250.7794577719507,31732.093023255813
129,25,196.50519268648029,39471.62790697675
129,30,159.08687197194283,47211.16279069767
129,35,129.43756084839345,54950.6976744186
129,40,106.76105795572232,62690.232558139534
129,45,88.80462656892394,70429.76744186047
129,50,74.48985560076534,78169.30232558139
129,55,62.90858453622928,85908.83720930232
129,60,53.409334756910646,93648.37209302325
129,65,45.644278132901945,101387.90697674418
129,70,39.103557652164646,109127.44186046511
129,75,33.48676790815875,116866.97674418605
129,80,28.73336022921155,124606.51162790698
130,5,862.3090474927951,8513.488372093023
130,10,497.952639842788,16253.023255813954
130,15,343.64609942089487,23992.558139534885
130,20,257.16216755773877,31732.093023255813
130,25,199.83892799333933,39471.62790697675
130,30,159.6676024035236,47211.16279069767
130,35,129.97573191935908,54950.6976744186
130,40,107.38666180280579,62690.232558139534
130,45,89.47595300598091,70429.76744186047
130,50,74.93506873391435,78169.30232558139
130,55,63.328534834427856,85908.83720930232
130,60,53.917571052465675,93648.37209302325
130,65,46.18404666155971,101387.90697674418
130,70,39.49486225425455,109127.44186046511
130,75,33.796693597296034,116866.97674418605
130,80,28.92596738027279,124606.51162790698
131,5,856.4579252717646,8513.488372093023
131,10,496.54953100923944,16253.023255813954
131,15,343.5363889712374,23992.558139534885
131,20,257.53663661654963,31732.093023255813
131,25,200.12261635002383,39471.62790697675
131,30,159.1867406198573,47211.16279069767
131,35,129.12638344342093,54950.6976744186
131,40,105.6657234185218,62690.232558139534
131,45,87.8186533236955,70429.76744186047
131,50,73.6467485475898,78169.30232558139
131,55,62.39330162306035,85908.83720930232
131,60,53.09826481030609,93648.37209302325
131,65,45.25264263946062,101387.90697674418
131,70,38.810955841646724,109127.44186046511
131,75,33.31875893943052,116866.97674418605
131,80,28.61135379306594,124606.51162790698
132,5,835.2201382383554,8513.488372093023
132,10,473.4495005795337,16253.023255813954
132,15,332.6259477210054,23992.558139534885
132,20,251.99569234290942,31732.093023255813
132,25,195.9023890567154,39471.62790697675
132,30,156.80264569221137,47211.16279069767
132,35,128.0634658278515,54950.6976744186
132,40,105.6947212026111,62690.232558139534
132,45,87.66168677094689,70429.76744186047
132,50,73.45872317430731,78169.30232558139
132,55,61.92027370767545,85908.83720930232
132,60,52.42618730138508,93648.37209302325
132,65,44.673488464568294,101387.90697674418
132,70,38.190814452065545,109127.44186046511
132,75,32.777829209741576,116866.97674418605
132,80,28.097438913620497,124606.51162790698
133,5,839.4450506502882,8513.488372093023
133,10,478.8546549713029,16253.023255813954
133,15,337.53095714733274,23992.558139534885
133,20,254.99367382898677,31732.093023255813
133,25,198.13570023126215,39471.62790697675
133,30,157.33707620705866,47211.16279069767
133,35,127.87395064413906,54950.6976744186
133,40,105.37789643009438,62690.232558139534
133,45,87.3067089415818,70429.76744186047
133,50,73.00525055895741,78169.30232558139
133,55,61.53622444289826,85908.83720930232
133,60,51.984980780031115,93648.37209302325
133,65,44.16509197632254,101387.90697674418
133,70,37.615466090368116,109127.44186046511
133,75,32.13449324357522,116866.97674418605
133,80,27.532414928659705,124606.51162790698
134,5,843.2946996365469,8513.488372093023
134,10,480.3961216912648,16253.023255813954
134,15,330.7927185844601,23992.558139534885
134,20,242.6056826155002,31732.093023255813
134,25,187.1719217841303,39471.62790697675
134,30,148.6033154211914,47211.16279069767
134,35,120.07244253256147,54950.6976744186
134,40,99.15685955452909,62690.232558139534
134,45,82.35941131581282,70429.76744186047
134,50,68.93089631306279,78169.30232558139
134,55,58.029157352650664,85908.83720930232
134,60,49.02701322026793,93648.37209302325
134,65,41.673033726091006,101387.90697674418
134,70,35.721206787467445,109127.44186046511
134,75,30.716734693744165,116866.97674418605
134,80,26.463586300595573,124606.51162790698
135,5,849.5940430867631,8513.488372093023
135,10,494.3087074386513,16253.023255813954
135,15,333.424792836587,23992.558139534885
135,20,245.59300832539608,31732.093023255813
135,25,188.8422667466705,39471.62790697675
135,30,151.13912087045193,47211.16279069767
135,35,123.52654451656099,54950.6976744186
135,40,101.97814182045266,62690.232558139534
135,45,84.99965665349963,70429.76744186047
135,50,71.50370851555094,78169.30232558139
135,55,60.629875097973915,85908.83720930232
135,60,51.841415518562805,93648.37209302325
135,65,44.45205856814744,101387.90697674418
135,70,38.14644371981672,109127.44186046511
135,75,32.92399758906124,116866.97674418605
135,80,28.384576632035543,124606.51162790698
136,5,850.7856514069905,8513.488372093023
136,10,503.5124001791788,16253.023255813954
136,15,333.6382612684515,23992.558139534885
136,20,244.49415303950755,31732.093023255813
136,25,189.48204986390473,39471.62790697675
136,30,152.08540657607122,47211.16279069767
136,35,124.07873120060972,54950.6976744186
136,40,102.52859904457738,62690.232558139534
136,45,85.67957984610013,70429.76744186047
136,50,71.76574945314721,78169.30232558139
136,55,60.62460469333787,85908.83720930232
136,60,51.34162007062799,93648.37209302325
136,65,43.756653374152805,101387.90697674418
136,70,37.36606291800576,109127.44186046511
136,75,31.92750019758357,116866.97674418605
136,80,27.302478874699172,124606.51162790698
137,5,826.0190010707862,8513.488372093023
137,10,494.1343857299467,16253.023255813954
137,15,332.71711382004366,23992.558139534885
137,20,245.18975629079938,31732.093023255813
137,25,191.2169856841701,39471.62790697675
137,30,152.6894740219323,47211.16279069767
137,35,124.20251706764456,54950.6976744186
137,40,102.94856831781723,62690.232558139534
137,45,85.89548557820365,70429.76744186047
137,50,72.23969231285923,78169.30232558139
137,55,61.30803050693914,85908.83720930232
137,60,52.04991282416263,93648.37209302325
137,65,44.39922978897216,101387.90697674418
137,70,37.80586754794121,109127.44186046511
137,75,32.22240854896702,116866.97674418605
137,80,27.501154060231094,124606.51162790698
138,5,821.6554942819008,8513.488372093023
138,10,479.70404812914774,16253.023255813954
138,15,334.81677190385096,23992.558139534885
138,20,248.83204627282112,31732.093023255813
138,25,193.42083040865674,39471.62790697675
138,30,153.34638030059142,47211.16279069767
138,35,124.60033691275866,54950.6976744186
138,40,103.04072637430029,62690.232558139534
138,45,86.11611625436757,70429.76744186047
138,50,72.35736487487435,78169.30232558139
138,55,61.250081960646476,85908.83720930232
138,60,51.797733637943495,93648.37209302325
138,65,44.09179682026925,101387.90697674418
138,70,37.652594475499406,109127.44186046511
138,75,32.206417516243086,116866.97674418605
138,80,27.63954814486634,124606.51162790698
139,5,808.2324676714748,8513.488372093023
139,10,465.89429664907505,16253.023255813954
139,15,324.6637699589946,23992.558139534885
139,20,240.58826644869208,31732.093023255813
139,25,187.2445096652234,39471.62790697675
139,30,151.2075209918012,47211.16279069767
139,35,123.47209363229078,54950.6976744186
139,40,101.81894723151812,62690.232558139534
139,45,85.05233820661367,70429.76744186047
139,50,71.63749397882586,78169.30232558139
139,55,60.59869241396822,85908.83720930232
139,60,51.527472113558325,93648.37209302325
139,65,44.04919446176352,101387.90697674418
139,70,37.64159745815084,109127.44186046511
139,75,32.24147711613329,116866.97674418605
139,80,27.65271265322347,124606.51162790698
140,5,807.6545547290791,8513.488372093023
140,10,468.33743546039574,16253.023255813954
140,15,321.68325906894296,23992.558139534885
140,20,239.2003467305016,31732.093023255813
140,25,187.54949820635915,39471.62790697675
140,30,151.22137072019075,47211.16279069767
140,35,123.83756052592803,54950.6976744186
140,40,102.3551270141792,62690.232558139534
140,45,85.27125649394998,70429.76744186047
140,50,71.47759457345084,78169.30232558139
140,55,60.511922692279825,85908.83720930232
140,60,51.32919462717123,93648.37209302325
140,65,43.716062635854875,101387.90697674418
140,70,37.43592065369015,109127.44186046511
140,75,32.04609467461766,116866.97674418605
140,80,27.507024472541797,124606.51162790698
141,5,807.6088580109263,8513.488372093023
141,10,464.0988368961553,16253.023255813954
141,15,318.93474240479657,23992.558139534885
141,20,235.5682009796948,31732.093023255813
141,25,182.77986600796956,39471.62790697675
141,30,147.3980183314426,47211.16279069767
141,35,119.94362566813848,54950.6976744186
141,40,98.7306972175774,62690.232558139534
141,45,82.18944126580698,70429.76744186047
141,50,68.64519220912358,78169.30232558139
141,55,57.90897226674258,85908.83720930232
141,60,49.143726409692064,93648.37209302325
141,65,41.98653622123816,101387.90697674418
141,70,35.953893541592436,109127.44186046511
141,75,30.770919163974668,116866.97674418605
141,80,26.37177825808439,124606.51162790698
142,5,832.6418183353114,8513.488372093023
142,10,469.8070767082568,16253.023255813954
142,15,326.84395771447635,23992.558139534885
142,20,239.81549321672185,31732.093023255813
142,25,186.39933284576855,39471.62790697675
142,30,150.31068643627577,47211.16279069767
142,35,122.63074340427977,54950.6976744186
142,40,101.10830460442632,62690.232558139534
142,45,84.14833689125794,70429.76744186047
142,50,70.6059415674668,78169.30232558139
142,55,59.74650104778989,85908.83720930232
142,60,50.822241774504015,93648.37209302325
142,65,43.37957252138493,101387.90697674418
142,70,37.06851039618992,109127.44186046511
142,75,31.701269412827088,116866.97674418605
142,80,27.208623124367982,124606.51162790698
143,5,853.4306469447442,8513.488372093023
143,10,470.80939029934694,16253.023255813954
143,15,328.2906400489277,23992.558139534885
143,20,241.55186067552492,31732.093023255813
143,25,186.38843378050348,39471.62790697675
143,30,147.8373648270306,47211.16279069767
143,35,119.54881019498899,54950.6976744186
143,40,97.86924441788466,62690.232558139534
143,45,81.58481762240093,70429.76744186047
143,50,68.22414131912078,78169.30232558139
143,55,57.19921498654646,85908.83720930232
143,60,48.33859380746137,93648.37209302325
143,65,41.054462921960436,101387.90697674418
143,70,35.06492874823269,109127.44186046511
143,75,29.960302622535856,116866.97674418605
143,80,25.647228636177708,124606.51162790698
144,5,865.344917209583,8513.488372093023
144,10,481.58101290198755,16253.023255813954
144,15,334.26527370734846,23992.558139534885
144,20,245.17810225443424,31732.093023255813
144,25,188.39407755560063,39471.62790697675
144,30,148.7715795518063,47211.16279069767
144,35,120.42364475987668,54950.6976744186
144,40,99.28032472487409,62690.232558139534
144,45,82.69152028601783,70429.76744186047
144,50,69.32962274888474,78169.30232558139
144,55,58.21193810266094,85908.83720930232
144,60,49.17483151403918,93648.37209302325
144,65,41.85007015013591,101387.90697674418
144,70,35.67328911422679,109127.44186046511
144,75,30.417116863552323,116866.97674418605
144,80,26.046925622497547,124606.51162790698
145,5,844.7649333441369,8513.488372093023
145,10,474.9048825275997,16253.023255813954
145,15,329.8216991067292,23992.558139534885
145,20,243.5988089898052,31732.093023255813
145,25,187.12927348845412,39471.62790697675
145,30,147.77928644756065,47211.16279069767
145,35,119.19250446974671,54950.6976744186
145,40,97.61494859796034,62690.232558139534
145,45,81.07560573451735,70429.76744186047
145,50,68.09901841745534,78169.30232558139
145,55,57.58919644326432,85908.83720930232
145,60,48.82102196372858,93648.37209302325
145,65,41.442957632272,101387.90697674418
145,70,35.314517406358874,109127.44186046511
145,75,30.183723056788732,116866.97674418605
145,80,25.86064682604295,124606.51162790698
146,5,820.2601594064369,8513.488372093023
146,10,463.09857374904055,16253.023255813954
146,15,317.0937230190775,23992.558139534885
146,20,234.37541420402684,31732.093023255813
146,25,180.61079511229192,39471.62790697675
146,30,142.76448988816747,47211.16279069767
146,35,115.42369164801337,54950.6976744186
146,40,94.71203937568265,62690.232558139534
146,45,78.87523198375551,70429.76744186047
146,50,66.01077540576047,78169.30232558139
146,55,55.703897294441724,85908.83720930232
146,60,47.336661126157985,93648.37209302325
146,65,40.4190456283522,101387.90697674418
146,70,34.674366662634085,109127.44186046511
146,75,29.824116708621165,116866.97674418605
146,80,25.569240982932968,124606.51162790698
147,5,809.5864308735094,8513.488372093023
147,10,460.4440464147179,16253.023255813954
147,15,314.93006699660936,23992.558139534885
147,20,233.48528556625305,31732.093023255813
147,25,177.3843358582656,39471.62790697675
147,30,140.29787743138692,47211.16279069767
147,35,113.25790201824223,54950.6976744186
147,40,92.10813088436745,62690.232558139534
147,45,76.05225171398034,70429.76744186047
147,50,63.548837944113984,78169.30232558139
147,55,53.36819984163096,85908.83720930232
147,60,44.920073663900176,93648.37209302325
147,65,38.14708878343487,101387.90697674418
147,70,32.42839444740133,109127.44186046511
147,75,27.624058378711172,116866.97674418605
147,80,23.652157035396645,124606.51162790698
148,5,818.0052278421274,8513.488372093023
148,10,470.416120693392,16253.023255813954
148,15,324.4074044675232,23992.558139534885
148,20,239.5116823362824,31732.093023255813
148,25,182.28795827161107,39471.62790697675
148,30,145.1936323598873,47211.16279069767
148,35,117.15654926982079,54950.6976744186
148,40,95.62631857921149,62690.232558139534
148,45,79.31186031807327,70429.76744186047
148,50,66.60496451775069,78169.30232558139
148,55,56.01421849247294,85908.83720930232
148,60,47.43908249527825,93648.37209302325
148,65,40.21104208199683,101387.90697674418
148,70,34.172431413920854,109127.44186046511
148,75,29.147807411315153,116866.97674418605
148,80,24.923553958178143,124606.51162790698
149,5,834.6339578423502,8513.488372093023
149,10,483.2704549419404,16253.023255813954
149,15,328.7572904367224,23992.558139534885
149,20,240.52179545815184,31732.093023255813
149,25,184.2593053245798,39471.62790697675
149,30,146.27090252266623,47211.16279069767
149,35,118.94743720519764,54950.6976744186
149,40,98.79609642326237,62690.232558139534
149,45,82.58801082373115,70429.76744186047
149,50,69.53605353088753,78169.30232558139
149,55,58.76281296090921,85908.83720930232
149,60,49.81592103876581,93648.37209302325
149,65,42.43179218022157,101387.90697674418
149,70,36.347775777078205,109127.44186046511
149,75,31.224894093864474,116866.97674418605
149,80,26.92971974238163,124606.51162790698
150,5,810.0851644145483,8513.488372093023
150,10,478.08836133270825,16253.023255813954
150,15,327.894904500351,23992.558139534885
150,20,238.42615103687643,31732.093023255813
150,25,184.06481621365617,39471.62790697675
150,30,145.28397824976744,47211.16279069767
150,35,117.3225629202935,54950.6976744186
150,40,96.1642510185243,62690.232558139534
150,45,79.77062128741588,70429.76744186047
150,50,66.58549963113141,78169.30232558139
150,55,55.97370885545139,85908.83720930232
150,60,47.287533641590805,93648.37209302325
150,65,40.29794001940757,101387.90697674418
150,70,34.491169354206676,109127.44186046511
150,75,29.588723270546783,116866.97674418605
150,80,25.342592484066092,124606.51162790698
151,5,825.0967413495003,8513.488372093023
151,10,493.4075470824862,16253.023255813954
151,15,328.42578885805653,23992.558139534885
151,20,239.65694551307112,31732.093023255813
151,25,184.28563949925783,39471.62790697675
151,30,146.22071324517876,47211.16279069767
151,35,118.54391756140663,54950.6976744186
151,40,97.88436695223331,62690.232558139534
151,45,81.68591500340007,70429.76744186047
151,50,68.77994359206764,78169.30232558139
151,55,58.19201363446731,85908.83720930232
151,60,49.53798471897392,93648.37209302325
151,65,42.23550477222613,101387.90697674418
151,70,36.121084112405164,109127.44186046511
151,75,30.976545772952562,116866.97674418605
151,80,26.63611159366923,124606.51162790698
152,5,835.7460323068641,8513.488372093023
152,10,487.5947567099585,16253.023255813954
152,15,326.39367487825194,23992.558139534885
152,20,235.2905649470777,31732.093023255813
152,25,179.02029086602778,39471.62790697675
152,30,141.6993062721747,47211.16279069767
152,35,116.20024876434641,54950.6976744186
152,40,96.02562189461447,62690.232558139534
152,45,80.06591572997479,70429.76744186047
152,50,67.13285956608479,78169.30232558139
152,55,56.780158238012795,85908.83720930232
152,60,48.14160324208333,93648.37209302325
152,65,41.03844994028932,101387.90697674418
152,70,35.17398115909914,109127.44186046511
152,75,30.163330248054784,116866.97674418605
152,80,25.85810303907915,124606.51162790698
153,5,815.515813580967,8513.488372093023
153,10,476.03827817941243,16253.023255813954
153,15,317.7248342285646,23992.558139534885
153,20,230.9292728028362,31732.093023255813
153,25,174.6871702350162,39471.62790697675
153,30,139.7151975109305,47211.16279069767
153,35,114.65720000542765,54950.6976744186
153,40,95.28274408619154,62690.232558139534
153,45,79.72426258211726,70429.76744186047
153,50,67.11001801264979,78169.30232558139
153,55,56.79928930739535,85908.83720930232
153,60,48.26647992774528,93648.37209302325
153,65,41.15095588283868,101387.90697674418
153,70,35.22375593171347,109127.44186046511
153,75,30.299601249901993,116866.97674418605
153,80,26.114920271076695,124606.51162790698
154,5,782.2949217195579,8513.488372093023
154,10,457.01363254262867,16253.023255813954
154,15,308.65867143043494,23992.558139534885
154,20,224.37747446235568,31732.093023255813
154,25,172.74827397860074,39471.62790697675
154,30,137.32668766541977,47211.16279069767
154,35,112.37012252651276,54950.6976744186
154,40,93.2705737526348,62690.232558139534
154,45,78.16596036297047,70429.76744186047
154,50,66.13936192108262,78169.30232558139
154,55,56.06122424366235,85908.83720930232
154,60,47.50035774230139,93648.37209302325
154,65,40.44578054104381,101387.90697674418
154,70,34.54858951939973,109127.44186046511
154,75,29.619181807719947,116866.97674418605
154,80,25.405018055141944,124606.51162790698
155,5,781.8717423747548,8513.488372093023
155,10,457.1380671204873,16253.023255813954
155,15,314.3044928408654,23992.558139534885
155,20,231.336425493579,31732.093023255813
155,25,178.83956064909114,39471.62790697675
155,30,142.53332732605259,47211.16279069767
155,35,116.09478577826013,54950.6976744186
155,40,96.0611713783684,62690.232558139534
155,45,80.19165075295832,70429.76744186047
155,50,67.62303541519974,78169.30232558139
155,55,57.26288664542348,85908.83720930232
155,60,48.62981695207465,93648.37209302325
155,65,41.41758912351412,101387.90697674418
155,70,35.43513716947487,109127.44186046511
155,75,30.3769313955394,116866.97674418605
155,80,26.026587925814628,124606.51162790698
156,5,799.8891940620913,8513.488372093023
156,10,470.99048339346234,16253.023255813954
156,15,318.5707650853183,23992.558139534885
156,20,234.3791612611089,31732.093023255813
156,25,182.2847485136384,39471.62790697675
156,30,146.30750697453627,47211.16279069767
156,35,119.78000413416719,54950.6976744186
156,40,99.34933569197177,62690.232558139534
156,45,82.85779629603714,70429.76744186047
156,50,69.6307881477962,78169.30232558139
156,55,58.68163516649377,85908.83720930232
156,60,49.830769564891135,93648.37209302325
156,65,42.23013109969443,101387.90697674418
156,70,35.993136222511055,109127.44186046511
156,75,30.763346261305976,116866.97674418605
156,80,26.260040743492826,124606.51162790698
157,5,815.5908591872718,8513.488372093023
157,10,473.31759899169555,16253.023255813954
157,15,317.6536004193355,23992.558139534885
157,20,233.516007824187,31732.093023255813
157,25,184.24376955584134,39471.62790697675
157,30,149.27161927524708,47211.16279069767
157,35,122.52122300194385,54950.6976744186
157,40,101.91695617838334,62690.232558139534
157,45,85.13945879708047,70429.76744186047
157,50,71.6466649382139,78169.30232558139
157,55,60.87004480063652,85908.83720930232
157,60,51.850012097181306,93648.37209302325
157,65,44.32387919460407,101387.90697674418
157,70,38.01898226524881,109127.44186046511
157,75,32.64092446309501,116866.97674418605
157,80,28.07337535172582,124606.51162790698
158,5,821.6807647846208,8513.488372093023
158,10,471.28956573266873,16253.023255813954
158,15,320.0973761984458,23992.558139534885
158,20,239.76278711437624,31732.093023255813
158,25,187.05021691455633,39471.62790697675
158,30,151.16731258206437,47211.16279069767
158,35,124.40005078821395,54950.6976744186
158,40,103.42052216131279,62690.232558139534
158,45,86.56142342492917,70429.76744186047
158,50,72.88279543096935,78169.30232558139
158,55,61.829528768837335,85908.83720930232
158,60,52.64329717589602,93648.37209302325
158,65,45.12246921838081,101387.90697674418
158,70,38.816372375265196,109127.44186046511
158,75,33.3357912642091,116866.97674418605
158,80,28.669178133808842,124606.51162790698
159,5,834.7525650336542,8513.488372093023
159,10,492.00550046030753,16253.023255813954
159,15,337.90617000606704,23992.558139534885
159,20,252.17617607796208,31732.093023255813
159,25,195.42985923427304,39471.62790697675
159,30,156.7314592657856,47211.16279069767
159,35,128.048676381875,54950.6976744186
159,40,106.23368895494308,62690.232558139534
159,45,89.5465034750611,70429.76744186047
159,50,75.98011751063692,78169.30232558139
159,55,64.86899467260406,85908.83720930232
159,60,55.4849453325391,93648.37209302325
159,65,47.53904035831293,101387.90697674418
159,70,40.62722783948617,109127.44186046511
159,75,34.75526663415371,116866.97674418605
159,80,29.79969642788178,124606.51162790698
160,5,825.367255939318,8513.488372093023
160,10,485.99946525677785,16253.023255813954
160,15,335.726439408995,23992.558139534885
160,20,251.48328424416883,31732.093023255813
160,25,195.42446582043698,39471.62790697675
160,30,156.49519189550423,47211.16279069767
160,35,128.13144280450956,54950.6976744186
160,40,106.08447588555926,62690.232558139534
160,45,89.46643337785434,70429.76744186047
160,50,75.60836700513853,78169.30232558139
160,55,63.92722602492803,85908.83720930232
160,60,54.276619997293004,93648.37209302325
160,65,46.31585208989317,101387.90697674418
160,70,39.62344639999078,109127.44186046511
160,75,33.959552124637796,116866.97674418605
160,80,29.077676696620227,124606.51162790698
161,5,817.3160033798819,8513.488372093023
161,10,486.5718830481608,16253.023255813954
161,15,336.9834534824701,23992.558139534885
161,20,250.57408972802756,31732.093023255813
161,25,193.24483430635067,39471.62790697675
161,30,154.99838077210234,47211.16279069767
161,35,126.0258829050783,54950.6976744186
161,40,103.8554241995841,62690.232558139534
161,45,87.06545268552057,70429.76744186047
161,50,73.32597095861067,78169.30232558139
161,55,62.07757772538654,85908.83720930232
161,60,52.7161660947693,93648.37209302325
161,65,44.88647264134386,101387.90697674418
161,70,38.42731321591134,109127.44186046511
161,75,32.98588686553418,116866.97674418605
161,80,28.30856774721232,124606.51162790698
162,5,818.6419362962754,8513.488372093023
162,10,486.10932869747336,16253.023255813954
162,15,333.8101576156153,23992.558139534885
162,20,246.09134725755086,31732.093023255813
162,25,189.27672788974525,39471.62790697675
162,30,151.5020683774511,47211.16279069767
162,35,123.55765981496145,54950.6976744186
162,40,102.33738406856583,62690.232558139534
162,45,85.51799502570235,70429.76744186047
162,50,71.86973323909393,78169.30232558139
162,55,60.60441147904152,85908.83720930232
162,60,51.28110975213365,93648.37209302325
162,65,43.690647340295115,101387.90697674418
162,70,37.320035627234944,109127.44186046511
162,75,31.888735817990455,116866.97674418605
162,80,27.26081276839016,124606.51162790698
163,5,826.2757710935188,8513.488372093023
163,10,495.00765215830955,16253.023255813954
163,15,339.82467281243,23992.558139534885
163,20,248.93556211589038,31732.093023255813
163,25,191.9841960292772,39471.62790697675
163,30,152.31886261321597,47211.16279069767
163,35,123.04431315289035,54950.6976744186
163,40,101.85999233714927,62690.232558139534
163,45,85.14256413508176,70429.76744186047
163,50,71.49191185241716,78169.30232558139
163,55,60.42846718170666,85908.83720930232
163,60,51.367805657311266,93648.37209302325
163,65,43.82886919458662,101387.90697674418
163,70,37.42419306791977,109127.44186046511
163,75,32.02450716189027,116866.97674418605
163,80,27.417895596262674,124606.51162790698
164,5,816.8283406587185,8513.488372093023
164,10,489.04577951346863,16253.023255813954
164,15,336.5176546801616,23992.558139534885
164,20,246.57377972687374,31732.093023255813
164,25,189.82928084570972,39471.62790697675
164,30,152.24837854288015,47211.16279069767
164,35,125.06546290737144,54950.6976744186
164,40,103.40976295392791,62690.232558139534
164,45,85.9002018474414,70429.76744186047
164,50,71.74523853755232,78169.30232558139
164,55,60.2924054245141,85908.83720930232
164,60,51.16757281307823,93648.37209302325
164,65,43.57056420289728,101387.90697674418
164,70,37.1798216144856,109127.44186046511
164,75,31.77603247275155,116866.97674418605
164,80,27.245827396949572,124606.51162790698
165,5,822.0819719769603,8513.488372093023
165,10,488.6171124639529,16253.023255813954
165,15,335.27939114649985,23992.558139534885
165,20,246.12203968909628,31732.093023255813
165,25,190.7889407297879,39471.62790697675
165,30,153.82951337381994,47211.16279069767
165,35,125.8362086850775,54950.6976744186
165,40,104.69395837499708,62690.232558139534
165,45,87.41552315927127,70429.76744186047
165,50,73.24743150299018,78169.30232558139
165,55,61.890911038694206,85908.83720930232
165,60,52.591033477902315,93648.37209302325
165,65,44.73631613098625,101387.90697674418
165,70,38.18576112661457,109127.44186046511
165,75,32.600267917035836,116866.97674418605
165,80,27.86761721120432,124606.51162790698
166,5,789.9374625987668,8513.488372093023
166,10,475.3967046512126,16253.023255813954
166,15,323.38945130359235,23992.558139534885
166,20,242.07726964653557,31732.093023255813
166,25,187.01142219495097,39471.62790697675
166,30,148.25586664854902,47211.16279069767
166,35,121.17235820528072,54950.6976744186
166,40,100.57811131560779,62690.232558139534
166,45,83.88874545534122,70429.76744186047
166,50,70.16387844229592,78169.30232558139
166,55,59.205452898122786,85908.83720930232
166,60,50.38847287804891,93648.37209302325
166,65,43.09766132460827,101387.90697674418
166,70,36.989345638609215,109127.44186046511
166,75,31.768737457209106,116866.97674418605
166,80,27.263449208113197,124606.51162790698
167,5,768.1540726670412,8513.488372093023
167,10,463.06618534602023,16253.023255813954
167,15,320.4988768619664,23992.558139534885
167,20,236.86283308645105,31732.093023255813
167,25,187.45485090866626,39471.62790697675
167,30,151.54974637877788,47211.16279069767
167,35,124.39629459245317,54950.6976744186
167,40,102.78379349871987,62690.232558139534
167,45,85.54983935003838,70429.76744186047
167,50,72.01169986517127,78169.30232558139
167,55,60.8293007939842,85908.83720930232
167,60,51.71666940198279,93648.37209302325
167,65,44.289884142614305,101387.90697674418
167,70,37.9467884561377,109127.44186046511
167,75,32.60550522809228,116866.97674418605
167,80,28.023830664823056,124606.51162790698
168,5,764.8687180670829,8513.488372093023
168,10,467.159854129004,16253.023255813954
168,15,321.86608308266796,23992.558139534885
168,20,237.94045756913766,31732.093023255813
168,25,185.35506740286732,39471.62790697675
168,30,150.09285721831554,47211.16279069767
168,35,122.90316823743717,54950.6976744186
168,40,101.33642314475865,62690.232558139534
168,45,85.07452924122825,70429.76744186047
168,50,71.94965816117448,78169.30232558139
168,55,61.04898963410084,85908.83720930232
168,60,52.046879506358714,93648.37209302325
168,65,44.53255251045155,101387.90697674418
168,70,38.14442648377949,109127.44186046511
168,75,32.73689105595212,116866.97674418605
168,80,28.10111466377044,124606.51162790698
169,5,769.3242433765436,8513.488372093023
169,10,478.2768294428367,16253.023255813954
169,15,327.84632963025837,23992.558139534885
169,20,243.5599457616556,31732.093023255813
169,25,189.88174060930538,39471.62790697675
169,30,151.56815198675466,47211.16279069767
169,35,123.71394064401782,54950.6976744186
169,40,102.59463123447243,62690.232558139534
169,45,86.51079362913596,70429.76744186047
169,50,73.40181647011934,78169.30232558139
169,55,62.39839623894491,85908.83720930232
169,60,52.98373670813531,93648.37209302325
169,65,45.10523273271632,101387.90697674418
169,70,38.566409187111546,109127.44186046511
169,75,33.17675831738799,116866.97674418605
169,80,28.49159645499418,124606.51162790698
170,5,782.472636739805,8513.488372093023
170,10,477.27810032609017,16253.023255813954
170,15,326.0381564464252,23992.558139534885
170,20,243.16229995873093,31732.093023255813
170,25,189.54611688192844,39471.62790697675
170,30,152.48386087632824,47211.16279069767
170,35,124.64305044118774,54950.6976744186
170,40,103.8852000754654,62690.232558139534
170,45,87.23471273388691,70429.76744186047
170,50,73.61752160355005,78169.30232558139
170,55,62.24399252601215,85908.83720930232
170,60,52.97508169501067,93648.37209302325
170,65,45.38420283255509,101387.90697674418
170,70,38.978346511303826,109127.44186046511
170,75,33.506355575904784,116866.97674418605
170,80,28.846870617470547,124606.51162790698
171,5,773.5165905128055,8513.488372093023
171,10,471.163073916471,16253.023255813954
171,15,324.70141632097807,23992.558139534885
171,20,241.66455758826248,31732.093023255813
171,25,190.01563444994838,39471.62790697675
171,30,152.63881881891265,47211.16279069767
171,35,124.92921845354218,54950.6976744186
171,40,103.630974236803,62690.232558139534
171,45,86.7140147061389,70429.76744186047
171,50,73.22936722682553,78169.30232558139
171,55,62.23124028008884,85908.83720930232
171,60,53.161864717803596,93648.37209302325
171,65,45.46278486181448,101387.90697674418
171,70,39.032317046099784,109127.44186046511
171,75,33.58335398051047,116866.97674418605
171,80,28.846073392861964,124606.51162790698
172,5,727.0781315995142,8513.488372093023
172,10,444.0027200843822,16253.023255813954
172,15,310.6214367422145,23992.558139534885
172,20,233.5924088343629,31732.093023255813
172,25,183.5291636666642,39471.62790697675
172,30,147.98276265431892,47211.16279069767
172,35,121.2781268211552,54950.6976744186
172,40,99.59056718711922,62690.232558139534
172,45,83.31921056494906,70429.76744186047
172,50,70.68284717825445,78169.30232558139
172,55,60.26571691139406,85908.83720930232
172,60,51.42987659392764,93648.37209302325
172,65,44.05075373129222,101387.90697674418
172,70,37.70882776059375,109127.44186046511
172,75,32.35608916750265,116866.97674418605
172,80,27.759189585393884,124606.51162790698
173,5,717.0353142157994,8513.488372093023
173,10,455.19166706416894,16253.023255813954
173,15,323.1241878182998,23992.558139534885
173,20,239.6992910592491,31732.093023255813
173,25,186.56175587300288,39471.62790697675
173,30,150.23844286777538,47211.16279069767
173,35,124.11879675828658,54950.6976744186
173,40,103.49555506438922,62690.232558139534
173,45,87.4141452908246,70429.76744186047
173,50,74.06330675042696,78169.30232558139
173,55,62.9206998830642,85908.83720930232
173,60,53.441814176811775,93648.37209302325
173,65,45.416916165874056,101387.90697674418
173,70,38.78025189307392,109127.44186046511
173,75,33.27038596906556,116866.97674418605
173,80,28.60766254708796,124606.51162790698
174,5,709.3352619096075,8513.488372093023
174,10,453.44451454950365,16253.023255813954
174,15,316.1474804254771,23992.558139534885
174,20,233.9820020943353,31732.093023255813
174,25,181.78018441212453,39471.62790697675
174,30,144.73481351377174,47211.16279069767
174,35,119.00617827339488,54950.6976744186
174,40,99.33029288098305,62690.232558139534
174,45,83.52415935595765,70429.76744186047
174,50,70.68232239981837,78169.30232558139
174,55,60.18407312468944,85908.83720930232
174,60,51.450244583834404,93648.37209302325
174,65,44.16682419252326,101387.90697674418
174,70,37.85859105297175,109127.44186046511
174,75,32.430336563294645,116866.97674418605
174,80,27.8534693399252,124606.51162790698
175,5,702.7348839590296,8513.488372093023
175,10,442.6678019599334,16253.023255813954
175,15,312.5273964582475,23992.558139534885
175,20,234.3168316157684,31732.093023255813
175,25,183.02580466524162,39471.62790697675
175,30,146.84083898267593,47211.16279069767
175,35,119.95987379962918,54950.6976744186
175,40,99.10230304486566,62690.232558139534
175,45,82.68801277582358,70429.76744186047
175,50,69.54845868662208,78169.30232558139
175,55,58.957335151272375,85908.83720930232
175,60,50.24625511583041,93648.37209302325
175,65,42.88436965013897,101387.90697674418
175,70,36.659386027591104,109127.44186046511
175,75,31.424238576310323,116866.97674418605
175,80,27.014746606782992,124606.51162790698
176,5,714.7108326429054,8513.488372093023
176,10,441.49431979656197,16253.023255813954
176,15,313.9680155541173,23992.558139534885
176,20,235.27276503260524,31732.093023255813
176,25,183.9240130172329,39471.62790697675
176,30,146.7444564776405,47211.16279069767
176,35,120.28002336656489,54950.6976744186
176,40,100.0912905561581,62690.232558139534
176,45,84.23235508363418,70429.76744186047
176,50,71.23957530472495,78169.30232558139
176,55,60.64150779257844,85908.83720930232
176,60,51.77064713156324,93648.37209302325
176,65,44.24660632504908,101387.90697674418
176,70,37.83262118606278,109127.44186046511
176,75,32.447441608517046,116866.97674418605
176,80,27.915549392367073,124606.51162790698
177,5,718.3970353468699,8513.488372093023
177,10,435.64546871753316,16253.023255813954
177,15,305.72185083970004,23992.558139534885
177,20,227.41321685901164,31732.093023255813
177,25,179.17373879027517,39471.62790697675
177,30,144.54683803615185,47211.16279069767
177,35,118.85083836039693,54950.6976744186
177,40,98.78858321454038,62690.232558139534
177,45,82.90544530164274,70429.76744186047
177,50,69.97209171576633,78169.30232558139
177,55,59.40457695570187,85908.83720930232
177,60,50.83232759539118,93648.37209302325
177,65,43.5989138214614,101387.90697674418
177,70,37.4778346642202,109127.44186046511
177,75,32.278393822032356,116866.97674418605
177,80,27.8580748044836,124606.51162790698
178,5,721.5449597899399,8513.488372093023
178,10,436.51290464794016,16253.023255813954
178,15,305.68862524396354,23992.558139534885
178,20,228.82057293917293,31732.093023255813
178,25,180.67796728626158,39471.62790697675
178,30,145.97253476398112,47211.16279069767
178,35,119.34798174989203,54950.6976744186
178,40,98.84351080330566,62690.232558139534
178,45,82.71730593222676,70429.76744186047
178,50,69.56759484660924,78169.30232558139
178,55,58.81764657368141,85908.83720930232
178,60,50.15459917196647,93648.37209302325
178,65,42.91862912188829,101387.90697674418
178,70,36.77360843881358,109127.44186046511
178,75,31.595489096711912,116866.97674418605
178,80,27.176058283889994,124606.51162790698
179,5,731.5683461206748,8513.488372093023
179,10,430.43114734135105,16253.023255813954
179,15,301.8729951299871,23992.558139534885
179,20,226.38901615040348,31732.093023255813
179,25,177.527013445019,39471.62790697675
179,30,143.74260944223465,47211.16279069767
179,35,117.99989375260449,54950.6976744186
179,40,97.46005871794463,62690.232558139534
179,45,81.71319986259849,70429.76744186047
179,50,69.02229549980122,78169.30232558139
179,55,58.5917065416815,85908.83720930232
179,60,49.93389587799885,93648.37209302325
179,65,42.73557703692515,101387.90697674418
179,70,36.71480742031748,109127.44186046511
179,75,31.59292611980648,116866.97674418605
179,80,27.21469797396642,124606.51162790698
180,5,742.6088228105518,8513.488372093023
180,10,433.1985930325188,16253.023255813954
180,15,305.1472641311977,23992.558139534885
180,20,227.62618188040844,31732.093023255813
180,25,179.7277614677697,39471.62790697675
180,30,145.69971713147515,47211.16279069767
180,35,119.48005041922617,54950.6976744186
180,40,98.97594212871255,62690.232558139534
180,45,83.14904668036566,70429.76744186047
180,50,70.7280387444714,78169.30232558139
180,55,60.46277517970191,85908.83720930232
180,60,51.91665764090742,93648.37209302325
180,65,44.60952478381248,101387.90697674418
180,70,38.4983962679423,109127.44186046511
180,75,33.17098051774003,116866.97674418605
180,80,28.565193931365794,124606.51162790698
181,5,739.4150361105293,8513.488372093023
181,10,441.839208872979,16253.023255813954
181,15,312.8173220082821,23992.558139534885
181,20,235.2894001308614,31732.093023255813
181,25,183.49990895234941,39471.62790697675
181,30,147.88145225231202,47211.16279069767
181,35,121.95546354495227,54950.6976744186
181,40,102.28826921813514,62690.232558139534
181,45,86.0934182083089,70429.76744186047
181,50,73.11790175433568,78169.30232558139
181,55,62.301065542776485,85908.83720930232
181,60,53.32277683082744,93648.37209302325
181,65,45.926377607286994,101387.90697674418
181,70,39.6696866945356,109127.44186046511
181,75,34.21632263614569,116866.97674418605
181,80,29.45209484643236,124606.51162790698
182,5,713.753317185531,8513.488372093023
182,10,443.3242241887695,16253.023255813954
182,15,316.6087819834453,23992.558139534885
182,20,237.56957451577904,31732.093023255813
182,25,185.36579570619182,39471.62790697675
182,30,149.7369657422072,47211.16279069767
182,35,123.52087713967276,54950.6976744186
182,40,103.15838254183969,62690.232558139534
182,45,86.6918811521261,70429.76744186047
182,50,73.38715049393062,78169.30232558139
182,55,62.592760583887554,85908.83720930232
182,60,53.668823774792486,93648.37209302325
182,65,46.177979263131135,101387.90697674418
182,70,39.77990286796076,109127.44186046511
182,75,34.301369424791325,116866.97674418605
182,80,29.667286406459304,124606.51162790698
183,5,707.0522257506201,8513.488372093023
183,10,452.6398728857165,16253.023255813954
183,15,320.53963528766946,23992.558139534885
183,20,238.50353599228686,31732.093023255813
183,25,188.11528740329734,39471.62790697675
183,30,152.19871886918037,47211.16279069767
183,35,126.34409783834326,54950.6976744186
183,40,105.62670755694772,62690.232558139534
183,45,88.48762403580403,70429.76744186047
183,50,74.86155707413087,78169.30232558139
183,55,63.89390499760435,85908.83720930232
183,60,54.74097020390847,93648.37209302325
183,65,47.159746538933334,101387.90697674418
183,70,40.67063919810069,109127.44186046511
183,75,35.114235660207136,116866.97674418605
183,80,30.19354187446691,124606.51162790698
184,5,714.4058389379085,8513.488372093023
184,10,452.7294320105298,16253.023255813954
184,15,319.1311661128008,23992.558139534885
184,20,236.26256653218027,31732.093023255813
184,25,185.51499343288475,39471.62790697675
184,30,151.52532414831873,47211.16279069767
184,35,125.26158633485845,54950.6976744186
184,40,104.48581654343819,62690.232558139534
184,45,87.57292234902776,70429.76744186047
184,50,74.00345932666504,78169.30232558139
184,55,62.98972213802343,85908.83720930232
184,60,53.930927167216296,93648.37209302325
184,65,46.20056644315339,101387.90697674418
184,70,39.82509002122118,109127.44186046511
184,75,34.43148472845904,116866.97674418605
184,80,29.786780645095195,124606.51162790698
185,5,715.6082515496943,8513.488372093023
185,10,441.79104148732273,16253.023255813954
185,15,311.2225987567528,23992.558139534885
185,20,232.34210557243546,31732.093023255813
185,25,183.62428331407932,39471.62790697675
185,30,148.34601287686036,47211.16279069767
185,35,122.67820620934627,54950.6976744186
185,40,102.91097858830706,62690.232558139534
185,45,86.90550298198268,70429.76744186047
185,50,73.47838878704324,78169.30232558139
185,55,62.57236137069321,85908.83720930232
185,60,53.60763765042212,93648.37209302325
185,65,46.05829817477627,101387.90697674418
185,70,39.526420166723774,109127.44186046511
185,75,33.997892295133646,116866.97674418605
185,80,29.308002519609822,124606.51162790698
186,5,740.9313664757943,8513.488372093023
186,10,441.33786778961667,16253.023255813954
186,15,312.98140890021864,23992.558139534885
186,20,237.32588042171204,31732.093023255813
186,25,186.69569930966566,39471.62790697675
186,30,149.87422466924502,47211.16279069767
186,35,123.60481440864325,54950.6976744186
186,40,103.23468297741135,62690.232558139534
186,45,86.68385358929298,70429.76744186047
186,50,73.41636530251824,78169.30232558139
186,55,62.77456871869096,85908.83720930232
186,60,53.851207350770274,93648.37209302325
186,65,46.2438830564099,101387.90697674418
186,70,39.888986808630534,109127.44186046511
186,75,34.37615889052147,116866.97674418605
186,80,29.66567335116162,124606.51162790698
187,5,757.5317977289078,8513.488372093023
187,10,452.42639983636934,16253.023255813954
187,15,317.1342726245179,23992.558139534885
187,20,240.54018787971017,31732.093023255813
187,25,189.88454274619122,39471.62790697675
187,30,153.59180010556028,47211.16279069767
187,35,126.89569330697199,54950.6976744186
187,40,106.00431232850295,62690.232558139534
187,45,89.16186560934604,70429.76744186047
187,50,75.56735751962137,78169.30232558139
187,55,64.46712959443525,85908.83720930232
187,60,55.281354662865006,93648.37209302325
187,65,47.54101225138996,101387.90697674418
187,70,40.981451858286114,109127.44186046511
187,75,35.27829829093277,116866.97674418605
187,80,30.43886251284914,124606.51162790698
188,5,737.2360275695959,8513.488372093023
188,10,445.92580984293005,16253.023255813954
188,15,310.74534207080774,23992.558139534885
188,20,233.94240100637535,31732.093023255813
188,25,185.17792433071617,39471.62790697675
188,30,148.51151417228397,47211.16279069767
188,35,121.33743432317465,54950.6976744186
188,40,101.37516882784273,62690.232558139534
188,45,85.60331192653916,70429.76744186047
188,50,72.70137388755118,78169.30232558139
188,55,61.97437707917144,85908.83720930232
188,60,53.00940635153433,93648.37209302325
188,65,45.51319783163429,101387.90697674418
188,70,39.2185988218226,109127.44186046511
188,75,33.89078095260281,116866.97674418605
188,80,29.287554240031223,124606.51162790698
189,5,734.5597811298943,8513.488372093023
189,10,440.0681726718389,16253.023255813954
189,15,305.92621414053264,23992.558139534885
189,20,231.60775192851543,31732.093023255813
189,25,181.5983062406812,39471.62790697675
189,30,146.6800525382434,47211.16279069767
189,35,120.69740437106462,54950.6976744186
189,40,100.56932942362033,62690.232558139534
189,45,84.5386696257447,70429.76744186047
189,50,71.37442702586311,78169.30232558139
189,55,60.65258523667528,85908.83720930232
189,60,51.93119467595274,93648.37209302325
189,65,44.672433713400316,101387.90697674418
189,70,38.5890414345364,109127.44186046511
189,75,33.4261702466138,116866.97674418605
189,80,28.798681219632773,124606.51162790698
190,5,754.5358802300459,8513.488372093023
190,10,457.3435671907752,16253.023255813954
190,15,315.91760911141404,23992.558139534885
190,20,238.82430526455866,31732.093023255813
190,25,187.9043423311608,39471.62790697675
190,30,149.98626524354316,47211.16279069767
190,35,122.86640223492824,54950.6976744186
190,40,102.54191873852567,62690.232558139534
190,45,86.21243818989336,70429.76744186047
190,50,72.96549959768235,78169.30232558139
190,55,62.2206190490695,85908.83720930232
190,60,53.42734107706124,93648.37209302325
190,65,46.09133798403954,101387.90697674418
190,70,39.82309146761778,109127.44186046511
190,75,34.46317473743103,116866.97674418605
190,80,29.811195978949907,124606.51162790698
191,5,743.3640834248749,8513.488372093023
191,10,448.02607836885744,16253.023255813954
191,15,311.67362711561105,23992.558139534885
191,20,235.24077332479044,31732.093023255813
191,25,183.34749642625832,39471.62790697675
191,30,144.8935321943673,47211.16279069767
191,35,117.75906720551883,54950.6976744186
191,40,98.12921835683777,62690.232558139534
191,45,82.7296244560428,70429.76744186047
191,50,70.20373703475262,78169.30232558139
191,55,59.86483992494381,85908.83720930232
191,60,51.0021251969624,93648.37209302325
191,65,43.5864502422296,101387.90697674418
191,70,37.523215812354,109127.44186046511
191,75,32.40578683442608,116866.97674418605
191,80,28.01993732142209,124606.51162790698
192,5,729.3853988883136,8513.488372093023
192,10,455.3930659655222,16253.023255813954
192,15,312.20432505031795,23992.558139534885
192,20,233.87181354418334,31732.093023255813
192,25,181.50672842441926,39471.62790697675
192,30,144.8073601950903,47211.16279069767
192,35,118.58293403222154,54950.6976744186
192,40,99.06969052902053,62690.232558139534
192,45,83.41677259013353,70429.76744186047
192,50,70.56447682475711,78169.30232558139
192,55,60.09252390600645,85908.83720930232
192,60,51.42656831552136,93648.37209302325
192,65,44.06950391394228,101387.90697674418
192,70,37.880449179142644,109127.44186046511
192,75,32.65323243449042,116866.97674418605
192,80,28.232673452292154,124606.51162790698
193,5,730.3715810493192,8513.488372093023
193,10,458.4449341378167,16253.023255813954
193,15,310.82699780074165,23992.558139534885
193,20,231.3903032803626,31732.093023255813
193,25,180.52589573009357,39471.62790697675
193,30,144.92695745250828,47211.16279069767
193,35,118.95520713521871,54950.6976744186
193,40,99.12351173119848,62690.232558139534
193,45,83.23447725515307,70429.76744186047
193,50,70.42301185913223,78169.30232558139
193,55,59.977466950773085,85908.83720930232
193,60,51.523530950445114,93648.37209302325
193,65,44.45275960580682,101387.90697674418
193,70,38.44984582803017,109127.44186046511
193,75,33.203511796310124,116866.97674418605
193,80,28.71199088428464,124606.51162790698
194,5,735.0955379421848,8513.488372093023
194,10,449.97054913929384,16253.023255813954
194,15,306.3218878866264,23992.558139534885
194,20,227.76732054502088,31732.093023255813
194,25,178.89315687720085,39471.62790697675
194,30,143.61166605345687,47211.16279069767
194,35,116.8389951259221,54950.6976744186
194,40,96.70215530502433,62690.232558139534
194,45,81.59015444042898,70429.76744186047
194,50,69.1776660976307,78169.30232558139
194,55,58.672431261422396,85908.83720930232
194,60,50.03666007759997,93648.37209302325
194,65,42.93499935541644,101387.90697674418
194,70,36.88347385242562,109127.44186046511
194,75,31.769114336680374,116866.97674418605
194,80,27.33445520916477,124606.51162790698
195,5,745.7209180692874,8513.488372093023
195,10,461.579255750609,16253.023255813954
195,15,316.27464656864703,23992.558139534885
195,20,231.4209887158577,31732.093023255813
195,25,183.22417599771023,39471.62790697675
195,30,147.57552870125554,47211.16279069767
195,35,120.81347414725568,54950.6976744186
195,40,100.76999958836177,62690.232558139534
195,45,84.8230579554056,70429.76744186047
195,50,71.97896209660583,78169.30232558139
195,55,61.38313668396691,85908.83720930232
195,60,52.54676953162039,93648.37209302325
195,65,45.01509740438729,101387.90697674418
195,70,38.74560492415987,109127.44186046511
195,75,33.353635794503646,116866.97674418605
195,80,28.659792565985544,124606.51162790698
196,5,740.1549940873614,8513.488372093023
196,10,463.03999380996044,16253.023255813954
196,15,318.2862596479577,23992.558139534885
196,20,237.05496424773366,31732.093023255813
196,25,185.15009757161832,39471.62790697675
196,30,147.33169482819312,47211.16279069767
196,35,120.50677122352754,54950.6976744186
196,40,99.9983164538785,62690.232558139534
196,45,83.77411830468468,70429.76744186047
196,50,70.60822480055637,78169.30232558139
196,55,60.10437561480036,85908.83720930232
196,60,51.55235582503048,93648.37209302325
196,65,44.15933984941047,101387.90697674418
196,70,37.89142896028323,109127.44186046511
196,75,32.58800924306206,116866.97674418605
196,80,28.077571377777293,124606.51162790698
197,5,745.5085082246254,8513.488372093023
197,10,460.84735714470565,16253.023255813954
197,15,320.3680775977893,23992.558139534885
197,20,238.53435298474088,31732.093023255813
197,25,184.3085460492473,39471.62790697675
197,30,147.90105667337087,47211.16279069767
197,35,122.06301764621506,54950.6976744186
197,40,101.64540583586829,62690.232558139534
197,45,85.74924210341182,70429.76744186047
197,50,72.85614915908731,78169.30232558139
197,55,61.970213299023904,85908.83720930232
197,60,52.94429853251448,93648.37209302325
197,65,45.516878528525226,101387.90697674418
197,70,39.217087389295344,109127.44186046511
197,75,33.80189927849776,116866.97674418605
197,80,29.181189205743067,124606.51162790698
198,5,763.1396773610142,8513.488372093023
198,10,463.6717204584929,16253.023255813954
198,15,321.53256343910033,23992.558139534885
198,20,242.82234977479663,31732.093023255813
198,25,189.42157265492506,39471.62790697675
198,30,151.73776121218668,47211.16279069767
198,35,124.75331174478997,54950.6976744186
198,40,103.60728189214875,62690.232558139534
198,45,87.03029872180502,70429.76744186047
198,50,73.6464666767225,78169.30232558139
198,55,62.89526964570236,85908.83720930232
198,60,53.89282035830521,93648.37209302325
198,65,46.239543630564704,101387.90697674418
198,70,39.7255124715805,109127.44186046511
198,75,34.178602894363976,116866.97674418605
198,80,29.491117580763202,124606.51162790698
199,5,778.6369279455852,8513.488372093023
199,10,480.7036677534383,16253.023255813954
199,15,329.20851132343887,23992.558139534885
199,20,242.8983509067613,31732.093023255813
199,25,188.09460163497644,39471.62790697675
199,30,151.91824805664683,47211.16279069767
199,35,125.31198339961827,54950.6976744186
199,40,104.76509261303893,62690.232558139534
199,45,88.35542680487254,70429.76744186047
199,50,74.53074080743241,78169.30232558139
199,55,63.72959728245432,85908.83720930232
199,60,54.60518296471982,93648.37209302325
199,65,46.96725279880302,101387.90697674418
199,70,40.57355348833576,109127.44186046511
199,75,34.90882666735125,116866.97674418605
199,80,30.039743517644578,124606.51162790698
200,5,814.0486337188167,8513.488372093023
200,10,499.0702234661123,16253.023255813954
200,15,342.0763999015481,23992.558139534885
200,20,254.04975265794414,31732.093023255813
200,25,198.0312527385756,39471.62790697675
200,30,159.21224163636825,47211.16279069767
200,35,130.5893680594226,54950.6976744186
200,40,109.29381762488502,62690.232558139534
200,45,92.50726808424359,70429.76744186047
200,50,78.72967407049815,78169.30232558139
200,55,67.23384562660334,85908.83720930232
200,60,57.49376369464581,93648.37209302325
200,65,49.359024657464744,101387.90697674418
200,70,42.43072368587827,109127.44186046511
200,75,36.44302448706975,116866.97674418605
200,80,31.300283737383356,124606.51162790698
201,5,820.6376782851065,8513.488372093023
201,10,493.50652353853553,16253.023255813954
201,15,343.48077171639875,23992.558139534885
201,20,257.1858295117117,31732.093023255813
201,25,200.06257864475236,39471.62790697675
201,30,161.64849718069175,47211.16279069767
201,35,132.81414961467394,54950.6976744186
201,40,110.49300078356399,62690.232558139534
201,45,92.93850070423555,70429.76744186047
201,50,78.42126262698021,78169.30232558139
201,55,66.5266567739059,85908.83720930232
201,60,56.7385458756681,93648.37209302325
201,65,48.50743945317441,101387.90697674418
201,70,41.629597290827,109127.44186046511
201,75,35.73596552962878,116866.97674418605
201,80,30.625472634273272,124606.51162790698
202,5,839.3963416202185,8513.488372093023
202,10,524.5104966317627,16253.023255813954
202,15,353.2109825676175,23992.558139534885
202,20,257.5552446026782,31732.093023255813
202,25,201.3478776106352,39471.62790697675
202,30,163.25958789480865,47211.16279069767
202,35,134.57865724687016,54950.6976744186
202,40,111.92061431308645,62690.232558139534
202,45,93.73907949920124,70429.76744186047
202,50,79.22349921462106,78169.30232558139
202,55,67.29222700428828,85908.83720930232
202,60,57.48412087072231,93648.37209302325
202,65,49.181908637897486,101387.90697674418
202,70,42.19783569798748,109127.44186046511
202,75,36.26036168001915,116866.97674418605
202,80,31.08627220768475,124606.51162790698
203,5,844.5478277050051,8513.488372093023
203,10,519.6331530050884,16253.023255813954
203,15,353.15233202054446,23992.558139534885
203,20,257.34928584989717,31732.093023255813
203,25,200.8509416620148,39471.62790697675
203,30,162.05576884577513,47211.16279069767
203,35,133.11612677684033,54950.6976744186
203,40,110.39331577080408,62690.232558139534
203,45,92.3922521322615,70429.76744186047
203,50,77.97379902222798,78169.30232558139
203,55,66.19702690358942,85908.83720930232
203,60,56.528907030389476,93648.37209302325
203,65,48.36871041690614,101387.90697674418
203,70,41.529834851846935,109127.44186046511
203,75,35.688348764228856,116866.97674418605
203,80,30.705286680251827,124606.51162790698
204,5,848.1510789602106,8513.488372093023
204,10,513.7876559231541,16253.023255813954
204,15,356.11872535639753,23992.558139534885
204,20,262.664010554892,31732.093023255813
204,25,203.90226358748845,39471.62790697675
204,30,163.18761880738276,47211.16279069767
204,35,134.27311696103155,54950.6976744186
204,40,112.43189288225803,62690.232558139534
204,45,94.7359651710909,70429.76744186047
204,50,79.91922829095641,78169.30232558139
204,55,67.62804197428403,85908.83720930232
204,60,57.68703535505178,93648.37209302325
204,65,49.43994854343534,101387.90697674418
204,70,42.40467420831967,109127.44186046511
204,75,36.25441731869659,116866.97674418605
204,80,30.985051485651976,124606.51162790698
205,5,856.8183636908358,8513.488372093023
205,10,511.76872058755515,16253.023255813954
205,15,349.61457381335765,23992.558139534885
205,20,260.7398165186176,31732.093023255813
205,25,204.73278724634991,39471.62790697675
205,30,165.8277786802722,47211.16279069767
205,35,137.80912466169636,54950.6976744186
205,40,115.17117606299504,62690.232558139534
205,45,96.98048873747773,70429.76744186047
205,50,81.94892764857931,78169.30232558139
205,55,69.49935990066723,85908.83720930232
205,60,59.16034469994013,93648.37209302325
205,65,50.48682922562518,101387.90697674418
205,70,43.18639914334754,109127.44186046511
205,75,36.98332187913731,116866.97674418605
205,80,31.689894638713216,124606.51162790698
206,5,863.0654816134585,8513.488372093023
206,10,502.8501036010226,16253.023255813954
206,15,347.1904728354717,23992.558139534885
206,20,259.8624952104847,31732.093023255813
206,25,205.2668507970453,39471.62790697675
206,30,165.39372829229612,47211.16279069767
206,35,135.89364984904986,54950.6976744186
206,40,113.53246592751364,62690.232558139534
206,45,95.61217086955484,70429.76744186047
206,50,81.19368545115292,78169.30232558139
206,55,68.97987986778092,85908.83720930232
206,60,58.70411564311134,93648.37209302325
206,65,50.2020399168177,101387.90697674418
206,70,42.89274985344171,109127.44186046511
206,75,36.74295020267602,116866.97674418605
206,80,31.62345588284834,124606.51162790698
207,5,865.2717927137589,8513.488372093023
207,10,497.27099231262946,16253.023255813954
207,15,349.52762688381176,23992.558139534885
207,20,263.64466232072124,31732.093023255813
207,25,207.5181925615399,39471.62790697675
207,30,167.32144144648896,47211.16279069767
207,35,137.1679174100206,54950.6976744186
207,40,114.20438984556917,62690.232558139534
207,45,96.45543420364795,70429.76744186047
207,50,81.48586189154382,78169.30232558139
207,55,69.44267797004744,85908.83720930232
207,60,59.45218386119551,93648.37209302325
207,65,50.938549791734125,101387.90697674418
207,70,43.695683607291954,109127.44186046511
207,75,37.42084543256867,116866.97674418605
207,80,32.160857772714444,124606.51162790698
208,5,850.2384167705842,8513.488372093023
208,10,497.3953411199337,16253.023255813954
208,15,346.4688288166961,23992.558139534885
208,20,256.4087060519675,31732.093023255813
208,25,199.2372631482104,39471.62790697675
208,30,160.78952810698456,47211.16279069767
208,35,132.44535819647152,54950.6976744186
208,40,110.47490498974157,62690.232558139534
208,45,92.89939911017304,70429.76744186047
208,50,78.84169986231606,78169.30232558139
208,55,67.18495079460239,85908.83720930232
208,60,57.34491962049151,93648.37209302325
208,65,49.166117582400396,101387.90697674418
208,70,42.238800180604635,109127.44186046511
208,75,36.24066666563956,116866.97674418605
208,80,31.155755929521415,124606.51162790698
209,5,857.4916336992676,8513.488372093023
209,10,512.6223592293152,16253.023255813954
209,15,347.7089033455222,23992.558139534885
209,20,259.1361099083774,31732.093023255813
209,25,203.29976265565884,39471.62790697675
209,30,164.06485952809362,47211.16279069767
209,35,135.1813461013973,54950.6976744186
209,40,112.71772821064773,62690.232558139534
209,45,94.77067653322192,70429.76744186047
209,50,80.06215128847845,78169.30232558139
209,55,67.8616831689114,85908.83720930232
209,60,57.81187386194566,93648.37209302325
209,65,49.51818855150363,101387.90697674418
209,70,42.640207575755156,109127.44186046511
209,75,36.72694578634058,116866.97674418605
209,80,31.640074760287597,124606.51162790698
210,5,842.8514802947223,8513.488372093023
210,10,499.48420680168164,16253.023255813954
210,15,341.56549485351275,23992.558139534885
210,20,255.22050285152184,31732.093023255813
210,25,198.78667932178266,39471.62790697675
210,30,160.0203791994394,47211.16279069767
210,35,131.6048393475832,54950.6976744186
210,40,109.6836031901689,62690.232558139534
210,45,92.87743106703107,70429.76744186047
210,50,79.10864167471797,78169.30232558139
210,55,67.77197114318433,85908.83720930232
210,60,58.274439968255486,93648.37209302325
210,65,50.14749956173504,101387.90697674418
210,70,43.1028820602682,109127.44186046511
210,75,37.169895368893116,116866.97674418605
210,80,32.1337793933136,124606.51162790698
211,5,848.4450238296326,8513.488372093023
211,10,503.43220161292334,16253.023255813954
211,15,347.16226131147687,23992.558139534885
211,20,260.79254358470376,31732.093023255813
211,25,203.86402003394187,39471.62790697675
211,30,163.37722006967556,47211.16279069767
211,35,133.4092517266053,54950.6976744186
211,40,111.15076281660818,62690.232558139534
211,45,93.65924716977705,70429.76744186047
211,50,79.54173632713606,78169.30232558139
211,55,67.69182197975248,85908.83720930232
211,60,57.874805311920476,93648.37209302325
211,65,49.661605267065,101387.90697674418
211,70,42.65092826478021,109127.44186046511
211,75,36.547574593286086,116866.97674418605
211,80,31.362678178958337,124606.51162790698
212,5,845.8426272392162,8513.488372093023
212,10,505.8095044038672,16253.023255813954
212,15,350.44530540167545,23992.558139534885
212,20,262.59851312315374,31732.093023255813
212,25,204.16166231900556,39471.62790697675
212,30,163.33226183888138,47211.16279069767
212,35,133.36905404240042,54950.6976744186
212,40,111.42374821908288,62690.232558139534
212,45,93.72239882438971,70429.76744186047
212,50,79.49288198514515,78169.30232558139
212,55,67.45054975528043,85908.83720930232
212,60,57.71008874393664,93648.37209302325
212,65,49.491732125308914,101387.90697674418
212,70,42.465705991678846,109127.44186046511
212,75,36.5089479837442,116866.97674418605
212,80,31.461697682578013,124606.51162790698
213,5,883.6058212899978,8513.488372093023
213,10,535.4220235303525,16253.023255813954
213,15,372.61131753914765,23992.558139534885
213,20,274.71199674460536,31732.093023255813
213,25,212.88927101928076,39471.62790697675
213,30,170.70550150224489,47211.16279069767
213,35,141.02996227223946,54950.6976744186
213,40,118.06788583290411,62690.232558139534
213,45,99.08727861499196,70429.76744186047
213,50,83.74389260048117,78169.30232558139
213,55,71.22010437611546,85908.83720930232
213,60,60.755972104737396,93648.37209302325
213,65,52.03005917431641,101387.90697674418
213,70,44.77361475615054,109127.44186046511
213,75,38.55764500060615,116866.97674418605
213,80,33.19057291923868,124606.51162790698
214,5,877.0805229451962,8513.488372093023
214,10,524.0926635870827,16253.023255813954
214,15,362.8179314793197,23992.558139534885
214,20,271.19170526304015,31732.093023255813
214,25,211.3778517009872,39471.62790697675
214,30,168.80510130503396,47211.16279069767
214,35,138.76168070532975,54950.6976744186
214,40,115.30668893070448,62690.232558139534
214,45,96.84160220062311,70429.76744186047
214,50,82.24561133355311,78169.30232558139
214,55,69.9902877691897,85908.83720930232
214,60,59.697884383144455,93648.37209302325
214,65,50.85028652020142,101387.90697674418
214,70,43.432390503008065,109127.44186046511
214,75,37.15335599168328,116866.97674418605
214,80,31.91989311750922,124606.51162790698
215,5,913.3489930411276,8513.488372093023
215,10,544.1588999574559,16253.023255813954
215,15,380.5338021249321,23992.558139534885
215,20,279.0921490828043,31732.093023255813
215,25,217.29452734803957,39471.62790697675
215,30,173.1243835278001,47211.16279069767
215,35,142.47159875343058,54950.6976744186
215,40,118.88559942595701,62690.232558139534
215,45,100.38267502266567,70429.76744186047
215,50,85.16558141521871,78169.30232558139
215,55,72.53536103694589,85908.83720930232
215,60,61.89393804054688,93648.37209302325
215,65,53.05841936899796,101387.90697674418
215,70,45.5869713938789,109127.44186046511
215,75,39.15705136399295,116866.97674418605
215,80,33.69438125674453,124606.51162790698
216,5,935.6462448025,8513.488372093023
216,10,564.5654845004071,16253.023255813954
216,15,394.73691646982485,23992.558139534885
216,20,289.7169808958658,31732.093023255813
216,25,221.8385843117379,39471.62790697675
216,30,175.87896938721198,47211.16279069767
216,35,145.60398135104637,54950.6976744186
216,40,121.5612935534805,62690.232558139534
216,45,102.40387727205544,70429.76744186047
216,50,87.2057772538497,78169.30232558139
216,55,74.3285812681636,85908.83720930232
216,60,63.520471732836086,93648.37209302325
216,65,54.370537185860634,101387.90697674418
216,70,46.819780024435495,109127.44186046511
216,75,40.2122868835686,116866.97674418605
216,80,34.50802299202016,124606.51162790698
217,5,916.4304355151156,8513.488372093023
217,10,559.9998167932857,16253.023255813954
217,15,398.2635914780762,23992.558139534885
217,20,297.26204202834606,31732.093023255813
217,25,232.50247103369657,39471.62790697675
217,30,187.12485964290116,47211.16279069767
217,35,153.83051073672075,54950.6976744186
217,40,128.58018190145538,62690.232558139534
217,45,108.57794324491658,70429.76744186047
217,50,92.49862965970807,78169.30232558139
217,55,78.91111538940955,85908.83720930232
217,60,67.52568895437845,93648.37209302325
217,65,57.7803965871776,101387.90697674418
217,70,49.50170520102794,109127.44186046511
217,75,42.45446063607898,116866.97674418605
217,80,36.47519414926508,124606.51162790698
218,5,900.6381666415505,8513.488372093023
218,10,561.2074090060888,16253.023255813954
218,15,392.59479096089575,23992.558139534885
218,20,293.5019036134476,31732.093023255813
218,25,228.88949063186473,39471.62790697675
218,30,182.99496894998578,47211.16279069767
218,35,150.6239193294009,54950.6976744186
218,40,126.40496901662313,62690.232558139534
218,45,107.07783805777986,70429.76744186047
218,50,91.44194248614633,78169.30232558139
218,55,78.18794785474601,85908.83720930232
218,60,66.82349788771457,93648.37209302325
218,65,57.139521014136506,101387.90697674418
218,70,48.91574488149601,109127.44186046511
218,75,41.966965417580624,116866.97674418605
218,80,35.95009855742342,124606.51162790698
219,5,903.8076647302298,8513.488372093023
219,10,559.7868453762591,16253.023255813954
219,15,389.72986267010066,23992.558139534885
219,20,291.1272795788307,31732.093023255813
219,25,229.31417117849318,39471.62790697675
219,30,185.71004201560672,47211.16279069767
219,35,152.61844751887247,54950.6976744186
219,40,127.2131787722689,62690.232558139534
219,45,107.61160157994374,70429.76744186047
219,50,91.13469691016357,78169.30232558139
219,55,77.71390420082719,85908.83720930232
219,60,66.30798751971246,93648.37209302325
219,65,56.58744645845965,101387.90697674418
219,70,48.34962011828744,109127.44186046511
219,75,41.46648102775918,116866.97674418605
219,80,35.71137994005577,124606.51162790698
220,5,909.3112551605253,8513.488372093023
220,10,569.0808499135126,16253.023255813954
220,15,403.2838584286889,23992.558139534885
220,20,305.05175857728057,31732.093023255813
220,25,240.04531920692787,39471.62790697675
220,30,194.10412951114512,47211.16279069767
220,35,159.28398743235607,54950.6976744186
220,40,132.35781174757875,62690.232558139534
220,45,111.22419213971733,70429.76744186047
220,50,93.95057721144632,78169.30232558139
220,55,79.38927563530486,85908.83720930232
220,60,67.13500291981786,93648.37209302325
220,65,57.1384315112991,101387.90697674418
220,70,48.93751525382723,109127.44186046511
220,75,42.16581356201835,116866.97674418605
220,80,36.373952837010144,124606.51162790698
221,5,924.4789858054637,8513.488372093023
221,10,572.7662655429824,16253.023255813954
221,15,410.10871881006403,23992.558139534885
221,20,306.1049124733674,31732.093023255813
221,25,238.98670504386675,39471.62790697675
221,30,192.71797292961463,47211.16279069767
221,35,158.6121828696405,54950.6976744186
221,40,132.377746984514,62690.232558139534
221,45,111.57509389244755,70429.76744186047
221,50,94.18614964843445,78169.30232558139
221,55,80.00866445414324,85908.83720930232
221,60,68.21636470986833,93648.37209302325
221,65,58.44586908368996,101387.90697674418
221,70,50.2324409662368,109127.44186046511
221,75,43.34343692713182,116866.97674418605
221,80,37.43996303654507,124606.51162790698
222,5,928.5565969105335,8513.488372093023
222,10,562.6692733506741,16253.023255813954
222,15,402.48671861917245,23992.558139534885
222,20,303.56587506244614,31732.093023255813
222,25,239.79324375166843,39471.62790697675
222,30,193.90520910699732,47211.16279069767
222,35,159.88380213266723,54950.6976744186
222,40,132.8883089996018,62690.232558139534
222,45,111.88491323632304,70429.76744186047
222,50,94.74374010665082,78169.30232558139
222,55,80.46006243863613,85908.83720930232
222,60,68.74382759064488,93648.37209302325
222,65,58.78009414086323,101387.90697674418
222,70,50.32788880170972,109127.44186046511
222,75,43.213545060902696,116866.97674418605
222,80,37.19685422666996,124606.51162790698
223,5,936.789187927258,8513.488372093023
223,10,559.0177072592612,16253.023255813954
223,15,403.3512165539858,23992.558139534885
223,20,303.72301568276214,31732.093023255813
223,25,237.13510782477815,39471.62790697675
223,30,191.86488751765927,47211.16279069767
223,35,157.12839152041045,54950.6976744186
223,40,131.8478981588539,62690.232558139534
223,45,111.55004665115241,70429.76744186047
223,50,94.59721566493856,78169.30232558139
223,55,80.20854724824086,85908.83720930232
223,60,68.10119885126709,93648.37209302325
223,65,58.134703047988324,101387.90697674418
223,70,49.65911470396675,109127.44186046511
223,75,42.53854110690243,116866.97674418605
223,80,36.5586578831669,124606.51162790698
224,5,934.5387597978946,8513.488372093023
224,10,554.4488584075274,16253.023255813954
224,15,408.74024586131407,23992.558139534885
224,20,312.0345909948168,31732.093023255813
224,25,244.69854467962477,39471.62790697675
224,30,197.57286782123538,47211.16279069767
224,35,163.0400998648173,54950.6976744186
224,40,135.53890187909616,62690.232558139534
224,45,113.63727135486008,70429.76744186047
224,50,96.25397592954486,78169.30232558139
224,55,81.67026689167209,85908.83720930232
224,60,69.5993919602316,93648.37209302325
224,65,59.3782146938182,101387.90697674418
224,70,50.916025926324735,109127.44186046511
224,75,43.69787388204269,116866.97674418605
224,80,37.5989247224555,124606.51162790698
225,5,944.8268821989536,8513.488372093023
225,10,567.6728998340951,16253.023255813954
225,15,413.7685470022208,23992.558139534885
225,20,318.8363113496588,31732.093023255813
225,25,255.3539766332453,39471.62790697675
225,30,205.69153838648973,47211.16279069767
225,35,169.3666404460553,54950.6976744186
225,40,141.01712487043596,62690.232558139534
225,45,118.2150487666818,70429.76744186047
225,50,99.78642545457039,78169.30232558139
225,55,84.70914338762387,85908.83720930232
225,60,72.35846466732852,93648.37209302325
225,65,61.990706938218345,101387.90697674418
225,70,53.04500535017514,109127.44186046511
225,75,45.549587791778684,116866.97674418605
225,80,39.30250688306026,124606.51162790698
226,5,968.6510725395916,8513.488372093023
226,10,585.0048450214749,16253.023255813954
226,15,425.43209203104885,23992.558139534885
226,20,326.18529535925217,31732.093023255813
226,25,255.91505770719073,39471.62790697675
226,30,206.81289061474143,47211.16279069767
226,35,170.46152729965513,54950.6976744186
226,40,142.18096432475986,62690.232558139534
226,45,119.67732899261392,70429.76744186047
226,50,101.72081021567115,78169.30232558139
226,55,86.43678418992108,85908.83720930232
226,60,73.52666246612607,93648.37209302325
226,65,62.758311656701416,101387.90697674418
226,70,53.67825468699905,109127.44186046511
226,75,46.00029789427781,116866.97674418605
226,80,39.66474010966873,124606.51162790698
227,5,974.8991890497442,8513.488372093023
227,10,592.1033463511396,16253.023255813954
227,15,424.11285623002175,23992.558139534885
227,20,322.95963606845,31732.093023255813
227,25,255.5381025188903,39471.62790697675
227,30,207.15394898804212,47211.16279069767
227,35,171.75034653798267,54950.6976744186
227,40,143.4650829667253,62690.232558139534
227,45,121.11684774415305,70429.76744186047
227,50,103.23864399242159,78169.30232558139
227,55,88.1331240439783,85908.83720930232
227,60,75.25264506582923,93648.37209302325
227,65,64.27875746103246,101387.90697674418
227,70,55.20550460401724,109127.44186046511
227,75,47.441496447143805,116866.97674418605
227,80,40.8389820008203,124606.51162790698
228,5,963.0305055258204,8513.488372093023
228,10,598.7885474276472,16253.023255813954
228,15,422.93832875619177,23992.558139534885
228,20,322.0938195005476,31732.093023255813
228,25,255.72365560211935,39471.62790697675
228,30,207.95111531533624,47211.16279069767
228,35,172.22937730019603,54950.6976744186
228,40,144.47785840240653,62690.232558139534
228,45,121.63309184001238,70429.76744186047
228,50,103.22244880729502,78169.30232558139
228,55,87.96064882393082,85908.83720930232
228,60,75.10286035806506,93648.37209302325
228,65,64.20104280262397,101387.90697674418
228,70,55.120442809444484,109127.44186046511
228,75,47.481320915468764,116866.97674418605
228,80,40.909222784120715,124606.51162790698
229,5,934.9048949919229,8513.488372093023
229,10,581.4496708681794,16253.023255813954
229,15,418.9628864510908,23992.558139534885
229,20,316.7508472465435,31732.093023255813
229,25,249.89677657695358,39471.62790697675
229,30,202.562086608106,47211.16279069767
229,35,167.23492064428498,54950.6976744186
229,40,140.49005690273842,62690.232558139534
229,45,119.1175186442218,70429.76744186047
229,50,101.46022412003603,78169.30232558139
229,55,86.41223352050409,85908.83720930232
229,60,73.73056442526816,93648.37209302325
229,65,63.06457272220128,101387.90697674418
229,70,54.18995657061534,109127.44186046511
229,75,46.829293343552436,116866.97674418605
229,80,40.401720398565914,124606.51162790698
230,5,919.2500277130241,8513.488372093023
230,10,569.5667527154715,16253.023255813954
230,15,408.87345682421324,23992.558139534885
230,20,313.0146060220711,31732.093023255813
230,25,251.00588312460818,39471.62790697675
230,30,204.1221623613832,47211.16279069767
230,35,168.89001750655785,54950.6976744186
230,40,141.73082450778176,62690.232558139534
230,45,119.68232532014436,70429.76744186047
230,50,101.41539833180076,78169.30232558139
230,55,86.09176780467429,85908.83720930232
230,60,73.44950252355123,93648.37209302325
230,65,62.705996163041306,101387.90697674418
230,70,53.818297934666596,109127.44186046511
230,75,46.374372425845074,116866.97674418605
230,80,40.02192502316604,124606.51162790698
231,5,934.1321267307851,8513.488372093023
231,10,583.0771832222126,16253.023255813954
231,15,412.703306734923,23992.558139534885
231,20,316.9885947336446,31732.093023255813
231,25,252.71441608932193,39471.62790697675
231,30,205.18685088578903,47211.16279069767
231,35,169.76670311945253,54950.6976744186
231,40,142.15013334839998,62690.232558139534
231,45,120.7785787313138,70429.76744186047
231,50,102.75173560414713,78169.30232558139
231,55,87.25304324447247,85908.83720930232
231,60,74.12822569539118,93648.37209302325
231,65,63.233672597649495,101387.90697674418
231,70,54.22711487241166,109127.44186046511
231,75,46.73813827311277,116866.97674418605
231,80,40.314278804416254,124606.51162790698
232,5,919.7854148531726,8513.488372093023
232,10,574.7801873488258,16253.023255813954
232,15,407.33577086818866,23992.558139534885
232,20,307.7708039504536,31732.093023255813
232,25,242.61139783631947,39471.62790697675
232,30,196.3007562989299,47211.16279069767
232,35,162.95608146831222,54950.6976744186
232,40,136.85652961763375,62690.232558139534
232,45,115.81930450554101,70429.76744186047
232,50,98.18669865867453,78169.30232558139
232,55,83.29011867070005,85908.83720930232
232,60,70.87486127930823,93648.37209302325
232,65,60.73558967853583,101387.90697674418
232,70,52.26870332232598,109127.44186046511
232,75,44.95144266320125,116866.97674418605
232,80,38.59397595667865,124606.51162790698
233,5,932.2312836814613,8513.488372093023
233,10,586.1884327911258,16253.023255813954
233,15,414.23029541755636,23992.558139534885
233,20,312.6320614966591,31732.093023255813
233,25,245.6528098397415,39471.62790697675
233,30,199.72904596437846,47211.16279069767
233,35,165.16435998911282,54950.6976744186
233,40,137.85800766609935,62690.232558139534
233,45,116.4974674862796,70429.76744186047
233,50,98.95788330176494,78169.30232558139
233,55,83.98330448644064,85908.83720930232
233,60,71.39181652933082,93648.37209302325
233,65,60.723563954966785,101387.90697674418
233,70,51.95671999717976,109127.44186046511
233,75,44.55790601405307,116866.97674418605
233,80,38.26962089301557,124606.51162790698
234,5,968.002489678219,8513.488372093023
234,10,607.2873863527208,16253.023255813954
234,15,435.80169361637985,23992.558139534885
234,20,332.6261662092901,31732.093023255813
234,25,261.7292912032652,39471.62790697675
234,30,211.47301496292943,47211.16279069767
234,35,173.54372832579188,54950.6976744186
234,40,144.6245172955952,62690.232558139534
234,45,121.9938231303732,70429.76744186047
234,50,103.15541307127052,78169.30232558139
234,55,87.49367676831646,85908.83720930232
234,60,74.43449232969876,93648.37209302325
234,65,63.87467747747596,101387.90697674418
234,70,54.96230486726107,109127.44186046511
234,75,47.26624216283229,116866.97674418605
234,80,40.66304499388234,124606.51162790698
235,5,978.0679398814474,8513.488372093023
235,10,609.9951131796653,16253.023255813954
235,15,430.7055553535364,23992.558139534885
235,20,323.46957567045536,31732.093023255813
235,25,254.6231118165117,39471.62790697675
235,30,204.63691421079128,47211.16279069767
235,35,169.04929701267906,54950.6976744186
235,40,140.93181033330714,62690.232558139534
235,45,118.62416516607803,70429.76744186047
235,50,100.30198565372474,78169.30232558139
235,55,85.16380863630495,85908.83720930232
235,60,72.53594195322937,93648.37209302325
235,65,62.09664944585861,101387.90697674418
235,70,53.267227759559354,109127.44186046511
235,75,45.89200303896877,116866.97674418605
235,80,39.60463855302632,124606.51162790698
236,5,970.365682949979,8513.488372093023
236,10,600.869029924081,16253.023255813954
236,15,418.8918088318656,23992.558139534885
236,20,317.5956127012975,31732.093023255813
236,25,250.42938160518716,39471.62790697675
236,30,203.19530360589593,47211.16279069767
236,35,168.59619346459203,54950.6976744186
236,40,141.25055019067335,62690.232558139534
236,45,119.12179769606763,70429.76744186047
236,50,100.9172729000127,78169.30232558139
236,55,85.56426231347473,85908.83720930232
236,60,73.05298221653204,93648.37209302325
236,65,62.81138852207219,101387.90697674418
236,70,54.09799247260433,109127.44186046511
236,75,46.630742364292715,116866.97674418605
236,80,40.21472832469451,124606.51162790698
237,5,969.0641662138802,8513.488372093023
237,10,592.0629655881255,16253.023255813954
237,15,416.6988672031034,23992.558139534885
237,20,317.4001143532208,31732.093023255813
237,25,250.9394748437704,39471.62790697675
237,30,202.41221997189623,47211.16279069767
237,35,166.42955016552378,54950.6976744186
237,40,139.59338981254803,62690.232558139534
237,45,117.63462132255525,70429.76744186047
237,50,99.33927131826492,78169.30232558139
237,55,84.31021120600445,85908.83720930232
237,60,71.89831962170992,93648.37209302325
237,65,61.67466255022294,101387.90697674418
237,70,53.16408536449954,109127.44186046511
237,75,45.918990790475725,116866.97674418605
237,80,39.671309954960755,124606.51162790698
238,5,976.3948251177499,8513.488372093023
238,10,595.7985460826915,16253.023255813954
238,15,423.12890636049536,23992.558139534885
238,20,328.9089160018648,31732.093023255813
238,25,261.4229832978437,39471.62790697675
238,30,211.8687398609357,47211.16279069767
238,35,174.42732856679626,54950.6976744186
238,40,145.7444757870221,62690.232558139534
238,45,122.76490880278128,70429.76744186047
238,50,103.93610394006484,78169.30232558139
238,55,88.44470649257009,85908.83720930232
238,60,75.55628570815074,93648.37209302325
238,65,64.49104199212792,101387.90697674418
238,70,55.25342347413411,109127.44186046511
238,75,47.51018936477922,116866.97674418605
238,80,40.87985127547088,124606.51162790698
239,5,983.3392358477543,8513.488372093023
239,10,594.2761473531987,16253.023255813954
239,15,426.78975476458754,23992.558139534885
239,20,328.34585852437533,31732.093023255813
239,25,261.45251443099886,39471.62790697675
239,30,212.07888720798715,47211.16279069767
239,35,175.51743216856934,54950.6976744186
239,40,146.63753934105927,62690.232558139534
239,45,122.98458588112715,70429.76744186047
239,50,103.50681989159777,78169.30232558139
239,55,87.80778927893611,85908.83720930232
239,60,75.05671305883276,93648.37209302325
239,65,64.27504362543024,101387.90697674418
239,70,55.08656416547242,109127.44186046511
239,75,47.12524901703972,116866.97674418605
239,80,40.56580316781363,124606.51162790698
240,5,1033.7557827069236,8513.488372093023
240,10,608.6608276436532,16253.023255813954
240,15,436.8777276794689,23992.558139534885
240,20,337.7964847017229,31732.093023255813
240,25,267.92308004820484,39471.62790697675
240,30,218.07205148581252,47211.16279069767
240,35,180.19575202467627,54950.6976744186
240,40,151.36934816682069,62690.232558139534
240,45,127.88688606903123,70429.76744186047
240,50,108.62685013855207,78169.30232558139
240,55,92.456787171885,85908.83720930232
240,60,79.08456083399582,93648.37209302325
240,65,67.87892294869133,101387.90697674418
240,70,58.27392913256333,109127.44186046511
240,75,50.111589935110146,116866.97674418605
240,80,43.18132565979078,124606.51162790698
241,5,1042.1783641578536,8513.488372093023
241,10,620.3798239240675,16253.023255813954
241,15,440.2970310516151,23992.558139534885
241,20,336.46199561957303,31732.093023255813
241,25,265.9108322266696,39471.62790697675
241,30,215.6617630826649,47211.16279069767
241,35,178.44312781551517,54950.6976744186
241,40,149.7609705515649,62690.232558139534
241,45,126.9383410614994,70429.76744186047
241,50,108.21899847326287,78169.30232558139
241,55,92.14201884779494,85908.83720930232
241,60,78.67910180418953,93648.37209302325
241,65,67.20099829910826,101387.90697674418
241,70,57.56438330522381,109127.44186046511
241,75,49.417374236535046,116866.97674418605
241,80,42.379732351246325,124606.51162790698
242,5,1039.315042763582,8513.488372093023
242,10,631.7163810694831,16253.023255813954
242,15,453.33829748884006,23992.558139534885
242,20,346.5732220722675,31732.093023255813
242,25,273.6686010373239,39471.62790697675
242,30,221.410074044139,47211.16279069767
242,35,182.3829335969596,54950.6976744186
242,40,152.0957496902603,62690.232558139534
242,45,127.85428190576962,70429.76744186047
242,50,108.33945808074641,78169.30232558139
242,55,92.07283846086032,85908.83720930232
242,60,78.57206381001346,93648.37209302325
242,65,67.0993923152101,101387.90697674418
242,70,57.50214476225288,109127.44186046511
242,75,49.4777103871408,116866.97674418605
242,80,42.48422006947502,124606.51162790698
243,5,1010.9179644678395,8513.488372093023
243,10,624.4794593730234,16253.023255813954
243,15,448.719560591115,23992.558139534885
243,20,339.6824588917556,31732.093023255813
243,25,266.4357589859797,39471.62790697675
243,30,213.9884392932764,47211.16279069767
243,35,176.19084807101288,54950.6976744186
243,40,146.84983128692537,62690.232558139534
243,45,124.01121472382096,70429.76744186047
243,50,105.43213638176915,78169.30232558139
243,55,89.63374824115574,85908.83720930232
243,60,75.99686817040583,93648.37209302325
243,65,64.82484008909667,101387.90697674418
243,70,55.565446394407076,109127.44186046511
243,75,47.65042941274419,116866.97674418605
243,80,40.96681454391202,124606.51162790698
244,5,973.115183985798,8513.488372093023
244,10,603.5321979437412,16253.023255813954
244,15,427.1406134693186,23992.558139534885
244,20,327.5894988122705,31732.093023255813
244,25,259.12872395895766,39471.62790697675
244,30,210.55926861195707,47211.16279069767
244,35,174.79661019844434,54950.6976744186
244,40,146.37013913599932,62690.232558139534
244,45,123.54126954139974,70429.76744186047
244,50,104.74099086260125,78169.30232558139
244,55,89.0247695237089,85908.83720930232
244,60,75.98081713197662,93648.37209302325
244,65,65.10088478087233,101387.90697674418
244,70,55.85739473122929,109127.44186046511
244,75,47.85161720980894,116866.97674418605
244,80,41.120233024880775,124606.51162790698
245,5,960.7307318437295,8513.488372093023
245,10,589.330186729407,16253.023255813954
245,15,419.73599184595145,23992.558139534885
245,20,320.92824009424953,31732.093023255813
245,25,253.0745835528184,39471.62790697675
245,30,204.0104873275164,47211.16279069767
245,35,168.2032821813087,54950.6976744186
245,40,140.16063234310116,62690.232558139534
245,45,118.30521725622957,70429.76744186047
245,50,100.70707757848317,78169.30232558139
245,55,85.83838750081917,85908.83720930232
245,60,73.11255719721746,93648.37209302325
245,65,62.5634954792421,101387.90697674418
245,70,53.88391788731564,109127.44186046511
245,75,46.52848037845505,116866.97674418605
245,80,40.261463517313906,124606.51162790698
246,5,934.2870507514815,8513.488372093023
246,10,574.8707803497088,16253.023255813954
246,15,408.614097494648,23992.558139534885
246,20,308.68725699775337,31732.093023255813
246,25,245.40757596769907,39471.62790697675
246,30,197.83471466495132,47211.16279069767
246,35,162.83363437666392,54950.6976744186
246,40,136.99718818138606,62690.232558139534
246,45,115.95566958142354,70429.76744186047
246,50,98.69134828047078,78169.30232558139
246,55,84.15069780237476,85908.83720930232
246,60,71.8674423542119,93648.37209302325
246,65,61.471532712641306,101387.90697674418
246,70,52.7542867221688,109127.44186046511
246,75,45.421379678687934,116866.97674418605
246,80,39.204954533396474,124606.51162790698
247,5,934.4137216383592,8513.488372093023
247,10,573.2074361264889,16253.023255813954
247,15,405.6475055088293,23992.558139534885
247,20,306.7684747182084,31732.093023255813
247,25,241.92108868563977,39471.62790697675
247,30,196.5458962281913,47211.16279069767
247,35,162.6062208267501,54950.6976744186
247,40,137.0126417642521,62690.232558139534
247,45,116.08357706346142,70429.76744186047
247,50,98.37875489972599,78169.30232558139
247,55,84.2332319000256,85908.83720930232
247,60,72.20595287716162,93648.37209302325
247,65,61.990341200093894,101387.90697674418
247,70,53.383760189455955,109127.44186046511
247,75,46.014025734303964,116866.97674418605
247,80,39.83081349826466,124606.51162790698
248,5,965.05956723573,8513.488372093023
248,10,580.5083882926594,16253.023255813954
248,15,409.5579257889717,23992.558139534885
248,20,309.93470064447934,31732.093023255813
248,25,244.1528301031605,39471.62790697675
248,30,198.38739770107262,47211.16279069767
248,35,163.02048642662587,54950.6976744186
248,40,136.2091280971628,62690.232558139534
248,45,115.18775287451061,70429.76744186047
248,50,98.54013873640476,78169.30232558139
248,55,84.46780116745956,85908.83720930232
248,60,72.35008310720673,93648.37209302325
248,65,61.95564963155781,101387.90697674418
248,70,53.13008385283805,109127.44186046511
248,75,45.719145451759594,116866.97674418605
248,80,39.464557775904986,124606.51162790698
249,5,978.5134039272923,8513.488372093023
249,10,596.6708702837386,16253.023255813954
249,15,420.077746644308,23992.558139534885
249,20,313.93758652829706,31732.093023255813
249,25,245.5305998955265,39471.62790697675
249,30,199.03259815316005,47211.16279069767
249,35,163.9975927721166,54950.6976744186
249,40,137.16858233811547,62690.232558139534
249,45,116.06494141369619,70429.76744186047
249,50,98.66831694159059,78169.30232558139
249,55,83.99390294054925,85908.83720930232
249,60,71.50051825389654,93648.37209302325
249,65,61.28503360862708,101387.90697674418
249,70,52.709364581991856,109127.44186046511
249,75,45.37097396453354,116866.97674418605
249,80,39.23507474261419,124606.51162790698
250,5,1000.5893861863659,8513.488372093023
250,10,621.1167834272982,16253.023255813954
250,15,432.8694349861536,23992.558139534885
250,20,326.68705395052297,31732.093023255813
250,25,256.4786739748003,39471.62790697675
250,30,207.6993516635267,47211.16279069767
250,35,170.435536190447,54950.6976744186
250,40,142.68921116780166,62690.232558139534
250,45,121.3852379368254,70429.76744186047
250,50,103.60104877669988,78169.30232558139
250,55,88.30377368708294,85908.83720930232
250,60,75.47696025119424,93648.37209302325
250,65,64.60811002527004,101387.90697674418
250,70,55.48472674480306,109127.44186046511
250,75,47.677247703757054,116866.97674418605
250,80,41.08659648577861,124606.51162790698
251,5,1015.4881891797197,8513.488372093023
251,10,618.1815553098492,16253.023255813954
251,15,439.48909870651767,23992.558139534885
251,20,334.20319927429733,31732.093023255813
251,25,262.86379732991554,39471.62790697675
251,30,212.4057387053853,47211.16279069767
251,35,175.63038381684686,54950.6976744186
251,40,147.43668973918517,62690.232558139534
251,45,124.59174490819235,70429.76744186047
251,50,105.26650118259076,78169.30232558139
251,55,89.44928948616896,85908.83720930232
251,60,76.63717755554049,93648.37209302325
251,65,65.66499811260103,101387.90697674418
251,70,56.45076943907561,109127.44186046511
251,75,48.67273661042764,116866.97674418605
251,80,42.05435914444201,124606.51162790698
252,5,1007.8513105455091,8513.488372093023
252,10,609.9774211953571,16253.023255813954
252,15,432.45713503418403,23992.558139534885
252,20,328.94586377281195,31732.093023255813
252,25,261.04884389700175,39471.62790697675
252,30,210.2225270444477,47211.16279069767
252,35,172.8703099559133,54950.6976744186
252,40,144.90455750937593,62690.232558139534
252,45,122.05044899683189,70429.76744186047
252,50,103.47274962456494,78169.30232558139
252,55,88.27450963858921,85908.83720930232
252,60,75.76100203249862,93648.37209302325
252,65,65.20280399623283,101387.90697674418
252,70,56.34927056946561,109127.44186046511
252,75,48.61994630625027,116866.97674418605
252,80,41.974246841362955,124606.51162790698
253,5,986.4215695997109,8513.488372093023
253,10,595.9657471032478,16253.023255813954
253,15,426.26372457546023,23992.558139534885
253,20,327.6809906628786,31732.093023255813
253,25,260.05469651873557,39471.62790697675
253,30,209.45662033783006,47211.16279069767
253,35,173.4607292899002,54950.6976744186
253,40,145.71874646689216,62690.232558139534
253,45,123.08019416716658,70429.76744186047
253,50,104.12988441677561,78169.30232558139
253,55,88.8434363913933,85908.83720930232
253,60,75.82238673001648,93648.37209302325
253,65,64.95412793735119,101387.90697674418
253,70,55.74813042019898,109127.44186046511
253,75,48.06905848342895,116866.97674418605
253,80,41.46368695596663,124606.51162790698
254,5,955.3192496702408,8513.488372093023
254,10,580.8218744248534,16253.023255813954
254,15,417.0581775219884,23992.558139534885
254,20,319.6314342764561,31732.093023255813
254,25,251.5782113560185,39471.62790697675
254,30,204.07872694974398,47211.16279069767
254,35,169.42007244173504,54950.6976744186
254,40,141.96339722047915,62690.232558139534
254,45,119.66455460488177,70429.76744186047
254,50,101.56128990674029,78169.30232558139
254,55,86.49165702163836,85908.83720930232
254,60,74.0095138386984,93648.37209302325
254,65,63.39708520149932,101387.90697674418
254,70,54.63554638294818,109127.44186046511
254,75,47.21257389975427,116866.97674418605
254,80,40.79245496529938,124606.51162790698
255,5,959.7136051774202,8513.488372093023
255,10,587.5762701393783,16253.023255813954
255,15,424.13126959489813,23992.558139534885
255,20,324.8748716065851,31732.093023255813
255,25,255.28540507286868,39471.62790697675
255,30,207.00883406736097,47211.16279069767
255,35,172.10158839038593,54950.6976744186
255,40,144.19071085417917,62690.232558139534
255,45,121.42434285022094,70429.76744186047
255,50,102.85722552223348,78169.30232558139
255,55,87.14750293682638,85908.83720930232
255,60,74.24160413412231,93648.37209302325
255,65,63.686679899662,101387.90697674418
255,70,54.745441002344855,109127.44186046511
255,75,47.176805001236026,116866.97674418605
255,80,40.67607596027293,124606.51162790698
256,5,941.6893826227317,8513.488372093023
256,10,583.1195007173242,16253.023255813954
256,15,417.17824077702284,23992.558139534885
256,20,319.88204098841544,31732.093023255813
256,25,250.81039108863263,39471.62790697675
256,30,202.3768610061821,47211.16279069767
256,35,167.3526184093629,54950.6976744186
256,40,139.78033261714626,62690.232558139534
256,45,117.60002214394083,70429.76744186047
256,50,99.45212175025664,78169.30232558139
256,55,84.4783106116217,85908.83720930232
256,60,71.74701432399115,93648.37209302325
256,65,61.22549653648668,101387.90697674418
256,70,52.368692974477554,109127.44186046511
256,75,44.925443344031024,116866.97674418605
256,80,38.59353283965445,124606.51162790698
257,5,924.2869893716166,8513.488372093023
257,10,577.926921738875,16253.023255813954
257,15,411.39757800081037,23992.558139534885
257,20,313.67475567794395,31732.093023255813
257,25,248.6859500942971,39471.62790697675
257,30,202.24850646558383,47211.16279069767
257,35,167.13533251189634,54950.6976744186
257,40,139.64809664330892,62690.232558139534
257,45,116.94451068026403,70429.76744186047
257,50,98.38847547107451,78169.30232558139
257,55,83.24021830179657,85908.83720930232
257,60,71.11976447592517,93648.37209302325
257,65,60.88962546687764,101387.90697674418
257,70,52.2124356149672,109127.44186046511
257,75,44.77449417060754,116866.97674418605
257,80,38.499428627983704,124606.51162790698
258,5,910.5988339386463,8513.488372093023
258,10,572.833213305544,16253.023255813954
258,15,405.4948377115409,23992.558139534885
258,20,309.31656555236043,31732.093023255813
258,25,244.1697527015572,39471.62790697675
258,30,198.7672865742456,47211.16279069767
258,35,164.34319198634049,54950.6976744186
258,40,136.86327831867195,62690.232558139534
258,45,114.7230971922188,70429.76744186047
258,50,96.68388067845179,78169.30232558139
258,55,81.97298590645693,85908.83720930232
258,60,70.07772318998184,93648.37209302325
258,65,59.9156942432638,101387.90697674418
258,70,51.3321754466062,109127.44186046511
258,75,44.05469306410172,116866.97674418605
258,80,37.82700711931546,124606.51162790698
259,5,915.6602738929721,8513.488372093023
259,10,570.879161879664,16253.023255813954
259,15,405.80822198892236,23992.558139534885
259,20,309.00208266833454,31732.093023255813
259,25,243.25788498310442,39471.62790697675
259,30,197.73393362756332,47211.16279069767
259,35,164.06056403722152,54950.6976744186
259,40,137.6397222850889,62690.232558139534
259,45,115.72923210804379,70429.76744186047
259,50,97.95320721137222,78169.30232558139
259,55,83.07535819129038,85908.83720930232
259,60,70.78425374359692,93648.37209302325
259,65,60.574554690640134,101387.90697674418
259,70,52.23528116018136,109127.44186046511
259,75,45.07867410996404,116866.97674418605
259,80,38.96973761941299,124606.51162790698
260,5,900.0593991883804,8513.488372093023
260,10,561.384519406176,16253.023255813954
260,15,396.03324227557727,23992.558139534885
260,20,299.017772069795,31732.093023255813
260,25,236.573239379783,39471.62790697675
260,30,191.16246670213428,47211.16279069767
260,35,157.15667022928895,54950.6976744186
260,40,130.8304853145696,62690.232558139534
260,45,109.50794039517707,70429.76744186047
260,50,91.92208702733255,78169.30232558139
260,55,77.82790530258812,85908.83720930232
260,60,66.32273638264073,93648.37209302325
260,65,56.89269374309864,101387.90697674418
260,70,48.65733050103893,109127.44186046511
260,75,41.66195720082793,116866.97674418605
260,80,35.78956612190939,124606.51162790698
261,5,902.7753370857582,8513.488372093023
261,10,551.6529267184745,16253.023255813954
261,15,389.2324287325386,23992.558139534885
261,20,293.3369037756478,31732.093023255813
261,25,229.94512359070782,39471.62790697675
261,30,184.4943469203614,47211.16279069767
261,35,150.15818327025778,54950.6976744186
261,40,124.26274080384948,62690.232558139534
261,45,104.19175186735485,70429.76744186047
261,50,87.86100534115428,78169.30232558139
261,55,74.32117257005946,85908.83720930232
261,60,63.21709092381531,93648.37209302325
261,65,54.075542466733104,101387.90697674418
261,70,46.33507393425452,109127.44186046511
261,75,39.624027461828796,116866.97674418605
261,80,33.97195025991995,124606.51162790698
262,5,859.5603188407046,8513.488372093023
262,10,518.9756611904095,16253.023255813954
262,15,368.8223653730672,23992.558139534885
262,20,277.95892438710024,31732.093023255813
262,25,219.28675393767546,39471.62790697675
262,30,178.21327822515156,47211.16279069767
262,35,146.4993685673547,54950.6976744186
262,40,120.90299721189108,62690.232558139534
262,45,100.94001916578105,70429.76744186047
262,50,84.89612653645618,78169.30232558139
262,55,71.48303903246723,85908.83720930232
262,60,60.45399878690576,93648.37209302325
262,65,51.44990389236309,101387.90697674418
262,70,43.95486012879326,109127.44186046511
262,75,37.68798615311223,116866.97674418605
262,80,32.348955360477675,124606.51162790698
263,5,850.1605006907341,8513.488372093023
263,10,509.8612465029044,16253.023255813954
263,15,362.2943011238224,23992.558139534885
263,20,274.9801968520109,31732.093023255813
263,25,219.34375734909267,39471.62790697675
263,30,177.77778610231454,47211.16279069767
263,35,146.0857451593242,54950.6976744186
263,40,121.05642048350106,62690.232558139534
263,45,101.97355758358866,70429.76744186047
263,50,86.48886648643543,78169.30232558139
263,55,73.35889191916723,85908.83720930232
263,60,62.148199483707884,93648.37209302325
263,65,52.828616943701284,101387.90697674418
263,70,45.011908045042325,109127.44186046511
263,75,38.45555271688818,116866.97674418605
263,80,32.87509388514206,124606.51162790698
264,5,858.6329957537696,8513.488372093023
264,10,515.3146436686507,16253.023255813954
264,15,369.080588674435,23992.558139534885
264,20,276.56193156321797,31732.093023255813
264,25,215.80172464843432,39471.62790697675
264,30,173.36832366446083,47211.16279069767
264,35,142.07063206810827,54950.6976744186
264,40,117.5137234376775,62690.232558139534
264,45,98.50584267279444,70429.76744186047
264,50,83.12910902548313,78169.30232558139
264,55,70.4199876533388,85908.83720930232
264,60,59.809100113028315,93648.37209302325
264,65,50.970576833941124,101387.90697674418
264,70,43.52230242243521,109127.44186046511
264,75,37.19624367984227,116866.97674418605
264,80,31.819858034286202,124606.51162790698
265,5,873.642811419827,8513.488372093023
265,10,528.5400490126663,16253.023255813954
265,15,374.0286523759798,23992.558139534885
265,20,280.7773723804966,31732.093023255813
265,25,218.0918717568091,39471.62790697675
265,30,173.93582538795175,47211.16279069767
265,35,140.66221875783555,54950.6976744186
265,40,115.69586076342593,62690.232558139534
265,45,96.34867954331783,70429.76744186047
265,50,81.13051408026192,78169.30232558139
265,55,68.62213127975241,85908.83720930232
265,60,58.26529884553846,93648.37209302325
265,65,49.613352769664125,101387.90697674418
265,70,42.30363345374001,109127.44186046511
265,75,36.22746059125687,116866.97674418605
265,80,31.170838084273548,124606.51162790698
266,5,894.7133607875833,8513.488372093023
266,10,541.7929168230614,16253.023255813954
266,15,380.5965333879357,23992.558139534885
266,20,280.48303115393566,31732.093023255813
266,25,219.48430933721684,39471.62790697675
266,30,177.8242339811744,47211.16279069767
266,35,145.31007787367898,54950.6976744186
266,40,120.62009589536726,62690.232558139534
266,45,100.85710235915693,70429.76744186047
266,50,85.27843844182902,78169.30232558139
266,55,72.4045044271782,85908.83720930232
266,60,61.536808900678196,93648.37209302325
266,65,52.4272450231565,101387.90697674418
266,70,44.63147203257987,109127.44186046511
266,75,38.128266389256275,116866.97674418605
266,80,32.685295767196834,124606.51162790698
267,5,899.1962649009001,8513.488372093023
267,10,545.3004641726153,16253.023255813954
267,15,378.0621799435376,23992.558139534885
267,20,280.5067121039625,31732.093023255813
267,25,217.2650509017163,39471.62790697675
267,30,173.17938529653213,47211.16279069767
267,35,140.86076769089735,54950.6976744186
267,40,116.2761292920346,62690.232558139534
267,45,96.77871161961225,70429.76744186047
267,50,81.62646050741601,78169.30232558139
267,55,69.36046444783011,85908.83720930232
267,60,59.185598759874374,93648.37209302325
267,65,50.529314501318325,101387.90697674418
267,70,43.301160402829794,109127.44186046511
267,75,37.12421948436186,116866.97674418605
267,80,31.836066883951695,124606.51162790698
268,5,888.7794453993384,8513.488372093023
268,10,534.098508583895,16253.023255813954
268,15,376.0782445050047,23992.558139534885
268,20,282.18497648894544,31732.093023255813
268,25,218.9984759809672,39471.62790697675
268,30,173.04254952804112,47211.16279069767
268,35,140.94690902507648,54950.6976744186
268,40,115.93126546574678,62690.232558139534
268,45,97.32723074646273,70429.76744186047
268,50,82.22455298032013,78169.30232558139
268,55,69.90779596376768,85908.83720930232
268,60,59.73253495378721,93648.37209302325
268,65,51.059616008865596,101387.90697674418
268,70,43.7261300212314,109127.44186046511
268,75,37.45322990668611,116866.97674418605
268,80,32.11758470401065,124606.51162790698
269,5,858.4716974587312,8513.488372093023
269,10,518.9620228484021,16253.023255813954
269,15,366.7401568437618,23992.558139534885
269,20,274.22500200013667,31732.093023255813
269,25,212.20191073720233,39471.62790697675
269,30,167.45663022590938,47211.16279069767
269,35,136.52510497428062,54950.6976744186
269,40,113.78742166434097,62690.232558139534
269,45,96.05728750420245,70429.76744186047
269,50,81.4388291444468,78169.30232558139
269,55,69.18508630256176,85908.83720930232
269,60,59.08026158696891,93648.37209302325
269,65,50.623162933781686,101387.90697674418
269,70,43.32533650905253,109127.44186046511
269,75,37.07472341737978,116866.97674418605
269,80,31.810241433100312,124606.51162790698
270,5,850.349897286286,8513.488372093023
270,10,506.21681378398216,16253.023255813954
270,15,359.3676053656522,23992.558139534885
270,20,273.36921952546334,31732.093023255813
270,25,213.01684766421297,39471.62790697675
270,30,169.93618475166173,47211.16279069767
270,35,139.68543087352154,54950.6976744186
270,40,116.16628496029509,62690.232558139534
270,45,97.53423573061603,70429.76744186047
270,50,82.56937975693178,78169.30232558139
270,55,70.51052887001278,85908.83720930232
270,60,60.355593798236036,93648.37209302325
270,65,51.64223278331719,101387.90697674418
270,70,44.28379181337741,109127.44186046511
270,75,37.95722384573731,116866.97674418605
270,80,32.62070191717533,124606.51162790698
271,5,824.6327247383066,8513.488372093023
271,10,493.6675187910447,16253.023255813954
271,15,351.0510318259674,23992.558139534885
271,20,269.4827131356591,31732.093023255813
271,25,213.6317055674605,39471.62790697675
271,30,172.45763638690303,47211.16279069767
271,35,142.1065545000547,54950.6976744186
271,40,118.74948001718825,62690.232558139534
271,45,100.49158452947805,70429.76744186047
271,50,85.26590989651139,78169.30232558139
271,55,72.43474542761851,85908.83720930232
271,60,61.74513255490757,93648.37209302325
271,65,52.75771353631457,101387.90697674418
271,70,45.21261754858162,109127.44186046511
271,75,38.861697747801614,116866.97674418605
271,80,33.32106928570858,124606.51162790698
272,5,805.1782475068532,8513.488372093023
272,10,489.3029913660282,16253.023255813954
272,15,347.7481905405316,23992.558139534885
272,20,266.18851025700354,31732.093023255813
272,25,209.7245826532065,39471.62790697675
272,30,169.57883437566917,47211.16279069767
272,35,139.24424484359866,54950.6976744186
272,40,115.36841819548438,62690.232558139534
272,45,96.82398619723011,70429.76744186047
272,50,81.84812167842392,78169.30232558139
272,55,69.47349661348154,85908.83720930232
272,60,59.28758767411138,93648.37209302325
272,65,50.75313115011627,101387.90697674418
272,70,43.469002460004766,109127.44186046511
272,75,37.240924829772105,116866.97674418605
272,80,31.911655811639523,124606.51162790698
273,5,790.2891078496965,8513.488372093023
273,10,482.8085688857467,16253.023255813954
273,15,350.6978180003516,23992.558139534885
273,20,268.50320545258364,31732.093023255813
273,25,212.77553999741284,39471.62790697675
273,30,173.64685911015317,47211.16279069767
273,35,143.02876681448606,54950.6976744186
273,40,118.32694149366894,62690.232558139534
273,45,99.11480188609355,70429.76744186047
273,50,83.54766789540545,78169.30232558139
273,55,70.66227706225605,85908.83720930232
273,60,60.18731697918928,93648.37209302325
273,65,51.44919927410908,101387.90697674418
273,70,44.23284350773301,109127.44186046511
273,75,38.08198849672389,116866.97674418605
273,80,32.85621266727615,124606.51162790698
274,5,779.9789708393183,8513.488372093023
274,10,490.70540926670424,16253.023255813954
274,15,361.5156341961446,23992.558139534885
274,20,276.33294555731385,31732.093023255813
274,25,218.00036103593996,39471.62790697675
274,30,176.32072867390877,47211.16279069767
274,35,144.75368979068188,54950.6976744186
274,40,120.0573167750947,62690.232558139534
274,45,100.44355818376705,70429.76744186047
274,50,84.49381892389965,78169.30232558139
274,55,71.5633295321227,85908.83720930232
274,60,60.905667152822964,93648.37209302325
274,65,52.18982105806923,101387.90697674418
274,70,44.84519962999876,109127.44186046511
274,75,38.54249249211073,116866.97674418605
274,80,33.24122509273441,124606.51162790698
275,5,794.5856532757424,8513.488372093023
275,10,510.8210464238702,16253.023255813954
275,15,368.17278774826787,23992.558139534885
275,20,278.3998839756868,31732.093023255813
275,25,218.7428036445236,39471.62790697675
275,30,177.75881243811173,47211.16279069767
275,35,146.53212076271092,54950.6976744186
275,40,122.46183713415027,62690.232558139534
275,45,102.93030437458285,70429.76744186047
275,50,87.01888847124849,78169.30232558139
275,55,74.07175875266574,85908.83720930232
275,60,63.1172910370881,93648.37209302325
275,65,54.10182349451075,101387.90697674418
275,70,46.38924047148612,109127.44186046511
275,75,39.851985400053735,116866.97674418605
275,80,34.22305384989082,124606.51162790698
276,5,794.5759889671928,8513.488372093023
276,10,512.2318642508919,16253.023255813954
276,15,364.65689809580385,23992.558139534885
276,20,275.32113568878526,31732.093023255813
276,25,218.97688057903895,39471.62790697675
276,30,178.39772378013467,47211.16279069767
276,35,146.0650752251081,54950.6976744186
276,40,120.92952937280458,62690.232558139534
276,45,101.60115509841955,70429.76744186047
276,50,85.78055288956931,78169.30232558139
276,55,72.9062616408551,85908.83720930232
276,60,62.1871490472907,93648.37209302325
276,65,53.141719014435054,101387.90697674418
276,70,45.638240637918244,109127.44186046511
276,75,39.330457600766216,116866.97674418605
276,80,33.84317839396245,124606.51162790698
277,5,820.183298322307,8513.488372093023
277,10,530.7608484406255,16253.023255813954
277,15,384.55501769111925,23992.558139534885
277,20,291.45637284253854,31732.093023255813
277,25,230.37817704926906,39471.62790697675
277,30,186.19361178373276,47211.16279069767
277,35,151.89901507899657,54950.6976744186
277,40,125.80157121392969,62690.232558139534
277,45,105.57726551671043,70429.76744186047
277,50,89.5442670049916,78169.30232558139
277,55,76.46812431667922,85908.83720930232
277,60,65.53291819707334,93648.37209302325
277,65,56.32253971723765,101387.90697674418
277,70,48.49872597175932,109127.44186046511
277,75,41.87115550193221,116866.97674418605
277,80,36.149654790389185,124606.51162790698
278,5,829.2474204981693,8513.488372093023
278,10,530.5496224644365,16253.023255813954
278,15,383.75531078835246,23992.558139534885
278,20,294.8518992444739,31732.093023255813
278,25,233.5557475770087,39471.62790697675
278,30,189.40063523368985,47211.16279069767
278,35,155.14817712624833,54950.6976744186
278,40,130.0306886755589,62690.232558139534
278,45,109.87705703363793,70429.76744186047
278,50,93.58196168468179,78169.30232558139
278,55,79.79856539812432,85908.83720930232
278,60,68.3329153930612,93648.37209302325
278,65,58.57758753480739,101387.90697674418
278,70,50.389854454395035,109127.44186046511
278,75,43.301592814109135,116866.97674418605
278,80,37.19467643229953,124606.51162790698
279,5,816.3233016257353,8513.488372093023
279,10,517.9095925669482,16253.023255813954
279,15,376.9924186062743,23992.558139534885
279,20,289.85273821296283,31732.093023255813
279,25,231.66776246012756,39471.62790697675
279,30,189.32571853399259,47211.16279069767
279,35,156.63540848625541,54950.6976744186
279,40,130.2372393077772,62690.232558139534
279,45,109.86579024164817,70429.76744186047
279,50,93.59444635837181,78169.30232558139
279,55,79.96702445240776,85908.83720930232
279,60,68.6141640703608,93648.37209302325
279,65,58.95488767714931,101387.90697674418
279,70,50.6451185614177,109127.44186046511
279,75,43.58978173937999,116866.97674418605
279,80,37.5650123572032,124606.51162790698
280,5,838.201473940873,8513.488372093023
280,10,522.0855320115883,16253.023255813954
280,15,378.0875111503547,23992.558139534885
280,20,291.47821498800397,31732.093023255813
280,25,232.6050502232248,39471.62790697675
280,30,189.83281132557704,47211.16279069767
280,35,156.34067157796653,54950.6976744186
280,40,130.09319322977979,62690.232558139534
280,45,109.03273092068353,70429.76744186047
280,50,92.4180426707414,78169.30232558139
280,55,78.49997197083879,85908.83720930232
280,60,66.95062020354095,93648.37209302325
280,65,57.3599076193774,101387.90697674418
280,70,49.32147663340001,109127.44186046511
280,75,42.40753543254619,116866.97674418605
280,80,36.54309338069783,124606.51162790698
281,5,851.1522121662682,8513.488372093023
281,10,532.6368402640982,16253.023255813954
281,15,385.83170536051296,23992.558139534885
281,20,297.40368741755645,31732.093023255813
281,25,237.27474997501923,39471.62790697675
281,30,192.4024898635318,47211.16279069767
281,35,157.67029550417573,54950.6976744186
281,40,130.97677824563604,62690.232558139534
281,45,110.2981669854074,70429.76744186047
281,50,93.52426533864119,78169.30232558139
281,55,79.74634841198694,85908.83720930232
281,60,68.10103737077776,93648.37209302325
281,65,58.07127009237316,101387.90697674418
281,70,49.66085248728524,109127.44186046511
281,75,42.6358463111806,116866.97674418605
281,80,36.66004167183622,124606.51162790698
282,5,887.5924912488315,8513.488372093023
282,10,552.1340073385011,16253.023255813954
282,15,402.6819814931881,23992.558139534885
282,20,310.2913778944479,31732.093023255813
282,25,247.60239981775902,39471.62790697675
282,30,201.7341314503935,47211.16279069767
282,35,165.7751167821103,54950.6976744186
282,40,138.2130069933787,62690.232558139534
282,45,116.62467602756969,70429.76744186047
282,50,98.57329748751263,78169.30232558139
282,55,83.76384630274016,85908.83720930232
282,60,71.44399629314294,93648.37209302325
282,65,61.27340507812556,101387.90697674418
282,70,52.47326083341357,109127.44186046511
282,75,45.090838556430725,116866.97674418605
282,80,38.87032360687217,124606.51162790698
283,5,927.3027645660379,8513.488372093023
283,10,565.8958403783743,16253.023255813954
283,15,407.6337048880793,23992.558139534885
283,20,309.5751585153952,31732.093023255813
283,25,249.64733830933955,39471.62790697675
283,30,204.1546119620683,47211.16279069767
283,35,168.0798798468922,54950.6976744186
283,40,140.96629784427404,62690.232558139534
283,45,119.20504896309045,70429.76744186047
283,50,101.12882510767956,78169.30232558139
283,55,86.1019699525953,85908.83720930232
283,60,73.62759810612852,93648.37209302325
283,65,63.06295923432777,101387.90697674418
283,70,54.11516649159435,109127.44186046511
283,75,46.566006001073745,116866.97674418605
283,80,40.16650206335383,124606.51162790698
284,5,944.5118877696078,8513.488372093023
284,10,576.5646702876749,16253.023255813954
284,15,409.7137605327564,23992.558139534885
284,20,312.11774433374205,31732.093023255813
284,25,248.19464272035822,39471.62790697675
284,30,200.71881303618292,47211.16279069767
284,35,163.9879246457167,54950.6976744186
284,40,136.13631245850206,62690.232558139534
284,45,114.437225473166,70429.76744186047
284,50,96.77741684939544,78169.30232558139
284,55,82.38319381642302,85908.83720930232
284,60,70.52238118056783,93648.37209302325
284,65,60.552310530979895,101387.90697674418
284,70,51.94182556697284,109127.44186046511
284,75,44.528848852690096,116866.97674418605
284,80,38.27692071031199,124606.51162790698
285,5,933.3334078704936,8513.488372093023
285,10,590.7460011641384,16253.023255813954
285,15,413.9848824931359,23992.558139534885
285,20,314.56652992963353,31732.093023255813
285,25,250.45076832072695,39471.62790697675
285,30,202.40841851051346,47211.16279069767
285,35,165.0558551938482,54950.6976744186
285,40,137.3503537720316,62690.232558139534
285,45,115.21307774377635,70429.76744186047
285,50,97.86171264704386,78169.30232558139
285,55,83.43550959953903,85908.83720930232
285,60,71.47402952726478,93648.37209302325
285,65,61.29366194452076,101387.90697674418
285,70,52.57931467693893,109127.44186046511
285,75,45.15939700433965,116866.97674418605
285,80,38.745479608596405,124606.51162790698
286,5,937.3913902581543,8513.488372093023
286,10,600.0315381112351,16253.023255813954
286,15,419.06511436625186,23992.558139534885
286,20,313.77941421150337,31732.093023255813
286,25,249.0577599664039,39471.62790697675
286,30,201.3783562799199,47211.16279069767
286,35,165.37412857461217,54950.6976744186
286,40,137.81305747337868,62690.232558139534
286,45,115.7457263805761,70429.76744186047
286,50,98.14608283490497,78169.30232558139
286,55,83.7815806102513,85908.83720930232
286,60,71.73334320171048,93648.37209302325
286,65,61.738574065818014,101387.90697674418
286,70,53.05941093213144,109127.44186046511
286,75,45.5717899390335,116866.97674418605
286,80,39.21523780573808,124606.51162790698
287,5,946.30297664081,8513.488372093023
287,10,594.2181775850071,16253.023255813954
287,15,421.3200229348662,23992.558139534885
287,20,319.1135120235501,31732.093023255813
287,25,253.5086562364197,39471.62790697675
287,30,205.49596441219848,47211.16279069767
287,35,169.18765254968986,54950.6976744186
287,40,140.547524483895,62690.232558139534
287,45,118.1410301079172,70429.76744186047
287,50,100.32382970016414,78169.30232558139
287,55,85.88521686205856,85908.83720930232
287,60,73.88452369121555,93648.37209302325
287,65,63.74883756403224,101387.90697674418
287,70,55.08337774636152,109127.44186046511
287,75,47.59294047204864,116866.97674418605
287,80,41.06813301585373,124606.51162790698
288,5,926.0268076637727,8513.488372093023
288,10,581.8572325833983,16253.023255813954
288,15,412.07061250122746,23992.558139534885
288,20,313.2684223299552,31732.093023255813
288,25,249.04435647694976,39471.62790697675
288,30,202.5708346488854,47211.16279069767
288,35,166.35721851026236,54950.6976744186
288,40,138.8885667736185,62690.232558139534
288,45,117.32943429885957,70429.76744186047
288,50,99.75560230122812,78169.30232558139
288,55,85.0132951791404,85908.83720930232
288,60,72.8159542282725,93648.37209302325
288,65,62.70344283209485,101387.90697674418
288,70,54.126928710406254,109127.44186046511
288,75,46.70884688914681,116866.97674418605
288,80,40.2466376750059,124606.51162790698
289,5,875.6047794944001,8513.488372093023
289,10,545.9750048235347,16253.023255813954
289,15,394.92092790259954,23992.558139534885
289,20,305.129388175645,31732.093023255813
289,25,242.2285738574628,39471.62790697675
289,30,195.99463203326044,47211.16279069767
289,35,161.21288523661713,54950.6976744186
289,40,134.15994709142632,62690.232558139534
289,45,113.08820625506253,70429.76744186047
289,50,95.71437660262349,78169.30232558139
289,55,81.74517977777357,85908.83720930232
289,60,69.97000240930394,93648.37209302325
289,65,60.12720054229492,101387.90697674418
289,70,51.82183240244005,109127.44186046511
289,75,44.74318692057106,116866.97674418605
289,80,38.64474334854411,124606.51162790698
290,5,872.6366769444347,8513.488372093023
290,10,546.1510836856689,16253.023255813954
290,15,393.68976223558354,23992.558139534885
290,20,303.30301547640573,31732.093023255813
290,25,241.40588247689726,39471.62790697675
290,30,196.51173908520835,47211.16279069767
290,35,162.3841727306771,54950.6976744186
290,40,135.12142357151654,62690.232558139534
290,45,113.9240408434101,70429.76744186047
290,50,96.55226369649081,78169.30232558139
290,55,82.33905463760235,85908.83720930232
290,60,70.38780928767267,93648.37209302325
290,65,60.45809899687302,101387.90697674418
290,70,52.10780016118748,109127.44186046511
290,75,44.83420949269879,116866.97674418605
290,80,38.60127013038014,124606.51162790698
291,5,849.9124234943386,8513.488372093023
291,10,536.6511461067273,16253.023255813954
291,15,385.79884626258405,23992.558139534885
291,20,295.5915599807788,31732.093023255813
291,25,235.4341583709429,39471.62790697675
291,30,190.79413319801577,47211.16279069767
291,35,156.8635418959046,54950.6976744186
291,40,130.24826900739214,62690.232558139534
291,45,109.32865329728517,70429.76744186047
291,50,92.24263534038853,78169.30232558139
291,55,78.38012425625685,85908.83720930232
291,60,66.47082786036407,93648.37209302325
291,65,56.66094949390299,101387.90697674418
291,70,48.55542308540116,109127.44186046511
291,75,41.74951213646511,116866.97674418605
291,80,35.84224855208548,124606.51162790698
292,5,863.00090623612,8513.488372093023
292,10,534.2469302442624,16253.023255813954
292,15,380.22457781998355,23992.558139534885
292,20,290.1033116960429,31732.093023255813
292,25,230.7259723085214,39471.62790697675
292,30,187.30936586277153,47211.16279069767
292,35,154.6790987589719,54950.6976744186
292,40,128.89440747297255,62690.232558139534
292,45,108.26815256721027,70429.76744186047
292,50,91.34311032095876,78169.30232558139
292,55,77.44162051337186,85908.83720930232
292,60,66.18753322649569,93648.37209302325
292,65,56.81429517913148,101387.90697674418
292,70,48.86212165981847,109127.44186046511
292,75,42.039535928770476,116866.97674418605
292,80,36.176161414432,124606.51162790698
293,5,862.2429055173841,8513.488372093023
293,10,524.5952884040488,16253.023255813954
293,15,375.10502036894536,23992.558139534885
293,20,285.48363550589045,31732.093023255813
293,25,225.08841907110758,39471.62790697675
293,30,182.418150636936,47211.16279069767
293,35,150.19024427629347,54950.6976744186
293,40,125.70801664928248,62690.232558139534
293,45,106.68476746967751,70429.76744186047
293,50,90.87242686117672,78169.30232558139
293,55,77.58791137755973,85908.83720930232
293,60,66.3565428917766,93648.37209302325
293,65,56.60866091897868,101387.90697674418
293,70,48.35767154429384,109127.44186046511
293,75,41.45089389125646,116866.97674418605
293,80,35.63795316608377,124606.51162790698
294,5,843.9900106166925,8513.488372093023
294,10,514.697931064935,16253.023255813954
294,15,369.3954836812517,23992.558139534885
294,20,282.832417784786,31732.093023255813
294,25,224.07975153756288,39471.62790697675
294,30,181.32380078800037,47211.16279069767
294,35,149.40936953616878,54950.6976744186
294,40,125.89297008764781,62690.232558139534
294,45,107.38643921684309,70429.76744186047
294,50,91.73283322777192,78169.30232558139
294,55,78.63150466768509,85908.83720930232
294,60,67.41154573913298,93648.37209302325
294,65,57.717039054706845,101387.90697674418
294,70,49.502783073522636,109127.44186046511
294,75,42.502586496771876,116866.97674418605
294,80,36.59739950852968,124606.51162790698
295,5,843.6380109004797,8513.488372093023
295,10,513.020383327858,16253.023255813954
295,15,371.1153099591617,23992.558139534885
295,20,284.85291799432656,31732.093023255813
295,25,226.91462460365375,39471.62790697675
295,30,184.55294509508005,47211.16279069767
295,35,151.9583196314155,54950.6976744186
295,40,126.1407913896635,62690.232558139534
295,45,106.16102626785398,70429.76744186047
295,50,90.02609828560138,78169.30232558139
295,55,76.68379573393446,85908.83720930232
295,60,65.6055001847237,93648.37209302325
295,65,56.15599247583006,101387.90697674418
295,70,48.15051450116263,109127.44186046511
295,75,41.47378085267774,116866.97674418605
295,80,35.68304273378752,124606.51162790698
296,5,848.0230898955215,8513.488372093023
296,10,518.322908667959,16253.023255813954
296,15,376.6984737492738,23992.558139534885
296,20,291.42427296425814,31732.093023255813
296,25,231.25921837423053,39471.62790697675
296,30,187.6313646573856,47211.16279069767
296,35,154.05563473693272,54950.6976744186
296,40,128.3234805260689,62690.232558139534
296,45,107.93310501564949,70429.76744186047
296,50,91.72986286843972,78169.30232558139
296,55,77.98998284284455,85908.83720930232
296,60,66.53528780099352,93648.37209302325
296,65,57.09902777883602,101387.90697674418
296,70,49.10714203271427,109127.44186046511
296,75,42.22148112177326,116866.97674418605
296,80,36.35575845823153,124606.51162790698
297,5,875.2665021819889,8513.488372093023
297,10,542.4065297900831,16253.023255813954
297,15,393.36468314798924,23992.558139534885
297,20,298.7990741209648,31732.093023255813
297,25,236.62622031900418,39471.62790697675
297,30,191.68888846013417,47211.16279069767
297,35,157.63068557698656,54950.6976744186
297,40,131.4954481788256,62690.232558139534
297,45,110.66860027413549,70429.76744186047
297,50,93.99269972279092,78169.30232558139
297,55,80.07330791013378,85908.83720930232
297,60,68.47070290786577,93648.37209302325
297,65,58.568766445054884,101387.90697674418
297,70,50.188897816933974,109127.44186046511
297,75,43.078120737592904,116866.97674418605
297,80,36.938404285171956,124606.51162790698
298,5,891.2658516781078,8513.488372093023
298,10,560.8185626332518,16253.023255813954
298,15,402.8321466421767,23992.558139534885
298,20,306.1410447383187,31732.093023255813
298,25,240.98636604326364,39471.62790697675
298,30,194.01973297175041,47211.16279069767
298,35,158.20825306147032,54950.6976744186
298,40,130.29662903842762,62690.232558139534
298,45,108.83224990527587,70429.76744186047
298,50,91.81791474431456,78169.30232558139
298,55,78.10698732793037,85908.83720930232
298,60,66.61101439908377,93648.37209302325
298,65,56.97530055147281,101387.90697674418
298,70,48.996161858689035,109127.44186046511
298,75,42.14198981968569,116866.97674418605
298,80,36.28735280051496,124606.51162790698
299,5,916.6796961323315,8513.488372093023
299,10,574.1254512763884,16253.023255813954
299,15,412.0154051464099,23992.558139534885
299,20,312.403175462133,31732.093023255813
299,25,248.37236040178584,39471.62790697675
299,30,200.60522235465132,47211.16279069767
299,35,163.9546389194338,54950.6976744186
299,40,135.36996435000665,62690.232558139534
299,45,112.62852025646205,70429.76744186047
299,50,94.86637904927754,78169.30232558139
299,55,80.50482340837712,85908.83720930232
299,60,68.47049231266635,93648.37209302325
299,65,58.388952824086324,101387.90697674418
299,70,49.91695863881779,109127.44186046511
299,75,42.82710233097219,116866.97674418605
299,80,36.73325705283083,124606.51162790698
300,5,918.4638098833149,8513.488372093023
300,10,583.0154538344003,16253.023255813954
300,15,414.2441808076181,23992.558139534885
300,20,308.95952485382026,31732.093023255813
300,25,244.06093541219852,39471.62790697675
300,30,197.34316827642223,47211.16279069767
300,35,160.15596207822853,54950.6976744186
300,40,133.2973123885352,62690.232558139534
300,45,112.07067135630433,70429.76744186047
300,50,95.12589251537618,78169.30232558139
300,55,80.88519535940132,85908.83720930232
300,60,69.01346709811452,93648.37209302325
300,65,59.11476732653272,101387.90697674418
300,70,50.6374827024208,109127.44186046511
300,75,43.46060392931237,116866.97674418605
300,80,37.263324324520035,124606.51162790698
301,5,912.627858632688,8513.488372093023
301,10,573.5778448393659,16253.023255813954
301,15,410.47336376416143,23992.558139534885
301,20,310.4953145904336,31732.093023255813
301,25,243.72147431567114,39471.62790697675
301,30,197.33248917952432,47211.16279069767
301,35,162.32646829542526,54950.6976744186
301,40,136.10220642751597,62690.232558139534
301,45,115.33832680777837,70429.76744186047
301,50,97.97667924687532,78169.30232558139
301,55,83.32159038564158,85908.83720930232
301,60,71.05382068633524,93648.37209302325
301,65,60.69410147043332,101387.90697674418
301,70,51.93276139156069,109127.44186046511
301,75,44.47513825512062,116866.97674418605
301,80,38.08360753525708,124606.51162790698
302,5,929.9075089878692,8513.488372093023
302,10,574.4585674030939,16253.023255813954
302,15,414.8654404589019,23992.558139534885
302,20,314.4876046192684,31732.093023255813
302,25,245.9850951001973,39471.62790697675
302,30,198.18494359868126,47211.16279069767
302,35,162.09353632298155,54950.6976744186
302,40,134.67789805617767,62690.232558139534
302,45,113.2554740468946,70429.76744186047
302,50,96.01713057748877,78169.30232558139
302,55,81.92092091278677,85908.83720930232
302,60,69.88519529245083,93648.37209302325
302,65,59.93309662828343,101387.90697674418
302,70,51.50818947753361,109127.44186046511
302,75,44.28977362331536,116866.97674418605
302,80,38.11845032544595,124606.51162790698
303,5,976.446131667964,8513.488372093023
303,10,600.4398863508619,16253.023255813954
303,15,427.6696341318065,23992.558139534885
303,20,327.92200837625296,31732.093023255813
303,25,257.54629361402255,39471.62790697675
303,30,207.31551343479816,47211.16279069767
303,35,169.14654659554049,54950.6976744186
303,40,140.08160833315625,62690.232558139534
303,45,117.2506350509205,70429.76744186047
303,50,99.2400193291452,78169.30232558139
303,55,84.21668935026501,85908.83720930232
303,60,71.80102039642112,93648.37209302325
303,65,61.16727005579294,101387.90697674418
303,70,52.444560672692624,109127.44186046511
303,75,45.02788147265064,116866.97674418605
303,80,38.63755462676512,124606.51162790698
304,5,956.309921688602,8513.488372093023
304,10,598.1968335397992,16253.023255813954
304,15,425.2984351451322,23992.558139534885
304,20,324.27450041335806,31732.093023255813
304,25,255.43063251579582,39471.62790697675
304,30,204.453529759292,47211.16279069767
304,35,166.71977873133034,54950.6976744186
304,40,138.44570430817456,62690.232558139534
304,45,116.25803464961646,70429.76744186047
304,50,98.56829536667536,78169.30232558139
304,55,83.95793001400254,85908.83720930232
304,60,71.92665515485643,93648.37209302325
304,65,61.67822737922618,101387.90697674418
304,70,52.97263757563407,109127.44186046511
304,75,45.646533792826375,116866.97674418605
304,80,39.339218398568235,124606.51162790698
305,5,929.8158096516569,8513.488372093023
305,10,593.3370465845318,16253.023255813954
305,15,420.7900496502496,23992.558139534885
305,20,318.1977379967121,31732.093023255813
305,25,249.34504324897023,39471.62790697675
305,30,201.17911287765162,47211.16279069767
305,35,164.56168431986862,54950.6976744186
305,40,137.17103513482218,62690.232558139534
305,45,115.36875935998982,70429.76744186047
305,50,97.68890262912743,78169.30232558139
305,55,83.43608559242819,85908.83720930232
305,60,71.34382421558553,93648.37209302325
305,65,60.83888339384518,101387.90697674418
305,70,51.96553059735694,109127.44186046511
305,75,44.54548075794376,116866.97674418605
305,80,38.166935000895904,124606.51162790698
306,5,914.0112407315279,8513.488372093023
306,10,582.0962503039278,16253.023255813954
306,15,413.4242260126171,23992.558139534885
306,20,313.0040655834043,31732.093023255813
306,25,243.89662088634378,39471.62790697675
306,30,196.9864919173867,47211.16279069767
306,35,161.70172918194052,54950.6976744186
306,40,133.6358691419398,62690.232558139534
306,45,112.04384710871712,70429.76744186047
306,50,94.68235233790702,78169.30232558139
306,55,80.46750711614976,85908.83720930232
306,60,68.58230035244388,93648.37209302325
306,65,58.60921144680321,101387.90697674418
306,70,50.190184291718175,109127.44186046511
306,75,43.072719957087855,116866.97674418605
306,80,36.94510693686856,124606.51162790698
307,5,929.4998970084398,8513.488372093023
307,10,586.7710645232136,16253.023255813954
307,15,416.80917186252697,23992.558139534885
307,20,313.9013819456087,31732.093023255813
307,25,245.63839033290256,39471.62790697675
307,30,197.27504896764262,47211.16279069767
307,35,160.71155515106082,54950.6976744186
307,40,133.1347576004853,62690.232558139534
307,45,111.56380897768975,70429.76744186047
307,50,94.22281274537487,78169.30232558139
307,55,80.12168660548124,85908.83720930232
307,60,68.39614046177518,93648.37209302325
307,65,58.619955960337926,101387.90697674418
307,70,50.277617227176776,109127.44186046511
307,75,43.216225805316,116866.97674418605
307,80,37.26117438104235,124606.51162790698
308,5,957.668159055317,8513.488372093023
308,10,584.5670882512156,16253.023255813954
308,15,416.0897455293254,23992.558139534885
308,20,312.01522094240306,31732.093023255813
308,25,241.3948516438424,39471.62790697675
308,30,193.89867008967468,47211.16279069767
308,35,158.5524424325865,54950.6976744186
308,40,131.16607982335933,62690.232558139534
308,45,109.40144696475303,70429.76744186047
308,50,92.63073224943436,78169.30232558139
308,55,78.87527592441313,85908.83720930232
308,60,67.10588552282069,93648.37209302325
308,65,57.377652417906916,101387.90697674418
308,70,49.1730467034189,109127.44186046511
308,75,42.103646820029624,116866.97674418605
308,80,36.05743555366211,124606.51162790698
309,5,936.4102074022217,8513.488372093023
309,10,580.8661005990302,16253.023255813954
309,15,412.87287571626877,23992.558139534885
309,20,308.62803889819065,31732.093023255813
309,25,241.59953072165732,39471.62790697675
309,30,194.71357289577475,47211.16279069767
309,35,160.0741814717053,54950.6976744186
309,40,132.72361955607795,62690.232558139534
309,45,110.84919043688181,70429.76744186047
309,50,93.52419789263607,78169.30232558139
309,55,79.44236048948683,85908.83720930232
309,60,67.7368271514669,93648.37209302325
309,65,57.66256570813881,101387.90697674418
309,70,49.31904685676205,109127.44186046511
309,75,42.352989580886344,116866.97674418605
309,80,36.34996218612233,124606.51162790698
310,5,909.0220231189444,8513.488372093023
310,10,572.5672412234097,16253.023255813954
310,15,402.55810568729714,23992.558139534885
310,20,301.0733286270348,31732.093023255813
310,25,234.3237718357097,39471.62790697675
310,30,188.04549244678628,47211.16279069767
310,35,153.66790973996893,54950.6976744186
310,40,126.66807092077171,62690.232558139534
310,45,105.2887300707302,70429.76744186047
310,50,88.80132583109608,78169.30232558139
310,55,75.61865366903072,85908.83720930232
310,60,64.65652890958906,93648.37209302325
310,65,55.39200895109875,101387.90697674418
310,70,47.57641737072861,109127.44186046511
310,75,40.81215182545247,116866.97674418605
310,80,34.94210493129705,124606.51162790698
311,5,927.3707915908293,8513.488372093023
311,10,578.8863623172252,16253.023255813954
311,15,402.63703965833474,23992.558139534885
311,20,303.7523912902398,31732.093023255813
311,25,238.86461993321282,39471.62790697675
311,30,190.91722096720636,47211.16279069767
311,35,155.9302592828677,54950.6976744186
311,40,128.50968616935134,62690.232558139534
311,45,107.45821915951899,70429.76744186047
311,50,90.4122972693825,78169.30232558139
311,55,76.50867735645627,85908.83720930232
311,60,65.17213216722338,93648.37209302325
311,65,55.5008121210104,101387.90697674418
311,70,47.38529443538374,109127.44186046511
311,75,40.56149417791279,116866.97674418605
311,80,34.791316850587705,124606.51162790698
312,5,941.7256699238097,8513.488372093023
312,10,582.2048438277845,16253.023255813954
312,15,404.16339871623677,23992.558139534885
312,20,305.5229997446558,31732.093023255813
312,25,240.05720061148267,39471.62790697675
312,30,193.68128825927872,47211.16279069767
312,35,158.52860412855983,54950.6976744186
312,40,130.93221316434872,62690.232558139534
312,45,109.4035146215513,70429.76744186047
312,50,92.14488377264692,78169.30232558139
312,55,77.8066594605898,85908.83720930232
312,60,65.9549842152027,93648.37209302325
312,65,56.22524258189082,101387.90697674418
312,70,48.08585215663677,109127.44186046511
312,75,41.17981444601532,116866.97674418605
312,80,35.305727118374364,124606.51162790698
313,5,934.6065224208382,8513.488372093023
313,10,577.6025898906119,16253.023255813954
313,15,405.29061841655914,23992.558139534885
313,20,307.7462926927894,31732.093023255813
313,25,241.14436332199756,39471.62790697675
313,30,195.0190664732739,47211.16279069767
313,35,159.335843170394,54950.6976744186
313,40,131.70770661491173,62690.232558139534
313,45,110.18681741970714,70429.76744186047
313,50,92.78146733543015,78169.30232558139
313,55,78.35652485217496,85908.83720930232
313,60,66.44672575548786,93648.37209302325
313,65,56.740957482263596,101387.90697674418
313,70,48.67938870668207,109127.44186046511
313,75,41.74213968417038,116866.97674418605
313,80,35.81374646982255,124606.51162790698
314,5,904.9386980122035,8513.488372093023
314,10,563.9358937241958,16253.023255813954
314,15,397.29897962760054,23992.558139534885
314,20,299.097873886521,31732.093023255813
314,25,234.9411461847671,39471.62790697675
314,30,189.355527879395,47211.16279069767
314,35,154.91348219510402,54950.6976744186
314,40,128.059500075599,62690.232558139534
314,45,106.52800723594338,70429.76744186047
314,50,89.77693561026166,78169.30232558139
314,55,76.14090791090608,85908.83720930232
314,60,64.77673206188177,93648.37209302325
314,65,55.26924103908879,101387.90697674418
314,70,47.21252346529958,109127.44186046511
314,75,40.258041168514985,116866.97674418605
314,80,34.370263206976404,124606.51162790698
315,5,934.0540600520394,8513.488372093023
315,10,575.534348382337,16253.023255813954
315,15,400.65253638134044,23992.558139534885
315,20,300.7362409973731,31732.093023255813
315,25,236.14368441316327,39471.62790697675
315,30,188.4812823274522,47211.16279069767
315,35,152.82109485190517,54950.6976744186
315,40,126.21779244318539,62690.232558139534
315,45,104.87479939032055,70429.76744186047
315,50,87.81649007338966,78169.30232558139
315,55,74.20451266473376,85908.83720930232
315,60,63.18870375826667,93648.37209302325
315,65,54.00379618261655,101387.90697674418
315,70,46.26597641546816,109127.44186046511
315,75,39.602789593796075,116866.97674418605
315,80,33.90152879926974,124606.51162790698
316,5,943.3509147277435,8513.488372093023
316,10,581.3096169428972,16253.023255813954
316,15,401.3256116246903,23992.558139534885
316,20,297.65984383643007,31732.093023255813
316,25,231.5319723185428,39471.62790697675
316,30,184.35054526140678,47211.16279069767
316,35,149.96025683110594,54950.6976744186
316,40,124.25606568748458,62690.232558139534
316,45,103.4344788573955,70429.76744186047
316,50,86.71778585934142,78169.30232558139
316,55,73.31309057819921,85908.83720930232
316,60,62.36886707086364,93648.37209302325
316,65,53.313513314059975,101387.90697674418
316,70,45.72880159543321,109127.44186046511
316,75,39.20396689309338,116866.97674418605
316,80,33.592701761664486,124606.51162790698
317,5,940.2500806109834,8513.488372093023
317,10,578.154701677093,16253.023255813954
317,15,400.6456953213726,23992.558139534885
317,20,298.01000007766083,31732.093023255813
317,25,234.49810145875566,39471.62790697675
317,30,187.61376869736654,47211.16279069767
317,35,153.35644549767483,54950.6976744186
317,40,127.33930627150463,62690.232558139534
317,45,106.03647570251009,70429.76744186047
317,50,89.50035343984332,78169.30232558139
317,55,75.65240123067498,85908.83720930232
317,60,64.2546957689789,93648.37209302325
317,65,54.82812004662602,101387.90697674418
317,70,46.89647047313059,109127.44186046511
317,75,40.144012892567154,116866.97674418605
317,80,34.475411661081495,124606.51162790698
318,5,927.291397784446,8513.488372093023
318,10,569.183145556486,16253.023255813954
318,15,388.05814754365497,23992.558139534885
318,20,290.80776622818377,31732.093023255813
318,25,227.16345091841063,39471.62790697675
318,30,182.82653602192747,47211.16279069767
318,35,149.7064656847224,54950.6976744186
318,40,123.98659212731236,62690.232558139534
318,45,103.52529974982022,70429.76744186047
318,50,86.76629949532577,78169.30232558139
318,55,73.19435037862792,85908.83720930232
318,60,62.05406618518259,93648.37209302325
318,65,52.68275566243912,101387.90697674418
318,70,45.0657326523669,109127.44186046511
318,75,38.61476911490134,116866.97674418605
318,80,33.07570783864947,124606.51162790698
319,5,921.4658263402142,8513.488372093023
319,10,566.4545221193031,16253.023255813954
319,15,392.04222016822496,23992.558139534885
319,20,292.2806272115769,31732.093023255813
319,25,229.31345375059956,39471.62790697675
319,30,184.86466884057785,47211.16279069767
319,35,151.7353561303235,54950.6976744186
319,40,126.20646813665432,62690.232558139534
319,45,105.7921863325903,70429.76744186047
319,50,88.9898575805625,78169.30232558139
319,55,75.38379608562202,85908.83720930232
319,60,63.89219499360432,93648.37209302325
319,65,54.185476056217105,101387.90697674418
319,70,46.15587514006295,109127.44186046511
319,75,39.480949288777495,116866.97674418605
319,80,33.76892605860987,124606.51162790698
320,5,924.6742844873422,8513.488372093023
320,10,563.9975898664153,16253.023255813954
320,15,399.26336998964234,23992.558139534885
320,20,299.2024634996813,31732.093023255813
320,25,232.39860709595965,39471.62790697675
320,30,186.50640512797128,47211.16279069767
320,35,151.8255064680122,54950.6976744186
320,40,124.21738288142483,62690.232558139534
320,45,103.49496840935737,70429.76744186047
320,50,86.7487800546329,78169.30232558139
320,55,72.97714942610705,85908.83720930232
320,60,61.81452073037164,93648.37209302325
320,65,52.661160160842755,101387.90697674418
320,70,44.84779793299439,109127.44186046511
320,75,38.27806477320886,116866.97674418605
320,80,32.77566428653038,124606.51162790698
321,5,912.8880121317552,8513.488372093023
321,10,549.5852525334484,16253.023255813954
321,15,388.8064020622878,23992.558139534885
321,20,290.9813311948042,31732.093023255813
321,25,225.2907944137063,39471.62790697675
321,30,180.11451309680652,47211.16279069767
321,35,146.04969253061975,54950.6976744186
321,40,120.04411754240492,62690.232558139534
321,45,100.01541608803343,70429.76744186047
321,50,84.11512620999383,78169.30232558139
321,55,71.14539238707485,85908.83720930232
321,60,60.254590265387925,93648.37209302325
321,65,51.22735822820669,101387.90697674418
321,70,43.570898970172024,109127.44186046511
321,75,37.1816201790063,116866.97674418605
321,80,31.75619661617698,124606.51162790698
322,5,914.1490892519971,8513.488372093023
322,10,553.2848602414495,16253.023255813954
322,15,388.5362893097793,23992.558139534885
322,20,287.90519093047556,31732.093023255813
322,25,223.59637693166664,39471.62790697675
322,30,178.83292339251932,47211.16279069767
322,35,145.0527773335905,54950.6976744186
322,40,119.82690440347955,62690.232558139534
322,45,99.62345492114575,70429.76744186047
322,50,83.41394434514463,78169.30232558139
322,55,70.35871697289187,85908.83720930232
322,60,59.31293456434096,93648.37209302325
322,65,50.33160353559078,101387.90697674418
322,70,42.81972481279467,109127.44186046511
322,75,36.571425918751636,116866.97674418605
322,80,31.184637616894054,124606.51162790698
323,5,922.088978796954,8513.488372093023
323,10,557.769316049632,16253.023255813954
323,15,391.74006595196215,23992.558139534885
323,20,290.23992620892926,31732.093023255813
323,25,228.44037449049105,39471.62790697675
323,30,184.60615299864128,47211.16279069767
323,35,150.33331742286302,54950.6976744186
323,40,123.98135069950172,62690.232558139534
323,45,103.57425109298849,70429.76744186047
323,50,87.58537903716059,78169.30232558139
323,55,74.18628192565964,85908.83720930232
323,60,62.98850935236816,93648.37209302325
323,65,53.751938505731836,101387.90697674418
323,70,45.825078895360626,109127.44186046511
323,75,39.14547059531987,116866.97674418605
323,80,33.45151554780082,124606.51162790698
324,5,911.1169573356003,8513.488372093023
324,10,542.3432507397458,16253.023255813954
324,15,388.5199542162051,23992.558139534885
324,20,290.6210670921371,31732.093023255813
324,25,227.5740937783658,39471.62790697675
324,30,183.28205036774534,47211.16279069767
324,35,149.2234876163543,54950.6976744186
324,40,122.82317967031044,62690.232558139534
324,45,102.1355287578802,70429.76744186047
324,50,85.74588141225198,78169.30232558139
324,55,72.39625227794242,85908.83720930232
324,60,61.568701754006405,93648.37209302325
324,65,52.63663854548784,101387.90697674418
324,70,44.97509015749196,109127.44186046511
324,75,38.55848438317585,116866.97674418605
324,80,33.04240832511604,124606.51162790698
325,5,914.9112118640207,8513.488372093023
325,10,542.6509839341633,16253.023255813954
325,15,383.9525353448847,23992.558139534885
325,20,288.7758270083105,31732.093023255813
325,25,227.53021361857645,39471.62790697675
325,30,183.55925575320884,47211.16279069767
325,35,149.7721857848214,54950.6976744186
325,40,124.1976049445754,62690.232558139534
325,45,104.00920213260522,70429.76744186047
325,50,87.63898644627093,78169.30232558139
325,55,74.38910528941773,85908.83720930232
325,60,63.48112561654842,93648.37209302325
325,65,54.34218808627053,101387.90697674418
325,70,46.595612129732146,109127.44186046511
325,75,40.03766577678725,116866.97674418605
325,80,34.475379157909614,124606.51162790698
326,5,907.8927264607462,8513.488372093023
326,10,544.3121303552751,16253.023255813954
326,15,386.3685093678896,23992.558139534885
326,20,290.14248698385074,31732.093023255813
326,25,227.59060105815723,39471.62790697675
326,30,182.03168011621912,47211.16279069767
326,35,148.17090418137929,54950.6976744186
326,40,121.89787622633543,62690.232558139534
326,45,101.57649602422123,70429.76744186047
326,50,85.49834898290747,78169.30232558139
326,55,72.30605064906378,85908.83720930232
326,60,61.25819995879056,93648.37209302325
326,65,52.27359011796118,101387.90697674418
326,70,44.737662378042295,109127.44186046511
326,75,38.34405473082989,116866.97674418605
326,80,32.96322436340221,124606.51162790698
327,5,916.806342133161,8513.488372093023
327,10,553.3013951077706,16253.023255813954
327,15,389.12328827216066,23992.558139534885
327,20,290.9808048632651,31732.093023255813
327,25,225.0333980099542,39471.62790697675
327,30,178.14962230853837,47211.16279069767
327,35,144.1061269982103,54950.6976744186
327,40,119.47915854146233,62690.232558139534
327,45,100.21074002225284,70429.76744186047
327,50,84.52594292580571,78169.30232558139
327,55,71.612078893201,85908.83720930232
327,60,60.694269122892145,93648.37209302325
327,65,51.71640848799056,101387.90697674418
327,70,44.223070975715075,109127.44186046511
327,75,37.849355807709316,116866.97674418605
327,80,32.48460397781902,124606.51162790698
328,5,929.2803335723596,8513.488372093023
328,10,572.426407554377,16253.023255813954
328,15,401.78071964035075,23992.558139534885
328,20,297.78739851639705,31732.093023255813
328,25,231.06309797291982,39471.62790697675
328,30,183.77767481144227,47211.16279069767
328,35,149.49111362371872,54950.6976744186
328,40,123.58433490920761,62690.232558139534
328,45,103.03914804359269,70429.76744186047
328,50,86.65671406109476,78169.30232558139
328,55,73.0901749679666,85908.83720930232
328,60,62.103519070517166,93648.37209302325
328,65,52.85937209858212,101387.90697674418
328,70,45.14186357437092,109127.44186046511
328,75,38.72609859593888,116866.97674418605
328,80,33.2834934780704,124606.51162790698
329,5,917.2987952140293,8513.488372093023
329,10,564.5336720279206,16253.023255813954
329,15,408.66126961353444,23992.558139534885
329,20,305.03088875079794,31732.093023255813
329,25,238.99071089122793,39471.62790697675
329,30,192.00164059344291,47211.16279069767
329,35,156.7726465314623,54950.6976744186
329,40,129.51527263633923,62690.232558139534
329,45,108.03850671427196,70429.76744186047
329,50,90.86110641553188,78169.30232558139
329,55,76.82847051974383,85908.83720930232
329,60,65.25098132733322,93648.37209302325
329,65,55.617778250970325,101387.90697674418
329,70,47.57053793743727,109127.44186046511
329,75,40.81053291424364,116866.97674418605
329,80,35.01829207374785,124606.51162790698
330,5,918.4995850078533,8513.488372093023
330,10,547.5910552790759,16253.023255813954
330,15,398.1632683758522,23992.558139534885
330,20,303.45883220064536,31732.093023255813
330,25,237.9077769299517,39471.62790697675
330,30,190.83599583503388,47211.16279069767
330,35,154.15712027675877,54950.6976744186
330,40,126.41049122087983,62690.232558139534
330,45,104.54623596615404,70429.76744186047
330,50,87.24477849944758,78169.30232558139
330,55,73.64577046180175,85908.83720930232
330,60,62.402971349254344,93648.37209302325
330,65,53.149785632319755,101387.90697674418
330,70,45.40586238222733,109127.44186046511
330,75,38.84659943296898,116866.97674418605
330,80,33.2901112650735,124606.51162790698
331,5,942.1139447874501,8513.488372093023
331,10,552.4837754789202,16253.023255813954
331,15,391.73867338164644,23992.558139534885
331,20,298.0533552601825,31732.093023255813
331,25,234.5022529057592,39471.62790697675
331,30,189.16682375726478,47211.16279069767
331,35,154.0147500491942,54950.6976744186
331,40,127.12213965326691,62690.232558139534
331,45,105.98793912347877,70429.76744186047
331,50,89.02449695709878,78169.30232558139
331,55,75.19667632869144,85908.83720930232
331,60,64.03803542558181,93648.37209302325
331,65,54.71021256360688,101387.90697674418
331,70,46.82533408349054,109127.44186046511
331,75,40.16698396460311,116866.97674418605
331,80,34.51351359456968,124606.51162790698
332,5,913.9586349266928,8513.488372093023
332,10,539.5571591819785,16253.023255813954
332,15,384.4780153745006,23992.558139534885
332,20,295.6897861072283,31732.093023255813
332,25,234.15324228822573,39471.62790697675
332,30,189.42730600113853,47211.16279069767
332,35,154.64537809314268,54950.6976744186
332,40,128.15287699860758,62690.232558139534
332,45,107.24390392699588,70429.76744186047
332,50,90.17711277457744,78169.30232558139
332,55,76.0458658353439,85908.83720930232
332,60,64.41007077433875,93648.37209302325
332,65,54.75417833997582,101387.90697674418
332,70,46.73734323937608,109127.44186046511
332,75,39.99268899030316,116866.97674418605
332,80,34.30459802607999,124606.51162790698
333,5,920.179531700045,8513.488372093023
333,10,550.4472192530637,16253.023255813954
333,15,394.1597919868971,23992.558139534885
333,20,300.2807719529288,31732.093023255813
333,25,238.68450724479922,39471.62790697675
333,30,193.8334012028981,47211.16279069767
333,35,159.83522565185584,54950.6976744186
333,40,132.20804269017577,62690.232558139534
333,45,109.73382316483315,70429.76744186047
333,50,91.80253234423853,78169.30232558139
333,55,77.18231414492055,85908.83720930232
333,60,65.219799780379,93648.37209302325
333,65,55.52455938813595,101387.90697674418
333,70,47.438941816987885,109127.44186046511
333,75,40.5824789253443,116866.97674418605
333,80,34.71263477785285,124606.51162790698
334,5,948.886742735746,8513.488372093023
334,10,573.8443575325425,16253.023255813954
334,15,403.98108493172435,23992.558139534885
334,20,306.6183056480493,31732.093023255813
334,25,242.99056948575145,39471.62790697675
334,30,197.09009399886293,47211.16279069767
334,35,160.72140474339074,54950.6976744186
334,40,132.8290396076811,62690.232558139534
334,45,110.36918298298829,70429.76744186047
334,50,92.50410223428567,78169.30232558139
334,55,78.03407801353843,85908.83720930232
334,60,66.25139517496478,93648.37209302325
334,65,56.32404338442458,101387.90697674418
334,70,47.9122826658089,109127.44186046511
334,75,40.791281928413454,116866.97674418605
334,80,34.934238577866594,124606.51162790698
335,5,978.9529848698401,8513.488372093023
335,10,598.9121503313463,16253.023255813954
335,15,411.20870707578166,23992.558139534885
335,20,311.2644966053232,31732.093023255813
335,25,246.7928761246428,39471.62790697675
335,30,198.86177906299483,47211.16279069767
335,35,162.00975373652372,54950.6976744186
335,40,133.7760488076597,62690.232558139534
335,45,111.88757564006525,70429.76744186047
335,50,94.44993909688765,78169.30232558139
335,55,80.04403912027739,85908.83720930232
335,60,68.10446113026617,93648.37209302325
335,65,58.12901396574409,101387.90697674418
335,70,49.64055164424397,109127.44186046511
335,75,42.52073796153907,116866.97674418605
335,80,36.49021186008439,124606.51162790698
336,5,987.1695141924389,8513.488372093023
336,10,589.9772288153596,16253.023255813954
336,15,400.790308962359,23992.558139534885
336,20,302.2039814280426,31732.093023255813
336,25,240.60257251293788,39471.62790697675
336,30,194.8328973359044,47211.16279069767
336,35,159.50355209328393,54950.6976744186
336,40,131.29036176334816,62690.232558139534
336,45,109.86639278628293,70429.76744186047
336,50,92.90927788036045,78169.30232558139
336,55,79.35680977176916,85908.83720930232
336,60,67.93449344680482,93648.37209302325
336,65,58.04289042955279,101387.90697674418
336,70,49.684190432575875,109127.44186046511
336,75,42.527047463916915,116866.97674418605
336,80,36.51339006458435,124606.51162790698
337,5,998.0483014253116,8513.488372093023
337,10,599.229533359574,16253.023255813954
337,15,406.0889258173777,23992.558139534885
337,20,305.9866557352421,31732.093023255813
337,25,240.77623353661085,39471.62790697675
337,30,194.7413635612391,47211.16279069767
337,35,157.55683793718975,54950.6976744186
337,40,129.8961306496163,62690.232558139534
337,45,108.56917955228606,70429.76744186047
337,50,91.33220267440501,78169.30232558139
337,55,77.2268075057421,85908.83720930232
337,60,65.68982050732329,93648.37209302325
337,65,56.129505420106575,101387.90697674418
337,70,48.065716655678855,109127.44186046511
337,75,41.26032296239247,116866.97674418605
337,80,35.51940444444425,124606.51162790698
338,5,1007.2283354938737,8513.488372093023
338,10,597.326219588578,16253.023255813954
338,15,407.8868795090384,23992.558139534885
338,20,304.11516766588636,31732.093023255813
338,25,237.37281419195114,39471.62790697675
338,30,191.2699913297692,47211.16279069767
338,35,156.22197339921075,54950.6976744186
338,40,128.6727099566872,62690.232558139534
338,45,107.262114576176,70429.76744186047
338,50,90.19617270134671,78169.30232558139
338,55,76.29657133128192,85908.83720930232
338,60,64.79486800492354,93648.37209302325
338,65,55.18050822410634,101387.90697674418
338,70,47.079534260387454,109127.44186046511
338,75,40.34372194903723,116866.97674418605
338,80,34.607940704860354,124606.51162790698
339,5,1023.7740156498858,8513.488372093023
339,10,612.3221345992699,16253.023255813954
339,15,415.91143664929837,23992.558139534885
339,20,311.4264722254989,31732.093023255813
339,25,244.49240462751487,39471.62790697675
339,30,195.57386157112413,47211.16279069767
339,35,158.2329881429835,54950.6976744186
339,40,129.60373044103008,62690.232558139534
339,45,107.54036328324229,70429.76744186047
339,50,89.91592215341431,78169.30232558139
339,55,75.8179799447563,85908.83720930232
339,60,64.45831950916731,93648.37209302325
339,65,54.904239539734384,101387.90697674418
339,70,47.021757752132096,109127.44186046511
339,75,40.334944784237116,116866.97674418605
339,80,34.668974529235705,124606.51162790698
340,5,1027.501661269407,8513.488372093023
340,10,622.9327592801939,16253.023255813954
340,15,414.4876130923506,23992.558139534885
340,20,308.8943549636666,31732.093023255813
340,25,243.34692212489057,39471.62790697675
340,30,194.76181897931494,47211.16279069767
340,35,157.00061967226677,54950.6976744186
340,40,129.1942018980574,62690.232558139534
340,45,107.95856606906308,70429.76744186047
340,50,90.8283823439114,78169.30232558139
340,55,76.82363420695268,85908.83720930232
340,60,65.24593554121932,93648.37209302325
340,65,55.535730568764535,101387.90697674418
340,70,47.23178471384507,109127.44186046511
340,75,40.315570045376326,116866.97674418605
340,80,34.399644012490484,124606.51162790698
341,5,1036.2129721151234,8513.488372093023
341,10,621.4077035912773,16253.023255813954
341,15,414.8637175402665,23992.558139534885
341,20,307.9169668131395,31732.093023255813
341,25,240.83838278578452,39471.62790697675
341,30,194.24402793384155,47211.16279069767
341,35,158.10261014259262,54950.6976744186
341,40,130.46259023179317,62690.232558139534
341,45,109.24610458346083,70429.76744186047
341,50,92.07544561979593,78169.30232558139
341,55,78.07347500510633,85908.83720930232
341,60,66.40306216914367,93648.37209302325
341,65,56.53824343525873,101387.90697674418
341,70,48.27608687440704,109127.44186046511
341,75,41.291091040978415,116866.97674418605
341,80,35.43156042106996,124606.51162790698
342,5,1020.8671600393736,8513.488372093023
342,10,613.3660419639546,16253.023255813954
342,15,414.6729653442216,23992.558139534885
342,20,303.61572288350743,31732.093023255813
342,25,238.16857887656647,39471.62790697675
342,30,189.7026860236485,47211.16279069767
342,35,153.16136305164457,54950.6976744186
342,40,125.99965995509083,62690.232558139534
342,45,104.80942582776994,70429.76744186047
342,50,87.71982228296713,78169.30232558139
342,55,74.18381462543081,85908.83720930232
342,60,63.054450617279194,93648.37209302325
342,65,53.889190859233054,101387.90697674418
342,70,46.04491615900262,109127.44186046511
342,75,39.374071152238194,116866.97674418605
342,80,33.8121464708372,124606.51162790698
343,5,991.3892673298758,8513.488372093023
343,10,606.2231142423141,16253.023255813954
343,15,413.56178259086903,23992.558139534885
343,20,306.9401803428785,31732.093023255813
343,25,240.2000998186716,39471.62790697675
343,30,192.616689089698,47211.16279069767
343,35,156.34302745205156,54950.6976744186
343,40,129.37056023019937,62690.232558139534
343,45,108.08543492656571,70429.76744186047
343,50,90.73518638546736,78169.30232558139
343,55,76.53117090848453,85908.83720930232
343,60,64.98737547168419,93648.37209302325
343,65,55.61092815881155,101387.90697674418
343,70,47.70341337060556,109127.44186046511
343,75,40.897236421135574,116866.97674418605
343,80,35.08334271009981,124606.51162790698
344,5,928.8032771043848,8513.488372093023
344,10,568.2297199625098,16253.023255813954
344,15,388.33699137944603,23992.558139534885
344,20,289.8295214906964,31732.093023255813
344,25,227.53984621232468,39471.62790697675
344,30,181.74928937812896,47211.16279069767
344,35,146.95234623377638,54950.6976744186
344,40,122.11749378407282,62690.232558139534
344,45,102.33444640272158,70429.76744186047
344,50,86.46665519751313,78169.30232558139
344,55,73.4642978557152,85908.83720930232
344,60,62.64923685813041,93648.37209302325
344,65,53.446032616575714,101387.90697674418
344,70,45.584073518454574,109127.44186046511
344,75,39.00841371072156,116866.97674418605
344,80,33.369772089403774,124606.51162790698
345,5,906.8756017744852,8513.488372093023
345,10,556.6848236592722,16253.023255813954
345,15,386.0838233962862,23992.558139534885
345,20,290.22314236979963,31732.093023255813
345,25,227.15153192637038,39471.62790697675
345,30,182.641297241765,47211.16279069767
345,35,149.53833083271815,54950.6976744186
345,40,123.96618290668482,62690.232558139534
345,45,104.01947875296361,70429.76744186047
345,50,87.71206122828058,78169.30232558139
345,55,74.35996121810152,85908.83720930232
345,60,63.28609146640914,93648.37209302325
345,65,53.99045582208478,101387.90697674418
345,70,46.15560544677719,109127.44186046511
345,75,39.4515678404054,116866.97674418605
345,80,33.86172465440913,124606.51162790698
346,5,899.7021233747162,8513.488372093023
346,10,537.3559306913334,16253.023255813954
346,15,374.94798282453587,23992.558139534885
346,20,285.01949608827215,31732.093023255813
346,25,223.04096999801143,39471.62790697675
346,30,177.67876780049517,47211.16279069767
346,35,144.3338954684791,54950.6976744186
346,40,119.84678306092587,62690.232558139534
346,45,100.71875242684862,70429.76744186047
346,50,85.02825296833177,78169.30232558139
346,55,71.83845218620517,85908.83720930232
346,60,60.762186847685314,93648.37209302325
346,65,51.660136204940954,101387.90697674418
346,70,44.009224504308335,109127.44186046511
346,75,37.66041222241117,116866.97674418605
346,80,32.273753000019184,124606.51162790698
347,5,908.2464123672055,8513.488372093023
347,10,538.4685619837709,16253.023255813954
347,15,371.75233706366794,23992.558139534885
347,20,284.1586936453348,31732.093023255813
347,25,224.92817554324066,39471.62790697675
347,30,181.3259361433123,47211.16279069767
347,35,147.85413617823917,54950.6976744186
347,40,122.5008853632105,62690.232558139534
347,45,102.19884423576077,70429.76744186047
347,50,85.9792910214681,78169.30232558139
347,55,72.63979806007963,85908.83720930232
347,60,61.71244802602952,93648.37209302325
347,65,52.55998528752149,101387.90697674418
347,70,44.91021800359873,109127.44186046511
347,75,38.36312851687394,116866.97674418605
347,80,32.89796084496429,124606.51162790698
348,5,934.505695041444,8513.488372093023
348,10,551.4446858804478,16253.023255813954
348,15,375.7215685167371,23992.558139534885
348,20,286.83230229671625,31732.093023255813
348,25,227.51912867291068,39471.62790697675
348,30,183.26951251044034,47211.16279069767
348,35,149.92045361942425,54950.6976744186
348,40,124.52725180997076,62690.232558139534
348,45,103.75141038412863,70429.76744186047
348,50,87.21256145053755,78169.30232558139
348,55,73.41353920464728,85908.83720930232
348,60,61.957995363100544,93648.37209302325
348,65,52.68729468142724,101387.90697674418
348,70,44.96459126800286,109127.44186046511
348,75,38.56532007195096,116866.97674418605
348,80,33.09424149684932,124606.51162790698
349,5,931.0511934356812,8513.488372093023
349,10,552.6181837134407,16253.023255813954
349,15,374.5752495349997,23992.558139534885
349,20,285.24412877197847,31732.093023255813
349,25,228.17272120551206,39471.62790697675
349,30,182.8259053338299,47211.16279069767
349,35,148.2362072987917,54950.6976744186
349,40,121.8269328608229,62690.232558139534
349,45,101.26921760430331,70429.76744186047
349,50,84.87608005582707,78169.30232558139
349,55,71.58577985502713,85908.83720930232
349,60,60.56715149542789,93648.37209302325
349,65,51.46637931332698,101387.90697674418
349,70,43.87338241838225,109127.44186046511
349,75,37.607958736159496,116866.97674418605
349,80,32.331323854829684,124606.51162790698
350,5,949.9922028211623,8513.488372093023
350,10,567.4308264638503,16253.023255813954
350,15,382.1179516109429,23992.558139534885
350,20,284.2328676002906,31732.093023255813
350,25,224.73326014718685,39471.62790697675
350,30,179.57558376287923,47211.16279069767
350,35,144.65347824674117,54950.6976744186
350,40,118.98608085441278,62690.232558139534
350,45,98.4961520904847,70429.76744186047
350,50,82.44822080788435,78169.30232558139
350,55,69.67575058139485,85908.83720930232
350,60,58.963939529480456,93648.37209302325
350,65,50.11191061711483,101387.90697674418
350,70,42.74453687203739,109127.44186046511
350,75,36.729879003194235,116866.97674418605
350,80,31.63877994559344,124606.51162790698
351,5,945.1612998219557,8513.488372093023
351,10,561.8467841764734,16253.023255813954
351,15,380.60561656211934,23992.558139534885
351,20,282.95322270093334,31732.093023255813
351,25,221.5915989977364,39471.62790697675
351,30,177.77486258203922,47211.16279069767
351,35,145.16107501427584,54950.6976744186
351,40,119.41517993304072,62690.232558139534
351,45,99.83854781022522,70429.76744186047
351,50,84.04464407517308,78169.30232558139
351,55,71.0522377833983,85908.83720930232
351,60,60.3349783463144,93648.37209302325
351,65,51.26766315456061,101387.90697674418
351,70,43.71214196844514,109127.44186046511
351,75,37.380113547149534,116866.97674418605
351,80,32.036983497584885,124606.51162790698
352,5,959.4422265129381,8513.488372093023
352,10,567.4609018968631,16253.023255813954
352,15,389.6162615057589,23992.558139534885
352,20,294.4915817828531,31732.093023255813
352,25,231.09031740125144,39471.62790697675
352,30,184.63029785439065,47211.16279069767
352,35,149.94540988403958,54950.6976744186
352,40,124.16189558965682,62690.232558139534
352,45,104.2061084003947,70429.76744186047
352,50,87.78542013849386,78169.30232558139
352,55,74.35680383530881,85908.83720930232
352,60,63.157824329080924,93648.37209302325
352,65,53.83016636601485,101387.90697674418
352,70,45.937348593355935,109127.44186046511
352,75,39.21090973145074,116866.97674418605
352,80,33.5754320943218,124606.51162790698
353,5,961.3678904699134,8513.488372093023
353,10,556.4626508143925,16253.023255813954
353,15,384.32908412655087,23992.558139534885
353,20,289.0717597565499,31732.093023255813
353,25,227.1702085244436,39471.62790697675
353,30,181.5791218136288,47211.16279069767
353,35,145.8650715653184,54950.6976744186
353,40,119.46628262033192,62690.232558139534
353,45,99.19981361356379,70429.76744186047
353,50,83.17227391583884,78169.30232558139
353,55,70.05155548592242,85908.83720930232
353,60,59.3269848243403,93648.37209302325
353,65,50.44444992621847,101387.90697674418
353,70,42.99045888488475,109127.44186046511
353,75,36.77477961483296,116866.97674418605
353,80,31.55095900675657,124606.51162790698
354,5,979.377072404401,8513.488372093023
354,10,562.9353832519618,16253.023255813954
354,15,385.5810380915212,23992.558139534885
354,20,292.33762320740567,31732.093023255813
354,25,233.21150416309968,39471.62790697675
354,30,187.60845814259122,47211.16279069767
354,35,152.2642536429175,54950.6976744186
354,40,125.0562027530936,62690.232558139534
354,45,104.77412829828427,70429.76744186047
354,50,88.42905080730218,78169.30232558139
354,55,74.91051239688055,85908.83720930232
354,60,63.672160672300265,93648.37209302325
354,65,54.233444470912445,101387.90697674418
354,70,46.39306451566868,109127.44186046511
354,75,39.79741934282507,116866.97674418605
354,80,34.105158721364546,124606.51162790698
355,5,988.5186434679167,8513.488372093023
355,10,572.4706801501447,16253.023255813954
355,15,385.8973682168458,23992.558139534885
355,20,293.9798320953558,31732.093023255813
355,25,232.47232733768956,39471.62790697675
355,30,187.58478770972758,47211.16279069767
355,35,152.13152055766864,54950.6976744186
355,40,125.5636573753126,62690.232558139534
355,45,105.34060852897036,70429.76744186047
355,50,88.54286322054679,78169.30232558139
355,55,75.09664144068888,85908.83720930232
355,60,64.15433964956364,93648.37209302325
355,65,54.9094477442326,101387.90697674418
355,70,46.88326920727741,109127.44186046511
355,75,40.12329304687894,116866.97674418605
355,80,34.356832275897105,124606.51162790698
356,5,1003.6940673223644,8513.488372093023
356,10,573.88265019527,16253.023255813954
356,15,393.49117881216284,23992.558139534885
356,20,296.51925856405774,31732.093023255813
356,25,233.95912871746685,39471.62790697675
356,30,188.915008949694,47211.16279069767
356,35,153.27823365586522,54950.6976744186
356,40,126.55119382567698,62690.232558139534
356,45,105.31793700992047,70429.76744186047
356,50,88.4784404987291,78169.30232558139
356,55,74.71613427822496,85908.83720930232
356,60,63.71098812834817,93648.37209302325
356,65,54.48760634253799,101387.90697674418
356,70,46.71822947949146,109127.44186046511
356,75,40.02590019387154,116866.97674418605
356,80,34.250013791222294,124606.51162790698
357,5,1006.6587197174691,8513.488372093023
357,10,568.1829425425202,16253.023255813954
357,15,397.57474143772043,23992.558139534885
357,20,298.884894088567,31732.093023255813
357,25,234.0355071935534,39471.62790697675
357,30,187.31681186903063,47211.16279069767
357,35,150.88047264719074,54950.6976744186
357,40,123.91417003264702,62690.232558139534
357,45,103.59764892689793,70429.76744186047
357,50,87.3510951001246,78169.30232558139
357,55,73.78962462489126,85908.83720930232
357,60,62.67338344056838,93648.37209302325
357,65,53.452092662057005,101387.90697674418
357,70,45.62072247376538,109127.44186046511
357,75,39.08538135553231,116866.97674418605
357,80,33.54854516349979,124606.51162790698
358,5,1001.8155548270165,8513.488372093023
358,10,569.2829511407554,16253.023255813954
358,15,400.6204493599083,23992.558139534885
358,20,301.3719543272972,31732.093023255813
358,25,236.78469560050357,39471.62790697675
358,30,189.90440838703412,47211.16279069767
358,35,154.25760825175774,54950.6976744186
358,40,127.58813855582474,62690.232558139534
358,45,106.66959455199698,70429.76744186047
358,50,89.68973865291608,78169.30232558139
358,55,75.74911137184496,85908.83720930232
358,60,64.45990479176685,93648.37209302325
358,65,54.88736087904588,101387.90697674418
358,70,46.66267639993931,109127.44186046511
358,75,39.96424477011208,116866.97674418605
358,80,34.347081348373635,124606.51162790698
359,5,985.8598669393317,8513.488372093023
359,10,546.3685077954506,16253.023255813954
359,15,382.28320784347693,23992.558139534885
359,20,288.47853100400323,31732.093023255813
359,25,225.44024352296174,39471.62790697675
359,30,180.43944047993526,47211.16279069767
359,35,146.65618424464873,54950.6976744186
359,40,121.22906506055847,62690.232558139534
359,45,101.57045751718077,70429.76744186047
359,50,85.55682663524199,78169.30232558139
359,55,72.62194839824485,85908.83720930232
359,60,61.685873905196466,93648.37209302325
359,65,52.57859328865278,101387.90697674418
359,70,44.88007992523121,109127.44186046511
359,75,38.36399760970695,116866.97674418605
359,80,32.80505199780609,124606.51162790698
360,5,974.3245718298537,8513.488372093023
360,10,536.8721876223221,16253.023255813954
360,15,374.85156078903543,23992.558139534885
360,20,284.49109469192837,31732.093023255813
360,25,223.70969102029485,39471.62790697675
360,30,180.63101088586575,47211.16279069767
360,35,147.06053873991337,54950.6976744186
360,40,121.5985003050553,62690.232558139534
360,45,101.4457019329087,70429.76744186047
360,50,85.81317123363765,78169.30232558139
360,55,72.82102167898701,85908.83720930232
360,60,61.91178849902064,93648.37209302325
360,65,52.769499277437205,101387.90697674418
360,70,45.03393026083557,109127.44186046511
360,75,38.63968717448795,116866.97674418605
360,80,33.13875829552077,124606.51162790698
361,5,990.0062009502813,8513.488372093023
361,10,549.6271531385967,16253.023255813954
361,15,380.04812719540763,23992.558139534885
361,20,289.72201062889445,31732.093023255813
361,25,230.64335468737363,39471.62790697675
361,30,186.3141230597169,47211.16279069767
361,35,151.72593191961127,54950.6976744186
361,40,125.85590182584923,62690.232558139534
361,45,105.98516368345595,70429.76744186047
361,50,89.8346117625309,78169.30232558139
361,55,76.54366727245996,85908.83720930232
361,60,65.65595068500102,93648.37209302325
361,65,56.316973581098694,101387.90697674418
361,70,48.1708706401364,109127.44186046511
361,75,41.207485596257506,116866.97674418605
361,80,35.368324672956156,124606.51162790698
362,5,979.729959015863,8513.488372093023
362,10,551.385986866399,16253.023255813954
362,15,379.0581079069221,23992.558139534885
362,20,288.8026957314284,31732.093023255813
362,25,229.53820434551233,39471.62790697675
362,30,186.13377124591568,47211.16279069767
362,35,151.77835993552733,54950.6976744186
362,40,125.63444976736022,62690.232558139534
362,45,105.12695569737348,70429.76744186047
362,50,89.14314216625957,78169.30232558139
362,55,75.64382121757114,85908.83720930232
362,60,64.37446556289214,93648.37209302325
362,65,55.01932436925529,101387.90697674418
362,70,47.0196024753585,109127.44186046511
362,75,40.34298764429271,116866.97674418605
362,80,34.68851420755505,124606.51162790698
363,5,936.5248735059231,8513.488372093023
363,10,547.5378120548862,16253.023255813954
363,15,375.58187159022845,23992.558139534885
363,20,287.39764333241953,31732.093023255813
363,25,227.6414156031859,39471.62790697675
363,30,184.97201529163172,47211.16279069767
363,35,151.82985093831968,54950.6976744186
363,40,125.51189789965349,62690.232558139534
363,45,105.74024268411272,70429.76744186047
363,50,89.54546752355124,78169.30232558139
363,55,76.26338112542402,85908.83720930232
363,60,65.04373309262779,93648.37209302325
363,65,55.57428813102792,101387.90697674418
363,70,47.521858691218924,109127.44186046511
363,75,40.833247959052144,116866.97674418605
363,80,35.13222195775975,124606.51162790698
364,5,932.3013946887698,8513.488372093023
364,10,540.4415170145027,16253.023255813954
364,15,376.02417121556346,23992.558139534885
364,20,285.6740936112001,31732.093023255813
364,25,225.9791235697499,39471.62790697675
364,30,183.59626876039266,47211.16279069767
364,35,150.13183831289874,54950.6976744186
364,40,124.3489037694656,62690.232558139534
364,45,104.49253780863195,70429.76744186047
364,50,88.58071621961793,78169.30232558139
364,55,75.1572862722617,85908.83720930232
364,60,63.97694556752857,93648.37209302325
364,65,54.562478896377634,101387.90697674418
364,70,46.61084003585251,109127.44186046511
364,75,39.98443704684479,116866.97674418605
364,80,34.31439269582344,124606.51162790698
365,5,922.5696238061719,8513.488372093023
365,10,539.6544088915144,16253.023255813954
365,15,379.4078837834329,23992.558139534885
365,20,287.71404387904624,31732.093023255813
365,25,225.26942663783646,39471.62790697675
365,30,183.19023297358387,47211.16279069767
365,35,150.69559917291141,54950.6976744186
365,40,126.05790352865002,62690.232558139534
365,45,106.59838807637493,70429.76744186047
365,50,90.4897508900477,78169.30232558139
365,55,77.12206836121844,85908.83720930232
365,60,66.04539246627067,93648.37209302325
365,65,56.70852626095786,101387.90697674418
365,70,48.66666861146665,109127.44186046511
365,75,41.833172817641184,116866.97674418605
365,80,35.913060350434016,124606.51162790698
366,5,917.9020862049294,8513.488372093023
366,10,530.1817178556661,16253.023255813954
366,15,373.0204480960971,23992.558139534885
366,20,281.7923455679429,31732.093023255813
366,25,222.71297756779816,39471.62790697675
366,30,179.57674331265375,47211.16279069767
366,35,146.1886798215236,54950.6976744186
366,40,122.1217894115551,62690.232558139534
366,45,102.51246724387968,70429.76744186047
366,50,86.77545851321693,78169.30232558139
366,55,73.91614657509815,85908.83720930232
366,60,63.120922214393104,93648.37209302325
366,65,54.07282383602076,101387.90697674418
366,70,46.58548242600403,109127.44186046511
366,75,40.14837247666773,116866.97674418605
366,80,34.48855072257634,124606.51162790698
367,5,940.5620953269689,8513.488372093023
367,10,536.971973747531,16253.023255813954
367,15,380.12592230692246,23992.558139534885
367,20,286.13605921189725,31732.093023255813
367,25,226.21802618391771,39471.62790697675
367,30,183.0300095000499,47211.16279069767
367,35,149.75453512629767,54950.6976744186
367,40,124.74148827687812,62690.232558139534
367,45,105.33698674549294,70429.76744186047
367,50,89.50755531852771,78169.30232558139
367,55,76.19496085075842,85908.83720930232
367,60,65.22736469231101,93648.37209302325
367,65,56.026613540336335,101387.90697674418
367,70,48.232754157929755,109127.44186046511
367,75,41.49480525152712,116866.97674418605
367,80,35.79833710019875,124606.51162790698
368,5,960.1230385975459,8513.488372093023
368,10,542.4354432280609,16253.023255813954
368,15,379.7037944374587,23992.558139534885
368,20,288.019334702948,31732.093023255813
368,25,230.18623329569382,39471.62790697675
368,30,187.13990422604917,47211.16279069767
368,35,153.09259119065345,54950.6976744186
368,40,127.37529783612534,62690.232558139534
368,45,107.3164678289112,70429.76744186047
368,50,90.98562127845163,78169.30232558139
368,55,77.58957062087767,85908.83720930232
368,60,66.35342114216952,93648.37209302325
368,65,56.92509120524757,101387.90697674418
368,70,48.94150536582612,109127.44186046511
368,75,42.1265471847538,116866.97674418605
368,80,36.20976138065917,124606.51162790698
369,5,973.5628677303092,8513.488372093023
369,10,554.8899887509335,16253.023255813954
369,15,389.4407209079074,23992.558139534885
369,20,295.05769017802555,31732.093023255813
369,25,234.0700573292378,39471.62790697675
369,30,190.15328207723732,47211.16279069767
369,35,155.87078029971053,54950.6976744186
369,40,129.22640935734685,62690.232558139534
369,45,108.55348391637284,70429.76744186047
369,50,92.09142381778018,78169.30232558139
369,55,78.74434764678296,85908.83720930232
369,60,67.60111970970159,93648.37209302325
369,65,58.21854113906196,101387.90697674418
369,70,50.167217804348006,109127.44186046511
369,75,43.235136452784616,116866.97674418605
369,80,37.260734839533704,124606.51162790698
370,5,965.8521057976179,8513.488372093023
370,10,559.149710912135,16253.023255813954
370,15,388.36788705334277,23992.558139534885
370,20,293.8414597186232,31732.093023255813
370,25,232.75113196060693,39471.62790697675
370,30,187.74743968604616,47211.16279069767
370,35,154.14860891496753,54950.6976744186
370,40,127.93618403685484,62690.232558139534
370,45,106.86993544630907,70429.76744186047
370,50,90.04038207919929,78169.30232558139
370,55,76.6657942656487,85908.83720930232
370,60,65.38403160527297,93648.37209302325
370,65,56.174754214567635,101387.90697674418
370,70,48.357598278832896,109127.44186046511
370,75,41.70510399458945,116866.97674418605
370,80,36.08321698483361,124606.51162790698
371,5,934.7606658987438,8513.488372093023
371,10,547.0486351148439,16253.023255813954
371,15,383.0798762399974,23992.558139534885
371,20,287.9642566914118,31732.093023255813
371,25,228.96956651516453,39471.62790697675
371,30,183.9739582307847,47211.16279069767
371,35,150.4828843814838,54950.6976744186
371,40,124.64084761007591,62690.232558139534
371,45,105.0494420465813,70429.76744186047
371,50,89.33701041798625,78169.30232558139
371,55,75.97870395713778,85908.83720930232
371,60,65.00887908234682,93648.37209302325
371,65,55.74823033337445,101387.90697674418
371,70,47.99436421965052,109127.44186046511
371,75,41.431182629421016,116866.97674418605
371,80,35.81840469243988,124606.51162790698
372,5,927.0107444341778,8513.488372093023
372,10,543.0410751039573,16253.023255813954
372,15,379.7450306470853,23992.558139534885
372,20,288.95622355719814,31732.093023255813
372,25,228.31330660086883,39471.62790697675
372,30,183.49875081298308,47211.16279069767
372,35,149.1564600561309,54950.6976744186
372,40,122.85544267024534,62690.232558139534
372,45,103.2568904202649,70429.76744186047
372,50,87.58677785585508,78169.30232558139
372,55,74.46063691587958,85908.83720930232
372,60,63.53099766307503,93648.37209302325
372,65,54.31678699941282,101387.90697674418
372,70,46.77755366490083,109127.44186046511
372,75,40.354523422502965,116866.97674418605
372,80,34.810283217337414,124606.51162790698
373,5,911.8308666357125,8513.488372093023
373,10,537.7187579847345,16253.023255813954
373,15,378.6061821044184,23992.558139534885
373,20,288.9271435083266,31732.093023255813
373,25,231.23594075327233,39471.62790697675
373,30,186.0539591148581,47211.16279069767
373,35,151.86510351164017,54950.6976744186
373,40,125.59460574442623,62690.232558139534
373,45,105.13387581949401,70429.76744186047
373,50,89.04677699685124,78169.30232558139
373,55,75.87277594207083,85908.83720930232
373,60,65.00344912683515,93648.37209302325
373,65,55.62686451699459,101387.90697674418
373,70,47.72948271866544,109127.44186046511
373,75,41.01450379842747,116866.97674418605
373,80,35.30797170262405,124606.51162790698
374,5,889.0016236695378,8513.488372093023
374,10,524.2969110220366,16253.023255813954
374,15,368.18596151186455,23992.558139534885
374,20,281.17120125845406,31732.093023255813
374,25,223.68722713668652,39471.62790697675
374,30,180.71999981644808,47211.16279069767
374,35,146.71952365760265,54950.6976744186
374,40,121.9133796440568,62690.232558139534
374,45,102.24956599896056,70429.76744186047
374,50,86.48951859687939,78169.30232558139
374,55,73.2424802547041,85908.83720930232
374,60,62.31991028321352,93648.37209302325
374,65,53.399712267792694,101387.90697674418
374,70,45.79693787944374,109127.44186046511
374,75,39.37505579511279,116866.97674418605
374,80,34.014952436375474,124606.51162790698
375,5,910.7285997862948,8513.488372093023
375,10,540.0411040743022,16253.023255813954
375,15,377.39952266250356,23992.558139534885
375,20,286.5249499065082,31732.093023255813
375,25,228.22574352794865,39471.62790697675
375,30,184.86565123308483,47211.16279069767
375,35,152.35706592743915,54950.6976744186
375,40,127.3369476788891,62690.232558139534
375,45,106.77745489502158,70429.76744186047
375,50,89.99741366698063,78169.30232558139
375,55,76.54108999378028,85908.83720930232
375,60,65.0344180591877,93648.37209302325
375,65,55.1957870170037,101387.90697674418
375,70,47.16983559815557,109127.44186046511
375,75,40.51918423055465,116866.97674418605
375,80,34.96108265623105,124606.51162790698
376,5,906.42497908435,8513.488372093023
376,10,522.5130637147845,16253.023255813954
376,15,367.11117615404544,23992.558139534885
376,20,281.6601545724699,31732.093023255813
376,25,222.87202565022588,39471.62790697675
376,30,179.37401495805156,47211.16279069767
376,35,147.03825957792554,54950.6976744186
376,40,122.10253234378037,62690.232558139534
376,45,102.09121878961103,70429.76744186047
376,50,86.27531753978714,78169.30232558139
376,55,73.17828330968001,85908.83720930232
376,60,62.53916387096791,93648.37209302325
376,65,53.618912345672165,101387.90697674418
376,70,45.981034260815,109127.44186046511
376,75,39.54117912495939,116866.97674418605
376,80,34.09728045360046,124606.51162790698
377,5,913.2331551886059,8513.488372093023
377,10,524.4199835483491,16253.023255813954
377,15,366.6250419560039,23992.558139534885
377,20,276.85076773493716,31732.093023255813
377,25,219.78913385927837,39471.62790697675
377,30,177.27296541782567,47211.16279069767
377,35,145.69984183271936,54950.6976744186
377,40,121.4800884311273,62690.232558139534
377,45,101.5647558496545,70429.76744186047
377,50,85.43425869904304,78169.30232558139
377,55,72.43100905672996,85908.83720930232
377,60,61.47393011447495,93648.37209302325
377,65,52.43565008432177,101387.90697674418
377,70,44.93640786021956,109127.44186046511
377,75,38.731495220253,116866.97674418605
377,80,33.441766109533326,124606.51162790698
378,5,897.0484841409543,8513.488372093023
378,10,519.548304491265,16253.023255813954
378,15,366.67589768671627,23992.558139534885
378,20,278.82592423789646,31732.093023255813
378,25,221.4672302329581,39471.62790697675
378,30,178.62558886999759,47211.16279069767
378,35,145.43575037865372,54950.6976744186
378,40,119.94206121129062,62690.232558139534
378,45,100.7369459630411,70429.76744186047
378,50,85.07096686324546,78169.30232558139
378,55,71.85082025937524,85908.83720930232
378,60,60.806828898792105,93648.37209302325
378,65,51.80972390595169,101387.90697674418
378,70,44.366237627492204,109127.44186046511
378,75,38.16657680918887,116866.97674418605
378,80,32.779585932495394,124606.51162790698
379,5,876.2914939955696,8513.488372093023
379,10,512.6504994965368,16253.023255813954
379,15,368.5615645985548,23992.558139534885
379,20,279.5720959258759,31732.093023255813
379,25,221.41327238545367,39471.62790697675
379,30,178.81983939021154,47211.16279069767
379,35,146.07306366455893,54950.6976744186
379,40,120.6135259431982,62690.232558139534
379,45,100.65890847431181,70429.76744186047
379,50,84.93147313158674,78169.30232558139
379,55,72.16175429525485,85908.83720930232
379,60,61.501319780228116,93648.37209302325
379,65,52.580907139817775,101387.90697674418
379,70,45.2681434524842,109127.44186046511
379,75,38.94053508631224,116866.97674418605
379,80,33.440753352016756,124606.51162790698
380,5,858.7352051223141,8513.488372093023
380,10,503.660585348633,16253.023255813954
380,15,358.6402320009028,23992.558139534885
380,20,271.34458996628916,31732.093023255813
380,25,210.84809540902253,39471.62790697675
380,30,169.80829073884308,47211.16279069767
380,35,139.0659559503504,54950.6976744186
380,40,114.94233590403721,62690.232558139534
380,45,96.14088036946771,70429.76744186047
380,50,81.12934170740876,78169.30232558139
380,55,69.118634062068,85908.83720930232
380,60,58.98051029058954,93648.37209302325
380,65,50.2154139257227,101387.90697674418
380,70,42.97902954863736,109127.44186046511
380,75,36.8216239863829,116866.97674418605
380,80,31.631845978266703,124606.51162790698
381,5,830.099491551425,8513.488372093023
381,10,494.98371135890466,16253.023255813954
381,15,346.2829184753545,23992.558139534885
381,20,262.52633643394165,31732.093023255813
381,25,205.06569206388846,39471.62790697675
381,30,165.58602996860566,47211.16279069767
381,35,136.24608050250458,54950.6976744186
381,40,113.89632363835206,62690.232558139534
381,45,96.3591415566089,70429.76744186047
381,50,81.76972127249657,78169.30232558139
381,55,69.77327734206594,85908.83720930232
381,60,59.43071462262457,93648.37209302325
381,65,50.77036725538195,101387.90697674418
381,70,43.39536108309047,109127.44186046511
381,75,37.07447899903729,116866.97674418605
381,80,31.777956165908446,124606.51162790698
382,5,822.2367726832897,8513.488372093023
382,10,491.63895740315127,16253.023255813954
382,15,341.90380009391595,23992.558139534885
382,20,258.14603445681286,31732.093023255813
382,25,201.28970402926137,39471.62790697675
382,30,161.24802627668703,47211.16279069767
382,35,131.2899961636424,54950.6976744186
382,40,108.50437564985836,62690.232558139534
382,45,91.00723057724773,70429.76744186047
382,50,77.08034354152049,78169.30232558139
382,55,65.2978692668988,85908.83720930232
382,60,55.547513933426686,93648.37209302325
382,65,47.45711208333584,101387.90697674418
382,70,40.8308302076537,109127.44186046511
382,75,35.145552862719384,116866.97674418605
382,80,30.174603887253856,124606.51162790698
383,5,836.5012861707502,8513.488372093023
383,10,503.9776329800683,16253.023255813954
383,15,344.9691773281289,23992.558139534885
383,20,261.58600213909233,31732.093023255813
383,25,205.56762904826198,39471.62790697675
383,30,164.86818036108863,47211.16279069767
383,35,134.27879382062056,54950.6976744186
383,40,111.22596910476226,62690.232558139534
383,45,92.90169794284313,70429.76744186047
383,50,78.02664051323795,78169.30232558139
383,55,66.08993701601926,85908.83720930232
383,60,56.26919694760423,93648.37209302325
383,65,47.979897037165195,101387.90697674418
383,70,41.039128556326986,109127.44186046511
383,75,35.14172300921411,116866.97674418605
383,80,30.21470926553434,124606.51162790698
384,5,837.9280159163923,8513.488372093023
384,10,501.2196114859745,16253.023255813954
384,15,340.35547334496334,23992.558139534885
384,20,257.1169128634673,31732.093023255813
384,25,201.16519141139352,39471.62790697675
384,30,161.23187430710936,47211.16279069767
384,35,130.92602286881828,54950.6976744186
384,40,107.78373145770574,62690.232558139534
384,45,90.3884520094472,70429.76744186047
384,50,76.15774292582756,78169.30232558139
384,55,64.48800477550168,85908.83720930232
384,60,54.80375020524352,93648.37209302325
384,65,46.788486321033716,101387.90697674418
384,70,40.01877138265003,109127.44186046511
384,75,34.22725838200785,116866.97674418605
384,80,29.425906433401273,124606.51162790698
385,5,840.2154673365677,8513.488372093023
385,10,507.28878934539,16253.023255813954
385,15,348.7773613652982,23992.558139534885
385,20,261.7313629036457,31732.093023255813
385,25,205.62735969429338,39471.62790697675
385,30,165.2345175500461,47211.16279069767
385,35,135.32223153094063,54950.6976744186
385,40,111.96645153584227,62690.232558139534
385,45,93.74920204389085,70429.76744186047
385,50,79.04297384430866,78169.30232558139
385,55,66.80692157918946,85908.83720930232
385,60,56.75337824626119,93648.37209302325
385,65,48.3824316734964,101387.90697674418
385,70,41.2672456149491,109127.44186046511
385,75,35.17726388087723,116866.97674418605
385,80,30.06005484688737,124606.51162790698
386,5,852.9732074490037,8513.488372093023
386,10,502.5638791289574,16253.023255813954
386,15,343.4234312542055,23992.558139534885
386,20,258.3427290192391,31732.093023255813
386,25,203.02753975023222,39471.62790697675
386,30,162.04777423132418,47211.16279069767
386,35,131.23465971641303,54950.6976744186
386,40,108.74342723287154,62690.232558139534
386,45,90.84749740972858,70429.76744186047
386,50,76.77494990723874,78169.30232558139
386,55,64.94485491980265,85908.83720930232
386,60,55.24406423473812,93648.37209302325
386,65,47.018230938310055,101387.90697674418
386,70,40.06727603333377,109127.44186046511
386,75,34.151035668815496,116866.97674418605
386,80,29.25216241321298,124606.51162790698
387,5,864.4834267244493,8513.488372093023
387,10,507.1176226305234,16253.023255813954
387,15,344.570300716334,23992.558139534885
387,20,257.01314331394434,31732.093023255813
387,25,200.53855751425144,39471.62790697675
387,30,160.39818220694315,47211.16279069767
387,35,130.7609463774,54950.6976744186
387,40,108.71397163848135,62690.232558139534
387,45,90.53091153057586,70429.76744186047
387,50,75.91308585704626,78169.30232558139
387,55,63.92694117104655,85908.83720930232
387,60,54.08478686975886,93648.37209302325
387,65,45.985630715182054,101387.90697674418
387,70,39.263124052496394,109127.44186046511
387,75,33.575404285217836,116866.97674418605
387,80,28.755177124192482,124606.51162790698
388,5,866.1790092209725,8513.488372093023
388,10,517.2039622104712,16253.023255813954
388,15,350.95536578600377,23992.558139534885
388,20,259.69069163176533,31732.093023255813
388,25,204.34408645300982,39471.62790697675
388,30,163.90138345906684,47211.16279069767
388,35,132.89790670955585,54950.6976744186
388,40,109.76691891976057,62690.232558139534
388,45,91.27301275743191,70429.76744186047
388,50,76.58069176359366,78169.30232558139
388,55,64.66011290622221,85908.83720930232
388,60,54.857201338985966,93648.37209302325
388,65,46.621141998735,101387.90697674418
388,70,39.78824754169062,109127.44186046511
388,75,33.969293312495196,116866.97674418605
388,80,28.98633060466831,124606.51162790698
389,5,860.6927026559623,8513.488372093023
389,10,521.2016422581141,16253.023255813954
389,15,356.2941060585937,23992.558139534885
389,20,265.3173115310674,31732.093023255813
389,25,210.18931372511113,39471.62790697675
389,30,169.01221917432073,47211.16279069767
389,35,138.15334597123538,54950.6976744186
389,40,114.50739717110866,62690.232558139534
389,45,95.72300738763951,70429.76744186047
389,50,80.40072849932488,78169.30232558139
389,55,67.9139943502059,85908.83720930232
389,60,57.63733576572203,93648.37209302325
389,65,49.04993916784168,101387.90697674418
389,70,41.878545531600906,109127.44186046511
389,75,35.681251641677314,116866.97674418605
389,80,30.5766027622429,124606.51162790698
390,5,861.689664126451,8513.488372093023
390,10,515.1579274395172,16253.023255813954
390,15,358.8202421248464,23992.558139534885
390,20,272.5056992570332,31732.093023255813
390,25,213.98984153218487,39471.62790697675
390,30,170.28032662160174,47211.16279069767
390,35,139.27335796198014,54950.6976744186
390,40,115.14000555554301,62690.232558139534
390,45,95.75456205314136,70429.76744186047
390,50,80.09311897372812,78169.30232558139
390,55,67.42751627671721,85908.83720930232
390,60,56.95418120874253,93648.37209302325
390,65,48.468131922254045,101387.90697674418
390,70,41.41051901869036,109127.44186046511
390,75,35.410508522355414,116866.97674418605
390,80,30.315381933293544,124606.51162790698
391,5,878.6105741465011,8513.488372093023
391,10,522.4543949062911,16253.023255813954
391,15,366.6469132019978,23992.558139534885
391,20,276.6464847354177,31732.093023255813
391,25,217.5931519014472,39471.62790697675
391,30,173.36476431968546,47211.16279069767
391,35,140.40243159846048,54950.6976744186
391,40,115.6040853302549,62690.232558139534
391,45,96.2604690269684,70429.76744186047
391,50,80.58244986922483,78169.30232558139
391,55,67.56712268213377,85908.83720930232
391,60,57.06072252270685,93648.37209302325
391,65,48.33006779559358,101387.90697674418
391,70,41.21941505328245,109127.44186046511
391,75,35.19216108348858,116866.97674418605
391,80,30.125545113850055,124606.51162790698
392,5,881.0353434734313,8513.488372093023
392,10,527.9011182104138,16253.023255813954
392,15,368.1807953727718,23992.558139534885
392,20,274.27129447464034,31732.093023255813
392,25,215.64289031148718,39471.62790697675
392,30,173.15151822709797,47211.16279069767
392,35,140.58122365921844,54950.6976744186
392,40,115.80306006336103,62690.232558139534
392,45,96.25860140467238,70429.76744186047
392,50,80.70914966147545,78169.30232558139
392,55,67.83843713842722,85908.83720930232
392,60,57.38936571089751,93648.37209302325
392,65,48.777382034938526,101387.90697674418
392,70,41.584881102563486,109127.44186046511
392,75,35.54473507339435,116866.97674418605
392,80,30.553662568190237,124606.51162790698
393,5,864.7243678648604,8513.488372093023
393,10,524.9742351977052,16253.023255813954
393,15,364.3388225485821,23992.558139534885
393,20,272.62161625522583,31732.093023255813
393,25,213.67981653479578,39471.62790697675
393,30,170.07886877936687,47211.16279069767
393,35,137.22755913149547,54950.6976744186
393,40,113.55063435173444,62690.232558139534
393,45,94.31085651140071,70429.76744186047
393,50,79.15185328904639,78169.30232558139
393,55,66.76507521140579,85908.83720930232
393,60,56.643768922177955,93648.37209302325
393,65,48.195118436869116,101387.90697674418
393,70,41.22463744558364,109127.44186046511
393,75,35.298584894546906,116866.97674418605
393,80,30.361869941027955,124606.51162790698
394,5,864.5081150474315,8513.488372093023
394,10,512.0534670848176,16253.023255813954
394,15,351.31163306484575,23992.558139534885
394,20,265.3061742292297,31732.093023255813
394,25,209.3450192242383,39471.62790697675
394,30,168.31881014317548,47211.16279069767
394,35,136.98654745786286,54950.6976744186
394,40,113.01234924512903,62690.232558139534
394,45,94.2341176364478,70429.76744186047
394,50,78.93566935964442,78169.30232558139
394,55,66.45281197765675,85908.83720930232
394,60,56.15384033629916,93648.37209302325
394,65,47.70896652149465,101387.90697674418
394,70,40.62674875416755,109127.44186046511
394,75,34.637923400306256,116866.97674418605
394,80,29.638061603587296,124606.51162790698
395,5,855.953497613104,8513.488372093023
395,10,513.6725224904718,16253.023255813954
395,15,350.16055229565256,23992.558139534885
395,20,265.9008329647441,31732.093023255813
395,25,210.52080954735462,39471.62790697675
395,30,168.52085555438623,47211.16279069767
395,35,136.7882407949649,54950.6976744186
395,40,112.5640386220238,62690.232558139534
395,45,93.93715460919098,70429.76744186047
395,50,78.78424566069218,78169.30232558139
395,55,66.4523533006976,85908.83720930232
395,60,56.204362082729254,93648.37209302325
395,65,47.73432855145249,101387.90697674418
395,70,40.8258233536825,109127.44186046511
395,75,35.002892251042425,116866.97674418605
395,80,30.024897240540067,124606.51162790698
396,5,831.4814628593257,8513.488372093023
396,10,501.11160793303776,16253.023255813954
396,15,344.8528442756238,23992.558139534885
396,20,260.0288899969899,31732.093023255813
396,25,205.54815947733826,39471.62790697675
396,30,164.772887278506,47211.16279069767
396,35,134.06816136605323,54950.6976744186
396,40,110.9424381756881,62690.232558139534
396,45,92.24701414567932,70429.76744186047
396,50,77.03536378393191,78169.30232558139
396,55,64.98046779056594,85908.83720930232
396,60,55.098853605305244,93648.37209302325
396,65,46.787525773885804,101387.90697674418
396,70,39.83441580477428,109127.44186046511
396,75,34.113517410085734,116866.97674418605
396,80,29.23744903976389,124606.51162790698
397,5,830.557329096698,8513.488372093023
397,10,513.9652908863504,16253.023255813954
397,15,359.0568979897266,23992.558139534885
397,20,273.7949847015282,31732.093023255813
397,25,215.65748105112237,39471.62790697675
397,30,173.4503960368973,47211.16279069767
397,35,141.08009680026302,54950.6976744186
397,40,115.91304347304329,62690.232558139534
397,45,96.60355334154367,70429.76744186047
397,50,80.81395684976988,78169.30232558139
397,55,68.37371967716605,85908.83720930232
397,60,58.242712087888506,93648.37209302325
397,65,49.61346605427993,101387.90697674418
397,70,42.44845261923809,109127.44186046511
397,75,36.35905684771662,116866.97674418605
397,80,31.12142567140077,124606.51162790698
398,5,838.111120889502,8513.488372093023
398,10,514.3371101993638,16253.023255813954
398,15,357.36927407072545,23992.558139534885
398,20,267.95978651939447,31732.093023255813
398,25,211.25265530999525,39471.62790697675
398,30,169.75527939961944,47211.16279069767
398,35,138.1593308599392,54950.6976744186
398,40,113.79721009819112,62690.232558139534
398,45,94.64186681894952,70429.76744186047
398,50,78.95107795381169,78169.30232558139
398,55,66.33199919523989,85908.83720930232
398,60,56.00803512084543,93648.37209302325
398,65,47.49735788799048,101387.90697674418
398,70,40.347480906882346,109127.44186046511
398,75,34.396252476123294,116866.97674418605
398,80,29.44022953353287,124606.51162790698
399,5,857.2524756012988,8513.488372093023
399,10,516.3279235356445,16253.023255813954
399,15,355.4730766372469,23992.558139534885
399,20,269.36663712617093,31732.093023255813
399,25,214.4410615993413,39471.62790697675
399,30,173.15167126415204,47211.16279069767
399,35,141.30573502650117,54950.6976744186
399,40,115.65608645347909,62690.232558139534
399,45,96.22870284743874,70429.76744186047
399,50,80.58784595737274,78169.30232558139
399,55,67.7363470922555,85908.83720930232
399,60,57.64359318736649,93648.37209302325
399,65,49.218636090233474,101387.90697674418
399,70,42.13808157651488,109127.44186046511
399,75,36.15676338802717,116866.97674418605
399,80,31.161115319952543,124606.51162790698
400,5,855.1475861343843,8513.488372093023
400,10,505.21260779300303,16253.023255813954
400,15,348.6936734394464,23992.558139534885
400,20,265.7610383307795,31732.093023255813
400,25,211.36996554468533,39471.62790697675
400,30,169.964898471087,47211.16279069767
400,35,138.8953975300708,54950.6976744186
400,40,115.2220194320401,62690.232558139534
400,45,96.17087122167096,70429.76744186047
400,50,80.33883670008471,78169.30232558139
400,55,67.91176581474612,85908.83720930232
400,60,57.654586349316666,93648.37209302325
400,65,48.99200403948309,101387.90697674418
400,70,41.573288600781666,109127.44186046511
400,75,35.478010298600154,116866.97674418605
400,80,30.273855363377866,124606.51162790698
401,5,861.8369984065426,8513.488372093023
401,10,514.9570070443314,16253.023255813954
401,15,354.55799608744246,23992.558139534885
401,20,270.52676615844365,31732.093023255813
401,25,212.99361058848862,39471.62790697675
401,30,169.51324318131262,47211.16279069767
401,35,137.86007983577653,54950.6976744186
401,40,114.62701777589537,62690.232558139534
401,45,96.11966648404011,70429.76744186047
401,50,80.89832909292782,78169.30232558139
401,55,68.3850574241306,85908.83720930232
401,60,58.018755308172594,93648.37209302325
401,65,49.372242413224605,101387.90697674418
401,70,42.179380189070194,109127.44186046511
401,75,36.12076365452918,116866.97674418605
401,80,30.967774723504746,124606.51162790698
402,5,844.7092658406688,8513.488372093023
402,10,505.62736570615436,16253.023255813954
402,15,347.68567072730394,23992.558139534885
402,20,265.3870344455489,31732.093023255813
402,25,209.00486408911894,39471.62790697675
402,30,166.95646713254433,47211.16279069767
402,35,135.66017766975818,54950.6976744186
402,40,112.08512558692327,62690.232558139534
402,45,93.41539583914059,70429.76744186047
402,50,78.18301296703477,78169.30232558139
402,55,66.10532662795322,85908.83720930232
402,60,56.23500155412649,93648.37209302325
402,65,47.975228641700845,101387.90697674418
402,70,41.05200201921902,109127.44186046511
402,75,35.13472584362682,116866.97674418605
402,80,30.1304454398473,124606.51162790698
403,5,826.3203527098749,8513.488372093023
403,10,496.3754692615003,16253.023255813954
403,15,340.57671251197576,23992.558139534885
403,20,256.99860019895317,31732.093023255813
403,25,201.21379035812666,39471.62790697675
403,30,161.50268093962384,47211.16279069767
403,35,131.06328511817176,54950.6976744186
403,40,108.33585914238095,62690.232558139534
403,45,90.60862818254012,70429.76744186047
403,50,76.44956032486537,78169.30232558139
403,55,64.47778079847028,85908.83720930232
403,60,54.806881648507705,93648.37209302325
403,65,46.68394503931524,101387.90697674418
403,70,39.884330403196884,109127.44186046511
403,75,34.114675658765925,116866.97674418605
403,80,29.27919029964575,124606.51162790698
404,5,807.5924159043983,8513.488372093023
404,10,486.5734727186133,16253.023255813954
404,15,337.07589044127934,23992.558139534885
404,20,253.31045930789122,31732.093023255813
404,25,196.88060319906904,39471.62790697675
404,30,156.51471400157766,47211.16279069767
404,35,128.36532551196657,54950.6976744186
404,40,106.08484776492712,62690.232558139534
404,45,88.32994659647885,70429.76744186047
404,50,74.10904855297412,78169.30232558139
404,55,62.446283402777574,85908.83720930232
404,60,53.25428084613328,93648.37209302325
404,65,45.5406041205556,101387.90697674418
404,70,38.92358488775416,109127.44186046511
404,75,33.39527175571954,116866.97674418605
404,80,28.659363786222023,124606.51162790698
405,5,811.3703031104442,8513.488372093023
405,10,494.11955727417234,16253.023255813954
405,15,343.4577534068812,23992.558139534885
405,20,261.59713383429204,31732.093023255813
405,25,202.90585319833244,39471.62790697675
405,30,161.22540397376153,47211.16279069767
405,35,131.87751908177069,54950.6976744186
405,40,109.19164792046202,62690.232558139534
405,45,91.15527909432028,70429.76744186047
405,50,76.4364677994139,78169.30232558139
405,55,64.6404419406005,85908.83720930232
405,60,55.052992020341826,93648.37209302325
405,65,46.96886617789294,101387.90697674418
405,70,40.22539555883361,109127.44186046511
405,75,34.54494565476147,116866.97674418605
405,80,29.7268848884756,124606.51162790698
406,5,809.1008564060666,8513.488372093023
406,10,488.1457318751269,16253.023255813954
406,15,341.20256740562826,23992.558139534885
406,20,256.22746518519585,31732.093023255813
406,25,202.12487340883297,39471.62790697675
406,30,161.01169033704915,47211.16279069767
406,35,131.32673583713017,54950.6976744186
406,40,108.82538972978436,62690.232558139534
406,45,90.72619344244552,70429.76744186047
406,50,75.72090605927062,78169.30232558139
406,55,63.54934638560294,85908.83720930232
406,60,53.756074260479835,93648.37209302325
406,65,45.81279010012114,101387.90697674418
406,70,39.349083054652176,109127.44186046511
406,75,33.86513550473079,116866.97674418605
406,80,29.19230497567448,124606.51162790698
407,5,804.2092067279651,8513.488372093023
407,10,488.36420515613787,16253.023255813954
407,15,342.5330355949055,23992.558139534885
407,20,252.67340574676734,31732.093023255813
407,25,198.30606904238783,39471.62790697675
407,30,158.60983739577594,47211.16279069767
407,35,129.30530963387656,54950.6976744186
407,40,106.61470669840124,62690.232558139534
407,45,88.5816950135602,70429.76744186047
407,50,74.04465194803083,78169.30232558139
407,55,62.4676663868962,85908.83720930232
407,60,52.988392444505536,93648.37209302325
407,65,45.18223690406598,101387.90697674418
407,70,38.53964146484762,109127.44186046511
407,75,33.047047501197326,116866.97674418605
407,80,28.304356298991465,124606.51162790698
408,5,806.5225088805108,8513.488372093023
408,10,481.2230456804918,16253.023255813954
408,15,334.6144036157081,23992.558139534885
408,20,249.56724994687025,31732.093023255813
408,25,195.55504586849327,39471.62790697675
408,30,156.59413822515384,47211.16279069767
408,35,127.39913295404271,54950.6976744186
408,40,105.14630159408073,62690.232558139534
408,45,87.45194691028401,70429.76744186047
408,50,73.34415904061107,78169.30232558139
408,55,61.87533952320153,85908.83720930232
408,60,52.332995077642224,93648.37209302325
408,65,44.3895210759451,101387.90697674418
408,70,37.82916720179709,109127.44186046511
408,75,32.32702157027887,116866.97674418605
408,80,27.681493256633093,124606.51162790698
409,5,811.1667046496377,8513.488372093023
409,10,482.37051074548594,16253.023255813954
409,15,340.1597497688487,23992.558139534885
409,20,257.440889653979,31732.093023255813
409,25,202.8102173919435,39471.62790697675
409,30,161.91926815254584,47211.16279069767
409,35,130.9385495131003,54950.6976744186
409,40,107.94481690763475,62690.232558139534
409,45,89.88354410684661,70429.76744186047
409,50,75.28048887270087,78169.30232558139
409,55,63.35320947438118,85908.83720930232
409,60,53.510707976868815,93648.37209302325
409,65,45.48529507658949,101387.90697674418
409,70,38.686309496110006,109127.44186046511
409,75,33.047966436727435,116866.97674418605
409,80,28.246960782489598,124606.51162790698
410,5,839.3074823768706,8513.488372093023
410,10,498.7022719743731,16253.023255813954
410,15,351.7165749039321,23992.558139534885
410,20,261.31450088920104,31732.093023255813
410,25,204.13836482218596,39471.62790697675
410,30,162.12071707858274,47211.16279069767
410,35,130.70485381076494,54950.6976744186
410,40,107.76095636104459,62690.232558139534
410,45,89.58793023854793,70429.76744186047
410,50,74.61560743016967,78169.30232558139
410,55,62.83724429399213,85908.83720930232
410,60,53.036956524283525,93648.37209302325
410,65,44.99659315787235,101387.90697674418
410,70,38.36633935718965,109127.44186046511
410,75,32.8325647564303,116866.97674418605
410,80,28.077462664479857,124606.51162790698
411,5,825.1971249876119,8513.488372093023
411,10,489.3525571281413,16253.023255813954
411,15,343.6618249799261,23992.558139534885
411,20,257.00479966871984,31732.093023255813
411,25,199.03521768079364,39471.62790697675
411,30,157.23732406596483,47211.16279069767
411,35,126.29410069387883,54950.6976744186
411,40,104.15329847656405,62690.232558139534
411,45,86.80778945213963,70429.76744186047
411,50,72.48974837099229,78169.30232558139
411,55,61.00480787584073,85908.83720930232
411,60,51.6441887272256,93648.37209302325
411,65,43.91321392170733,101387.90697674418
411,70,37.58853906536463,109127.44186046511
411,75,32.28299333567308,116866.97674418605
411,80,27.777094791947462,124606.51162790698
412,5,816.844214694749,8513.488372093023
412,10,491.9036680676053,16253.023255813954
412,15,341.90332990647056,23992.558139534885
412,20,257.6231950679573,31732.093023255813
412,25,199.69154729080566,39471.62790697675
412,30,157.3786786476801,47211.16279069767
412,35,126.90161452934018,54950.6976744186
412,40,104.59293468447768,62690.232558139534
412,45,87.0711315923454,70429.76744186047
412,50,72.76032082954572,78169.30232558139
412,55,61.414721524349844,85908.83720930232
412,60,52.36979812123961,93648.37209302325
412,65,44.678704881670555,101387.90697674418
412,70,38.14264926103393,109127.44186046511
412,75,32.672324828845724,116866.97674418605
412,80,28.060070008598533,124606.51162790698
413,5,838.7745445402267,8513.488372093023
413,10,507.50003783316765,16253.023255813954
413,15,353.1435811267825,23992.558139534885
413,20,268.4149007262565,31732.093023255813
413,25,208.5479361880651,39471.62790697675
413,30,165.10343659137988,47211.16279069767
413,35,133.824395394094,54950.6976744186
413,40,110.09480243989192,62690.232558139534
413,45,91.09574573143445,70429.76744186047
413,50,76.11359247553912,78169.30232558139
413,55,63.98818562306378,85908.83720930232
413,60,54.15841528157596,93648.37209302325
413,65,45.96701286631905,101387.90697674418
413,70,39.13956385547457,109127.44186046511
413,75,33.44268442493157,116866.97674418605
413,80,28.683047809971356,124606.51162790698
414,5,841.8187598532826,8513.488372093023
414,10,510.4770324449459,16253.023255813954
414,15,358.5272851135946,23992.558139534885
414,20,270.1568971559444,31732.093023255813
414,25,210.2167638513879,39471.62790697675
414,30,166.79185919647972,47211.16279069767
414,35,134.6249956923423,54950.6976744186
414,40,111.15296685446361,62690.232558139534
414,45,92.64932865612313,70429.76744186047
414,50,77.79809836696916,78169.30232558139
414,55,65.60895689258703,85908.83720930232
414,60,55.724947358288205,93648.37209302325
414,65,47.22444679475585,101387.90697674418
414,70,40.173190455139185,109127.44186046511
414,75,34.28475820327454,116866.97674418605
414,80,29.321931814405783,124606.51162790698
415,5,842.8707285363836,8513.488372093023
415,10,509.41637850219394,16253.023255813954
415,15,357.9151118699319,23992.558139534885
415,20,272.23468438670056,31732.093023255813
415,25,212.5185685362449,39471.62790697675
415,30,169.4238375622181,47211.16279069767
415,35,137.1770018327496,54950.6976744186
415,40,112.78916895893607,62690.232558139534
415,45,93.87213665486075,70429.76744186047
415,50,78.86749313327016,78169.30232558139
415,55,66.43262701635359,85908.83720930232
415,60,56.18731702286412,93648.37209302325
415,65,47.87049464098967,101387.90697674418
415,70,40.77840425771985,109127.44186046511
415,75,34.851403818194306,116866.97674418605
415,80,29.811093320367053,124606.51162790698
416,5,818.039129247553,8513.488372093023
416,10,488.9269307081286,16253.023255813954
416,15,344.1139011721322,23992.558139534885
416,20,257.76037821415053,31732.093023255813
416,25,199.68732809284256,39471.62790697675
416,30,158.59097611600285,47211.16279069767
416,35,129.16143735016257,54950.6976744186
416,40,106.52905630268401,62690.232558139534
416,45,88.64608894752669,70429.76744186047
416,50,74.28476130863251,78169.30232558139
416,55,62.69035486702681,85908.83720930232
416,60,52.887281380757294,93648.37209302325
416,65,44.83569320289224,101387.90697674418
416,70,38.18013582563292,109127.44186046511
416,75,32.634641922280004,116866.97674418605
416,80,27.98208206188884,124606.51162790698
417,5,817.9062923279167,8513.488372093023
417,10,491.21852075748814,16253.023255813954
417,15,342.4631557452036,23992.558139534885
417,20,256.5429086952581,31732.093023255813
417,25,200.9216583877584,39471.62790697675
417,30,160.49626445692067,47211.16279069767
417,35,132.00848911181748,54950.6976744186
417,40,109.80851876288445,62690.232558139534
417,45,91.2984739040459,70429.76744186047
417,50,76.3351086303157,78169.30232558139
417,55,64.35365710380685,85908.83720930232
417,60,54.42455394808397,93648.37209302325
417,65,46.26060946737004,101387.90697674418
417,70,39.59960966737118,109127.44186046511
417,75,33.88612064970024,116866.97674418605
417,80,28.94043771905579,124606.51162790698
418,5,811.5565207698285,8513.488372093023
418,10,485.9869282402736,16253.023255813954
418,15,337.9051631644531,23992.558139534885
418,20,250.3939829041553,31732.093023255813
418,25,196.82109385378186,39471.62790697675
418,30,157.15194425245008,47211.16279069767
418,35,128.1034564732635,54950.6976744186
418,40,106.19358425516226,62690.232558139534
418,45,88.61327466481237,70429.76744186047
418,50,74.32147786179547,78169.30232558139
418,55,62.937994860866056,85908.83720930232
418,60,53.47271369774459,93648.37209302325
418,65,45.772990991456076,101387.90697674418
418,70,39.22658084210471,109127.44186046511
418,75,33.61246983030207,116866.97674418605
418,80,28.716454012354145,124606.51162790698
419,5,808.6908523670968,8513.488372093023
419,10,475.714900826053,16253.023255813954
419,15,332.16604669498304,23992.558139534885
419,20,245.19935369879371,31732.093023255813
419,25,191.79380229635768,39471.62790697675
419,30,153.48542838231478,47211.16279069767
419,35,124.76720605138644,54950.6976744186
419,40,103.49712082623795,62690.232558139534
419,45,86.8041097472609,70429.76744186047
419,50,73.02422557416614,78169.30232558139
419,55,61.69703640307005,85908.83720930232
419,60,52.483405787959406,93648.37209302325
419,65,44.69538984240318,101387.90697674418
419,70,38.12267878170415,109127.44186046511
419,75,32.68321377414555,116866.97674418605
419,80,28.068460636515066,124606.51162790698
420,5,818.1078383340538,8513.488372093023
420,10,477.5224914417067,16253.023255813954
420,15,335.29945144966837,23992.558139534885
420,20,251.13144483622202,31732.093023255813
420,25,196.49481201971076,39471.62790697675
420,30,156.91493223337864,47211.16279069767
420,35,127.73051248107122,54950.6976744186
420,40,105.85381868827167,62690.232558139534
420,45,88.17771083884847,70429.76744186047
420,50,73.73545730175194,78169.30232558139
420,55,62.06569676504489,85908.83720930232
420,60,52.524780711225965,93648.37209302325
420,65,44.616833372396584,101387.90697674418
420,70,38.104191682675584,109127.44186046511
420,75,32.529963054979135,116866.97674418605
420,80,27.811435358581097,124606.51162790698
421,5,847.2099654790611,8513.488372093023
421,10,495.38586050718396,16253.023255813954
421,15,348.1814390442296,23992.558139534885
421,20,261.80714128279135,31732.093023255813
421,25,205.16811872620394,39471.62790697675
421,30,162.37930026181232,47211.16279069767
421,35,130.996130004584,54950.6976744186
421,40,108.45684545201233,62690.232558139534
421,45,90.59388355636706,70429.76744186047
421,50,76.23765061803964,78169.30232558139
421,55,64.45894113479102,85908.83720930232
421,60,54.728480702951124,93648.37209302325
421,65,46.7560610995179,101387.90697674418
421,70,40.02038236875683,109127.44186046511
421,75,34.30632481486363,116866.97674418605
421,80,29.509134178850537,124606.51162790698
422,5,849.5983806141287,8513.488372093023
422,10,493.91453879743597,16253.023255813954
422,15,343.33510918677496,23992.558139534885
422,20,260.43167894232107,31732.093023255813
422,25,205.23339261716924,39471.62790697675
422,30,163.4481053726607,47211.16279069767
422,35,132.47271639704158,54950.6976744186
422,40,109.68452875921395,62690.232558139534
422,45,91.52347216996912,70429.76744186047
422,50,76.54950984226426,78169.30232558139
422,55,64.46732964780963,85908.83720930232
422,60,54.416301478908494,93648.37209302325
422,65,46.33322451619266,101387.90697674418
422,70,39.38803065076264,109127.44186046511
422,75,33.679278927912435,116866.97674418605
422,80,28.831542768716602,124606.51162790698
423,5,853.6915976618477,8513.488372093023
423,10,490.8105424508238,16253.023255813954
423,15,339.1301887038035,23992.558139534885
423,20,258.2904856900666,31732.093023255813
423,25,204.52715603939197,39471.62790697675
423,30,164.34440256169685,47211.16279069767
423,35,132.90273928218426,54950.6976744186
423,40,108.62229289418757,62690.232558139534
423,45,90.52390235741504,70429.76744186047
423,50,76.03134613688474,78169.30232558139
423,55,63.96957546335219,85908.83720930232
423,60,54.00084003033298,93648.37209302325
423,65,45.90123444256002,101387.90697674418
423,70,39.2019171123187,109127.44186046511
423,75,33.50478985870793,116866.97674418605
423,80,28.725050101457175,124606.51162790698
424,5,847.6378319647092,8513.488372093023
424,10,488.942294880659,16253.023255813954
424,15,339.0019589618492,23992.558139534885
424,20,257.82835803665955,31732.093023255813
424,25,203.06190289075758,39471.62790697675
424,30,163.09204193985377,47211.16279069767
424,35,132.91263549124233,54950.6976744186
424,40,109.23257859420377,62690.232558139534
424,45,90.82361529542922,70429.76744186047
424,50,76.21107100369305,78169.30232558139
424,55,64.22389347589727,85908.83720930232
424,60,54.40333696514778,93648.37209302325
424,65,46.24039743744687,101387.90697674418
424,70,39.4808348290394,109127.44186046511
424,75,33.765502686215214,116866.97674418605
424,80,28.936469397312568,124606.51162790698
425,5,844.9315552050207,8513.488372093023
425,10,492.6220935774064,16253.023255813954
425,15,342.665633216083,23992.558139534885
425,20,259.42445992563256,31732.093023255813
425,25,203.0972771887354,39471.62790697675
425,30,163.08791300122292,47211.16279069767
425,35,132.97922123770198,54950.6976744186
425,40,109.27753392238823,62690.232558139534
425,45,90.69676042998934,70429.76744186047
425,50,75.96148134203513,78169.30232558139
425,55,64.22332443792637,85908.83720930232
425,60,54.584931658148264,93648.37209302325
425,65,46.524140919146,101387.90697674418
425,70,39.7922008444882,109127.44186046511
425,75,34.07959239485556,116866.97674418605
425,80,29.22203225281747,124606.51162790698
426,5,822.7055310844282,8513.488372093023
426,10,481.826406043391,16253.023255813954
426,15,337.2056710401253,23992.558139534885
426,20,254.7021911355001,31732.093023255813
426,25,199.31495355237846,39471.62790697675
426,30,160.15076674483254,47211.16279069767
426,35,130.28702302396846,54950.6976744186
426,40,107.1011601617469,62690.232558139534
426,45,88.91079954688709,70429.76744186047
426,50,73.91261502377633,78169.30232558139
426,55,62.34267880088714,85908.83720930232
426,60,52.90314034562888,93648.37209302325
426,65,45.07974372323961,101387.90697674418
426,70,38.59838296993754,109127.44186046511
426,75,33.03407386614885,116866.97674418605
426,80,28.334095791600294,124606.51162790698
427,5,826.0856867437001,8513.488372093023
427,10,476.33369816868594,16253.023255813954
427,15,331.6924543410999,23992.558139534885
427,20,253.24110049842153,31732.093023255813
427,25,200.12834376829238,39471.62790697675
427,30,160.75927278615768,47211.16279069767
427,35,130.1641141778627,54950.6976744186
427,40,107.02352435142113,62690.232558139534
427,45,89.13279836629567,70429.76744186047
427,50,75.0572487662593,78169.30232558139
427,55,63.37569763880972,85908.83720930232
427,60,54.01662347325438,93648.37209302325
427,65,46.122198393466384,101387.90697674418
427,70,39.47872585491572,109127.44186046511
427,75,33.878033852361945,116866.97674418605
427,80,29.122897702175948,124606.51162790698
428,5,827.0055935753868,8513.488372093023
428,10,479.67785162666297,16253.023255813954
428,15,337.1713413823062,23992.558139534885
428,20,258.4419950612942,31732.093023255813
428,25,202.07951089041114,39471.62790697675
428,30,161.45558689817335,47211.16279069767
428,35,131.78412199161215,54950.6976744186
428,40,109.34306572551877,62690.232558139534
428,45,91.45353236688568,70429.76744186047
428,50,76.8418508645606,78169.30232558139
428,55,64.94199811444264,85908.83720930232
428,60,55.11867082325283,93648.37209302325
428,65,46.99043800057168,101387.90697674418
428,70,40.148781106656415,109127.44186046511
428,75,34.522375406274755,116866.97674418605
428,80,29.735696474958683,124606.51162790698
429,5,858.4152660678087,8513.488372093023
429,10,512.2351204021666,16253.023255813954
429,15,360.36471882953276,23992.558139534885
429,20,274.26062603041674,31732.093023255813
429,25,215.6972447246846,39471.62790697675
429,30,172.66537105100144,47211.16279069767
429,35,140.69910297440188,54950.6976744186
429,40,116.30231889311973,62690.232558139534
429,45,97.16426918047618,70429.76744186047
429,50,81.15087731157598,78169.30232558139
429,55,68.54425130090763,85908.83720930232
429,60,58.23538560030817,93648.37209302325
429,65,49.71056494448307,101387.90697674418
429,70,42.64494171139158,109127.44186046511
429,75,36.68758973128631,116866.97674418605
429,80,31.57059909338613,124606.51162790698
430,5,866.6133131462044,8513.488372093023
430,10,530.8543326126221,16253.023255813954
430,15,366.2741600554805,23992.558139534885
430,20,268.2739032480963,31732.093023255813
430,25,210.19239024849793,39471.62790697675
430,30,169.07062778124785,47211.16279069767
430,35,138.03109496017814,54950.6976744186
430,40,114.15400146684686,62690.232558139534
430,45,95.26074891294745,70429.76744186047
430,50,80.02131515961447,78169.30232558139
430,55,67.46826711673589,85908.83720930232
430,60,57.23089871724008,93648.37209302325
430,65,48.86179288726475,101387.90697674418
430,70,41.93614586487074,109127.44186046511
430,75,35.987904413608305,116866.97674418605
430,80,30.86317534419688,124606.51162790698
431,5,853.6916180636481,8513.488372093023
431,10,521.4730590084858,16253.023255813954
431,15,358.773104991327,23992.558139534885
431,20,265.8589819901802,31732.093023255813
431,25,208.18968086483943,39471.62790697675
431,30,167.08311173512078,47211.16279069767
431,35,136.8724184908566,54950.6976744186
431,40,113.44450850487958,62690.232558139534
431,45,94.65941109698433,70429.76744186047
431,50,79.61201699387799,78169.30232558139
431,55,67.12007155675354,85908.83720930232
431,60,56.707264066890204,93648.37209302325
431,65,48.33335535452955,101387.90697674418
431,70,41.42165535669452,109127.44186046511
431,75,35.56532158209949,116866.97674418605
431,80,30.58378946397384,124606.51162790698
432,5,880.690826471365,8513.488372093023
432,10,524.712811330653,16253.023255813954
432,15,358.4683065137656,23992.558139534885
432,20,269.28247086459106,31732.093023255813
432,25,212.9000677292038,39471.62790697675
432,30,171.6770364096309,47211.16279069767
432,35,140.45104235049345,54950.6976744186
432,40,116.36082730575646,62690.232558139534
432,45,97.28181689916893,70429.76744186047
432,50,81.59565939129892,78169.30232558139
432,55,68.46264592935476,85908.83720930232
432,60,57.99235215828324,93648.37209302325
432,65,49.35497836405595,101387.90697674418
432,70,42.2382121702787,109127.44186046511
432,75,36.2469595220797,116866.97674418605
432,80,31.04180464553788,124606.51162790698
433,5,896.3584400262508,8513.488372093023
433,10,533.3402973162325,16253.023255813954
433,15,363.68252895609766,23992.558139534885
433,20,273.8603012241211,31732.093023255813
433,25,215.22971684868133,39471.62790697675
433,30,171.26193373417337,47211.16279069767
433,35,140.03097551749795,54950.6976744186
433,40,116.16491291791925,62690.232558139534
433,45,97.48309600488123,70429.76744186047
433,50,81.6329780822816,78169.30232558139
433,55,68.31188964656465,85908.83720930232
433,60,57.61390514441088,93648.37209302325
433,65,49.01876268969386,101387.90697674418
433,70,41.910641807258365,109127.44186046511
433,75,35.84779224014022,116866.97674418605
433,80,30.653674455970368,124606.51162790698
434,5,857.8705827551714,8513.488372093023
434,10,504.4861639652725,16253.023255813954
434,15,349.60506592644685,23992.558139534885
434,20,264.0481879316973,31732.093023255813
434,25,207.99485468245214,39471.62790697675
434,30,166.484694137103,47211.16279069767
434,35,135.45981556807214,54950.6976744186
434,40,111.63882116559174,62690.232558139534
434,45,93.05567362423895,70429.76744186047
434,50,77.92144752835108,78169.30232558139
434,55,65.5725772880041,85908.83720930232
434,60,55.43871015842349,93648.37209302325
434,65,47.16207393653358,101387.90697674418
434,70,40.327526425950346,109127.44186046511
434,75,34.46315610226572,116866.97674418605
434,80,29.52637565551016,124606.51162790698
435,5,848.3482206873622,8513.488372093023
435,10,502.9183818228729,16253.023255813954
435,15,351.7570915697578,23992.558139534885
435,20,266.48197568958045,31732.093023255813
435,25,209.34700494742287,39471.62790697675
435,30,167.97081700318827,47211.16279069767
435,35,137.55843596249755,54950.6976744186
435,40,114.17899197520939,62690.232558139534
435,45,95.33914477946962,70429.76744186047
435,50,79.62462325440526,78169.30232558139
435,55,67.10686831777457,85908.83720930232
435,60,56.8195024949838,93648.37209302325
435,65,48.21337131923539,101387.90697674418
435,70,40.960881036919616,109127.44186046511
435,75,34.86874040652828,116866.97674418605
435,80,29.799345698145057,124606.51162790698
436,5,831.965648443319,8513.488372093023
436,10,501.7174437954568,16253.023255813954
436,15,346.98537306159335,23992.558139534885
436,20,262.15694081074133,31732.093023255813
436,25,206.2340296347938,39471.62790697675
436,30,165.05080194093392,47211.16279069767
436,35,134.1637346958043,54950.6976744186
436,40,110.64074563055385,62690.232558139534
436,45,92.37772162209575,70429.76744186047
436,50,77.35389300029007,78169.30232558139
436,55,65.06644528754464,85908.83720930232
436,60,55.19576964355033,93648.37209302325
436,65,46.9695326127763,101387.90697674418
436,70,40.12776231853772,109127.44186046511
436,75,34.31074208770141,116866.97674418605
436,80,29.352977329541503,124606.51162790698
437,5,844.2520243847597,8513.488372093023
437,10,502.6878870678983,16253.023255813954
437,15,347.84947108727783,23992.558139534885
437,20,262.5854892095246,31732.093023255813
437,25,204.48527582540353,39471.62790697675
437,30,164.12793931995458,47211.16279069767
437,35,134.22268262264478,54950.6976744186
437,40,110.91923694614759,62690.232558139534
437,45,92.1992409444369,70429.76744186047
437,50,76.88446322784932,78169.30232558139
437,55,65.08666666294249,85908.83720930232
437,60,55.31079089070188,93648.37209302325
437,65,47.10895875948325,101387.90697674418
437,70,40.121022260077,109127.44186046511
437,75,34.35887854227525,116866.97674418605
437,80,29.45968802111151,124606.51162790698
438,5,839.8659363109173,8513.488372093023
438,10,507.35514885216134,16253.023255813954
438,15,353.9616972122576,23992.558139534885
438,20,267.3100412355029,31732.093023255813
438,25,207.4586310473311,39471.62790697675
438,30,166.15361150808494,47211.16279069767
438,35,135.08889402618357,54950.6976744186
438,40,111.30634373572755,62690.232558139534
438,45,92.55219323691975,70429.76744186047
438,50,77.15275902826104,78169.30232558139
438,55,64.90843266093688,85908.83720930232
438,60,54.82511403059363,93648.37209302325
438,65,46.63956340934776,101387.90697674418
438,70,39.911748533421814,109127.44186046511
438,75,34.282049433663964,116866.97674418605
438,80,29.545385567963283,124606.51162790698
439,5,846.940904105169,8513.488372093023
439,10,514.9686646305154,16253.023255813954
439,15,357.56305161659276,23992.558139534885
439,20,270.8357274604537,31732.093023255813
439,25,211.07779805903283,39471.62790697675
439,30,169.52618656501136,47211.16279069767
439,35,138.44010504274883,54950.6976744186
439,40,114.74385512285947,62690.232558139534
439,45,95.51188336235451,70429.76744186047
439,50,79.82879568541833,78169.30232558139
439,55,67.13288352627927,85908.83720930232
439,60,56.76463877600845,93648.37209302325
439,65,48.17449179948645,101387.90697674418
439,70,41.15447615221522,109127.44186046511
439,75,35.2332064128559,116866.97674418605
439,80,30.23991442720812,124606.51162790698
440,5,846.5591602297461,8513.488372093023
440,10,519.745238217799,16253.023255813954
440,15,360.8297532747613,23992.558139534885
440,20,271.45431562785217,31732.093023255813
440,25,213.12638790040015,39471.62790697675
440,30,171.08773841472217,47211.16279069767
440,35,140.20454544694715,54950.6976744186
440,40,115.9397857440024,62690.232558139534
440,45,96.16650998158151,70429.76744186047
440,50,80.64929092390273,78169.30232558139
440,55,67.92366813967578,85908.83720930232
440,60,57.56615334377991,93648.37209302325
440,65,49.02946190890726,101387.90697674418
440,70,41.83610250277766,109127.44186046511
440,75,35.792164950381924,116866.97674418605
440,80,30.698593905274457,124606.51162790698
441,5,865.980923522896,8513.488372093023
441,10,535.1989807303876,16253.023255813954
441,15,379.65015958280605,23992.558139534885
441,20,288.85914404749605,31732.093023255813
441,25,225.72306653482957,39471.62790697675
441,30,180.53446900958664,47211.16279069767
441,35,147.21736372701648,54950.6976744186
441,40,120.96489815009502,62690.232558139534
441,45,99.86366869925341,70429.76744186047
441,50,83.372502765788,78169.30232558139
441,55,70.18511024142404,85908.83720930232
441,60,59.291457440152925,93648.37209302325
441,65,50.47757526897391,101387.90697674418
441,70,43.18159773993328,109127.44186046511
441,75,36.88819558877719,116866.97674418605
441,80,31.592199083605447,124606.51162790698
442,5,889.6159405246741,8513.488372093023
442,10,542.8417158051719,16253.023255813954
442,15,383.6875344006869,23992.558139534885
442,20,288.3407580574563,31732.093023255813
442,25,226.11214250038634,39471.62790697675
442,30,181.25780696067585,47211.16279069767
442,35,147.76873495308953,54950.6976744186
442,40,121.59399567432146,62690.232558139534
442,45,100.9542295085861,70429.76744186047
442,50,84.53560048302033,78169.30232558139
442,55,71.2760021697714,85908.83720930232
442,60,60.3410082789521,93648.37209302325
442,65,51.387475473347706,101387.90697674418
442,70,43.798091181268305,109127.44186046511
442,75,37.46076325578251,116866.97674418605
442,80,32.24308214371465,124606.51162790698
443,5,912.8175570523067,8513.488372093023
443,10,542.2706352505503,16253.023255813954
443,15,388.6325179985011,23992.558139534885
443,20,291.5936471479899,31732.093023255813
443,25,227.8519064188417,39471.62790697675
443,30,182.05573697470027,47211.16279069767
443,35,147.4395670543289,54950.6976744186
443,40,121.5157356631718,62690.232558139534
443,45,101.06309687287141,70429.76744186047
443,50,84.76954392169944,78169.30232558139
443,55,71.63826829080266,85908.83720930232
443,60,60.948633856833496,93648.37209302325
443,65,52.119736885063105,101387.90697674418
443,70,44.59704823017777,109127.44186046511
443,75,38.30373088112684,116866.97674418605
443,80,32.90921882250917,124606.51162790698
444,5,903.3274448213527,8513.488372093023
444,10,540.7077904734207,16253.023255813954
444,15,385.0854143004505,23992.558139534885
444,20,292.1157435257203,31732.093023255813
444,25,228.66191694394675,39471.62790697675
444,30,181.506567940901,47211.16279069767
444,35,147.65692099920733,54950.6976744186
444,40,121.54926438031272,62690.232558139534
444,45,100.63916210330426,70429.76744186047
444,50,84.17573831224608,78169.30232558139
444,55,70.46033901824256,85908.83720930232
444,60,59.3629403367069,93648.37209302325
444,65,50.545832050936845,101387.90697674418
444,70,43.16765760460635,109127.44186046511
444,75,36.99701877374588,116866.97674418605
444,80,31.694837473132512,124606.51162790698
445,5,893.9872964695714,8513.488372093023
445,10,541.533074334234,16253.023255813954
445,15,381.788845807821,23992.558139534885
445,20,289.2039908597981,31732.093023255813
445,25,226.51991335766166,39471.62790697675
445,30,181.95432562252685,47211.16279069767
445,35,148.08526334797716,54950.6976744186
445,40,122.5158381251668,62690.232558139534
445,45,102.00058206669682,70429.76744186047
445,50,85.21381573628074,78169.30232558139
445,55,71.54213962985129,85908.83720930232
445,60,60.63655249678966,93648.37209302325
445,65,51.57133746122531,101387.90697674418
445,70,43.92564658333052,109127.44186046511
445,75,37.579299477134455,116866.97674418605
445,80,32.150341036483965,124606.51162790698
446,5,902.5192044850912,8513.488372093023
446,10,540.295119951569,16253.023255813954
446,15,380.2146445553762,23992.558139534885
446,20,289.0389254935946,31732.093023255813
446,25,227.32702824298562,39471.62790697675
446,30,181.58796361928304,47211.16279069767
446,35,148.1185864285497,54950.6976744186
446,40,122.33558269263435,62690.232558139534
446,45,101.37477302261186,70429.76744186047
446,50,84.52751193387822,78169.30232558139
446,55,70.96297892617821,85908.83720930232
446,60,59.821804085450204,93648.37209302325
446,65,51.056802429768396,101387.90697674418
446,70,43.62161039483169,109127.44186046511
446,75,37.2917683888518,116866.97674418605
446,80,31.959031131316397,124606.51162790698
447,5,927.7275328592594,8513.488372093023
447,10,540.7799503194516,16253.023255813954
447,15,383.19854090122504,23992.558139534885
447,20,292.50241361586427,31732.093023255813
447,25,230.28815089368874,39471.62790697675
447,30,185.51078670870027,47211.16279069767
447,35,151.0652177628128,54950.6976744186
447,40,123.77986312354649,62690.232558139534
447,45,102.91512968481975,70429.76744186047
447,50,86.30023161634095,78169.30232558139
447,55,72.802852004926,85908.83720930232
447,60,61.834582192543266,93648.37209302325
447,65,52.767308923014845,101387.90697674418
447,70,45.039874017203395,109127.44186046511
447,75,38.67007109144012,116866.97674418605
447,80,33.39090393665753,124606.51162790698
448,5,919.1894739972506,8513.488372093023
448,10,536.6211317530322,16253.023255813954
448,15,384.17200032660594,23992.558139534885
448,20,285.61564252958385,31732.093023255813
448,25,223.18556719118087,39471.62790697675
448,30,179.66311593236657,47211.16279069767
448,35,146.55681816939762,54950.6976744186
448,40,121.05437607766162,62690.232558139534
448,45,100.8999101713682,70429.76744186047
448,50,84.82769553429247,78169.30232558139
448,55,71.89616363597162,85908.83720930232
448,60,61.40330379324778,93648.37209302325
448,65,52.705757695574086,101387.90697674418
448,70,45.204924463222625,109127.44186046511
448,75,38.80141128749216,116866.97674418605
448,80,33.45362097480476,124606.51162790698
449,5,908.092635329576,8513.488372093023
449,10,549.2468437546478,16253.023255813954
449,15,395.42642142472516,23992.558139534885
449,20,296.19391734166567,31732.093023255813
449,25,229.71179726489265,39471.62790697675
449,30,183.10486903745434,47211.16279069767
449,35,149.5799545008747,54950.6976744186
449,40,124.0380641890762,62690.232558139534
449,45,103.47880972731201,70429.76744186047
449,50,87.15149848931118,78169.30232558139
449,55,73.94483805659154,85908.83720930232
449,60,62.98386550973065,93648.37209302325
449,65,53.79982302094083,101387.90697674418
449,70,46.08006961568047,109127.44186046511
449,75,39.528030930415795,116866.97674418605
449,80,34.00721160867272,124606.51162790698
450,5,901.0479047283228,8513.488372093023
450,10,558.7270524262692,16253.023255813954
450,15,397.2596221820801,23992.558139534885
450,20,297.9642674456351,31732.093023255813
450,25,232.69502284942598,39471.62790697675
450,30,185.35591897423097,47211.16279069767
450,35,150.91538539741404,54950.6976744186
450,40,124.90438644682476,62690.232558139534
450,45,104.49362898505835,70429.76744186047
450,50,88.04648341439058,78169.30232558139
450,55,74.71178505736899,85908.83720930232
450,60,63.81712047023679,93648.37209302325
450,65,54.69126341115638,101387.90697674418
450,70,46.86807719864347,109127.44186046511
450,75,40.300671072887575,116866.97674418605
450,80,34.71665065375837,124606.51162790698
451,5,896.9383412935878,8513.488372093023
451,10,544.947047390978,16253.023255813954
451,15,387.9065287869985,23992.558139534885
451,20,294.21951421533714,31732.093023255813
451,25,232.25388272069404,39471.62790697675
451,30,188.58230437491414,47211.16279069767
451,35,154.39424828917473,54950.6976744186
451,40,128.262888793399,62690.232558139534
451,45,107.19834256361808,70429.76744186047
451,50,90.40921370783242,78169.30232558139
451,55,76.8254160129327,85908.83720930232
451,60,65.62186459277244,93648.37209302325
451,65,56.28997086054566,101387.90697674418
451,70,48.492405841330566,109127.44186046511
451,75,41.91476456576287,116866.97674418605
451,80,36.239292760934,124606.51162790698
452,5,907.3806746439919,8513.488372093023
452,10,548.9854108959676,16253.023255813954
452,15,386.4651245880605,23992.558139534885
452,20,293.2048017018798,31732.093023255813
452,25,230.37420734149765,39471.62790697675
452,30,185.62551545280445,47211.16279069767
452,35,152.48092154719183,54950.6976744186
452,40,127.19929356511693,62690.232558139534
452,45,106.64594890527495,70429.76744186047
452,50,89.71042991489892,78169.30232558139
452,55,76.1424224009939,85908.83720930232
452,60,65.041113240643,93648.37209302325
452,65,55.75513303861531,101387.90697674418
452,70,48.028971791976964,109127.44186046511
452,75,41.380915705888754,116866.97674418605
452,80,35.76153864096914,124606.51162790698
453,5,928.9424322834672,8513.488372093023
453,10,571.5802835827656,16253.023255813954
453,15,399.1560578991383,23992.558139534885
453,20,297.68282504102166,31732.093023255813
453,25,233.4454227775846,39471.62790697675
453,30,188.80111184900144,47211.16279069767
453,35,155.36794344501516,54950.6976744186
453,40,129.01816811445153,62690.232558139534
453,45,107.58529299166794,70429.76744186047
453,50,90.64405840557637,78169.30232558139
453,55,77.02677836575404,85908.83720930232
453,60,65.86196424792742,93648.37209302325
453,65,56.49819807352319,101387.90697674418
453,70,48.60446885199462,109127.44186046511
453,75,41.87528572510514,116866.97674418605
453,80,36.18982819080888,124606.51162790698
454,5,954.8427859637404,8513.488372093023
454,10,578.3054155113877,16253.023255813954
454,15,399.5765045961901,23992.558139534885
454,20,296.2139730772107,31732.093023255813
454,25,232.89967113281259,39471.62790697675
454,30,188.36790848934854,47211.16279069767
454,35,154.8802711808994,54950.6976744186
454,40,128.34829912931033,62690.232558139534
454,45,106.79983815951724,70429.76744186047
454,50,89.58366558983595,78169.30232558139
454,55,76.0216651323086,85908.83720930232
454,60,64.9726518565595,93648.37209302325
454,65,55.50089820639772,101387.90697674418
454,70,47.675863696556995,109127.44186046511
454,75,41.065953611078626,116866.97674418605
454,80,35.43858718330372,124606.51162790698
455,5,949.2878751312857,8513.488372093023
455,10,573.6961147895902,16253.023255813954
455,15,395.79692464619643,23992.558139534885
455,20,296.3421213611435,31732.093023255813
455,25,234.2415391098295,39471.62790697675
455,30,190.4998028265498,47211.16279069767
455,35,156.47609879738312,54950.6976744186
455,40,129.8132372531908,62690.232558139534
455,45,108.28116863927153,70429.76744186047
455,50,91.33807386622742,78169.30232558139
455,55,77.60453735338422,85908.83720930232
455,60,66.0788468433031,93648.37209302325
455,65,56.42323268176855,101387.90697674418
455,70,48.296124482937486,109127.44186046511
455,75,41.53642544949703,116866.97674418605
455,80,35.78289766063733,124606.51162790698
456,5,932.6910962129043,8513.488372093023
456,10,554.594797812033,16253.023255813954
456,15,389.50131177220857,23992.558139534885
456,20,291.29012472881084,31732.093023255813
456,25,230.75366444051784,39471.62790697675
456,30,186.83381449052945,47211.16279069767
456,35,153.05509173089683,54950.6976744186
456,40,127.09224784353471,62690.232558139534
456,45,105.76991598022863,70429.76744186047
456,50,88.55221591272921,78169.30232558139
456,55,74.85589874997355,85908.83720930232
456,60,63.75270588104083,93648.37209302325
456,65,54.47150252973559,101387.90697674418
456,70,46.66729345139367,109127.44186046511
456,75,40.14299187831642,116866.97674418605
456,80,34.5905754546488,124606.51162790698
457,5,916.6564831698818,8513.488372093023
457,10,545.7150511417364,16253.023255813954
457,15,381.06213593968084,23992.558139534885
457,20,287.26191229933954,31732.093023255813
457,25,228.4572984177221,39471.62790697675
457,30,185.11270876040956,47211.16279069767
457,35,151.61375965057135,54950.6976744186
457,40,125.30582681498002,62690.232558139534
457,45,104.46256007780514,70429.76744186047
457,50,87.71206037159098,78169.30232558139
457,55,74.07629656010039,85908.83720930232
457,60,63.041348371546796,93648.37209302325
457,65,53.85317775179842,101387.90697674418
457,70,46.170457312572786,109127.44186046511
457,75,39.84024789565256,116866.97674418605
457,80,34.42426464592085,124606.51162790698
458,5,902.5028990448706,8513.488372093023
458,10,535.9774149776334,16253.023255813954
458,15,378.0852977116716,23992.558139534885
458,20,288.37920265210516,31732.093023255813
458,25,229.343626401125,39471.62790697675
458,30,185.98427106543335,47211.16279069767
458,35,151.8521010304037,54950.6976744186
458,40,124.79623023970014,62690.232558139534
458,45,103.69335794286725,70429.76744186047
458,50,86.6467924968133,78169.30232558139
458,55,73.06552313597072,85908.83720930232
458,60,62.086328869580626,93648.37209302325
458,65,53.02565956129838,101387.90697674418
458,70,45.46428709373655,109127.44186046511
458,75,39.04462853255168,116866.97674418605
458,80,33.76607315484385,124606.51162790698
459,5,893.8695930112357,8513.488372093023
459,10,524.4610818200297,16253.023255813954
459,15,369.4633147992463,23992.558139534885
459,20,282.7812930241987,31732.093023255813
459,25,225.37225358441094,39471.62790697675
459,30,183.683334163685,47211.16279069767
459,35,150.14234586656534,54950.6976744186
459,40,123.93546492692914,62690.232558139534
459,45,103.27861658992876,70429.76744186047
459,50,86.71496251879731,78169.30232558139
459,55,73.08101216707189,85908.83720930232
459,60,62.190356725044204,93648.37209302325
459,65,53.28633642357205,101387.90697674418
459,70,45.67449195739379,109127.44186046511
459,75,39.311113572435886,116866.97674418605
459,80,33.87703033642767,124606.51162790698
460,5,885.4424578272707,8513.488372093023
460,10,502.26054525624113,16253.023255813954
460,15,354.1035815343551,23992.558139534885
460,20,271.7300753168386,31732.093023255813
460,25,217.20640635864294,39471.62790697675
460,30,175.72514959878083,47211.16279069767
460,35,143.57407680767437,54950.6976744186
460,40,118.42040192954012,62690.232558139534
460,45,98.36419296217706,70429.76744186047
460,50,82.54932444489155,78169.30232558139
460,55,69.88576967904292,85908.83720930232
460,60,59.45266975714284,93648.37209302325
460,65,50.75770048658406,101387.90697674418
460,70,43.65261529902305,109127.44186046511
460,75,37.65594711658569,116866.97674418605
460,80,32.59188833861948,124606.51162790698
461,5,893.0720481352417,8513.488372093023
461,10,495.06737746082297,16253.023255813954
461,15,349.42246852747576,23992.558139534885
461,20,267.64948421499537,31732.093023255813
461,25,215.52612412708945,39471.62790697675
461,30,175.1578981953238,47211.16279069767
461,35,143.5606558294459,54950.6976744186
461,40,118.42576030244479,62690.232558139534
461,45,98.86187243266077,70429.76744186047
461,50,83.34054110548651,78169.30232558139
461,55,70.41875377115781,85908.83720930232
461,60,59.56661722624847,93648.37209302325
461,65,50.79545757599407,101387.90697674418
461,70,43.70759264446396,109127.44186046511
461,75,37.56057441400313,116866.97674418605
461,80,32.398887960134665,124606.51162790698
462,5,879.727670214621,8513.488372093023
462,10,498.3164264194669,16253.023255813954
462,15,351.44148350924263,23992.558139534885
462,20,270.2105815514882,31732.093023255813
462,25,216.67657608084332,39471.62790697675
462,30,177.1682175064659,47211.16279069767
462,35,145.69755273367932,54950.6976744186
462,40,120.81411247964802,62690.232558139534
462,45,101.13116927974202,70429.76744186047
462,50,85.3665264037187,78169.30232558139
462,55,72.28858008001575,85908.83720930232
462,60,61.50826868128671,93648.37209302325
462,65,52.527942737094115,101387.90697674418
462,70,45.081144712159684,109127.44186046511
462,75,38.836599983299166,116866.97674418605
462,80,33.433574246347966,124606.51162790698
463,5,880.9610311685751,8513.488372093023
463,10,511.0267266421439,16253.023255813954
463,15,357.29876886492207,23992.558139534885
463,20,273.28415999439596,31732.093023255813
463,25,218.18216380501875,39471.62790697675
463,30,177.03819626983028,47211.16279069767
463,35,145.4813944414516,54950.6976744186
463,40,120.38687020239243,62690.232558139534
463,45,100.50242867449604,70429.76744186047
463,50,84.65470799968374,78169.30232558139
463,55,71.99111191709439,85908.83720930232
463,60,61.53494616139886,93648.37209302325
463,65,52.70463187560938,101387.90697674418
463,70,45.25371646663157,109127.44186046511
463,75,39.103243192650254,116866.97674418605
463,80,33.74732325180062,124606.51162790698
464,5,895.2910261987302,8513.488372093023
464,10,520.3787012727331,16253.023255813954
464,15,365.84266265396997,23992.558139534885
464,20,279.1055487952661,31732.093023255813
464,25,222.27091968214677,39471.62790697675
464,30,180.41848016205677,47211.16279069767
464,35,148.33197413803296,54950.6976744186
464,40,123.17119021568801,62690.232558139534
464,45,102.68272387721684,70429.76744186047
464,50,86.43696628856644,78169.30232558139
464,55,73.21609741052237,85908.83720930232
464,60,62.179723357252115,93648.37209302325
464,65,52.99732161509067,101387.90697674418
464,70,45.402252596540684,109127.44186046511
464,75,39.0422173584379,116866.97674418605
464,80,33.54365152026525,124606.51162790698
465,5,887.8709409936406,8513.488372093023
465,10,523.9546913475208,16253.023255813954
465,15,375.17981220526093,23992.558139534885
465,20,283.55206809885277,31732.093023255813
465,25,226.22088806191866,39471.62790697675
465,30,184.2394290035843,47211.16279069767
465,35,151.42053436149163,54950.6976744186
465,40,125.39058712709577,62690.232558139534
465,45,104.38534983957247,70429.76744186047
465,50,87.64831462012731,78169.30232558139
465,55,74.20482180963373,85908.83720930232
465,60,62.99038136565372,93648.37209302325
465,65,53.805576566928636,101387.90697674418
465,70,46.098288610066085,109127.44186046511
465,75,39.66983989162314,116866.97674418605
465,80,34.126924875360295,124606.51162790698
466,5,854.7753725465687,8513.488372093023
466,10,522.6380661276735,16253.023255813954
466,15,377.6887459248834,23992.558139534885
466,20,285.72399890245674,31732.093023255813
466,25,228.31383413909253,39471.62790697675
466,30,185.25924562079535,47211.16279069767
466,35,151.40754935061227,54950.6976744186
466,40,125.13106370847261,62690.232558139534
466,45,104.11073580510065,70429.76744186047
466,50,87.58090081078275,78169.30232558139
466,55,74.41163900994586,85908.83720930232
466,60,63.551319061034924,93648.37209302325
466,65,54.338762245550264,101387.90697674418
466,70,46.59294077037155,109127.44186046511
466,75,40.03363308097029,116866.97674418605
466,80,34.4799919440882,124606.51162790698
467,5,839.7124139719612,8513.488372093023
467,10,530.0301223398709,16253.023255813954
467,15,387.14252631519554,23992.558139534885
467,20,299.1726083764574,31732.093023255813
467,25,238.52760548956545,39471.62790697675
467,30,195.1315392599132,47211.16279069767
467,35,161.13105813811407,54950.6976744186
467,40,133.57788733315397,62690.232558139534
467,45,111.25398042169198,70429.76744186047
467,50,93.34176210269581,78169.30232558139
467,55,79.21972568980125,85908.83720930232
467,60,67.6205168692715,93648.37209302325
467,65,58.00560754432923,101387.90697674418
467,70,49.91283377041927,109127.44186046511
467,75,43.09432763252123,116866.97674418605
467,80,37.228460964260016,124606.51162790698
468,5,851.7385924250989,8513.488372093023
468,10,530.6042642044101,16253.023255813954
468,15,383.05326708972734,23992.558139534885
468,20,295.26855971456484,31732.093023255813
468,25,235.27395573522892,39471.62790697675
468,30,192.13771582870922,47211.16279069767
468,35,158.26508218890808,54950.6976744186
468,40,131.01833947365122,62690.232558139534
468,45,109.0069450871698,70429.76744186047
468,50,91.47746004406159,78169.30232558139
468,55,77.2973477461838,85908.83720930232
468,60,66.02483521830193,93648.37209302325
468,65,56.60754094263759,101387.90697674418
468,70,48.69293509613779,109127.44186046511
468,75,41.88806769778884,116866.97674418605
468,80,36.088880451811804,124606.51162790698
469,5,868.8223226393169,8513.488372093023
469,10,526.7408643442745,16253.023255813954
469,15,374.2747998977214,23992.558139534885
469,20,290.47549228723227,31732.093023255813
469,25,231.91973887350588,39471.62790697675
469,30,188.92244635477607,47211.16279069767
469,35,155.66091778405885,54950.6976744186
469,40,129.26747688011568,62690.232558139534
469,45,108.40495239365549,70429.76744186047
469,50,91.85575056026063,78169.30232558139
469,55,78.30456634824444,85908.83720930232
469,60,66.9939946118227,93648.37209302325
469,65,57.55310694812589,101387.90697674418
469,70,49.58555848905098,109127.44186046511
469,75,42.81137981804789,116866.97674418605
469,80,37.015646555468344,124606.51162790698
470,5,896.8165103615383,8513.488372093023
470,10,544.0037354367743,16253.023255813954
470,15,385.1308303231287,23992.558139534885
470,20,298.8982501060102,31732.093023255813
470,25,237.95638508395035,39471.62790697675
470,30,193.87379119287624,47211.16279069767
470,35,158.93097942942126,54950.6976744186
470,40,131.7832911053882,62690.232558139534
470,45,110.77839969841057,70429.76744186047
470,50,93.81575200890363,78169.30232558139
470,55,79.7348275411934,85908.83720930232
470,60,68.20403953641075,93648.37209302325
470,65,58.64090239629444,101387.90697674418
470,70,50.467775039079235,109127.44186046511
470,75,43.401916926827425,116866.97674418605
470,80,37.47719748456193,124606.51162790698
471,5,905.30559444441,8513.488372093023
471,10,562.9984895098245,16253.023255813954
471,15,400.7962337158187,23992.558139534885
471,20,308.06286829279765,31732.093023255813
471,25,247.42054140161142,39471.62790697675
471,30,201.42519478810132,47211.16279069767
471,35,165.80491484608407,54950.6976744186
471,40,138.10280548534638,62690.232558139534
471,45,115.93671344435135,70429.76744186047
471,50,98.01694274409121,78169.30232558139
471,55,83.30190941096984,85908.83720930232
471,60,71.19923260076038,93648.37209302325
471,65,61.0956972522606,101387.90697674418
471,70,52.55341432308342,109127.44186046511
471,75,45.34036623356336,116866.97674418605
471,80,39.179294624120416,124606.51162790698
472,5,923.0986526887291,8513.488372093023
472,10,575.9657852848109,16253.023255813954
472,15,409.12506541416855,23992.558139534885
472,20,309.2377754317722,31732.093023255813
472,25,246.31140575034647,39471.62790697675
472,30,201.6368302119371,47211.16279069767
472,35,166.14086724011588,54950.6976744186
472,40,137.90435330334682,62690.232558139534
472,45,115.3642560480771,70429.76744186047
472,50,97.3733131442691,78169.30232558139
472,55,82.67812591885469,85908.83720930232
472,60,70.62520035676037,93648.37209302325
472,65,60.42778355680947,101387.90697674418
472,70,51.88763198274064,109127.44186046511
472,75,44.5654225764857,116866.97674418605
472,80,38.35496283498577,124606.51162790698
473,5,949.9062515942093,8513.488372093023
473,10,596.7349953836701,16253.023255813954
473,15,416.43097998843984,23992.558139534885
473,20,312.7644619482128,31732.093023255813
473,25,247.97002735628712,39471.62790697675
473,30,203.17269410176294,47211.16279069767
473,35,168.53742573074715,54950.6976744186
473,40,140.01232488913377,62690.232558139534
473,45,117.20849396988814,70429.76744186047
473,50,98.83262875938318,78169.30232558139
473,55,84.15287792285199,85908.83720930232
473,60,72.05559375451831,93648.37209302325
473,65,61.88426692194381,101387.90697674418
473,70,53.10955117517527,109127.44186046511
473,75,45.53668655373082,116866.97674418605
473,80,39.153656724757916,124606.51162790698
474,5,962.3724490988919,8513.488372093023
474,10,597.4953034603915,16253.023255813954
474,15,418.6655304222939,23992.558139534885
474,20,318.57819893680664,31732.093023255813
474,25,252.98247252857797,39471.62790697675
474,30,206.99172670160817,47211.16279069767
474,35,171.17303470482403,54950.6976744186
474,40,142.9886571572176,62690.232558139534
474,45,119.85058904771749,70429.76744186047
474,50,101.15395147042204,78169.30232558139
474,55,85.73870621541101,85908.83720930232
474,60,72.83824697660835,93648.37209302325
474,65,61.86757251859107,101387.90697674418
474,70,52.98603925386572,109127.44186046511
474,75,45.51311660562342,116866.97674418605
474,80,39.1435639665557,124606.51162790698
475,5,967.9584558809928,8513.488372093023
475,10,612.8626642380885,16253.023255813954
475,15,422.37116876188156,23992.558139534885
475,20,323.65928608878664,31732.093023255813
475,25,256.7292079355927,39471.62790697675
475,30,209.38840301543456,47211.16279069767
475,35,173.72153843532183,54950.6976744186
475,40,145.36926982391992,62690.232558139534
475,45,122.3822067867377,70429.76744186047
475,50,103.80842891798379,78169.30232558139
475,55,88.15068622771028,85908.83720930232
475,60,75.32295231221967,93648.37209302325
475,65,64.69877587825918,101387.90697674418
475,70,55.59388936278749,109127.44186046511
475,75,47.8491631201379,116866.97674418605
475,80,41.282564546365606,124606.51162790698
476,5,975.5220609783389,8513.488372093023
476,10,618.1252116496095,16253.023255813954
476,15,427.7846739338701,23992.558139534885
476,20,322.7264314724592,31732.093023255813
476,25,254.19126425451532,39471.62790697675
476,30,206.08436253764197,47211.16279069767
476,35,168.8620816993608,54950.6976744186
476,40,140.19359176457115,62690.232558139534
476,45,117.01218568304466,70429.76744186047
476,50,98.60401506783099,78169.30232558139
476,55,83.4488924922526,85908.83720930232
476,60,71.30958864891714,93648.37209302325
476,65,61.156322895191394,101387.90697674418
476,70,52.51782878287012,109127.44186046511
476,75,45.04042016934739,116866.97674418605
476,80,38.73881218829289,124606.51162790698
477,5,997.3605522328796,8513.488372093023
477,10,620.9882684015847,16253.023255813954
477,15,433.40574763825543,23992.558139534885
477,20,328.71482722356455,31732.093023255813
477,25,260.6348604023912,39471.62790697675
477,30,211.35700063511317,47211.16279069767
477,35,174.7306784452084,54950.6976744186
477,40,145.3776475753345,62690.232558139534
477,45,121.48820522964573,70429.76744186047
477,50,102.21784924501843,78169.30232558139
477,55,87.10374072589468,85908.83720930232
477,60,74.42919011887489,93648.37209302325
477,65,63.76966960160081,101387.90697674418
477,70,54.68805761926403,109127.44186046511
477,75,46.955941789831265,116866.97674418605
477,80,40.43683850215328,124606.51162790698
478,5,997.8041901304937,8513.488372093023
478,10,622.0898360483592,16253.023255813954
478,15,441.25750507841616,23992.558139534885
478,20,330.187665675839,31732.093023255813
478,25,259.2592241692013,39471.62790697675
478,30,211.05992556086647,47211.16279069767
478,35,174.56277795848246,54950.6976744186
478,40,145.30088586974895,62690.232558139534
478,45,121.60518099374052,70429.76744186047
478,50,102.42993429562462,78169.30232558139
478,55,87.1757260210867,85908.83720930232
478,60,74.27552399056108,93648.37209302325
478,65,63.40409329398634,101387.90697674418
478,70,54.203844548711906,109127.44186046511
478,75,46.37654621481446,116866.97674418605
478,80,39.83039100447939,124606.51162790698
479,5,997.603729162232,8513.488372093023
479,10,621.3937884276031,16253.023255813954
479,15,441.5708682936504,23992.558139534885
479,20,329.8250234814633,31732.093023255813
479,25,262.4524368697976,39471.62790697675
479,30,213.80856578365584,47211.16279069767
479,35,177.0622133976146,54950.6976744186
479,40,147.28412463078942,62690.232558139534
479,45,123.06731526143288,70429.76744186047
479,50,103.65562930103557,78169.30232558139
479,55,88.20797425124688,85908.83720930232
479,60,75.29958428600699,93648.37209302325
479,65,64.40924747590749,101387.90697674418
479,70,55.12192006549679,109127.44186046511
479,75,47.13107935651482,116866.97674418605
479,80,40.529594038831306,124606.51162790698
480,5,975.8725918174141,8513.488372093023
480,10,607.2610870998609,16253.023255813954
480,15,431.2898013434169,23992.558139534885
480,20,324.9293153359503,31732.093023255813
480,25,257.7889436438414,39471.62790697675
480,30,209.89757702400055,47211.16279069767
480,35,173.24770610865912,54950.6976744186
480,40,144.0115927510962,62690.232558139534
480,45,120.37486475517468,70429.76744186047
480,50,101.50449797085257,78169.30232558139
480,55,86.16677537806504,85908.83720930232
480,60,73.36504185613875,93648.37209302325
480,65,62.6093184503127,101387.90697674418
480,70,53.52065377612337,109127.44186046511
480,75,45.900427732419374,116866.97674418605
480,80,39.40577968745451,124606.51162790698
481,5,967.4415160199627,8513.488372093023
481,10,601.9738303775375,16253.023255813954
481,15,425.1696635061217,23992.558139534885
481,20,323.2284232454605,31732.093023255813
481,25,255.79581715265073,39471.62790697675
481,30,206.7557596580019,47211.16279069767
481,35,170.8019547199482,54950.6976744186
481,40,141.66747607541723,62690.232558139534
481,45,118.6477688912808,70429.76744186047
481,50,100.23267470809786,78169.30232558139
481,55,84.81956124799251,85908.83720930232
481,60,72.28959019526293,93648.37209302325
481,65,61.7853553993685,101387.90697674418
481,70,53.18445033857805,109127.44186046511
481,75,46.12814820777765,116866.97674418605
481,80,39.92745171723035,124606.51162790698
482,5,969.0541036129554,8513.488372093023
482,10,597.5543989187835,16253.023255813954
482,15,425.6642182135818,23992.558139534885
482,20,324.30575658170295,31732.093023255813
482,25,257.74759072857745,39471.62790697675
482,30,210.74100042108913,47211.16279069767
482,35,175.14604404184453,54950.6976744186
482,40,146.15484046034123,62690.232558139534
482,45,122.81982945569463,70429.76744186047
482,50,103.91594701197252,78169.30232558139
482,55,88.62227820644112,85908.83720930232
482,60,75.59622842493411,93648.37209302325
482,65,64.5367440325797,101387.90697674418
482,70,55.35913518799504,109127.44186046511
482,75,47.77962619185557,116866.97674418605
482,80,41.18395164663913,124606.51162790698
483,5,962.6108020294489,8513.488372093023
483,10,590.6724693495694,16253.023255813954
483,15,417.73133223404756,23992.558139534885
483,20,322.35968688235477,31732.093023255813
483,25,257.030925022831,39471.62790697675
483,30,210.11141785537944,47211.16279069767
483,35,174.72835339978343,54950.6976744186
483,40,146.3823250206078,62690.232558139534
483,45,122.99381939229069,70429.76744186047
483,50,104.41555907329985,78169.30232558139
483,55,88.84523242470623,85908.83720930232
483,60,75.64144705391415,93648.37209302325
483,65,64.5066886215524,101387.90697674418
483,70,55.222868715065815,109127.44186046511
483,75,47.531137720767475,116866.97674418605
483,80,40.92342111100115,124606.51162790698
484,5,941.2252138993966,8513.488372093023
484,10,568.0567810628582,16253.023255813954
484,15,400.76372680528283,23992.558139534885
484,20,306.2357030800749,31732.093023255813
484,25,245.2764505936364,39471.62790697675
484,30,200.96764756325996,47211.16279069767
484,35,167.13717839735523,54950.6976744186
484,40,139.84233733003865,62690.232558139534
484,45,117.56534039641478,70429.76744186047
484,50,99.35946233590566,78169.30232558139
484,55,84.62608815039769,85908.83720930232
484,60,72.05927729217814,93648.37209302325
484,65,61.655347017749214,101387.90697674418
484,70,53.08198232490355,109127.44186046511
484,75,45.67539149087108,116866.97674418605
484,80,39.370001444295106,124606.51162790698
485,5,933.2506152186621,8513.488372093023
485,10,562.8164739568276,16253.023255813954
485,15,401.41255906186325,23992.558139534885
485,20,304.2515204346434,31732.093023255813
485,25,242.09041378470897,39471.62790697675
485,30,198.57552866781378,47211.16279069767
485,35,164.94724071842953,54950.6976744186
485,40,137.711206708635,62690.232558139534
485,45,116.21852076139501,70429.76744186047
485,50,98.52656406626328,78169.30232558139
485,55,83.87932908264204,85908.83720930232
485,60,71.59935417682807,93648.37209302325
485,65,61.40148102320599,101387.90697674418
485,70,52.755859861166144,109127.44186046511
485,75,45.40336368849192,116866.97674418605
485,80,39.17484846504138,124606.51162790698
486,5,943.6127052886507,8513.488372093023
486,10,563.5777250842049,16253.023255813954
486,15,404.6457286882373,23992.558139534885
486,20,306.924289057028,31732.093023255813
486,25,244.62371911012846,39471.62790697675
486,30,198.64706646731955,47211.16279069767
486,35,164.665702101711,54950.6976744186
486,40,137.52002056126406,62690.232558139534
486,45,115.22423078607929,70429.76744186047
486,50,97.08551345467512,78169.30232558139
486,55,82.67259950618619,85908.83720930232
486,60,70.61756812302028,93648.37209302325
486,65,60.472419135678656,101387.90697674418
486,70,51.97909575785156,109127.44186046511
486,75,44.66709502894839,116866.97674418605
486,80,38.38073241764497,124606.51162790698
487,5,946.6849330514876,8513.488372093023
487,10,578.4711676175427,16253.023255813954
487,15,414.2130267413793,23992.558139534885
487,20,317.5075880120474,31732.093023255813
487,25,252.46484861471194,39471.62790697675
487,30,206.2426594158936,47211.16279069767
487,35,171.3262190851867,54950.6976744186
487,40,142.76526507066905,62690.232558139534
487,45,119.56961309428412,70429.76744186047
487,50,101.02247461390532,78169.30232558139
487,55,85.93643626024493,85908.83720930232
487,60,73.31301725633335,93648.37209302325
487,65,62.83140215949953,101387.90697674418
487,70,53.9308717775097,109127.44186046511
487,75,46.40466043880581,116866.97674418605
487,80,39.863484160411865,124606.51162790698
488,5,925.5581140317761,8513.488372093023
488,10,574.4221259143292,16253.023255813954
488,15,413.388934720096,23992.558139534885
488,20,313.79071344665283,31732.093023255813
488,25,249.09184687701935,39471.62790697675
488,30,202.34847655233852,47211.16279069767
488,35,166.26706522312966,54950.6976744186
488,40,137.92545897928454,62690.232558139534
488,45,115.51556354258513,70429.76744186047
488,50,97.40445462838515,78169.30232558139
488,55,82.58391293108183,85908.83720930232
488,60,70.08364776161723,93648.37209302325
488,65,59.875245229568904,101387.90697674418
488,70,51.24244450228648,109127.44186046511
488,75,43.95377181839798,116866.97674418605
488,80,37.761343494359046,124606.51162790698
489,5,928.3133656916981,8513.488372093023
489,10,588.3860411490626,16253.023255813954
489,15,420.9026688971279,23992.558139534885
489,20,321.8605876950759,31732.093023255813
489,25,255.84694404225831,39471.62790697675
489,30,206.87957065027246,47211.16279069767
489,35,170.47408494810625,54950.6976744186
489,40,141.7106890196666,62690.232558139534
489,45,118.70658064155656,70429.76744186047
489,50,99.81320589327801,78169.30232558139
489,55,84.26310591159306,85908.83720930232
489,60,71.66404453169751,93648.37209302325
489,65,61.20897654475928,101387.90697674418
489,70,52.48307691586555,109127.44186046511
489,75,45.1664766973222,116866.97674418605
489,80,38.90741244957986,124606.51162790698
490,5,934.8231881735862,8513.488372093023
490,10,601.5154459287699,16253.023255813954
490,15,431.1587210242057,23992.558139534885
490,20,325.8522297159259,31732.093023255813
490,25,256.5840093170493,39471.62790697675
490,30,207.01999107947648,47211.16279069767
490,35,169.07806125169822,54950.6976744186
490,40,140.2363427003174,62690.232558139534
490,45,116.72286230268898,70429.76744186047
490,50,98.19477753048334,78169.30232558139
490,55,83.30046570544667,85908.83720930232
490,60,71.05982109753207,93648.37209302325
490,65,60.79644835334246,101387.90697674418
490,70,52.017757894681544,109127.44186046511
490,75,44.626084130980075,116866.97674418605
490,80,38.21158476822619,124606.51162790698
491,5,969.5365801781942,8513.488372093023
491,10,616.8975682499154,16253.023255813954
491,15,437.52826664313267,23992.558139534885
491,20,331.53663309137437,31732.093023255813
491,25,261.7289835562502,39471.62790697675
491,30,211.27110656347924,47211.16279069767
491,35,173.21204259398024,54950.6976744186
491,40,143.44412736900898,62690.232558139534
491,45,119.75785294692311,70429.76744186047
491,50,101.62291891275402,78169.30232558139
491,55,86.40200668704024,85908.83720930232
491,60,73.53569561220843,93648.37209302325
491,65,62.80331128702113,101387.90697674418
491,70,54.022184712046055,109127.44186046511
491,75,46.53859020299569,116866.97674418605
491,80,40.18334292266345,124606.51162790698
492,5,971.8845470807076,8513.488372093023
492,10,604.9220761778053,16253.023255813954
492,15,420.21245559036544,23992.558139534885
492,20,322.80810811852,31732.093023255813
492,25,257.49005638439303,39471.62790697675
492,30,209.6718606113787,47211.16279069767
492,35,172.22166376017262,54950.6976744186
492,40,143.11523265245268,62690.232558139534
492,45,119.95576351114717,70429.76744186047
492,50,101.11869341166347,78169.30232558139
492,55,85.82227633755079,85908.83720930232
492,60,73.13201798143206,93648.37209302325
492,65,62.3427860789766,101387.90697674418
492,70,53.37110548429349,109127.44186046511
492,75,45.96119822324247,116866.97674418605
492,80,39.56279750600166,124606.51162790698
493,5,990.4769528033387,8513.488372093023
493,10,606.3121901913639,16253.023255813954
493,15,425.10347429695184,23992.558139534885
493,20,324.13335756045683,31732.093023255813
493,25,258.8589501386929,39471.62790697675
493,30,210.32950149785515,47211.16279069767
493,35,173.3479203499147,54950.6976744186
493,40,144.5438648064445,62690.232558139534
493,45,121.44588536283429,70429.76744186047
493,50,102.58495331458555,78169.30232558139
493,55,87.70104705601733,85908.83720930232
493,60,75.0166583982644,93648.37209302325
493,65,64.33277544906859,101387.90697674418
493,70,55.24498485804249,109127.44186046511
493,75,47.66152829060392,116866.97674418605
493,80,41.04626616585906,124606.51162790698
494,5,983.7056553131764,8513.488372093023
494,10,603.3088386253387,16253.023255813954
494,15,428.76483755690424,23992.558139534885
494,20,328.20100577094576,31732.093023255813
494,25,260.0566673525289,39471.62790697675
494,30,212.6783678412376,47211.16279069767
494,35,175.11468903355924,54950.6976744186
494,40,145.03870394110163,62690.232558139534
494,45,121.582689899803,70429.76744186047
494,50,102.76296042993299,78169.30232558139
494,55,87.34625726382582,85908.83720930232
494,60,74.44567344075165,93648.37209302325
494,65,63.578893881374704,101387.90697674418
494,70,54.59002425127349,109127.44186046511
494,75,46.89482535687005,116866.97674418605
494,80,40.34139173655246,124606.51162790698
495,5,1000.3632219343434,8513.488372093023
495,10,611.8026479485454,16253.023255813954
495,15,433.9451070597296,23992.558139534885
495,20,331.5404847605016,31732.093023255813
495,25,263.6610944786997,39471.62790697675
495,30,214.51294507129458,47211.16279069767
495,35,176.94768936235315,54950.6976744186
495,40,147.05236950770015,62690.232558139534
495,45,123.16838283016945,70429.76744186047
495,50,104.1003100900861,78169.30232558139
495,55,88.35458333941588,85908.83720930232
495,60,75.18565539588099,93648.37209302325
495,65,64.31002966119482,101387.90697674418
495,70,55.16398193527142,109127.44186046511
495,75,47.46204811717876,116866.97674418605
495,80,40.96197684925668,124606.51162790698
496,5,987.0177638167305,8513.488372093023
496,10,605.4471188726013,16253.023255813954
496,15,426.42169719237523,23992.558139534885
496,20,324.9000919773672,31732.093023255813
496,25,259.05294788073144,39471.62790697675
496,30,210.61673027670008,47211.16279069767
496,35,172.93438744204542,54950.6976744186
496,40,143.72885904216204,62690.232558139534
496,45,120.43640693012729,70429.76744186047
496,50,101.78007470152002,78169.30232558139
496,55,86.45406590739478,85908.83720930232
496,60,73.80157989283627,93648.37209302325
496,65,63.38956199308271,101387.90697674418
496,70,54.530122244722605,109127.44186046511
496,75,47.00914412232296,116866.97674418605
496,80,40.524235053510715,124606.51162790698
497,5,992.2550803352756,8513.488372093023
497,10,612.0618154956492,16253.023255813954
497,15,432.11660216467334,23992.558139534885
497,20,328.4283289493647,31732.093023255813
497,25,259.7118104886389,39471.62790697675
497,30,210.88215506438146,47211.16279069767
497,35,174.61595799726396,54950.6976744186
497,40,145.29976858171258,62690.232558139534
497,45,122.05837420719513,70429.76744186047
497,50,103.24041196126913,78169.30232558139
497,55,87.58544677464522,85908.83720930232
497,60,74.43675008238236,93648.37209302325
497,65,63.70456265380719,101387.90697674418
497,70,54.73159300593942,109127.44186046511
497,75,47.12070481610478,116866.97674418605
497,80,40.581105836087886,124606.51162790698
498,5,981.6289045154264,8513.488372093023
498,10,611.4994736186533,16253.023255813954
498,15,437.32760212678033,23992.558139534885
498,20,329.11760857346087,31732.093023255813
498,25,263.2025796115829,39471.62790697675
498,30,215.19577873658434,47211.16279069767
498,35,176.35464385357204,54950.6976744186
498,40,146.47248417713718,62690.232558139534
498,45,122.71420190418398,70429.76744186047
498,50,104.25011207330753,78169.30232558139
498,55,88.71415479144476,85908.83720930232
498,60,75.78677460431574,93648.37209302325
498,65,65.02145851824226,101387.90697674418
498,70,55.95675491379745,109127.44186046511
498,75,48.28336224773036,116866.97674418605
498,80,41.67606985777826,124606.51162790698
499,5,985.9089164031697,8513.488372093023
499,10,618.0593646554751,16253.023255813954
499,15,442.5859681997377,23992.558139534885
499,20,335.8874937339252,31732.093023255813
499,25,268.11167619735556,39471.62790697675
499,30,219.62808303630422,47211.16279069767
499,35,181.52329434270428,54950.6976744186
499,40,150.38424921557208,62690.232558139534
499,45,125.64075200076043,70429.76744186047
499,50,106.24939710077676,78169.30232558139
499,55,90.12552864452975,85908.83720930232
499,60,76.9527300447035,93648.37209302325
499,65,65.93403816089602,101387.90697674418
499,70,56.6854121070551,109127.44186046511
499,75,48.83714818682204,116866.97674418605
499,80,42.06595893081937,124606.51162790698
500,5,994.5585146920617,8513.488372093023
500,10,608.2876596638558,16253.023255813954
500,15,433.722496533615,23992.558139534885
500,20,329.95488093432164,31732.093023255813
500,25,261.17339770972035,39471.62790697675
500,30,211.9176319129747,47211.16279069767
500,35,173.57362037555015,54950.6976744186
500,40,143.65482098444502,62690.232558139534
500,45,119.37629285400632,70429.76744186047
500,50,100.2845954425593,78169.30232558139
500,55,85.33505277956398,85908.83720930232
500,60,73.19463078488246,93648.37209302325
500,65,62.87784462297529,101387.90697674418
500,70,54.159294459103066,109127.44186046511
500,75,46.69018961615808,116866.97674418605
500,80,40.330700439270636,124606.51162790698
501,5,998.32088599097,8513.488372093023
501,10,606.3988033064729,16253.023255813954
501,15,434.23994729089253,23992.558139534885
501,20,333.3413242783412,31732.093023255813
501,25,265.986488723439,39471.62790697675
501,30,215.34724086171246,47211.16279069767
501,35,177.07563933620116,54950.6976744186
501,40,146.6542316042404,62690.232558139534
501,45,122.04827789016818,70429.76744186047
501,50,102.36540780916081,78169.30232558139
501,55,86.60552036701354,85908.83720930232
501,60,73.5714418643081,93648.37209302325
501,65,62.78856073275807,101387.90697674418
501,70,53.98065654242416,109127.44186046511
501,75,46.59866956297652,116866.97674418605
501,80,40.29374533865788,124606.51162790698
502,5,1001.3920589449616,8513.488372093023
502,10,611.8069489383416,16253.023255813954
502,15,436.87994033668303,23992.558139534885
502,20,339.10156192607843,31732.093023255813
502,25,268.8528795380739,39471.62790697675
502,30,217.45630398114534,47211.16279069767
502,35,178.49126362845948,54950.6976744186
502,40,147.53163391822713,62690.232558139534
502,45,122.99660330948247,70429.76744186047
502,50,103.26101809162428,78169.30232558139
502,55,87.41279302038637,85908.83720930232
502,60,74.2563484592149,93648.37209302325
502,65,63.403200703869736,101387.90697674418
502,70,54.30773524369233,109127.44186046511
502,75,46.708904709649545,116866.97674418605
502,80,40.367783002444455,124606.51162790698
503,5,1002.5939855343986,8513.488372093023
503,10,617.4648764505428,16253.023255813954
503,15,438.35079550489354,23992.558139534885
503,20,337.41039887069473,31732.093023255813
503,25,268.76769587871314,39471.62790697675
503,30,219.00308578975597,47211.16279069767
503,35,179.61070503803523,54950.6976744186
503,40,148.88221747249779,62690.232558139534
503,45,124.36038275441601,70429.76744186047
503,50,104.03931928048448,78169.30232558139
503,55,87.82458061849788,85908.83720930232
503,60,74.53648187585672,93648.37209302325
503,65,63.349765358515405,101387.90697674418
503,70,54.13956307793103,109127.44186046511
503,75,46.69819387696743,116866.97674418605
503,80,40.23694620295679,124606.51162790698
504,5,976.8441794724603,8513.488372093023
504,10,604.7710410485244,16253.023255813954
504,15,432.4336636526717,23992.558139534885
504,20,331.0242674990518,31732.093023255813
504,25,262.6670860858458,39471.62790697675
504,30,213.73572733663124,47211.16279069767
504,35,176.05589547715354,54950.6976744186
504,40,145.88673985596412,62690.232558139534
504,45,121.38413580490617,70429.76744186047
504,50,101.89302348795209,78169.30232558139
504,55,86.16907704820632,85908.83720930232
504,60,73.0207930051707,93648.37209302325
504,65,62.10555627732589,101387.90697674418
504,70,53.246474777228556,109127.44186046511
504,75,45.875973464330016,116866.97674418605
504,80,39.64599278638174,124606.51162790698
505,5,976.0754787845173,8513.488372093023
505,10,610.2659145186045,16253.023255813954
505,15,436.099341658377,23992.558139534885
505,20,332.3303257965389,31732.093023255813
505,25,262.7965571265633,39471.62790697675
505,30,213.96397146222918,47211.16279069767
505,35,176.12752665133178,54950.6976744186
505,40,146.06187074286183,62690.232558139534
505,45,122.58055039392606,70429.76744186047
505,50,103.37469025573543,78169.30232558139
505,55,87.80067254627932,85908.83720930232
505,60,75.28483619359098,93648.37209302325
505,65,64.59027938081871,101387.90697674418
505,70,55.51223068868159,109127.44186046511
505,75,47.75019597212039,116866.97674418605
505,80,41.32488428709758,124606.51162790698
506,5,959.223128828835,8513.488372093023
506,10,598.3387823231956,16253.023255813954
506,15,426.4530746370034,23992.558139534885
506,20,326.1612925844531,31732.093023255813
506,25,257.8994740882357,39471.62790697675
506,30,209.33706777611,47211.16279069767
506,35,171.70560644444095,54950.6976744186
506,40,141.62617518127732,62690.232558139534
506,45,118.48582859640305,70429.76744186047
506,50,100.03392587845534,78169.30232558139
506,55,84.8507404394094,85908.83720930232
506,60,72.36482631390074,93648.37209302325
506,65,62.09801140468824,101387.90697674418
506,70,53.36720927042551,109127.44186046511
506,75,46.081394604499856,116866.97674418605
506,80,39.95466243761941,124606.51162790698
507,5,950.6657301502765,8513.488372093023
507,10,590.415515778168,16253.023255813954
507,15,420.19453710315906,23992.558139534885
507,20,323.96370192957465,31732.093023255813
507,25,256.80895977065455,39471.62790697675
507,30,209.5996352786789,47211.16279069767
507,35,172.1726317445193,54950.6976744186
507,40,142.5608346007245,62690.232558139534
507,45,119.48858361555493,70429.76744186047
507,50,101.0172334915921,78169.30232558139
507,55,86.25830261462407,85908.83720930232
507,60,74.02511778566758,93648.37209302325
507,65,63.60012339520591,101387.90697674418
507,70,54.73082435591523,109127.44186046511
507,75,47.21017427309688,116866.97674418605
507,80,41.000685761927585,124606.51162790698
508,5,936.0855318276958,8513.488372093023
508,10,588.7352164789073,16253.023255813954
508,15,419.33107076688844,23992.558139534885
508,20,319.46043210250366,31732.093023255813
508,25,253.4934634598137,39471.62790697675
508,30,205.18566084651795,47211.16279069767
508,35,168.23889499051685,54950.6976744186
508,40,139.14799697576674,62690.232558139534
508,45,115.97768119229276,70429.76744186047
508,50,97.63446966058794,78169.30232558139
508,55,82.71711602864778,85908.83720930232
508,60,70.66820391809493,93648.37209302325
508,65,60.38257646533957,101387.90697674418
508,70,51.83375949142217,109127.44186046511
508,75,44.863083254719236,116866.97674418605
508,80,38.92446663403698,124606.51162790698
509,5,962.0492959071114,8513.488372093023
509,10,610.9302575151087,16253.023255813954
509,15,429.6438167774741,23992.558139534885
509,20,326.09708417434354,31732.093023255813
509,25,257.62028436281526,39471.62790697675
509,30,209.1844445042636,47211.16279069767
509,35,172.26587083026047,54950.6976744186
509,40,143.09693364848155,62690.232558139534
509,45,120.09351726334206,70429.76744186047
509,50,101.63359653475752,78169.30232558139
509,55,86.60395953079693,85908.83720930232
509,60,74.26363001961938,93648.37209302325
509,65,63.73038001852996,101387.90697674418
509,70,54.81949363482839,109127.44186046511
509,75,47.23921139562866,116866.97674418605
509,80,40.85809246279883,124606.51162790698
510,5,957.8051050561371,8513.488372093023
510,10,609.5800799922096,16253.023255813954
510,15,430.19127994369586,23992.558139534885
510,20,323.40868964849693,31732.093023255813
510,25,257.1818461947138,39471.62790697675
510,30,208.79542113853398,47211.16279069767
510,35,172.35407865808185,54950.6976744186
510,40,143.69219935349562,62690.232558139534
510,45,120.15035274716752,70429.76744186047
510,50,101.23063700973267,78169.30232558139
510,55,85.8719867377976,85908.83720930232
510,60,73.11940881950943,93648.37209302325
510,65,62.52166750612287,101387.90697674418
510,70,53.90154328868648,109127.44186046511
510,75,46.68680343610206,116866.97674418605
510,80,40.49697309257929,124606.51162790698
511,5,971.0094230917596,8513.488372093023
511,10,615.4000517965084,16253.023255813954
511,15,436.17840119419753,23992.558139534885
511,20,331.1656300278541,31732.093023255813
511,25,265.2396356366841,39471.62790697675
511,30,215.5334564599985,47211.16279069767
511,35,177.34651601514474,54950.6976744186
511,40,147.22878939452764,62690.232558139534
511,45,123.22185678785293,70429.76744186047
511,50,104.25778446298418,78169.30232558139
511,55,88.56854489566241,85908.83720930232
511,60,75.75422541029802,93648.37209302325
511,65,64.98291091998956,101387.90697674418
511,70,55.75995727241736,109127.44186046511
511,75,48.05997900597689,116866.97674418605
511,80,41.667255612941325,124606.51162790698
512,5,981.137000874376,8513.488372093023
512,10,617.2425095778306,16253.023255813954
512,15,443.1028044610318,23992.558139534885
512,20,334.09527678316,31732.093023255813
512,25,263.80383720991904,39471.62790697675
512,30,213.3262200011974,47211.16279069767
512,35,174.01154466823678,54950.6976744186
512,40,143.88129161006913,62690.232558139534
512,45,120.33363139986933,70429.76744186047
512,50,101.40925950728366,78169.30232558139
512,55,86.2817411309927,85908.83720930232
512,60,73.87989274527177,93648.37209302325
512,65,63.463179386374435,101387.90697674418
512,70,54.65885666823023,109127.44186046511
512,75,47.113148940477345,116866.97674418605
512,80,40.56652088685487,124606.51162790698
513,5,980.0556055220208,8513.488372093023
513,10,616.7229705361289,16253.023255813954
513,15,444.1887684712426,23992.558139534885
513,20,334.59693031991776,31732.093023255813
513,25,262.70236875729296,39471.62790697675
513,30,213.7114711292949,47211.16279069767
513,35,175.97863762300912,54950.6976744186
513,40,145.69289681493206,62690.232558139534
513,45,121.92822547645632,70429.76744186047
513,50,102.60968774119209,78169.30232558139
513,55,87.21343717803344,85908.83720930232
513,60,74.50960623089236,93648.37209302325
513,65,63.91629493023943,101387.90697674418
513,70,54.98775806649835,109127.44186046511
513,75,47.475444191321856,116866.97674418605
513,80,41.08315476795786,124606.51162790698
514,5,958.2690112666982,8513.488372093023
514,10,589.4211793288821,16253.023255813954
514,15,422.2243606328926,23992.558139534885
514,20,324.24814365726854,31732.093023255813
514,25,255.93866713429463,39471.62790697675
514,30,208.19960059313857,47211.16279069767
514,35,171.56566262976747,54950.6976744186
514,40,142.27512385198455,62690.232558139534
514,45,119.32296251235667,70429.76744186047
514,50,100.78046117164112,78169.30232558139
514,55,85.65949255238829,85908.83720930232
514,60,73.23942532236984,93648.37209302325
514,65,62.90094398433398,101387.90697674418
514,70,54.23360997587879,109127.44186046511
514,75,47.05111382350487,116866.97674418605
514,80,40.853604455265945,124606.51162790698
515,5,961.1574306818868,8513.488372093023
515,10,593.5358353203357,16253.023255813954
515,15,423.7913059584292,23992.558139534885
515,20,324.37589996976544,31732.093023255813
515,25,259.11489975731735,39471.62790697675
515,30,211.32186121139927,47211.16279069767
515,35,173.85786437037015,54950.6976744186
515,40,143.88509444650012,62690.232558139534
515,45,120.10957440967486,70429.76744186047
515,50,101.30135738759739,78169.30232558139
515,55,86.09523248333949,85908.83720930232
515,60,73.67204442053955,93648.37209302325
515,65,63.404344764645344,101387.90697674418
515,70,54.684314427560416,109127.44186046511
515,75,47.43459619542469,116866.97674418605
515,80,41.25354089302407,124606.51162790698
516,5,962.6978949997471,8513.488372093023
516,10,605.8618201925567,16253.023255813954
516,15,428.86838003214984,23992.558139534885
516,20,325.8216562527363,31732.093023255813
516,25,258.49697259515483,39471.62790697675
516,30,209.41906004095068,47211.16279069767
516,35,171.8839074915824,54950.6976744186
516,40,143.1597001311494,62690.232558139534
516,45,120.08760739687241,70429.76744186047
516,50,101.64615281897062,78169.30232558139
516,55,86.07351640282819,85908.83720930232
516,60,73.73100794394115,93648.37209302325
516,65,63.29341648304679,101387.90697674418
516,70,54.65042921561121,109127.44186046511
516,75,47.38316120787129,116866.97674418605
516,80,41.09639295098511,124606.51162790698
517,5,971.1729112180456,8513.488372093023
517,10,616.2193311360844,16253.023255813954
517,15,431.3416586857455,23992.558139534885
517,20,330.59665182029585,31732.093023255813
517,25,263.32739082775487,39471.62790697675
517,30,212.43314813003693,47211.16279069767
517,35,173.78813587971854,54950.6976744186
517,40,143.35278337764174,62690.232558139534
517,45,120.25921198512947,70429.76744186047
517,50,101.76792738535046,78169.30232558139
517,55,86.72722895804449,85908.83720930232
517,60,74.3465290922124,93648.37209302325
517,65,63.842079284068085,101387.90697674418
517,70,55.09307312313161,109127.44186046511
517,75,47.64942070533601,116866.97674418605
517,80,41.39416391078635,124606.51162790698
518,5,980.5724136460792,8513.488372093023
518,10,612.1752982829593,16253.023255813954
518,15,425.6302974123229,23992.558139534885
518,20,322.39660420420455,31732.093023255813
518,25,254.84026544937254,39471.62790697675
518,30,206.7139675962781,47211.16279069767
518,35,169.24037779383713,54950.6976744186
518,40,139.00912676788056,62690.232558139534
518,45,116.21132926448038,70429.76744186047
518,50,98.14360104479499,78169.30232558139
518,55,83.45183553057078,85908.83720930232
518,60,71.62487630935628,93648.37209302325
518,65,61.78105741819661,101387.90697674418
518,70,53.55340392787675,109127.44186046511
518,75,46.48759605654636,116866.97674418605
518,80,40.46178975566065,124606.51162790698
519,5,980.1846696400017,8513.488372093023
519,10,598.681160107576,16253.023255813954
519,15,421.23723354813467,23992.558139534885
519,20,317.70424511518553,31732.093023255813
519,25,252.10538873181608,39471.62790697675
519,30,204.0871265991555,47211.16279069767
519,35,167.00929025049408,54950.6976744186
519,40,138.0418383224179,62690.232558139534
519,45,115.39785236687432,70429.76744186047
519,50,97.7028517996558,78169.30232558139
519,55,83.6957947360935,85908.83720930232
519,60,72.03876648196866,93648.37209302325
519,65,62.16769531501822,101387.90697674418
519,70,53.82263132573703,109127.44186046511
519,75,46.74747195852292,116866.97674418605
519,80,40.686271940398086,124606.51162790698
520,5,950.176444517537,8513.488372093023
520,10,580.1423058133574,16253.023255813954
520,15,406.15050070868915,23992.558139534885
520,20,308.9685225275244,31732.093023255813
520,25,245.94853528060716,39471.62790697675
520,30,198.83037275401006,47211.16279069767
520,35,162.22669266312013,54950.6976744186
520,40,133.90009451055064,62690.232558139534
520,45,111.96214470341442,70429.76744186047
520,50,94.66615666876243,78169.30232558139
520,55,80.29509046420735,85908.83720930232
520,60,68.62184239158263,93648.37209302325
520,65,59.07330174498212,101387.90697674418
520,70,51.032552472118006,109127.44186046511
520,75,44.253629801731506,116866.97674418605
520,80,38.58484655055027,124606.51162790698
521,5,943.2172707553377,8513.488372093023
521,10,575.3292964267846,16253.023255813954
521,15,401.9886506237083,23992.558139534885
521,20,305.12841254852924,31732.093023255813
521,25,242.9183907971223,39471.62790697675
521,30,195.69420392360973,47211.16279069767
521,35,159.85972455155655,54950.6976744186
521,40,132.07944241376003,62690.232558139534
521,45,110.6014021447451,70429.76744186047
521,50,93.42255327115402,78169.30232558139
521,55,79.67688969404878,85908.83720930232
521,60,68.47812572202332,93648.37209302325
521,65,59.07163028671849,101387.90697674418
521,70,50.952354390802384,109127.44186046511
521,75,44.28738384565718,116866.97674418605
521,80,38.55436262726731,124606.51162790698
522,5,949.7287819007956,8513.488372093023
522,10,588.2832545395257,16253.023255813954
522,15,408.59826408485446,23992.558139534885
522,20,310.1968480678961,31732.093023255813
522,25,246.23881926263,39471.62790697675
522,30,199.76296776096248,47211.16279069767
522,35,163.13219819183558,54950.6976744186
522,40,135.04623682247737,62690.232558139534
522,45,112.86382156645112,70429.76744186047
522,50,95.49493259489243,78169.30232558139
522,55,81.36639326891377,85908.83720930232
522,60,69.54332834487688,93648.37209302325
522,65,59.963768817202954,101387.90697674418
522,70,51.950232423455255,109127.44186046511
522,75,45.11681326548113,116866.97674418605
522,80,39.33228911581844,124606.51162790698
523,5,971.8706330156044,8513.488372093023
523,10,612.8009280792323,16253.023255813954
523,15,427.8221712327509,23992.558139534885
523,20,323.24676395387417,31732.093023255813
523,25,256.4420248381603,39471.62790697675
523,30,208.1116856642717,47211.16279069767
523,35,170.76406339452015,54950.6976744186
523,40,140.90513092198674,62690.232558139534
523,45,117.60087362645844,70429.76744186047
523,50,99.4559879067442,78169.30232558139
523,55,84.88999903857815,85908.83720930232
523,60,72.58897525558507,93648.37209302325
523,65,62.43719367519641,101387.90697674418
523,70,54.041196667995386,109127.44186046511
523,75,46.84037537915275,116866.97674418605
523,80,40.585765322304134,124606.51162790698
524,5,979.005881895639,8513.488372093023
524,10,605.7857540801872,16253.023255813954
524,15,420.42245728543196,23992.558139534885
524,20,319.23429171400994,31732.093023255813
524,25,251.70485103903337,39471.62790697675
524,30,204.23652591823418,47211.16279069767
524,35,168.95697343945557,54950.6976744186
524,40,140.74397020629075,62690.232558139534
524,45,118.0032556884106,70429.76744186047
524,50,99.51405855561339,78169.30232558139
524,55,84.65451429327078,85908.83720930232
524,60,72.63824917611325,93648.37209302325
524,65,62.59401284579334,101387.90697674418
524,70,54.08353082059566,109127.44186046511
524,75,46.84693171929951,116866.97674418605
524,80,40.578875728111,124606.51162790698
525,5,984.2668291430156,8513.488372093023
525,10,603.3622828549278,16253.023255813954
525,15,423.85036551243667,23992.558139534885
525,20,323.27708223683914,31732.093023255813
525,25,252.84975887320184,39471.62790697675
525,30,205.19396092550647,47211.16279069767
525,35,168.7704404117779,54950.6976744186
525,40,139.92216837644597,62690.232558139534
525,45,117.49079748858054,70429.76744186047
525,50,99.75551804677117,78169.30232558139
525,55,85.27365414902772,85908.83720930232
525,60,72.94369857200817,93648.37209302325
525,65,62.74498838572097,101387.90697674418
525,70,54.21819913412503,109127.44186046511
525,75,47.02529850842279,116866.97674418605
525,80,40.79044361416172,124606.51162790698
526,5,985.8960204579496,8513.488372093023
526,10,602.5298792208326,16253.023255813954
526,15,426.8182349705957,23992.558139534885
526,20,326.26597397894847,31732.093023255813
526,25,259.27486621526276,39471.62790697675
526,30,209.1822816794331,47211.16279069767
526,35,171.9683248714044,54950.6976744186
526,40,142.52174659839375,62690.232558139534
526,45,118.87164272401377,70429.76744186047
526,50,100.05566855518614,78169.30232558139
526,55,85.1133433071924,85908.83720930232
526,60,73.13635966140102,93648.37209302325
526,65,62.929712401833505,101387.90697674418
526,70,54.18787577084695,109127.44186046511
526,75,46.78380807406454,116866.97674418605
526,80,40.4855831035522,124606.51162790698
527,5,986.1848257393137,8513.488372093023
527,10,603.1288784550095,16253.023255813954
527,15,430.75236035227505,23992.558139534885
527,20,329.53016948026163,31732.093023255813
527,25,260.73698318698183,39471.62790697675
527,30,213.59418474456632,47211.16279069767
527,35,176.5169714081943,54950.6976744186
527,40,146.17175265864915,62690.232558139534
527,45,122.06184226357155,70429.76744186047
527,50,103.59459385589861,78169.30232558139
527,55,88.32281504352038,85908.83720930232
527,60,75.57083813178986,93648.37209302325
527,65,64.84987363900674,101387.90697674418
527,70,55.73691154140894,109127.44186046511
527,75,48.081669359812345,116866.97674418605
527,80,41.50788737253086,124606.51162790698
528,5,979.4021564682283,8513.488372093023
528,10,600.9759995637382,16253.023255813954
528,15,426.0767625670451,23992.558139534885
528,20,331.63150489860556,31732.093023255813
528,25,264.06082006632096,39471.62790697675
528,30,215.65893155600932,47211.16279069767
528,35,177.9756664730631,54950.6976744186
528,40,147.21282585979037,62690.232558139534
528,45,123.21255840741713,70429.76744186047
528,50,103.981720887425,78169.30232558139
528,55,88.1380933416699,85908.83720930232
528,60,75.23771408377057,93648.37209302325
528,65,64.68620962838031,101387.90697674418
528,70,55.78422911940908,109127.44186046511
528,75,48.26116592121515,116866.97674418605
528,80,41.92035689739725,124606.51162790698
529,5,985.4895069727661,8513.488372093023
529,10,606.2162498478357,16253.023255813954
529,15,435.24565566157287,23992.558139534885
529,20,336.9169100392383,31732.093023255813
529,25,268.49218596236045,39471.62790697675
529,30,218.22032570582138,47211.16279069767
529,35,179.66747902223565,54950.6976744186
529,40,149.24881457504245,62690.232558139534
529,45,125.1713671171607,70429.76744186047
529,50,105.85093911472589,78169.30232558139
529,55,90.46036672638179,85908.83720930232
529,60,77.42028345659067,93648.37209302325
529,65,66.64818586709764,101387.90697674418
529,70,57.519625696618,109127.44186046511
529,75,49.80567317367476,116866.97674418605
529,80,43.218499571049044,124606.51162790698
530,5,978.2142452163026,8513.488372093023
530,10,618.9378979040247,16253.023255813954
530,15,439.727643527359,23992.558139534885
530,20,336.7926006518795,31732.093023255813
530,25,268.9507102304748,39471.62790697675
530,30,218.19352898355461,47211.16279069767
530,35,180.0718248306141,54950.6976744186
530,40,149.68105651635497,62690.232558139534
530,45,125.33718589769859,70429.76744186047
530,50,105.82054548835548,78169.30232558139
530,55,90.0669174999418,85908.83720930232
530,60,76.95314903512144,93648.37209302325
530,65,66.10804428822294,101387.90697674418
530,70,56.94341235931614,109127.44186046511
530,75,49.02737504890399,116866.97674418605
530,80,42.432978553672264,124606.51162790698
531,5,988.8445902181783,8513.488372093023
531,10,625.8213254042139,16253.023255813954
531,15,439.89614728900733,23992.558139534885
531,20,338.8813678952318,31732.093023255813
531,25,270.98731796658143,39471.62790697675
531,30,220.15493046129103,47211.16279069767
531,35,181.65461442734102,54950.6976744186
531,40,150.81248445122336,62690.232558139534
531,45,126.88500723440727,70429.76744186047
531,50,107.60939021265249,78169.30232558139
531,55,91.84000982041385,85908.83720930232
531,60,78.71325785457752,93648.37209302325
531,65,67.60587469656667,101387.90697674418
531,70,58.32381213850775,109127.44186046511
531,75,50.35759899116738,116866.97674418605
531,80,43.59247482726115,124606.51162790698
532,5,955.6918564697736,8513.488372093023
532,10,608.7777606342006,16253.023255813954
532,15,434.4331610236503,23992.558139534885
532,20,336.050797885058,31732.093023255813
532,25,268.5568188996799,39471.62790697675
532,30,218.25450810956914,47211.16279069767
532,35,179.7647362445058,54950.6976744186
532,40,148.89348313764958,62690.232558139534
532,45,124.5517985386499,70429.76744186047
532,50,105.39824508202435,78169.30232558139
532,55,89.34526840688966,85908.83720930232
532,60,75.97490426114159,93648.37209302325
532,65,65.32299801827143,101387.90697674418
532,70,56.410678333074856,109127.44186046511
532,75,48.72286584885608,116866.97674418605
532,80,42.239236288864056,124606.51162790698
533,5,962.6425898633486,8513.488372093023
533,10,621.9604958398687,16253.023255813954
533,15,453.1384419332463,23992.558139534885
533,20,350.1825697609192,31732.093023255813
533,25,280.4221197062011,39471.62790697675
533,30,228.33672948495945,47211.16279069767
533,35,187.8484988917956,54950.6976744186
533,40,155.55208524281318,62690.232558139534
533,45,129.59861987570136,70429.76744186047
533,50,109.15285933284264,78169.30232558139
533,55,92.73761007238792,85908.83720930232
533,60,79.2150371756815,93648.37209302325
533,65,68.27878758725106,101387.90697674418
533,70,58.918786757352336,109127.44186046511
533,75,51.14486463265074,116866.97674418605
533,80,44.388686961259246,124606.51162790698
534,5,976.3764994099087,8513.488372093023
534,10,630.457393641499,16253.023255813954
534,15,450.73830577957665,23992.558139534885
534,20,351.09002555187726,31732.093023255813
534,25,280.5296425303398,39471.62790697675
534,30,227.5643191884882,47211.16279069767
534,35,187.13905869352263,54950.6976744186
534,40,154.55574035681755,62690.232558139534
534,45,128.39653102888843,70429.76744186047
534,50,107.88432649359213,78169.30232558139
534,55,91.79953569021403,85908.83720930232
534,60,78.48391410719358,93648.37209302325
534,65,67.54946530564054,101387.90697674418
534,70,58.392464588059724,109127.44186046511
534,75,50.531064244656285,116866.97674418605
534,80,43.88680161699619,124606.51162790698
535,5,1008.8639855667415,8513.488372093023
535,10,639.8118461503636,16253.023255813954
535,15,450.2516064659881,23992.558139534885
535,20,343.90764883069403,31732.093023255813
535,25,272.909443419647,39471.62790697675
535,30,223.71812375073907,47211.16279069767
535,35,185.57707348539026,54950.6976744186
535,40,154.4563839582901,62690.232558139534
535,45,129.02617244418857,70429.76744186047
535,50,108.45185123289116,78169.30232558139
535,55,92.25760892123886,85908.83720930232
535,60,78.8570818305898,93648.37209302325
535,65,67.65263413262605,101387.90697674418
535,70,58.35372609361792,109127.44186046511
535,75,50.54596565465998,116866.97674418605
535,80,43.842642267206365,124606.51162790698
536,5,998.4288032594278,8513.488372093023
536,10,620.9415648020697,16253.023255813954
536,15,439.6392710755791,23992.558139534885
536,20,334.60256762678887,31732.093023255813
536,25,268.1650437880974,39471.62790697675
536,30,218.70801760303073,47211.16279069767
536,35,179.98542585722274,54950.6976744186
536,40,149.34138041282563,62690.232558139534
536,45,124.47872752245169,70429.76744186047
536,50,105.07222430298253,78169.30232558139
536,55,89.45102775713723,85908.83720930232
536,60,76.79023240936662,93648.37209302325
536,65,66.16295314364078,101387.90697674418
536,70,57.241101031961115,109127.44186046511
536,75,49.486938086300476,116866.97674418605
536,80,42.87994059800945,124606.51162790698
537,5,999.4824785457437,8513.488372093023
537,10,623.1929719707471,16253.023255813954
537,15,440.90532782575764,23992.558139534885
537,20,335.70734761886337,31732.093023255813
537,25,267.15297278314716,39471.62790697675
537,30,217.5394043988613,47211.16279069767
537,35,178.85810341983338,54950.6976744186
537,40,148.1597010917886,62690.232558139534
537,45,124.19222033522722,70429.76744186047
537,50,105.60367551597295,78169.30232558139
537,55,90.0715924236056,85908.83720930232
537,60,77.45078710350475,93648.37209302325
537,65,66.57639901621508,101387.90697674418
537,70,57.429937210171886,109127.44186046511
537,75,49.60482619284046,116866.97674418605
537,80,42.9763969099298,124606.51162790698
538,5,982.9528035186341,8513.488372093023
538,10,615.2194345822546,16253.023255813954
538,15,433.1904926056348,23992.558139534885
538,20,332.55579248177264,31732.093023255813
538,25,263.76958314640797,39471.62790697675
538,30,214.64075415616037,47211.16279069767
538,35,176.28284324436322,54950.6976744186
538,40,146.36498382115886,62690.232558139534
538,45,122.73053953390169,70429.76744186047
538,50,104.19233911043902,78169.30232558139
538,55,88.71192021677797,85908.83720930232
538,60,76.03889783775439,93648.37209302325
538,65,65.51949765466695,101387.90697674418
538,70,56.51438256729913,109127.44186046511
538,75,48.877644949936084,116866.97674418605
538,80,42.230304128138975,124606.51162790698
539,5,981.545235981118,8513.488372093023
539,10,617.8157628836942,16253.023255813954
539,15,431.5022532190089,23992.558139534885
539,20,330.8052033781799,31732.093023255813
539,25,262.7601240025834,39471.62790697675
539,30,213.04953891243997,47211.16279069767
539,35,174.36798003027363,54950.6976744186
539,40,144.98734888424227,62690.232558139534
539,45,121.51867510606291,70429.76744186047
539,50,102.24890239217163,78169.30232558139
539,55,86.69735250966782,85908.83720930232
539,60,74.07748497188372,93648.37209302325
539,65,63.658444448209494,101387.90697674418
539,70,55.00175787068705,109127.44186046511
539,75,47.703727367530895,116866.97674418605
539,80,41.414459768977494,124606.51162790698
540,5,985.5696550893521,8513.488372093023
540,10,622.43251547976,16253.023255813954
540,15,437.66820112124776,23992.558139534885
540,20,335.61555926784536,31732.093023255813
540,25,266.61975484042796,39471.62790697675
540,30,216.38409239234747,47211.16279069767
540,35,178.48998833173016,54950.6976744186
540,40,148.15345444224369,62690.232558139534
540,45,124.22592626902009,70429.76744186047
540,50,105.0866635733195,78169.30232558139
540,55,89.39865643823363,85908.83720930232
540,60,76.34622744723832,93648.37209302325
540,65,65.50534415063854,101387.90697674418
540,70,56.518847145665475,109127.44186046511
540,75,48.973476819465816,116866.97674418605
540,80,42.48138440333445,124606.51162790698
541,5,991.8061361334952,8513.488372093023
541,10,623.9470396299303,16253.023255813954
541,15,443.5620328271233,23992.558139534885
541,20,340.7594333065906,31732.093023255813
541,25,269.1889245042034,39471.62790697675
541,30,217.9865654781165,47211.16279069767
541,35,179.99639863946464,54950.6976744186
541,40,149.59699824187177,62690.232558139534
541,45,125.43177164656356,70429.76744186047
541,50,105.81515514182283,78169.30232558139
541,55,89.8014216135645,85908.83720930232
541,60,76.60339507063567,93648.37209302325
541,65,65.76994931050817,101387.90697674418
541,70,56.6790196126624,109127.44186046511
541,75,48.988722580458514,116866.97674418605
541,80,42.424493144829505,124606.51162790698
542,5,968.3288110080235,8513.488372093023
542,10,613.0424141247091,16253.023255813954
542,15,431.4646973143463,23992.558139534885
542,20,327.30336882446863,31732.093023255813
542,25,258.38173222058117,39471.62790697675
542,30,207.88270512704466,47211.16279069767
542,35,170.67504699120013,54950.6976744186
542,40,141.56195260639234,62690.232558139534
542,45,117.76322407713346,70429.76744186047
542,50,98.97097804499967,78169.30232558139
542,55,84.23454526065066,85908.83720930232
542,60,72.15406500316716,93648.37209302325
542,65,62.179170632884066,101387.90697674418
542,70,53.798949593713616,109127.44186046511
542,75,46.54279884446485,116866.97674418605
542,80,40.36283865634969,124606.51162790698
543,5,961.4264013316573,8513.488372093023
543,10,626.5988645411018,16253.023255813954
543,15,443.45811484475433,23992.558139534885
543,20,332.56824346816916,31732.093023255813
543,25,260.65860518010425,39471.62790697675
543,30,208.7209403234059,47211.16279069767
543,35,172.18887983034517,54950.6976744186
543,40,143.77854278668292,62690.232558139534
543,45,120.34982366373646,70429.76744186047
543,50,101.192646459532,78169.30232558139
543,55,86.2746462859687,85908.83720930232
543,60,73.84717765525639,93648.37209302325
543,65,63.47086870471127,101387.90697674418
543,70,54.66047063577148,109127.44186046511
543,75,47.33605259754823,116866.97674418605
543,80,41.06608735411383,124606.51162790698
544,5,943.519818793277,8513.488372093023
544,10,617.7216998653998,16253.023255813954
544,15,437.9040662457856,23992.558139534885
544,20,331.02484288231204,31732.093023255813
544,25,259.6906375841775,39471.62790697675
544,30,208.18408385555628,47211.16279069767
544,35,170.7659329894317,54950.6976744186
544,40,141.37008623338846,62690.232558139534
544,45,118.259016946359,70429.76744186047
544,50,99.46621430962213,78169.30232558139
544,55,84.39920040084138,85908.83720930232
544,60,72.23454547994834,93648.37209302325
544,65,62.41057945083174,101387.90697674418
544,70,53.957728186511154,109127.44186046511
544,75,46.839210681550526,116866.97674418605
544,80,40.7123479404781,124606.51162790698
545,5,937.3485206379448,8513.488372093023
545,10,612.235409878907,16253.023255813954
545,15,433.48595348197733,23992.558139534885
545,20,328.5028511287839,31732.093023255813
545,25,258.94540190811574,39471.62790697675
545,30,208.23206740258703,47211.16279069767
545,35,171.0534584147634,54950.6976744186
545,40,141.80154911793056,62690.232558139534
545,45,118.13870536281759,70429.76744186047
545,50,99.80015614795099,78169.30232558139
545,55,84.93596012684449,85908.83720930232
545,60,72.99888983000912,93648.37209302325
545,65,63.038365403268074,101387.90697674418
545,70,54.811123385834776,109127.44186046511
545,75,47.798782434764135,116866.97674418605
545,80,41.68847867498397,124606.51162790698
546,5,911.6903256739394,8513.488372093023
546,10,589.5725931509144,16253.023255813954
546,15,411.0571513928607,23992.558139534885
546,20,312.5941719867852,31732.093023255813
546,25,247.5561886965482,39471.62790697675
546,30,199.04496776525477,47211.16279069767
546,35,162.3778376606678,54950.6976744186
546,40,133.59727480308152,62690.232558139534
546,45,111.62156865713987,70429.76744186047
546,50,94.31850598853161,78169.30232558139
546,55,80.51276037168458,85908.83720930232
546,60,69.14103724445711,93648.37209302325
546,65,59.538487295137365,101387.90697674418
546,70,51.40854221530374,109127.44186046511
546,75,44.50025943014679,116866.97674418605
546,80,38.52953742845265,124606.51162790698
547,5,919.3379730249248,8513.488372093023
547,10,589.8312293831183,16253.023255813954
547,15,415.23717693031506,23992.558139534885
547,20,320.2417322411496,31732.093023255813
547,25,253.77777459598929,39471.62790697675
547,30,205.1428065083975,47211.16279069767
547,35,167.24812170691294,54950.6976744186
547,40,138.137666663956,62690.232558139534
547,45,114.99457369019012,70429.76744186047
547,50,97.1232717608514,78169.30232558139
547,55,82.78546525682651,85908.83720930232
547,60,70.88535229703463,93648.37209302325
547,65,61.11538955521878,101387.90697674418
547,70,53.02750723893213,109127.44186046511
547,75,46.16301119473216,116866.97674418605
547,80,40.20431039709434,124606.51162790698
548,5,917.8008919353091,8513.488372093023
548,10,586.1960779553349,16253.023255813954
548,15,409.96287173976003,23992.558139534885
548,20,309.53558491856376,31732.093023255813
548,25,243.024302590979,39471.62790697675
548,30,195.34404083840536,47211.16279069767
548,35,159.74261889163276,54950.6976744186
548,40,132.0638130161189,62690.232558139534
548,45,109.80477837567649,70429.76744186047
548,50,92.35933061533464,78169.30232558139
548,55,78.46757195531217,85908.83720930232
548,60,67.10066917361205,93648.37209302325
548,65,57.89143821934846,101387.90697674418
548,70,50.19702013389342,109127.44186046511
548,75,43.54822892707205,116866.97674418605
548,80,37.9394540341885,124606.51162790698
549,5,918.1044290347581,8513.488372093023
549,10,587.6503956784435,16253.023255813954
549,15,416.5106868154854,23992.558139534885
549,20,313.70162330905583,31732.093023255813
549,25,246.95755788205926,39471.62790697675
549,30,199.6294989783479,47211.16279069767
549,35,163.32140293353922,54950.6976744186
549,40,135.9193339294057,62690.232558139534
549,45,113.9626276317607,70429.76744186047
549,50,96.07873582307542,78169.30232558139
549,55,81.96255460404697,85908.83720930232
549,60,70.37962728741138,93648.37209302325
549,65,60.714460414144604,101387.90697674418
549,70,52.79502215915976,109127.44186046511
549,75,46.110313757078636,116866.97674418605
549,80,40.316797190816004,124606.51162790698
550,5,896.8257210048819,8513.488372093023
550,10,573.4072184289057,16253.023255813954
550,15,410.5990989882028,23992.558139534885
550,20,305.3885422175811,31732.093023255813
550,25,239.62497758435472,39471.62790697675
550,30,193.84397049399038,47211.16279069767
550,35,159.09564037534616,54950.6976744186
550,40,132.19538302451573,62690.232558139534
550,45,110.65085822599478,70429.76744186047
550,50,93.616067150782,78169.30232558139
550,55,79.95847071681877,85908.83720930232
550,60,68.55171505380552,93648.37209302325
550,65,59.36992756699523,101387.90697674418
550,70,51.5585728235571,109127.44186046511
550,75,44.979053898802036,116866.97674418605
550,80,39.22488133301587,124606.51162790698
551,5,896.2419130763511,8513.488372093023
551,10,565.6363760100035,16253.023255813954
551,15,402.06981405449795,23992.558139534885
551,20,301.97371364175217,31732.093023255813
551,25,237.34986993112352,39471.62790697675
551,30,190.5642007194463,47211.16279069767
551,35,156.4825285574577,54950.6976744186
551,40,129.75488053708577,62690.232558139534
551,45,108.6551407221059,70429.76744186047
551,50,91.80241020660286,78169.30232558139
551,55,78.21123245136374,85908.83720930232
551,60,67.30737398215332,93648.37209302325
551,65,58.06098147729497,101387.90697674418
551,70,50.44629741407453,109127.44186046511
551,75,44.00419569079366,116866.97674418605
551,80,38.50949617474328,124606.51162790698
552,5,887.1689962997609,8513.488372093023
552,10,546.0758968768342,16253.023255813954
552,15,388.17905110731664,23992.558139534885
552,20,293.36577280165164,31732.093023255813
552,25,232.33144283118818,39471.62790697675
552,30,187.31994393552225,47211.16279069767
552,35,153.25269470818355,54950.6976744186
552,40,126.87988679755833,62690.232558139534
552,45,106.66794106231441,70429.76744186047
552,50,90.40533335170214,78169.30232558139
552,55,77.20930020116296,85908.83720930232
552,60,66.41929603777837,93648.37209302325
552,65,57.74691605615443,101387.90697674418
552,70,50.304520672983294,109127.44186046511
552,75,43.9454691988257,116866.97674418605
552,80,38.32887345739424,124606.51162790698
553,5,881.2528911426638,8513.488372093023
553,10,550.0707278172137,16253.023255813954
553,15,390.8843554044822,23992.558139534885
553,20,296.36781554007706,31732.093023255813
553,25,235.39281287143717,39471.62790697675
553,30,189.61497435974752,47211.16279069767
553,35,155.80729017844945,54950.6976744186
553,40,129.2590486790083,62690.232558139534
553,45,108.28097851249903,70429.76744186047
553,50,91.48312340499444,78169.30232558139
553,55,78.0652802701757,85908.83720930232
553,60,67.10847178115056,93648.37209302325
553,65,58.04695156903347,101387.90697674418
553,70,50.50079186462302,109127.44186046511
553,75,43.93604021918313,116866.97674418605
553,80,38.36313708319843,124606.51162790698
554,5,864.315489350153,8513.488372093023
554,10,546.0557804869858,16253.023255813954
554,15,380.54278116120526,23992.558139534885
554,20,286.56972864249195,31732.093023255813
554,25,224.97557618834176,39471.62790697675
554,30,180.8171702526377,47211.16279069767
554,35,146.97726714533914,54950.6976744186
554,40,120.87455210605356,62690.232558139534
554,45,101.2329008077962,70429.76744186047
554,50,85.65669819593784,78169.30232558139
554,55,73.2655198607169,85908.83720930232
554,60,63.03052035877874,93648.37209302325
554,65,54.450654244893066,101387.90697674418
554,70,47.32471411544856,109127.44186046511
554,75,41.18335515105034,116866.97674418605
554,80,35.78989682613768,124606.51162790698
555,5,868.1983450904129,8513.488372093023
555,10,548.4953435118944,16253.023255813954
555,15,385.09940070684,23992.558139534885
555,20,292.07683282686173,31732.093023255813
555,25,230.01913226238003,39471.62790697675
555,30,184.07023182446346,47211.16279069767
555,35,150.37499288258942,54950.6976744186
555,40,125.28700755611042,62690.232558139534
555,45,104.62938503698815,70429.76744186047
555,50,88.08177453175632,78169.30232558139
555,55,74.9988802077748,85908.83720930232
555,60,64.26033911212248,93648.37209302325
555,65,55.4736710375826,101387.90697674418
555,70,48.10698020769989,109127.44186046511
555,75,41.787758300886516,116866.97674418605
555,80,36.27933777629756,124606.51162790698
556,5,866.5118775458477,8513.488372093023
556,10,538.5141009294955,16253.023255813954
556,15,380.0974893360914,23992.558139534885
556,20,288.59880480629164,31732.093023255813
556,25,227.6276464801868,39471.62790697675
556,30,184.07901217060854,47211.16279069767
556,35,152.39829805524383,54950.6976744186
556,40,126.54193659043086,62690.232558139534
556,45,105.54012502140942,70429.76744186047
556,50,88.55519084561426,78169.30232558139
556,55,75.3083988717246,85908.83720930232
556,60,64.57256113874529,93648.37209302325
556,65,55.63099009360379,101387.90697674418
556,70,48.087703045651274,109127.44186046511
556,75,41.601760280227424,116866.97674418605
556,80,36.075704142112414,124606.51162790698
557,5,900.7471304204489,8513.488372093023
557,10,552.0681661798308,16253.023255813954
557,15,395.7830540069177,23992.558139534885
557,20,303.58660932978916,31732.093023255813
557,25,239.7931198746993,39471.62790697675
557,30,193.66974644580793,47211.16279069767
557,35,159.47574807217714,54950.6976744186
557,40,132.62870931128774,62690.232558139534
557,45,110.68090226286063,70429.76744186047
557,50,93.19252807591769,78169.30232558139
557,55,79.24891934505816,85908.83720930232
557,60,67.96569073579744,93648.37209302325
557,65,58.61926901606955,101387.90697674418
557,70,50.88306058198164,109127.44186046511
557,75,44.22598341589851,116866.97674418605
557,80,38.43620563107042,124606.51162790698
558,5,914.5465049030162,8513.488372093023
558,10,545.9491671538889,16253.023255813954
558,15,390.3594118306834,23992.558139534885
558,20,298.33802673699313,31732.093023255813
558,25,234.23724801755992,39471.62790697675
558,30,189.5396556289617,47211.16279069767
558,35,156.2463757789896,54950.6976744186
558,40,129.73977330345886,62690.232558139534
558,45,108.07812811514259,70429.76744186047
558,50,91.1308723938562,78169.30232558139
558,55,77.87560681651713,85908.83720930232
558,60,66.86207001095083,93648.37209302325
558,65,57.37084710521168,101387.90697674418
558,70,49.51263920775793,109127.44186046511
558,75,42.92413813814713,116866.97674418605
558,80,37.36818358974142,124606.51162790698
559,5,913.4163438284867,8513.488372093023
559,10,552.8067725635159,16253.023255813954
559,15,397.0599757966194,23992.558139534885
559,20,301.00630824439514,31732.093023255813
559,25,237.0314323755621,39471.62790697675
559,30,191.73264547029476,47211.16279069767
559,35,157.93299872146568,54950.6976744186
559,40,131.62458857188238,62690.232558139534
559,45,110.1701641388733,70429.76744186047
559,50,92.90549631524534,78169.30232558139
559,55,79.1514239545481,85908.83720930232
559,60,67.64175033172037,93648.37209302325
559,65,58.24216311398455,101387.90697674418
559,70,50.355753439436754,109127.44186046511
559,75,43.82073131473671,116866.97674418605
559,80,38.11007178303458,124606.51162790698
560,5,897.5567216010788,8513.488372093023
560,10,552.1615789672812,16253.023255813954
560,15,393.07417370561313,23992.558139534885
560,20,298.1227236082196,31732.093023255813
560,25,232.62098848430134,39471.62790697675
560,30,186.21007002793002,47211.16279069767
560,35,152.20936466104604,54950.6976744186
560,40,126.32279163287942,62690.232558139534
560,45,105.62955338241116,70429.76744186047
560,50,89.13506641169933,78169.30232558139
560,55,75.82361177488575,85908.83720930232
560,60,64.98575892445396,93648.37209302325
560,65,55.923038381598424,101387.90697674418
560,70,48.31328823308814,109127.44186046511
560,75,41.92927193769736,116866.97674418605
560,80,36.342822046736515,124606.51162790698
561,5,881.8247217254236,8513.488372093023
561,10,556.718053772601,16253.023255813954
561,15,402.9007457432201,23992.558139534885
561,20,302.5452001843206,31732.093023255813
561,25,235.9365364203894,39471.62790697675
561,30,189.8265521351223,47211.16279069767
561,35,155.59884025050948,54950.6976744186
561,40,129.07212865118714,62690.232558139534
561,45,108.30823751881762,70429.76744186047
561,50,91.63502221055347,78169.30232558139
561,55,78.13158256960833,85908.83720930232
561,60,66.99816026071785,93648.37209302325
561,65,57.635953421391484,101387.90697674418
561,70,49.96639577921563,109127.44186046511
561,75,43.40436160718329,116866.97674418605
561,80,37.70519904558163,124606.51162790698
562,5,866.9167743136675,8513.488372093023
562,10,549.9211166502428,16253.023255813954
562,15,393.6604498417758,23992.558139534885
562,20,298.96021589299863,31732.093023255813
562,25,234.25904300360367,39471.62790697675
562,30,188.84410033645912,47211.16279069767
562,35,155.60766612123214,54950.6976744186
562,40,129.4934440963399,62690.232558139534
562,45,108.19473562409125,70429.76744186047
562,50,91.30175182305764,78169.30232558139
562,55,77.3676090908974,85908.83720930232
562,60,66.35485651960381,93648.37209302325
562,65,57.1523239800674,101387.90697674418
562,70,49.51504363148776,109127.44186046511
562,75,42.96120594762873,116866.97674418605
562,80,37.34587983763134,124606.51162790698
563,5,857.0390967813606,8513.488372093023
563,10,549.2862478150538,16253.023255813954
563,15,397.5617708877644,23992.558139534885
563,20,303.1594395005875,31732.093023255813
563,25,238.13448399790255,39471.62790697675
563,30,191.5810584000209,47211.16279069767
563,35,157.04353543864303,54950.6976744186
563,40,130.2450532859418,62690.232558139534
563,45,108.54855109192599,70429.76744186047
563,50,91.83208587097802,78169.30232558139
563,55,78.34933131039537,85908.83720930232
563,60,67.30102991083002,93648.37209302325
563,65,57.878653272530684,101387.90697674418
563,70,50.062541991570235,109127.44186046511
563,75,43.422332466628234,116866.97674418605
563,80,37.7511261934557,124606.51162790698
564,5,871.4193765885026,8513.488372093023
564,10,569.0288274935747,16253.023255813954
564,15,408.59308696100993,23992.558139534885
564,20,314.3938438920253,31732.093023255813
564,25,249.11431339712217,39471.62790697675
564,30,200.06632680624497,47211.16279069767
564,35,163.63811996565076,54950.6976744186
564,40,135.63162058540348,62690.232558139534
564,45,113.47181822998037,70429.76744186047
564,50,95.9151183924053,78169.30232558139
564,55,81.42819147348872,85908.83720930232
564,60,69.66145884128527,93648.37209302325
564,65,59.99257829104999,101387.90697674418
564,70,51.78651013722761,109127.44186046511
564,75,44.94746236712529,116866.97674418605
564,80,39.09632459803986,124606.51162790698
565,5,872.261110027522,8513.488372093023
565,10,565.3111102960405,16253.023255813954
565,15,406.66846236821664,23992.558139534885
565,20,309.64250693199654,31732.093023255813
565,25,244.14132333296268,39471.62790697675
565,30,195.8215796266003,47211.16279069767
565,35,159.4256819490328,54950.6976744186
565,40,131.70810478289215,62690.232558139534
565,45,110.3131883581744,70429.76744186047
565,50,93.26312407122772,78169.30232558139
565,55,79.6073162189953,85908.83720930232
565,60,68.26984165041456,93648.37209302325
565,65,58.99080697597833,101387.90697674418
565,70,51.07396037692908,109127.44186046511
565,75,44.41655883337706,116866.97674418605
565,80,38.67058697524807,124606.51162790698
566,5,855.1896161682798,8513.488372093023
566,10,552.0290064260895,16253.023255813954
566,15,394.62972372263204,23992.558139534885
566,20,296.54854922725514,31732.093023255813
566,25,233.3196835434915,39471.62790697675
566,30,187.88497707736974,47211.16279069767
566,35,155.1295007675149,54950.6976744186
566,40,129.79382848711722,62690.232558139534
566,45,109.08768544582158,70429.76744186047
566,50,92.31561340070306,78169.30232558139
566,55,78.32844335841044,85908.83720930232
566,60,66.97902188970981,93648.37209302325
566,65,57.80201250501801,101387.90697674418
566,70,50.06763745033187,109127.44186046511
566,75,43.348744047413284,116866.97674418605
566,80,37.69742153441095,124606.51162790698
567,5,841.225153902874,8513.488372093023
567,10,545.0120434289669,16253.023255813954
567,15,381.8625155363185,23992.558139534885
567,20,291.28934709027067,31732.093023255813
567,25,230.9416415587204,39471.62790697675
567,30,187.1623147990491,47211.16279069767
567,35,154.05402206233177,54950.6976744186
567,40,128.69724943861854,62690.232558139534
567,45,108.17933227008534,70429.76744186047
567,50,91.80121586680052,78169.30232558139
567,55,78.57757103844936,85908.83720930232
567,60,67.50108550720377,93648.37209302325
567,65,58.36814730063847,101387.90697674418
567,70,50.59052129495447,109127.44186046511
567,75,43.909187095036174,116866.97674418605
567,80,38.22893515542741,124606.51162790698
568,5,837.1068862935211,8513.488372093023
568,10,540.6387603617084,16253.023255813954
568,15,380.0022867331739,23992.558139534885
568,20,287.4299270586437,31732.093023255813
568,25,226.41189390330814,39471.62790697675
568,30,182.08768554236494,47211.16279069767
568,35,149.2733685008537,54950.6976744186
568,40,124.62064778291808,62690.232558139534
568,45,104.7413046392135,70429.76744186047
568,50,88.4755807609175,78169.30232558139
568,55,75.70642022689547,85908.83720930232
568,60,64.96708588708813,93648.37209302325
568,65,55.992687070760255,101387.90697674418
568,70,48.332270113299934,109127.44186046511
568,75,41.882443557285875,116866.97674418605
568,80,36.436359197828956,124606.51162790698
569,5,841.3608519951617,8513.488372093023
569,10,545.0811121850634,16253.023255813954
569,15,381.5286045180005,23992.558139534885
569,20,290.2951459080606,31732.093023255813
569,25,227.36124499680082,39471.62790697675
569,30,184.0480430783924,47211.16279069767
569,35,151.10126681528973,54950.6976744186
569,40,126.02632365696871,62690.232558139534
569,45,106.06385493005514,70429.76744186047
569,50,89.61146514125136,78169.30232558139
569,55,76.57872239709243,85908.83720930232
569,60,66.09368529182112,93648.37209302325
569,65,57.21504778484877,101387.90697674418
569,70,49.73945153257009,109127.44186046511
569,75,43.38326159759412,116866.97674418605
569,80,37.91692579557121,124606.51162790698
570,5,856.3508622286108,8513.488372093023
570,10,546.5379220713089,16253.023255813954
570,15,384.78286130617755,23992.558139534885
570,20,291.1308302780009,31732.093023255813
570,25,228.46300913843547,39471.62790697675
570,30,184.12673103303155,47211.16279069767
570,35,150.87531867266165,54950.6976744186
570,40,125.57298493063037,62690.232558139534
570,45,105.58649398791194,70429.76744186047
570,50,89.35936002739761,78169.30232558139
570,55,76.4848244694827,85908.83720930232
570,60,65.65995601610126,93648.37209302325
570,65,56.63850926769434,101387.90697674418
570,70,49.042781307699045,109127.44186046511
570,75,42.59741080929313,116866.97674418605
570,80,37.06204617979193,124606.51162790698
571,5,889.4140274066407,8513.488372093023
571,10,553.69094408774,16253.023255813954
571,15,392.33672184810405,23992.558139534885
571,20,295.17248284739077,31732.093023255813
571,25,232.26711822707014,39471.62790697675
571,30,187.11041345804722,47211.16279069767
571,35,153.03000402570365,54950.6976744186
571,40,127.12042760751895,62690.232558139534
571,45,106.74636956931356,70429.76744186047
571,50,90.25439747260046,78169.30232558139
571,55,77.18130710799957,85908.83720930232
571,60,66.53657287425665,93648.37209302325
571,65,57.55901470245562,101387.90697674418
571,70,49.97168997761547,109127.44186046511
571,75,43.52304259171992,116866.97674418605
571,80,37.96617255444119,124606.51162790698
572,5,903.8652393334891,8513.488372093023
572,10,553.6373222559102,16253.023255813954
572,15,389.25999721844437,23992.558139534885
572,20,292.19543280708496,31732.093023255813
572,25,227.45442144125028,39471.62790697675
572,30,182.21695754202665,47211.16279069767
572,35,149.95653708246311,54950.6976744186
572,40,123.86338653658183,62690.232558139534
572,45,103.35204875790892,70429.76744186047
572,50,86.9669599368683,78169.30232558139
572,55,74.33929700346427,85908.83720930232
572,60,63.904895194234584,93648.37209302325
572,65,55.022153025495165,101387.90697674418
572,70,47.58542729707987,109127.44186046511
572,75,41.36598430709834,116866.97674418605
572,80,36.062603872478775,124606.51162790698
573,5,908.9142229414239,8513.488372093023
573,10,553.7663821163958,16253.023255813954
573,15,386.9250735765157,23992.558139534885
573,20,290.8735018035254,31732.093023255813
573,25,225.12466013232446,39471.62790697675
573,30,181.7257662827787,47211.16279069767
573,35,150.18960466417766,54950.6976744186
573,40,125.22181480813968,62690.232558139534
573,45,105.04506399937252,70429.76744186047
573,50,89.07507202616075,78169.30232558139
573,55,75.98515717200651,85908.83720930232
573,60,65.50065291081114,93648.37209302325
573,65,56.75742122916159,101387.90697674418
573,70,49.334959163253956,109127.44186046511
573,75,42.92099732895314,116866.97674418605
573,80,37.38392854571269,124606.51162790698
574,5,909.7295903901787,8513.488372093023
574,10,550.8005643272252,16253.023255813954
574,15,379.3573507418736,23992.558139534885
574,20,287.88838213822976,31732.093023255813
574,25,226.43315329260312,39471.62790697675
574,30,181.990127736908,47211.16279069767
574,35,150.40448315891246,54950.6976744186
574,40,125.11966997657954,62690.232558139534
574,45,105.37752915565355,70429.76744186047
574,50,89.32977812851716,78169.30232558139
574,55,76.24522835029939,85908.83720930232
574,60,65.63652407485996,93648.37209302325
574,65,56.831886221200094,101387.90697674418
574,70,49.44314777046647,109127.44186046511
574,75,43.02163019602044,116866.97674418605
574,80,37.44277680925034,124606.51162790698
575,5,915.1880255035725,8513.488372093023
575,10,550.5317384988591,16253.023255813954
575,15,387.01220550626965,23992.558139534885
575,20,294.0458682210673,31732.093023255813
575,25,233.31732325300294,39471.62790697675
575,30,188.71186014680868,47211.16279069767
575,35,156.31554182185138,54950.6976744186
575,40,130.4117944234267,62690.232558139534
575,45,109.67417523399149,70429.76744186047
575,50,92.72390552517123,78169.30232558139
575,55,78.86990825872705,85908.83720930232
575,60,67.73228770902527,93648.37209302325
575,65,58.45264640792862,101387.90697674418
575,70,50.603291442908564,109127.44186046511
575,75,43.91681483960254,116866.97674418605
575,80,38.17955654024936,124606.51162790698
576,5,898.6983972587708,8513.488372093023
576,10,538.940145001771,16253.023255813954
576,15,374.0761771958157,23992.558139534885
576,20,282.5222783533444,31732.093023255813
576,25,223.74459041831633,39471.62790697675
576,30,181.16224020213107,47211.16279069767
576,35,148.56936971488645,54950.6976744186
576,40,123.0442016350306,62690.232558139534
576,45,103.53902474638828,70429.76744186047
576,50,87.66120539384062,78169.30232558139
576,55,74.7602935301783,85908.83720930232
576,60,64.3976967138754,93648.37209302325
576,65,55.68770472823862,101387.90697674418
576,70,48.30483202721015,109127.44186046511
576,75,41.9317285582857,116866.97674418605
576,80,36.40684795583221,124606.51162790698
577,5,895.9541706563152,8513.488372093023
577,10,537.4668469831574,16253.023255813954
577,15,371.92930644697805,23992.558139534885
577,20,283.5937661172724,31732.093023255813
577,25,223.8534291489296,39471.62790697675
577,30,180.1218092012522,47211.16279069767
577,35,146.6514153729107,54950.6976744186
577,40,121.08100542959401,62690.232558139534
577,45,100.91812083366068,70429.76744186047
577,50,85.11568260514507,78169.30232558139
577,55,72.28661642793035,85908.83720930232
577,60,61.80807380221619,93648.37209302325
577,65,53.10118009435422,101387.90697674418
577,70,45.843402637510565,109127.44186046511
577,75,39.78679888794904,116866.97674418605
577,80,34.51286928866876,124606.51162790698
578,5,896.6815791458838,8513.488372093023
578,10,543.0383674757935,16253.023255813954
578,15,376.58616101659624,23992.558139534885
578,20,281.9342813034543,31732.093023255813
578,25,220.27659395749274,39471.62790697675
578,30,176.0980554261938,47211.16279069767
578,35,143.64843073916316,54950.6976744186
578,40,119.04637335447212,62690.232558139534
578,45,99.4355325452498,70429.76744186047
578,50,83.87715049146591,78169.30232558139
578,55,71.4117688752678,85908.83720930232
578,60,61.173023647872,93648.37209302325
578,65,52.71298242828006,101387.90697674418
578,70,45.59447567761032,109127.44186046511
578,75,39.52333499507949,116866.97674418605
578,80,34.212008824716506,124606.51162790698
579,5,919.4930491545367,8513.488372093023
579,10,554.992128626926,16253.023255813954
579,15,389.9749772974537,23992.558139534885
579,20,294.4909645801763,31732.093023255813
579,25,230.12247490023148,39471.62790697675
579,30,183.92590034576054,47211.16279069767
579,35,150.37121282082194,54950.6976744186
579,40,124.55092458629841,62690.232558139534
579,45,104.2344852151305,70429.76744186047
579,50,87.96424609739114,78169.30232558139
579,55,74.49880248976835,85908.83720930232
579,60,63.5653712531528,93648.37209302325
579,65,54.64210232492734,101387.90697674418
579,70,47.17070230257877,109127.44186046511
579,75,40.867163744600624,116866.97674418605
579,80,35.42847097578438,124606.51162790698
580,5,894.6483771695615,8513.488372093023
580,10,535.9696300642034,16253.023255813954
580,15,374.63653862981124,23992.558139534885
580,20,284.897296278231,31732.093023255813
580,25,221.94907062627436,39471.62790697675
580,30,176.0920515537338,47211.16279069767
580,35,144.0019009181397,54950.6976744186
580,40,119.24502554044652,62690.232558139534
580,45,100.01712043136395,70429.76744186047
580,50,84.47952502882292,78169.30232558139
580,55,71.81304134926305,85908.83720930232
580,60,61.3935556212711,93648.37209302325
580,65,52.55896959782501,101387.90697674418
580,70,45.352426596463154,109127.44186046511
580,75,39.2603608330155,116866.97674418605
580,80,33.98660224089874,124606.51162790698
581,5,869.2230147985244,8513.488372093023
581,10,524.8083144981833,16253.023255813954
581,15,368.7532953270155,23992.558139534885
581,20,278.2554294334754,31732.093023255813
581,25,214.90974459896665,39471.62790697675
581,30,171.9609290084451,47211.16279069767
581,35,140.4597152923469,54950.6976744186
581,40,116.31714793553614,62690.232558139534
581,45,97.05327309126535,70429.76744186047
581,50,81.21331287243392,78169.30232558139
581,55,68.68817902096531,85908.83720930232
581,60,58.98286279218069,93648.37209302325
581,65,50.796840171210725,101387.90697674418
581,70,43.81692125332366,109127.44186046511
581,75,37.92694840001614,116866.97674418605
581,80,32.920461974486464,124606.51162790698
582,5,849.7899663099428,8513.488372093023
582,10,500.15800442060447,16253.023255813954
582,15,356.7933346905407,23992.558139534885
582,20,269.15777577126596,31732.093023255813
582,25,207.73048088793144,39471.62790697675
582,30,166.8563337710468,47211.16279069767
582,35,136.88334740544138,54950.6976744186
582,40,113.80604921694685,62690.232558139534
582,45,95.0190806495458,70429.76744186047
582,50,80.10496197440253,78169.30232558139
582,55,68.03057198984267,85908.83720930232
582,60,58.1420903594393,93648.37209302325
582,65,49.953318122188485,101387.90697674418
582,70,43.15952277276881,109127.44186046511
582,75,37.279550385497224,116866.97674418605
582,80,32.31513748256411,124606.51162790698
583,5,869.5739244149877,8513.488372093023
583,10,510.01978270990855,16253.023255813954
583,15,370.7630293360803,23992.558139534885
583,20,285.4193677666677,31732.093023255813
583,25,224.12278477398004,39471.62790697675
583,30,180.38010170928854,47211.16279069767
583,35,147.18177838219475,54950.6976744186
583,40,121.79350591823054,62690.232558139534
583,45,101.71000436245514,70429.76744186047
583,50,85.75846029748834,78169.30232558139
583,55,73.06435027097447,85908.83720930232
583,60,62.60397157749423,93648.37209302325
583,65,53.947471236950825,101387.90697674418
583,70,46.637526654943414,109127.44186046511
583,75,40.40617840843435,116866.97674418605
583,80,35.04168665550409,124606.51162790698
584,5,863.6088561816297,8513.488372093023
584,10,503.9849150187006,16253.023255813954
584,15,362.89525817012867,23992.558139534885
584,20,276.6235641309535,31732.093023255813
584,25,215.79363082233837,39471.62790697675
584,30,172.3418721119869,47211.16279069767
584,35,141.15959624862248,54950.6976744186
584,40,117.10650092701009,62690.232558139534
584,45,97.73493696083985,70429.76744186047
584,50,81.99544147175467,78169.30232558139
584,55,69.49796014595557,85908.83720930232
584,60,59.3888397504664,93648.37209302325
584,65,51.073218462467615,101387.90697674418
584,70,44.10675356427782,109127.44186046511
584,75,38.22833800648699,116866.97674418605
584,80,33.10027167713006,124606.51162790698
585,5,873.0349792042507,8513.488372093023
585,10,512.7590412453635,16253.023255813954
585,15,369.0670673717619,23992.558139534885
585,20,279.44401324606025,31732.093023255813
585,25,218.23327618056018,39471.62790697675
585,30,174.47278659492565,47211.16279069767
585,35,143.11886367185926,54950.6976744186
585,40,119.17550485682617,62690.232558139534
585,45,100.28438089791577,70429.76744186047
585,50,84.83235023327924,78169.30232558139
585,55,72.2314817856832,85908.83720930232
585,60,61.869948931669114,93648.37209302325
585,65,53.29478692917472,101387.90697674418
585,70,46.09327255420261,109127.44186046511
585,75,39.88642711280053,116866.97674418605
585,80,34.57387656712617,124606.51162790698
586,5,866.0958499536246,8513.488372093023
586,10,515.3015695792121,16253.023255813954
586,15,369.5166673100713,23992.558139534885
586,20,280.4424534391009,31732.093023255813
586,25,216.0462220967841,39471.62790697675
586,30,170.566545684792,47211.16279069767
586,35,139.057250906307,54950.6976744186
586,40,114.81018438542662,62690.232558139534
586,45,95.72074241926494,70429.76744186047
586,50,80.84681612519391,78169.30232558139
586,55,68.68166192749854,85908.83720930232
586,60,58.85742472596493,93648.37209302325
586,65,50.7509151324013,101387.90697674418
586,70,43.875894186262165,109127.44186046511
586,75,38.044885416416264,116866.97674418605
586,80,32.97912284803115,124606.51162790698
587,5,885.9353364897241,8513.488372093023
587,10,520.6631544612501,16253.023255813954
587,15,372.15072426805204,23992.558139534885
587,20,284.7890163247028,31732.093023255813
587,25,223.9048432440641,39471.62790697675
587,30,178.52555141135173,47211.16279069767
587,35,145.59992870004547,54950.6976744186
587,40,121.25594848838035,62690.232558139534
587,45,101.91109531003343,70429.76744186047
587,50,86.25334976408615,78169.30232558139
587,55,73.21584140873341,85908.83720930232
587,60,62.6690984614909,93648.37209302325
587,65,54.09561683728578,101387.90697674418
587,70,46.89482548592549,109127.44186046511
587,75,40.73974790726894,116866.97674418605
587,80,35.39162877991492,124606.51162790698
588,5,881.5945327120909,8513.488372093023
588,10,522.8698932518154,16253.023255813954
588,15,370.969140617008,23992.558139534885
588,20,281.59067335448583,31732.093023255813
588,25,218.7234920710374,39471.62790697675
588,30,173.08400137041852,47211.16279069767
588,35,141.08709869398436,54950.6976744186
588,40,117.32545324261083,62690.232558139534
588,45,98.10980201320358,70429.76744186047
588,50,82.52493329535916,78169.30232558139
588,55,69.83923706396493,85908.83720930232
588,60,59.68586163142338,93648.37209302325
588,65,51.32796382219343,101387.90697674418
588,70,44.30262878214392,109127.44186046511
588,75,38.252142290104565,116866.97674418605
588,80,33.06709394199962,124606.51162790698
589,5,876.0192677271327,8513.488372093023
589,10,520.4838531574413,16253.023255813954
589,15,372.1637556067316,23992.558139534885
589,20,283.71579685556793,31732.093023255813
589,25,220.22702226541216,39471.62790697675
589,30,175.69465835258006,47211.16279069767
589,35,142.55312335185008,54950.6976744186
589,40,118.49754557495007,62690.232558139534
589,45,99.36091347215411,70429.76744186047
589,50,83.8555981749774,78169.30232558139
589,55,71.28068848090923,85908.83720930232
589,60,60.961748303746795,93648.37209302325
589,65,52.37631195363943,101387.90697674418
589,70,45.27633606772128,109127.44186046511
589,75,39.20325402547088,116866.97674418605
589,80,33.95650221450743,124606.51162790698
590,5,875.7538424852968,8513.488372093023
590,10,520.7805026133999,16253.023255813954
590,15,375.2137728814366,23992.558139534885
590,20,287.2280089094727,31732.093023255813
590,25,222.96162821988477,39471.62790697675
590,30,177.3707359502702,47211.16279069767
590,35,144.56054516314407,54950.6976744186
590,40,119.14217944875847,62690.232558139534
590,45,99.51504745756691,70429.76744186047
590,50,83.66780013854441,78169.30232558139
590,55,70.71292539898687,85908.83720930232
590,60,60.30428216347135,93648.37209302325
590,65,51.54530625130288,101387.90697674418
590,70,44.371473838774094,109127.44186046511
590,75,38.17329159475518,116866.97674418605
590,80,32.953001184301115,124606.51162790698
591,5,888.7676312658283,8513.488372093023
591,10,526.9986954871472,16253.023255813954
591,15,377.55473186991367,23992.558139534885
591,20,286.5433648390851,31732.093023255813
591,25,221.89190882327057,39471.62790697675
591,30,178.0018532171824,47211.16279069767
591,35,146.4366309263771,54950.6976744186
591,40,121.79197798678622,62690.232558139534
591,45,102.23993058236287,70429.76744186047
591,50,86.2175085081211,78169.30232558139
591,55,73.31659073908396,85908.83720930232
591,60,62.70723016034393,93648.37209302325
591,65,53.74374100971476,101387.90697674418
591,70,46.092858880722005,109127.44186046511
591,75,39.70095386122741,116866.97674418605
591,80,34.23371798531864,124606.51162790698
592,5,868.6818100217796,8513.488372093023
592,10,516.9900104116538,16253.023255813954
592,15,366.5050671425172,23992.558139534885
592,20,277.3966696299147,31732.093023255813
592,25,215.36761634334286,39471.62790697675
592,30,170.43409426757236,47211.16279069767
592,35,139.1166493336345,54950.6976744186
592,40,115.2023165683137,62690.232558139534
592,45,96.66741086486337,70429.76744186047
592,50,81.44074682093402,78169.30232558139
592,55,68.88171836340487,85908.83720930232
592,60,58.874597841027104,93648.37209302325
592,65,50.46932080475621,101387.90697674418
592,70,43.37951182514783,109127.44186046511
592,75,37.409446399299576,116866.97674418605
592,80,32.28128505213727,124606.51162790698
593,5,862.9488427619192,8513.488372093023
593,10,512.4259703659407,16253.023255813954
593,15,364.07613895956445,23992.558139534885
593,20,273.86788796336725,31732.093023255813
593,25,211.15588211247393,39471.62790697675
593,30,168.25243274176844,47211.16279069767
593,35,137.17253163846172,54950.6976744186
593,40,113.31866871141766,62690.232558139534
593,45,94.2985747210616,70429.76744186047
593,50,79.26832488473165,78169.30232558139
593,55,67.28927569050794,85908.83720930232
593,60,57.2814730750217,93648.37209302325
593,65,48.97152426993117,101387.90697674418
593,70,42.19665289712794,109127.44186046511
593,75,36.38417429862089,116866.97674418605
593,80,31.412252860670083,124606.51162790698
594,5,850.2718601128689,8513.488372093023
594,10,497.01404123307987,16253.023255813954
594,15,351.4986791189517,23992.558139534885
594,20,261.7513776216035,31732.093023255813
594,25,202.85760740063583,39471.62790697675
594,30,160.98155132399688,47211.16279069767
594,35,130.69093524397877,54950.6976744186
594,40,107.91976474192053,62690.232558139534
594,45,90.14883303725419,70429.76744186047
594,50,75.30899772157993,78169.30232558139
594,55,63.898056530752115,85908.83720930232
594,60,54.370252359076574,93648.37209302325
594,65,46.332255108464835,101387.90697674418
594,70,39.729174414697624,109127.44186046511
594,75,33.987460170978736,116866.97674418605
594,80,29.143466682174328,124606.51162790698
595,5,863.3532765032445,8513.488372093023
595,10,504.6605884895596,16253.023255813954
595,15,351.8003687588588,23992.558139534885
595,20,265.86184445160126,31732.093023255813
595,25,206.86176994490162,39471.62790697675
595,30,166.03811434261175,47211.16279069767
595,35,134.61419613260585,54950.6976744186
595,40,111.93289240726324,62690.232558139534
595,45,93.40078939700555,70429.76744186047
595,50,78.32100765654646,78169.30232558139
595,55,65.94105977994936,85908.83720930232
595,60,56.10091781938187,93648.37209302325
595,65,48.05108833300094,101387.90697674418
595,70,41.22813321275983,109127.44186046511
595,75,35.472571848746284,116866.97674418605
595,80,30.430695109238435,124606.51162790698
596,5,843.091968628212,8513.488372093023
596,10,489.8366939656528,16253.023255813954
596,15,338.18008269829664,23992.558139534885
596,20,254.55971815805972,31732.093023255813
596,25,197.2451033620213,39471.62790697675
596,30,157.4335387945496,47211.16279069767
596,35,127.90020378115474,54950.6976744186
596,40,105.25709863072031,62690.232558139534
596,45,87.28533696606416,70429.76744186047
596,50,72.89287704632795,78169.30232558139
596,55,61.48812501595673,85908.83720930232
596,60,52.12732228010766,93648.37209302325
596,65,44.352193936574146,101387.90697674418
596,70,37.8580567305437,109127.44186046511
596,75,32.46722858349323,116866.97674418605
596,80,27.89433293710148,124606.51162790698
597,5,829.6695349077428,8513.488372093023
597,10,493.1655364154037,16253.023255813954
597,15,340.60499092324415,23992.558139534885
597,20,257.00457879026976,31732.093023255813
597,25,198.79072909289854,39471.62790697675
597,30,158.18356271193642,47211.16279069767
597,35,129.31915077877198,54950.6976744186
597,40,107.06776296917904,62690.232558139534
597,45,89.56685643747063,70429.76744186047
597,50,75.33717075099334,78169.30232558139
597,55,63.63795263587488,85908.83720930232
597,60,53.98908499889702,93648.37209302325
597,65,46.19282734124163,101387.90697674418
597,70,39.50942954005909,109127.44186046511
597,75,33.839177468515544,116866.97674418605
597,80,29.03574812116826,124606.51162790698
598,5,812.626532964236,8513.488372093023
598,10,472.1295168047643,16253.023255813954
598,15,332.30720352412084,23992.558139534885
598,20,250.3197923542506,31732.093023255813
598,25,196.4157385143977,39471.62790697675
598,30,155.5049723122011,47211.16279069767
598,35,125.36646545613041,54950.6976744186
598,40,103.21913988311329,62690.232558139534
598,45,86.080154557016,70429.76744186047
598,50,72.45668354478552,78169.30232558139
598,55,61.426012206128014,85908.83720930232
598,60,52.4699549453919,93648.37209302325
598,65,45.06239664432062,101387.90697674418
598,70,38.97699015849643,109127.44186046511
598,75,33.69853537711434,116866.97674418605
598,80,29.084928355392194,124606.51162790698
599,5,825.5030919972295,8513.488372093023
599,10,475.79618927929187,16253.023255813954
599,15,333.12178109050785,23992.558139534885
599,20,251.53889507517482,31732.093023255813
599,25,195.04800660719673,39471.62790697675
599,30,156.55525152457594,47211.16279069767
599,35,128.21169644155646,54950.6976744186
599,40,106.482289314382,62690.232558139534
599,45,89.38601129974067,70429.76744186047
599,50,75.56597284054929,78169.30232558139
599,55,64.59684908097123,85908.83720930232
599,60,55.56718546803786,93648.37209302325
599,65,47.902174822719246,101387.90697674418
599,70,41.528107664780386,109127.44186046511
599,75,36.01338638704493,116866.97674418605
599,80,31.155347304482703,124606.51162790698
600,5,839.2297294322816,8513.488372093023
600,10,487.2097369418895,16253.023255813954
600,15,339.25175049031947,23992.558139534885
600,20,253.19931524529267,31732.093023255813
600,25,196.52711384934923,39471.62790697675
600,30,156.91847031059214,47211.16279069767
600,35,128.01060370960866,54950.6976744186
600,40,105.91646365419082,62690.232558139534
600,45,88.38219838509758,70429.76744186047
600,50,74.84540944652413,78169.30232558139
600,55,63.9713830198688,85908.83720930232
600,60,54.781252124268825,93648.37209302325
600,65,47.09314599734138,101387.90697674418
600,70,40.71257519611025,109127.44186046511
600,75,35.282955232258196,116866.97674418605
600,80,30.544385856811857,124606.51162790698
601,5,862.4790833097879,8513.488372093023
601,10,506.413842780313,16253.023255813954
601,15,347.22463299777263,23992.558139534885
601,20,261.6970438218594,31732.093023255813
601,25,204.30722327424388,39471.62790697675
601,30,163.672897293644,47211.16279069767
601,35,132.5589131249575,54950.6976744186
601,40,109.53140298516439,62690.232558139534
601,45,91.59195338191512,70429.76744186047
601,50,77.49948570479967,78169.30232558139
601,55,65.98948786922423,85908.83720930232
601,60,56.51645572510303,93648.37209302325
601,65,48.52598243994791,101387.90697674418
601,70,41.85394614865463,109127.44186046511
601,75,36.2007024194666,116866.97674418605
601,80,31.374498476310198,124606.51162790698
602,5,859.8197596224148,8513.488372093023
602,10,507.6269246216158,16253.023255813954
602,15,343.02239883583303,23992.558139534885
602,20,259.9841471256485,31732.093023255813
602,25,202.65734010577313,39471.62790697675
602,30,161.95251986902366,47211.16279069767
602,35,132.04166963242082,54950.6976744186
602,40,108.90044451781496,62690.232558139534
602,45,91.12696705885902,70429.76744186047
602,50,76.87745612745455,78169.30232558139
602,55,65.59500208026917,85908.83720930232
602,60,56.26030409692643,93648.37209302325
602,65,48.52509313307994,101387.90697674418
602,70,41.90085339811211,109127.44186046511
602,75,36.19258519139243,116866.97674418605
602,80,31.305331592621986,124606.51162790698
603,5,863.5225970299363,8513.488372093023
603,10,521.0094543609406,16253.023255813954
603,15,354.9144978503212,23992.558139534885
603,20,266.2962816806805,31732.093023255813
603,25,206.5382648646987,39471.62790697675
603,30,163.0768135791755,47211.16279069767
603,35,133.1230351972561,54950.6976744186
603,40,110.33230719223702,62690.232558139534
603,45,92.62025540364527,70429.76744186047
603,50,78.27426413981695,78169.30232558139
603,55,66.60975642496231,85908.83720930232
603,60,57.12078490634016,93648.37209302325
603,65,49.0352357331752,101387.90697674418
603,70,42.194551333577444,109127.44186046511
603,75,36.40477603063004,116866.97674418605
603,80,31.45499120158423,124606.51162790698
604,5,859.7279344525109,8513.488372093023
604,10,514.5067247859979,16253.023255813954
604,15,343.39227725459557,23992.558139534885
604,20,257.39509418475205,31732.093023255813
604,25,199.17381436300508,39471.62790697675
604,30,157.59245525857077,47211.16279069767
604,35,128.3715132711408,54950.6976744186
604,40,106.26172611958476,62690.232558139534
604,45,89.16319074063388,70429.76744186047
604,50,75.44887381794355,78169.30232558139
604,55,63.96936999990594,85908.83720930232
604,60,54.58204792987238,93648.37209302325
604,65,46.88481348498777,101387.90697674418
604,70,40.354528571653574,109127.44186046511
604,75,34.76622878324144,116866.97674418605
604,80,29.977747315883835,124606.51162790698
605,5,839.5560286665989,8513.488372093023
605,10,500.46872558033914,16253.023255813954
605,15,338.1336606457893,23992.558139534885
605,20,252.4015628296127,31732.093023255813
605,25,196.54597127673225,39471.62790697675
605,30,155.7405698061967,47211.16279069767
605,35,126.79623388739176,54950.6976744186
605,40,105.73442566847358,62690.232558139534
605,45,88.67692161826037,70429.76744186047
605,50,74.94789015475968,78169.30232558139
605,55,63.96415549234841,85908.83720930232
605,60,54.87962623604386,93648.37209302325
605,65,47.1756542844431,101387.90697674418
605,70,40.48692743820001,109127.44186046511
605,75,34.904433230833824,116866.97674418605
605,80,30.123061718284887,124606.51162790698
606,5,801.8381323852527,8513.488372093023
606,10,479.4981129296757,16253.023255813954
606,15,329.5737498961076,23992.558139534885
606,20,246.78597534855106,31732.093023255813
606,25,192.53035651836748,39471.62790697675
606,30,154.2865795790361,47211.16279069767
606,35,125.34951301088623,54950.6976744186
606,40,103.81312924442966,62690.232558139534
606,45,86.65716702394963,70429.76744186047
606,50,73.04924192187477,78169.30232558139
606,55,61.97381026950915,85908.83720930232
606,60,52.855752024537104,93648.37209302325
606,65,45.25102785258215,101387.90697674418
606,70,38.895077084254616,109127.44186046511
606,75,33.399759635568785,116866.97674418605
606,80,28.809389678752442,124606.51162790698
607,5,786.7531296432405,8513.488372093023
607,10,480.6348702440931,16253.023255813954
607,15,324.14430981210876,23992.558139534885
607,20,240.9360220962372,31732.093023255813
607,25,189.223280064455,39471.62790697675
607,30,151.42853516205938,47211.16279069767
607,35,123.619267417484,54950.6976744186
607,40,102.45275328445479,62690.232558139534
607,45,85.40685695323137,70429.76744186047
607,50,72.16453849654472,78169.30232558139
607,55,61.296961975296426,85908.83720930232
607,60,52.44041049132704,93648.37209302325
607,65,45.106348602800864,101387.90697674418
607,70,38.86979947996849,109127.44186046511
607,75,33.54316428068673,116866.97674418605
607,80,28.89410442254189,124606.51162790698
608,5,787.0981133086228,8513.488372093023
608,10,470.9831077566672,16253.023255813954
608,15,318.6338251723514,23992.558139534885
608,20,234.80900205760045,31732.093023255813
608,25,181.41366801006555,39471.62790697675
608,30,143.32771252864958,47211.16279069767
608,35,115.83531347245645,54950.6976744186
608,40,95.8109028378364,62690.232558139534
608,45,80.3723740446543,70429.76744186047
608,50,67.78797456882423,78169.30232558139
608,55,57.71321893609126,85908.83720930232
608,60,49.31738960271743,93648.37209302325
608,65,42.319847033578704,101387.90697674418
608,70,36.414766554949686,109127.44186046511
608,75,31.43003560173841,116866.97674418605
608,80,27.21258703938976,124606.51162790698
609,5,783.0951434063321,8513.488372093023
609,10,448.3602938056716,16253.023255813954
609,15,307.67893983229897,23992.558139534885
609,20,229.75874722776263,31732.093023255813
609,25,179.45924898155081,39471.62790697675
609,30,142.49832050022763,47211.16279069767
609,35,115.58096458212164,54950.6976744186
609,40,95.73668484152215,62690.232558139534
609,45,80.15767107335519,70429.76744186047
609,50,68.05655835219306,78169.30232558139
609,55,58.30585072288252,85908.83720930232
609,60,50.30827568516921,93648.37209302325
609,65,43.42061825437769,101387.90697674418
609,70,37.52344011369172,109127.44186046511
609,75,32.38879322227217,116866.97674418605
609,80,28.02752716992421,124606.51162790698
610,5,765.5576977545891,8513.488372093023
610,10,425.9061878313404,16253.023255813954
610,15,294.2743167473091,23992.558139534885
610,20,221.1988038014326,31732.093023255813
610,25,171.35112505493655,39471.62790697675
610,30,136.54941802729536,47211.16279069767
610,35,110.53825220702137,54950.6976744186
610,40,90.7585148150547,62690.232558139534
610,45,75.58069983573635,70429.76744186047
610,50,63.66798400793878,78169.30232558139
610,55,54.170887325704456,85908.83720930232
610,60,46.34320429657189,93648.37209302325
610,65,39.90899643563007,101387.90697674418
610,70,34.40514904914134,109127.44186046511
610,75,29.63638407132409,116866.97674418605
610,80,25.560086518244177,124606.51162790698
611,5,768.5355188991018,8513.488372093023
611,10,422.16989123123494,16253.023255813954
611,15,290.2004199733709,23992.558139534885
611,20,218.3817265366823,31732.093023255813
611,25,169.72392795661727,39471.62790697675
611,30,135.06812591281516,47211.16279069767
611,35,109.4350389209905,54950.6976744186
611,40,90.17179988085536,62690.232558139534
611,45,75.59848315619337,70429.76744186047
611,50,63.91699325443348,78169.30232558139
611,55,54.44226613392114,85908.83720930232
611,60,46.652520235097214,93648.37209302325
611,65,39.97889926686083,101387.90697674418
611,70,34.3001005288247,109127.44186046511
611,75,29.49565365675625,116866.97674418605
611,80,25.46418887125932,124606.51162790698
612,5,765.1211375061383,8513.488372093023
612,10,437.56915173276093,16253.023255813954
612,15,300.4086054258809,23992.558139534885
612,20,222.97459233082338,31732.093023255813
612,25,170.65735097054565,39471.62790697675
612,30,133.54077873546254,47211.16279069767
612,35,108.68291975093827,54950.6976744186
612,40,90.14283257178677,62690.232558139534
612,45,75.15387059409167,70429.76744186047
612,50,62.97473989233065,78169.30232558139
612,55,53.615989408647266,85908.83720930232
612,60,45.865657016701846,93648.37209302325
612,65,39.318952195946125,101387.90697674418
612,70,33.84991201281886,109127.44186046511
612,75,29.20942690149302,116866.97674418605
612,80,25.259221536909724,124606.51162790698
613,5,740.2834551469734,8513.488372093023
613,10,423.29847960021533,16253.023255813954
613,15,290.4629431241543,23992.558139534885
613,20,214.74945352358634,31732.093023255813
613,25,164.1759983322733,39471.62790697675
613,30,129.62669437023686,47211.16279069767
613,35,104.959480724954,54950.6976744186
613,40,86.77972337950966,62690.232558139534
613,45,72.89157041549113,70429.76744186047
613,50,61.79656273919448,78169.30232558139
613,55,52.60947164653936,85908.83720930232
613,60,45.02333446756081,93648.37209302325
613,65,38.52800892437383,101387.90697674418
613,70,33.10049826354341,109127.44186046511
613,75,28.53978960453959,116866.97674418605
613,80,24.664060055240814,124606.51162790698
614,5,741.4068091402164,8513.488372093023
614,10,417.6612353553329,16253.023255813954
614,15,293.9826158605376,23992.558139534885
614,20,216.89722406425795,31732.093023255813
614,25,167.3219287150494,39471.62790697675
614,30,132.20969389309258,47211.16279069767
614,35,107.30352878570686,54950.6976744186
614,40,88.95805286503719,62690.232558139534
614,45,74.70881325975279,70429.76744186047
614,50,63.211940001387916,78169.30232558139
614,55,53.96691532586824,85908.83720930232
614,60,46.207537631537974,93648.37209302325
614,65,39.685447242434854,101387.90697674418
614,70,34.1702397752379,109127.44186046511
614,75,29.50230049062051,116866.97674418605
614,80,25.48095434956381,124606.51162790698
615,5,724.8856339514404,8513.488372093023
615,10,407.0889900862227,16253.023255813954
615,15,283.7882333713738,23992.558139534885
615,20,211.4253271524967,31732.093023255813
615,25,162.6837066726577,39471.62790697675
615,30,128.18279293597698,47211.16279069767
615,35,103.83598471005301,54950.6976744186
615,40,85.7410330319223,62690.232558139534
615,45,71.54268457739192,70429.76744186047
615,50,60.47273911071895,78169.30232558139
615,55,51.57469012018053,85908.83720930232
615,60,43.98075155010296,93648.37209302325
615,65,37.60456103882485,101387.90697674418
615,70,32.170430341406046,109127.44186046511
615,75,27.634142494149174,116866.97674418605
615,80,23.799705040478955,124606.51162790698
616,5,727.1049771141794,8513.488372093023
616,10,406.50628044973774,16253.023255813954
616,15,281.92899612367967,23992.558139534885
616,20,209.50212482876734,31732.093023255813
616,25,161.02568670801293,39471.62790697675
616,30,127.82542201071499,47211.16279069767
616,35,104.2327430114231,54950.6976744186
616,40,86.36882972166539,62690.232558139534
616,45,72.2572166761834,70429.76744186047
616,50,61.22019643232884,78169.30232558139
616,55,51.95858033956625,85908.83720930232
616,60,44.43108470708826,93648.37209302325
616,65,38.274175590749955,101387.90697674418
616,70,33.00268445925317,109127.44186046511
616,75,28.51637809970533,116866.97674418605
616,80,24.603563584291766,124606.51162790698
617,5,717.5596334346241,8513.488372093023
617,10,408.2189451383242,16253.023255813954
617,15,285.7364839227031,23992.558139534885
617,20,213.95403124374002,31732.093023255813
617,25,166.23121758273658,39471.62790697675
617,30,132.39462650180465,47211.16279069767
617,35,106.81045386548138,54950.6976744186
617,40,88.4601638441439,62690.232558139534
617,45,74.25846697992915,70429.76744186047
617,50,62.80644573813786,78169.30232558139
617,55,53.57950774981222,85908.83720930232
617,60,45.87036986239727,93648.37209302325
617,65,39.4980279139671,101387.90697674418
617,70,34.15053081298728,109127.44186046511
617,75,29.604182963481442,116866.97674418605
617,80,25.664308700689237,124606.51162790698
618,5,703.084842946895,8513.488372093023
618,10,404.0355372707157,16253.023255813954
618,15,281.5241717525074,23992.558139534885
618,20,209.4148793837258,31732.093023255813
618,25,163.6482319373648,39471.62790697675
618,30,130.9052847187709,47211.16279069767
618,35,106.47977137135186,54950.6976744186
618,40,87.94351411836558,62690.232558139534
618,45,73.85647139192616,70429.76744186047
618,50,62.51260676337042,78169.30232558139
618,55,53.23249488338865,85908.83720930232
618,60,45.601685537677945,93648.37209302325
618,65,39.243839393926,101387.90697674418
618,70,33.80045735114639,109127.44186046511
618,75,29.19611435720897,116866.97674418605
618,80,25.216627717965363,124606.51162790698
619,5,717.1832070361077,8513.488372093023
619,10,414.41986420355374,16253.023255813954
619,15,285.6416365643113,23992.558139534885
619,20,212.36431419801534,31732.093023255813
619,25,166.08281917359122,39471.62790697675
619,30,132.98290553500772,47211.16279069767
619,35,108.40938863575175,54950.6976744186
619,40,90.19325786769626,62690.232558139534
619,45,75.51825283868152,70429.76744186047
619,50,64.01810742909231,78169.30232558139
619,55,54.8091748000855,85908.83720930232
619,60,47.047527544207455,93648.37209302325
619,65,40.48970676879775,101387.90697674418
619,70,34.89771165752996,109127.44186046511
619,75,30.134734774875856,116866.97674418605
619,80,26.017804832356315,124606.51162790698
620,5,732.4328491901352,8513.488372093023
620,10,418.24258063009233,16253.023255813954
620,15,284.407074024397,23992.558139534885
620,20,212.7973838684091,31732.093023255813
620,25,166.02839039623836,39471.62790697675
620,30,133.4563449489017,47211.16279069767
620,35,108.24212567500707,54950.6976744186
620,40,89.80948638240301,62690.232558139534
620,45,75.2403883948021,70429.76744186047
620,50,63.60852364928621,78169.30232558139
620,55,54.364230809021166,85908.83720930232
620,60,46.548004086856594,93648.37209302325
620,65,39.965078654317715,101387.90697674418
620,70,34.48459247959156,109127.44186046511
620,75,29.762497645316547,116866.97674418605
620,80,25.767258095917295,124606.51162790698
621,5,756.3474508935321,8513.488372093023
621,10,434.0524343045132,16253.023255813954
621,15,299.7876743815803,23992.558139534885
621,20,227.40716691334904,31732.093023255813
621,25,177.93573819387427,39471.62790697675
621,30,142.63952610662648,47211.16279069767
621,35,116.37843364094242,54950.6976744186
621,40,96.75243709594585,62690.232558139534
621,45,81.40316585100598,70429.76744186047
621,50,68.94204851449261,78169.30232558139
621,55,58.93815902317029,85908.83720930232
621,60,50.555425920148025,93648.37209302325
621,65,43.394537539538476,101387.90697674418
621,70,37.19706065309473,109127.44186046511
621,75,32.01400837055575,116866.97674418605
621,80,27.572625449797073,124606.51162790698
622,5,751.0880175267451,8513.488372093023
622,10,437.4932561909455,16253.023255813954
622,15,300.4901128714377,23992.558139534885
622,20,229.0307282820373,31732.093023255813
622,25,178.29568003462174,39471.62790697675
622,30,141.37261024803726,47211.16279069767
622,35,113.91494128324514,54950.6976744186
622,40,92.96921358941874,62690.232558139534
622,45,77.30332554714835,70429.76744186047
622,50,64.93304805467854,78169.30232558139
622,55,55.325979695013835,85908.83720930232
622,60,47.33199623511481,93648.37209302325
622,65,40.583896030731665,101387.90697674418
622,70,34.8536728482161,109127.44186046511
622,75,29.92595181009925,116866.97674418605
622,80,25.786669831738042,124606.51162790698
623,5,775.728018740312,8513.488372093023
623,10,448.79431351451433,16253.023255813954
623,15,303.18195640070184,23992.558139534885
623,20,227.03621824542915,31732.093023255813
623,25,175.47757489659554,39471.62790697675
623,30,139.68977707471527,47211.16279069767
623,35,112.82820315289808,54950.6976744186
623,40,92.47632004541457,62690.232558139534
623,45,76.9839852001414,70429.76744186047
623,50,64.91146815241176,78169.30232558139
623,55,55.18582850002712,85908.83720930232
623,60,47.32645536969033,93648.37209302325
623,65,40.651565736311866,101387.90697674418
623,70,34.96793911630589,109127.44186046511
623,75,30.13367487728437,116866.97674418605
623,80,25.984130134384998,124606.51162790698
624,5,779.1781279566462,8513.488372093023
624,10,449.5016383605176,16253.023255813954
624,15,304.2998935529835,23992.558139534885
624,20,226.9222863331519,31732.093023255813
624,25,175.1472305945932,39471.62790697675
624,30,138.71661224113123,47211.16279069767
624,35,111.65623982993642,54950.6976744186
624,40,91.7823914079294,62690.232558139534
624,45,76.67436381618228,70429.76744186047
624,50,64.5059438931241,78169.30232558139
624,55,54.933899097502156,85908.83720930232
624,60,46.95437724718743,93648.37209302325
624,65,40.283520059739864,101387.90697674418
624,70,34.70390067818782,109127.44186046511
624,75,29.96503639094943,116866.97674418605
624,80,25.89420687413385,124606.51162790698
625,5,787.7002530480933,8513.488372093023
625,10,448.29013366367343,16253.023255813954
625,15,306.3467375837358,23992.558139534885
625,20,230.7904319004146,31732.093023255813
625,25,181.0834433400158,39471.62790697675
625,30,144.16143664626495,47211.16279069767
625,35,116.86446153499197,54950.6976744186
625,40,96.65056576307218,62690.232558139534
625,45,81.05852550676774,70429.76744186047
625,50,68.63375834360153,78169.30232558139
625,55,58.33195525395479,85908.83720930232
625,60,49.735118296412224,93648.37209302325
625,65,42.6049319268374,101387.90697674418
625,70,36.701021852146575,109127.44186046511
625,75,31.683298717706755,116866.97674418605
625,80,27.38337699285925,124606.51162790698
626,5,793.1861430986303,8513.488372093023
626,10,454.90679259468396,16253.023255813954
626,15,311.61163066171207,23992.558139534885
626,20,235.00451557746828,31732.093023255813
626,25,182.3821427513516,39471.62790697675
626,30,145.09652301436333,47211.16279069767
626,35,117.73067759143643,54950.6976744186
626,40,97.20222815711254,62690.232558139534
626,45,80.76156644345139,70429.76744186047
626,50,67.76111293017549,78169.30232558139
626,55,57.687021308558776,85908.83720930232
626,60,49.45835729607089,93648.37209302325
626,65,42.585378188454804,101387.90697674418
626,70,36.754834368580035,109127.44186046511
626,75,31.8678988240627,116866.97674418605
626,80,27.543127922878373,124606.51162790698
627,5,793.8173544241597,8513.488372093023
627,10,455.487565201859,16253.023255813954
627,15,308.1507109260338,23992.558139534885
627,20,231.07911894798917,31732.093023255813
627,25,179.9710939973658,39471.62790697675
627,30,143.45363950229608,47211.16279069767
627,35,117.19419298131672,54950.6976744186
627,40,97.01545407498185,62690.232558139534
627,45,81.43763399873814,70429.76744186047
627,50,68.91615034126725,78169.30232558139
627,55,58.54619236104917,85908.83720930232
627,60,50.136583253978834,93648.37209302325
627,65,43.02654062868561,101387.90697674418
627,70,37.04642756512418,109127.44186046511
627,75,32.11097490446696,116866.97674418605
627,80,27.839978700438362,124606.51162790698
628,5,791.1059002166329,8513.488372093023
628,10,454.5752490201622,16253.023255813954
628,15,310.6387660038694,23992.558139534885
628,20,231.05269662809096,31732.093023255813
628,25,180.83992916980517,39471.62790697675
628,30,144.1622163710694,47211.16279069767
628,35,117.14373293918455,54950.6976744186
628,40,96.97063427095252,62690.232558139534
628,45,81.17424764646688,70429.76744186047
628,50,68.58860325045805,78169.30232558139
628,55,58.5930942583478,85908.83720930232
628,60,50.29442281074903,93648.37209302325
628,65,43.42771638476213,101387.90697674418
628,70,37.49283859428131,109127.44186046511
628,75,32.38915455782102,116866.97674418605
628,80,27.993868528842242,124606.51162790698
629,5,807.0662376146169,8513.488372093023
629,10,464.95523604996714,16253.023255813954
629,15,323.4435619673152,23992.558139534885
629,20,242.19991638962378,31732.093023255813
629,25,188.58953698606666,39471.62790697675
629,30,149.8433068179278,47211.16279069767
629,35,121.34827334918444,54950.6976744186
629,40,100.05221234662383,62690.232558139534
629,45,84.0354211855264,70429.76744186047
629,50,71.50679213775265,78169.30232558139
629,55,61.27818593428325,85908.83720930232
629,60,52.853288270817295,93648.37209302325
629,65,45.69531286938275,101387.90697674418
629,70,39.453285631680956,109127.44186046511
629,75,34.037395742864604,116866.97674418605
629,80,29.40600729021357,124606.51162790698
630,5,817.0449963898413,8513.488372093023
630,10,480.5755884459235,16253.023255813954
630,15,333.57300883671945,23992.558139534885
630,20,248.65624181140004,31732.093023255813
630,25,193.7202993074165,39471.62790697675
630,30,155.06268842641722,47211.16279069767
630,35,126.17232900861957,54950.6976744186
630,40,103.95307828333948,62690.232558139534
630,45,87.27371738462959,70429.76744186047
630,50,74.14738928687048,78169.30232558139
630,55,63.003958052970475,85908.83720930232
630,60,53.90582034977851,93648.37209302325
630,65,46.41077773727462,101387.90697674418
630,70,40.12973535388543,109127.44186046511
630,75,34.77715923435365,116866.97674418605
630,80,30.263266903085494,124606.51162790698
631,5,826.8078548157315,8513.488372093023
631,10,503.0454606568578,16253.023255813954
631,15,345.5820727629283,23992.558139534885
631,20,257.8355416320772,31732.093023255813
631,25,202.55297955496326,39471.62790697675
631,30,162.40770980411833,47211.16279069767
631,35,131.76581590029642,54950.6976744186
631,40,109.63989103934864,62690.232558139534
631,45,92.20597537313178,70429.76744186047
631,50,77.99332713063693,78169.30232558139
631,55,66.43368884405292,85908.83720930232
631,60,57.1435618322845,93648.37209302325
631,65,49.44862332377286,101387.90697674418
631,70,42.80347089602554,109127.44186046511
631,75,37.14445623209661,116866.97674418605
631,80,32.35745944890481,124606.51162790698
632,5,821.4352835791827,8513.488372093023
632,10,496.620496331516,16253.023255813954
632,15,343.1245278105149,23992.558139534885
632,20,256.6259511766438,31732.093023255813
632,25,200.69950444654836,39471.62790697675
632,30,159.93337482039084,47211.16279069767
632,35,130.2604062370314,54950.6976744186
632,40,107.97691410027537,62690.232558139534
632,45,90.77904778973817,70429.76744186047
632,50,77.02719752927092,78169.30232558139
632,55,65.79507994441266,85908.83720930232
632,60,56.47899574925241,93648.37209302325
632,65,48.641765451877426,101387.90697674418
632,70,41.950654740305815,109127.44186046511
632,75,36.29090981622645,116866.97674418605
632,80,31.38479187088019,124606.51162790698
633,5,814.6524146310202,8513.488372093023
633,10,493.2562422484385,16253.023255813954
633,15,342.30136084804457,23992.558139534885
633,20,253.48705841864304,31732.093023255813
633,25,195.879643558647,39471.62790697675
633,30,155.99214642312114,47211.16279069767
633,35,128.05842910438614,54950.6976744186
633,40,107.09555054197722,62690.232558139534
633,45,90.14208646369813,70429.76744186047
633,50,76.66543898287574,78169.30232558139
633,55,65.5011185415212,85908.83720930232
633,60,56.29139121600529,93648.37209302325
633,65,48.63956451924008,101387.90697674418
633,70,42.21565857937733,109127.44186046511
633,75,36.7343465956172,116866.97674418605
633,80,31.992319409574154,124606.51162790698
634,5,815.6463799499144,8513.488372093023
634,10,497.2038762407648,16253.023255813954
634,15,346.57586143514663,23992.558139534885
634,20,254.55921154877126,31732.093023255813
634,25,197.04423649661425,39471.62790697675
634,30,158.429484038064,47211.16279069767
634,35,129.07586370892278,54950.6976744186
634,40,107.14862129536145,62690.232558139534
634,45,89.99826830855037,70429.76744186047
634,50,76.23424421072949,78169.30232558139
634,55,65.28201973605348,85908.83720930232
634,60,56.30466483432572,93648.37209302325
634,65,48.61710901962867,101387.90697674418
634,70,42.073901614341494,109127.44186046511
634,75,36.498713080880044,116866.97674418605
634,80,31.641657022243418,124606.51162790698
635,5,802.986745109069,8513.488372093023
635,10,496.61265797605324,16253.023255813954
635,15,348.573630622821,23992.558139534885
635,20,258.4426472999247,31732.093023255813
635,25,200.30009101012297,39471.62790697675
635,30,160.093924076729,47211.16279069767
635,35,131.31028317286575,54950.6976744186
635,40,109.73215016834236,62690.232558139534
635,45,92.628958145447,70429.76744186047
635,50,78.81815680074064,78169.30232558139
635,55,67.62087977910355,85908.83720930232
635,60,58.49456779040993,93648.37209302325
635,65,50.62581632423923,101387.90697674418
635,70,43.80182273262067,109127.44186046511
635,75,38.06001406652442,116866.97674418605
635,80,33.094070294273145,124606.51162790698
636,5,780.7174319241085,8513.488372093023
636,10,479.8008299078212,16253.023255813954
636,15,334.6336252489562,23992.558139534885
636,20,251.98595211954057,31732.093023255813
636,25,195.42901118063116,39471.62790697675
636,30,155.52963800537717,47211.16279069767
636,35,126.84101644616977,54950.6976744186
636,40,105.09820822166206,62690.232558139534
636,45,88.38902085435858,70429.76744186047
636,50,74.4482033537591,78169.30232558139
636,55,63.36472204146475,85908.83720930232
636,60,54.26556433816993,93648.37209302325
636,65,46.69042441627112,101387.90697674418
636,70,40.39573868048284,109127.44186046511
636,75,35.06305918638771,116866.97674418605
636,80,30.48720865081831,124606.51162790698
637,5,764.4149451257334,8513.488372093023
637,10,470.2260407964833,16253.023255813954
637,15,326.7038612842949,23992.558139534885
637,20,245.0255779475189,31732.093023255813
637,25,191.23728246886208,39471.62790697675
637,30,152.61636316267604,47211.16279069767
637,35,124.2045788802679,54950.6976744186
637,40,103.24126615979156,62690.232558139534
637,45,86.38640487244182,70429.76744186047
637,50,72.73915652467834,78169.30232558139
637,55,61.60944085194558,85908.83720930232
637,60,52.65501878904685,93648.37209302325
637,65,45.555563857169375,101387.90697674418
637,70,39.54680877455437,109127.44186046511
637,75,34.37741088611952,116866.97674418605
637,80,29.903397326248623,124606.51162790698
638,5,755.1735995385362,8513.488372093023
638,10,457.9855655577097,16253.023255813954
638,15,316.3054141772052,23992.558139534885
638,20,236.5627030252017,31732.093023255813
638,25,185.34808206057318,39471.62790697675
638,30,148.1174637334245,47211.16279069767
638,35,119.78093554270721,54950.6976744186
638,40,98.77173130269449,62690.232558139534
638,45,82.67180978591036,70429.76744186047
638,50,70.13252932368952,78169.30232558139
638,55,59.8273545830767,85908.83720930232
638,60,51.25197785695998,93648.37209302325
638,65,44.02092005733393,101387.90697674418
638,70,38.02917496641138,109127.44186046511
638,75,32.894231598039106,116866.97674418605
638,80,28.563599942680316,124606.51162790698
639,5,762.2220750711426,8513.488372093023
639,10,461.137589848674,16253.023255813954
639,15,320.08428988937385,23992.558139534885
639,20,237.04060161733597,31732.093023255813
639,25,184.14212894610176,39471.62790697675
639,30,147.00131025408064,47211.16279069767
639,35,118.85159761080617,54950.6976744186
639,40,99.04218349974097,62690.232558139534
639,45,83.40604527784421,70429.76744186047
639,50,70.57064115971707,78169.30232558139
639,55,60.11866837427199,85908.83720930232
639,60,51.444481852954496,93648.37209302325
639,65,44.28075694189204,101387.90697674418
639,70,38.27425101910741,109127.44186046511
639,75,33.06770690980928,116866.97674418605
639,80,28.590711499380586,124606.51162790698
640,5,738.6528315573107,8513.488372093023
640,10,446.598826426183,16253.023255813954
640,15,309.9123729305245,23992.558139534885
640,20,228.65558974344918,31732.093023255813
640,25,174.81949625684967,39471.62790697675
640,30,138.24586645168213,47211.16279069767
640,35,112.21068671108907,54950.6976744186
640,40,92.17350388413003,62690.232558139534
640,45,77.17600383376214,70429.76744186047
640,50,65.28608977917233,78169.30232558139
640,55,55.6167629428753,85908.83720930232
640,60,47.54401902805342,93648.37209302325
640,65,40.89127750517483,101387.90697674418
640,70,35.35883237865266,109127.44186046511
640,75,30.613578963804496,116866.97674418605
640,80,26.591231223341797,124606.51162790698
641,5,731.8999757761464,8513.488372093023
641,10,446.7217029113674,16253.023255813954
641,15,305.5473961108462,23992.558139534885
641,20,226.089175330538,31732.093023255813
641,25,174.7850895367796,39471.62790697675
641,30,139.61158691591487,47211.16279069767
641,35,114.10342222754204,54950.6976744186
641,40,94.35989445156892,62690.232558139534
641,45,78.76144227697245,70429.76744186047
641,50,66.64887702328662,78169.30232558139
641,55,56.81547889438174,85908.83720930232
641,60,48.67396079083818,93648.37209302325
641,65,41.77249652380559,101387.90697674418
641,70,35.88732132763097,109127.44186046511
641,75,30.988493326237798,116866.97674418605
641,80,26.8638112820628,124606.51162790698
642,5,718.369928066902,8513.488372093023
642,10,434.4685186515787,16253.023255813954
642,15,299.0127055049671,23992.558139534885
642,20,224.09881216343922,31732.093023255813
642,25,174.11783793016815,39471.62790697675
642,30,139.36490961173584,47211.16279069767
642,35,112.76553237116251,54950.6976744186
642,40,92.7520710349813,62690.232558139534
642,45,77.68473356481621,70429.76744186047
642,50,65.22923926524093,78169.30232558139
642,55,55.41241349305107,85908.83720930232
642,60,47.45896839425738,93648.37209302325
642,65,40.796097787847145,101387.90697674418
642,70,35.138575312318075,109127.44186046511
642,75,30.38930005459258,116866.97674418605
642,80,26.29071353549972,124606.51162790698
643,5,716.5582018282341,8513.488372093023
643,10,432.75380197956065,16253.023255813954
643,15,297.7092156812167,23992.558139534885
643,20,222.64773952967144,31732.093023255813
643,25,172.42569240586914,39471.62790697675
643,30,136.9650426259778,47211.16279069767
643,35,112.14772934026809,54950.6976744186
643,40,92.64614834673323,62690.232558139534
643,45,77.6756609017588,70429.76744186047
643,50,65.63060138272151,78169.30232558139
643,55,55.9843494597347,85908.83720930232
643,60,47.998526842196696,93648.37209302325
643,65,41.29668106743223,101387.90697674418
643,70,35.695238829684314,109127.44186046511
643,75,30.965750903759876,116866.97674418605
643,80,26.89923201866577,124606.51162790698
644,5,712.4600709476849,8513.488372093023
644,10,423.84329748363274,16253.023255813954
644,15,288.12008293125564,23992.558139534885
644,20,213.43982286948435,31732.093023255813
644,25,166.36789594738735,39471.62790697675
644,30,133.09116764308123,47211.16279069767
644,35,108.12856985826845,54950.6976744186
644,40,89.36657846327884,62690.232558139534
644,45,74.82129843609073,70429.76744186047
644,50,62.98046179789326,78169.30232558139
644,55,53.38280092160825,85908.83720930232
644,60,45.7722390851509,93648.37209302325
644,65,39.291448433732306,101387.90697674418
644,70,33.83152470476197,109127.44186046511
644,75,29.239503503684876,116866.97674418605
644,80,25.282987918259256,124606.51162790698
645,5,680.4338972075004,8513.488372093023
645,10,401.31944982288843,16253.023255813954
645,15,274.1384546366387,23992.558139534885
645,20,203.90850077513025,31732.093023255813
645,25,157.63643820637427,39471.62790697675
645,30,126.35352046994653,47211.16279069767
645,35,103.72834635846203,54950.6976744186
645,40,86.46922290590787,62690.232558139534
645,45,72.84523144810208,70429.76744186047
645,50,61.77982597440777,78169.30232558139
645,55,52.533009366794104,85908.83720930232
645,60,45.077744726812085,93648.37209302325
645,65,38.765977860795246,101387.90697674418
645,70,33.46319424296978,109127.44186046511
645,75,28.90657323738774,116866.97674418605
645,80,25.00922918142804,124606.51162790698
646,5,663.3943876151884,8513.488372093023
646,10,395.1879268023419,16253.023255813954
646,15,271.88592071455713,23992.558139534885
646,20,202.79946584135362,31732.093023255813
646,25,157.37199390412624,39471.62790697675
646,30,126.88616333358758,47211.16279069767
646,35,104.42665814381073,54950.6976744186
646,40,87.14269607171465,62690.232558139534
646,45,73.42668071184565,70429.76744186047
646,50,62.1930285634708,78169.30232558139
646,55,53.0093928234901,85908.83720930232
646,60,45.3628251970957,93648.37209302325
646,65,39.09206187757557,101387.90697674418
646,70,33.7611325860705,109127.44186046511
646,75,29.153629899826374,116866.97674418605
646,80,25.26225661845148,124606.51162790698
647,5,679.9587677604629,8513.488372093023
647,10,406.1439766877813,16253.023255813954
647,15,277.98067367833954,23992.558139534885
647,20,209.02701826599076,31732.093023255813
647,25,163.9448251982845,39471.62790697675
647,30,132.4334764546478,47211.16279069767
647,35,108.7758418896506,54950.6976744186
647,40,90.6416074089608,62690.232558139534
647,45,76.8133770623562,70429.76744186047
647,50,65.15416350674896,78169.30232558139
647,55,55.6215891216735,85908.83720930232
647,60,47.67765882956104,93648.37209302325
647,65,41.051340349556654,101387.90697674418
647,70,35.423624709000556,109127.44186046511
647,75,30.61656463076037,116866.97674418605
647,80,26.481671377125057,124606.51162790698
648,5,682.3631254298783,8513.488372093023
648,10,402.77128793134614,16253.023255813954
648,15,279.38356027469325,23992.558139534885
648,20,209.64497117932044,31732.093023255813
648,25,164.47385660080556,39471.62790697675
648,30,133.71140697060582,47211.16279069767
648,35,109.78538307150322,54950.6976744186
648,40,91.2121627571441,62690.232558139534
648,45,76.64584094592054,70429.76744186047
648,50,65.13730386204759,78169.30232558139
648,55,55.50682579168026,85908.83720930232
648,60,47.61153705280397,93648.37209302325
648,65,40.925725099604506,101387.90697674418
648,70,35.26385627671001,109127.44186046511
648,75,30.447769219358214,116866.97674418605
648,80,26.31870767226138,124606.51162790698
649,5,710.0949151235154,8513.488372093023
649,10,414.11323294874524,16253.023255813954
649,15,288.33221615221277,23992.558139534885
649,20,219.44816348391555,31732.093023255813
649,25,172.35195087021467,39471.62790697675
649,30,137.97817272180117,47211.16279069767
649,35,112.75638276939517,54950.6976744186
649,40,93.57535304277366,62690.232558139534
649,45,78.59479506966957,70429.76744186047
649,50,66.70511245649922,78169.30232558139
649,55,57.19998309777386,85908.83720930232
649,60,49.20333323126629,93648.37209302325
649,65,42.39725300191224,101387.90697674418
649,70,36.56530562195573,109127.44186046511
649,75,31.612036249288714,116866.97674418605
649,80,27.376920031837965,124606.51162790698
650,5,735.3733201709222,8513.488372093023
650,10,427.59918239460393,16253.023255813954
650,15,297.3746957814002,23992.558139534885
650,20,228.28141322999417,31732.093023255813
650,25,179.06736729935412,39471.62790697675
650,30,144.3884633887824,47211.16279069767
650,35,118.44466575618885,54950.6976744186
650,40,98.41184515902074,62690.232558139534
650,45,82.70646721572132,70429.76744186047
650,50,69.92410903556784,78169.30232558139
650,55,59.398493457989915,85908.83720930232
650,60,50.66879896936842,93648.37209302325
650,65,43.53409966496135,101387.90697674418
650,70,37.50999976414022,109127.44186046511
650,75,32.409226175993666,116866.97674418605
650,80,28.000584395805234,124606.51162790698
651,5,763.6138883790985,8513.488372093023
651,10,454.385802233968,16253.023255813954
651,15,320.3944246729459,23992.558139534885
651,20,246.4900216130927,31732.093023255813
651,25,193.86945678835872,39471.62790697675
651,30,157.39994987510914,47211.16279069767
651,35,129.35880189666588,54950.6976744186
651,40,107.47314148252151,62690.232558139534
651,45,90.15179267610576,70429.76744186047
651,50,76.54243025576336,78169.30232558139
651,55,65.31507784252281,85908.83720930232
651,60,55.796937765444305,93648.37209302325
651,65,47.770444128081756,101387.90697674418
651,70,41.22809365654365,109127.44186046511
651,75,35.6175114946915,116866.97674418605
651,80,30.847682231810822,124606.51162790698
652,5,761.4557734359227,8513.488372093023
652,10,454.0844099177687,16253.023255813954
652,15,323.3016471001344,23992.558139534885
652,20,247.9957237903093,31732.093023255813
652,25,195.36674540078752,39471.62790697675
652,30,158.618464800354,47211.16279069767
652,35,130.09625279654506,54950.6976744186
652,40,107.89203990230301,62690.232558139534
652,45,90.11640401251853,70429.76744186047
652,50,75.95723138260118,78169.30232558139
652,55,64.5573736684087,85908.83720930232
652,60,55.05759725330825,93648.37209302325
652,65,47.28199167990029,101387.90697674418
652,70,40.64104392160313,109127.44186046511
652,75,35.027445283080795,116866.97674418605
652,80,30.329649989312802,124606.51162790698
653,5,776.5678294202914,8513.488372093023
653,10,465.32647225727544,16253.023255813954
653,15,335.3375528341013,23992.558139534885
653,20,261.40042946599203,31732.093023255813
653,25,209.5381389240862,39471.62790697675
653,30,170.0185852666631,47211.16279069767
653,35,139.54601940515295,54950.6976744186
653,40,116.00330468925385,62690.232558139534
653,45,97.66826713602339,70429.76744186047
653,50,82.381126420262,78169.30232558139
653,55,69.73104553088945,85908.83720930232
653,60,59.25982672424965,93648.37209302325
653,65,50.72968172017465,101387.90697674418
653,70,43.58333330998915,109127.44186046511
653,75,37.55693386186361,116866.97674418605
653,80,32.51286658930858,124606.51162790698
654,5,780.8114057018694,8513.488372093023
654,10,477.0884039235436,16253.023255813954
654,15,343.0974115193408,23992.558139534885
654,20,265.909003387158,31732.093023255813
654,25,212.2482430547224,39471.62790697675
654,30,171.70598322680823,47211.16279069767
654,35,141.03560609769522,54950.6976744186
654,40,116.64530192993774,62690.232558139534
654,45,97.36025154297624,70429.76744186047
654,50,81.90814013614924,78169.30232558139
654,55,69.36515913509356,85908.83720930232
654,60,59.01875721117678,93648.37209302325
654,65,50.51406347826602,101387.90697674418
654,70,43.234956217265676,109127.44186046511
654,75,37.169379078600606,116866.97674418605
654,80,31.966464284205017,124606.51162790698
655,5,788.139524564577,8513.488372093023
655,10,492.4788879398157,16253.023255813954
655,15,357.80747494414686,23992.558139534885
655,20,278.79266393134543,31732.093023255813
655,25,222.43150263554537,39471.62790697675
655,30,180.16800581674545,47211.16279069767
655,35,148.07469815319152,54950.6976744186
655,40,122.52881476108088,62690.232558139534
655,45,102.03508812948715,70429.76744186047
655,50,86.25583264522982,78169.30232558139
655,55,73.12555567871772,85908.83720930232
655,60,62.19689556649007,93648.37209302325
655,65,53.25809661770942,101387.90697674418
655,70,45.64543139483867,109127.44186046511
655,75,39.15732132316461,116866.97674418605
655,80,33.662128249487154,124606.51162790698
656,5,798.2733516871785,8513.488372093023
656,10,499.58854799268624,16253.023255813954
656,15,368.3317201631755,23992.558139534885
656,20,286.83725820953225,31732.093023255813
656,25,230.96209283092875,39471.62790697675
656,30,187.26386343853756,47211.16279069767
656,35,152.9362240540022,54950.6976744186
656,40,125.73595341768946,62690.232558139534
656,45,104.3249142619518,70429.76744186047
656,50,87.26593320606271,78169.30232558139
656,55,73.40654788859804,85908.83720930232
656,60,62.16166366335441,93648.37209302325
656,65,53.08752840378559,101387.90697674418
656,70,45.51173706116031,109127.44186046511
656,75,39.15832458510514,116866.97674418605
656,80,33.68006945829801,124606.51162790698
657,5,811.1795595778123,8513.488372093023
657,10,512.263592570587,16253.023255813954
657,15,380.3719979984017,23992.558139534885
657,20,295.1399766082208,31732.093023255813
657,25,235.48535677182707,39471.62790697675
657,30,192.24448792356787,47211.16279069767
657,35,157.28110212165097,54950.6976744186
657,40,129.47044586290056,62690.232558139534
657,45,107.45155146205593,70429.76744186047
657,50,89.81447003774986,78169.30232558139
657,55,75.35239859881311,85908.83720930232
657,60,63.39749953920703,93648.37209302325
657,65,53.657863057896165,101387.90697674418
657,70,45.84278748072596,109127.44186046511
657,75,39.3341269313012,116866.97674418605
657,80,33.79175402956933,124606.51162790698
658,5,823.3013652433323,8513.488372093023
658,10,532.3722595683738,16253.023255813954
658,15,395.90024005552885,23992.558139534885
658,20,311.1468835640865,31732.093023255813
658,25,250.12291590221747,39471.62790697675
658,30,202.37383050132507,47211.16279069767
658,35,165.90386926563218,54950.6976744186
658,40,137.1908015173738,62690.232558139534
658,45,114.15433837485178,70429.76744186047
658,50,94.96779990065437,78169.30232558139
658,55,79.57702382625718,85908.83720930232
658,60,66.75606218176445,93648.37209302325
658,65,56.514896176001116,101387.90697674418
658,70,48.13102530774527,109127.44186046511
658,75,41.33875775993432,116866.97674418605
658,80,35.702384058107114,124606.51162790698
659,5,805.9657379325696,8513.488372093023
659,10,525.4120256576025,16253.023255813954
659,15,388.5638059315312,23992.558139534885
659,20,303.99168003672247,31732.093023255813
659,25,243.9508081946069,39471.62790697675
659,30,197.0356716374599,47211.16279069767
659,35,160.32286179587334,54950.6976744186
659,40,131.54574840174166,62690.232558139534
659,45,109.00691983735969,70429.76744186047
659,50,90.84784120522978,78169.30232558139
659,55,75.6011082692678,85908.83720930232
659,60,63.39098948589427,93648.37209302325
659,65,53.52579547747991,101387.90697674418
659,70,45.60771217643416,109127.44186046511
659,75,39.167540460486556,116866.97674418605
659,80,33.72554917032045,124606.51162790698
660,5,795.6943306897552,8513.488372093023
660,10,521.0737645813143,16253.023255813954
660,15,385.0539397832257,23992.558139534885
660,20,299.9650339377132,31732.093023255813
660,25,239.8600105400111,39471.62790697675
660,30,194.19707085656236,47211.16279069767
660,35,158.7348693702546,54950.6976744186
660,40,130.94934464808142,62690.232558139534
660,45,108.37264788041833,70429.76744186047
660,50,90.05913149699664,78169.30232558139
660,55,75.55852896594283,85908.83720930232
660,60,63.721291528248095,93648.37209302325
660,65,53.8609941466993,101387.90697674418
660,70,45.9355302596195,109127.44186046511
660,75,39.287851317944785,116866.97674418605
660,80,33.72488660994611,124606.51162790698
661,5,783.6164729701402,8513.488372093023
661,10,517.3868980478672,16253.023255813954
661,15,386.776889214342,23992.558139534885
661,20,303.8227404321693,31732.093023255813
661,25,243.98743104374944,39471.62790697675
661,30,197.7789529007724,47211.16279069767
661,35,160.99725193332108,54950.6976744186
661,40,131.94007549472298,62690.232558139534
661,45,109.08449441444665,70429.76744186047
661,50,90.92564415763516,78169.30232558139
661,55,76.123776161069,85908.83720930232
661,60,63.6358013558836,93648.37209302325
661,65,53.39687111354231,101387.90697674418
661,70,45.236170739088394,109127.44186046511
661,75,38.50445993057253,116866.97674418605
661,80,32.90315562944649,124606.51162790698
662,5,779.6636411925527,8513.488372093023
662,10,521.702013317284,16253.023255813954
662,15,393.1613696634787,23992.558139534885
662,20,310.0309588812242,31732.093023255813
662,25,249.67495385567995,39471.62790697675
662,30,202.74155986553745,47211.16279069767
662,35,166.35482163484218,54950.6976744186
662,40,137.22171038915022,62690.232558139534
662,45,113.75664365328166,70429.76744186047
662,50,95.02772007383908,78169.30232558139
662,55,79.73527679903249,85908.83720930232
662,60,67.03948533161922,93648.37209302325
662,65,56.77503985116837,101387.90697674418
662,70,48.202787094222785,109127.44186046511
662,75,41.1493614833693,116866.97674418605
662,80,35.28368163056546,124606.51162790698
663,5,750.8345260042231,8513.488372093023
663,10,499.45982398735833,16253.023255813954
663,15,377.3506442309774,23992.558139534885
663,20,297.4947991622085,31732.093023255813
663,25,239.96865869554568,39471.62790697675
663,30,195.77091151499528,47211.16279069767
663,35,160.2681855664634,54950.6976744186
663,40,131.51722086958694,62690.232558139534
663,45,108.95785260851747,70429.76744186047
663,50,90.96091330584782,78169.30232558139
663,55,76.44787406193203,85908.83720930232
663,60,64.30730822819775,93648.37209302325
663,65,54.33570847289432,101387.90697674418
663,70,46.01249615874497,109127.44186046511
663,75,39.147545976757534,116866.97674418605
663,80,33.35176924814297,124606.51162790698
664,5,752.7495933337825,8513.488372093023
664,10,506.17135063456476,16253.023255813954
664,15,383.3668985562835,23992.558139534885
664,20,301.9324492437877,31732.093023255813
664,25,241.89685496799623,39471.62790697675
664,30,196.595405074273,47211.16279069767
664,35,161.0972952527224,54950.6976744186
664,40,132.89570082716614,62690.232558139534
664,45,110.39703174806743,70429.76744186047
664,50,92.3971004707537,78169.30232558139
664,55,77.41038007210715,85908.83720930232
664,60,65.09699437391501,93648.37209302325
664,65,54.963591352090766,101387.90697674418
664,70,46.503394307858876,109127.44186046511
664,75,39.4204149419326,116866.97674418605
664,80,33.524640931563006,124606.51162790698
665,5,735.7771937126602,8513.488372093023
665,10,493.18902085814017,16253.023255813954
665,15,371.99981414034784,23992.558139534885
665,20,294.62726192316615,31732.093023255813
665,25,237.9574050985086,39471.62790697675
665,30,193.07312012399333,47211.16279069767
665,35,158.09812513885902,54950.6976744186
665,40,130.37183246293313,62690.232558139534
665,45,108.0150642689754,70429.76744186047
665,50,90.12868706834443,78169.30232558139
665,55,75.45524477174673,85908.83720930232
665,60,63.31922404261183,93648.37209302325
665,65,53.24550098915207,101387.90697674418
665,70,44.94872117497545,109127.44186046511
665,75,38.03788295936755,116866.97674418605
665,80,32.34705802765199,124606.51162790698
666,5,739.9852156167398,8513.488372093023
666,10,493.19116683010014,16253.023255813954
666,15,371.62931023652044,23992.558139534885
666,20,293.6528922710712,31732.093023255813
666,25,236.4392093866113,39471.62790697675
666,30,192.40491560644477,47211.16279069767
666,35,158.19155833552895,54950.6976744186
666,40,130.8988473902918,62690.232558139534
666,45,108.71961134224843,70429.76744186047
666,50,90.89866090630927,78169.30232558139
666,55,76.47161990787913,85908.83720930232
666,60,64.33960190444647,93648.37209302325
666,65,54.14537928143983,101387.90697674418
666,70,45.58902265646169,109127.44186046511
666,75,38.69383103697683,116866.97674418605
666,80,32.992808648665,124606.51162790698
667,5,740.7929277318731,8513.488372093023
667,10,490.30122592333043,16253.023255813954
667,15,365.79951376876926,23992.558139534885
667,20,287.82459848078,31732.093023255813
667,25,232.597352498358,39471.62790697675
667,30,189.25328729252203,47211.16279069767
667,35,155.26361801207005,54950.6976744186
667,40,128.45819896739292,62690.232558139534
667,45,106.7843665551858,70429.76744186047
667,50,88.99829755191794,78169.30232558139
667,55,74.43642704888664,85908.83720930232
667,60,62.103733089570056,93648.37209302325
667,65,52.05471055652703,101387.90697674418
667,70,43.81472314484982,109127.44186046511
667,75,37.1986301516517,116866.97674418605
667,80,31.640477956555454,124606.51162790698
668,5,768.6894942159084,8513.488372093023
668,10,501.9778335377717,16253.023255813954
668,15,374.2247989173971,23992.558139534885
668,20,295.8951372071884,31732.093023255813
668,25,238.3498083253908,39471.62790697675
668,30,194.91781648310823,47211.16279069767
668,35,159.66992581649126,54950.6976744186
668,40,131.77746029913982,62690.232558139534
668,45,109.37727162142248,70429.76744186047
668,50,90.93278943095424,78169.30232558139
668,55,75.81018605369762,85908.83720930232
668,60,63.33615219217579,93648.37209302325
668,65,52.986813728646005,101387.90697674418
668,70,44.61902737459037,109127.44186046511
668,75,37.744786423036814,116866.97674418605
668,80,32.08863099295693,124606.51162790698
669,5,777.7805785540846,8513.488372093023
669,10,510.1400314720919,16253.023255813954
669,15,382.29367509024996,23992.558139534885
669,20,301.32787021798515,31732.093023255813
669,25,243.1530447735626,39471.62790697675
669,30,198.22257342637195,47211.16279069767
669,35,162.7975195071987,54950.6976744186
669,40,134.0572091599029,62690.232558139534
669,45,111.16157552516974,70429.76744186047
669,50,92.63683743287784,78169.30232558139
669,55,76.96533572763323,85908.83720930232
669,60,64.30841922273319,93648.37209302325
669,65,53.94612130839849,101387.90697674418
669,70,45.40010227517901,109127.44186046511
669,75,38.45398620588895,116866.97674418605
669,80,32.656352628435194,124606.51162790698
670,5,785.888920530067,8513.488372093023
670,10,524.4621033575384,16253.023255813954
670,15,390.3157433477323,23992.558139534885
670,20,310.4442607993555,31732.093023255813
670,25,251.34890146698038,39471.62790697675
670,30,205.55853912408853,47211.16279069767
670,35,168.96684451957347,54950.6976744186
670,40,139.21246841943176,62690.232558139534
670,45,115.03538722362454,70429.76744186047
670,50,95.66695479575702,78169.30232558139
670,55,80.06324891588041,85908.83720930232
670,60,66.9797030911227,93648.37209302325
670,65,56.202803070785244,101387.90697674418
670,70,47.42777287894989,109127.44186046511
670,75,40.28556833221925,116866.97674418605
670,80,34.31536392417375,124606.51162790698
671,5,789.1976834146686,8513.488372093023
671,10,510.37384797087736,16253.023255813954
671,15,380.2255855032862,23992.558139534885
671,20,302.5044690281379,31732.093023255813
671,25,242.93702337378326,39471.62790697675
671,30,198.09686246192578,47211.16279069767
671,35,162.94631930961205,54950.6976744186
671,40,134.57345318034913,62690.232558139534
671,45,111.38350113258886,70429.76744186047
671,50,93.01203376652103,78169.30232558139
671,55,77.86051334373732,85908.83720930232
671,60,64.80833277481221,93648.37209302325
671,65,54.237830660778656,101387.90697674418
671,70,45.71574667085037,109127.44186046511
671,75,38.679433324963476,116866.97674418605
671,80,32.757839778847995,124606.51162790698
672,5,779.6387785208047,8513.488372093023
672,10,510.18569600734435,16253.023255813954
672,15,384.7355497034483,23992.558139534885
672,20,306.5053667077034,31732.093023255813
672,25,246.71884290218813,39471.62790697675
672,30,201.0495021033337,47211.16279069767
672,35,165.47397785335485,54950.6976744186
672,40,136.9842595956435,62690.232558139534
672,45,113.685608533464,70429.76744186047
672,50,94.41279704191403,78169.30232558139
672,55,78.61005503384001,85908.83720930232
672,60,65.39725530589486,93648.37209302325
672,65,54.74200685041088,101387.90697674418
672,70,46.207470055025055,109127.44186046511
672,75,39.304494442491055,116866.97674418605
672,80,33.5314207435891,124606.51162790698
673,5,787.0587187049126,8513.488372093023
673,10,526.4503656770777,16253.023255813954
673,15,391.6985722989875,23992.558139534885
673,20,307.80234377570787,31732.093023255813
673,25,249.02364367238047,39471.62790697675
673,30,202.37178518467454,47211.16279069767
673,35,166.88321497414213,54950.6976744186
673,40,138.122341533768,62690.232558139534
673,45,114.63606768638915,70429.76744186047
673,50,95.93963803932833,78169.30232558139
673,55,80.43178916080643,85908.83720930232
673,60,67.39051253536083,93648.37209302325
673,65,56.54410524662944,101387.90697674418
673,70,47.79478655867669,109127.44186046511
673,75,40.680704949996155,116866.97674418605
673,80,34.64700868415596,124606.51162790698
674,5,800.3800011144191,8513.488372093023
674,10,538.3477655404309,16253.023255813954
674,15,399.03226608077927,23992.558139534885
674,20,316.7301923762294,31732.093023255813
674,25,255.24087477504673,39471.62790697675
674,30,207.88701226811895,47211.16279069767
674,35,171.1161485351945,54950.6976744186
674,40,141.8431093355628,62690.232558139534
674,45,118.07812461223693,70429.76744186047
674,50,98.62810598900322,78169.30232558139
674,55,82.06145379080439,85908.83720930232
674,60,68.56816427690443,93648.37209302325
674,65,57.59720151918943,101387.90697674418
674,70,48.68566162322557,109127.44186046511
674,75,41.58312853277468,116866.97674418605
674,80,35.57068031234234,124606.51162790698
675,5,808.1261413552139,8513.488372093023
675,10,540.0731523550586,16253.023255813954
675,15,396.37333085894795,23992.558139534885
675,20,314.47095519247756,31732.093023255813
675,25,253.63619398083162,39471.62790697675
675,30,207.26338061146302,47211.16279069767
675,35,170.97516575220948,54950.6976744186
675,40,141.5052940231344,62690.232558139534
675,45,117.5074772002229,70429.76744186047
675,50,97.6003219058706,78169.30232558139
675,55,81.5558249368247,85908.83720930232
675,60,68.37695782072026,93648.37209302325
675,65,57.678063589435446,101387.90697674418
675,70,48.81765776596807,109127.44186046511
675,75,41.52499339710216,116866.97674418605
675,80,35.48633089048192,124606.51162790698
676,5,848.7064604563009,8513.488372093023
676,10,556.6956035758249,16253.023255813954
676,15,406.2654508548915,23992.558139534885
676,20,321.5516658113075,31732.093023255813
676,25,258.7018407808925,39471.62790697675
676,30,211.5420589012208,47211.16279069767
676,35,173.60374902921487,54950.6976744186
676,40,143.58350406912967,62690.232558139534
676,45,119.42528289321882,70429.76744186047
676,50,99.42376103462098,78169.30232558139
676,55,83.07985883387082,85908.83720930232
676,60,69.53295681822308,93648.37209302325
676,65,58.59127060306251,101387.90697674418
676,70,49.71065865525544,109127.44186046511
676,75,42.42055237689695,116866.97674418605
676,80,36.2602864341366,124606.51162790698
677,5,894.2388133538417,8513.488372093023
677,10,590.8913104029119,16253.023255813954
677,15,431.8134330827328,23992.558139534885
677,20,339.60761873319535,31732.093023255813
677,25,275.2015046997522,39471.62790697675
677,30,222.86060189408562,47211.16279069767
677,35,183.20486637421013,54950.6976744186
677,40,151.63188052174092,62690.232558139534
677,45,125.59156702392164,70429.76744186047
677,50,104.81823146336514,78169.30232558139
677,55,87.88133571205269,85908.83720930232
677,60,73.96141018720883,93648.37209302325
677,65,62.77529310530162,101387.90697674418
677,70,53.37580474878817,109127.44186046511
677,75,45.52414268987338,116866.97674418605
677,80,38.906073134871285,124606.51162790698
678,5,910.7597613140832,8513.488372093023
678,10,592.5698723826696,16253.023255813954
678,15,432.8279633633142,23992.558139534885
678,20,339.38931697840775,31732.093023255813
678,25,273.5225727588121,39471.62790697675
678,30,222.32423329554678,47211.16279069767
678,35,181.94327928595249,54950.6976744186
678,40,150.46846076851236,62690.232558139534
678,45,125.49606205038398,70429.76744186047
678,50,104.82216554009476,78169.30232558139
678,55,87.96502578532814,85908.83720930232
678,60,73.6773389524411,93648.37209302325
678,65,61.928814256557544,101387.90697674418
678,70,52.345862979220854,109127.44186046511
678,75,44.5224530800444,116866.97674418605
678,80,38.041290892151764,124606.51162790698
679,5,895.3442651117156,8513.488372093023
679,10,585.8956532539952,16253.023255813954
679,15,425.729998836815,23992.558139534885
679,20,337.8973202340634,31732.093023255813
679,25,274.3447683807674,39471.62790697675
679,30,224.03130834144915,47211.16279069767
679,35,183.9484440603143,54950.6976744186
679,40,152.8798707141663,62690.232558139534
679,45,127.51136319677144,70429.76744186047
679,50,106.30679010005251,78169.30232558139
679,55,88.82695895292969,85908.83720930232
679,60,74.65183397228049,93648.37209302325
679,65,63.09430547226971,101387.90697674418
679,70,53.32810169517852,109127.44186046511
679,75,45.227759044961644,116866.97674418605
679,80,38.48973137081941,124606.51162790698
680,5,883.4503748690373,8513.488372093023
680,10,573.5109511183807,16253.023255813954
680,15,419.0560080633517,23992.558139534885
680,20,328.6036620165681,31732.093023255813
680,25,265.7434741775632,39471.62790697675
680,30,216.13638038721058,47211.16279069767
680,35,177.87144140709927,54950.6976744186
680,40,146.87124266849088,62690.232558139534
680,45,122.14460598456195,70429.76744186047
680,50,102.2751268240828,78169.30232558139
680,55,85.9972138664049,85908.83720930232
680,60,72.58304509594102,93648.37209302325
680,65,61.754293640029076,101387.90697674418
680,70,52.69513699267495,109127.44186046511
680,75,45.09532613086302,116866.97674418605
680,80,38.725800660549794,124606.51162790698
681,5,875.9727632133566,8513.488372093023
681,10,572.7662959129929,16253.023255813954
681,15,425.61844893166193,23992.558139534885
681,20,333.0607749640811,31732.093023255813
681,25,268.367127833985,39471.62790697675
681,30,219.1906238594171,47211.16279069767
681,35,179.8814359456085,54950.6976744186
681,40,149.05873891026673,62690.232558139534
681,45,124.48993972851046,70429.76744186047
681,50,104.20190654401684,78169.30232558139
681,55,87.50696887212926,85908.83720930232
681,60,73.67996494853357,93648.37209302325
681,65,62.214097506685384,101387.90697674418
681,70,52.88393857686062,109127.44186046511
681,75,45.21608735267527,116866.97674418605
681,80,38.717980082319826,124606.51162790698
682,5,856.6411315728672,8513.488372093023
682,10,547.6430391464057,16253.023255813954
682,15,407.1027881041648,23992.558139534885
682,20,319.6311387747025,31732.093023255813
682,25,257.77305185127847,39471.62790697675
682,30,209.73535263370178,47211.16279069767
682,35,172.73135887748376,54950.6976744186
682,40,143.65750084838982,62690.232558139534
682,45,120.51944173172355,70429.76744186047
682,50,101.09932274176485,78169.30232558139
682,55,85.19125657627693,85908.83720930232
682,60,72.06274121190931,93648.37209302325
682,65,61.18217679840028,101387.90697674418
682,70,51.988897574152695,109127.44186046511
682,75,44.37187458480203,116866.97674418605
682,80,37.89823383799531,124606.51162790698
683,5,841.1306114365336,8513.488372093023
683,10,546.8323979066759,16253.023255813954
683,15,408.92696431451725,23992.558139534885
683,20,321.6758640463174,31732.093023255813
683,25,258.7693602515253,39471.62790697675
683,30,209.94273167555292,47211.16279069767
683,35,172.39309258260928,54950.6976744186
683,40,143.11725020534996,62690.232558139534
683,45,119.94757739273763,70429.76744186047
683,50,100.62587442783622,78169.30232558139
683,55,84.6101137720273,85908.83720930232
683,60,71.47156742150423,93648.37209302325
683,65,60.76505918508398,101387.90697674418
683,70,51.71041249607018,109127.44186046511
683,75,44.24283027934255,116866.97674418605
683,80,37.801051310573115,124606.51162790698
684,5,806.6426026497467,8513.488372093023
684,10,539.3181368818186,16253.023255813954
684,15,402.5295356058873,23992.558139534885
684,20,314.59328237768773,31732.093023255813
684,25,251.89040482201693,39471.62790697675
684,30,204.0157224072302,47211.16279069767
684,35,167.5022826154858,54950.6976744186
684,40,139.4142716175392,62690.232558139534
684,45,116.80884573803931,70429.76744186047
684,50,98.12606803788555,78169.30232558139
684,55,82.87957034443633,85908.83720930232
684,60,70.25109386856202,93648.37209302325
684,65,59.71885324191499,101387.90697674418
684,70,51.036357226102346,109127.44186046511
684,75,43.51540599927963,116866.97674418605
684,80,37.223143708509376,124606.51162790698
685,5,815.3748354720723,8513.488372093023
685,10,531.9989732334423,16253.023255813954
685,15,396.6811167353838,23992.558139534885
685,20,313.8218269222406,31732.093023255813
685,25,251.85458268974517,39471.62790697675
685,30,205.66655590075882,47211.16279069767
685,35,169.3614494954219,54950.6976744186
685,40,140.8890075135879,62690.232558139534
685,45,118.17844887673746,70429.76744186047
685,50,99.02080878219698,78169.30232558139
685,55,83.08114532793837,85908.83720930232
685,60,70.31771762794675,93648.37209302325
685,65,59.898455816785294,101387.90697674418
685,70,51.10278889567675,109127.44186046511
685,75,43.59559322030906,116866.97674418605
685,80,37.39105893513228,124606.51162790698
686,5,798.6853712918448,8513.488372093023
686,10,520.4048955512886,16253.023255813954
686,15,385.91920331966395,23992.558139534885
686,20,303.42178739948247,31732.093023255813
686,25,243.320956298956,39471.62790697675
686,30,196.9995222586528,47211.16279069767
686,35,161.24904730870747,54950.6976744186
686,40,133.67680132075992,62690.232558139534
686,45,111.61784530506542,70429.76744186047
686,50,93.52715931716713,78169.30232558139
686,55,78.23386173931482,85908.83720930232
686,60,65.88776755314112,93648.37209302325
686,65,55.523512383473474,101387.90697674418
686,70,46.96596462993046,109127.44186046511
686,75,39.90173318438992,116866.97674418605
686,80,33.98552911385907,124606.51162790698
687,5,778.61732580436,8513.488372093023
687,10,505.4259154914522,16253.023255813954
687,15,377.18666281529335,23992.558139534885
687,20,293.10092546209376,31732.093023255813
687,25,233.48210502055989,39471.62790697675
687,30,189.31464269522164,47211.16279069767
687,35,156.4745494943256,54950.6976744186
687,40,129.34893366217855,62690.232558139534
687,45,107.14045148400352,70429.76744186047
687,50,89.41226293873312,78169.30232558139
687,55,75.11190138806795,85908.83720930232
687,60,63.19119640456738,93648.37209302325
687,65,53.493321472711884,101387.90697674418
687,70,45.334082081806514,109127.44186046511
687,75,38.369721670421086,116866.97674418605
687,80,32.66961058087718,124606.51162790698
688,5,779.1843242993718,8513.488372093023
688,10,505.8615689969845,16253.023255813954
688,15,380.2363871698528,23992.558139534885
688,20,298.1692224882724,31732.093023255813
688,25,239.22641443665253,39471.62790697675
688,30,193.498085371769,47211.16279069767
688,35,157.8854476086906,54950.6976744186
688,40,130.0633901615088,62690.232558139534
688,45,108.28771573219873,70429.76744186047
688,50,90.69637413695403,78169.30232558139
688,55,76.08125225151616,85908.83720930232
688,60,64.15409879573473,93648.37209302325
688,65,54.415755288791345,101387.90697674418
688,70,46.16952011545074,109127.44186046511
688,75,39.31445143308721,116866.97674418605
688,80,33.66341522135001,124606.51162790698
689,5,753.3937412868405,8513.488372093023
689,10,488.59120899655335,16253.023255813954
689,15,364.6163852227097,23992.558139534885
689,20,284.69440664771577,31732.093023255813
689,25,225.85899416627714,39471.62790697675
689,30,183.19873590458914,47211.16279069767
689,35,150.23124276457978,54950.6976744186
689,40,123.93345052379819,62690.232558139534
689,45,102.35889126299496,70429.76744186047
689,50,84.88665657591085,78169.30232558139
689,55,70.87680215545315,85908.83720930232
689,60,59.48491633495317,93648.37209302325
689,65,50.307146948733916,101387.90697674418
689,70,42.64034415729676,109127.44186046511
689,75,36.263606205716584,116866.97674418605
689,80,30.96256568356605,124606.51162790698
690,5,728.2049376709348,8513.488372093023
690,10,472.8293860706922,16253.023255813954
690,15,353.68296265083535,23992.558139534885
690,20,276.62868018790914,31732.093023255813
690,25,223.13697083465803,39471.62790697675
690,30,182.45408805671934,47211.16279069767
690,35,151.0533508148859,54950.6976744186
690,40,125.51596730624429,62690.232558139534
690,45,104.16897143290204,70429.76744186047
690,50,86.85102853037304,78169.30232558139
690,55,72.68545060758092,85908.83720930232
690,60,61.40979015244884,93648.37209302325
690,65,52.21386577452227,101387.90697674418
690,70,44.48790626015298,109127.44186046511
690,75,37.938106931291856,116866.97674418605
690,80,32.411180823725566,124606.51162790698
691,5,732.8597194121417,8513.488372093023
691,10,475.26653032012683,16253.023255813954
691,15,352.9334935364003,23992.558139534885
691,20,276.6859861443013,31732.093023255813
691,25,223.8375913278846,39471.62790697675
691,30,183.4570080514825,47211.16279069767
691,35,151.182300297496,54950.6976744186
691,40,125.37297195785466,62690.232558139534
691,45,104.41861550625191,70429.76744186047
691,50,87.42069661838347,78169.30232558139
691,55,73.10932839517855,85908.83720930232
691,60,61.596535402311545,93648.37209302325
691,65,52.218543575696906,101387.90697674418
691,70,44.32595649971111,109127.44186046511
691,75,37.8149734544047,116866.97674418605
691,80,32.39684599396319,124606.51162790698
692,5,738.320436390297,8513.488372093023
692,10,477.80837345848477,16253.023255813954
692,15,356.385945041773,23992.558139534885
692,20,280.7369003875084,31732.093023255813
692,25,225.98592399855323,39471.62790697675
692,30,185.68409665126094,47211.16279069767
692,35,153.65836787590553,54950.6976744186
692,40,127.35989224870113,62690.232558139534
692,45,106.02169091369116,70429.76744186047
692,50,88.54282848183999,78169.30232558139
692,55,73.93707427024088,85908.83720930232
692,60,61.90867599241816,93648.37209302325
692,65,52.24492620240794,101387.90697674418
692,70,44.395037650159445,109127.44186046511
692,75,37.85061558359502,116866.97674418605
692,80,32.332959260386644,124606.51162790698
693,5,732.9687246349146,8513.488372093023
693,10,474.2598404203431,16253.023255813954
693,15,355.0409312553774,23992.558139534885
693,20,280.0510962863782,31732.093023255813
693,25,224.39948472804403,39471.62790697675
693,30,182.6395229539741,47211.16279069767
693,35,149.59027781666524,54950.6976744186
693,40,123.59340092761116,62690.232558139534
693,45,102.7372313962469,70429.76744186047
693,50,85.93197584627838,78169.30232558139
693,55,72.28064496066602,85908.83720930232
693,60,60.86470606979022,93648.37209302325
693,65,51.40235335703403,101387.90697674418
693,70,43.5838909222666,109127.44186046511
693,75,37.027482429491464,116866.97674418605
693,80,31.485897418403955,124606.51162790698
694,5,732.8763988961052,8513.488372093023
694,10,479.5284814828734,16253.023255813954
694,15,359.04716735861933,23992.558139534885
694,20,280.5876378227494,31732.093023255813
694,25,226.08011702722266,39471.62790697675
694,30,184.57958382888592,47211.16279069767
694,35,152.33364235551537,54950.6976744186
694,40,126.46194006913683,62690.232558139534
694,45,105.09420093829819,70429.76744186047
694,50,87.81531381713326,78169.30232558139
694,55,73.8917804078053,85908.83720930232
694,60,62.223080743332524,93648.37209302325
694,65,52.6950410665641,101387.90697674418
694,70,44.68395481472343,109127.44186046511
694,75,38.1008040136027,116866.97674418605
694,80,32.5412275906446,124606.51162790698
695,5,732.0686777417428,8513.488372093023
695,10,483.630426339878,16253.023255813954
695,15,361.8805157472123,23992.558139534885
695,20,282.48533156324334,31732.093023255813
695,25,227.07180244184963,39471.62790697675
695,30,186.28366383179127,47211.16279069767
695,35,154.91174795641982,54950.6976744186
695,40,128.67471826588965,62690.232558139534
695,45,106.61153811353343,70429.76744186047
695,50,88.96815965568813,78169.30232558139
695,55,74.35027375652463,85908.83720930232
695,60,62.7015435147952,93648.37209302325
695,65,52.99867370181018,101387.90697674418
695,70,44.89799264388717,109127.44186046511
695,75,38.199973671986896,116866.97674418605
695,80,32.60535597067517,124606.51162790698
696,5,757.8223215320328,8513.488372093023
696,10,492.21789127452524,16253.023255813954
696,15,371.1728070637894,23992.558139534885
696,20,290.1165986988137,31732.093023255813
696,25,232.20385658178836,39471.62790697675
696,30,190.0212457595358,47211.16279069767
696,35,156.41678743344005,54950.6976744186
696,40,129.51145021623046,62690.232558139534
696,45,108.06594488993676,70429.76744186047
696,50,90.16594104561149,78169.30232558139
696,55,75.71346559444338,85908.83720930232
696,60,63.90766966595984,93648.37209302325
696,65,54.04178216094501,101387.90697674418
696,70,45.809770652794874,109127.44186046511
696,75,39.00457496534112,116866.97674418605
696,80,33.24676840607593,124606.51162790698
697,5,751.158210200221,8513.488372093023
697,10,475.68321584572516,16253.023255813954
697,15,356.19514042264905,23992.558139534885
697,20,279.18993359108254,31732.093023255813
697,25,222.68644347973867,39471.62790697675
697,30,181.9879699007495,47211.16279069767
697,35,150.45411896597588,54950.6976744186
697,40,124.21817094804344,62690.232558139534
697,45,102.93719129323961,70429.76744186047
697,50,85.70944668012324,78169.30232558139
697,55,71.86181182462398,85908.83720930232
697,60,60.358701083065995,93648.37209302325
697,65,51.06795926126637,101387.90697674418
697,70,43.373790343139476,109127.44186046511
697,75,37.059480843289236,116866.97674418605
697,80,31.679373352165427,124606.51162790698
698,5,749.5452373315022,8513.488372093023
698,10,467.09890792891315,16253.023255813954
698,15,352.6437086480045,23992.558139534885
698,20,276.9747018246101,31732.093023255813
698,25,223.45180282877985,39471.62790697675
698,30,183.16449921753014,47211.16279069767
698,35,151.0799200048576,54950.6976744186
698,40,125.18879193649074,62690.232558139534
698,45,103.9117474259714,70429.76744186047
698,50,86.61387084707776,78169.30232558139
698,55,72.49835378483259,85908.83720930232
698,60,60.69637072268223,93648.37209302325
698,65,51.14564748682931,101387.90697674418
698,70,43.275224604359614,109127.44186046511
698,75,36.746903313598935,116866.97674418605
698,80,31.335628220557773,124606.51162790698
699,5,753.9631793508094,8513.488372093023
699,10,470.0103989186364,16253.023255813954
699,15,355.8269021872659,23992.558139534885
699,20,281.12803289339627,31732.093023255813
699,25,225.30764110787624,39471.62790697675
699,30,183.41050367286834,47211.16279069767
699,35,152.02801015351227,54950.6976744186
699,40,125.9391009377976,62690.232558139534
699,45,104.21145503821224,70429.76744186047
699,50,86.46896755436414,78169.30232558139
699,55,72.61317384149315,85908.83720930232
699,60,60.942718206489204,93648.37209302325
699,65,51.059426374657434,101387.90697674418
699,70,43.2254523925441,109127.44186046511
699,75,36.74413596227627,116866.97674418605
699,80,31.12995336073695,124606.51162790698
700,5,771.0667145530607,8513.488372093023
700,10,489.5197935928838,16253.023255813954
700,15,366.8969082183114,23992.558139534885
700,20,290.00209932818757,31732.093023255813
700,25,231.61508381631157,39471.62790697675
700,30,189.49028630470312,47211.16279069767
700,35,156.77475500209223,54950.6976744186
700,40,130.70002344097927,62690.232558139534
700,45,109.53111081350573,70429.76744186047
700,50,91.71766266519576,78169.30232558139
700,55,77.14313936941993,85908.83720930232
700,60,64.98187508969662,93648.37209302325
700,65,54.77570341017973,101387.90697674418
700,70,46.37947297884351,109127.44186046511
700,75,39.43955247342552,116866.97674418605
700,80,33.51153911828658,124606.51162790698
701,5,796.6649746607357,8513.488372093023
701,10,503.5166901952126,16253.023255813954
701,15,375.06478606378124,23992.558139534885
701,20,296.48601345262193,31732.093023255813
701,25,238.97118036335863,39471.62790697675
701,30,196.17980600204652,47211.16279069767
701,35,162.71882843041755,54950.6976744186
701,40,134.9616092532289,62690.232558139534
701,45,112.15997284349884,70429.76744186047
701,50,93.62895455101965,78169.30232558139
701,55,78.35318773173083,85908.83720930232
701,60,65.9571709320753,93648.37209302325
701,65,55.76258695753772,101387.90697674418
701,70,47.19821741205859,109127.44186046511
701,75,40.04185194129647,116866.97674418605
701,80,34.02674775821971,124606.51162790698
702,5,801.9614816301954,8513.488372093023
702,10,510.4046633056286,16253.023255813954
702,15,385.54771308627767,23992.558139534885
702,20,306.8467575889151,31732.093023255813
702,25,246.3936660079551,39471.62790697675
702,30,200.88101876879955,47211.16279069767
702,35,166.23372566935197,54950.6976744186
702,40,138.30580292984655,62690.232558139534
702,45,115.43754088772741,70429.76744186047
702,50,96.591030199455,78169.30232558139
702,55,80.99378397182686,85908.83720930232
702,60,68.22169796149404,93648.37209302325
702,65,57.64794106191579,101387.90697674418
702,70,48.82542750202477,109127.44186046511
702,75,41.55998095102522,116866.97674418605
702,80,35.44027829885522,124606.51162790698
703,5,794.754686579571,8513.488372093023
703,10,506.118220565494,16253.023255813954
703,15,377.6447171807093,23992.558139534885
703,20,300.43933335235283,31732.093023255813
703,25,241.876248825097,39471.62790697675
703,30,197.3171428763991,47211.16279069767
703,35,163.7622506578754,54950.6976744186
703,40,136.87950487320634,62690.232558139534
703,45,114.6398874661665,70429.76744186047
703,50,96.26224336990434,78169.30232558139
703,55,80.94419591876667,85908.83720930232
703,60,68.17077319300975,93648.37209302325
703,65,57.53829638559142,101387.90697674418
703,70,48.81646698152022,109127.44186046511
703,75,41.636395349850844,116866.97674418605
703,80,35.509706269362006,124606.51162790698
704,5,771.8089621370759,8513.488372093023
704,10,497.5567631546203,16253.023255813954
704,15,373.15203265124785,23992.558139534885
704,20,294.06396814572594,31732.093023255813
704,25,236.75330368341264,39471.62790697675
704,30,192.55616154099093,47211.16279069767
704,35,159.41536259355877,54950.6976744186
704,40,132.78645320731448,62690.232558139534
704,45,110.26277491194162,70429.76744186047
704,50,91.97642238912773,78169.30232558139
704,55,77.24418937764945,85908.83720930232
704,60,65.17151120501569,93648.37209302325
704,65,55.22578079171654,101387.90697674418
704,70,46.89065692099942,109127.44186046511
704,75,39.96590178675616,116866.97674418605
704,80,34.085956262204085,124606.51162790698
705,5,752.7660571358815,8513.488372093023
705,10,501.7292272866132,16253.023255813954
705,15,373.63744873600916,23992.558139534885
705,20,295.189357339323,31732.093023255813
705,25,237.5957930913459,39471.62790697675
705,30,192.894088088873,47211.16279069767
705,35,159.44364390164037,54950.6976744186
705,40,132.22409833062582,62690.232558139534
705,45,109.96682690087977,70429.76744186047
705,50,91.89301099966306,78169.30232558139
705,55,76.86197454591542,85908.83720930232
705,60,64.60353707659333,93648.37209302325
705,65,54.692768757238085,101387.90697674418
705,70,46.67295115706487,109127.44186046511
705,75,39.89521240430284,116866.97674418605
705,80,34.07312289637323,124606.51162790698
706,5,741.6379789141155,8513.488372093023
706,10,484.3958741995504,16253.023255813954
706,15,368.2093908403272,23992.558139534885
706,20,290.35019354984956,31732.093023255813
706,25,233.23129539845056,39471.62790697675
706,30,190.68554827217963,47211.16279069767
706,35,157.3747452755112,54950.6976744186
706,40,131.0901631489285,62690.232558139534
706,45,109.00882101140587,70429.76744186047
706,50,91.25936810169867,78169.30232558139
706,55,76.62104489463249,85908.83720930232
706,60,64.78905409140867,93648.37209302325
706,65,54.99225001604341,101387.90697674418
706,70,46.71443079637151,109127.44186046511
706,75,39.76128480237662,116866.97674418605
706,80,33.83639844551639,124606.51162790698
707,5,736.0341834517396,8513.488372093023
707,10,486.63545539983187,16253.023255813954
707,15,361.9124948256102,23992.558139534885
707,20,285.34384077319595,31732.093023255813
707,25,229.5272096366206,39471.62790697675
707,30,188.24088237505651,47211.16279069767
707,35,156.10404220281626,54950.6976744186
707,40,129.67819710052953,62690.232558139534
707,45,107.61466546916022,70429.76744186047
707,50,89.48716072142925,78169.30232558139
707,55,75.10566052553774,85908.83720930232
707,60,63.337751988384234,93648.37209302325
707,65,53.65425023651399,101387.90697674418
707,70,45.70094070208911,109127.44186046511
707,75,38.94557795587593,116866.97674418605
707,80,33.28593561163101,124606.51162790698
708,5,751.3083987844274,8513.488372093023
708,10,491.0769242192444,16253.023255813954
708,15,360.59877528410385,23992.558139534885
708,20,280.0302828958709,31732.093023255813
708,25,226.422203940175,39471.62790697675
708,30,186.39605070080646,47211.16279069767
708,35,154.42570530298855,54950.6976744186
708,40,128.5091885174863,62690.232558139534
708,45,107.4307401110993,70429.76744186047
708,50,90.09673760890315,78169.30232558139
708,55,76.04688826255708,85908.83720930232
708,60,64.40644950559371,93648.37209302325
708,65,54.6731403943532,101387.90697674418
708,70,46.47073303249833,109127.44186046511
708,75,39.69782565169065,116866.97674418605
708,80,34.07065201141222,124606.51162790698
709,5,750.1840104979965,8513.488372093023
709,10,489.4978301505663,16253.023255813954
709,15,363.07954299675646,23992.558139534885
709,20,280.75998772253166,31732.093023255813
709,25,225.09839735899462,39471.62790697675
709,30,185.46444217071436,47211.16279069767
709,35,154.11857467624824,54950.6976744186
709,40,128.23313866844768,62690.232558139534
709,45,106.67106040220678,70429.76744186047
709,50,89.59274736082716,78169.30232558139
709,55,75.69569412330202,85908.83720930232
709,60,64.10070148714186,93648.37209302325
709,65,54.340487191598825,101387.90697674418
709,70,46.12370453518382,109127.44186046511
709,75,39.330305645413326,116866.97674418605
709,80,33.622271189924945,124606.51162790698
710,5,758.5079525405276,8513.488372093023
710,10,494.6660060092019,16253.023255813954
710,15,366.5534584701732,23992.558139534885
710,20,282.36993012114084,31732.093023255813
710,25,226.0579987945394,39471.62790697675
710,30,186.44884319106401,47211.16279069767
710,35,155.30638876745726,54950.6976744186
710,40,129.85715387222143,62690.232558139534
710,45,108.90000845036985,70429.76744186047
710,50,91.62652082218396,78169.30232558139
710,55,77.19606685183042,85908.83720930232
710,60,65.55683843081646,93648.37209302325
710,65,55.8884810029608,101387.90697674418
710,70,47.562303486335004,109127.44186046511
710,75,40.469493197478215,116866.97674418605
710,80,34.53021056826664,124606.51162790698
711,5,767.2609141520612,8513.488372093023
711,10,501.32948246071146,16253.023255813954
711,15,370.5824589393398,23992.558139534885
711,20,286.404033156054,31732.093023255813
711,25,229.19609621250828,39471.62790697675
711,30,188.41257199167543,47211.16279069767
711,35,157.20666633792425,54950.6976744186
711,40,131.4107751572217,62690.232558139534
711,45,109.93653390755574,70429.76744186047
711,50,92.02772654627279,78169.30232558139
711,55,77.49064952721442,85908.83720930232
711,60,65.75039632093443,93648.37209302325
711,65,55.93321070236619,101387.90697674418
711,70,47.69378571115368,109127.44186046511
711,75,40.78607754114855,116866.97674418605
711,80,35.00655141760985,124606.51162790698
712,5,803.7905179799063,8513.488372093023
712,10,516.7487639075068,16253.023255813954
712,15,373.7050301390947,23992.558139534885
712,20,289.5094713265094,31732.093023255813
712,25,231.11332734170628,39471.62790697675
712,30,189.40656357358398,47211.16279069767
712,35,157.0844195314448,54950.6976744186
712,40,131.63387205440657,62690.232558139534
712,45,110.40780402667471,70429.76744186047
712,50,92.88911501652653,78169.30232558139
712,55,78.77048761643799,85908.83720930232
712,60,67.03602455479638,93648.37209302325
712,65,57.028111410888,101387.90697674418
712,70,48.8138250031113,109127.44186046511
712,75,41.77303565640355,116866.97674418605
712,80,35.831963536423565,124606.51162790698
713,5,831.956189838396,8513.488372093023
713,10,525.3663524357646,16253.023255813954
713,15,375.7476417353687,23992.558139534885
713,20,289.66591835599684,31732.093023255813
713,25,231.61487351129088,39471.62790697675
713,30,189.37069377535965,47211.16279069767
713,35,156.00045775916482,54950.6976744186
713,40,128.87247214734995,62690.232558139534
713,45,107.15947551376004,70429.76744186047
713,50,89.97632073912422,78169.30232558139
713,55,76.15708888709372,85908.83720930232
713,60,64.71623157228836,93648.37209302325
713,65,55.25046352923256,101387.90697674418
713,70,47.252521156042754,109127.44186046511
713,75,40.44015164471687,116866.97674418605
713,80,34.57893561857576,124606.51162790698
714,5,839.1945228020309,8513.488372093023
714,10,527.0249755271093,16253.023255813954
714,15,381.09655458131533,23992.558139534885
714,20,294.86302490166656,31732.093023255813
714,25,234.3765795138611,39471.62790697675
714,30,190.73518330004796,47211.16279069767
714,35,157.00158602544138,54950.6976744186
714,40,129.2679131370305,62690.232558139534
714,45,107.3484835121888,70429.76744186047
714,50,89.7873990634127,78169.30232558139
714,55,75.95426511168831,85908.83720930232
714,60,64.59676389113976,93648.37209302325
714,65,55.01037779260294,101387.90697674418
714,70,47.02488201282093,109127.44186046511
714,75,40.19204807621833,116866.97674418605
714,80,34.402131444219265,124606.51162790698
715,5,858.4346188162641,8513.488372093023
715,10,527.7952179315348,16253.023255813954
715,15,382.0457550598757,23992.558139534885
715,20,293.27725616089975,31732.093023255813
715,25,233.39089053685905,39471.62790697675
715,30,190.26756607580694,47211.16279069767
715,35,156.94275341822268,54950.6976744186
715,40,130.17480438094677,62690.232558139534
715,45,108.40593739309053,70429.76744186047
715,50,90.80799297571083,78169.30232558139
715,55,76.42326893935909,85908.83720930232
715,60,64.95591827314965,93648.37209302325
715,65,55.443983263001535,101387.90697674418
715,70,47.42461933657886,109127.44186046511
715,75,40.58167583928891,116866.97674418605
715,80,34.80336276572482,124606.51162790698
716,5,857.5705555681635,8513.488372093023
716,10,530.8238215014467,16253.023255813954
716,15,380.87158654665825,23992.558139534885
716,20,293.90608112655127,31732.093023255813
716,25,234.8307917686567,39471.62790697675
716,30,191.92929661715772,47211.16279069767
716,35,158.12948665146666,54950.6976744186
716,40,130.23477509558012,62690.232558139534
716,45,108.24091923948693,70429.76744186047
716,50,90.85186361231139,78169.30232558139
716,55,76.4935260759244,85908.83720930232
716,60,64.87518945280362,93648.37209302325
716,65,55.35750749867931,101387.90697674418
716,70,47.213744037704714,109127.44186046511
716,75,40.33202949158695,116866.97674418605
716,80,34.58117912365774,124606.51162790698
717,5,841.4109664836573,8513.488372093023
717,10,516.9773718892073,16253.023255813954
717,15,374.33401145745324,23992.558139534885
717,20,287.905269832185,31732.093023255813
717,25,230.03554371053653,39471.62790697675
717,30,187.86791128752836,47211.16279069767
717,35,154.10414487129455,54950.6976744186
717,40,126.71660895102103,62690.232558139534
717,45,104.74701021697734,70429.76744186047
717,50,87.67236456015159,78169.30232558139
717,55,74.05392446051334,85908.83720930232
717,60,62.66875881624528,93648.37209302325
717,65,53.16852246158658,101387.90697674418
717,70,45.15346642878605,109127.44186046511
717,75,38.42817441185678,116866.97674418605
717,80,32.83746623138902,124606.51162790698
718,5,852.6266827821893,8513.488372093023
718,10,515.1315475872698,16253.023255813954
718,15,369.9877155397951,23992.558139534885
718,20,282.70671519638876,31732.093023255813
718,25,226.50091709760295,39471.62790697675
718,30,186.33465050015292,47211.16279069767
718,35,154.15783132085642,54950.6976744186
718,40,127.19457288699164,62690.232558139534
718,45,105.6969757430068,70429.76744186047
718,50,88.59423863090696,78169.30232558139
718,55,74.86257573251523,85908.83720930232
718,60,63.4697692896287,93648.37209302325
718,65,53.88229800964025,101387.90697674418
718,70,45.888186804208196,109127.44186046511
718,75,39.22369050150717,116866.97674418605
718,80,33.67117235462254,124606.51162790698
719,5,836.646138759762,8513.488372093023
719,10,519.4226902266792,16253.023255813954
719,15,374.557332945588,23992.558139534885
719,20,292.1103744451296,31732.093023255813
719,25,235.200246295583,39471.62790697675
719,30,193.09947933755146,47211.16279069767
719,35,159.3432564718404,54950.6976744186
719,40,132.0057502378585,62690.232558139534
719,45,109.3089546396882,70429.76744186047
719,50,91.14177259046566,78169.30232558139
719,55,76.43805277099688,85908.83720930232
719,60,64.43693756193382,93648.37209302325
719,65,54.47113156899034,101387.90697674418
719,70,46.210338078981884,109127.44186046511
719,75,39.33717932779947,116866.97674418605
719,80,33.48546264922485,124606.51162790698
720,5,854.3255708610174,8513.488372093023
720,10,533.7835857649909,16253.023255813954
720,15,387.78654217271315,23992.558139534885
720,20,299.09582796111266,31732.093023255813
720,25,239.88734897317025,39471.62790697675
720,30,195.40114060387057,47211.16279069767
720,35,160.8088425431997,54950.6976744186
720,40,132.7272170659876,62690.232558139534
720,45,110.58131811881002,70429.76744186047
720,50,92.6188947568901,78169.30232558139
720,55,78.08539621985322,85908.83720930232
720,60,66.0895213030965,93648.37209302325
720,65,56.15484327993664,101387.90697674418
720,70,47.90493915489769,109127.44186046511
720,75,40.86863158284116,116866.97674418605
720,80,34.86174108562201,124606.51162790698
721,5,857.3005296616219,8513.488372093023
721,10,547.9965082462733,16253.023255813954
721,15,394.86932365266836,23992.558139534885
721,20,303.9017470948744,31732.093023255813
721,25,242.28851875303155,39471.62790697675
721,30,197.1785758132938,47211.16279069767
721,35,161.18208954338195,54950.6976744186
721,40,133.24691327089525,62690.232558139534
721,45,111.1778170806725,70429.76744186047
721,50,93.48269678325595,78169.30232558139
721,55,78.64543630394692,85908.83720930232
721,60,66.49855312236632,93648.37209302325
721,65,56.57190726713982,101387.90697674418
721,70,48.270500231489365,109127.44186046511
721,75,41.17713912672798,116866.97674418605
721,80,35.13809794096066,124606.51162790698
722,5,862.7290742325928,8513.488372093023
722,10,541.2756865109983,16253.023255813954
722,15,396.78742291664867,23992.558139534885
722,20,304.4928891019328,31732.093023255813
722,25,240.78265079944293,39471.62790697675
722,30,194.93907843386174,47211.16279069767
722,35,159.60553665588458,54950.6976744186
722,40,131.31302131300478,62690.232558139534
722,45,109.19884569628067,70429.76744186047
722,50,91.47537299382681,78169.30232558139
722,55,77.19764660999164,85908.83720930232
722,60,65.49510517176701,93648.37209302325
722,65,55.753135933897845,101387.90697674418
722,70,47.58862587273286,109127.44186046511
722,75,40.68608078706674,116866.97674418605
722,80,34.86093469149639,124606.51162790698
723,5,887.1505117078525,8513.488372093023
723,10,559.242778564475,16253.023255813954
723,15,411.4515478443744,23992.558139534885
723,20,318.8898540878901,31732.093023255813
723,25,250.9284156971842,39471.62790697675
723,30,202.63211302826596,47211.16279069767
723,35,165.03801149643647,54950.6976744186
723,40,135.7706714800582,62690.232558139534
723,45,112.81010176604217,70429.76744186047
723,50,94.26260875097363,78169.30232558139
723,55,79.39352695014101,85908.83720930232
723,60,67.1506531800588,93648.37209302325
723,65,56.99877157139581,101387.90697674418
723,70,48.43738373682846,109127.44186046511
723,75,41.226244979325664,116866.97674418605
723,80,35.18445252553219,124606.51162790698
724,5,901.8030549629199,8513.488372093023
724,10,562.7829414737214,16253.023255813954
724,15,416.61807098429784,23992.558139534885
724,20,320.90700803239145,31732.093023255813
724,25,254.04366115848154,39471.62790697675
724,30,205.8081469393488,47211.16279069767
724,35,168.17408214320994,54950.6976744186
724,40,137.7979989361753,62690.232558139534
724,45,114.01588434911467,70429.76744186047
724,50,95.3835899205476,78169.30232558139
724,55,80.46313158822919,85908.83720930232
724,60,68.04836175482703,93648.37209302325
724,65,57.623723160384664,101387.90697674418
724,70,49.00990122576766,109127.44186046511
724,75,42.010541143100504,116866.97674418605
724,80,36.02486531053153,124606.51162790698
725,5,898.814840805763,8513.488372093023
725,10,572.0222386458745,16253.023255813954
725,15,427.9292057008612,23992.558139534885
725,20,327.75000172327526,31732.093023255813
725,25,261.1362799142247,39471.62790697675
725,30,212.24295705566502,47211.16279069767
725,35,174.18162294338921,54950.6976744186
725,40,143.64824272059636,62690.232558139534
725,45,119.73931625482498,70429.76744186047
725,50,100.29816831010392,78169.30232558139
725,55,83.91338617123512,85908.83720930232
725,60,70.77666181904765,93648.37209302325
725,65,60.019152984709116,101387.90697674418
725,70,51.010519808620096,109127.44186046511
725,75,43.60422840531108,116866.97674418605
725,80,37.369633942361695,124606.51162790698
726,5,879.619846047901,8513.488372093023
726,10,559.2424460957232,16253.023255813954
726,15,413.80389328725965,23992.558139534885
726,20,317.3193058590702,31732.093023255813
726,25,253.83776962663893,39471.62790697675
726,30,206.82816534365728,47211.16279069767
726,35,169.84372584936375,54950.6976744186
726,40,140.4720921309745,62690.232558139534
726,45,117.00108325951271,70429.76744186047
726,50,98.20224481164443,78169.30232558139
726,55,82.91079796881768,85908.83720930232
726,60,70.27261091992915,93648.37209302325
726,65,59.690397350927896,101387.90697674418
726,70,50.848555444632204,109127.44186046511
726,75,43.28190519761688,116866.97674418605
726,80,36.97977751228954,124606.51162790698
727,5,874.0077525298335,8513.488372093023
727,10,550.4456120401106,16253.023255813954
727,15,406.77061489203516,23992.558139534885
727,20,313.90122599671406,31732.093023255813
727,25,251.1979366636173,39471.62790697675
727,30,206.55022949085048,47211.16279069767
727,35,169.76049874710486,54950.6976744186
727,40,141.1520344568789,62690.232558139534
727,45,118.13277204686278,70429.76744186047
727,50,99.61002979412588,78169.30232558139
727,55,84.17475731522782,85908.83720930232
727,60,71.4483420302062,93648.37209302325
727,65,60.99902273696924,101387.90697674418
727,70,52.36635809620142,109127.44186046511
727,75,45.08448130461095,116866.97674418605
727,80,38.77539718793507,124606.51162790698
728,5,850.4019277297084,8513.488372093023
728,10,554.8939817921771,16253.023255813954
728,15,407.4401018513385,23992.558139534885
728,20,315.64232824204294,31732.093023255813
728,25,251.02499530092084,39471.62790697675
728,30,205.7622787395147,47211.16279069767
728,35,169.45720683069277,54950.6976744186
728,40,141.14819838766968,62690.232558139534
728,45,117.98586321311709,70429.76744186047
728,50,99.0239647690268,78169.30232558139
728,55,83.21569205382215,85908.83720930232
728,60,70.58609199482324,93648.37209302325
728,65,60.1295943299201,101387.90697674418
728,70,51.44002106270027,109127.44186046511
728,75,44.1304618339187,116866.97674418605
728,80,37.80737752770386,124606.51162790698
729,5,847.376649855033,8513.488372093023
729,10,556.3401645178469,16253.023255813954
729,15,413.37444025565645,23992.558139534885
729,20,320.2566713130817,31732.093023255813
729,25,256.3190952315738,39471.62790697675
729,30,210.3984981896654,47211.16279069767
729,35,173.74267652189087,54950.6976744186
729,40,145.07908781898965,62690.232558139534
729,45,122.11477309727206,70429.76744186047
729,50,103.36099477039399,78169.30232558139
729,55,87.52378451320956,85908.83720930232
729,60,74.48722374167369,93648.37209302325
729,65,63.8021459032021,101387.90697674418
729,70,54.69700654451124,109127.44186046511
729,75,46.974004674148645,116866.97674418605
729,80,40.52440158179925,124606.51162790698
730,5,805.8797046181569,8513.488372093023
730,10,534.9268352171287,16253.023255813954
730,15,394.19220254261916,23992.558139534885
730,20,302.8639273762802,31732.093023255813
730,25,242.8333375971376,39471.62790697675
730,30,198.67886515797383,47211.16279069767
730,35,163.67727893754443,54950.6976744186
730,40,136.19258364229617,62690.232558139534
730,45,114.22955873867853,70429.76744186047
730,50,96.6581782752382,78169.30232558139
730,55,82.21618326371834,85908.83720930232
730,60,70.22572912536515,93648.37209302325
730,65,60.12420841728515,101387.90697674418
730,70,51.407954850546126,109127.44186046511
730,75,43.951029437253595,116866.97674418605
730,80,37.670581976771004,124606.51162790698
731,5,769.8371385752794,8513.488372093023
731,10,506.20429694509386,16253.023255813954
731,15,379.8525036930877,23992.558139534885
731,20,298.704136978945,31732.093023255813
731,25,242.51414802702286,39471.62790697675
731,30,199.73192313816102,47211.16279069767
731,35,165.14645994310652,54950.6976744186
731,40,137.77725076298262,62690.232558139534
731,45,115.86711733856238,70429.76744186047
731,50,97.59861568938565,78169.30232558139
731,55,82.84247715876192,85908.83720930232
731,60,70.51140634700097,93648.37209302325
731,65,60.054029695488595,101387.90697674418
731,70,51.49087767976408,109127.44186046511
731,75,44.175366364379975,116866.97674418605
731,80,37.946458663118484,124606.51162790698
732,5,780.4018458261429,8513.488372093023
732,10,516.6463631313351,16253.023255813954
732,15,390.26304559685974,23992.558139534885
732,20,304.8434036458215,31732.093023255813
732,25,244.63738398723603,39471.62790697675
732,30,200.9294193960622,47211.16279069767
732,35,165.71420926864934,54950.6976744186
732,40,137.8868735973625,62690.232558139534
732,45,115.62801909142104,70429.76744186047
732,50,97.47342801956742,78169.30232558139
732,55,82.56059812465863,85908.83720930232
732,60,70.12110285796194,93648.37209302325
732,65,59.652677136861705,101387.90697674418
732,70,50.88570241955514,109127.44186046511
732,75,43.531902173032755,116866.97674418605
732,80,37.34426125669262,124606.51162790698
733,5,806.5697089643503,8513.488372093023
733,10,535.5902549428183,16253.023255813954
733,15,403.8105846085544,23992.558139534885
733,20,314.0211806120748,31732.093023255813
733,25,252.53112609646595,39471.62790697675
733,30,206.52050548599806,47211.16279069767
733,35,170.47305278436113,54950.6976744186
733,40,141.5756616661377,62690.232558139534
733,45,118.44730079429534,70429.76744186047
733,50,100.14723736410151,78169.30232558139
733,55,85.00308168848056,85908.83720930232
733,60,72.57991296075502,93648.37209302325
733,65,62.084082383889545,101387.90697674418
733,70,53.314206776791615,109127.44186046511
733,75,45.82067298275914,116866.97674418605
733,80,39.36836312511077,124606.51162790698
734,5,804.7411129328235,8513.488372093023
734,10,532.5739018483335,16253.023255813954
734,15,392.7647071343138,23992.558139534885
734,20,305.00008101980484,31732.093023255813
734,25,246.19734635711757,39471.62790697675
734,30,202.3822095864835,47211.16279069767
734,35,166.98802667409018,54950.6976744186
734,40,138.69389441085593,62690.232558139534
734,45,116.21698554326453,70429.76744186047
734,50,97.62268230310033,78169.30232558139
734,55,82.64260583280101,85908.83720930232
734,60,70.5060018653086,93648.37209302325
734,65,60.415523045847,101387.90697674418
734,70,51.87798818465514,109127.44186046511
734,75,44.60485091749764,116866.97674418605
734,80,38.41764569453688,124606.51162790698
735,5,822.3715195043005,8513.488372093023
735,10,541.8010447957771,16253.023255813954
735,15,404.4482969986098,23992.558139534885
735,20,315.24374408988376,31732.093023255813
735,25,251.61907477495276,39471.62790697675
735,30,206.00552795384925,47211.16279069767
735,35,169.29115191456305,54950.6976744186
735,40,140.59327660297132,62690.232558139534
735,45,117.70337122424563,70429.76744186047
735,50,99.04602342798802,78169.30232558139
735,55,83.89886517112839,85908.83720930232
735,60,71.61764875761605,93648.37209302325
735,65,61.402741471779535,101387.90697674418
735,70,52.91260821997656,109127.44186046511
735,75,45.70357141645895,116866.97674418605
735,80,39.44966971535442,124606.51162790698
736,5,853.474190656715,8513.488372093023
736,10,554.0538943285125,16253.023255813954
736,15,410.83683936486995,23992.558139534885
736,20,317.6634896775308,31732.093023255813
736,25,255.28468807412986,39471.62790697675
736,30,209.0289423130517,47211.16279069767
736,35,172.1171844866315,54950.6976744186
736,40,142.88683068572,62690.232558139534
736,45,119.85839123155044,70429.76744186047
736,50,101.55401415742786,78169.30232558139
736,55,86.58593847767547,85908.83720930232
736,60,74.29523874142244,93648.37209302325
736,65,63.94311539473195,101387.90697674418
736,70,55.07995318129311,109127.44186046511
736,75,47.59520919825532,116866.97674418605
736,80,41.20435312831362,124606.51162790698
737,5,881.6846630924482,8513.488372093023
737,10,563.3391028660672,16253.023255813954
737,15,416.4831685422346,23992.558139534885
737,20,322.0832172686282,31732.093023255813
737,25,258.75691224066463,39471.62790697675
737,30,213.0887404575883,47211.16279069767
737,35,176.60900607221026,54950.6976744186
737,40,147.40448707627007,62690.232558139534
737,45,124.35495507505675,70429.76744186047
737,50,105.10722565915268,78169.30232558139
737,55,89.7785794809704,85908.83720930232
737,60,76.89761598708647,93648.37209302325
737,65,66.33942039370181,101387.90697674418
737,70,57.211048267320365,109127.44186046511
737,75,49.34372640826779,116866.97674418605
737,80,42.596472168601416,124606.51162790698
738,5,877.9830847132184,8513.488372093023
738,10,561.0480569468048,16253.023255813954
738,15,412.55555822559376,23992.558139534885
738,20,320.0496986336418,31732.093023255813
738,25,254.9105493314135,39471.62790697675
738,30,209.36923569867682,47211.16279069767
738,35,173.02921479834075,54950.6976744186
738,40,145.23971999143137,62690.232558139534
738,45,122.32132438313661,70429.76744186047
738,50,103.96862095129806,78169.30232558139
738,55,88.47663841973161,85908.83720930232
738,60,75.80651545738104,93648.37209302325
738,65,65.15522233489655,101387.90697674418
738,70,56.24504635797324,109127.44186046511
738,75,48.52325095623913,116866.97674418605
738,80,41.9378465469166,124606.51162790698
739,5,884.4753591858023,8513.488372093023
739,10,577.99375647696,16253.023255813954
739,15,424.68134043122427,23992.558139534885
739,20,323.3518893040207,31732.093023255813
739,25,258.86257168014055,39471.62790697675
739,30,212.69373682351758,47211.16279069767
739,35,176.09115613773707,54950.6976744186
739,40,146.72961528989106,62690.232558139534
739,45,123.42439021027734,70429.76744186047
739,50,104.80446526755367,78169.30232558139
739,55,89.72671640069413,85908.83720930232
739,60,77.12204620008343,93648.37209302325
739,65,66.46825823003084,101387.90697674418
739,70,57.45021721847552,109127.44186046511
739,75,49.641252994397355,116866.97674418605
739,80,42.89742128484218,124606.51162790698
740,5,876.2234192092982,8513.488372093023
740,10,573.2247437706892,16253.023255813954
740,15,426.0670443942047,23992.558139534885
740,20,329.762528861531,31732.093023255813
740,25,263.43177810576105,39471.62790697675
740,30,215.7262370729506,47211.16279069767
740,35,178.75188923215748,54950.6976744186
740,40,149.92072528679145,62690.232558139534
740,45,126.25406687436772,70429.76744186047
740,50,107.2982614558604,78169.30232558139
740,55,92.01274254282535,85908.83720930232
740,60,79.15805130952477,93648.37209302325
740,65,68.32067371399788,101387.90697674418
740,70,59.04140793362842,109127.44186046511
740,75,51.17416550380717,116866.97674418605
740,80,44.53832820754061,124606.51162790698
741,5,887.6460189091349,8513.488372093023
741,10,576.7713291771113,16253.023255813954
741,15,428.0367257999816,23992.558139534885
741,20,333.65271868053827,31732.093023255813
741,25,267.2802551624498,39471.62790697675
741,30,220.85532925523648,47211.16279069767
741,35,184.53488674242982,54950.6976744186
741,40,154.7746687848544,62690.232558139534
741,45,130.1979619089219,70429.76744186047
741,50,110.34135192137617,78169.30232558139
741,55,94.23253340289966,85908.83720930232
741,60,81.01968072392006,93648.37209302325
741,65,70.00648355764051,101387.90697674418
741,70,60.497448551361366,109127.44186046511
741,75,52.363743826093554,116866.97674418605
741,80,45.443207763102656,124606.51162790698
742,5,896.4536566880034,8513.488372093023
742,10,589.5242565068543,16253.023255813954
742,15,428.02277271202195,23992.558139534885
742,20,328.3874281266113,31732.093023255813
742,25,262.4974775218714,39471.62790697675
742,30,215.15194890376836,47211.16279069767
742,35,178.9391645795893,54950.6976744186
742,40,150.39487237742426,62690.232558139534
742,45,127.55313009517127,70429.76744186047
742,50,108.68861225099705,78169.30232558139
742,55,93.08938890251524,85908.83720930232
742,60,80.2166013770073,93648.37209302325
742,65,69.3197583291982,101387.90697674418
742,70,59.8724570594049,109127.44186046511
742,75,51.86679061291626,116866.97674418605
742,80,45.079717269284124,124606.51162790698
743,5,902.2667709905862,8513.488372093023
743,10,589.487540176221,16253.023255813954
743,15,435.1455984865191,23992.558139534885
743,20,339.19419663980824,31732.093023255813
743,25,270.4136433033886,39471.62790697675
743,30,221.64016234120888,47211.16279069767
743,35,184.4627361742458,54950.6976744186
743,40,155.08969543351304,62690.232558139534
743,45,131.31782039637767,70429.76744186047
743,50,111.51126658228662,78169.30232558139
743,55,95.21092251180363,85908.83720930232
743,60,81.71807413870549,93648.37209302325
743,65,70.43329397274219,101387.90697674418
743,70,60.89935826776485,109127.44186046511
743,75,52.82021296992981,116866.97674418605
743,80,45.88537012197351,124606.51162790698
744,5,888.2497413107178,8513.488372093023
744,10,581.1180724321281,16253.023255813954
744,15,424.96672819466454,23992.558139534885
744,20,331.84248541574647,31732.093023255813
744,25,266.2350027127527,39471.62790697675
744,30,218.3991945606655,47211.16279069767
744,35,182.71519328309196,54950.6976744186
744,40,154.00616770455855,62690.232558139534
744,45,130.51230378747368,70429.76744186047
744,50,110.83879290184196,78169.30232558139
744,55,95.03082692000105,85908.83720930232
744,60,81.75332834875606,93648.37209302325
744,65,70.39166378522165,101387.90697674418
744,70,60.72110821711537,109127.44186046511
744,75,52.489222214062075,116866.97674418605
744,80,45.46687990231795,124606.51162790698
745,5,875.9691145849926,8513.488372093023
745,10,576.4011031695956,16253.023255813954
745,15,426.7948644486281,23992.558139534885
745,20,331.33890849262286,31732.093023255813
745,25,266.237736339423,39471.62790697675
745,30,218.5774144867177,47211.16279069767
745,35,181.24056125456138,54950.6976744186
745,40,152.36149806221985,62690.232558139534
745,45,128.6427237843496,70429.76744186047
745,50,109.48374220036426,78169.30232558139
745,55,93.80418065103439,85908.83720930232
745,60,80.34254733554967,93648.37209302325
745,65,69.22882703853418,101387.90697674418
745,70,60.012680071282546,109127.44186046511
745,75,52.14810334850699,116866.97674418605
745,80,45.31450001255743,124606.51162790698
746,5,868.0736525987726,8513.488372093023
746,10,574.4625254816146,16253.023255813954
746,15,422.8265733675019,23992.558139534885
746,20,326.6150990837576,31732.093023255813
746,25,261.6594201209305,39471.62790697675
746,30,213.78994890336952,47211.16279069767
746,35,177.1791732318668,54950.6976744186
746,40,148.99457438216703,62690.232558139534
746,45,126.05566937112872,70429.76744186047
746,50,106.80718208285678,78169.30232558139
746,55,90.67117754323779,85908.83720930232
746,60,77.60679108896237,93648.37209302325
746,65,66.5209280339626,101387.90697674418
746,70,57.142048409068956,109127.44186046511
746,75,49.20396300342351,116866.97674418605
746,80,42.381066046319994,124606.51162790698
747,5,865.1552837511224,8513.488372093023
747,10,577.7630472988352,16253.023255813954
747,15,424.76281355544097,23992.558139534885
747,20,325.9873266325675,31732.093023255813
747,25,258.890710797974,39471.62790697675
747,30,212.82741824273495,47211.16279069767
747,35,176.59558954802336,54950.6976744186
747,40,147.5958897712625,62690.232558139534
747,45,124.53576363910284,70429.76744186047
747,50,105.85809921764027,78169.30232558139
747,55,90.41778200633293,85908.83720930232
747,60,77.46005766476617,93648.37209302325
747,65,66.65318211177477,101387.90697674418
747,70,57.48851690668888,109127.44186046511
747,75,49.66717855323385,116866.97674418605
747,80,42.92562336169975,124606.51162790698
748,5,842.5749013086335,8513.488372093023
748,10,556.2442607027124,16253.023255813954
748,15,404.1415745160462,23992.558139534885
748,20,310.9379775978099,31732.093023255813
748,25,249.6201520440763,39471.62790697675
748,30,204.26003433305195,47211.16279069767
748,35,169.10304397278168,54950.6976744186
748,40,141.21767589604858,62690.232558139534
748,45,118.2050356469859,70429.76744186047
748,50,99.76031605239407,78169.30232558139
748,55,84.71875939641168,85908.83720930232
748,60,72.51070427609713,93648.37209302325
748,65,62.29005390632835,101387.90697674418
748,70,53.69954658421013,109127.44186046511
748,75,46.42097727429325,116866.97674418605
748,80,40.19279827649227,124606.51162790698
749,5,855.5080240906124,8513.488372093023
749,10,557.880142326246,16253.023255813954
749,15,408.4839878049382,23992.558139534885
749,20,317.643807704624,31732.093023255813
749,25,254.36530488467352,39471.62790697675
749,30,207.8364879411113,47211.16279069767
749,35,171.67806944276938,54950.6976744186
749,40,142.65089330913494,62690.232558139534
749,45,119.60223223079302,70429.76744186047
749,50,101.23576578419092,78169.30232558139
749,55,86.37853708351686,85908.83720930232
749,60,74.00422895649055,93648.37209302325
749,65,63.82345882761202,101387.90697674418
749,70,55.295906215562205,109127.44186046511
749,75,47.97043427246135,116866.97674418605
749,80,41.49162026724678,124606.51162790698
750,5,830.4789040484225,8513.488372093023
750,10,542.7960382987046,16253.023255813954
750,15,395.84675603887985,23992.558139534885
750,20,311.2208770829026,31732.093023255813
750,25,252.569117038696,39471.62790697675
750,30,207.1075546445313,47211.16279069767
750,35,170.93472640009222,54950.6976744186
750,40,141.4834008832727,62690.232558139534
750,45,119.13101735517051,70429.76744186047
750,50,101.3247078033238,78169.30232558139
750,55,86.79820641635627,85908.83720930232
750,60,74.51977638276904,93648.37209302325
750,65,64.39456601294752,101387.90697674418
750,70,55.6715923276079,109127.44186046511
750,75,48.182536603734874,116866.97674418605
750,80,41.70142256338571,124606.51162790698
751,5,815.0912731943296,8513.488372093023
751,10,538.7657385555082,16253.023255813954
751,15,394.79259913874375,23992.558139534885
751,20,307.57425510748084,31732.093023255813
751,25,249.040210249077,39471.62790697675
751,30,205.17456439730128,47211.16279069767
751,35,170.69535412736312,54950.6976744186
751,40,143.05316657324852,62690.232558139534
751,45,120.84837225476993,70429.76744186047
751,50,102.43240064584283,78169.30232558139
751,55,87.47338624864204,85908.83720930232
751,60,75.08388075084072,93648.37209302325
751,65,64.71110081846984,101387.90697674418
751,70,55.870852999924345,109127.44186046511
751,75,48.218240206181164,116866.97674418605
751,80,41.681607707799145,124606.51162790698
752,5,787.7918927788031,8513.488372093023
752,10,516.2010834611925,16253.023255813954
752,15,382.31990163303516,23992.558139534885
752,20,299.29744634834015,31732.093023255813
752,25,242.87324012492198,39471.62790697675
752,30,200.8992063098552,47211.16279069767
752,35,167.13194879194813,54950.6976744186
752,40,140.25355086171547,62690.232558139534
752,45,118.54176298248981,70429.76744186047
752,50,100.64569768606515,78169.30232558139
752,55,86.0794229193675,85908.83720930232
752,60,73.91825705046791,93648.37209302325
752,65,63.63912629598193,101387.90697674418
752,70,54.726008815958934,109127.44186046511
752,75,47.191553540730304,116866.97674418605
752,80,40.755158111851465,124606.51162790698
753,5,783.4613557691431,8513.488372093023
753,10,516.6372801731729,16253.023255813954
753,15,386.6789960484052,23992.558139534885
753,20,303.84433036326254,31732.093023255813
753,25,247.50273048295844,39471.62790697675
753,30,204.45716665643673,47211.16279069767
753,35,169.38326331975978,54950.6976744186
753,40,141.89872143642623,62690.232558139534
753,45,119.872090907531,70429.76744186047
753,50,101.61318279711121,78169.30232558139
753,55,86.63009484095868,85908.83720930232
753,60,74.28791553576687,93648.37209302325
753,65,63.903106052819226,101387.90697674418
753,70,55.301230506910414,109127.44186046511
753,75,47.8779898214572,116866.97674418605
753,80,41.464653013750464,124606.51162790698
754,5,759.3207732913257,8513.488372093023
754,10,500.45981508322325,16253.023255813954
754,15,370.75948495432453,23992.558139534885
754,20,289.06139855603635,31732.093023255813
754,25,232.5540154842517,39471.62790697675
754,30,190.1344037722765,47211.16279069767
754,35,156.731466103756,54950.6976744186
754,40,130.78786349318148,62690.232558139534
754,45,109.8234411477807,70429.76744186047
754,50,93.07408174844502,78169.30232558139
754,55,79.38626965693012,85908.83720930232
754,60,68.07209180834249,93648.37209302325
754,65,58.85920245965144,101387.90697674418
754,70,51.06740107314226,109127.44186046511
754,75,44.40681460754765,116866.97674418605
754,80,38.59400344951696,124606.51162790698
755,5,736.3377562403937,8513.488372093023
755,10,500.19087633487527,16253.023255813954
755,15,373.0992614205845,23992.558139534885
755,20,294.1430567467026,31732.093023255813
755,25,237.54603226941214,39471.62790697675
755,30,194.5547417468869,47211.16279069767
755,35,160.5535174109243,54950.6976744186
755,40,134.40554120906867,62690.232558139534
755,45,113.33132182937051,70429.76744186047
755,50,96.49856203511159,78169.30232558139
755,55,82.79423957886597,85908.83720930232
755,60,71.21113973713896,93648.37209302325
755,65,61.496049889667745,101387.90697674418
755,70,53.361999066652814,109127.44186046511
755,75,46.3054547064203,116866.97674418605
755,80,40.09998956114179,124606.51162790698
756,5,727.74706243432,8513.488372093023
756,10,500.13270472492013,16253.023255813954
756,15,375.63547732031105,23992.558139534885
756,20,295.5546855096737,31732.093023255813
756,25,242.29555331130786,39471.62790697675
756,30,198.72474309628652,47211.16279069767
756,35,163.67722860066874,54950.6976744186
756,40,136.2178159786392,62690.232558139534
756,45,114.682268993677,70429.76744186047
756,50,97.18265703053653,78169.30232558139
756,55,83.24830390146417,85908.83720930232
756,60,71.66273344972555,93648.37209302325
756,65,61.592837704335565,101387.90697674418
756,70,53.191577506128596,109127.44186046511
756,75,45.99310307430703,116866.97674418605
756,80,39.82726570208628,124606.51162790698
757,5,750.4147623078909,8513.488372093023
757,10,507.5186509824454,16253.023255813954
757,15,377.49611751014265,23992.558139534885
757,20,296.5000918536291,31732.093023255813
757,25,241.67455657733348,39471.62790697675
757,30,198.16264043834,47211.16279069767
757,35,163.99614054468702,54950.6976744186
757,40,137.066118202558,62690.232558139534
757,45,115.74916478005832,70429.76744186047
757,50,98.75039096332287,78169.30232558139
757,55,84.5635433461769,85908.83720930232
757,60,72.51431636185279,93648.37209302325
757,65,62.432135835998785,101387.90697674418
757,70,53.98655838474843,109127.44186046511
757,75,46.76908675249444,116866.97674418605
757,80,40.59955183249431,124606.51162790698
758,5,732.4720958073297,8513.488372093023
758,10,486.9058219679889,16253.023255813954
758,15,359.9804264788836,23992.558139534885
758,20,282.30817898091766,31732.093023255813
758,25,229.83431294314397,39471.62790697675
758,30,188.83274078753809,47211.16279069767
758,35,156.47543539025392,54950.6976744186
758,40,130.7570886066833,62690.232558139534
758,45,110.17606169666055,70429.76744186047
758,50,93.47149589125543,78169.30232558139
758,55,80.0282183409704,85908.83720930232
758,60,68.64022746285367,93648.37209302325
758,65,59.026356846854014,101387.90697674418
758,70,51.16108166561724,109127.44186046511
758,75,44.40789404205722,116866.97674418605
758,80,38.54079487575307,124606.51162790698
759,5,731.6011117652345,8513.488372093023
759,10,490.0331652338155,16253.023255813954
759,15,364.90738284557125,23992.558139534885
759,20,287.01564463554195,31732.093023255813
759,25,233.45622019991438,39471.62790697675
759,30,191.24452277052836,47211.16279069767
759,35,157.25083467362418,54950.6976744186
759,40,131.7889491631632,62690.232558139534
759,45,111.47216559838044,70429.76744186047
759,50,94.85331153835793,78169.30232558139
759,55,81.15540399870244,85908.83720930232
759,60,69.93492755115402,93648.37209302325
759,65,60.594901974598265,101387.90697674418
759,70,52.5438543736398,109127.44186046511
759,75,45.616459819340825,116866.97674418605
759,80,39.62598176340257,124606.51162790698
760,5,730.7768551742512,8513.488372093023
760,10,487.58294570009804,16253.023255813954
760,15,363.83558279153266,23992.558139534885
760,20,284.3633583424965,31732.093023255813
760,25,228.65883990795678,39471.62790697675
760,30,186.2032370491503,47211.16279069767
760,35,153.2202061914814,54950.6976744186
760,40,128.46438380449936,62690.232558139534
760,45,108.11849375251728,70429.76744186047
760,50,91.63478920738076,78169.30232558139
760,55,78.11642502273985,85908.83720930232
760,60,67.00282080193041,93648.37209302325
760,65,57.96241024099003,101387.90697674418
760,70,50.25922900173225,109127.44186046511
760,75,43.65411727680634,116866.97674418605
760,80,37.920469457833214,124606.51162790698
761,5,719.799663942114,8513.488372093023
761,10,477.1710505272067,16253.023255813954
761,15,353.1048641733929,23992.558139534885
761,20,277.9035957972602,31732.093023255813
761,25,225.85417799497304,39471.62790697675
761,30,184.85521744370428,47211.16279069767
761,35,151.82532587865825,54950.6976744186
761,40,125.94366846142462,62690.232558139534
761,45,105.69884364994738,70429.76744186047
761,50,89.41371883250937,78169.30232558139
761,55,76.24447277009442,85908.83720930232
761,60,65.428751598047,93648.37209302325
761,65,56.32162949422168,101387.90697674418
761,70,48.460658256370486,109127.44186046511
761,75,41.730656344906954,116866.97674418605
761,80,36.034947734069476,124606.51162790698
762,5,704.0482932612384,8513.488372093023
762,10,462.1741233856831,16253.023255813954
762,15,341.0094434884897,23992.558139534885
762,20,266.5559713466811,31732.093023255813
762,25,214.83773236253407,39471.62790697675
762,30,175.13968152604775,47211.16279069767
762,35,144.10053872828635,54950.6976744186
762,40,120.17202600462753,62690.232558139534
762,45,100.8333626378053,70429.76744186047
762,50,85.29336569600369,78169.30232558139
762,55,72.49583795587849,85908.83720930232
762,60,62.227047063822994,93648.37209302325
762,65,53.722231533582104,101387.90697674418
762,70,46.628596916441595,109127.44186046511
762,75,40.51453704939626,116866.97674418605
762,80,35.197972895300865,124606.51162790698
763,5,690.8135427711861,8513.488372093023
763,10,460.03602117295077,16253.023255813954
763,15,342.06121217482735,23992.558139534885
763,20,268.0541157155293,31732.093023255813
763,25,215.88407709174152,39471.62790697675
763,30,176.033006066992,47211.16279069767
763,35,145.01457536333155,54950.6976744186
763,40,120.6093807757176,62690.232558139534
763,45,101.43881393458568,70429.76744186047
763,50,86.15340793872555,78169.30232558139
763,55,73.45200910064455,85908.83720930232
763,60,63.046508192506636,93648.37209302325
763,65,54.25051478936496,101387.90697674418
763,70,46.883708296193184,109127.44186046511
763,75,40.525644012903264,116866.97674418605
763,80,35.072951139617906,124606.51162790698
764,5,661.9153745532951,8513.488372093023
764,10,439.730506520042,16253.023255813954
764,15,325.4263594010778,23992.558139534885
764,20,253.83378018196638,31732.093023255813
764,25,205.0186881638608,39471.62790697675
764,30,167.1834485103106,47211.16279069767
764,35,137.83198081671665,54950.6976744186
764,40,114.47101325168308,62690.232558139534
764,45,96.19200138451384,70429.76744186047
764,50,81.56102559992972,78169.30232558139
764,55,69.67839175382838,85908.83720930232
764,60,59.65299894342619,93648.37209302325
764,65,51.14818849174415,101387.90697674418
764,70,44.170226359140294,109127.44186046511
764,75,38.1926743454775,116866.97674418605
764,80,33.06215632325957,124606.51162790698
765,5,640.3794627582175,8513.488372093023
765,10,423.1857361544184,16253.023255813954
765,15,315.75257425703063,23992.558139534885
765,20,249.1230262688896,31732.093023255813
765,25,202.39171668435011,39471.62790697675
765,30,165.38992073830093,47211.16279069767
765,35,136.02180618092345,54950.6976744186
765,40,113.27384132472504,62690.232558139534
765,45,95.09889021090528,70429.76744186047
765,50,80.45120999758414,78169.30232558139
765,55,68.59690478087118,85908.83720930232
765,60,58.92231316175734,93648.37209302325
765,65,50.73806326313133,101387.90697674418
765,70,44.009120264368995,109127.44186046511
765,75,38.11525120744335,116866.97674418605
765,80,33.02023811709505,124606.51162790698
766,5,625.2293712351125,8513.488372093023
766,10,407.66122583360965,16253.023255813954
766,15,306.83946510247114,23992.558139534885
766,20,241.6339891397861,31732.093023255813
766,25,194.6446763763126,39471.62790697675
766,30,158.72648177560848,47211.16279069767
766,35,131.004844751638,54950.6976744186
766,40,109.16288186899361,62690.232558139534
766,45,91.92149897995276,70429.76744186047
766,50,77.90327459200874,78169.30232558139
766,55,66.40752200931182,85908.83720930232
766,60,56.84109680539476,93648.37209302325
766,65,48.99770106967089,101387.90697674418
766,70,42.31851406313095,109127.44186046511
766,75,36.62365545552286,116866.97674418605
766,80,31.68929058710716,124606.51162790698
767,5,636.8131210563265,8513.488372093023
767,10,410.1985919380705,16253.023255813954
767,15,311.0991735854149,23992.558139534885
767,20,245.97521771370452,31732.093023255813
767,25,199.27684277137686,39471.62790697675
767,30,163.34403839538192,47211.16279069767
767,35,135.2242652194831,54950.6976744186
767,40,112.72792263439806,62690.232558139534
767,45,94.9401700111471,70429.76744186047
767,50,80.47050151039251,78169.30232558139
767,55,68.70578119086389,85908.83720930232
767,60,58.923639417443106,93648.37209302325
767,65,50.639329014335786,101387.90697674418
767,70,43.87345677228106,109127.44186046511
767,75,38.14000642790812,116866.97674418605
767,80,33.1626920093016,124606.51162790698
768,5,637.3155698500696,8513.488372093023
768,10,408.7429045608636,16253.023255813954
768,15,306.77750869642654,23992.558139534885
768,20,241.66224377101753,31732.093023255813
768,25,196.3735794543592,39471.62790697675
768,30,161.03818178197983,47211.16279069767
768,35,134.272501975448,54950.6976744186
768,40,112.8925467955972,62690.232558139534
768,45,95.38796651244762,70429.76744186047
768,50,80.9981016809844,78169.30232558139
768,55,69.02251780928943,85908.83720930232
768,60,59.32792681890604,93648.37209302325
768,65,51.21026282589326,101387.90697674418
768,70,44.16962147405783,109127.44186046511
768,75,38.196736817398666,116866.97674418605
768,80,33.06131999827119,124606.51162790698
769,5,665.8977129098362,8513.488372093023
769,10,431.5097727018819,16253.023255813954
769,15,323.3740033104034,23992.558139534885
769,20,255.35627001181902,31732.093023255813
769,25,206.25554671797275,39471.62790697675
769,30,168.2419553559158,47211.16279069767
769,35,139.3448561729341,54950.6976744186
769,40,116.78699749476532,62690.232558139534
769,45,98.39899626565634,70429.76744186047
769,50,83.46041632295552,78169.30232558139
769,55,71.5040125808277,85908.83720930232
769,60,61.626086606059175,93648.37209302325
769,65,53.19358050657873,101387.90697674418
769,70,45.90155553450144,109127.44186046511
769,75,39.74349453305009,116866.97674418605
769,80,34.4906235532869,124606.51162790698
770,5,676.443806820082,8513.488372093023
770,10,437.91115184416384,16253.023255813954
770,15,328.49854602817715,23992.558139534885
770,20,259.8242038765648,31732.093023255813
770,25,209.33141649565627,39471.62790697675
770,30,171.29664736122967,47211.16279069767
770,35,142.50498034864415,54950.6976744186
770,40,119.18915236419816,62690.232558139534
770,45,99.93886620778083,70429.76744186047
770,50,84.80929702168818,78169.30232558139
770,55,72.6405545420295,85908.83720930232
770,60,62.33375765734118,93648.37209302325
770,65,53.57725096677831,101387.90697674418
770,70,46.15197391548141,109127.44186046511
770,75,39.91397375364209,116866.97674418605
770,80,34.536515301217804,124606.51162790698
771,5,689.4285090069966,8513.488372093023
771,10,451.1714769299263,16253.023255813954
771,15,337.72931821947515,23992.558139534885
771,20,267.63679047019275,31732.093023255813
771,25,215.89251067396665,39471.62790697675
771,30,177.8608378966624,47211.16279069767
771,35,147.17916854217987,54950.6976744186
771,40,122.49967641489653,62690.232558139534
771,45,102.60834201630712,70429.76744186047
771,50,86.93480978635486,78169.30232558139
771,55,74.12898879138082,85908.83720930232
771,60,63.53890352697538,93648.37209302325
771,65,54.83424446496162,101387.90697674418
771,70,47.49034306244184,109127.44186046511
771,75,41.13437397062468,116866.97674418605
771,80,35.723259876443386,124606.51162790698
772,5,680.3443451367565,8513.488372093023
772,10,444.52891975419374,16253.023255813954
772,15,335.52792565099,23992.558139534885
772,20,265.2268636527533,31732.093023255813
772,25,214.96294560260918,39471.62790697675
772,30,175.76128602927093,47211.16279069767
772,35,145.43332994321517,54950.6976744186
772,40,121.29752323529529,62690.232558139534
772,45,101.76479032834652,70429.76744186047
772,50,85.97652227697515,78169.30232558139
772,55,73.25097078453587,85908.83720930232
772,60,62.66423136278023,93648.37209302325
772,65,53.74132528488805,101387.90697674418
772,70,46.2583316907556,109127.44186046511
772,75,39.94641182009503,116866.97674418605
772,80,34.491256592634976,124606.51162790698
773,5,689.1778365099617,8513.488372093023
773,10,452.3944838025539,16253.023255813954
773,15,341.3018683340423,23992.558139534885
773,20,267.6001695214569,31732.093023255813
773,25,217.25671193036374,39471.62790697675
773,30,177.63824795508395,47211.16279069767
773,35,147.22653624610504,54950.6976744186
773,40,122.7477669434589,62690.232558139534
773,45,103.18199334595954,70429.76744186047
773,50,87.41183358442738,78169.30232558139
773,55,74.44545348718012,85908.83720930232
773,60,63.772513708394634,93648.37209302325
773,65,54.81092569500874,101387.90697674418
773,70,47.1583214506738,109127.44186046511
773,75,40.71104832859755,116866.97674418605
773,80,35.26824928829311,124606.51162790698
774,5,685.5627831408253,8513.488372093023
774,10,448.46756107692033,16253.023255813954
774,15,339.2681313521001,23992.558139534885
774,20,266.7395480242428,31732.093023255813
774,25,217.55476330317802,39471.62790697675
774,30,178.51307038822276,47211.16279069767
774,35,146.566926260921,54950.6976744186
774,40,121.21405931423357,62690.232558139534
774,45,100.90517631334613,70429.76744186047
774,50,85.46377162534331,78169.30232558139
774,55,72.98735964169977,85908.83720930232
774,60,62.58118142152016,93648.37209302325
774,65,53.73069590917639,101387.90697674418
774,70,46.277108437628556,109127.44186046511
774,75,40.02658858070979,116866.97674418605
774,80,34.68279856358107,124606.51162790698
775,5,693.7986300733986,8513.488372093023
775,10,449.81445523232225,16253.023255813954
775,15,337.6449189433942,23992.558139534885
775,20,268.9039259660795,31732.093023255813
775,25,218.87241591612343,39471.62790697675
775,30,179.3143798125111,47211.16279069767
775,35,147.5859309543871,54950.6976744186
775,40,122.50226674335606,62690.232558139534
775,45,102.42790803062401,70429.76744186047
775,50,86.98580532943049,78169.30232558139
775,55,74.1777357097972,85908.83720930232
775,60,63.33022029181273,93648.37209302325
775,65,54.31364821813175,101387.90697674418
775,70,46.87742780647895,109127.44186046511
775,75,40.594073699676805,116866.97674418605
775,80,35.15310491947388,124606.51162790698
776,5,682.6139866378568,8513.488372093023
776,10,442.4365276807415,16253.023255813954
776,15,330.8468927590553,23992.558139534885
776,20,261.99678979657773,31732.093023255813
776,25,211.74774718724788,39471.62790697675
776,30,171.99193382378095,47211.16279069767
776,35,140.9232363210597,54950.6976744186
776,40,116.71564871933373,62690.232558139534
776,45,97.9392505122167,70429.76744186047
776,50,82.89917717010911,78169.30232558139
776,55,70.69163790670169,85908.83720930232
776,60,60.41947694855947,93648.37209302325
776,65,51.888233175556024,101387.90697674418
776,70,44.76487776431888,109127.44186046511
776,75,38.70469982845799,116866.97674418605
776,80,33.42918662172239,124606.51162790698
777,5,681.129049528213,8513.488372093023
777,10,441.6594838794677,16253.023255813954
777,15,329.37061852590244,23992.558139534885
777,20,258.6201836128539,31732.093023255813
777,25,210.18275276781563,39471.62790697675
777,30,171.28152210643344,47211.16279069767
777,35,140.9246986962056,54950.6976744186
777,40,117.06863680584362,62690.232558139534
777,45,98.04278733942705,70429.76744186047
777,50,82.87998721092853,78169.30232558139
777,55,70.44615292480646,85908.83720930232
777,60,60.23158833213255,93648.37209302325
777,65,51.791680565819206,101387.90697674418
777,70,44.886719446302294,109127.44186046511
777,75,38.97205751535094,116866.97674418605
777,80,33.83085937711254,124606.51162790698
778,5,665.8299970855323,8513.488372093023
778,10,430.94401490181696,16253.023255813954
778,15,321.5611577767393,23992.558139534885
778,20,251.638287666383,31732.093023255813
778,25,203.54131358688537,39471.62790697675
778,30,165.8658020766756,47211.16279069767
778,35,136.31672162577885,54950.6976744186
778,40,113.07577373883278,62690.232558139534
778,45,94.0904172307873,70429.76744186047
778,50,78.92756915775632,78169.30232558139
778,55,66.81994065723954,85908.83720930232
778,60,56.97200827958951,93648.37209302325
778,65,48.9451549006842,101387.90697674418
778,70,42.219932542316236,109127.44186046511
778,75,36.559854816486634,116866.97674418605
778,80,31.782260928192347,124606.51162790698
779,5,669.1860281505385,8513.488372093023
779,10,434.79262820704815,16253.023255813954
779,15,324.35661799279427,23992.558139534885
779,20,252.60986617623846,31732.093023255813
779,25,204.30543678468794,39471.62790697675
779,30,166.71797064802414,47211.16279069767
779,35,137.10666511479462,54950.6976744186
779,40,114.17461269051783,62690.232558139534
779,45,95.42104681841552,70429.76744186047
779,50,80.52741583190192,78169.30232558139
779,55,68.47930826009623,85908.83720930232
779,60,58.48305769378082,93648.37209302325
779,65,50.139570327801685,101387.90697674418
779,70,43.25190502891882,109127.44186046511
779,75,37.37323788907481,116866.97674418605
779,80,32.287697450690615,124606.51162790698
780,5,652.4275986801325,8513.488372093023
780,10,423.0856826067543,16253.023255813954
780,15,313.5286554577453,23992.558139534885
780,20,243.97644581864648,31732.093023255813
780,25,196.09563318155259,39471.62790697675
780,30,159.38996534386803,47211.16279069767
780,35,130.65217161343224,54950.6976744186
780,40,107.91011736055978,62690.232558139534
780,45,90.36568626378491,70429.76744186047
780,50,75.89358035318423,78169.30232558139
780,55,64.28602805110602,85908.83720930232
780,60,54.87643439022917,93648.37209302325
780,65,47.08615000791826,101387.90697674418
780,70,40.557842459615905,109127.44186046511
780,75,34.91303346696178,116866.97674418605
780,80,30.10801267931873,124606.51162790698
781,5,645.5411013107121,8513.488372093023
781,10,418.2994853478267,16253.023255813954
781,15,310.12816707540935,23992.558139534885
781,20,244.42823235971136,31732.093023255813
781,25,195.982174233462,39471.62790697675
781,30,158.1414241428621,47211.16279069767
781,35,129.26581001638715,54950.6976744186
781,40,107.1149683716781,62690.232558139534
781,45,89.47039142569652,70429.76744186047
781,50,75.41361507857307,78169.30232558139
781,55,63.88922530898045,85908.83720930232
781,60,54.369734456782275,93648.37209302325
781,65,46.46698980072033,101387.90697674418
781,70,39.98883142702958,109127.44186046511
781,75,34.49241199825417,116866.97674418605
781,80,29.795120292034103,124606.51162790698
782,5,641.260825358867,8513.488372093023
782,10,410.27260861760925,16253.023255813954
782,15,306.13138272364654,23992.558139534885
782,20,240.27401882350728,31732.093023255813
782,25,192.045675265018,39471.62790697675
782,30,155.61649370478577,47211.16279069767
782,35,127.3799247972052,54950.6976744186
782,40,106.0489606040711,62690.232558139534
782,45,88.617838824157,70429.76744186047
782,50,74.70539242947343,78169.30232558139
782,55,63.50009204649333,85908.83720930232
782,60,54.26889296076599,93648.37209302325
782,65,46.4381927293343,101387.90697674418
782,70,39.929538467216815,109127.44186046511
782,75,34.40451448535947,116866.97674418605
782,80,29.804177298146765,124606.51162790698
783,5,655.5612763435,8513.488372093023
783,10,416.63874655921694,16253.023255813954
783,15,308.53321784628605,23992.558139534885
783,20,239.96190435232927,31732.093023255813
783,25,191.51186593476353,39471.62790697675
783,30,155.87288117618988,47211.16279069767
783,35,128.2964062594468,54950.6976744186
783,40,106.98027595254106,62690.232558139534
783,45,89.89617848955409,70429.76744186047
783,50,76.04178102111462,78169.30232558139
783,55,64.88913078801765,85908.83720930232
783,60,55.71507809291519,93648.37209302325
783,65,47.87249183147004,101387.90697674418
783,70,41.2312002309938,109127.44186046511
783,75,35.57470631144006,116866.97674418605
783,80,30.66816522651035,124606.51162790698
784,5,634.0343689004131,8513.488372093023
784,10,400.12300620362066,16253.023255813954
784,15,296.7178099881387,23992.558139534885
784,20,227.88937177304763,31732.093023255813
784,25,181.15677971364383,39471.62790697675
784,30,146.73899915810844,47211.16279069767
784,35,120.53723041840604,54950.6976744186
784,40,100.33930810172151,62690.232558139534
784,45,84.46397327624365,70429.76744186047
784,50,71.44893966588192,78169.30232558139
784,55,60.5852319144112,85908.83720930232
784,60,51.645022235054476,93648.37209302325
784,65,44.18818357474962,101387.90697674418
784,70,37.8907519257214,109127.44186046511
784,75,32.59789204526606,116866.97674418605
784,80,28.11024573185836,124606.51162790698
785,5,631.2555734278093,8513.488372093023
785,10,396.6097396271111,16253.023255813954
785,15,295.23665114883113,23992.558139534885
785,20,228.67169480011114,31732.093023255813
785,25,181.53846359197044,39471.62790697675
785,30,146.91372705930604,47211.16279069767
785,35,120.17319196735663,54950.6976744186
785,40,99.92193680358503,62690.232558139534
785,45,83.6378769976889,70429.76744186047
785,50,70.43814583594569,78169.30232558139
785,55,59.771000622323655,85908.83720930232
785,60,50.87938214129738,93648.37209302325
785,65,43.43754311657301,101387.90697674418
785,70,37.14593345827367,109127.44186046511
785,75,31.875066541973144,116866.97674418605
785,80,27.432437243631984,124606.51162790698
786,5,621.7610920201046,8513.488372093023
786,10,387.9808182856905,16253.023255813954
786,15,287.8489174947369,23992.558139534885
786,20,222.0304814425827,31732.093023255813
786,25,177.13869211872318,39471.62790697675
786,30,144.1985533631779,47211.16279069767
786,35,118.34229066465915,54950.6976744186
786,40,98.1555262859647,62690.232558139534
786,45,82.17673488217649,70429.76744186047
786,50,69.21962207861166,78169.30232558139
786,55,58.69939476196188,85908.83720930232
786,60,50.03974094046981,93648.37209302325
786,65,42.65917043434483,101387.90697674418
786,70,36.48875794329915,109127.44186046511
786,75,31.22813533072043,116866.97674418605
786,80,26.83042959474104,124606.51162790698
787,5,619.1537957986384,8513.488372093023
787,10,390.67588967718353,16253.023255813954
787,15,290.32683121169003,23992.558139534885
787,20,223.9124107754962,31732.093023255813
787,25,178.56851433878492,39471.62790697675
787,30,145.42670998131283,47211.16279069767
787,35,119.99623353853562,54950.6976744186
787,40,99.50383867368136,62690.232558139534
787,45,83.26413747315047,70429.76744186047
787,50,70.53798665952942,78169.30232558139
787,55,60.01810135694117,85908.83720930232
787,60,51.18820847586687,93648.37209302325
787,65,43.628238923957426,101387.90697674418
787,70,37.16442751402209,109127.44186046511
787,75,31.77406822832692,116866.97674418605
787,80,27.199703764346438,124606.51162790698
788,5,605.667287245088,8513.488372093023
788,10,381.35759085253846,16253.023255813954
788,15,280.9614720379305,23992.558139534885
788,20,215.99002212977425,31732.093023255813
788,25,172.7531648194043,39471.62790697675
788,30,141.17188853442337,47211.16279069767
788,35,115.54299522841997,54950.6976744186
788,40,95.03461082795263,62690.232558139534
788,45,79.31610371328385,70429.76744186047
788,50,66.84139741736851,78169.30232558139
788,55,56.63439433133453,85908.83720930232
788,60,48.17257171756155,93648.37209302325
788,65,40.978160714730066,101387.90697674418
788,70,34.833721112634834,109127.44186046511
788,75,29.680407571478536,116866.97674418605
788,80,25.286487959594677,124606.51162790698
789,5,601.2009366194764,8513.488372093023
789,10,379.4959419462633,16253.023255813954
789,15,278.95169463169606,23992.558139534885
789,20,213.35500118057297,31732.093023255813
789,25,171.26176156644817,39471.62790697675
789,30,138.8490732526452,47211.16279069767
789,35,114.09536487027918,54950.6976744186
789,40,94.83910776788962,62690.232558139534
789,45,79.667848735623,70429.76744186047
789,50,67.3400146120284,78169.30232558139
789,55,57.24104692256741,85908.83720930232
789,60,48.69043964032551,93648.37209302325
789,65,41.33759433247222,101387.90697674418
789,70,35.17807737309536,109127.44186046511
789,75,29.92774207894403,116866.97674418605
789,80,25.40727468792676,124606.51162790698
790,5,600.8497980926828,8513.488372093023
790,10,381.07555323730355,16253.023255813954
790,15,278.29656333201484,23992.558139534885
790,20,213.12008184398394,31732.093023255813
790,25,168.65856930760648,39471.62790697675
790,30,135.6456975038745,47211.16279069767
790,35,111.88554462904904,54950.6976744186
790,40,92.74214731139394,62690.232558139534
790,45,77.75548691578987,70429.76744186047
790,50,65.67591819129376,78169.30232558139
790,55,55.513552467500844,85908.83720930232
790,60,47.11056515159146,93648.37209302325
790,65,40.038070345240314,101387.90697674418
790,70,34.165704071789285,109127.44186046511
790,75,29.14271133882393,116866.97674418605
790,80,24.84910467510012,124606.51162790698
791,5,603.6923999883749,8513.488372093023
791,10,386.20457924930366,16253.023255813954
791,15,283.4459073895706,23992.558139534885
791,20,217.48470109852343,31732.093023255813
791,25,171.41328235491585,39471.62790697675
791,30,138.5604395263289,47211.16279069767
791,35,114.40626443207654,54950.6976744186
791,40,95.59133190474071,62690.232558139534
791,45,80.37894952596886,70429.76744186047
791,50,67.97808146885289,78169.30232558139
791,55,57.617295427584736,85908.83720930232
791,60,49.002069544228796,93648.37209302325
791,65,41.74962197037007,101387.90697674418
791,70,35.626503921857854,109127.44186046511
791,75,30.365593634386297,116866.97674418605
791,80,25.911679486373423,124606.51162790698
792,5,587.3764677963284,8513.488372093023
792,10,374.3279826499767,16253.023255813954
792,15,273.0285199204056,23992.558139534885
792,20,207.68783252456328,31732.093023255813
792,25,163.6540498202892,39471.62790697675
792,30,132.97757126892557,47211.16279069767
792,35,109.69989936620827,54950.6976744186
792,40,91.56714746327873,62690.232558139534
792,45,76.80335207036606,70429.76744186047
792,50,64.55002511435016,78169.30232558139
792,55,54.63037816830442,85908.83720930232
792,60,46.21872091063107,93648.37209302325
792,65,39.26912708323418,101387.90697674418
792,70,33.36006287381999,109127.44186046511
792,75,28.356073821200823,116866.97674418605
792,80,24.181927195240476,124606.51162790698
793,5,583.7035880720111,8513.488372093023
793,10,377.4091262322829,16253.023255813954
793,15,275.42004036220726,23992.558139534885
793,20,210.0355472905127,31732.093023255813
793,25,165.24859531970068,39471.62790697675
793,30,134.81741285033735,47211.16279069767
793,35,111.31130846512141,54950.6976744186
793,40,92.87921082004907,62690.232558139534
793,45,78.02936867612864,70429.76744186047
793,50,65.858547402992,78169.30232558139
793,55,55.88430021530293,85908.83720930232
793,60,47.57439022582347,93648.37209302325
793,65,40.59227463053184,101387.90697674418
793,70,34.616959868417254,109127.44186046511
793,75,29.627358665207602,116866.97674418605
793,80,25.351876260553716,124606.51162790698
794,5,571.315361013153,8513.488372093023
794,10,372.2170756595371,16253.023255813954
794,15,269.6603854625175,23992.558139534885
794,20,205.1087668759629,31732.093023255813
794,25,162.10018590597764,39471.62790697675
794,30,131.23857457407183,47211.16279069767
794,35,107.50079205243337,54950.6976744186
794,40,89.71761163626898,62690.232558139534
794,45,75.32576215259206,70429.76744186047
794,50,63.50975592337212,78169.30232558139
794,55,53.703883434341876,85908.83720930232
794,60,45.51286322030823,93648.37209302325
794,65,38.72758759533195,101387.90697674418
794,70,32.973546554298885,109127.44186046511
794,75,28.07364027204234,116866.97674418605
794,80,23.96591482368883,124606.51162790698
795,5,577.8604849068192,8513.488372093023
795,10,374.77074657226467,16253.023255813954
795,15,271.1246285898227,23992.558139534885
795,20,204.9691710507015,31732.093023255813
795,25,161.90486663100677,39471.62790697675
795,30,131.4588289089333,47211.16279069767
795,35,108.16708878890817,54950.6976744186
795,40,89.95158658513932,62690.232558139534
795,45,75.32905988830996,70429.76744186047
795,50,63.25214995975567,78169.30232558139
795,55,53.300009088544776,85908.83720930232
795,60,45.06816573981599,93648.37209302325
795,65,38.23753804210814,101387.90697674418
795,70,32.69745105543267,109127.44186046511
795,75,27.9939382726892,116866.97674418605
795,80,23.93901305528444,124606.51162790698
796,5,573.4497239005427,8513.488372093023
796,10,371.5340815279426,16253.023255813954
796,15,269.57051236919216,23992.558139534885
796,20,203.61655701545396,31732.093023255813
796,25,159.77576922514325,39471.62790697675
796,30,128.4438675822782,47211.16279069767
796,35,105.26444601872645,54950.6976744186
796,40,87.08520850937454,62690.232558139534
796,45,72.72680128672852,70429.76744186047
796,50,60.98251524573924,78169.30232558139
796,55,51.441084047431815,85908.83720930232
796,60,43.62549137391406,93648.37209302325
796,65,37.19385613202209,101387.90697674418
796,70,31.722665766857997,109127.44186046511
796,75,27.040895037796652,116866.97674418605
796,80,23.060468157517963,124606.51162790698
797,5,579.9136599955817,8513.488372093023
797,10,378.83160713082606,16253.023255813954
797,15,274.8190072352255,23992.558139534885
797,20,209.56945920205646,31732.093023255813
797,25,165.45698761904046,39471.62790697675
797,30,133.54899240016624,47211.16279069767
797,35,108.72085831386221,54950.6976744186
797,40,89.85691015050197,62690.232558139534
797,45,75.12513143624376,70429.76744186047
797,50,63.26746182396025,78169.30232558139
797,55,53.615621641527106,85908.83720930232
797,60,45.51747017670968,93648.37209302325
797,65,38.78779890120798,101387.90697674418
797,70,33.20714132466465,109127.44186046511
797,75,28.48334540099319,116866.97674418605
797,80,24.45438081283267,124606.51162790698
798,5,570.3592528234815,8513.488372093023
798,10,367.76495384405354,16253.023255813954
798,15,267.7194834471026,23992.558139534885
798,20,205.69185009289703,31732.093023255813
798,25,162.28448274993758,39471.62790697675
798,30,129.83159446888058,47211.16279069767
798,35,105.43604875005411,54950.6976744186
798,40,86.92925750430528,62690.232558139534
798,45,72.93096950828405,70429.76744186047
798,50,61.296339714357735,78169.30232558139
798,55,51.72453495078043,85908.83720930232
798,60,43.86262752889515,93648.37209302325
798,65,37.31936340666341,101387.90697674418
798,70,31.839122209081538,109127.44186046511
798,75,27.275947542628384,116866.97674418605
798,80,23.396634815987674,124606.51162790698
799,5,571.3672405280901,8513.488372093023
799,10,367.3128939256042,16253.023255813954
799,15,269.133480155173,23992.558139534885
799,20,207.1830812160477,31732.093023255813
799,25,163.69352217977092,39471.62790697675
799,30,131.8324385900483,47211.16279069767
799,35,107.11231723092186,54950.6976744186
799,40,88.14149433578723,62690.232558139534
799,45,73.55382027258473,70429.76744186047
799,50,61.756927887050296,78169.30232558139
799,55,52.06295862702415,85908.83720930232
799,60,44.17639534874268,93648.37209302325
799,65,37.64455193340995,101387.90697674418
799,70,32.190769845794634,109127.44186046511
799,75,27.49649194786043,116866.97674418605
799,80,23.55412121450474,124606.51162790698
800,5,574.9618027918042,8513.488372093023
800,10,360.8221228587137,16253.023255813954
800,15,262.9077214808162,23992.558139534885
800,20,201.52383782333786,31732.093023255813
800,25,159.60940154920903,39471.62790697675
800,30,128.89310349991155,47211.16279069767
800,35,105.84187820273074,54950.6976744186
800,40,87.38776846555594,62690.232558139534
800,45,72.86477258546705,70429.76744186047
800,50,61.22360930597958,78169.30232558139
800,55,51.693646990420106,85908.83720930232
800,60,43.85716898389879,93648.37209302325
800,65,37.25718763680281,101387.90697674418
800,70,31.733103467100968,109127.44186046511
800,75,27.066817514968815,116866.97674418605
800,80,23.180324387778764,124606.51162790698
801,5,574.7100389702852,8513.488372093023
801,10,362.09819096195287,16253.023255813954
801,15,264.0204671426504,23992.558139534885
801,20,204.3839832735956,31732.093023255813
801,25,163.11558212616362,39471.62790697675
801,30,130.9437740375536,47211.16279069767
801,35,106.23454668193197,54950.6976744186
801,40,87.77931918790996,62690.232558139534
801,45,73.34752164557773,70429.76744186047
801,50,61.47022841705609,78169.30232558139
801,55,51.680422644413824,85908.83720930232
801,60,43.62331075653748,93648.37209302325
801,65,36.97089332283839,101387.90697674418
801,70,31.480841663249628,109127.44186046511
801,75,26.839507101672524,116866.97674418605
801,80,22.910032492117196,124606.51162790698
802,5,578.3669539834118,8513.488372093023
802,10,369.49460273670275,16253.023255813954
802,15,271.3734362345904,23992.558139534885
802,20,209.09743668347818,31732.093023255813
802,25,166.27559664302808,39471.62790697675
802,30,133.05363345529548,47211.16279069767
802,35,107.62386986069914,54950.6976744186
802,40,88.45915343362721,62690.232558139534
802,45,73.47899917948695,70429.76744186047
802,50,61.23294332355815,78169.30232558139
802,55,51.610144564429824,85908.83720930232
802,60,43.79973224291928,93648.37209302325
802,65,37.22432428485774,101387.90697674418
802,70,31.753083872624323,109127.44186046511
802,75,27.082335476120505,116866.97674418605
802,80,23.097984327708684,124606.51162790698
803,5,582.4573679471123,8513.488372093023
803,10,371.5034230871659,16253.023255813954
803,15,272.2803505683216,23992.558139534885
803,20,209.23771342750905,31732.093023255813
803,25,166.44753486260817,39471.62790697675
803,30,133.74880620098085,47211.16279069767
803,35,108.63763498918566,54950.6976744186
803,40,89.46140007021182,62690.232558139534
803,45,74.53970275583826,70429.76744186047
803,50,62.312979381539684,78169.30232558139
803,55,52.39537759387238,85908.83720930232
803,60,44.38685941208673,93648.37209302325
803,65,37.76466993818621,101387.90697674418
803,70,32.232619050473104,109127.44186046511
803,75,27.555420479407,116866.97674418605
803,80,23.61475500574275,124606.51162790698
804,5,588.3717441472542,8513.488372093023
804,10,366.5471255150426,16253.023255813954
804,15,268.65149321167127,23992.558139534885
804,20,204.35324780818235,31732.093023255813
804,25,161.35497652877592,39471.62790697675
804,30,128.9439794643556,47211.16279069767
804,35,104.06802355388177,54950.6976744186
804,40,85.45938110742871,62690.232558139534
804,45,70.9838391723129,70429.76744186047
804,50,59.38248106837077,78169.30232558139
804,55,50.07139942020182,85908.83720930232
804,60,42.44964026411385,93648.37209302325
804,65,36.1187996711343,101387.90697674418
804,70,30.758685306627154,109127.44186046511
804,75,26.144180755339026,116866.97674418605
804,80,22.204408773674306,124606.51162790698
805,5,582.48028195951,8513.488372093023
805,10,370.43921871094244,16253.023255813954
805,15,270.07490640078396,23992.558139534885
805,20,206.26086459281842,31732.093023255813
805,25,162.14714535722857,39471.62790697675
805,30,129.46302595074047,47211.16279069767
805,35,104.47940566219359,54950.6976744186
805,40,85.61053768259528,62690.232558139534
805,45,71.17195218470913,70429.76744186047
805,50,59.45092964680803,78169.30232558139
805,55,49.8498455118651,85908.83720930232
805,60,42.20888025568197,93648.37209302325
805,65,35.76908047427076,101387.90697674418
805,70,30.363727090757166,109127.44186046511
805,75,25.80381011303987,116866.97674418605
805,80,21.904600458612588,124606.51162790698
806,5,582.9207349230147,8513.488372093023
806,10,373.5691219490279,16253.023255813954
806,15,273.51123724304165,23992.558139534885
806,20,209.21016888434062,31732.093023255813
806,25,165.34385440164553,39471.62790697675
806,30,131.8982774920339,47211.16279069767
806,35,106.58032330530342,54950.6976744186
806,40,87.5625628693943,62690.232558139534
806,45,72.63864085353951,70429.76744186047
806,50,60.619759409011124,78169.30232558139
806,55,51.15774797704086,85908.83720930232
806,60,43.256158234385175,93648.37209302325
806,65,36.651951358733754,101387.90697674418
806,70,31.102602429726907,109127.44186046511
806,75,26.478200762249372,116866.97674418605
806,80,22.57145809553877,124606.51162790698
807,5,582.6576057844753,8513.488372093023
807,10,365.00128572510647,16253.023255813954
807,15,264.56511456486356,23992.558139534885
807,20,203.60265894155975,31732.093023255813
807,25,161.35928085983304,39471.62790697675
807,30,129.32407410992144,47211.16279069767
807,35,104.94981761340483,54950.6976744186
807,40,85.88377232567379,62690.232558139534
807,45,71.08997044921718,70429.76744186047
807,50,59.376411349545954,78169.30232558139
807,55,49.963093902407984,85908.83720930232
807,60,42.376193582494096,93648.37209302325
807,65,35.948075248625436,101387.90697674418
807,70,30.507069900304042,109127.44186046511
807,75,25.904076266537096,116866.97674418605
807,80,21.99943659277397,124606.51162790698
808,5,590.0301121884894,8513.488372093023
808,10,371.2435899143355,16253.023255813954
808,15,263.4853552551676,23992.558139534885
808,20,202.74805499049526,31732.093023255813
808,25,161.0019351662542,39471.62790697675
808,30,129.02114428952294,47211.16279069767
808,35,104.62087711947325,54950.6976744186
808,40,85.65234571380643,62690.232558139534
808,45,70.8891938719233,70429.76744186047
808,50,59.143347178892654,78169.30232558139
808,55,49.697452526298235,85908.83720930232
808,60,41.948518448649786,93648.37209302325
808,65,35.51541700461495,101387.90697674418
808,70,30.147414710155232,109127.44186046511
808,75,25.620311631610374,116866.97674418605
808,80,21.76542965603014,124606.51162790698
809,5,596.4985320239643,8513.488372093023
809,10,374.13535014453714,16253.023255813954
809,15,266.8067132236093,23992.558139534885
809,20,204.7098789040259,31732.093023255813
809,25,163.36127373556104,39471.62790697675
809,30,130.76520894014232,47211.16279069767
809,35,105.76936076955626,54950.6976744186
809,40,86.74329520901411,62690.232558139534
809,45,71.57707424487266,70429.76744186047
809,50,59.82750928762964,78169.30232558139
809,55,50.1499419305743,85908.83720930232
809,60,42.291446282550716,93648.37209302325
809,65,35.78590503360303,101387.90697674418
809,70,30.264958841868427,109127.44186046511
809,75,25.683375527100416,116866.97674418605
809,80,21.824844151692545,124606.51162790698
810,5,615.2756521753219,8513.488372093023
810,10,383.7910699178667,16253.023255813954
810,15,269.28558156060495,23992.558139534885
810,20,205.56835057622078,31732.093023255813
810,25,163.9626396642583,39471.62790697675
810,30,131.1724787897357,47211.16279069767
810,35,106.45029367016198,54950.6976744186
810,40,87.17495492384339,62690.232558139534
810,45,72.36694775257682,70429.76744186047
810,50,60.210042755223355,78169.30232558139
810,55,50.52948963681461,85908.83720930232
810,60,42.739349610372045,93648.37209302325
810,65,36.33150958026142,101387.90697674418
810,70,30.832537627051185,109127.44186046511
810,75,26.21900073841203,116866.97674418605
810,80,22.344210762639214,124606.51162790698
811,5,637.023457844328,8513.488372093023
811,10,396.5774226935638,16253.023255813954
811,15,279.7331641374305,23992.558139534885
811,20,213.2260818121269,31732.093023255813
811,25,169.9839212592431,39471.62790697675
811,30,135.65326726995988,47211.16279069767
811,35,109.42539591166583,54950.6976744186
811,40,89.70454847411222,62690.232558139534
811,45,74.52261316177261,70429.76744186047
811,50,62.528378838720535,78169.30232558139
811,55,52.84334817496489,85908.83720930232
811,60,44.82301038960344,93648.37209302325
811,65,38.100535636136414,101387.90697674418
811,70,32.33994813806834,109127.44186046511
811,75,27.51468769116517,116866.97674418605
811,80,23.456676266440574,124606.51162790698
812,5,627.3204019229896,8513.488372093023
812,10,391.7919723427306,16253.023255813954
812,15,276.57821768916966,23992.558139534885
812,20,211.93787990300424,31732.093023255813
812,25,168.85596866717395,39471.62790697675
812,30,134.8745703356761,47211.16279069767
812,35,108.79630330751006,54950.6976744186
812,40,89.45652819665179,62690.232558139534
812,45,74.42898101568258,70429.76744186047
812,50,62.083255192498534,78169.30232558139
812,55,52.26605280588753,85908.83720930232
812,60,44.19852872434227,93648.37209302325
812,65,37.435904633769354,101387.90697674418
812,70,31.738347529281125,109127.44186046511
812,75,26.87642795943971,116866.97674418605
812,80,22.800869919611518,124606.51162790698
813,5,623.8188411157935,8513.488372093023
813,10,389.6663445877034,16253.023255813954
813,15,277.2277693966064,23992.558139534885
813,20,212.80543168073106,31732.093023255813
813,25,169.01092337079365,39471.62790697675
813,30,135.42722189191963,47211.16279069767
813,35,109.9916864231121,54950.6976744186
813,40,90.05843618385312,62690.232558139534
813,45,74.29160395227474,70429.76744186047
813,50,61.799277936845606,78169.30232558139
813,55,51.876992896127376,85908.83720930232
813,60,43.66438811942557,93648.37209302325
813,65,36.84370729439606,101387.90697674418
813,70,31.116804530791715,109127.44186046511
813,75,26.346891325875198,116866.97674418605
813,80,22.312988700319043,124606.51162790698
814,5,620.5415587314645,8513.488372093023
814,10,388.7029187200218,16253.023255813954
814,15,278.5385254014215,23992.558139534885
814,20,213.2412034106512,31732.093023255813
814,25,169.20560737713382,39471.62790697675
814,30,135.5149807061759,47211.16279069767
814,35,109.77667293951843,54950.6976744186
814,40,89.8061511401362,62690.232558139534
814,45,74.63706031182228,70429.76744186047
814,50,62.31701911791405,78169.30232558139
814,55,52.37888840399516,85908.83720930232
814,60,44.13066862023289,93648.37209302325
814,65,37.3143923032912,101387.90697674418
814,70,31.626819745703035,109127.44186046511
814,75,26.79813557812465,116866.97674418605
814,80,22.602748950104065,124606.51162790698
815,5,620.982314412897,8513.488372093023
815,10,387.58107198731994,16253.023255813954
815,15,280.2419102569969,23992.558139534885
815,20,215.98832158148366,31732.093023255813
815,25,171.4335609874254,39471.62790697675
815,30,136.98842153528344,47211.16279069767
815,35,111.15719037819046,54950.6976744186
815,40,91.23756489667439,62690.232558139534
815,45,75.60402158995731,70429.76744186047
815,50,63.12746805620601,78169.30232558139
815,55,53.061034614426354,85908.83720930232
815,60,44.73389017739669,93648.37209302325
815,65,37.67098900945682,101387.90697674418
815,70,31.76732856545834,109127.44186046511
815,75,26.92697442791549,116866.97674418605
815,80,22.833249073966687,124606.51162790698
816,5,606.6243478875981,8513.488372093023
816,10,372.7966062879778,16253.023255813954
816,15,268.0922542210911,23992.558139534885
816,20,205.28834243255082,31732.093023255813
816,25,162.43626914422987,39471.62790697675
816,30,130.30904601313594,47211.16279069767
816,35,105.9278866537691,54950.6976744186
816,40,86.74915871939379,62690.232558139534
816,45,71.72912518401421,70429.76744186047
816,50,59.87620310554602,78169.30232558139
816,55,50.34805526777658,85908.83720930232
816,60,42.49961231583543,93648.37209302325
816,65,36.06556644009099,101387.90697674418
816,70,30.602668096316773,109127.44186046511
816,75,25.968122717004345,116866.97674418605
816,80,21.97791128152417,124606.51162790698
817,5,594.5718029146493,8513.488372093023
817,10,359.7808981176031,16253.023255813954
817,15,262.28591201621,23992.558139534885
817,20,201.69069397886355,31732.093023255813
817,25,160.02571489606976,39471.62790697675
817,30,128.458515562734,47211.16279069767
817,35,104.37453652913712,54950.6976744186
817,40,85.47541827207743,62690.232558139534
817,45,70.53515422634678,70429.76744186047
817,50,58.6328499497795,78169.30232558139
817,55,49.165948270198676,85908.83720930232
817,60,41.395868210260346,93648.37209302325
817,65,35.026841368868325,101387.90697674418
817,70,29.705059108447983,109127.44186046511
817,75,25.1696213918394,116866.97674418605
817,80,21.353431385292904,124606.51162790698
818,5,584.7245222913298,8513.488372093023
818,10,343.0379210994369,16253.023255813954
818,15,249.98765110429287,23992.558139534885
818,20,192.24941619239846,31732.093023255813
818,25,151.95117927436468,39471.62790697675
818,30,121.85395020575176,47211.16279069767
818,35,99.0127784880801,54950.6976744186
818,40,81.0907236598393,62690.232558139534
818,45,67.65922897462174,70429.76744186047
818,50,56.982469667651195,78169.30232558139
818,55,48.11916114839827,85908.83720930232
818,60,40.656046206846575,93648.37209302325
818,65,34.576232195744495,101387.90697674418
818,70,29.362704315853634,109127.44186046511
818,75,25.0025431007206,116866.97674418605
818,80,21.292957863758502,124606.51162790698
819,5,581.7726588901861,8513.488372093023
819,10,337.09504653952854,16253.023255813954
819,15,246.9370936354987,23992.558139534885
819,20,190.63399135746857,31732.093023255813
819,25,151.80157968861218,39471.62790697675
819,30,121.80289175588504,47211.16279069767
819,35,98.94226125532816,54950.6976744186
819,40,81.4160783469148,62690.232558139534
819,45,68.16820956536247,70429.76744186047
819,50,57.22831184708195,78169.30232558139
819,55,48.036007035409796,85908.83720930232
819,60,40.48725155338515,93648.37209302325
819,65,34.29573941979708,101387.90697674418
819,70,29.109576897907765,109127.44186046511
819,75,24.728535185075373,116866.97674418605
819,80,21.01819378620458,124606.51162790698
820,5,552.3451865503064,8513.488372093023
820,10,324.50509423374285,16253.023255813954
820,15,237.1952695241974,23992.558139534885
820,20,183.32286269034321,31732.093023255813
820,25,145.32849087172758,39471.62790697675
820,30,116.22424203386613,47211.16279069767
820,35,94.73598195759185,54950.6976744186
820,40,78.39627541754189,62690.232558139534
820,45,65.2901863617998,70429.76744186047
820,50,54.86819184101013,78169.30232558139
820,55,46.30286346169972,85908.83720930232
820,60,39.188319726991324,93648.37209302325
820,65,33.257158229127235,101387.90697674418
820,70,28.323481179746125,109127.44186046511
820,75,24.210736460134246,116866.97674418605
820,80,20.618113016518773,124606.51162790698
821,5,550.4803697659833,8513.488372093023
821,10,332.4132958513297,16253.023255813954
821,15,243.43077769970608,23992.558139534885
821,20,188.28354989706557,31732.093023255813
821,25,149.52961735051943,39471.62790697675
821,30,120.24304742802667,47211.16279069767
821,35,97.8341776768589,54950.6976744186
821,40,80.81631012294567,62690.232558139534
821,45,67.66996018416187,70429.76744186047
821,50,56.9700058885861,78169.30232558139
821,55,48.12339684688178,85908.83720930232
821,60,40.66199475099821,93648.37209302325
821,65,34.453406219183584,101387.90697674418
821,70,29.309635453289793,109127.44186046511
821,75,24.906615891986785,116866.97674418605
821,80,21.222388300443544,124606.51162790698
822,5,554.0470677352594,8513.488372093023
822,10,332.36764682080275,16253.023255813954
822,15,244.01620323763714,23992.558139534885
822,20,191.44953603617762,31732.093023255813
822,25,152.39036887652017,39471.62790697675
822,30,121.9267886909919,47211.16279069767
822,35,99.44979473014398,54950.6976744186
822,40,82.35703333219776,62690.232558139534
822,45,68.94684874250758,70429.76744186047
822,50,58.139385543205556,78169.30232558139
822,55,49.253609790735766,85908.83720930232
822,60,41.66407605595403,93648.37209302325
822,65,35.402467879348514,101387.90697674418
822,70,30.126424340027736,109127.44186046511
822,75,25.63696872046265,116866.97674418605
822,80,21.789656153572135,124606.51162790698
823,5,561.6163872769231,8513.488372093023
823,10,344.6729930787199,16253.023255813954
823,15,256.4427056219223,23992.558139534885
823,20,197.72901094267198,31732.093023255813
823,25,156.29311975266904,39471.62790697675
823,30,124.34557630936591,47211.16279069767
823,35,100.89290725796201,54950.6976744186
823,40,83.32923663361228,62690.232558139534
823,45,69.85162623530937,70429.76744186047
823,50,58.72097751671116,78169.30232558139
823,55,49.43133920065823,85908.83720930232
823,60,41.84770311979853,93648.37209302325
823,65,35.49795476328939,101387.90697674418
823,70,30.15202197588518,109127.44186046511
823,75,25.59817820193336,116866.97674418605
823,80,21.727458666015234,124606.51162790698
824,5,554.7441589653178,8513.488372093023
824,10,341.32198309619235,16253.023255813954
824,15,252.2661547990811,23992.558139534885
824,20,194.53205920513392,31732.093023255813
824,25,154.07170998980882,39471.62790697675
824,30,123.30536471703364,47211.16279069767
824,35,99.90238334397932,54950.6976744186
824,40,82.77467191307811,62690.232558139534
824,45,69.22304437282446,70429.76744186047
824,50,58.19472899539166,78169.30232558139
824,55,49.11939745536578,85908.83720930232
824,60,41.405457792916025,93648.37209302325
824,65,35.042722756291155,101387.90697674418
824,70,29.661596022277394,109127.44186046511
824,75,25.128080225494625,116866.97674418605
824,80,21.337674436267996,124606.51162790698
825,5,557.9824675714159,8513.488372093023
825,10,341.64438697872725,16253.023255813954
825,15,252.9724580682856,23992.558139534885
825,20,195.71207431701407,31732.093023255813
825,25,155.4841843243697,39471.62790697675
825,30,124.40390035714131,47211.16279069767
825,35,101.37824276406512,54950.6976744186
825,40,84.39517037538567,62690.232558139534
825,45,70.75575243583498,70429.76744186047
825,50,59.532598427255046,78169.30232558139
825,55,50.262687978609435,85908.83720930232
825,60,42.40707766314536,93648.37209302325
825,65,35.90425826895542,101387.90697674418
825,70,30.358484148720297,109127.44186046511
825,75,25.713511071708226,116866.97674418605
825,80,21.80406181458154,124606.51162790698
826,5,571.4894141208615,8513.488372093023
826,10,351.0013428724964,16253.023255813954
826,15,260.1164895150934,23992.558139534885
826,20,201.4358916812844,31732.093023255813
826,25,159.54457326163086,39471.62790697675
826,30,128.25284742360506,47211.16279069767
826,35,104.7416531605079,54950.6976744186
826,40,86.46182020252182,62690.232558139534
826,45,72.36253550258623,70429.76744186047
826,50,60.79300813454292,78169.30232558139
826,55,51.18679320678454,85908.83720930232
826,60,43.321124878182374,93648.37209302325
826,65,36.606605429980846,101387.90697674418
826,70,31.030075683135603,109127.44186046511
826,75,26.378069891093325,116866.97674418605
826,80,22.500957425474052,124606.51162790698
827,5,571.0850126324666,8513.488372093023
827,10,352.95289640239116,16253.023255813954
827,15,262.1121687737707,23992.558139534885
827,20,201.94927239593602,31732.093023255813
827,25,160.77207190277804,39471.62790697675
827,30,129.7620550868316,47211.16279069767
827,35,106.35229650743298,54950.6976744186
827,40,88.62913515908959,62690.232558139534
827,45,74.3919598694531,70429.76744186047
827,50,62.56020280253065,78169.30232558139
827,55,52.81341108704032,85908.83720930232
827,60,44.69329480604467,93648.37209302325
827,65,38.01725681062721,101387.90697674418
827,70,32.454007396392306,109127.44186046511
827,75,27.654373174781103,116866.97674418605
827,80,23.559438809450107,124606.51162790698
828,5,566.7811702577366,8513.488372093023
828,10,349.4362169503298,16253.023255813954
828,15,257.0296153414154,23992.558139534885
828,20,197.78125832249088,31732.093023255813
828,25,158.44910813745247,39471.62790697675
828,30,127.89319610428342,47211.16279069767
828,35,104.49445596836293,54950.6976744186
828,40,86.89133566943995,62690.232558139534
828,45,72.7379898762789,70429.76744186047
828,50,61.23359775261343,78169.30232558139
828,55,51.874950302819215,85908.83720930232
828,60,43.914776070164415,93648.37209302325
828,65,37.33239068118789,101387.90697674418
828,70,31.735912174614736,109127.44186046511
828,75,27.04969729556855,116866.97674418605
828,80,23.09482127972259,124606.51162790698
829,5,573.7645274377372,8513.488372093023
829,10,353.86832272278497,16253.023255813954
829,15,261.864702588562,23992.558139534885
829,20,203.27710917721978,31732.093023255813
829,25,163.35725486002596,39471.62790697675
829,30,132.56674572996542,47211.16279069767
829,35,108.52808416643303,54950.6976744186
829,40,90.87711744375639,62690.232558139534
829,45,76.53071366442593,70429.76744186047
829,50,64.71096032930085,78169.30232558139
829,55,54.90960968192234,85908.83720930232
829,60,46.76980007987204,93648.37209302325
829,65,39.85043765325011,101387.90697674418
829,70,33.923702993765986,109127.44186046511
829,75,28.904193599535617,116866.97674418605
829,80,24.6741508888892,124606.51162790698
830,5,569.8542148174797,8513.488372093023
830,10,349.4502600599164,16253.023255813954
830,15,257.5814435463519,23992.558139534885
830,20,200.55468222198755,31732.093023255813
830,25,161.57870711275424,39471.62790697675
830,30,131.69851633450992,47211.16279069767
830,35,108.4226626116118,54950.6976744186
830,40,90.606221965188,62690.232558139534
830,45,76.32147784253839,70429.76744186047
830,50,64.7042796895704,78169.30232558139
830,55,55.06223249445417,85908.83720930232
830,60,46.95292047223447,93648.37209302325
830,65,40.17946401104285,101387.90697674418
830,70,34.3757905735358,109127.44186046511
830,75,29.391136111129967,116866.97674418605
830,80,25.143169441880495,124606.51162790698
831,5,565.7055833040095,8513.488372093023
831,10,352.4070665005988,16253.023255813954
831,15,258.9768881906424,23992.558139534885
831,20,202.6021078601646,31732.093023255813
831,25,164.3115213542795,39471.62790697675
831,30,134.22199875092025,47211.16279069767
831,35,111.1035234019243,54950.6976744186
831,40,92.56528507878868,62690.232558139534
831,45,77.67080677782961,70429.76744186047
831,50,65.84097257415246,78169.30232558139
831,55,55.89737738275144,85908.83720930232
831,60,47.7240643554358,93648.37209302325
831,65,40.86569051904581,101387.90697674418
831,70,34.925131389176364,109127.44186046511
831,75,29.97801170298429,116866.97674418605
831,80,25.75828267261847,124606.51162790698
832,5,562.7862368073328,8513.488372093023
832,10,350.56194570029163,16253.023255813954
832,15,258.1225954391638,23992.558139534885
832,20,202.94347306729986,31732.093023255813
832,25,163.20113948322057,39471.62790697675
832,30,132.94006650240894,47211.16279069767
832,35,109.85737982423306,54950.6976744186
832,40,91.9794755663836,62690.232558139534
832,45,77.15089311227773,70429.76744186047
832,50,65.07036769491174,78169.30232558139
832,55,55.16852479767763,85908.83720930232
832,60,47.01368357896749,93648.37209302325
832,65,40.1422403651,101387.90697674418
832,70,34.372051307134754,109127.44186046511
832,75,29.425402056155686,116866.97674418605
832,80,25.141096134140007,124606.51162790698
833,5,576.9162637559468,8513.488372093023
833,10,358.4745336584838,16253.023255813954
833,15,261.59659115240896,23992.558139534885
833,20,203.30661457115917,31732.093023255813
833,25,163.72471122138072,39471.62790697675
833,30,133.61512578586513,47211.16279069767
833,35,110.2724792322346,54950.6976744186
833,40,91.57270155516201,62690.232558139534
833,45,76.6609200825818,70429.76744186047
833,50,64.71962678143734,78169.30232558139
833,55,54.93844572978562,85908.83720930232
833,60,46.67239502236803,93648.37209302325
833,65,39.73143348197288,101387.90697674418
833,70,33.86978251435384,109127.44186046511
833,75,28.814679986299335,116866.97674418605
833,80,24.600326891139936,124606.51162790698
834,5,581.737311266025,8513.488372093023
834,10,358.0991503344612,16253.023255813954
834,15,260.3669041891985,23992.558139534885
834,20,201.3035369157896,31732.093023255813
834,25,161.0913609022228,39471.62790697675
834,30,131.09458338922948,47211.16279069767
834,35,108.53848036567031,54950.6976744186
834,40,90.7236081907339,62690.232558139534
834,45,76.34988610896818,70429.76744186047
834,50,64.47885402653355,78169.30232558139
834,55,54.82909199689814,85908.83720930232
834,60,46.811082120911465,93648.37209302325
834,65,39.947486108820364,101387.90697674418
834,70,34.165039834991916,109127.44186046511
834,75,29.146156838890604,116866.97674418605
834,80,24.868137393599547,124606.51162790698
835,5,586.5351677429254,8513.488372093023
835,10,354.9391149871263,16253.023255813954
835,15,259.6685506105306,23992.558139534885
835,20,202.5802360241938,31732.093023255813
835,25,161.85584978266908,39471.62790697675
835,30,132.28828352548416,47211.16279069767
835,35,109.85723891480433,54950.6976744186
835,40,91.90323310772423,62690.232558139534
835,45,77.47639528000651,70429.76744186047
835,50,65.4176487293329,78169.30232558139
835,55,55.546863130000006,85908.83720930232
835,60,47.358360663163005,93648.37209302325
835,65,40.41728414311882,101387.90697674418
835,70,34.612739854919816,109127.44186046511
835,75,29.65519117960331,116866.97674418605
835,80,25.359673119278092,124606.51162790698
836,5,592.5516599968704,8513.488372093023
836,10,351.1748592146017,16253.023255813954
836,15,256.7745932082476,23992.558139534885
836,20,200.38688904944217,31732.093023255813
836,25,161.02317690973638,39471.62790697675
836,30,131.0709464827883,47211.16279069767
836,35,108.3078129465555,54950.6976744186
836,40,90.58026935633842,62690.232558139534
836,45,76.21386677993377,70429.76744186047
836,50,64.45771407341235,78169.30232558139
836,55,54.808710312526294,85908.83720930232
836,60,46.77646087475853,93648.37209302325
836,65,39.97934699210851,101387.90697674418
836,70,34.27641571766468,109127.44186046511
836,75,29.341027556147566,116866.97674418605
836,80,25.070799389175978,124606.51162790698
837,5,599.9759633437908,8513.488372093023
837,10,352.0323356345339,16253.023255813954
837,15,256.090232810022,23992.558139534885
837,20,200.97510720566115,31732.093023255813
837,25,161.10677112678206,39471.62790697675
837,30,131.77022807351247,47211.16279069767
837,35,108.91403958578728,54950.6976744186
837,40,91.05620828728472,62690.232558139534
837,45,76.7901968861683,70429.76744186047
837,50,65.31680208931841,78169.30232558139
837,55,55.73716411023637,85908.83720930232
837,60,47.54786267472814,93648.37209302325
837,65,40.69891817169475,101387.90697674418
837,70,34.93003072838583,109127.44186046511
837,75,29.921114486899516,116866.97674418605
837,80,25.643215932786344,124606.51162790698
838,5,594.571544030999,8513.488372093023
838,10,350.2737343787309,16253.023255813954
838,15,255.27904977052629,23992.558139534885
838,20,200.65670267358053,31732.093023255813
838,25,160.4489205747138,39471.62790697675
838,30,130.59620705426926,47211.16279069767
838,35,108.14424308922236,54950.6976744186
838,40,90.4141828796663,62690.232558139534
838,45,76.35764672811854,70429.76744186047
838,50,64.89170079091296,78169.30232558139
838,55,55.175667777444666,85908.83720930232
838,60,47.106303696134184,93648.37209302325
838,65,40.36327924332347,101387.90697674418
838,70,34.56565856080507,109127.44186046511
838,75,29.647695174985515,116866.97674418605
838,80,25.51270841211114,124606.51162790698
839,5,603.1528465572131,8513.488372093023
839,10,355.921656064324,16253.023255813954
839,15,259.5411972336539,23992.558139534885
839,20,204.29533891272493,31732.093023255813
839,25,164.12617687399285,39471.62790697675
839,30,134.73532068193236,47211.16279069767
839,35,112.20860199779293,54950.6976744186
839,40,94.31537292970832,62690.232558139534
839,45,79.88250502459826,70429.76744186047
839,50,67.90475536797581,78169.30232558139
839,55,57.85408150332364,85908.83720930232
839,60,49.39844769237076,93648.37209302325
839,65,42.20165949861521,101387.90697674418
839,70,36.13610563381084,109127.44186046511
839,75,30.943364483770356,116866.97674418605
839,80,26.53486613551299,124606.51162790698
840,5,603.3769127588398,8513.488372093023
840,10,363.13810619665236,16253.023255813954
840,15,266.7342090000386,23992.558139534885
840,20,210.7093949753802,31732.093023255813
840,25,169.97249542318804,39471.62790697675
840,30,139.7788507436271,47211.16279069767
840,35,115.63211893899009,54950.6976744186
840,40,96.72096650263437,62690.232558139534
840,45,81.45603306313461,70429.76744186047
840,50,69.00882851610127,78169.30232558139
840,55,58.82631904919125,85908.83720930232
840,60,50.28397445325544,93648.37209302325
840,65,43.210619224353096,101387.90697674418
840,70,37.107826236766755,109127.44186046511
840,75,31.940767317267305,116866.97674418605
840,80,27.456166755093143,124606.51162790698
841,5,608.1442044042824,8513.488372093023
841,10,377.73820455594415,16253.023255813954
841,15,279.93742649171816,23992.558139534885
841,20,221.76159300382844,31732.093023255813
841,25,178.42727482472512,39471.62790697675
841,30,146.7947696982728,47211.16279069767
841,35,121.66028777479683,54950.6976744186
841,40,102.31646028565285,62690.232558139534
841,45,86.64769396644185,70429.76744186047
841,50,73.71538942132045,78169.30232558139
841,55,63.054225050931,85908.83720930232
841,60,54.30668347303729,93648.37209302325
841,65,46.82162297654064,101387.90697674418
841,70,40.303375906929524,109127.44186046511
841,75,34.75291294485775,116866.97674418605
841,80,29.887565300660796,124606.51162790698
842,5,609.509585435452,8513.488372093023
842,10,380.37863954715596,16253.023255813954
842,15,279.33291012187846,23992.558139534885
842,20,221.2618355000296,31732.093023255813
842,25,179.1516469039858,39471.62790697675
842,30,147.6163400960376,47211.16279069767
842,35,123.44140244789092,54950.6976744186
842,40,104.04001845380758,62690.232558139534
842,45,88.23129315754397,70429.76744186047
842,50,75.24759684386356,78169.30232558139
842,55,64.61941035505752,85908.83720930232
842,60,55.69187440724189,93648.37209302325
842,65,48.00222387776789,101387.90697674418
842,70,41.35540158015558,109127.44186046511
842,75,35.74436913727201,116866.97674418605
842,80,30.83865292231341,124606.51162790698
843,5,616.9487156800985,8513.488372093023
843,10,384.071573146449,16253.023255813954
843,15,285.3255714343675,23992.558139534885
843,20,224.65517586042048,31732.093023255813
843,25,181.19763156753734,39471.62790697675
843,30,148.53006698551363,47211.16279069767
843,35,124.12975531941922,54950.6976744186
843,40,104.83231136630529,62690.232558139534
843,45,89.22187493313338,70429.76744186047
843,50,76.38150655270762,78169.30232558139
843,55,65.6580928716053,85908.83720930232
843,60,56.63410684041831,93648.37209302325
843,65,48.87558146978215,101387.90697674418
843,70,42.15027441857142,109127.44186046511
843,75,36.39162591034765,116866.97674418605
843,80,31.45608007979896,124606.51162790698
844,5,612.829845171811,8513.488372093023
844,10,380.7359151822681,16253.023255813954
844,15,284.3633442922471,23992.558139534885
844,20,222.58631689581293,31732.093023255813
844,25,179.43311164086154,39471.62790697675
844,30,147.0157862430365,47211.16279069767
844,35,122.00836771409888,54950.6976744186
844,40,102.58047462847139,62690.232558139534
844,45,87.10442090704967,70429.76744186047
844,50,74.39649679438658,78169.30232558139
844,55,63.754339805334055,85908.83720930232
844,60,54.88657540908254,93648.37209302325
844,65,47.326315800040284,101387.90697674418
844,70,40.90708907668247,109127.44186046511
844,75,35.28976876464688,116866.97674418605
844,80,30.444442875820474,124606.51162790698
845,5,617.7350568272515,8513.488372093023
845,10,386.45770108579933,16253.023255813954
845,15,287.7160087085236,23992.558139534885
845,20,225.31002348268962,31732.093023255813
845,25,181.80624799624178,39471.62790697675
845,30,149.90340703798347,47211.16279069767
845,35,124.49784943756555,54950.6976744186
845,40,105.07858288699909,62690.232558139534
845,45,89.39712816745588,70429.76744186047
845,50,76.41215458577616,78169.30232558139
845,55,65.66957882494677,85908.83720930232
845,60,56.69581841527229,93648.37209302325
845,65,49.03211826259173,101387.90697674418
845,70,42.49534772689663,109127.44186046511
845,75,36.82293013772669,116866.97674418605
845,80,31.899443898470153,124606.51162790698
846,5,618.9174849514828,8513.488372093023
846,10,387.72916000905286,16253.023255813954
846,15,285.2695907138336,23992.558139534885
846,20,221.7168920994166,31732.093023255813
846,25,177.64679740495492,39471.62790697675
846,30,145.565650466233,47211.16279069767
846,35,120.82644244555577,54950.6976744186
846,40,101.66787762735274,62690.232558139534
846,45,86.6077710356687,70429.76744186047
846,50,74.0863378970848,78169.30232558139
846,55,63.62390190168964,85908.83720930232
846,60,54.803806243600604,93648.37209302325
846,65,47.26443315119803,101387.90697674418
846,70,40.806555619579136,109127.44186046511
846,75,35.27517521032884,116866.97674418605
846,80,30.52801322111887,124606.51162790698
847,5,609.926757903498,8513.488372093023
847,10,385.5683448985145,16253.023255813954
847,15,281.6535508980392,23992.558139534885
847,20,219.29809682113435,31732.093023255813
847,25,176.66995782215758,39471.62790697675
847,30,145.55550574240468,47211.16279069767
847,35,121.4145454341336,54950.6976744186
847,40,102.56897183024002,62690.232558139534
847,45,87.67009607818869,70429.76744186047
847,50,75.15247224628534,78169.30232558139
847,55,64.53245027996458,85908.83720930232
847,60,55.63928575776519,93648.37209302325
847,65,47.946842002112746,101387.90697674418
847,70,41.40152348272838,109127.44186046511
847,75,35.83836666104564,116866.97674418605
847,80,31.019663602957728,124606.51162790698
848,5,618.9683643245207,8513.488372093023
848,10,388.5719105526523,16253.023255813954
848,15,284.25966683340346,23992.558139534885
848,20,221.03162824085672,31732.093023255813
848,25,175.4983889795877,39471.62790697675
848,30,143.72995724912636,47211.16279069767
848,35,119.70957065308708,54950.6976744186
848,40,101.05147342205672,62690.232558139534
848,45,86.10506242552891,70429.76744186047
848,50,73.76576394452385,78169.30232558139
848,55,63.24140830097035,85908.83720930232
848,60,54.465828379626814,93648.37209302325
848,65,47.03097774315172,101387.90697674418
848,70,40.67556241495318,109127.44186046511
848,75,35.18876518500447,116866.97674418605
848,80,30.383697174835312,124606.51162790698
849,5,636.3464204803711,8513.488372093023
849,10,395.88124985623546,16253.023255813954
849,15,288.5683891307378,23992.558139534885
849,20,224.26738771730072,31732.093023255813
849,25,178.6129708663718,39471.62790697675
849,30,146.09213091644622,47211.16279069767
849,35,122.17427858999363,54950.6976744186
849,40,103.1585565924629,62690.232558139534
849,45,87.72166188436015,70429.76744186047
849,50,75.18146186015656,78169.30232558139
849,55,64.59597958947074,85908.83720930232
849,60,55.6302817660192,93648.37209302325
849,65,48.001374274656534,101387.90697674418
849,70,41.46615255682339,109127.44186046511
849,75,35.96737461861115,116866.97674418605
849,80,31.187376055272335,124606.51162790698
850,5,645.4541503047935,8513.488372093023
850,10,403.4783458881723,16253.023255813954
850,15,294.20990675242166,23992.558139534885
850,20,229.43678838736997,31732.093023255813
850,25,185.4009049360342,39471.62790697675
850,30,152.82169362344322,47211.16279069767
850,35,127.31398419989242,54950.6976744186
850,40,107.50689088808349,62690.232558139534
850,45,91.57627773221768,70429.76744186047
850,50,78.60347802757946,78169.30232558139
850,55,67.66727442501559,85908.83720930232
850,60,58.237150310495856,93648.37209302325
850,65,50.491246716052636,101387.90697674418
850,70,43.644694177174024,109127.44186046511
850,75,37.62147166244781,116866.97674418605
850,80,32.55186955178234,124606.51162790698
851,5,645.3556615436135,8513.488372093023
851,10,407.54954796298733,16253.023255813954
851,15,301.54386199580983,23992.558139534885
851,20,235.77429717698274,31732.093023255813
851,25,189.66945385265203,39471.62790697675
851,30,156.27416604408617,47211.16279069767
851,35,130.23204156104802,54950.6976744186
851,40,109.82178009474433,62690.232558139534
851,45,93.68070189415131,70429.76744186047
851,50,80.3402190101725,78169.30232558139
851,55,69.1275004353512,85908.83720930232
851,60,59.65829237913665,93648.37209302325
851,65,51.64376492049044,101387.90697674418
851,70,44.80336059477064,109127.44186046511
851,75,38.86264973239021,116866.97674418605
851,80,33.65802074091976,124606.51162790698
852,5,635.7280889100189,8513.488372093023
852,10,399.399845156121,16253.023255813954
852,15,298.43672955930685,23992.558139534885
852,20,233.50965810687393,31732.093023255813
852,25,188.014818682557,39471.62790697675
852,30,154.89096426246954,47211.16279069767
852,35,129.46512155303628,54950.6976744186
852,40,109.11183130411727,62690.232558139534
852,45,92.89500396743455,70429.76744186047
852,50,79.87069897950688,78169.30232558139
852,55,68.82443051542627,85908.83720930232
852,60,59.60940147766941,93648.37209302325
852,65,51.72459799176714,101387.90697674418
852,70,44.89164673620386,109127.44186046511
852,75,38.96731981650967,116866.97674418605
852,80,33.80168254595167,124606.51162790698
853,5,634.9728831426819,8513.488372093023
853,10,400.3192172963147,16253.023255813954
853,15,298.0513441910547,23992.558139534885
853,20,234.81115677953764,31732.093023255813
853,25,190.3221688586764,39471.62790697675
853,30,157.90709678064775,47211.16279069767
853,35,132.7238803325939,54950.6976744186
853,40,112.62694958237101,62690.232558139534
853,45,96.21052624758526,70429.76744186047
853,50,82.75168311839982,78169.30232558139
853,55,71.57196240229848,85908.83720930232
853,60,61.98738508888209,93648.37209302325
853,65,53.77384520261876,101387.90697674418
853,70,46.73093074222336,109127.44186046511
853,75,40.56662088048175,116866.97674418605
853,80,35.27628563978948,124606.51162790698
854,5,630.907347835113,8513.488372093023
854,10,397.42145948493544,16253.023255813954
854,15,294.1685644734774,23992.558139534885
854,20,231.41842397990087,31732.093023255813
854,25,186.99661737080365,39471.62790697675
854,30,155.3927795919757,47211.16279069767
854,35,130.33282848422425,54950.6976744186
854,40,110.54064595834735,62690.232558139534
854,45,94.46453538249204,70429.76744186047
854,50,81.14831465077194,78169.30232558139
854,55,70.02388235197623,85908.83720930232
854,60,60.56746323103877,93648.37209302325
854,65,52.56338068419213,101387.90697674418
854,70,45.69515150282889,109127.44186046511
854,75,39.870594710567275,116866.97674418605
854,80,34.75330120245066,124606.51162790698
855,5,636.6842597865062,8513.488372093023
855,10,404.85277932962515,16253.023255813954
855,15,302.55131249140817,23992.558139534885
855,20,237.79550935021913,31732.093023255813
855,25,193.11190714532725,39471.62790697675
855,30,159.5802630442472,47211.16279069767
855,35,134.076211784549,54950.6976744186
855,40,113.84853776274552,62690.232558139534
855,45,97.44044292135233,70429.76744186047
855,50,83.7818722317679,78169.30232558139
855,55,72.53161710839956,85908.83720930232
855,60,62.96681919461483,93648.37209302325
855,65,54.61625352884403,101387.90697674418
855,70,47.39551334394096,109127.44186046511
855,75,41.27095723240501,116866.97674418605
855,80,35.9455106834862,124606.51162790698
856,5,623.2052805812397,8513.488372093023
856,10,397.7082794637428,16253.023255813954
856,15,300.592190725029,23992.558139534885
856,20,236.87199207727463,31732.093023255813
856,25,191.72313648351962,39471.62790697675
856,30,158.3385632301547,47211.16279069767
856,35,133.0655169248011,54950.6976744186
856,40,112.65149710240703,62690.232558139534
856,45,96.471899926296,70429.76744186047
856,50,83.16039798657555,78169.30232558139
856,55,72.12290505591247,85908.83720930232
856,60,62.59528266195649,93648.37209302325
856,65,54.31008817674585,101387.90697674418
856,70,47.100106662186434,109127.44186046511
856,75,40.87809385263127,116866.97674418605
856,80,35.43883268117518,124606.51162790698
857,5,618.8772294174707,8513.488372093023
857,10,396.9777515196494,16253.023255813954
857,15,303.90062343864287,23992.558139534885
857,20,240.92322598312035,31732.093023255813
857,25,195.36184106372193,39471.62790697675
857,30,161.63751485371185,47211.16279069767
857,35,135.4228268333797,54950.6976744186
857,40,115.25558683291825,62690.232558139534
857,45,98.77394615153972,70429.76744186047
857,50,85.1360225332333,78169.30232558139
857,55,73.8270069952674,85908.83720930232
857,60,64.0834700407077,93648.37209302325
857,65,55.7201061106685,101387.90697674418
857,70,48.45008671629934,109127.44186046511
857,75,42.12447460581417,116866.97674418605
857,80,36.583268979241296,124606.51162790698
858,5,612.8899486662099,8513.488372093023
858,10,395.3160111452042,16253.023255813954
858,15,299.587877367689,23992.558139534885
858,20,237.84429168938232,31732.093023255813
858,25,192.90932423549788,39471.62790697675
858,30,159.60293937524636,47211.16279069767
858,35,134.5130369111705,54950.6976744186
858,40,114.59547040328043,62690.232558139534
858,45,97.98186829825495,70429.76744186047
858,50,84.4987316036159,78169.30232558139
858,55,72.99123696162488,85908.83720930232
858,60,63.29868148743551,93648.37209302325
858,65,54.81690948370265,101387.90697674418
858,70,47.6037374229727,109127.44186046511
858,75,41.34093025592005,116866.97674418605
858,80,35.81169600330485,124606.51162790698
859,5,628.4201831143088,8513.488372093023
859,10,407.46738630996754,16253.023255813954
859,15,303.8217672058459,23992.558139534885
859,20,240.56840577830687,31732.093023255813
859,25,195.27747057568442,39471.62790697675
859,30,161.5490573422643,47211.16279069767
859,35,135.98616923135614,54950.6976744186
859,40,116.04985365872986,62690.232558139534
859,45,99.79328437643372,70429.76744186047
859,50,86.22295532858615,78169.30232558139
859,55,74.69652659215625,85908.83720930232
859,60,64.80341619192093,93648.37209302325
859,65,56.22577355544913,101387.90697674418
859,70,48.82387674532173,109127.44186046511
859,75,42.36775355393092,116866.97674418605
859,80,36.793821322740165,124606.51162790698
860,5,616.9484085457693,8513.488372093023
860,10,399.0879795228494,16253.023255813954
860,15,300.0697787945811,23992.558139534885
860,20,237.97579639926357,31732.093023255813
860,25,191.62542678624155,39471.62790697675
860,30,158.33980080995968,47211.16279069767
860,35,132.6588581491359,54950.6976744186
860,40,112.87674720186962,62690.232558139534
860,45,96.65245289901289,70429.76744186047
860,50,83.28229806883759,78169.30232558139
860,55,72.2468036741679,85908.83720930232
860,60,62.6879628299469,93648.37209302325
860,65,54.36888467712577,101387.90697674418
860,70,47.18319704836172,109127.44186046511
860,75,41.05018107752522,116866.97674418605
860,80,35.78790437038632,124606.51162790698
861,5,626.7296517506162,8513.488372093023
861,10,399.0956362848686,16253.023255813954
861,15,302.41977007869644,23992.558139534885
861,20,239.207969718405,31732.093023255813
861,25,193.27718502305302,39471.62790697675
861,30,158.83890127602257,47211.16279069767
861,35,133.35701929474735,54950.6976744186
861,40,113.53826278998132,62690.232558139534
861,45,97.29376744879376,70429.76744186047
861,50,83.79412703547217,78169.30232558139
861,55,72.384247355883,85908.83720930232
861,60,62.81382565295124,93648.37209302325
861,65,54.652760738912576,101387.90697674418
861,70,47.589812015536076,109127.44186046511
861,75,41.39478739510611,116866.97674418605
861,80,36.1059248189158,124606.51162790698
862,5,614.8941216561499,8513.488372093023
862,10,388.03601718592506,16253.023255813954
862,15,293.83831443683215,23992.558139534885
862,20,232.57572800338934,31732.093023255813
862,25,186.64031986787938,39471.62790697675
862,30,153.31578703144416,47211.16279069767
862,35,128.45499929822137,54950.6976744186
862,40,109.02613731889998,62690.232558139534
862,45,93.30090702985851,70429.76744186047
862,50,80.5346025034227,78169.30232558139
862,55,69.75077006476747,85908.83720930232
862,60,60.53555817667616,93648.37209302325
862,65,52.545428194994564,101387.90697674418
862,70,45.56140211607297,109127.44186046511
862,75,39.62383252407392,116866.97674418605
862,80,34.38700960209066,124606.51162790698
863,5,620.1127618853175,8513.488372093023
863,10,397.98553755055667,16253.023255813954
863,15,304.0524485677649,23992.558139534885
863,20,240.52131346909752,31732.093023255813
863,25,193.1630213176612,39471.62790697675
863,30,157.94181805050772,47211.16279069767
863,35,132.16684002277688,54950.6976744186
863,40,112.18548320421603,62690.232558139534
863,45,96.46656490989704,70429.76744186047
863,50,83.53621881195802,78169.30232558139
863,55,72.63849601806959,85908.83720930232
863,60,63.164696686054576,93648.37209302325
863,65,54.759558853211395,101387.90697674418
863,70,47.51070656729926,109127.44186046511
863,75,41.275469378428575,116866.97674418605
863,80,35.8532368869285,124606.51162790698
864,5,614.4722351649875,8513.488372093023
864,10,397.663758990703,16253.023255813954
864,15,303.8069583798548,23992.558139534885
864,20,239.22666228911473,31732.093023255813
864,25,190.9233977946351,39471.62790697675
864,30,156.3325928726782,47211.16279069767
864,35,131.25478755456066,54950.6976744186
864,40,111.602399391801,62690.232558139534
864,45,95.60856741335064,70429.76744186047
864,50,82.57044114599601,78169.30232558139
864,55,71.52800115112831,85908.83720930232
864,60,61.90912614810323,93648.37209302325
864,65,53.67232519875429,101387.90697674418
864,70,46.54849733547804,109127.44186046511
864,75,40.37793038959012,116866.97674418605
864,80,35.0026694331652,124606.51162790698
865,5,625.2349007383104,8513.488372093023
865,10,400.5471424149728,16253.023255813954
865,15,301.84243863350446,23992.558139534885
865,20,238.3532756336828,31732.093023255813
865,25,192.42297493640768,39471.62790697675
865,30,158.74131824638854,47211.16279069767
865,35,133.39063496842599,54950.6976744186
865,40,113.25140463885032,62690.232558139534
865,45,97.17539872928613,70429.76744186047
865,50,83.70439617518439,78169.30232558139
865,55,72.32633520010445,85908.83720930232
865,60,62.72268727578208,93648.37209302325
865,65,54.42281139126152,101387.90697674418
865,70,47.24584309575785,109127.44186046511
865,75,41.08284335852982,116866.97674418605
865,80,35.62421923855937,124606.51162790698
866,5,627.0384310785703,8513.488372093023
866,10,400.3009250684856,16253.023255813954
866,15,297.7417299942993,23992.558139534885
866,20,233.76833580810523,31732.093023255813
866,25,187.77340921796136,39471.62790697675
866,30,154.86006957989122,47211.16279069767
866,35,129.5197560825338,54950.6976744186
866,40,109.98443161837348,62690.232558139534
866,45,94.36200983369676,70429.76744186047
866,50,81.11579733703431,78169.30232558139
866,55,70.12735915442403,85908.83720930232
866,60,60.920397351382505,93648.37209302325
866,65,52.98226871742758,101387.90697674418
866,70,46.02442651371406,109127.44186046511
866,75,40.04870107506931,116866.97674418605
866,80,34.887149573440695,124606.51162790698
867,5,644.5395483826635,8513.488372093023
867,10,412.009457346097,16253.023255813954
867,15,308.2670229217833,23992.558139534885
867,20,243.7803519601636,31732.093023255813
867,25,196.0070351277853,39471.62790697675
867,30,161.9750380188277,47211.16279069767
867,35,135.875267336055,54950.6976744186
867,40,115.70600077579512,62690.232558139534
867,45,98.99137821279093,70429.76744186047
867,50,85.24974320637317,78169.30232558139
867,55,73.74854470473934,85908.83720930232
867,60,63.91899268916471,93648.37209302325
867,65,55.430619389987534,101387.90697674418
867,70,48.10298491550676,109127.44186046511
867,75,41.70947074396451,116866.97674418605
867,80,36.264480352602185,124606.51162790698
868,5,636.8258753216822,8513.488372093023
868,10,405.41494544679705,16253.023255813954
868,15,302.9073121924745,23992.558139534885
868,20,237.81309931948692,31732.093023255813
868,25,190.04039690980846,39471.62790697675
868,30,156.52453355686967,47211.16279069767
868,35,131.2206500870356,54950.6976744186
868,40,111.10354735445723,62690.232558139534
868,45,94.90181111563878,70429.76744186047
868,50,81.54886672187004,78169.30232558139
868,55,70.44199741135353,85908.83720930232
868,60,60.97800826509037,93648.37209302325
868,65,52.77562632948664,101387.90697674418
868,70,45.67040154221516,109127.44186046511
868,75,39.58923290033791,116866.97674418605
868,80,34.41130596971038,124606.51162790698
869,5,645.8602070213964,8513.488372093023
869,10,412.1367399945078,16253.023255813954
869,15,308.50135420958134,23992.558139534885
869,20,243.44399327810987,31732.093023255813
869,25,196.16796324148956,39471.62790697675
869,30,160.7577382347823,47211.16279069767
869,35,134.65174917478905,54950.6976744186
869,40,114.309534497159,62690.232558139534
869,45,97.72597432688045,70429.76744186047
869,50,84.1629845585009,78169.30232558139
869,55,72.5923190065028,85908.83720930232
869,60,62.84462629035763,93648.37209302325
869,65,54.588878730102174,101387.90697674418
869,70,47.45628890787996,109127.44186046511
869,75,41.273427673307175,116866.97674418605
869,80,36.00713339896147,124606.51162790698
870,5,658.1586629932402,8513.488372093023
870,10,418.37293955252255,16253.023255813954
870,15,309.88536531971755,23992.558139534885
870,20,244.26130511629003,31732.093023255813
870,25,195.82803034883526,39471.62790697675
870,30,160.6068414580518,47211.16279069767
870,35,133.9147249336158,54950.6976744186
870,40,113.30300631565774,62690.232558139534
870,45,96.99118983018789,70429.76744186047
870,50,83.28602586028366,78169.30232558139
870,55,71.78978370025695,85908.83720930232
870,60,62.12952652882872,93648.37209302325
870,65,53.93122288177523,101387.90697674418
870,70,46.80227379726758,109127.44186046511
870,75,40.6445237857617,116866.97674418605
870,80,35.275307615700406,124606.51162790698
871,5,674.3189818918644,8513.488372093023
871,10,427.22462267285374,16253.023255813954
871,15,314.1796634883802,23992.558139534885
871,20,247.38261355498472,31732.093023255813
871,25,197.75699997976648,39471.62790697675
871,30,161.13561458743743,47211.16279069767
871,35,134.97517901446918,54950.6976744186
871,40,114.65662973194466,62690.232558139534
871,45,98.46069433358988,70429.76744186047
871,50,85.24354165746105,78169.30232558139
871,55,73.8615287944663,85908.83720930232
871,60,64.11390609418638,93648.37209302325
871,65,55.73571299911343,101387.90697674418
871,70,48.48449710415444,109127.44186046511
871,75,42.173152913979756,116866.97674418605
871,80,36.679696063158325,124606.51162790698
872,5,677.7762974149,8513.488372093023
872,10,425.6903774558968,16253.023255813954
872,15,314.587538638845,23992.558139534885
872,20,246.0240227928209,31732.093023255813
872,25,195.92614715399378,39471.62790697675
872,30,159.63221709703788,47211.16279069767
872,35,132.92754902243115,54950.6976744186
872,40,112.06500706705377,62690.232558139534
872,45,95.84809576200459,70429.76744186047
872,50,82.36219253524467,78169.30232558139
872,55,71.00985738434518,85908.83720930232
872,60,61.43601891267581,93648.37209302325
872,65,53.27808483415,101387.90697674418
872,70,46.2463306496335,109127.44186046511
872,75,40.13965488161156,116866.97674418605
872,80,34.843565185106016,124606.51162790698
873,5,681.1939913988864,8513.488372093023
873,10,423.65750689848994,16253.023255813954
873,15,311.3642451789661,23992.558139534885
873,20,245.5197599241203,31732.093023255813
873,25,195.56178580850877,39471.62790697675
873,30,159.89393411809814,47211.16279069767
873,35,133.4223193016493,54950.6976744186
873,40,113.25398386234117,62690.232558139534
873,45,96.83531349222345,70429.76744186047
873,50,83.43438890743883,78169.30232558139
873,55,72.02337192935764,85908.83720930232
873,60,62.44599837770983,93648.37209302325
873,65,54.09950132529252,101387.90697674418
873,70,47.0053865301563,109127.44186046511
873,75,40.94012327572488,116866.97674418605
873,80,35.65617951664824,124606.51162790698
874,5,683.0979688828172,8513.488372093023
874,10,423.0757628456169,16253.023255813954
874,15,313.6169504890947,23992.558139534885
874,20,246.76506257890955,31732.093023255813
874,25,198.14118631899467,39471.62790697675
874,30,162.92155208504036,47211.16279069767
874,35,136.51123689781156,54950.6976744186
874,40,115.47621895395123,62690.232558139534
874,45,98.36543767059366,70429.76744186047
874,50,84.373878356928,78169.30232558139
874,55,72.8329437574863,85908.83720930232
874,60,63.184815290238895,93648.37209302325
874,65,54.90340490361628,101387.90697674418
874,70,47.767041033303734,109127.44186046511
874,75,41.54190303232576,116866.97674418605
874,80,36.14195053617354,124606.51162790698
875,5,679.6659765451387,8513.488372093023
875,10,427.2847117196562,16253.023255813954
875,15,313.4878068797751,23992.558139534885
875,20,246.39370638555243,31732.093023255813
875,25,198.238185673428,39471.62790697675
875,30,162.79358131924454,47211.16279069767
875,35,136.12502523802902,54950.6976744186
875,40,116.00353507755393,62690.232558139534
875,45,99.49293617205106,70429.76744186047
875,50,85.63834958470765,78169.30232558139
875,55,74.05245566512576,85908.83720930232
875,60,64.14700858855353,93648.37209302325
875,65,55.781376720578045,101387.90697674418
875,70,48.48368218636916,109127.44186046511
875,75,42.18934951633018,116866.97674418605
875,80,36.764771156821084,124606.51162790698
876,5,672.530857197145,8513.488372093023
876,10,423.31334411300276,16253.023255813954
876,15,307.4002458341061,23992.558139534885
876,20,242.78775590177258,31732.093023255813
876,25,195.8891979984961,39471.62790697675
876,30,159.83491524852164,47211.16279069767
876,35,134.1259695113694,54950.6976744186
876,40,113.53928080769698,62690.232558139534
876,45,97.1731468192977,70429.76744186047
876,50,83.73333871292813,78169.30232558139
876,55,72.1846217067977,85908.83720930232
876,60,62.331482331314405,93648.37209302325
876,65,53.91254529591615,101387.90697674418
876,70,46.8331064483177,109127.44186046511
876,75,40.71025466248243,116866.97674418605
876,80,35.49005762909066,124606.51162790698
877,5,682.2184851422418,8513.488372093023
877,10,435.5074108196487,16253.023255813954
877,15,317.8304896220614,23992.558139534885
877,20,247.97158959395355,31732.093023255813
877,25,200.69212439592562,39471.62790697675
877,30,164.17073157475943,47211.16279069767
877,35,136.2910992729814,54950.6976744186
877,40,115.74577636530441,62690.232558139534
877,45,99.31248736669818,70429.76744186047
877,50,85.42189194976338,78169.30232558139
877,55,73.78366020715745,85908.83720930232
877,60,63.771444049618815,93648.37209302325
877,65,55.39101551907521,101387.90697674418
877,70,48.14917027796419,109127.44186046511
877,75,41.997992453414646,116866.97674418605
877,80,36.6659691741408,124606.51162790698
878,5,670.5368184488428,8513.488372093023
878,10,425.30263194027845,16253.023255813954
878,15,310.93340462036855,23992.558139534885
878,20,243.99238811290994,31732.093023255813
878,25,196.65222345851066,39471.62790697675
878,30,161.35557504415445,47211.16279069767
878,35,134.8932186056185,54950.6976744186
878,40,114.17910375463518,62690.232558139534
878,45,97.474288874682,70429.76744186047
878,50,84.12378904471917,78169.30232558139
878,55,72.8569136836547,85908.83720930232
878,60,63.18190893643119,93648.37209302325
878,65,54.9889173996156,101387.90697674418
878,70,48.004056443418904,109127.44186046511
878,75,41.91452791101945,116866.97674418605
878,80,36.64202051813305,124606.51162790698
879,5,673.9297211740952,8513.488372093023
879,10,425.1251639603264,16253.023255813954
879,15,314.2967377507034,23992.558139534885
879,20,246.7241236083635,31732.093023255813
879,25,198.5175954499319,39471.62790697675
879,30,163.02974077568027,47211.16279069767
879,35,136.73461107714832,54950.6976744186
879,40,115.8616895541194,62690.232558139534
879,45,99.15603916197892,70429.76744186047
879,50,85.52211283913832,78169.30232558139
879,55,73.8968808786792,85908.83720930232
879,60,63.98177809490075,93648.37209302325
879,65,55.65886683288619,101387.90697674418
879,70,48.506577967453566,109127.44186046511
879,75,42.31577381746849,116866.97674418605
879,80,36.96434299991362,124606.51162790698
880,5,669.7015918597665,8513.488372093023
880,10,424.74000627499606,16253.023255813954
880,15,313.75959374597016,23992.558139534885
880,20,245.05795166355173,31732.093023255813
880,25,196.033337934502,39471.62790697675
880,30,161.2920193283899,47211.16279069767
880,35,134.61924888405417,54950.6976744186
880,40,113.93628732168493,62690.232558139534
880,45,97.27876958744254,70429.76744186047
880,50,83.47648908066411,78169.30232558139
880,55,71.8535770060172,85908.83720930232
880,60,62.06877274776148,93648.37209302325
880,65,53.751707138957734,101387.90697674418
880,70,46.590165642450636,109127.44186046511
880,75,40.48112301518467,116866.97674418605
880,80,35.261885306838,124606.51162790698
881,5,662.5283533994085,8513.488372093023
881,10,426.40410106148687,16253.023255813954
881,15,316.08668554745964,23992.558139534885
881,20,249.47671273371634,31732.093023255813
881,25,201.15097563988155,39471.62790697675
881,30,163.8451030882932,47211.16279069767
881,35,136.23509283154723,54950.6976744186
881,40,115.39676706730194,62690.232558139534
881,45,98.6979979221223,70429.76744186047
881,50,84.94272997866261,78169.30232558139
881,55,73.50603198414474,85908.83720930232
881,60,63.76253189222666,93648.37209302325
881,65,55.497528146519755,101387.90697674418
881,70,48.3115959335933,109127.44186046511
881,75,42.07698759613801,116866.97674418605
881,80,36.605998822375234,124606.51162790698
882,5,654.8738889745691,8513.488372093023
882,10,417.9440568525234,16253.023255813954
882,15,310.7990962198579,23992.558139534885
882,20,245.9727095346791,31732.093023255813
882,25,196.9381249664803,39471.62790697675
882,30,159.5013707576516,47211.16279069767
882,35,132.72866395233763,54950.6976744186
882,40,112.13018815860109,62690.232558139534
882,45,95.56636014712309,70429.76744186047
882,50,82.39496421068714,78169.30232558139
882,55,71.21558697551903,85908.83720930232
882,60,61.695316923834106,93648.37209302325
882,65,53.64746362013442,101387.90697674418
882,70,46.69846619270596,109127.44186046511
882,75,40.65594639819741,116866.97674418605
882,80,35.44893930820116,124606.51162790698
883,5,663.3843875814227,8513.488372093023
883,10,421.82459901016915,16253.023255813954
883,15,317.0792043779998,23992.558139534885
883,20,250.79888413636147,31732.093023255813
883,25,202.39709877008238,39471.62790697675
883,30,165.38386404106893,47211.16279069767
883,35,137.95036978459538,54950.6976744186
883,40,116.92349434487097,62690.232558139534
883,45,100.2630249786895,70429.76744186047
883,50,86.52741167216338,78169.30232558139
883,55,75.02428751299908,85908.83720930232
883,60,65.29629594509113,93648.37209302325
883,65,56.728581955692746,101387.90697674418
883,70,49.45085174539242,109127.44186046511
883,75,43.05945608976056,116866.97674418605
883,80,37.516719569136214,124606.51162790698
884,5,675.7343082620924,8513.488372093023
884,10,422.88856586598973,16253.023255813954
884,15,315.7529685748271,23992.558139534885
884,20,247.1675299855006,31732.093023255813
884,25,198.68603337075746,39471.62790697675
884,30,161.06090081324862,47211.16279069767
884,35,134.12648469144216,54950.6976744186
884,40,113.4586744791546,62690.232558139534
884,45,96.9275326074793,70429.76744186047
884,50,83.31280643011783,78169.30232558139
884,55,72.06682985580667,85908.83720930232
884,60,62.542808011457424,93648.37209302325
884,65,54.45398682706737,101387.90697674418
884,70,47.49361070100776,109127.44186046511
884,75,41.45108487645088,116866.97674418605
884,80,36.143143984071884,124606.51162790698
885,5,674.5548718910196,8513.488372093023
885,10,422.1860652672818,16253.023255813954
885,15,315.0504427517394,23992.558139534885
885,20,245.64419568652343,31732.093023255813
885,25,196.8621748042701,39471.62790697675
885,30,160.11956184222802,47211.16279069767
885,35,133.26466464358782,54950.6976744186
885,40,112.50277393681444,62690.232558139534
885,45,96.33434049807748,70429.76744186047
885,50,83.27723225180915,78169.30232558139
885,55,72.38480660146507,85908.83720930232
885,60,62.95191985012234,93648.37209302325
885,65,54.80448083210327,101387.90697674418
885,70,47.796795108726855,109127.44186046511
885,75,41.795036259662595,116866.97674418605
885,80,36.47829917420957,124606.51162790698
886,5,668.363533068131,8513.488372093023
886,10,422.8405718966349,16253.023255813954
886,15,313.5406053683455,23992.558139534885
886,20,245.079355260513,31732.093023255813
886,25,195.94390953725866,39471.62790697675
886,30,159.4975734850671,47211.16279069767
886,35,133.61632513568594,54950.6976744186
886,40,113.83659754374034,62690.232558139534
886,45,97.5325704633329,70429.76744186047
886,50,83.90990976111428,78169.30232558139
886,55,72.71327476310746,85908.83720930232
886,60,63.26645830392879,93648.37209302325
886,65,55.134987212234414,101387.90697674418
886,70,48.10465718775965,109127.44186046511
886,75,42.08064103780337,116866.97674418605
886,80,36.750322582680354,124606.51162790698
887,5,674.4999248908672,8513.488372093023
887,10,432.1355881637973,16253.023255813954
887,15,321.29411404729456,23992.558139534885
887,20,250.57332626592725,31732.093023255813
887,25,201.32835271302434,39471.62790697675
887,30,164.54880123518387,47211.16279069767
887,35,138.11180618872064,54950.6976744186
887,40,117.5935646064845,62690.232558139534
887,45,101.06199072001353,70429.76744186047
887,50,87.42799824512521,78169.30232558139
887,55,75.86053477958694,85908.83720930232
887,60,66.16484715668572,93648.37209302325
887,65,57.79399965269943,101387.90697674418
887,70,50.49640527206199,109127.44186046511
887,75,44.16063092237039,116866.97674418605
887,80,38.60672107495071,124606.51162790698
888,5,669.5049791670589,8513.488372093023
888,10,424.59576942089484,16253.023255813954
888,15,313.6321753707016,23992.558139534885
888,20,245.36303304313407,31732.093023255813
888,25,197.36270455266117,39471.62790697675
888,30,161.2894317199675,47211.16279069767
888,35,134.624718912434,54950.6976744186
888,40,114.45530287017512,62690.232558139534
888,45,98.27317528924213,70429.76744186047
888,50,84.8518909578787,78169.30232558139
888,55,73.61474486969925,85908.83720930232
888,60,64.02837584976675,93648.37209302325
888,65,55.72973445279586,101387.90697674418
888,70,48.549963317608146,109127.44186046511
888,75,42.41929601811398,116866.97674418605
888,80,37.06388044282625,124606.51162790698
889,5,664.4591747454746,8513.488372093023
889,10,422.47240912291386,16253.023255813954
889,15,309.80434231575884,23992.558139534885
889,20,244.63065419359296,31732.093023255813
889,25,196.47345160553485,39471.62790697675
889,30,160.18743354516235,47211.16279069767
889,35,134.04746794256397,54950.6976744186
889,40,114.13029944907738,62690.232558139534
889,45,97.87028173880196,70429.76744186047
889,50,84.48879628497633,78169.30232558139
889,55,73.30116178461108,85908.83720930232
889,60,63.7966169796244,93648.37209302325
889,65,55.58641088680328,101387.90697674418
889,70,48.41537222356966,109127.44186046511
889,75,42.25089652299098,116866.97674418605
889,80,36.94660939494221,124606.51162790698
890,5,667.5974355796573,8513.488372093023
890,10,422.6715050737606,16253.023255813954
890,15,312.837995895189,23992.558139534885
890,20,245.14849033296426,31732.093023255813
890,25,196.8705413573284,39471.62790697675
890,30,160.39571119895228,47211.16279069767
890,35,134.00994846816178,54950.6976744186
890,40,113.78940805106222,62690.232558139534
890,45,97.57301789279882,70429.76744186047
890,50,84.26272057637271,78169.30232558139
890,55,73.05320827736021,85908.83720930232
890,60,63.51662932048138,93648.37209302325
890,65,55.22785853179737,101387.90697674418
890,70,48.16514885875133,109127.44186046511
890,75,41.94756236031636,116866.97674418605
890,80,36.63422197724305,124606.51162790698
891,5,677.4268726540136,8513.488372093023
891,10,431.38038992080436,16253.023255813954
891,15,319.4164347305877,23992.558139534885
891,20,251.1134606460147,31732.093023255813
891,25,202.69422295591164,39471.62790697675
891,30,165.53845920233567,47211.16279069767
891,35,138.68071277297494,54950.6976744186
891,40,118.21686934791465,62690.232558139534
891,45,101.82145551789264,70429.76744186047
891,50,88.42095772187976,78169.30232558139
891,55,77.00352900594686,85908.83720930232
891,60,66.970362230448,93648.37209302325
891,65,58.20094137699933,101387.90697674418
891,70,50.767028417784495,109127.44186046511
891,75,44.32151695297054,116866.97674418605
891,80,38.7311525992123,124606.51162790698
892,5,667.7710810114567,8513.488372093023
892,10,418.0670584275706,16253.023255813954
892,15,308.0466604379944,23992.558139534885
892,20,243.2398929831996,31732.093023255813
892,25,195.38514903155513,39471.62790697675
892,30,160.34972419608602,47211.16279069767
892,35,134.48921096976596,54950.6976744186
892,40,114.53372618658591,62690.232558139534
892,45,98.48389182693668,70429.76744186047
892,50,85.08450431297531,78169.30232558139
892,55,73.66570872906782,85908.83720930232
892,60,63.863457420553985,93648.37209302325
892,65,55.53051360793821,101387.90697674418
892,70,48.274218201549665,109127.44186046511
892,75,42.05901439937868,116866.97674418605
892,80,36.59816019242912,124606.51162790698
893,5,664.9419291522089,8513.488372093023
893,10,418.5061595957381,16253.023255813954
893,15,308.2787495934578,23992.558139534885
893,20,243.1068881039195,31732.093023255813
893,25,194.92692205239672,39471.62790697675
893,30,160.28842184807414,47211.16279069767
893,35,133.77557945432628,54950.6976744186
893,40,113.31066098168961,62690.232558139534
893,45,96.96528432092441,70429.76744186047
893,50,83.6400833445474,78169.30232558139
893,55,72.54018869785773,85908.83720930232
893,60,63.19145308404914,93648.37209302325
893,65,55.1241489448372,101387.90697674418
893,70,48.01391621132688,109127.44186046511
893,75,41.866297130352216,116866.97674418605
893,80,36.49930313963915,124606.51162790698
894,5,666.1433766418335,8513.488372093023
894,10,416.9660221862689,16253.023255813954
894,15,309.78135687458126,23992.558139534885
894,20,242.7832441721293,31732.093023255813
894,25,195.36922059270097,39471.62790697675
894,30,160.2532017643427,47211.16279069767
894,35,133.2559118185444,54950.6976744186
894,40,112.70006253693722,62690.232558139534
894,45,96.08549601920751,70429.76744186047
894,50,82.77188526278351,78169.30232558139
894,55,71.77700720717989,85908.83720930232
894,60,62.30412507344492,93648.37209302325
894,65,54.10539822710003,101387.90697674418
894,70,47.13520609096518,109127.44186046511
894,75,41.103972128146594,116866.97674418605
894,80,35.75019769388172,124606.51162790698
895,5,661.5168802203953,8513.488372093023
895,10,416.16010152326055,16253.023255813954
895,15,312.8865360416222,23992.558139534885
895,20,247.01229505641396,31732.093023255813
895,25,198.96305411730336,39471.62790697675
895,30,163.025334482788,47211.16279069767
895,35,135.49323713500908,54950.6976744186
895,40,114.89260365749854,62690.232558139534
895,45,98.3862108312129,70429.76744186047
895,50,84.80163205780177,78169.30232558139
895,55,73.41725091185442,85908.83720930232
895,60,63.67039014948778,93648.37209302325
895,65,55.35776966579352,101387.90697674418
895,70,48.17735018156428,109127.44186046511
895,75,42.01945230299514,116866.97674418605
895,80,36.63975145162764,124606.51162790698
896,5,641.2064614956566,8513.488372093023
896,10,409.30480264221154,16253.023255813954
896,15,307.6213281471139,23992.558139534885
896,20,240.58726263789396,31732.093023255813
896,25,192.0026515625854,39471.62790697675
896,30,156.85824528697952,47211.16279069767
896,35,129.62717040611784,54950.6976744186
896,40,109.15343329104405,62690.232558139534
896,45,92.83278723638496,70429.76744186047
896,50,79.38974704140821,78169.30232558139
896,55,68.39850489366876,85908.83720930232
896,60,59.31589058837459,93648.37209302325
896,65,51.64427872154481,101387.90697674418
896,70,44.90238741878766,109127.44186046511
896,75,39.03662231687805,116866.97674418605
896,80,34.034028273490264,124606.51162790698
897,5,647.3696711235931,8513.488372093023
897,10,411.00015113847184,16253.023255813954
897,15,304.87545496833457,23992.558139534885
897,20,237.16216933065311,31732.093023255813
897,25,190.95074191242458,39471.62790697675
897,30,155.7185392639384,47211.16279069767
897,35,128.8384545646872,54950.6976744186
897,40,108.91698901191057,62690.232558139534
897,45,93.03589939332922,70429.76744186047
897,50,79.95792418201337,78169.30232558139
897,55,68.98214796809683,85908.83720930232
897,60,59.93235989399171,93648.37209302325
897,65,52.0892718911423,101387.90697674418
897,70,45.3106112745835,109127.44186046511
897,75,39.494790299419094,116866.97674418605
897,80,34.44767357951285,124606.51162790698
898,5,651.4006307813527,8513.488372093023
898,10,413.146283837927,16253.023255813954
898,15,307.62808518554255,23992.558139534885
898,20,240.0589873716621,31732.093023255813
898,25,191.38136073850436,39471.62790697675
898,30,154.6791810011309,47211.16279069767
898,35,128.03614263097558,54950.6976744186
898,40,108.01250151128083,62690.232558139534
898,45,91.897789630942,70429.76744186047
898,50,79.18207203532621,78169.30232558139
898,55,68.39514379911573,85908.83720930232
898,60,59.330079500769855,93648.37209302325
898,65,51.555456392261824,101387.90697674418
898,70,44.91623948050433,109127.44186046511
898,75,39.25820959536727,116866.97674418605
898,80,34.30431195928187,124606.51162790698
899,5,674.2276842253272,8513.488372093023
899,10,426.0907067817438,16253.023255813954
899,15,320.78583348805194,23992.558139534885
899,20,251.7370175769991,31732.093023255813
899,25,201.78466218718074,39471.62790697675
899,30,163.749877986973,47211.16279069767
899,35,134.59339275548786,54950.6976744186
899,40,113.68035806887711,62690.232558139534
899,45,96.99066619906846,70429.76744186047
899,50,83.63022693561238,78169.30232558139
899,55,72.23812611916372,85908.83720930232
899,60,62.662319590687794,93648.37209302325
899,65,54.37977428994387,101387.90697674418
899,70,47.31853041571212,109127.44186046511
899,75,41.121041610479665,116866.97674418605
899,80,35.81784730993827,124606.51162790698
900,5,679.0563237281941,8513.488372093023
900,10,429.35502594023257,16253.023255813954
900,15,322.7336870203575,23992.558139534885
900,20,253.0975695160269,31732.093023255813
900,25,202.59195291274142,39471.62790697675
900,30,164.6519066996935,47211.16279069767
900,35,135.70837843732843,54950.6976744186
900,40,114.25353296273609,62690.232558139534
900,45,97.62836119267845,70429.76744186047
900,50,84.04872242518046,78169.30232558139
900,55,72.51627678502149,85908.83720930232
900,60,62.82331682751087,93648.37209302325
900,65,54.693928695581185,101387.90697674418
900,70,47.63332828465535,109127.44186046511
900,75,41.49606380620784,116866.97674418605
900,80,36.108628548553746,124606.51162790698
901,5,675.9136420332691,8513.488372093023
901,10,425.25177301221856,16253.023255813954
901,15,312.86522348257165,23992.558139534885
901,20,243.1336906212107,31732.093023255813
901,25,195.0017501366117,39471.62790697675
901,30,158.47130734807178,47211.16279069767
901,35,131.39598516416754,54950.6976744186
901,40,110.98236954518978,62690.232558139534
901,45,95.02096269002743,70429.76744186047
901,50,81.8316574899704,78169.30232558139
901,55,70.60159912136828,85908.83720930232
901,60,61.10575733149971,93648.37209302325
901,65,53.024319728419925,101387.90697674418
901,70,46.18444205964815,109127.44186046511
901,75,40.22122238303076,116866.97674418605
901,80,35.03195337445763,124606.51162790698
902,5,684.4217224463177,8513.488372093023
902,10,425.8715478398083,16253.023255813954
902,15,314.7189219852744,23992.558139534885
902,20,241.8406393064499,31732.093023255813
902,25,192.08364160757878,39471.62790697675
902,30,155.35257727627757,47211.16279069767
902,35,128.29681781112552,54950.6976744186
902,40,108.00669575678467,62690.232558139534
902,45,92.24453040791384,70429.76744186047
902,50,79.18451159839408,78169.30232558139
902,55,68.53971231056386,85908.83720930232
902,60,59.453111101734706,93648.37209302325
902,65,51.58992655516178,101387.90697674418
902,70,44.80079227424477,109127.44186046511
902,75,39.01807066734505,116866.97674418605
902,80,33.95788617395679,124606.51162790698
903,5,692.2832847609081,8513.488372093023
903,10,430.10704491302437,16253.023255813954
903,15,317.1958969627837,23992.558139534885
903,20,247.17971514310582,31732.093023255813
903,25,198.15264299152125,39471.62790697675
903,30,161.33528163861013,47211.16279069767
903,35,133.0940725314887,54950.6976744186
903,40,111.79552685949359,62690.232558139534
903,45,94.9231180385695,70429.76744186047
903,50,81.11260439737222,78169.30232558139
903,55,69.77853645676936,85908.83720930232
903,60,60.35917044608636,93648.37209302325
903,65,52.243007596346565,101387.90697674418
903,70,45.306088505879856,109127.44186046511
903,75,39.3261030134573,116866.97674418605
903,80,34.15057313758766,124606.51162790698
904,5,688.0390624296783,8513.488372093023
904,10,429.99505843298107,16253.023255813954
904,15,318.2471774215335,23992.558139534885
904,20,246.01462517544402,31732.093023255813
904,25,195.50377021553624,39471.62790697675
904,30,158.70290053169686,47211.16279069767
904,35,131.5675062099102,54950.6976744186
904,40,110.73805015584844,62690.232558139534
904,45,94.04927541467802,70429.76744186047
904,50,80.55548109327735,78169.30232558139
904,55,69.27244587338136,85908.83720930232
904,60,59.78019158437277,93648.37209302325
904,65,51.70139155744818,101387.90697674418
904,70,44.73923074508004,109127.44186046511
904,75,38.80267239924309,116866.97674418605
904,80,33.70769841278411,124606.51162790698
905,5,680.9060268365886,8513.488372093023
905,10,426.4536057896361,16253.023255813954
905,15,318.34609072425826,23992.558139534885
905,20,248.65381144221996,31732.093023255813
905,25,197.28032535522308,39471.62790697675
905,30,160.045437791028,47211.16279069767
905,35,132.42662003003645,54950.6976744186
905,40,111.11893538868591,62690.232558139534
905,45,94.32698318691199,70429.76744186047
905,50,80.67137274945098,78169.30232558139
905,55,69.3200343065387,85908.83720930232
905,60,59.9265977739612,93648.37209302325
905,65,51.926423932848465,101387.90697674418
905,70,45.228328663042056,109127.44186046511
905,75,39.33074944814951,116866.97674418605
905,80,34.226758421137156,124606.51162790698
906,5,656.1833589283085,8513.488372093023
906,10,415.26868060565226,16253.023255813954
906,15,305.9486705826361,23992.558139534885
906,20,239.39779747908545,31732.093023255813
906,25,190.04615689784004,39471.62790697675
906,30,153.89964569153662,47211.16279069767
906,35,125.65900762103972,54950.6976744186
906,40,105.30517702648375,62690.232558139534
906,45,89.64688992494224,70429.76744186047
906,50,76.63312779030203,78169.30232558139
906,55,65.78434154972967,85908.83720930232
906,60,56.81358291525828,93648.37209302325
906,65,49.12593098490633,101387.90697674418
906,70,42.67755965043935,109127.44186046511
906,75,37.16232823302402,116866.97674418605
906,80,32.36393111712981,124606.51162790698
907,5,640.1537767793782,8513.488372093023
907,10,411.33828461836083,16253.023255813954
907,15,304.6979859586568,23992.558139534885
907,20,236.2700550675198,31732.093023255813
907,25,188.51324515432555,39471.62790697675
907,30,153.0875988709641,47211.16279069767
907,35,126.21164870767173,54950.6976744186
907,40,105.83919016472575,62690.232558139534
907,45,89.88125483621057,70429.76744186047
907,50,76.71133377590098,78169.30232558139
907,55,65.92825787318316,85908.83720930232
907,60,56.8295714416805,93648.37209302325
907,65,49.07975529173566,101387.90697674418
907,70,42.62394425532491,109127.44186046511
907,75,37.19236384091025,116866.97674418605
907,80,32.39790517143321,124606.51162790698
908,5,638.7911603961016,8513.488372093023
908,10,417.7789022136324,16253.023255813954
908,15,310.59911098602936,23992.558139534885
908,20,237.16971672733783,31732.093023255813
908,25,187.6070185797686,39471.62790697675
908,30,151.6779882787936,47211.16279069767
908,35,125.28448760386219,54950.6976744186
908,40,105.04400929293519,62690.232558139534
908,45,89.23328591185422,70429.76744186047
908,50,76.39389294273992,78169.30232558139
908,55,65.64535122483994,85908.83720930232
908,60,56.43216036298932,93648.37209302325
908,65,48.57213530656893,101387.90697674418
908,70,41.81824053465812,109127.44186046511
908,75,36.08996696048448,116866.97674418605
908,80,31.26439833097627,124606.51162790698
909,5,641.1169064322304,8513.488372093023
909,10,417.2205338667986,16253.023255813954
909,15,308.18175737358064,23992.558139534885
909,20,236.6973025836587,31732.093023255813
909,25,187.82644382424903,39471.62790697675
909,30,151.85274269327545,47211.16279069767
909,35,125.2575185725964,54950.6976744186
909,40,105.70962191814048,62690.232558139534
909,45,90.2676956075487,70429.76744186047
909,50,77.32730799787643,78169.30232558139
909,55,66.29622629180912,85908.83720930232
909,60,56.9443185991814,93648.37209302325
909,65,49.19101498976246,101387.90697674418
909,70,42.42164435621954,109127.44186046511
909,75,36.794831778811506,116866.97674418605
909,80,31.990689328903333,124606.51162790698
910,5,633.0164622407134,8513.488372093023
910,10,406.76350963725275,16253.023255813954
910,15,298.0269064528296,23992.558139534885
910,20,230.3823190823352,31732.093023255813
910,25,183.85397356221438,39471.62790697675
910,30,150.26130279357417,47211.16279069767
910,35,124.80733976985304,54950.6976744186
910,40,105.19186970178514,62690.232558139534
910,45,89.60384879954174,70429.76744186047
910,50,76.95904976031943,78169.30232558139
910,55,66.25460501646376,85908.83720930232
910,60,57.22413629901178,93648.37209302325
910,65,49.4574763941773,101387.90697674418
910,70,42.786655224273694,109127.44186046511
910,75,37.06427771604332,116866.97674418605
910,80,32.1491572549148,124606.51162790698
911,5,648.2968512177531,8513.488372093023
911,10,412.1454377755123,16253.023255813954
911,15,304.6349120810753,23992.558139534885
911,20,237.28385541800955,31732.093023255813
911,25,190.42932572790795,39471.62790697675
911,30,155.4727970422025,47211.16279069767
911,35,129.11415735222198,54950.6976744186
911,40,109.12430768754687,62690.232558139534
911,45,93.09414153883124,70429.76744186047
911,50,80.10000734496914,78169.30232558139
911,55,69.15823129446386,85908.83720930232
911,60,59.888934500177044,93648.37209302325
911,65,52.10772903707802,101387.90697674418
911,70,45.41120138827417,109127.44186046511
911,75,39.52606849545369,116866.97674418605
911,80,34.46157944161337,124606.51162790698
912,5,655.7963327502318,8513.488372093023
912,10,408.10627742120903,16253.023255813954
912,15,300.93054879103573,23992.558139534885
912,20,235.30341701972097,31732.093023255813
912,25,187.7039159155334,39471.62790697675
912,30,152.65323403019556,47211.16279069767
912,35,126.91544510500592,54950.6976744186
912,40,107.31344672029915,62690.232558139534
912,45,91.26550812879978,70429.76744186047
912,50,78.03681672366027,78169.30232558139
912,55,67.2249052080346,85908.83720930232
912,60,58.11372840148426,93648.37209302325
912,65,50.358349576587734,101387.90697674418
912,70,43.70713024676764,109127.44186046511
912,75,37.883908605969594,116866.97674418605
912,80,32.91036989703164,124606.51162790698
913,5,663.0849926503132,8513.488372093023
913,10,416.34900398901726,16253.023255813954
913,15,309.10764993260585,23992.558139534885
913,20,242.20160986135122,31732.093023255813
913,25,193.060498165401,39471.62790697675
913,30,156.02477835664473,47211.16279069767
913,35,129.3318063654948,54950.6976744186
913,40,108.98084481761094,62690.232558139534
913,45,93.16932980837477,70429.76744186047
913,50,79.99803249946291,78169.30232558139
913,55,69.25580953017224,85908.83720930232
913,60,60.19467120833879,93648.37209302325
913,65,52.34362522093575,101387.90697674418
913,70,45.556820078978795,109127.44186046511
913,75,39.64237272249692,116866.97674418605
913,80,34.48810857655496,124606.51162790698
914,5,665.0448022388902,8513.488372093023
914,10,418.5494910401278,16253.023255813954
914,15,307.819896103175,23992.558139534885
914,20,239.652550220981,31732.093023255813
914,25,190.79170450294654,39471.62790697675
914,30,155.4572821005964,47211.16279069767
914,35,128.76401311369537,54950.6976744186
914,40,108.2574182083282,62690.232558139534
914,45,91.99158997346075,70429.76744186047
914,50,78.88396100325896,78169.30232558139
914,55,68.02200918833762,85908.83720930232
914,60,58.860169578369096,93648.37209302325
914,65,51.13743794574637,101387.90697674418
914,70,44.57995090028191,109127.44186046511
914,75,38.89066732304382,116866.97674418605
914,80,33.855030710466835,124606.51162790698
915,5,687.6794607681671,8513.488372093023
915,10,434.65985363656654,16253.023255813954
915,15,319.300242040952,23992.558139534885
915,20,247.57335256854446,31732.093023255813
915,25,198.87318068075092,39471.62790697675
915,30,162.36527966705495,47211.16279069767
915,35,134.96050584716508,54950.6976744186
915,40,114.4524706821661,62690.232558139534
915,45,98.07292805060675,70429.76744186047
915,50,84.32749915502256,78169.30232558139
915,55,72.90772152796103,85908.83720930232
915,60,63.275847955276866,93648.37209302325
915,65,54.891417704701034,101387.90697674418
915,70,47.711046919198104,109127.44186046511
915,75,41.48664376884789,116866.97674418605
915,80,36.09446307632322,124606.51162790698
916,5,691.8464795157516,8513.488372093023
916,10,441.4579152899871,16253.023255813954
916,15,316.16684033243405,23992.558139534885
916,20,241.7710795499424,31732.093023255813
916,25,191.90014577287073,39471.62790697675
916,30,156.37113321985856,47211.16279069767
916,35,129.57800657612572,54950.6976744186
916,40,109.03260408658473,62690.232558139534
916,45,92.99886741763794,70429.76744186047
916,50,79.87147767214091,78169.30232558139
916,55,68.98586362632867,85908.83720930232
916,60,59.82653694673276,93648.37209302325
916,65,51.98192958450775,101387.90697674418
916,70,45.15570208412588,109127.44186046511
916,75,39.22797031083965,116866.97674418605
916,80,34.085644546194295,124606.51162790698
917,5,675.0843617975353,8513.488372093023
917,10,438.138132752963,16253.023255813954
917,15,317.0914113643403,23992.558139534885
917,20,243.418319676104,31732.093023255813
917,25,191.8873259899688,39471.62790697675
917,30,155.60030960232905,47211.16279069767
917,35,129.43863899744764,54950.6976744186
917,40,109.64049883806655,62690.232558139534
917,45,93.48460294216743,70429.76744186047
917,50,80.33079804714514,78169.30232558139
917,55,69.22539462322403,85908.83720930232
917,60,59.92964472664903,93648.37209302325
917,65,51.96303431785073,101387.90697674418
917,70,45.11041128359846,109127.44186046511
917,75,39.189066777479475,116866.97674418605
917,80,34.15590131072981,124606.51162790698
918,5,660.0843933172631,8513.488372093023
918,10,433.03978497779116,16253.023255813954
918,15,313.8129861176529,23992.558139534885
918,20,241.87064042929364,31732.093023255813
918,25,190.3911871573461,39471.62790697675
918,30,152.32294889606766,47211.16279069767
918,35,125.05876582428064,54950.6976744186
918,40,105.29766789673738,62690.232558139534
918,45,89.46483094860514,70429.76744186047
918,50,76.52603038111229,78169.30232558139
918,55,65.79338771718939,85908.83720930232
918,60,56.72200082392337,93648.37209302325
918,65,49.06072839934225,101387.90697674418
918,70,42.562785860762474,109127.44186046511
918,75,36.956332453677504,116866.97674418605
918,80,32.16778659950915,124606.51162790698
919,5,672.8485774363746,8513.488372093023
919,10,444.62187723108696,16253.023255813954
919,15,325.0409102407053,23992.558139534885
919,20,251.81194132862453,31732.093023255813
919,25,198.67132153953605,39471.62790697675
919,30,161.57927560567987,47211.16279069767
919,35,133.62530528614002,54950.6976744186
919,40,112.20569326788619,62690.232558139534
919,45,95.86077816029284,70429.76744186047
919,50,82.17696704270575,78169.30232558139
919,55,70.58505682520195,85908.83720930232
919,60,60.8721004269582,93648.37209302325
919,65,52.692274783186825,101387.90697674418
919,70,45.6919285824561,109127.44186046511
919,75,39.72292809940622,116866.97674418605
919,80,34.56474962436612,124606.51162790698
920,5,658.4245521024011,8513.488372093023
920,10,428.940965463998,16253.023255813954
920,15,311.78902830093426,23992.558139534885
920,20,241.7344992367991,31732.093023255813
920,25,190.6320352263539,39471.62790697675
920,30,154.6976874037708,47211.16279069767
920,35,128.18104505009572,54950.6976744186
920,40,107.79387109185735,62690.232558139534
920,45,91.51042291773268,70429.76744186047
920,50,78.43154570084347,78169.30232558139
920,55,67.60759944571664,85908.83720930232
920,60,58.23292131747089,93648.37209302325
920,65,50.29382689916091,101387.90697674418
920,70,43.57462457951872,109127.44186046511
920,75,37.837057798278295,116866.97674418605
920,80,32.8817521021653,124606.51162790698
921,5,665.9445714757678,8513.488372093023
921,10,435.8260482914618,16253.023255813954
921,15,315.5878822178519,23992.558139534885
921,20,245.78013709973786,31732.093023255813
921,25,196.35410933358145,39471.62790697675
921,30,160.5777502514407,47211.16279069767
921,35,133.48528844979637,54950.6976744186
921,40,112.24690374217948,62690.232558139534
921,45,95.36386497112176,70429.76744186047
921,50,81.54747961693204,78169.30232558139
921,55,69.90002831491317,85908.83720930232
921,60,60.04161818291173,93648.37209302325
921,65,51.689468307745294,101387.90697674418
921,70,44.699314949159564,109127.44186046511
921,75,38.71667386493223,116866.97674418605
921,80,33.56112285159521,124606.51162790698
922,5,676.0670950481116,8513.488372093023
922,10,440.33796401599176,16253.023255813954
922,15,320.3385176124392,23992.558139534885
922,20,246.68374926856768,31732.093023255813
922,25,196.03850529510729,39471.62790697675
922,30,159.19965836534723,47211.16279069767
922,35,131.45097008599282,54950.6976744186
922,40,110.51048144901084,62690.232558139534
922,45,93.8833199178993,70429.76744186047
922,50,80.06978311798012,78169.30232558139
922,55,68.70444050657932,85908.83720930232
922,60,59.107392610153134,93648.37209302325
922,65,50.95055263450531,101387.90697674418
922,70,43.994237872538655,109127.44186046511
922,75,38.047043465038385,116866.97674418605
922,80,32.97302215972268,124606.51162790698
923,5,698.713025153843,8513.488372093023
923,10,453.48792747992644,16253.023255813954
923,15,329.16406870373976,23992.558139534885
923,20,254.643956781888,31732.093023255813
923,25,203.94054484302677,39471.62790697675
923,30,165.74781225574668,47211.16279069767
923,35,137.69264410406225,54950.6976744186
923,40,115.43843163836117,62690.232558139534
923,45,97.91619688995772,70429.76744186047
923,50,84.14574037876912,78169.30232558139
923,55,72.59142180853156,85908.83720930232
923,60,62.884259464122174,93648.37209302325
923,65,54.33245383348621,101387.90697674418
923,70,47.032944277393284,109127.44186046511
923,75,40.8434635920487,116866.97674418605
923,80,35.45298628478492,124606.51162790698
924,5,691.2183768356801,8513.488372093023
924,10,441.4647403729529,16253.023255813954
924,15,320.2428751459627,23992.558139534885
924,20,246.9658820504567,31732.093023255813
924,25,195.55885393120099,39471.62790697675
924,30,158.56547534845788,47211.16279069767
924,35,130.81471398012908,54950.6976744186
924,40,109.70729067396616,62690.232558139534
924,45,93.00249306395037,70429.76744186047
924,50,79.78674585664609,78169.30232558139
924,55,68.64498989084001,85908.83720930232
924,60,59.165986663598694,93648.37209302325
924,65,51.107647587041704,101387.90697674418
924,70,44.25797379016023,109127.44186046511
924,75,38.230504714546136,116866.97674418605
924,80,33.09865901390748,124606.51162790698
925,5,706.2750180916215,8513.488372093023
925,10,453.1435368783307,16253.023255813954
925,15,329.81722553424714,23992.558139534885
925,20,255.67222667230197,31732.093023255813
925,25,203.1123685145265,39471.62790697675
925,30,164.8114574629168,47211.16279069767
925,35,136.57780476569167,54950.6976744186
925,40,115.16692654011683,62690.232558139534
925,45,97.83915947536232,70429.76744186047
925,50,83.77367939249795,78169.30232558139
925,55,72.06817911225751,85908.83720930232
925,60,62.26942639540125,93648.37209302325
925,65,53.96042313816875,101387.90697674418
925,70,46.86942191468228,109127.44186046511
925,75,40.6533577865437,116866.97674418605
925,80,35.216678075838175,124606.51162790698
926,5,710.1836445324474,8513.488372093023
926,10,455.74993436241414,16253.023255813954
926,15,331.4403687819664,23992.558139534885
926,20,257.5843205744642,31732.093023255813
926,25,204.7720299931556,39471.62790697675
926,30,165.63001386886734,47211.16279069767
926,35,136.97327093573182,54950.6976744186
926,40,115.12476101132289,62690.232558139534
926,45,97.75054911136871,70429.76744186047
926,50,83.73596925472381,78169.30232558139
926,55,72.03426030369455,85908.83720930232
926,60,62.19920995244903,93648.37209302325
926,65,53.66640250894301,101387.90697674418
926,70,46.388693837222675,109127.44186046511
926,75,40.085622877154165,116866.97674418605
926,80,34.634984785505196,124606.51162790698
927,5,717.5790107892814,8513.488372093023
927,10,459.3669243245654,16253.023255813954
927,15,335.16426264615563,23992.558139534885
927,20,261.0687892815516,31732.093023255813
927,25,208.42194830427115,39471.62790697675
927,30,170.03963565584675,47211.16279069767
927,35,140.89856056743483,54950.6976744186
927,40,118.28929608703692,62690.232558139534
927,45,100.21827656258985,70429.76744186047
927,50,85.47805220273072,78169.30232558139
927,55,73.74893669389303,85908.83720930232
927,60,63.905968583292406,93648.37209302325
927,65,55.50898192229103,101387.90697674418
927,70,48.191226775916675,109127.44186046511
927,75,41.844934976004836,116866.97674418605
927,80,36.2210207010908,124606.51162790698
928,5,710.2421180049472,8513.488372093023
928,10,453.37892860369385,16253.023255813954
928,15,326.83396942541293,23992.558139534885
928,20,253.9608973119031,31732.093023255813
928,25,202.60745119650167,39471.62790697675
928,30,165.13101489572458,47211.16279069767
928,35,137.83281283077713,54950.6976744186
928,40,116.70054820010193,62690.232558139534
928,45,99.51322172178983,70429.76744186047
928,50,85.0391196321724,78169.30232558139
928,55,72.98080033081227,85908.83720930232
928,60,62.943978333779505,93648.37209302325
928,65,54.46145117840709,101387.90697674418
928,70,47.19914998632717,109127.44186046511
928,75,40.85695186875282,116866.97674418605
928,80,35.43026548538677,124606.51162790698
929,5,723.0831130432215,8513.488372093023
929,10,459.3687774157397,16253.023255813954
929,15,333.99658310292824,23992.558139534885
929,20,257.1396312663429,31732.093023255813
929,25,205.3527177622973,39471.62790697675
929,30,167.73420765743808,47211.16279069767
929,35,139.74354276010206,54950.6976744186
929,40,118.3245348703318,62690.232558139534
929,45,100.70382504423331,70429.76744186047
929,50,86.27773922323097,78169.30232558139
929,55,74.00306736842118,85908.83720930232
929,60,63.86236325128911,93648.37209302325
929,65,54.98641007852551,101387.90697674418
929,70,47.62058189513358,109127.44186046511
929,75,41.26635771545354,116866.97674418605
929,80,35.804898919912766,124606.51162790698
930,5,743.9578342929117,8513.488372093023
930,10,471.18785826148553,16253.023255813954
930,15,340.6602975817011,23992.558139534885
930,20,261.61955274409604,31732.093023255813
930,25,208.52436734444998,39471.62790697675
930,30,168.8838670717403,47211.16279069767
930,35,139.805979682768,54950.6976744186
930,40,117.54201811459308,62690.232558139534
930,45,100.10272637893273,70429.76744186047
930,50,85.62242238570539,78169.30232558139
930,55,73.49150438860237,85908.83720930232
930,60,63.352865446043765,93648.37209302325
930,65,54.75719844265666,101387.90697674418
930,70,47.441446435601634,109127.44186046511
930,75,41.149930070240636,116866.97674418605
930,80,35.68366507650742,124606.51162790698
931,5,764.4922858889389,8513.488372093023
931,10,489.4209765745246,16253.023255813954
931,15,359.58129820778436,23992.558139534885
931,20,279.06960431704704,31732.093023255813
931,25,222.56357192154232,39471.62790697675
931,30,181.19999926085376,47211.16279069767
931,35,150.61518083438017,54950.6976744186
931,40,126.96066452580702,62690.232558139534
931,45,107.98460227191488,70429.76744186047
931,50,92.41036991012191,78169.30232558139
931,55,79.4867675933345,85908.83720930232
931,60,68.63677077264407,93648.37209302325
931,65,59.30977116694466,101387.90697674418
931,70,51.25331456362576,109127.44186046511
931,75,44.35316365755521,116866.97674418605
931,80,38.49106139983697,124606.51162790698
932,5,768.1808984697357,8513.488372093023
932,10,494.98831653165956,16253.023255813954
932,15,362.13135901677964,23992.558139534885
932,20,279.18286864080886,31732.093023255813
932,25,221.24378077154165,39471.62790697675
932,30,178.3319317030792,47211.16279069767
932,35,147.3375625218134,54950.6976744186
932,40,123.43784881777108,62690.232558139534
932,45,104.96053929911425,70429.76744186047
932,50,89.71492454501418,78169.30232558139
932,55,76.93224413811564,85908.83720930232
932,60,66.47426386355033,93648.37209302325
932,65,57.601528793495945,101387.90697674418
932,70,49.88626857341858,109127.44186046511
932,75,43.14326109976043,116866.97674418605
932,80,37.34100017247189,124606.51162790698
933,5,771.0987093387648,8513.488372093023
933,10,500.743029692353,16253.023255813954
933,15,363.9786734410447,23992.558139534885
933,20,281.0946333176002,31732.093023255813
933,25,223.26309417564391,39471.62790697675
933,30,181.51632860849847,47211.16279069767
933,35,150.1536026885421,54950.6976744186
933,40,126.35984087389005,62690.232558139534
933,45,107.51859328287453,70429.76744186047
933,50,92.23719744660741,78169.30232558139
933,55,79.38336619498301,85908.83720930232
933,60,68.53560561525342,93648.37209302325
933,65,59.21341847402134,101387.90697674418
933,70,51.265206202205235,109127.44186046511
933,75,44.47120108865789,116866.97674418605
933,80,38.52508026229127,124606.51162790698
934,5,749.8938562792158,8513.488372093023
934,10,486.41673060898285,16253.023255813954
934,15,351.17625418266255,23992.558139534885
934,20,270.26300511805067,31732.093023255813
934,25,214.3044970145555,39471.62790697675
934,30,174.63519424847044,47211.16279069767
934,35,145.83439954338309,54950.6976744186
934,40,122.93083461389979,62690.232558139534
934,45,104.71084637496739,70429.76744186047
934,50,89.83832478176683,78169.30232558139
934,55,77.35411124625949,85908.83720930232
934,60,66.72736829845196,93648.37209302325
934,65,57.66387566789008,101387.90697674418
934,70,49.91829384692117,109127.44186046511
934,75,43.05936042078663,116866.97674418605
934,80,37.296703310169356,124606.51162790698
935,5,750.760543152153,8513.488372093023
935,10,494.05873224819777,16253.023255813954
935,15,359.69100534186333,23992.558139534885
935,20,274.9840094567028,31732.093023255813
935,25,218.67021538273278,39471.62790697675
935,30,179.32673638535445,47211.16279069767
935,35,149.7949450438904,54950.6976744186
935,40,126.56386829042303,62690.232558139534
935,45,107.81151573269392,70429.76744186047
935,50,92.61163919452964,78169.30232558139
935,55,79.6993621965787,85908.83720930232
935,60,68.79644172728099,93648.37209302325
935,65,59.563354395047185,101387.90697674418
935,70,51.6546985978182,109127.44186046511
935,75,44.855527943031674,116866.97674418605
935,80,38.9761857379322,124606.51162790698
936,5,737.5807979638143,8513.488372093023
936,10,490.85991112100885,16253.023255813954
936,15,351.56602424528285,23992.558139534885
936,20,267.10100744230675,31732.093023255813
936,25,212.13466535698853,39471.62790697675
936,30,171.3615311616471,47211.16279069767
936,35,143.37187327709321,54950.6976744186
936,40,121.38515443022065,62690.232558139534
936,45,103.69181045903277,70429.76744186047
936,50,88.89763496691832,78169.30232558139
936,55,76.57122473382533,85908.83720930232
936,60,66.20455435244007,93648.37209302325
936,65,57.35130876464402,101387.90697674418
936,70,49.73109770768003,109127.44186046511
936,75,43.11076534662768,116866.97674418605
936,80,37.36472651756502,124606.51162790698
937,5,716.2677465866882,8513.488372093023
937,10,481.4557464404823,16253.023255813954
937,15,349.4345370218812,23992.558139534885
937,20,269.3659555044788,31732.093023255813
937,25,214.27024914133457,39471.62790697675
937,30,174.91742751925304,47211.16279069767
937,35,146.13447801755902,54950.6976744186
937,40,123.34185705795817,62690.232558139534
937,45,105.3456234387279,70429.76744186047
937,50,90.28203349169095,78169.30232558139
937,55,77.6138291092319,85908.83720930232
937,60,66.90287386355497,93648.37209302325
937,65,57.59674642134962,101387.90697674418
937,70,49.64960027431216,109127.44186046511
937,75,42.8916653201608,116866.97674418605
937,80,37.070564313626285,124606.51162790698
938,5,701.921526401885,8513.488372093023
938,10,467.5575273378398,16253.023255813954
938,15,341.8484703330901,23992.558139534885
938,20,263.74646934562236,31732.093023255813
938,25,210.77827261048216,39471.62790697675
938,30,172.08588815095754,47211.16279069767
938,35,142.48414076126434,54950.6976744186
938,40,119.63139439582842,62690.232558139534
938,45,102.13875920019888,70429.76744186047
938,50,87.87239825401889,78169.30232558139
938,55,76.03323107610548,85908.83720930232
938,60,65.81590185116325,93648.37209302325
938,65,57.006940214449706,101387.90697674418
938,70,49.4811150739824,109127.44186046511
938,75,42.89190598115914,116866.97674418605
938,80,37.16760056894685,124606.51162790698
939,5,721.1809115451582,8513.488372093023
939,10,481.09441915249215,16253.023255813954
939,15,354.1532544314319,23992.558139534885
939,20,274.8243458812058,31732.093023255813
939,25,218.7457634423531,39471.62790697675
939,30,178.01598980653424,47211.16279069767
939,35,149.00996254005804,54950.6976744186
939,40,125.73092418323807,62690.232558139534
939,45,107.24999043162748,70429.76744186047
939,50,92.15527628997211,78169.30232558139
939,55,79.53306723221186,85908.83720930232
939,60,68.84136655553128,93648.37209302325
939,65,59.82714981845577,101387.90697674418
939,70,51.959015263332375,109127.44186046511
939,75,45.055758609505816,116866.97674418605
939,80,39.066684554382654,124606.51162790698
940,5,723.5308312835169,8513.488372093023
940,10,482.01633213201643,16253.023255813954
940,15,352.4541144628411,23992.558139534885
940,20,270.96778579824934,31732.093023255813
940,25,215.51346219587873,39471.62790697675
940,30,176.11638602228476,47211.16279069767
940,35,146.5378978459997,54950.6976744186
940,40,124.3394252774371,62690.232558139534
940,45,106.31639039027075,70429.76744186047
940,50,91.45463258424148,78169.30232558139
940,55,79.02076010194305,85908.83720930232
940,60,68.42838093143479,93648.37209302325
940,65,59.16169087888221,101387.90697674418
940,70,51.09875551274344,109127.44186046511
940,75,44.187562260813436,116866.97674418605
940,80,38.173260865840454,124606.51162790698
941,5,749.730250569095,8513.488372093023
941,10,490.4257048650027,16253.023255813954
941,15,360.61946549791986,23992.558139534885
941,20,278.04815921393407,31732.093023255813
941,25,222.5801306989158,39471.62790697675
941,30,182.54358783355272,47211.16279069767
941,35,152.26571517936915,54950.6976744186
941,40,128.7318278802755,62690.232558139534
941,45,109.66247313225104,70429.76744186047
941,50,94.24489722239133,78169.30232558139
941,55,81.21548281714898,85908.83720930232
941,60,70.10194649489982,93648.37209302325
941,65,60.53485824929242,101387.90697674418
941,70,52.189963831477144,109127.44186046511
941,75,45.05300204148066,116866.97674418605
941,80,38.90135730161767,124606.51162790698
942,5,758.8088254154571,8513.488372093023
942,10,498.92261597369253,16253.023255813954
942,15,366.5834543693761,23992.558139534885
942,20,281.3232733285124,31732.093023255813
942,25,222.6160978039192,39471.62790697675
942,30,181.03444418759733,47211.16279069767
942,35,150.7041541754282,54950.6976744186
942,40,127.12192634723927,62690.232558139534
942,45,108.15902270068096,70429.76744186047
942,50,92.60410976359277,78169.30232558139
942,55,79.67548210590526,85908.83720930232
942,60,68.77844999579595,93648.37209302325
942,65,59.54735010176922,101387.90697674418
942,70,51.55114400319365,109127.44186046511
942,75,44.707698278757675,116866.97674418605
942,80,38.738664846288955,124606.51162790698
943,5,763.2505981108088,8513.488372093023
943,10,502.55236747133745,16253.023255813954
943,15,369.1419612646728,23992.558139534885
943,20,285.3108998320334,31732.093023255813
943,25,227.0897245136658,39471.62790697675
943,30,184.46626974497454,47211.16279069767
943,35,152.81837083923918,54950.6976744186
943,40,128.81120036030163,62690.232558139534
943,45,109.77619182758134,70429.76744186047
943,50,94.05669510968697,78169.30232558139
943,55,80.95179831241197,85908.83720930232
943,60,69.89970804376877,93648.37209302325
943,65,60.34068273083525,101387.90697674418
943,70,52.23974481723166,109127.44186046511
943,75,45.23205612420299,116866.97674418605
943,80,39.126857147630325,124606.51162790698
944,5,754.0505252468935,8513.488372093023
944,10,493.6404172855253,16253.023255813954
944,15,360.57026752194315,23992.558139534885
944,20,276.00923976773777,31732.093023255813
944,25,217.7130217765244,39471.62790697675
944,30,175.75855892600325,47211.16279069767
944,35,145.65194569317447,54950.6976744186
944,40,122.60870794513787,62690.232558139534
944,45,104.00781906773352,70429.76744186047
944,50,88.88574985020793,78169.30232558139
944,55,76.45632940725568,85908.83720930232
944,60,66.00330150050873,93648.37209302325
944,65,57.181786196487295,101387.90697674418
944,70,49.54177961617246,109127.44186046511
944,75,42.88465918745402,116866.97674418605
944,80,37.16715779099841,124606.51162790698
945,5,753.4089297512072,8513.488372093023
945,10,497.15067058804647,16253.023255813954
945,15,363.80104008210094,23992.558139534885
945,20,278.2274130031553,31732.093023255813
945,25,220.54699883899346,39471.62790697675
945,30,178.9300562108587,47211.16279069767
945,35,148.35632618693143,54950.6976744186
945,40,125.02961972849772,62690.232558139534
945,45,106.41007013293222,70429.76744186047
945,50,91.30405590389138,78169.30232558139
945,55,78.60350948358226,85908.83720930232
945,60,67.82986702955368,93648.37209302325
945,65,58.715694679780164,101387.90697674418
945,70,50.83105887417419,109127.44186046511
945,75,44.03056047885507,116866.97674418605
945,80,38.160985679435164,124606.51162790698
946,5,767.1895828755404,8513.488372093023
946,10,510.7615534888026,16253.023255813954
946,15,373.9758105969924,23992.558139534885
946,20,284.51069232810306,31732.093023255813
946,25,225.73920240821292,39471.62790697675
946,30,183.6856158803857,47211.16279069767
946,35,152.71230359377478,54950.6976744186
946,40,129.07748178966213,62690.232558139534
946,45,109.75801196529262,70429.76744186047
946,50,93.79073181939232,78169.30232558139
946,55,80.6205865555553,85908.83720930232
946,60,69.59468219546713,93648.37209302325
946,65,60.14425256285165,101387.90697674418
946,70,52.12488020372694,109127.44186046511
946,75,45.22356809507805,116866.97674418605
946,80,39.15208468919629,124606.51162790698
947,5,788.9323878374814,8513.488372093023
947,10,517.4225510298835,16253.023255813954
947,15,380.652068600081,23992.558139534885
947,20,293.46281765597456,31732.093023255813
947,25,233.35382110077805,39471.62790697675
947,30,190.73087868038704,47211.16279069767
947,35,158.24975275525424,54950.6976744186
947,40,133.54020992637672,62690.232558139534
947,45,113.95228133185356,70429.76744186047
947,50,97.81851097510535,78169.30232558139
947,55,84.20168353867786,85908.83720930232
947,60,72.61029376865146,93648.37209302325
947,65,62.84288131927089,101387.90697674418
947,70,54.57529018158986,109127.44186046511
947,75,47.32471914875118,116866.97674418605
947,80,40.97777559653411,124606.51162790698
948,5,791.6065657028487,8513.488372093023
948,10,514.1503334723124,16253.023255813954
948,15,381.2957339056411,23992.558139534885
948,20,295.0662663820481,31732.093023255813
948,25,234.57520048419576,39471.62790697675
948,30,191.41127427480006,47211.16279069767
948,35,158.61341330291683,54950.6976744186
948,40,133.11651908877894,62690.232558139534
948,45,112.4488774947016,70429.76744186047
948,50,96.13966141903968,78169.30232558139
948,55,82.28981814652391,85908.83720930232
948,60,70.68825221104625,93648.37209302325
948,65,60.944625381491285,101387.90697674418
948,70,52.51729307587482,109127.44186046511
948,75,45.31173100252207,116866.97674418605
948,80,39.22049465715275,124606.51162790698
949,5,798.3442288021062,8513.488372093023
949,10,508.0742328155238,16253.023255813954
949,15,375.5273873083006,23992.558139534885
949,20,294.5906393043798,31732.093023255813
949,25,235.36632122223713,39471.62790697675
949,30,193.16854747625658,47211.16279069767
949,35,160.9467416843751,54950.6976744186
949,40,135.1996916756815,62690.232558139534
949,45,114.83205829153022,70429.76744186047
949,50,98.32883751842002,78169.30232558139
949,55,84.70707987893572,85908.83720930232
949,60,73.11379317760631,93648.37209302325
949,65,63.1953540750754,101387.90697674418
949,70,54.68119885758791,109127.44186046511
949,75,47.46081502480969,116866.97674418605
949,80,41.24907475383808,124606.51162790698
950,5,797.732532532053,8513.488372093023
950,10,500.4369760418374,16253.023255813954
950,15,368.81060038699354,23992.558139534885
950,20,287.56658304080116,31732.093023255813
950,25,230.56438989523605,39471.62790697675
950,30,189.28111976719057,47211.16279069767
950,35,158.0179398287576,54950.6976744186
950,40,133.72314018729054,62690.232558139534
950,45,114.16419607115674,70429.76744186047
950,50,97.79257651327109,78169.30232558139
950,55,84.09893955320665,85908.83720930232
950,60,72.57634093125307,93648.37209302325
950,65,62.69451688748827,101387.90697674418
950,70,54.276574883697826,109127.44186046511
950,75,47.077875303156,116866.97674418605
950,80,40.93306962254251,124606.51162790698
951,5,813.7415561476975,8513.488372093023
951,10,521.7357896245545,16253.023255813954
951,15,386.06298250390233,23992.558139534885
951,20,299.73095184079995,31732.093023255813
951,25,241.89570025650642,39471.62790697675
951,30,198.88796014239261,47211.16279069767
951,35,167.06724650131662,54950.6976744186
951,40,141.230565735133,62690.232558139534
951,45,120.47950748924748,70429.76744186047
951,50,103.48529578655639,78169.30232558139
951,55,88.99376247156782,85908.83720930232
951,60,76.94115632682026,93648.37209302325
951,65,66.47995286624206,101387.90697674418
951,70,57.391093467961966,109127.44186046511
951,75,49.77955546376282,116866.97674418605
951,80,43.31523733500009,124606.51162790698
952,5,799.1928772614796,8513.488372093023
952,10,519.8374012953071,16253.023255813954
952,15,384.21029693725035,23992.558139534885
952,20,298.73273575799175,31732.093023255813
952,25,241.4537918482494,39471.62790697675
952,30,198.82026673546872,47211.16279069767
952,35,166.10584039379114,54950.6976744186
952,40,140.04086719836724,62690.232558139534
952,45,118.96060011354716,70429.76744186047
952,50,101.51894898042495,78169.30232558139
952,55,87.25223426965125,85908.83720930232
952,60,75.24550284958754,93648.37209302325
952,65,64.99995761839426,101387.90697674418
952,70,56.234940488294214,109127.44186046511
952,75,48.77074268448597,116866.97674418605
952,80,42.354809346762,124606.51162790698
953,5,794.5129505454405,8513.488372093023
953,10,516.7548616423364,16253.023255813954
953,15,382.0241871470154,23992.558139534885
953,20,299.7861839228674,31732.093023255813
953,25,241.6264945426999,39471.62790697675
953,30,198.60471584721603,47211.16279069767
953,35,165.01289178492996,54950.6976744186
953,40,138.68837875556122,62690.232558139534
953,45,117.32534855756965,70429.76744186047
953,50,99.89309572060507,78169.30232558139
953,55,85.93197021188887,85908.83720930232
953,60,74.15494839609387,93648.37209302325
953,65,64.11128830651968,101387.90697674418
953,70,55.53402755160177,109127.44186046511
953,75,48.143368771148275,116866.97674418605
953,80,41.88672512452104,124606.51162790698
954,5,786.2255892068864,8513.488372093023
954,10,507.9087043993821,16253.023255813954
954,15,381.57474700361865,23992.558139534885
954,20,299.7764750626658,31732.093023255813
954,25,241.48814063282836,39471.62790697675
954,30,197.252059788222,47211.16279069767
954,35,163.89593312701604,54950.6976744186
954,40,137.6191347567846,62690.232558139534
954,45,116.41203689624845,70429.76744186047
954,50,99.49160000616452,78169.30232558139
954,55,85.46541809434555,85908.83720930232
954,60,73.96114793700491,93648.37209302325
954,65,64.15633838230525,101387.90697674418
954,70,55.6859038448658,109127.44186046511
954,75,48.35006135180968,116866.97674418605
954,80,41.99203920502953,124606.51162790698
955,5,781.1471158913281,8513.488372093023
955,10,515.8954032783361,16253.023255813954
955,15,388.7159652634529,23992.558139534885
955,20,305.945517324575,31732.093023255813
955,25,244.28865140463418,39471.62790697675
955,30,200.7488426980294,47211.16279069767
955,35,167.54421502365062,54950.6976744186
955,40,141.3888234644958,62690.232558139534
955,45,120.33562539577623,70429.76744186047
955,50,102.83103019300522,78169.30232558139
955,55,88.20251480438277,85908.83720930232
955,60,76.04356402336131,93648.37209302325
955,65,65.97953554695688,101387.90697674418
955,70,57.19220349425891,109127.44186046511
955,75,49.67227422844813,116866.97674418605
955,80,43.09345750609151,124606.51162790698
956,5,782.8419421383416,8513.488372093023
956,10,514.7189803229525,16253.023255813954
956,15,381.2343835242311,23992.558139534885
956,20,295.5202789744932,31732.093023255813
956,25,235.20690831651933,39471.62790697675
956,30,190.79741662522875,47211.16279069767
956,35,157.61110349356306,54950.6976744186
956,40,131.813192717927,62690.232558139534
956,45,111.54569189393492,70429.76744186047
956,50,95.0719412954197,78169.30232558139
956,55,81.3901583231619,85908.83720930232
956,60,70.31953513807773,93648.37209302325
956,65,60.85599953333893,101387.90697674418
956,70,52.62921895362725,109127.44186046511
956,75,45.65985783170595,116866.97674418605
956,80,39.580097225728515,124606.51162790698
957,5,798.8145124504681,8513.488372093023
957,10,523.8452148782329,16253.023255813954
957,15,388.1059132915252,23992.558139534885
957,20,299.6719405095435,31732.093023255813
957,25,237.71046739141704,39471.62790697675
957,30,193.36693087281822,47211.16279069767
957,35,160.5552403623481,54950.6976744186
957,40,135.16607390762462,62690.232558139534
957,45,114.82916603574877,70429.76744186047
957,50,98.03222976539244,78169.30232558139
957,55,83.98022955315898,85908.83720930232
957,60,72.23158183996993,93648.37209302325
957,65,62.401243377330026,101387.90697674418
957,70,53.93980000026091,109127.44186046511
957,75,46.789761594885604,116866.97674418605
957,80,40.650121295977115,124606.51162790698
958,5,804.0259382612221,8513.488372093023
958,10,528.6545174405475,16253.023255813954
958,15,390.07038918226255,23992.558139534885
958,20,297.2876587147358,31732.093023255813
958,25,235.88801450844687,39471.62790697675
958,30,192.29894939316165,47211.16279069767
958,35,159.8310562545884,54950.6976744186
958,40,134.98444559519507,62690.232558139534
958,45,115.11453466073081,70429.76744186047
958,50,98.64239731124347,78169.30232558139
958,55,84.70686189982119,85908.83720930232
958,60,72.91671207925233,93648.37209302325
958,65,63.184678775170674,101387.90697674418
958,70,54.84670480636178,109127.44186046511
958,75,47.6632281282202,116866.97674418605
958,80,41.44663933850038,124606.51162790698
959,5,816.5963811502573,8513.488372093023
959,10,531.990649495758,16253.023255813954
959,15,389.4160610018717,23992.558139534885
959,20,297.30488358148637,31732.093023255813
959,25,235.8899023412777,39471.62790697675
959,30,192.83642412208,47211.16279069767
959,35,160.91385408827966,54950.6976744186
959,40,136.5912735396253,62690.232558139534
959,45,116.7297874904932,70429.76744186047
959,50,100.063616255065,78169.30232558139
959,55,86.0705144673846,85908.83720930232
959,60,74.27563784199415,93648.37209302325
959,65,64.26642761685346,101387.90697674418
959,70,55.83408222727404,109127.44186046511
959,75,48.43114911076177,116866.97674418605
959,80,42.16777639192751,124606.51162790698
960,5,816.4888377816557,8513.488372093023
960,10,530.285079579544,16253.023255813954
960,15,390.4662238333756,23992.558139534885
960,20,297.52920267983745,31732.093023255813
960,25,235.18865711619526,39471.62790697675
960,30,190.72820803423738,47211.16279069767
960,35,157.09958803166717,54950.6976744186
960,40,131.96550430486639,62690.232558139534
960,45,112.12511733729978,70429.76744186047
960,50,96.37367669809385,78169.30232558139
960,55,83.15560991614696,85908.83720930232
960,60,71.9773425104799,93648.37209302325
960,65,62.32922092005419,101387.90697674418
960,70,54.0763556031154,109127.44186046511
960,75,46.98822064560267,116866.97674418605
960,80,40.81845631440189,124606.51162790698
961,5,826.9448985532127,8513.488372093023
961,10,530.1951097302243,16253.023255813954
961,15,386.21218268252545,23992.558139534885
961,20,292.3806150278304,31732.093023255813
961,25,229.0330869726266,39471.62790697675
961,30,185.5988169227298,47211.16279069767
961,35,153.41057687370545,54950.6976744186
961,40,128.690942808452,62690.232558139534
961,45,109.20179876502205,70429.76744186047
961,50,93.30231571541094,78169.30232558139
961,55,80.17621871832584,85908.83720930232
961,60,69.16893785233081,93648.37209302325
961,65,60.0359877261163,101387.90697674418
961,70,52.355045184777566,109127.44186046511
961,75,45.60361888246873,116866.97674418605
961,80,39.695060807260724,124606.51162790698
962,5,819.4095664735369,8513.488372093023
962,10,524.2807523348976,16253.023255813954
962,15,379.63523456108413,23992.558139534885
962,20,292.2069163528501,31732.093023255813
962,25,231.6105433572028,39471.62790697675
962,30,186.33551016214122,47211.16279069767
962,35,152.8609067000481,54950.6976744186
962,40,127.71341003579799,62690.232558139534
962,45,108.62668454109247,70429.76744186047
962,50,92.7995275461899,78169.30232558139
962,55,79.7260449296301,85908.83720930232
962,60,68.82985628313769,93648.37209302325
962,65,59.596753044541764,101387.90697674418
962,70,51.65685178421511,109127.44186046511
962,75,44.71271906455245,116866.97674418605
962,80,38.751623316831264,124606.51162790698
963,5,817.2338602186056,8513.488372093023
963,10,518.417644834842,16253.023255813954
963,15,383.29126651276687,23992.558139534885
963,20,295.6710995023935,31732.093023255813
963,25,233.85512710729944,39471.62790697675
963,30,188.31810163932929,47211.16279069767
963,35,155.44399339291115,54950.6976744186
963,40,129.88357345495504,62690.232558139534
963,45,109.94732727131982,70429.76744186047
963,50,93.98087889050369,78169.30232558139
963,55,80.71337964052975,85908.83720930232
963,60,69.55884872495217,93648.37209302325
963,65,60.09950974593409,101387.90697674418
963,70,52.11960586760927,109127.44186046511
963,75,45.2724813637493,116866.97674418605
963,80,39.22236951367447,124606.51162790698
964,5,799.6647360649865,8513.488372093023
964,10,507.19136352502505,16253.023255813954
964,15,375.8363724478357,23992.558139534885
964,20,287.2492962470418,31732.093023255813
964,25,226.53388551796036,39471.62790697675
964,30,183.58188856201684,47211.16279069767
964,35,151.51163782746872,54950.6976744186
964,40,127.37700639906414,62690.232558139534
964,45,107.60495833751791,70429.76744186047
964,50,91.6760033939499,78169.30232558139
964,55,78.46028535360732,85908.83720930232
964,60,67.40812040235541,93648.37209302325
964,65,58.11204922730163,101387.90697674418
964,70,50.15785353206288,109127.44186046511
964,75,43.28141614479748,116866.97674418605
964,80,37.388400960627564,124606.51162790698
965,5,798.8155907145774,8513.488372093023
965,10,518.0931304732801,16253.023255813954
965,15,378.65054498140904,23992.558139534885
965,20,290.2609272792928,31732.093023255813
965,25,229.01693602330465,39471.62790697675
965,30,185.26866420486354,47211.16279069767
965,35,152.92961460778247,54950.6976744186
965,40,127.43785322312736,62690.232558139534
965,45,108.06820044921847,70429.76744186047
965,50,91.97704380196645,78169.30232558139
965,55,78.66058206307457,85908.83720930232
965,60,67.73059842897584,93648.37209302325
965,65,58.48482241660419,101387.90697674418
965,70,50.63915240708681,109127.44186046511
965,75,43.7917209193293,116866.97674418605
965,80,37.853131873473664,124606.51162790698
966,5,782.6231667673711,8513.488372093023
966,10,514.6529927182722,16253.023255813954
966,15,375.1251048595777,23992.558139534885
966,20,286.62631137066217,31732.093023255813
966,25,225.8618548876399,39471.62790697675
966,30,182.2724929281011,47211.16279069767
966,35,150.32330955563984,54950.6976744186
966,40,125.59943108558323,62690.232558139534
966,45,106.08944977308751,70429.76744186047
966,50,89.96278742454794,78169.30232558139
966,55,76.63829691207664,85908.83720930232
966,60,65.69739702247178,93648.37209302325
966,65,56.63165702374554,101387.90697674418
966,70,48.88294063070849,109127.44186046511
966,75,42.293858118184524,116866.97674418605
966,80,36.601309171833165,124606.51162790698
967,5,771.814548078647,8513.488372093023
967,10,509.39424534306846,16253.023255813954
967,15,370.88511572971277,23992.558139534885
967,20,285.1652195509107,31732.093023255813
967,25,225.51370533704568,39471.62790697675
967,30,183.0321437232689,47211.16279069767
967,35,151.72947591572182,54950.6976744186
967,40,127.27812021907597,62690.232558139534
967,45,107.93420556439851,70429.76744186047
967,50,92.23159910631898,78169.30232558139
967,55,79.27107527325009,85908.83720930232
967,60,68.55013673440467,93648.37209302325
967,65,59.31308685833245,101387.90697674418
967,70,51.33647994026669,109127.44186046511
967,75,44.57897960965829,116866.97674418605
967,80,38.72595441875049,124606.51162790698
968,5,755.9848920594306,8513.488372093023
968,10,498.0862284335118,16253.023255813954
968,15,363.6926244932183,23992.558139534885
968,20,280.37554465508026,31732.093023255813
968,25,220.54121825052653,39471.62790697675
968,30,177.79497247226485,47211.16279069767
968,35,146.17163521941387,54950.6976744186
968,40,122.1071951371042,62690.232558139534
968,45,103.630292801022,70429.76744186047
968,50,88.786826591328,78169.30232558139
968,55,76.30541503103548,85908.83720930232
968,60,65.72867391756694,93648.37209302325
968,65,56.80143881067903,101387.90697674418
968,70,49.132107380365895,109127.44186046511
968,75,42.47051993013164,116866.97674418605
968,80,36.723234981615974,124606.51162790698
969,5,753.0733652395653,8513.488372093023
969,10,489.6258926162491,16253.023255813954
969,15,357.8047805919716,23992.558139534885
969,20,275.65176038993445,31732.093023255813
969,25,218.62916925238514,39471.62790697675
969,30,177.28268416142862,47211.16279069767
969,35,146.4778181657831,54950.6976744186
969,40,123.25209594760733,62690.232558139534
969,45,104.79235702609316,70429.76744186047
969,50,89.35849096678932,78169.30232558139
969,55,76.64308895795263,85908.83720930232
969,60,65.92051454450433,93648.37209302325
969,65,56.90970071393748,101387.90697674418
969,70,49.375519644630224,109127.44186046511
969,75,42.813293548284705,116866.97674418605
969,80,37.159580551927135,124606.51162790698
970,5,781.7076745499245,8513.488372093023
970,10,511.21361484367645,16253.023255813954
970,15,373.505638207669,23992.558139534885
970,20,287.8822363527207,31732.093023255813
970,25,227.50695987763294,39471.62790697675
970,30,184.18508516363158,47211.16279069767
970,35,152.81581791459502,54950.6976744186
970,40,128.83427040295078,62690.232558139534
970,45,109.69291098138824,70429.76744186047
970,50,93.76271675012674,78169.30232558139
970,55,80.70721311731972,85908.83720930232
970,60,69.66404598627032,93648.37209302325
970,65,60.3886837244278,101387.90697674418
970,70,52.327214068292314,109127.44186046511
970,75,45.38636907492995,116866.97674418605
970,80,39.48054775997677,124606.51162790698
971,5,783.5776975911522,8513.488372093023
971,10,510.24519268981817,16253.023255813954
971,15,375.25315210168634,23992.558139534885
971,20,285.34713341571694,31732.093023255813
971,25,224.55073608467632,39471.62790697675
971,30,182.13676109510584,47211.16279069767
971,35,151.02077101354777,54950.6976744186
971,40,127.29002479784519,62690.232558139534
971,45,108.46977313384956,70429.76744186047
971,50,93.12340326030397,78169.30232558139
971,55,80.27133813040071,85908.83720930232
971,60,69.5221962763323,93648.37209302325
971,65,60.24061430987016,101387.90697674418
971,70,52.30636764295103,109127.44186046511
971,75,45.42703720606381,116866.97674418605
971,80,39.409608557254636,124606.51162790698
972,5,771.9283221052124,8513.488372093023
972,10,506.73231459485044,16253.023255813954
972,15,372.5330832935849,23992.558139534885
972,20,283.5751329897604,31732.093023255813
972,25,222.74249755129816,39471.62790697675
972,30,181.04612561395032,47211.16279069767
972,35,149.94604943306254,54950.6976744186
972,40,126.52814712981188,62690.232558139534
972,45,108.15647692332375,70429.76744186047
972,50,93.0803000699944,78169.30232558139
972,55,80.4327622947065,85908.83720930232
972,60,69.68818581428398,93648.37209302325
972,65,60.474400303281335,101387.90697674418
972,70,52.49058959547124,109127.44186046511
972,75,45.74069282368786,116866.97674418605
972,80,39.84207975025835,124606.51162790698
973,5,758.2315213285898,8513.488372093023
973,10,494.36705507679164,16253.023255813954
973,15,364.75060652509256,23992.558139534885
973,20,282.8836412174265,31732.093023255813
973,25,226.214283453456,39471.62790697675
973,30,184.78025419794,47211.16279069767
973,35,153.5068397023981,54950.6976744186
973,40,129.79239924346072,62690.232558139534
973,45,110.91190985301743,70429.76744186047
973,50,95.3281342340639,78169.30232558139
973,55,82.44604232353791,85908.83720930232
973,60,71.39402785191905,93648.37209302325
973,65,61.9709858960647,101387.90697674418
973,70,53.97648126283068,109127.44186046511
973,75,47.04067901070616,116866.97674418605
973,80,40.9667778606408,124606.51162790698
974,5,741.5329487484802,8513.488372093023
974,10,477.2136693724132,16253.023255813954
974,15,347.3801433114131,23992.558139534885
974,20,266.83927308664715,31732.093023255813
974,25,214.64090558129385,39471.62790697675
974,30,176.91410941736174,47211.16279069767
974,35,148.23663152674808,54950.6976744186
974,40,125.40517212598044,62690.232558139534
974,45,106.76715042099572,70429.76744186047
974,50,91.68448276249025,78169.30232558139
974,55,79.15900328931147,85908.83720930232
974,60,68.72192636931268,93648.37209302325
974,65,59.696684515722716,101387.90697674418
974,70,51.965885826953276,109127.44186046511
974,75,45.28146307456118,116866.97674418605
974,80,39.444157050369924,124606.51162790698
975,5,727.17036624298,8513.488372093023
975,10,470.0202440193146,16253.023255813954
975,15,347.6947500541946,23992.558139534885
975,20,270.9827231385953,31732.093023255813
975,25,218.55995184386796,39471.62790697675
975,30,179.50848669289704,47211.16279069767
975,35,150.97191892607367,54950.6976744186
975,40,128.5696017308302,62690.232558139534
975,45,110.45814648388061,70429.76744186047
975,50,95.30057854734741,78169.30232558139
975,55,82.63404683326631,85908.83720930232
975,60,71.8880652975541,93648.37209302325
975,65,62.58775807474062,101387.90697674418
975,70,54.61057097299129,109127.44186046511
975,75,47.70231752362065,116866.97674418605
975,80,41.65030891127599,124606.51162790698
976,5,710.0697006275167,8513.488372093023
976,10,461.15461422333027,16253.023255813954
976,15,341.31843957017594,23992.558139534885
976,20,265.78427046614286,31732.093023255813
976,25,213.9430487178508,39471.62790697675
976,30,176.22874373404778,47211.16279069767
976,35,147.8478064311597,54950.6976744186
976,40,125.94430463613611,62690.232558139534
976,45,107.91352690049087,70429.76744186047
976,50,93.04438875274666,78169.30232558139
976,55,80.62321247597986,85908.83720930232
976,60,69.995530510739,93648.37209302325
976,65,60.83099768288274,101387.90697674418
976,70,52.92739098375764,109127.44186046511
976,75,46.133207293823965,116866.97674418605
976,80,40.22007014891516,124606.51162790698
977,5,716.1387930880961,8513.488372093023
977,10,464.95431996155423,16253.023255813954
977,15,347.93172539085145,23992.558139534885
977,20,273.77209678909344,31732.093023255813
977,25,220.17708473133408,39471.62790697675
977,30,180.95360611680687,47211.16279069767
977,35,151.14556693208988,54950.6976744186
977,40,128.44906334453222,62690.232558139534
977,45,110.03789312422909,70429.76744186047
977,50,94.98518898924723,78169.30232558139
977,55,82.4808598131709,85908.83720930232
977,60,71.9361394055467,93648.37209302325
977,65,62.68902877115986,101387.90697674418
977,70,54.748985643628465,109127.44186046511
977,75,47.85254721723264,116866.97674418605
977,80,41.77286444664209,124606.51162790698
978,5,712.3838165850982,8513.488372093023
978,10,459.19094584833397,16253.023255813954
978,15,343.2452399320836,23992.558139534885
978,20,267.123313185736,31732.093023255813
978,25,213.50271358102523,39471.62790697675
978,30,176.3000160357801,47211.16279069767
978,35,148.45743581389232,54950.6976744186
978,40,126.00167320834903,62690.232558139534
978,45,108.04529320912215,70429.76744186047
978,50,93.38548553269894,78169.30232558139
978,55,80.96836280707208,85908.83720930232
978,60,70.41756829527232,93648.37209302325
978,65,61.237606337189504,101387.90697674418
978,70,53.43718751361886,109127.44186046511
978,75,46.66118685163865,116866.97674418605
978,80,40.8529102277048,124606.51162790698
979,5,724.1177518635095,8513.488372093023
979,10,468.89159002532864,16253.023255813954
979,15,347.3370488131898,23992.558139534885
979,20,272.09682902625093,31732.093023255813
979,25,218.45535214511818,39471.62790697675
979,30,180.39047349692254,47211.16279069767
979,35,151.67272090878532,54950.6976744186
979,40,128.94269921251794,62690.232558139534
979,45,111.1870572507025,70429.76744186047
979,50,96.3550435161573,78169.30232558139
979,55,83.84006589183902,85908.83720930232
979,60,73.17017276231759,93648.37209302325
979,65,63.97766692154233,101387.90697674418
979,70,55.88971649969041,109127.44186046511
979,75,48.7721012962877,116866.97674418605
979,80,42.571006147832904,124606.51162790698
980,5,706.5524842415232,8513.488372093023
980,10,458.6511361687336,16253.023255813954
980,15,340.72757866903726,23992.558139534885
980,20,267.4018782283303,31732.093023255813
980,25,214.83262440731428,39471.62790697675
980,30,175.54066415682738,47211.16279069767
980,35,146.3698354349182,54950.6976744186
980,40,124.17079564966012,62690.232558139534
980,45,106.56795209135292,70429.76744186047
980,50,91.85758680136374,78169.30232558139
980,55,79.6243066877592,85908.83720930232
980,60,69.39719231435356,93648.37209302325
980,65,60.38385046872759,101387.90697674418
980,70,52.575143357659805,109127.44186046511
980,75,45.737601119398995,116866.97674418605
980,80,39.78739087109329,124606.51162790698
981,5,710.3684903547345,8513.488372093023
981,10,469.75067311072496,16253.023255813954
981,15,351.0785119992347,23992.558139534885
981,20,275.15920005738275,31732.093023255813
981,25,221.39203069942485,39471.62790697675
981,30,182.9058324384161,47211.16279069767
981,35,154.43474692553175,54950.6976744186
981,40,131.65627737108213,62690.232558139534
981,45,112.8353244516722,70429.76744186047
981,50,97.42159052986491,78169.30232558139
981,55,84.41385149792596,85908.83720930232
981,60,73.3900415126746,93648.37209302325
981,65,63.916703723146675,101387.90697674418
981,70,55.78134981706822,109127.44186046511
981,75,48.69499693120877,116866.97674418605
981,80,42.516149290829645,124606.51162790698
982,5,704.6130467858599,8513.488372093023
982,10,468.54600020458656,16253.023255813954
982,15,349.69364966749157,23992.558139534885
982,20,273.42652468242886,31732.093023255813
982,25,219.74232341244704,39471.62790697675
982,30,182.15704050668484,47211.16279069767
982,35,154.6466171111978,54950.6976744186
982,40,131.5080050333759,62690.232558139534
982,45,112.50163901527617,70429.76744186047
982,50,96.90699700340879,78169.30232558139
982,55,83.9350632727064,85908.83720930232
982,60,72.97453438110402,93648.37209302325
982,65,63.638206157641854,101387.90697674418
982,70,55.56823148008614,109127.44186046511
982,75,48.55830110007384,116866.97674418605
982,80,42.44599983486431,124606.51162790698
983,5,709.6218699795525,8513.488372093023
983,10,471.4384019180594,16253.023255813954
983,15,352.3740911049453,23992.558139534885
983,20,278.39801253799277,31732.093023255813
983,25,226.50778675246445,39471.62790697675
983,30,188.88684760501843,47211.16279069767
983,35,159.70601502879146,54950.6976744186
983,40,135.8264755610554,62690.232558139534
983,45,116.69619431905903,70429.76744186047
983,50,100.92525553621675,78169.30232558139
983,55,87.46924466434197,85908.83720930232
983,60,75.85163200162914,93648.37209302325
983,65,65.91616673451247,101387.90697674418
983,70,57.34059631923209,109127.44186046511
983,75,49.90517274482625,116866.97674418605
983,80,43.54954449633828,124606.51162790698
984,5,692.6364232806554,8513.488372093023
984,10,455.52830349057933,16253.023255813954
984,15,337.73402606850243,23992.558139534885
984,20,265.11259350815806,31732.093023255813
984,25,214.5912935197849,39471.62790697675
984,30,177.31802235433477,47211.16279069767
984,35,150.14603010113896,54950.6976744186
984,40,128.28565024419498,62690.232558139534
984,45,110.32146266009015,70429.76744186047
984,50,95.23669411686778,78169.30232558139
984,55,82.39553708557104,85908.83720930232
984,60,71.53632793041771,93648.37209302325
984,65,62.19937216310616,101387.90697674418
984,70,54.356222412157,109127.44186046511
984,75,47.499102357146185,116866.97674418605
984,80,41.47616175512397,124606.51162790698
985,5,681.6286561967848,8513.488372093023
985,10,456.5331782848351,16253.023255813954
985,15,339.083194685366,23992.558139534885
985,20,267.64420357279096,31732.093023255813
985,25,217.97499706715732,39471.62790697675
985,30,181.5823648382661,47211.16279069767
985,35,153.52906200678578,54950.6976744186
985,40,130.43536264252776,62690.232558139534
985,45,112.08533845537683,70429.76744186047
985,50,97.12000537395345,78169.30232558139
985,55,84.31196463262872,85908.83720930232
985,60,73.4791311521385,93648.37209302325
985,65,64.06533144316992,101387.90697674418
985,70,55.820259452159505,109127.44186046511
985,75,48.701505465943455,116866.97674418605
985,80,42.451370684424994,124606.51162790698
986,5,693.4264386207401,8513.488372093023
986,10,469.6119857539028,16253.023255813954
986,15,352.3058671578798,23992.558139534885
986,20,282.48567320109464,31732.093023255813
986,25,231.47558249178348,39471.62790697675
986,30,193.00818826553774,47211.16279069767
986,35,162.7969787989249,54950.6976744186
986,40,138.58666016730078,62690.232558139534
986,45,118.71287697695831,70429.76744186047
986,50,102.40280402153869,78169.30232558139
986,55,88.86798524146893,85908.83720930232
986,60,77.23777089285699,93648.37209302325
986,65,67.2020969614976,101387.90697674418
986,70,58.50998147675678,109127.44186046511
986,75,50.99460828485786,116866.97674418605
986,80,44.48965533764001,124606.51162790698
987,5,682.1798452690928,8513.488372093023
987,10,458.959310786435,16253.023255813954
987,15,343.9733092534878,23992.558139534885
987,20,273.5230138492724,31732.093023255813
987,25,221.4554943676793,39471.62790697675
987,30,183.67503980910715,47211.16279069767
987,35,154.3790991859383,54950.6976744186
987,40,131.27555295680872,62690.232558139534
987,45,112.55966007508064,70429.76744186047
987,50,97.00801550256989,78169.30232558139
987,55,84.04394832462701,85908.83720930232
987,60,73.11493977200779,93648.37209302325
987,65,63.59796590909546,101387.90697674418
987,70,55.43615433221116,109127.44186046511
987,75,48.200628859933325,116866.97674418605
987,80,41.90567056100076,124606.51162790698
988,5,677.998920306909,8513.488372093023
988,10,465.6146363736117,16253.023255813954
988,15,351.67563033234967,23992.558139534885
988,20,277.69343236650303,31732.093023255813
988,25,225.588731937829,39471.62790697675
988,30,187.7415214539116,47211.16279069767
988,35,157.7412242433656,54950.6976744186
988,40,133.82149114869827,62690.232558139534
988,45,114.11450612271051,70429.76744186047
988,50,98.32385653112753,78169.30232558139
988,55,85.00596504181624,85908.83720930232
988,60,73.67834538319462,93648.37209302325
988,65,63.833128373602186,101387.90697674418
988,70,55.498434078807314,109127.44186046511
988,75,48.29181941331994,116866.97674418605
988,80,41.99500415189583,124606.51162790698
989,5,695.487843412988,8513.488372093023
989,10,476.0843008099847,16253.023255813954
989,15,356.5080657590819,23992.558139534885
989,20,280.4247561212054,31732.093023255813
989,25,227.88498019314176,39471.62790697675
989,30,189.87925856369773,47211.16279069767
989,35,160.02316313041317,54950.6976744186
989,40,135.87779912232224,62690.232558139534
989,45,116.04331674855692,70429.76744186047
989,50,99.71889501324219,78169.30232558139
989,55,86.259851536411,85908.83720930232
989,60,74.88543467869029,93648.37209302325
989,65,65.01648220927152,101387.90697674418
989,70,56.572911275210984,109127.44186046511
989,75,49.46044542597516,116866.97674418605
989,80,43.21947544750156,124606.51162790698
990,5,706.4711392480649,8513.488372093023
990,10,488.1957030582343,16253.023255813954
990,15,369.88765180455925,23992.558139534885
990,20,292.1834893325199,31732.093023255813
990,25,239.24706487380078,39471.62790697675
990,30,199.37290666341733,47211.16279069767
990,35,168.230377562969,54950.6976744186
990,40,143.35944694444854,62690.232558139534
990,45,122.64339642553595,70429.76744186047
990,50,105.81650093636718,78169.30232558139
990,55,91.36781579220809,85908.83720930232
990,60,79.06936712757512,93648.37209302325
990,65,68.83676662901883,101387.90697674418
990,70,59.99245299825928,109127.44186046511
990,75,52.29963590434067,116866.97674418605
990,80,45.52153190997106,124606.51162790698
991,5,727.4836898318041,8513.488372093023
991,10,507.1029747756992,16253.023255813954
991,15,383.70127377905743,23992.558139534885
991,20,303.30676010355387,31732.093023255813
991,25,248.06341042509456,39471.62790697675
991,30,205.57061975476714,47211.16279069767
991,35,173.37833805903352,54950.6976744186
991,40,147.95976538043655,62690.232558139534
991,45,127.62659643202196,70429.76744186047
991,50,110.3250545836929,78169.30232558139
991,55,95.67725192046075,85908.83720930232
991,60,83.2359923738472,93648.37209302325
991,65,72.48714475986657,101387.90697674418
991,70,63.34362869434106,109127.44186046511
991,75,55.32945000610865,116866.97674418605
991,80,48.18862277019169,124606.51162790698
992,5,720.9815050733789,8513.488372093023
992,10,499.1027994463633,16253.023255813954
992,15,378.6120363474306,23992.558139534885
992,20,301.09786148947495,31732.093023255813
992,25,245.6735469184702,39471.62790697675
992,30,204.19884304105796,47211.16279069767
992,35,171.3570518393525,54950.6976744186
992,40,146.27070551724162,62690.232558139534
992,45,125.76186574069672,70429.76744186047
992,50,108.64290511990859,78169.30232558139
992,55,94.32629533793454,85908.83720930232
992,60,82.15680137237193,93648.37209302325
992,65,71.58375139296191,101387.90697674418
992,70,62.47652868858789,109127.44186046511
992,75,54.5385629677513,116866.97674418605
992,80,47.64718475889505,124606.51162790698
993,5,724.5088416597266,8513.488372093023
993,10,498.638020237856,16253.023255813954
993,15,378.8091933862575,23992.558139534885
993,20,301.008965929171,31732.093023255813
993,25,244.45804568339958,39471.62790697675
993,30,203.80867176424158,47211.16279069767
993,35,172.1720237714197,54950.6976744186
993,40,147.0938016618291,62690.232558139534
993,45,126.47913839640425,70429.76744186047
993,50,109.18620393429406,78169.30232558139
993,55,94.71072040767801,85908.83720930232
993,60,82.56078844125793,93648.37209302325
993,65,71.98659275585528,101387.90697674418
993,70,62.83228576743554,109127.44186046511
993,75,54.93739976825737,116866.97674418605
993,80,47.995342668929354,124606.51162790698
994,5,727.0140151546857,8513.488372093023
994,10,492.3711341111951,16253.023255813954
994,15,367.50976930000667,23992.558139534885
994,20,291.0779355966489,31732.093023255813
994,25,237.26645442166597,39471.62790697675
994,30,197.4953417500187,47211.16279069767
994,35,166.5606666438471,54950.6976744186
994,40,142.0278546485248,62690.232558139534
994,45,121.74834248507923,70429.76744186047
994,50,105.13540326115739,78169.30232558139
994,55,91.20975371204447,85908.83720930232
994,60,79.19712632500742,93648.37209302325
994,65,68.78944872070635,101387.90697674418
994,70,59.905861315465216,109127.44186046511
994,75,52.25680482123727,116866.97674418605
994,80,45.6206194513621,124606.51162790698
995,5,747.8314251868029,8513.488372093023
995,10,506.0758512175823,16253.023255813954
995,15,377.4882559902393,23992.558139534885
995,20,296.50290529016206,31732.093023255813
995,25,243.35190826983805,39471.62790697675
995,30,202.41698924516555,47211.16279069767
995,35,170.44719268841894,54950.6976744186
995,40,145.05889624111109,62690.232558139534
995,45,124.7269964618552,70429.76744186047
995,50,107.6068899506927,78169.30232558139
995,55,93.34695376783596,85908.83720930232
995,60,81.19472726801315,93648.37209302325
995,65,70.78357312374726,101387.90697674418
995,70,61.83745922494456,109127.44186046511
995,75,54.068603554773816,116866.97674418605
995,80,47.29811066068171,124606.51162790698
996,5,752.4765623744975,8513.488372093023
996,10,506.67033211253766,16253.023255813954
996,15,375.7841176352864,23992.558139534885
996,20,293.4285684854483,31732.093023255813
996,25,239.46972633212917,39471.62790697675
996,30,199.61293581786336,47211.16279069767
996,35,167.41629746990847,54950.6976744186
996,40,142.27304791167717,62690.232558139534
996,45,122.54226629669196,70429.76744186047
996,50,105.86411710580215,78169.30232558139
996,55,91.7077079572876,85908.83720930232
996,60,79.75442364735068,93648.37209302325
996,65,69.41100978516245,101387.90697674418
996,70,60.494400301396425,109127.44186046511
996,75,52.72208387561036,116866.97674418605
996,80,45.986803455315886,124606.51162790698
997,5,752.0655738817654,8513.488372093023
997,10,502.05216034265646,16253.023255813954
997,15,373.1241710912715,23992.558139534885
997,20,295.91614016117967,31732.093023255813
997,25,243.17331399723037,39471.62790697675
997,30,201.64673226963995,47211.16279069767
997,35,169.659588304796,54950.6976744186
997,40,144.62026524280455,62690.232558139534
997,45,124.39753051982144,70429.76744186047
997,50,106.88487032173852,78169.30232558139
997,55,92.44136168584511,85908.83720930232
997,60,80.33111466253229,93648.37209302325
997,65,70.06031114768338,101387.90697674418
997,70,61.14076911326042,109127.44186046511
997,75,53.41930794755648,116866.97674418605
997,80,46.65935820366325,124606.51162790698
998,5,741.5652578329169,8513.488372093023
998,10,487.1598985080992,16253.023255813954
998,15,363.4653822064962,23992.558139534885
998,20,285.53069720907,31732.093023255813
998,25,233.16620870029826,39471.62790697675
998,30,192.86946066198388,47211.16279069767
998,35,162.17788372932907,54950.6976744186
998,40,137.843993085802,62690.232558139534
998,45,118.68606908208176,70429.76744186047
998,50,102.86154841638046,78169.30232558139
998,55,89.33139123511152,85908.83720930232
998,60,77.61980111148819,93648.37209302325
998,65,67.66267630111787,101387.90697674418
998,70,59.082519089933115,109127.44186046511
998,75,51.55640324217383,116866.97674418605
998,80,44.898393604781795,124606.51162790698
999,5,745.1650381068544,8513.488372093023
999,10,495.9666507572916,16253.023255813954
999,15,370.5844410520961,23992.558139534885
999,20,291.9828889701142,31732.093023255813
999,25,240.20414258269588,39471.62790697675
999,30,200.01997057093362,47211.16279069767
999,35,168.9839082548461,54950.6976744186
999,40,144.49144517575647,62690.232558139534
999,45,124.66405866732023,70429.76744186047
999,50,107.84339595681465,78169.30232558139
999,55,93.30282843919642,85908.83720930232
999,60,81.10215699429237,93648.37209302325
999,65,70.6127643969719,101387.90697674418
999,70,61.62711817769994,109127.44186046511
999,75,53.82717729701771,116866.97674418605
999,80,47.06459161872145,124606.51162790698
1000,5,719.9883419021957,8513.488372093023
1000,10,482.81300309164,16253.023255813954
1000,15,354.236668579672,23992.558139534885
1000,20,279.5818821280055,31732.093023255813
1000,25,228.5151487241466,39471.62790697675
1000,30,190.40717427461237,47211.16279069767
1000,35,160.35647230691723,54950.6976744186
1000,40,136.55232292039543,62690.232558139534
1000,45,116.90422963655176,70429.76744186047
1000,50,100.76162951460306,78169.30232558139
1000,55,87.16876727801834,85908.83720930232
1000,60,75.73244205754996,93648.37209302325
1000,65,65.97296416486108,101387.90697674418
1000,70,57.63549626752338,109127.44186046511
1000,75,50.4498813203546,116866.97674418605
1000,80,44.208422173962255,124606.51162790698
1001,5,698.1827413592466,8513.488372093023
1001,10,465.4661128498604,16253.023255813954
1001,15,345.33212453689345,23992.558139534885
1001,20,275.01611165918894,31732.093023255813
1001,25,227.00191671491217,39471.62790697675
1001,30,190.12089282581576,47211.16279069767
1001,35,161.19400388171252,54950.6976744186
1001,40,137.78529268959986,62690.232558139534
1001,45,118.17454608271191,70429.76744186047
1001,50,102.23736305830457,78169.30232558139
1001,55,88.83807081251032,85908.83720930232
1001,60,77.29454722086619,93648.37209302325
1001,65,67.45256152766756,101387.90697674418
1001,70,58.81041983854186,109127.44186046511
1001,75,51.29419721704925,116866.97674418605
1001,80,44.843183698305054,124606.51162790698
1002,5,670.0292751594018,8513.488372093023
1002,10,438.4362128616149,16253.023255813954
1002,15,325.7862464625525,23992.558139534885
1002,20,261.1072554744558,31732.093023255813
1002,25,216.16261618058903,39471.62790697675
1002,30,181.28287988607715,47211.16279069767
1002,35,153.47885908668707,54950.6976744186
1002,40,131.47308510283435,62690.232558139534
1002,45,113.17348376478223,70429.76744186047
1002,50,97.87908516634215,78169.30232558139
1002,55,85.26315263568458,85908.83720930232
1002,60,74.40090162112699,93648.37209302325
1002,65,65.04491161185666,101387.90697674418
1002,70,56.7438783166322,109127.44186046511
1002,75,49.697689239061795,116866.97674418605
1002,80,43.52279916076113,124606.51162790698
1003,5,673.6777775355717,8513.488372093023
1003,10,436.88188643136215,16253.023255813954
1003,15,323.189194543419,23992.558139534885
1003,20,258.4113000251229,31732.093023255813
1003,25,213.2781914571729,39471.62790697675
1003,30,179.65227715470706,47211.16279069767
1003,35,152.84524070452088,54950.6976744186
1003,40,131.0159766116366,62690.232558139534
1003,45,113.18573066861123,70429.76744186047
1003,50,98.45822805723452,78169.30232558139
1003,55,85.91434208961955,85908.83720930232
1003,60,75.01476483096678,93648.37209302325
1003,65,65.49550479356111,101387.90697674418
1003,70,57.09900774477345,109127.44186046511
1003,75,49.78401374368995,116866.97674418605
1003,80,43.403566510271155,124606.51162790698
1004,5,640.6674571629723,8513.488372093023
1004,10,420.3507381360251,16253.023255813954
1004,15,311.63610343976455,23992.558139534885
1004,20,246.27792651146706,31732.093023255813
1004,25,202.38411360280122,39471.62790697675
1004,30,170.4410392765785,47211.16279069767
1004,35,144.55821705540504,54950.6976744186
1004,40,123.74918114425293,62690.232558139534
1004,45,106.40484719872508,70429.76744186047
1004,50,92.10575594260666,78169.30232558139
1004,55,80.02177897642119,85908.83720930232
1004,60,69.70378698307252,93648.37209302325
1004,65,60.87140280283701,101387.90697674418
1004,70,53.049257270670736,109127.44186046511
1004,75,46.36679346996634,116866.97674418605
1004,80,40.50453108798997,124606.51162790698
1005,5,622.0965714612395,8513.488372093023
1005,10,409.81472063053286,16253.023255813954
1005,15,304.1977392789318,23992.558139534885
1005,20,242.04893548721236,31732.093023255813
1005,25,199.83184239928536,39471.62790697675
1005,30,167.27237443988327,47211.16279069767
1005,35,141.91288069972035,54950.6976744186
1005,40,121.76407122054287,62690.232558139534
1005,45,105.05779919665831,70429.76744186047
1005,50,91.07774782394064,78169.30232558139
1005,55,79.08585218123953,85908.83720930232
1005,60,68.87385942243128,93648.37209302325
1005,65,60.06488526312547,101387.90697674418
1005,70,52.434606812973534,109127.44186046511
1005,75,45.85833146830762,116866.97674418605
1005,80,40.03848052667926,124606.51162790698
1006,5,603.5818373753295,8513.488372093023
1006,10,393.1663932106736,16253.023255813954
1006,15,292.8087239625701,23992.558139534885
1006,20,232.8695010701279,31732.093023255813
1006,25,191.78195459558182,39471.62790697675
1006,30,160.5290402722291,47211.16279069767
1006,35,136.23374709938656,54950.6976744186
1006,40,116.8437895509752,62690.232558139534
1006,45,100.91962972009112,70429.76744186047
1006,50,87.3842611028423,78169.30232558139
1006,55,75.79747871684056,85908.83720930232
1006,60,66.1666922188903,93648.37209302325
1006,65,57.76425690240358,101387.90697674418
1006,70,50.341817570531454,109127.44186046511
1006,75,43.951131773447194,116866.97674418605
1006,80,38.33023896654097,124606.51162790698
1007,5,599.811699444008,8513.488372093023
1007,10,391.70666880860824,16253.023255813954
1007,15,292.3060663962219,23992.558139534885
1007,20,233.7676446733267,31732.093023255813
1007,25,193.25110538157347,39471.62790697675
1007,30,162.34587142846806,47211.16279069767
1007,35,138.10609898398172,54950.6976744186
1007,40,118.18275592912322,62690.232558139534
1007,45,101.79109817322737,70429.76744186047
1007,50,87.73736036582159,78169.30232558139
1007,55,76.02163426383918,85908.83720930232
1007,60,66.0961925386026,93648.37209302325
1007,65,57.656897007602105,101387.90697674418
1007,70,50.38180804690022,109127.44186046511
1007,75,43.9829790901449,116866.97674418605
1007,80,38.3317693863649,124606.51162790698
1008,5,596.5301297982172,8513.488372093023
1008,10,384.67050195268115,16253.023255813954
1008,15,284.76383636024894,23992.558139534885
1008,20,226.23362865523688,31732.093023255813
1008,25,185.84255483026675,39471.62790697675
1008,30,155.7873379902983,47211.16279069767
1008,35,132.39051595056384,54950.6976744186
1008,40,113.40114251355989,62690.232558139534
1008,45,97.78705944590423,70429.76744186047
1008,50,84.61996107197159,78169.30232558139
1008,55,73.53764002171512,85908.83720930232
1008,60,63.94136223068147,93648.37209302325
1008,65,55.642809287246486,101387.90697674418
1008,70,48.542013998094255,109127.44186046511
1008,75,42.3619964248105,116866.97674418605
1008,80,36.8800013840232,124606.51162790698
1009,5,611.7940947014293,8513.488372093023
1009,10,394.65205502619574,16253.023255813954
1009,15,288.21916887636877,23992.558139534885
1009,20,228.42829308196718,31732.093023255813
1009,25,185.5235508012484,39471.62790697675
1009,30,154.56337254308113,47211.16279069767
1009,35,130.37612683040456,54950.6976744186
1009,40,111.25123492865264,62690.232558139534
1009,45,95.43908306702382,70429.76744186047
1009,50,82.38212827691027,78169.30232558139
1009,55,71.48239989358929,85908.83720930232
1009,60,62.0900678121042,93648.37209302325
1009,65,53.968614966069936,101387.90697674418
1009,70,46.84573871726928,109127.44186046511
1009,75,40.70849914071933,116866.97674418605
1009,80,35.40661972842139,124606.51162790698
1010,5,630.0258153596067,8513.488372093023
1010,10,408.73611003972593,16253.023255813954
1010,15,302.4962394490377,23992.558139534885
1010,20,240.72121563627798,31732.093023255813
1010,25,197.19252151680774,39471.62790697675
1010,30,164.61984032594017,47211.16279069767
1010,35,138.52326172830172,54950.6976744186
1010,40,117.81690499072542,62690.232558139534
1010,45,101.10927234947977,70429.76744186047
1010,50,87.2668884610412,78169.30232558139
1010,55,75.77990719799446,85908.83720930232
1010,60,65.91848278765356,93648.37209302325
1010,65,57.40589393566971,101387.90697674418
1010,70,50.04697382704796,109127.44186046511
1010,75,43.579701896586435,116866.97674418605
1010,80,37.90980664354558,124606.51162790698
1011,5,645.188747466906,8513.488372093023
1011,10,419.60795825729093,16253.023255813954
1011,15,310.17385344273634,23992.558139534885
1011,20,242.4248621473841,31732.093023255813
1011,25,196.96519871292256,39471.62790697675
1011,30,163.31507654000052,47211.16279069767
1011,35,136.4824189190386,54950.6976744186
1011,40,115.42829723568497,62690.232558139534
1011,45,98.73064976654003,70429.76744186047
1011,50,85.3104003422572,78169.30232558139
1011,55,73.8530833281376,85908.83720930232
1011,60,63.913178186189995,93648.37209302325
1011,65,55.49717465907345,101387.90697674418
1011,70,48.25349915032075,109127.44186046511
1011,75,41.807792770201765,116866.97674418605
1011,80,36.05991942507306,124606.51162790698
1012,5,655.3794015705208,8513.488372093023
1012,10,427.14563388614823,16253.023255813954
1012,15,313.78811707536516,23992.558139534885
1012,20,242.35644508416976,31732.093023255813
1012,25,196.64310522650283,39471.62790697675
1012,30,162.93142368571648,47211.16279069767
1012,35,136.27698647498306,54950.6976744186
1012,40,115.3732956946581,62690.232558139534
1012,45,98.47277201793295,70429.76744186047
1012,50,84.84415294336307,78169.30232558139
1012,55,73.31061147205082,85908.83720930232
1012,60,63.446642416061536,93648.37209302325
1012,65,54.98952562374355,101387.90697674418
1012,70,47.5747520744484,109127.44186046511
1012,75,41.261958918567224,116866.97674418605
1012,80,35.80678653658947,124606.51162790698
1013,5,661.8435151543019,8513.488372093023
1013,10,427.7632708886714,16253.023255813954
1013,15,317.1582714126029,23992.558139534885
1013,20,247.08320688686698,31732.093023255813
1013,25,199.6955825372788,39471.62790697675
1013,30,165.16575466606668,47211.16279069767
1013,35,138.65894358646213,54950.6976744186
1013,40,117.55869411817154,62690.232558139534
1013,45,100.50399962224245,70429.76744186047
1013,50,86.1738271180028,78169.30232558139
1013,55,74.09624318302856,85908.83720930232
1013,60,63.97826748796545,93648.37209302325
1013,65,55.39708044965649,101387.90697674418
1013,70,47.88994978543688,109127.44186046511
1013,75,41.30343796556844,116866.97674418605
1013,80,35.701687627837536,124606.51162790698
1014,5,660.6914000514878,8513.488372093023
1014,10,422.93595320132755,16253.023255813954
1014,15,313.9346696570905,23992.558139534885
1014,20,245.9810493975518,31732.093023255813
1014,25,198.0109989833653,39471.62790697675
1014,30,162.76850361629678,47211.16279069767
1014,35,135.27915646409318,54950.6976744186
1014,40,114.08455306793728,62690.232558139534
1014,45,97.10402547225202,70429.76744186047
1014,50,83.08054072757544,78169.30232558139
1014,55,71.55572388149045,85908.83720930232
1014,60,61.64164528645234,93648.37209302325
1014,65,53.25626071642023,101387.90697674418
1014,70,46.05582478850131,109127.44186046511
1014,75,39.76111084115359,116866.97674418605
1014,80,34.30603048254262,124606.51162790698
1015,5,685.296300168129,8513.488372093023
1015,10,437.3211784745046,16253.023255813954
1015,15,321.9524355741443,23992.558139534885
1015,20,251.77107635614064,31732.093023255813
1015,25,202.97830265647107,39471.62790697675
1015,30,166.89732805006525,47211.16279069767
1015,35,138.4922309282058,54950.6976744186
1015,40,116.93539630205885,62690.232558139534
1015,45,99.49142487264366,70429.76744186047
1015,50,85.35519362735927,78169.30232558139
1015,55,73.22987637829273,85908.83720930232
1015,60,63.157462186236,93648.37209302325
1015,65,54.446653058310616,101387.90697674418
1015,70,47.06231834372597,109127.44186046511
1015,75,40.81147277143572,116866.97674418605
1015,80,35.33151204741423,124606.51162790698
1016,5,673.997007677124,8513.488372093023
1016,10,442.1364581977476,16253.023255813954
1016,15,323.58129038281277,23992.558139534885
1016,20,251.2186436732996,31732.093023255813
1016,25,202.17106125551945,39471.62790697675
1016,30,165.6541344462264,47211.16279069767
1016,35,137.3408068906152,54950.6976744186
1016,40,115.77806231262656,62690.232558139534
1016,45,98.652904372205,70429.76744186047
1016,50,84.54989878736285,78169.30232558139
1016,55,72.68333947365471,85908.83720930232
1016,60,62.57933288080629,93648.37209302325
1016,65,54.07224213326329,101387.90697674418
1016,70,46.80796574689615,109127.44186046511
1016,75,40.55229854207386,116866.97674418605
1016,80,35.061359631725075,124606.51162790698
1017,5,666.6468289827983,8513.488372093023
1017,10,441.4840845978797,16253.023255813954
1017,15,321.00904806372677,23992.558139534885
1017,20,249.544414368964,31732.093023255813
1017,25,201.5295433944677,39471.62790697675
1017,30,165.25037503617293,47211.16279069767
1017,35,137.96176091022906,54950.6976744186
1017,40,117.08511189176247,62690.232558139534
1017,45,99.76752807699641,70429.76744186047
1017,50,85.53344917259045,78169.30232558139
1017,55,73.59131841189809,85908.83720930232
1017,60,63.4419830929519,93648.37209302325
1017,65,54.704286249495766,101387.90697674418
1017,70,47.23273213550588,109127.44186046511
1017,75,40.88874802418002,116866.97674418605
1017,80,35.52623060497285,124606.51162790698
1018,5,655.6400642864355,8513.488372093023
1018,10,434.94733318524555,16253.023255813954
1018,15,319.4430941563803,23992.558139534885
1018,20,248.57827575265335,31732.093023255813
1018,25,199.8618889282845,39471.62790697675
1018,30,163.42724186303897,47211.16279069767
1018,35,136.01631413022375,54950.6976744186
1018,40,114.87877346742938,62690.232558139534
1018,45,97.8477756899964,70429.76744186047
1018,50,83.76080929222917,78169.30232558139
1018,55,71.91466130989461,85908.83720930232
1018,60,61.86838011788528,93648.37209302325
1018,65,53.346146320639164,101387.90697674418
1018,70,46.11954167666673,109127.44186046511
1018,75,39.90574095833561,116866.97674418605
1018,80,34.57395117436037,124606.51162790698
1019,5,660.2363101730582,8513.488372093023
1019,10,442.299231096997,16253.023255813954
1019,15,328.13439769317245,23992.558139534885
1019,20,257.1900244871669,31732.093023255813
1019,25,207.89327747032507,39471.62790697675
1019,30,170.826208041954,47211.16279069767
1019,35,142.63460544311334,54950.6976744186
1019,40,120.83527339021494,62690.232558139534
1019,45,103.02924684594085,70429.76744186047
1019,50,88.24318488619788,78169.30232558139
1019,55,76.01486387608529,85908.83720930232
1019,60,65.55702491320264,93648.37209302325
1019,65,56.84846738498683,101387.90697674418
1019,70,49.29795777259173,109127.44186046511
1019,75,42.72856109401005,116866.97674418605
1019,80,37.152538642635065,124606.51162790698
1020,5,649.2934147367347,8513.488372093023
1020,10,430.03782602003884,16253.023255813954
1020,15,315.8322929072157,23992.558139534885
1020,20,246.9913596274982,31732.093023255813
1020,25,199.565851674583,39471.62790697675
1020,30,163.60101668517655,47211.16279069767
1020,35,136.77334630505493,54950.6976744186
1020,40,115.40196102944397,62690.232558139534
1020,45,98.23911757423826,70429.76744186047
1020,50,84.1149202686887,78169.30232558139
1020,55,72.44257773005462,85908.83720930232
1020,60,62.58304401960941,93648.37209302325
1020,65,54.16690048853414,101387.90697674418
1020,70,47.06762233578424,109127.44186046511
1020,75,40.917790083994944,116866.97674418605
1020,80,35.55457337586065,124606.51162790698
1021,5,646.160612204619,8513.488372093023
1021,10,427.8477659986697,16253.023255813954
1021,15,314.9354699099736,23992.558139534885
1021,20,249.27551785874428,31732.093023255813
1021,25,202.73499552300726,39471.62790697675
1021,30,167.52570782260395,47211.16279069767
1021,35,140.03104180718358,54950.6976744186
1021,40,117.85012467490786,62690.232558139534
1021,45,100.1505021145526,70429.76744186047
1021,50,85.87242763184294,78169.30232558139
1021,55,73.85586902530257,85908.83720930232
1021,60,63.84304186259033,93648.37209302325
1021,65,55.41001572939048,101387.90697674418
1021,70,48.18188307530142,109127.44186046511
1021,75,41.85802319239037,116866.97674418605
1021,80,36.2361086761235,124606.51162790698
1022,5,639.0523410791108,8513.488372093023
1022,10,416.7347284347924,16253.023255813954
1022,15,308.3240126291826,23992.558139534885
1022,20,246.07511174250632,31732.093023255813
1022,25,200.07832791133538,39471.62790697675
1022,30,164.21424132365527,47211.16279069767
1022,35,136.44076555913063,54950.6976744186
1022,40,114.71308726623747,62690.232558139534
1022,45,97.30368621271941,70429.76744186047
1022,50,83.26924342117684,78169.30232558139
1022,55,71.90667514239702,85908.83720930232
1022,60,62.19631032922881,93648.37209302325
1022,65,53.85740820540371,101387.90697674418
1022,70,46.66680888477488,109127.44186046511
1022,75,40.35759882031639,116866.97674418605
1022,80,34.89635926744947,124606.51162790698
1023,5,620.5219213007013,8513.488372093023
1023,10,406.47219153241105,16253.023255813954
1023,15,305.1027609567846,23992.558139534885
1023,20,242.6033197590844,31732.093023255813
1023,25,197.20016249722306,39471.62790697675
1023,30,163.08968232219817,47211.16279069767
1023,35,136.24277469855434,54950.6976744186
1023,40,114.66300022829266,62690.232558139534
1023,45,97.36802411933611,70429.76744186047
1023,50,83.58311316958252,78169.30232558139
1023,55,72.03793502050229,85908.83720930232
1023,60,62.25187901632634,93648.37209302325
1023,65,53.91728937358113,101387.90697674418
1023,70,46.78381026962767,109127.44186046511
1023,75,40.58478061335682,116866.97674418605
1023,80,35.29763204387369,124606.51162790698
1024,5,617.672571284905,8513.488372093023
1024,10,403.8878701456545,16253.023255813954
1024,15,298.34939569739754,23992.558139534885
1024,20,237.2384663729916,31732.093023255813
1024,25,193.2032045768182,39471.62790697675
1024,30,160.69754934218707,47211.16279069767
1024,35,134.09701220780656,54950.6976744186
1024,40,112.69837242333308,62690.232558139534
1024,45,95.83603219644142,70429.76744186047
1024,50,81.89288179242841,78169.30232558139
1024,55,70.3880799994776,85908.83720930232
1024,60,60.61927563213811,93648.37209302325
1024,65,52.48129387826178,101387.90697674418
1024,70,45.52893997496487,109127.44186046511
1024,75,39.57945365748538,116866.97674418605
1024,80,34.366924181148505,124606.51162790698
1025,5,624.8608364962774,8513.488372093023
1025,10,413.11261737705144,16253.023255813954
1025,15,302.67450540357186,23992.558139534885
1025,20,237.83518835188275,31732.093023255813
1025,25,192.67528229757514,39471.62790697675
1025,30,159.46719092728247,47211.16279069767
1025,35,132.5504224539032,54950.6976744186
1025,40,110.90913124464946,62690.232558139534
1025,45,94.25566159272226,70429.76744186047
1025,50,80.46597716562151,78169.30232558139
1025,55,68.97007910564432,85908.83720930232
1025,60,59.25875236210895,93648.37209302325
1025,65,51.02265020135143,101387.90697674418
1025,70,44.108160072869204,109127.44186046511
1025,75,38.28943525853646,116866.97674418605
1025,80,33.15891628115006,124606.51162790698
1026,5,637.7309249276275,8513.488372093023
1026,10,425.1856617535561,16253.023255813954
1026,15,312.15073683355547,23992.558139534885
1026,20,243.48771196005984,31732.093023255813
1026,25,196.88622688408117,39471.62790697675
1026,30,161.99488500944796,47211.16279069767
1026,35,135.064304385113,54950.6976744186
1026,40,113.37997893835609,62690.232558139534
1026,45,96.05174929568794,70429.76744186047
1026,50,82.25746096318548,78169.30232558139
1026,55,70.790810576444,85908.83720930232
1026,60,61.07359790894677,93648.37209302325
1026,65,52.81951842300584,101387.90697674418
1026,70,45.67862375958458,109127.44186046511
1026,75,39.5619602018764,116866.97674418605
1026,80,34.17733128816026,124606.51162790698
1027,5,642.7336275233212,8513.488372093023
1027,10,427.38340456321123,16253.023255813954
1027,15,315.48572788339567,23992.558139534885
1027,20,246.10325032634643,31732.093023255813
1027,25,198.04713859932028,39471.62790697675
1027,30,162.67554330900865,47211.16279069767
1027,35,135.02806535523263,54950.6976744186
1027,40,113.14800542652516,62690.232558139534
1027,45,95.87922852819334,70429.76744186047
1027,50,81.60822679780594,78169.30232558139
1027,55,70.04038258911723,85908.83720930232
1027,60,60.354476346328404,93648.37209302325
1027,65,52.07487864564076,101387.90697674418
1027,70,44.9797015138857,109127.44186046511
1027,75,38.961259185974576,116866.97674418605
1027,80,33.71526056453802,124606.51162790698
1028,5,667.2612799379382,8513.488372093023
1028,10,433.0665024026915,16253.023255813954
1028,15,316.82436898941233,23992.558139534885
1028,20,246.42215599723045,31732.093023255813
1028,25,197.8330289403974,39471.62790697675
1028,30,162.5481069254241,47211.16279069767
1028,35,134.54286306725922,54950.6976744186
1028,40,112.60138855183594,62690.232558139534
1028,45,95.16812065383276,70429.76744186047
1028,50,81.3641862198307,78169.30232558139
1028,55,69.81351892649417,85908.83720930232
1028,60,60.28537964890508,93648.37209302325
1028,65,52.15852626958683,101387.90697674418
1028,70,45.11975418278079,109127.44186046511
1028,75,38.990615755210364,116866.97674418605
1028,80,33.616418615570055,124606.51162790698
1029,5,692.065839077978,8513.488372093023
1029,10,451.92636562222566,16253.023255813954
1029,15,334.3923003695192,23992.558139534885
1029,20,260.95851101870034,31732.093023255813
1029,25,209.46542897254892,39471.62790697675
1029,30,170.99161141362202,47211.16279069767
1029,35,141.55155854066354,54950.6976744186
1029,40,118.5389336164551,62690.232558139534
1029,45,100.38286919881865,70429.76744186047
1029,50,85.75503386341477,78169.30232558139
1029,55,73.43937333384217,85908.83720930232
1029,60,62.916437131952364,93648.37209302325
1029,65,54.11331218722451,101387.90697674418
1029,70,46.647844938132074,109127.44186046511
1029,75,40.24515749947003,116866.97674418605
1029,80,34.74424494290985,124606.51162790698
1030,5,696.6326496003447,8513.488372093023
1030,10,450.6566253160955,16253.023255813954
1030,15,333.8904146483032,23992.558139534885
1030,20,259.22252503582695,31732.093023255813
1030,25,207.39071161806874,39471.62790697675
1030,30,169.79322415714975,47211.16279069767
1030,35,140.38022774999595,54950.6976744186
1030,40,117.11369890240307,62690.232558139534
1030,45,98.41161865931055,70429.76744186047
1030,50,83.74163470135537,78169.30232558139
1030,55,71.65701306877747,85908.83720930232
1030,60,61.37119537594488,93648.37209302325
1030,65,52.8088940532971,101387.90697674418
1030,70,45.623754291898614,109127.44186046511
1030,75,39.554019503641825,116866.97674418605
1030,80,34.25821129413681,124606.51162790698
1031,5,688.2321790563706,8513.488372093023
1031,10,438.54623376978054,16253.023255813954
1031,15,322.87611851238705,23992.558139534885
1031,20,249.70914501387298,31732.093023255813
1031,25,198.76637331407753,39471.62790697675
1031,30,161.7675249623207,47211.16279069767
1031,35,133.0408681737199,54950.6976744186
1031,40,110.78570574664771,62690.232558139534
1031,45,92.74232828101718,70429.76744186047
1031,50,78.49758725614252,78169.30232558139
1031,55,66.86222231231967,85908.83720930232
1031,60,57.23985483427377,93648.37209302325
1031,65,49.122976971949626,101387.90697674418
1031,70,42.13729245860734,109127.44186046511
1031,75,36.23615583197047,116866.97674418605
1031,80,31.176890106095804,124606.51162790698
1032,5,690.2355227172404,8513.488372093023
1032,10,438.77662077057937,16253.023255813954
1032,15,322.0294450563484,23992.558139534885
1032,20,250.03474503761907,31732.093023255813
1032,25,200.3513359797048,39471.62790697675
1032,30,162.42662892799768,47211.16279069767
1032,35,133.680786968693,54950.6976744186
1032,40,111.49372877678228,62690.232558139534
1032,45,94.08396584416911,70429.76744186047
1032,50,80.09691662528469,78169.30232558139
1032,55,68.4366966429741,85908.83720930232
1032,60,58.92481212825778,93648.37209302325
1032,65,50.557461498567804,101387.90697674418
1032,70,43.499180271186525,109127.44186046511
1032,75,37.55346783295919,116866.97674418605
1032,80,32.46841776570963,124606.51162790698
1033,5,691.7540857997138,8513.488372093023
1033,10,436.3395827115419,16253.023255813954
1033,15,320.0920735158635,23992.558139534885
1033,20,246.28442432690667,31732.093023255813
1033,25,195.60246034920024,39471.62790697675
1033,30,157.34322181914314,47211.16279069767
1033,35,129.26176857514915,54950.6976744186
1033,40,107.96554751843853,62690.232558139534
1033,45,91.10635853052598,70429.76744186047
1033,50,77.25304976768848,78169.30232558139
1033,55,66.06610316410507,85908.83720930232
1033,60,56.67710492431647,93648.37209302325
1033,65,48.816694865775744,101387.90697674418
1033,70,42.10792478290287,109127.44186046511
1033,75,36.360918768199404,116866.97674418605
1033,80,31.376658733522547,124606.51162790698
1034,5,701.4231889347747,8513.488372093023
1034,10,449.7367156633791,16253.023255813954
1034,15,327.773349590424,23992.558139534885
1034,20,252.84523676496028,31732.093023255813
1034,25,200.28361474124367,39471.62790697675
1034,30,161.07144807392172,47211.16279069767
1034,35,131.98229470179518,54950.6976744186
1034,40,109.57914485156253,62690.232558139534
1034,45,91.92846861551091,70429.76744186047
1034,50,77.59514967081196,78169.30232558139
1034,55,65.86584264700173,85908.83720930232
1034,60,56.426802757011316,93648.37209302325
1034,65,48.59364346747551,101387.90697674418
1034,70,41.91548051170706,109127.44186046511
1034,75,36.14027931901405,116866.97674418605
1034,80,31.22746886229709,124606.51162790698
1035,5,707.16528045471,8513.488372093023
1035,10,457.2546998807364,16253.023255813954
1035,15,329.39373481901396,23992.558139534885
1035,20,253.9051043236822,31732.093023255813
1035,25,201.89229091784057,39471.62790697675
1035,30,163.49956469781716,47211.16279069767
1035,35,133.37161748283782,54950.6976744186
1035,40,110.62808694715073,62690.232558139534
1035,45,92.64480578613143,70429.76744186047
1035,50,78.44296847458811,78169.30232558139
1035,55,66.86589175057007,85908.83720930232
1035,60,57.157798398725525,93648.37209302325
1035,65,48.83815807976915,101387.90697674418
1035,70,41.89439888420894,109127.44186046511
1035,75,36.04074412732003,116866.97674418605
1035,80,30.936646841905336,124606.51162790698
1036,5,700.9902165932172,8513.488372093023
1036,10,454.60283695070603,16253.023255813954
1036,15,330.76534209982293,23992.558139534885
1036,20,255.17538393150798,31732.093023255813
1036,25,202.67423787304205,39471.62790697675
1036,30,163.79367226446917,47211.16279069767
1036,35,133.53154050726891,54950.6976744186
1036,40,109.85757979221897,62690.232558139534
1036,45,91.72512555935731,70429.76744186047
1036,50,77.69816292256843,78169.30232558139
1036,55,66.17932992429553,85908.83720930232
1036,60,56.644892132148385,93648.37209302325
1036,65,48.62844717610855,101387.90697674418
1036,70,41.85512072861995,109127.44186046511
1036,75,36.182374141114714,116866.97674418605
1036,80,31.259426320385366,124606.51162790698
1037,5,682.8898748959679,8513.488372093023
1037,10,441.863082486087,16253.023255813954
1037,15,324.09077466836976,23992.558139534885
1037,20,249.267578084255,31732.093023255813
1037,25,198.96825749860423,39471.62790697675
1037,30,160.5897538601278,47211.16279069767
1037,35,130.87104530996288,54950.6976744186
1037,40,108.24365109829247,62690.232558139534
1037,45,90.72466300493244,70429.76744186047
1037,50,76.91612032019255,78169.30232558139
1037,55,65.3468689781849,85908.83720930232
1037,60,55.754525539226314,93648.37209302325
1037,65,47.822535430638816,101387.90697674418
1037,70,41.13276425184775,109127.44186046511
1037,75,35.433316803373856,116866.97674418605
1037,80,30.520185382936013,124606.51162790698
1038,5,671.1692037007392,8513.488372093023
1038,10,437.1668911051037,16253.023255813954
1038,15,323.3060696464531,23992.558139534885
1038,20,248.99808372832157,31732.093023255813
1038,25,200.4366873479752,39471.62790697675
1038,30,163.5018301453621,47211.16279069767
1038,35,134.65386590824951,54950.6976744186
1038,40,111.9194283123122,62690.232558139534
1038,45,94.13135813503486,70429.76744186047
1038,50,79.50007727494786,78169.30232558139
1038,55,67.57545318793623,85908.83720930232
1038,60,57.69665052931324,93648.37209302325
1038,65,49.41173091705563,101387.90697674418
1038,70,42.295126400129526,109127.44186046511
1038,75,36.39103619898812,116866.97674418605
1038,80,31.359236732992976,124606.51162790698
1039,5,643.7632646220911,8513.488372093023
1039,10,417.226289373539,16253.023255813954
1039,15,308.3862763493519,23992.558139534885
1039,20,242.0194976792476,31732.093023255813
1039,25,195.1783094094133,39471.62790697675
1039,30,158.6390644076827,47211.16279069767
1039,35,129.89647692415753,54950.6976744186
1039,40,108.11482238764319,62690.232558139534
1039,45,91.05628776947603,70429.76744186047
1039,50,77.2292421361331,78169.30232558139
1039,55,65.92067587521048,85908.83720930232
1039,60,56.491883459767465,93648.37209302325
1039,65,48.59030044885037,101387.90697674418
1039,70,41.80304392420482,109127.44186046511
1039,75,36.01890434484316,116866.97674418605
1039,80,30.94639326541667,124606.51162790698
1040,5,648.7051865436785,8513.488372093023
1040,10,418.4927809407033,16253.023255813954
1040,15,308.25645225425654,23992.558139534885
1040,20,243.60256499098412,31732.093023255813
1040,25,197.43891341297672,39471.62790697675
1040,30,161.9964451833663,47211.16279069767
1040,35,134.72537091826928,54950.6976744186
1040,40,112.69090441845302,62690.232558139534
1040,45,94.98750294290053,70429.76744186047
1040,50,80.7098970977056,78169.30232558139
1040,55,68.66345585159752,85908.83720930232
1040,60,58.655250816224246,93648.37209302325
1040,65,50.30576896321651,101387.90697674418
1040,70,43.27555985128197,109127.44186046511
1040,75,37.27398007283247,116866.97674418605
1040,80,32.15788988200858,124606.51162790698
1041,5,646.4346494773389,8513.488372093023
1041,10,417.3670401627402,16253.023255813954
1041,15,307.20194194552437,23992.558139534885
1041,20,242.26546932398594,31732.093023255813
1041,25,197.33037457485736,39471.62790697675
1041,30,162.9778336821385,47211.16279069767
1041,35,135.82502429563277,54950.6976744186
1041,40,113.65596019863509,62690.232558139534
1041,45,95.38940067740576,70429.76744186047
1041,50,81.0881256330213,78169.30232558139
1041,55,69.33643213502813,85908.83720930232
1041,60,59.51310193794241,93648.37209302325
1041,65,51.19644327062328,101387.90697674418
1041,70,44.245930379183136,109127.44186046511
1041,75,38.24000935247999,116866.97674418605
1041,80,33.11866745062375,124606.51162790698
1042,5,649.773384920205,8513.488372093023
1042,10,417.5920122802978,16253.023255813954
1042,15,307.56901841283536,23992.558139534885
1042,20,243.43787795186464,31732.093023255813
1042,25,198.47483620511557,39471.62790697675
1042,30,163.0900610900671,47211.16279069767
1042,35,135.62570309549315,54950.6976744186
1042,40,114.540613274428,62690.232558139534
1042,45,96.99832732384611,70429.76744186047
1042,50,82.68542522388196,78169.30232558139
1042,55,70.9493330287312,85908.83720930232
1042,60,61.145312229431674,93648.37209302325
1042,65,52.83764720216284,101387.90697674418
1042,70,45.666514943905796,109127.44186046511
1042,75,39.563164509209074,116866.97674418605
1042,80,34.327916832433,124606.51162790698
1043,5,652.9903593326795,8513.488372093023
1043,10,420.9924500953339,16253.023255813954
1043,15,313.60037724944203,23992.558139534885
1043,20,247.7631836373944,31732.093023255813
1043,25,201.6708833366789,39471.62790697675
1043,30,166.76346105885267,47211.16279069767
1043,35,139.3705429086411,54950.6976744186
1043,40,116.72439402105603,62690.232558139534
1043,45,98.74339913759438,70429.76744186047
1043,50,84.40895999704883,78169.30232558139
1043,55,72.43383485601645,85908.83720930232
1043,60,62.21334913204911,93648.37209302325
1043,65,53.63153080525851,101387.90697674418
1043,70,46.29717222879548,109127.44186046511
1043,75,39.97767017241681,116866.97674418605
1043,80,34.532989665156336,124606.51162790698
1044,5,664.3582324887415,8513.488372093023
1044,10,436.39682514802325,16253.023255813954
1044,15,325.70397045362785,23992.558139534885
1044,20,257.1013642185761,31732.093023255813
1044,25,208.245132229791,39471.62790697675
1044,30,172.0814990842362,47211.16279069767
1044,35,143.37287424402575,54950.6976744186
1044,40,120.96915583004608,62690.232558139534
1044,45,102.65367306640303,70429.76744186047
1044,50,87.80313188457167,78169.30232558139
1044,55,75.47626416579887,85908.83720930232
1044,60,65.17064027428665,93648.37209302325
1044,65,56.44370349786933,101387.90697674418
1044,70,48.94122986945697,109127.44186046511
1044,75,42.45115628527418,116866.97674418605
1044,80,36.756002728105926,124606.51162790698
1045,5,660.3970950747079,8513.488372093023
1045,10,434.14766596643324,16253.023255813954
1045,15,320.5262699037039,23992.558139534885
1045,20,251.452196300908,31732.093023255813
1045,25,202.3498482340946,39471.62790697675
1045,30,166.17118299463212,47211.16279069767
1045,35,137.83027910908515,54950.6976744186
1045,40,115.9371550680999,62690.232558139534
1045,45,97.80030450555265,70429.76744186047
1045,50,82.8904844266559,78169.30232558139
1045,55,70.64714269434928,85908.83720930232
1045,60,60.654814811042286,93648.37209302325
1045,65,52.28199024817931,101387.90697674418
1045,70,45.115742177858486,109127.44186046511
1045,75,38.934928481105864,116866.97674418605
1045,80,33.67346271931495,124606.51162790698
1046,5,651.3000342518104,8513.488372093023
1046,10,434.2137827358819,16253.023255813954
1046,15,319.6722008494765,23992.558139534885
1046,20,251.24883240866944,31732.093023255813
1046,25,201.148129290095,39471.62790697675
1046,30,164.5831661141783,47211.16279069767
1046,35,136.05966480844558,54950.6976744186
1046,40,113.57850472958893,62690.232558139534
1046,45,95.81196419265333,70429.76744186047
1046,50,81.44173928249647,78169.30232558139
1046,55,69.8509028283315,85908.83720930232
1046,60,60.09401188724517,93648.37209302325
1046,65,51.84861048549606,101387.90697674418
1046,70,44.779081486631185,109127.44186046511
1046,75,38.69188143838632,116866.97674418605
1046,80,33.459922005607254,124606.51162790698
1047,5,636.9669287684866,8513.488372093023
1047,10,427.3534488741068,16253.023255813954
1047,15,312.6581125332417,23992.558139534885
1047,20,243.74266162447262,31732.093023255813
1047,25,194.65877684048783,39471.62790697675
1047,30,159.09994020719242,47211.16279069767
1047,35,131.35123444155403,54950.6976744186
1047,40,109.12464149601685,62690.232558139534
1047,45,91.79674986040064,70429.76744186047
1047,50,77.98496801214071,78169.30232558139
1047,55,66.75048886711706,85908.83720930232
1047,60,57.212467191874815,93648.37209302325
1047,65,49.089435523995554,101387.90697674418
1047,70,42.1699476746201,109127.44186046511
1047,75,36.21376037037179,116866.97674418605
1047,80,31.14048412704429,124606.51162790698
1048,5,644.008690032934,8513.488372093023
1048,10,426.4624301186515,16253.023255813954
1048,15,310.6184696430974,23992.558139534885
1048,20,241.25790343423478,31732.093023255813
1048,25,194.2653113822206,39471.62790697675
1048,30,158.45428788343125,47211.16279069767
1048,35,131.00242387941358,54950.6976744186
1048,40,109.23209007378466,62690.232558139534
1048,45,91.89916444774848,70429.76744186047
1048,50,77.59758329993686,78169.30232558139
1048,55,66.02461448820122,85908.83720930232
1048,60,56.51504761726505,93648.37209302325
1048,65,48.56207708893026,101387.90697674418
1048,70,41.79421508149732,109127.44186046511
1048,75,35.948689802968836,116866.97674418605
1048,80,30.912787635094258,124606.51162790698
1049,5,642.3572619086111,8513.488372093023
1049,10,418.91610404940053,16253.023255813954
1049,15,305.17755433214114,23992.558139534885
1049,20,236.47956315055725,31732.093023255813
1049,25,189.17365705803482,39471.62790697675
1049,30,153.25234652964727,47211.16279069767
1049,35,126.14406562475588,54950.6976744186
1049,40,105.38425305165816,62690.232558139534
1049,45,88.86754792121036,70429.76744186047
1049,50,75.42919964727953,78169.30232558139
1049,55,64.48742951609151,85908.83720930232
1049,60,55.19161030898552,93648.37209302325
1049,65,47.351076169656935,101387.90697674418
1049,70,40.749390255831926,109127.44186046511
1049,75,35.07203842347642,116866.97674418605
1049,80,30.18723553497202,124606.51162790698
1050,5,661.5922902719344,8513.488372093023
1050,10,428.4668868858633,16253.023255813954
1050,15,317.06264623503955,23992.558139534885
1050,20,248.30915859349273,31732.093023255813
1050,25,198.61806706392198,39471.62790697675
1050,30,161.30572400716846,47211.16279069767
1050,35,133.24319998845723,54950.6976744186
1050,40,111.21066641279737,62690.232558139534
1050,45,93.92991747022785,70429.76744186047
1050,50,79.70998195666617,78169.30232558139
1050,55,68.26547893931595,85908.83720930232
1050,60,58.52576712250316,93648.37209302325
1050,65,50.31312407700936,101387.90697674418
1050,70,43.33976738120405,109127.44186046511
1050,75,37.33679844955786,116866.97674418605
1050,80,32.20489050887134,124606.51162790698
1051,5,688.2866496349534,8513.488372093023
1051,10,445.456359240672,16253.023255813954
1051,15,325.31631386958674,23992.558139534885
1051,20,255.11306191758663,31732.093023255813
1051,25,204.57893498332234,39471.62790697675
1051,30,167.20675388688142,47211.16279069767
1051,35,138.14923899658098,54950.6976744186
1051,40,115.24303723992324,62690.232558139534
1051,45,97.20531834615127,70429.76744186047
1051,50,82.50486802513622,78169.30232558139
1051,55,70.5209563542556,85908.83720930232
1051,60,60.68987095555993,93648.37209302325
1051,65,52.370699108155065,101387.90697674418
1051,70,45.3491140108503,109127.44186046511
1051,75,39.28220127497336,116866.97674418605
1051,80,33.97457926491689,124606.51162790698
1052,5,685.1409103488734,8513.488372093023
1052,10,445.18974032768546,16253.023255813954
1052,15,329.1806349360563,23992.558139534885
1052,20,258.0294730689472,31732.093023255813
1052,25,207.7364552835823,39471.62790697675
1052,30,169.26021413567065,47211.16279069767
1052,35,139.7597412685855,54950.6976744186
1052,40,117.59355736191259,62690.232558139534
1052,45,99.6773213550885,70429.76744186047
1052,50,85.10895839754836,78169.30232558139
1052,55,72.80892523496108,85908.83720930232
1052,60,62.36165793607759,93648.37209302325
1052,65,53.70710030790921,101387.90697674418
1052,70,46.47351164570219,109127.44186046511
1052,75,40.16786735622222,116866.97674418605
1052,80,34.71724244816052,124606.51162790698
1053,5,683.6540876089972,8513.488372093023
1053,10,441.3672643993843,16253.023255813954
1053,15,324.62493897484285,23992.558139534885
1053,20,253.55219539914256,31732.093023255813
1053,25,201.23967259435645,39471.62790697675
1053,30,162.5234426153968,47211.16279069767
1053,35,134.13186832017576,54950.6976744186
1053,40,112.39591539259663,62690.232558139534
1053,45,95.2246695436048,70429.76744186047
1053,50,81.25158238512772,78169.30232558139
1053,55,69.56185294604762,85908.83720930232
1053,60,59.6598742392933,93648.37209302325
1053,65,51.431279456728205,101387.90697674418
1053,70,44.402226677474914,109127.44186046511
1053,75,38.35307131339863,116866.97674418605
1053,80,33.07343873004028,124606.51162790698
1054,5,689.9544577951591,8513.488372093023
1054,10,442.5637304887877,16253.023255813954
1054,15,327.3878226743478,23992.558139534885
1054,20,254.74092505788454,31732.093023255813
1054,25,202.50139192106266,39471.62790697675
1054,30,163.67435970289168,47211.16279069767
1054,35,134.5875966320529,54950.6976744186
1054,40,112.78265746374335,62690.232558139534
1054,45,95.83221578843887,70429.76744186047
1054,50,81.83204339732721,78169.30232558139
1054,55,70.20460696602677,85908.83720930232
1054,60,60.49503420681383,93648.37209302325
1054,65,52.18914441010214,101387.90697674418
1054,70,45.03849037638335,109127.44186046511
1054,75,38.97573990797151,116866.97674418605
1054,80,33.65091710598468,124606.51162790698
1055,5,688.1890163473813,8513.488372093023
1055,10,438.63316746934515,16253.023255813954
1055,15,325.34900565581074,23992.558139534885
1055,20,254.2096552301081,31732.093023255813
1055,25,202.72370907697376,39471.62790697675
1055,30,164.06028035790717,47211.16279069767
1055,35,135.1853825576032,54950.6976744186
1055,40,112.94364242056464,62690.232558139534
1055,45,95.33924063216439,70429.76744186047
1055,50,81.19596475650762,78169.30232558139
1055,55,69.64061718863536,85908.83720930232
1055,60,59.863851253894154,93648.37209302325
1055,65,51.60080303345975,101387.90697674418
1055,70,44.61576555732816,109127.44186046511
1055,75,38.61132666327959,116866.97674418605
1055,80,33.43247944566886,124606.51162790698
1056,5,677.7866970423609,8513.488372093023
1056,10,430.0202748991273,16253.023255813954
1056,15,319.01041703652277,23992.558139534885
1056,20,251.90029787402844,31732.093023255813
1056,25,202.59396726403298,39471.62790697675
1056,30,164.55274068467477,47211.16279069767
1056,35,135.62877669157783,54950.6976744186
1056,40,112.8836704476552,62690.232558139534
1056,45,94.74692916167757,70429.76744186047
1056,50,80.81937259635427,78169.30232558139
1056,55,69.09994215977227,85908.83720930232
1056,60,59.168428737693574,93648.37209302325
1056,65,50.861838041439306,101387.90697674418
1056,70,43.956518133656225,109127.44186046511
1056,75,37.989958925618545,116866.97674418605
1056,80,32.69384643534959,124606.51162790698
1057,5,686.8542167743061,8513.488372093023
1057,10,429.1043760256412,16253.023255813954
1057,15,317.0534190950172,23992.558139534885
1057,20,249.90200177758868,31732.093023255813
1057,25,199.22333428253947,39471.62790697675
1057,30,162.0974363417228,47211.16279069767
1057,35,134.45122497055684,54950.6976744186
1057,40,113.07990622724071,62690.232558139534
1057,45,96.23964749115568,70429.76744186047
1057,50,82.46394130617111,78169.30232558139
1057,55,70.75617754047236,85908.83720930232
1057,60,60.93208910379371,93648.37209302325
1057,65,52.621606805554855,101387.90697674418
1057,70,45.47499507962861,109127.44186046511
1057,75,39.21116106798162,116866.97674418605
1057,80,33.84466690290862,124606.51162790698
1058,5,688.675959604409,8513.488372093023
1058,10,429.8860199277087,16253.023255813954
1058,15,316.32033855660126,23992.558139534885
1058,20,247.41230673153936,31732.093023255813
1058,25,197.4194506682155,39471.62790697675
1058,30,160.60717280563642,47211.16279069767
1058,35,132.59291298879134,54950.6976744186
1058,40,110.99860809187828,62690.232558139534
1058,45,93.95910754797303,70429.76744186047
1058,50,80.21341702499075,78169.30232558139
1058,55,68.6567740643474,85908.83720930232
1058,60,58.75130535882228,93648.37209302325
1058,65,50.45227639321959,101387.90697674418
1058,70,43.45750405075482,109127.44186046511
1058,75,37.458445483843526,116866.97674418605
1058,80,32.320205058263866,124606.51162790698
1059,5,679.1027844637483,8513.488372093023
1059,10,432.54403495342336,16253.023255813954
1059,15,318.7551076866717,23992.558139534885
1059,20,249.93912045995594,31732.093023255813
1059,25,200.45603195013538,39471.62790697675
1059,30,162.6671299420545,47211.16279069767
1059,35,133.72296638070475,54950.6976744186
1059,40,112.06833576032221,62690.232558139534
1059,45,94.51283990189155,70429.76744186047
1059,50,80.50047493678254,78169.30232558139
1059,55,68.89351000197044,85908.83720930232
1059,60,59.366733224588636,93648.37209302325
1059,65,51.26932760851236,101387.90697674418
1059,70,44.399588204671915,109127.44186046511
1059,75,38.344246151792895,116866.97674418605
1059,80,33.090391874355774,124606.51162790698
1060,5,673.0792708393994,8513.488372093023
1060,10,428.54591863581726,16253.023255813954
1060,15,317.54000201707663,23992.558139534885
1060,20,250.49714653471983,31732.093023255813
1060,25,201.4455946941968,39471.62790697675
1060,30,163.93346170410766,47211.16279069767
1060,35,135.57683509337613,54950.6976744186
1060,40,113.8129504634584,62690.232558139534
1060,45,96.22514442742398,70429.76744186047
1060,50,81.69670594358993,78169.30232558139
1060,55,69.68617906071016,85908.83720930232
1060,60,59.85070261613795,93648.37209302325
1060,65,51.59479835410413,101387.90697674418
1060,70,44.46429266994679,109127.44186046511
1060,75,38.35536828977991,116866.97674418605
1060,80,33.0856348041172,124606.51162790698
1061,5,680.0107250078347,8513.488372093023
1061,10,437.71332790010723,16253.023255813954
1061,15,326.03010822987983,23992.558139534885
1061,20,257.10727803868195,31732.093023255813
1061,25,207.59707512336792,39471.62790697675
1061,30,171.1225984904219,47211.16279069767
1061,35,141.73945468341904,54950.6976744186
1061,40,118.92774378394313,62690.232558139534
1061,45,100.69372602301856,70429.76744186047
1061,50,86.06786344329943,78169.30232558139
1061,55,74.06304504054525,85908.83720930232
1061,60,63.8173698999918,93648.37209302325
1061,65,55.09223542802837,101387.90697674418
1061,70,47.610557841254035,109127.44186046511
1061,75,41.18198920123856,116866.97674418605
1061,80,35.599212572794656,124606.51162790698
1062,5,670.627562204858,8513.488372093023
1062,10,433.79948408374463,16253.023255813954
1062,15,321.96613225666346,23992.558139534885
1062,20,253.18389478271592,31732.093023255813
1062,25,203.2150538599315,39471.62790697675
1062,30,165.6400618980679,47211.16279069767
1062,35,136.82958504556223,54950.6976744186
1062,40,114.77202925181511,62690.232558139534
1062,45,97.42109097098201,70429.76744186047
1062,50,83.34733139717068,78169.30232558139
1062,55,71.72581038673516,85908.83720930232
1062,60,61.89697981142465,93648.37209302325
1062,65,53.570884124097375,101387.90697674418
1062,70,46.51318333264657,109127.44186046511
1062,75,40.32251501407603,116866.97674418605
1062,80,34.98441694404719,124606.51162790698
1063,5,669.6337476904155,8513.488372093023
1063,10,438.0140267144471,16253.023255813954
1063,15,325.2734525564072,23992.558139534885
1063,20,256.35944058904045,31732.093023255813
1063,25,205.93089618011436,39471.62790697675
1063,30,168.35151630835884,47211.16279069767
1063,35,140.2167891341067,54950.6976744186
1063,40,117.89139456501702,62690.232558139534
1063,45,100.26996795979574,70429.76744186047
1063,50,86.13403116401307,78169.30232558139
1063,55,74.24424462813519,85908.83720930232
1063,60,64.19865072623081,93648.37209302325
1063,65,55.44831906224227,101387.90697674418
1063,70,47.813048925741256,109127.44186046511
1063,75,41.25671926831682,116866.97674418605
1063,80,35.63537689663398,124606.51162790698
1064,5,673.4542000390393,8513.488372093023
1064,10,437.6202664401837,16253.023255813954
1064,15,323.83777854902706,23992.558139534885
1064,20,256.2380072050564,31732.093023255813
1064,25,205.7916152886851,39471.62790697675
1064,30,169.49572883549095,47211.16279069767
1064,35,141.00797503506251,54950.6976744186
1064,40,118.92793022672146,62690.232558139534
1064,45,101.30779282228677,70429.76744186047
1064,50,86.68484195442127,78169.30232558139
1064,55,74.7178305257975,85908.83720930232
1064,60,64.5609120955953,93648.37209302325
1064,65,55.746966874875866,101387.90697674418
1064,70,48.220775423070215,109127.44186046511
1064,75,41.75660682856449,116866.97674418605
1064,80,36.10054927224232,124606.51162790698
1065,5,671.1438348032805,8513.488372093023
1065,10,437.98942832550165,16253.023255813954
1065,15,323.92785371025235,23992.558139534885
1065,20,256.19602987980704,31732.093023255813
1065,25,207.49103273245518,39471.62790697675
1065,30,170.73618888220363,47211.16279069767
1065,35,142.6181790495922,54950.6976744186
1065,40,120.58743693007294,62690.232558139534
1065,45,102.80881302171457,70429.76744186047
1065,50,88.09067785615208,78169.30232558139
1065,55,75.92438314233077,85908.83720930232
1065,60,65.64564904692554,93648.37209302325
1065,65,56.96087900980118,101387.90697674418
1065,70,49.37841825807363,109127.44186046511
1065,75,42.824808909836484,116866.97674418605
1065,80,37.090773593327405,124606.51162790698
1066,5,649.398674041004,8513.488372093023
1066,10,425.04815246370055,16253.023255813954
1066,15,312.16349301777313,23992.558139534885
1066,20,246.65998610887493,31732.093023255813
1066,25,197.5109872659677,39471.62790697675
1066,30,162.46400482364714,47211.16279069767
1066,35,135.601765694533,54950.6976744186
1066,40,114.58792576462825,62690.232558139534
1066,45,97.60012047758195,70429.76744186047
1066,50,83.71889554563812,78169.30232558139
1066,55,71.98848891748953,85908.83720930232
1066,60,62.083390483156485,93648.37209302325
1066,65,53.75522751867731,101387.90697674418
1066,70,46.63639570426466,109127.44186046511
1066,75,40.401109875734704,116866.97674418605
1066,80,34.96867661607522,124606.51162790698
1067,5,655.4392449260909,8513.488372093023
1067,10,441.2288844411311,16253.023255813954
1067,15,328.48134626196213,23992.558139534885
1067,20,259.72520921591246,31732.093023255813
1067,25,208.70366653880316,39471.62790697675
1067,30,170.94007470927684,47211.16279069767
1067,35,142.86150244522665,54950.6976744186
1067,40,120.70370356769439,62690.232558139534
1067,45,103.02754968538282,70429.76744186047
1067,50,88.50354934853718,78169.30232558139
1067,55,76.27687512285074,85908.83720930232
1067,60,65.82801050015077,93648.37209302325
1067,65,56.94451058251476,101387.90697674418
1067,70,49.21208109673501,109127.44186046511
1067,75,42.49790090886314,116866.97674418605
1067,80,36.78988879987036,124606.51162790698
1068,5,674.2126792310681,8513.488372093023
1068,10,448.9920453946279,16253.023255813954
1068,15,332.85096228232584,23992.558139534885
1068,20,261.3560451502523,31732.093023255813
1068,25,209.4324680951995,39471.62790697675
1068,30,170.8654020706177,47211.16279069767
1068,35,141.34382166527345,54950.6976744186
1068,40,118.6893663938683,62690.232558139534
1068,45,101.52307062689715,70429.76744186047
1068,50,87.12922624864687,78169.30232558139
1068,55,75.39467169572599,85908.83720930232
1068,60,65.27505021100392,93648.37209302325
1068,65,56.54727392442884,101387.90697674418
1068,70,49.113401278197465,109127.44186046511
1068,75,42.76649064119281,116866.97674418605
1068,80,37.147751447571274,124606.51162790698
1069,5,699.9798064878278,8513.488372093023
1069,10,459.2390083503118,16253.023255813954
1069,15,341.58780292279033,23992.558139534885
1069,20,270.3679063587025,31732.093023255813
1069,25,215.79718088230578,39471.62790697675
1069,30,176.772086184256,47211.16279069767
1069,35,146.60214980924002,54950.6976744186
1069,40,123.2585470426914,62690.232558139534
1069,45,105.18879157198218,70429.76744186047
1069,50,90.51639266424962,78169.30232558139
1069,55,78.11120670666877,85908.83720930232
1069,60,67.71338340321547,93648.37209302325
1069,65,58.862537931453645,101387.90697674418
1069,70,51.185737410159334,109127.44186046511
1069,75,44.433622590583106,116866.97674418605
1069,80,38.55269653295683,124606.51162790698
1070,5,695.690051911839,8513.488372093023
1070,10,451.92315796267275,16253.023255813954
1070,15,342.0014664716208,23992.558139534885
1070,20,270.6069499568467,31732.093023255813
1070,25,217.13151987148782,39471.62790697675
1070,30,176.7501922870599,47211.16279069767
1070,35,146.08518115433992,54950.6976744186
1070,40,122.4397873938719,62690.232558139534
1070,45,104.09149618509231,70429.76744186047
1070,50,89.24074656848128,78169.30232558139
1070,55,76.85972069790698,85908.83720930232
1070,60,66.44487754857792,93648.37209302325
1070,65,57.46437885209696,101387.90697674418
1070,70,49.700416332867036,109127.44186046511
1070,75,43.01274411262654,116866.97674418605
1070,80,37.23092792402342,124606.51162790698
1071,5,697.613160228487,8513.488372093023
1071,10,457.06321055398416,16253.023255813954
1071,15,345.71418584090543,23992.558139534885
1071,20,273.9505024872545,31732.093023255813
1071,25,220.84939333606405,39471.62790697675
1071,30,179.69114242257743,47211.16279069767
1071,35,148.91391010615894,54950.6976744186
1071,40,124.58804648448246,62690.232558139534
1071,45,105.46537800423108,70429.76744186047
1071,50,90.37864309723827,78169.30232558139
1071,55,78.01986609344857,85908.83720930232
1071,60,67.45669902187578,93648.37209302325
1071,65,58.32020760643964,101387.90697674418
1071,70,50.436499909155465,109127.44186046511
1071,75,43.656330139534305,116866.97674418605
1071,80,37.800180865061414,124606.51162790698
1072,5,686.9175937195358,8513.488372093023
1072,10,446.550906657261,16253.023255813954
1072,15,340.47960997629417,23992.558139534885
1072,20,271.4434429797183,31732.093023255813
1072,25,217.68655656041597,39471.62790697675
1072,30,175.7615814541673,47211.16279069767
1072,35,144.14410785814357,54950.6976744186
1072,40,120.45672845659215,62690.232558139534
1072,45,102.11029414655886,70429.76744186047
1072,50,87.40793052188515,78169.30232558139
1072,55,75.1171632355956,85908.83720930232
1072,60,64.68641566093015,93648.37209302325
1072,65,55.88783708143512,101387.90697674418
1072,70,48.39064024453947,109127.44186046511
1072,75,41.85804019321484,116866.97674418605
1072,80,36.16754063887117,124606.51162790698
1073,5,688.2476896063472,8513.488372093023
1073,10,445.8270986006132,16253.023255813954
1073,15,341.69383032130264,23992.558139534885
1073,20,270.8393770694996,31732.093023255813
1073,25,217.5296361356461,39471.62790697675
1073,30,177.05085118933312,47211.16279069767
1073,35,147.08589096434946,54950.6976744186
1073,40,123.28755612225916,62690.232558139534
1073,45,104.84151306070173,70429.76744186047
1073,50,89.87359666732009,78169.30232558139
1073,55,77.58922690274534,85908.83720930232
1073,60,66.97232371402144,93648.37209302325
1073,65,57.862642293198405,101387.90697674418
1073,70,50.076356851924835,109127.44186046511
1073,75,43.43021633849205,116866.97674418605
1073,80,37.60433267766293,124606.51162790698
1074,5,688.0688731660887,8513.488372093023
1074,10,455.1989988177782,16253.023255813954
1074,15,346.0439027413923,23992.558139534885
1074,20,272.6362490670233,31732.093023255813
1074,25,217.35033071356324,39471.62790697675
1074,30,177.28231527236446,47211.16279069767
1074,35,147.13445670042805,54950.6976744186
1074,40,123.35670852876248,62690.232558139534
1074,45,105.02878589227564,70429.76744186047
1074,50,90.2609861610672,78169.30232558139
1074,55,77.89999285102782,85908.83720930232
1074,60,67.47450270191212,93648.37209302325
1074,65,58.49325788177986,101387.90697674418
1074,70,50.72397030572478,109127.44186046511
1074,75,43.90830826910438,116866.97674418605
1074,80,38.04917758188251,124606.51162790698
