frameNumber,components,mse,sizeBytes,genTime,recvTime,delay_ms,receivedOnTime,effectiveError,deadline_ms,cqi
0,150,38.0444,11640,0.031273468,0.033500000,2.226532,1,38.044383,5.000000,11
1,150,38.044383,11640,0.045780686,0.048000000,2.219314,1,38.044383,5.000000,11
2,150,36.276713,11640,0.060822199,0.063000000,2.177801,1,36.276713,5.000000,11
3,150,36.277677,11640,0.076656979,0.079000000,2.343021,1,36.277677,5.000000,11
4,150,33.061385,11640,0.089385514,0.091500000,2.114486,1,33.061385,5.000000,11
5,150,33.061401,11640,0.103768417,0.109000000,5.231583,0,2120.889459,5.000000,11
6,150,30.941057,11640,0.117167617,0.119500000,2.332383,1,30.941057,5.000000,11
7,150,30.940720,11640,0.131835715,0.134000000,2.164285,1,30.940720,5.000000,11
8,150,27.990854,11640,0.146223608,0.148500000,2.276392,1,27.990854,5.000000,11
9,150,27.991516,11640,0.159803731,0.162500000,2.696269,1,27.991516,5.000000,11
10,150,25.593688,11640,0.174096340,0.176500000,2.403660,1,25.593688,5.000000,11
11,150,25.606607,11640,0.189849505,0.192000000,2.150495,1,25.606607,5.000000,11
12,150,23.381792,11640,0.203465706,0.209000000,5.534294,0,2120.889459,5.000000,11
13,150,23.381979,11640,0.218279171,0.220500000,2.220829,1,23.381979,5.000000,11
14,150,20.825790,11640,0.231082488,0.236500000,5.417512,0,2120.889459,5.000000,11
15,150,20.825869,11640,0.243971272,0.246000000,2.028728,1,20.825869,5.000000,11
16,150,19.555267,11640,0.259704208,0.262000000,2.295792,1,19.555267,5.000000,11
18,150,17.672561,11640,0.273413862,0.275500000,2.086138,1,17.672561,5.000000,11
20,150,15.602679,11640,0.287069437,0.289500000,2.430563,1,15.602679,5.000000,11
21,150,15.603424,11640,0.301904685,0.307000000,5.095315,0,2120.889459,5.000000,13
22,150,13.965334,11640,0.316309234,0.318500000,2.190766,1,13.965334,5.000000,13
24,150,12.119662,11640,0.330698766,0.336000000,5.301234,0,2120.889459,5.000000,13
25,150,10.709548,11640,0.344461362,0.349500000,5.038638,0,2120.889459,5.000000,13
27,150,9.558966,11640,0.357341795,0.359500000,2.158205,1,9.558966,5.000000,13
28,150,9.510504,11640,0.370871674,0.373500000,2.628326,1,9.510504,5.000000,13
29,150,8.414012,11640,0.387066638,0.389500000,2.433362,1,8.414012,5.000000,13
30,150,8.414909,11640,0.400882955,0.409000000,8.117045,0,2120.889459,5.000000,13
32,150,7.351131,11640,0.413719233,0.416000000,2.280767,1,7.351131,5.000000,13
34,150,6.419489,11640,0.427910234,0.430000000,2.089766,1,6.419489,5.000000,13
35,150,5.387305,11640,0.441624158,0.444000000,2.375842,1,5.387305,5.000000,13
36,150,5.394601,11640,0.454701015,0.457000000,2.298985,1,5.394601,5.000000,13
38,150,4.578317,11640,0.470344862,0.472500000,2.155138,1,4.578317,5.000000,13
39,150,4.064486,11640,0.488442560,0.490500000,2.057440,1,4.064486,5.000000,13
40,150,4.065060,11640,0.501611017,0.507000000,5.388983,0,2120.889459,5.000000,13
42,150,3.403817,11640,0.518181093,0.520500000,2.318907,1,3.403817,5.000000,13
43,150,3.116309,11640,0.531805581,0.534000000,2.194419,1,3.116309,5.000000,13
44,150,3.124522,11640,0.544973851,0.547000000,2.026149,1,3.124522,5.000000,13
45,150,2.848387,11640,0.558216037,0.560500000,2.283963,1,2.848387,5.000000,13
46,150,2.849350,11640,0.573793337,0.579000000,5.206663,0,2120.889459,5.000000,13
47,150,2.686286,11640,0.587563787,0.590000000,2.436213,1,2.686286,5.000000,13
49,150,2.658185,11640,0.601842497,0.607000000,5.157503,0,2120.889459,5.000000,13
51,150,2.749246,11640,0.615150333,0.617500000,2.349667,1,2.749246,5.000000,13
52,150,2.930168,11640,0.629381191,0.631500000,2.118809,1,2.930168,5.000000,13
53,150,2.930135,11640,0.642874384,0.645000000,2.125616,1,2.930135,5.000000,13
54,150,3.292998,11640,0.656596651,0.659000000,2.403349,1,3.292998,5.000000,13
55,150,3.296489,11640,0.672119179,0.674500000,2.380821,1,3.296489,5.000000,13
57,150,3.660401,11640,0.687375453,0.689500000,2.124547,1,3.660401,5.000000,13
58,150,3.660715,11640,0.701932246,0.707000000,5.067754,0,2120.889459,5.000000,13
59,150,3.660598,11640,0.717388899,0.719500000,2.111101,1,3.660598,5.000000,13
60,150,3.660514,11640,0.733867204,0.736000000,2.132796,1,3.660514,5.000000,13
62,150,3.660391,11640,0.747251848,0.749500000,2.248152,1,3.660391,5.000000,13
63,150,3.660577,11640,0.761317772,0.763500000,2.182228,1,3.660577,5.000000,13
64,150,3.660627,11640,0.776727923,0.779000000,2.272077,1,3.660627,5.000000,13
66,150,3.660512,11640,0.792362777,0.794500000,2.137223,1,3.660512,5.000000,13
67,150,3.660512,11640,0.805626570,0.811000000,5.373430,0,2120.889459,5.000000,13
68,150,3.660585,11640,0.819879968,0.822000000,2.120032,1,3.660585,5.000000,13
70,150,3.660585,11640,0.834885543,0.837000000,2.114457,1,3.660585,5.000000,13
71,150,3.660585,11640,0.850186122,0.852500000,2.313878,1,3.660585,5.000000,13
72,150,3.660585,11640,0.863573883,0.866000000,2.426117,1,3.660585,5.000000,13
74,150,3.660585,11640,0.878382968,0.880500000,2.117032,1,3.660585,5.000000,13
75,150,3.660585,11640,0.891776187,0.894000000,2.223813,1,3.660585,5.000000,13
76,150,3.660585,11640,0.904659868,0.910000000,5.340132,0,2120.889459,5.000000,14
77,150,3.660585,11640,0.919649450,0.922000000,2.350550,1,3.660585,5.000000,14
78,150,3.660585,11640,0.933598703,0.936500000,2.901297,1,3.660585,5.000000,14
81,150,3.660585,11640,0.946633139,0.949000000,2.366861,1,3.660585,5.000000,14
82,150,3.660585,11640,0.960788970,0.963500000,2.711030,1,3.660585,5.000000,14
83,150,3.660585,11640,0.973656084,0.976000000,2.343916,1,3.660585,5.000000,14
84,150,3.660585,11640,0.988286076,0.990500000,2.213924,1,3.660585,5.000000,14
85,150,3.660585,11640,1.003464278,1.008500000,5.035722,0,2120.889459,5.000000,14
86,150,3.660585,11640,1.018756075,1.021000000,2.243925,1,3.660585,5.000000,14
88,150,3.660585,11640,1.033807674,1.036500000,2.692326,1,3.660585,5.000000,14
89,150,3.660585,11640,1.047550384,1.050000000,2.449616,1,3.660585,5.000000,14
90,150,3.660585,11640,1.061617112,1.064000000,2.382888,1,3.660585,5.000000,14
92,150,3.660585,11640,1.074736134,1.077000000,2.263866,1,3.660585,5.000000,14
94,150,3.660585,11640,1.089036988,1.091500000,2.463012,1,3.660585,5.000000,14
96,150,3.660585,11640,1.101903147,1.107000000,5.096853,0,2120.889459,5.000000,14
97,150,3.660448,11640,1.114840631,1.117000000,2.159369,1,3.660448,5.000000,14
98,150,2.966194,11640,1.128305888,1.131000000,2.694112,1,2.966194,5.000000,14
99,150,2.966194,11640,1.141862668,1.144000000,2.137332,1,2.966194,5.000000,14
100,150,3.446909,11640,1.155665182,1.158000000,2.334818,1,3.446909,5.000000,14
102,150,5.685541,11640,1.168540916,1.171000000,2.459084,1,5.685541,5.000000,14
103,150,5.677163,11640,1.181755796,1.187000000,5.244204,0,2120.889459,5.000000,14
104,150,9.798303,11640,1.195993132,1.198500000,2.506868,1,9.798303,5.000000,14
105,150,9.764889,11640,1.209370906,1.214500000,5.129094,0,2120.889459,5.000000,14
107,150,15.311182,11640,1.222208479,1.224500000,2.291521,1,15.311182,5.000000,14
108,150,23.059711,11640,1.235591220,1.238000000,2.408780,1,23.059711,5.000000,14
109,150,23.056671,11640,1.252083988,1.254500000,2.416012,1,23.056671,5.000000,14
110,150,31.394828,11640,1.265596149,1.268000000,2.403851,1,31.394828,5.000000,14
111,150,31.397395,11640,1.279521176,1.282000000,2.478824,1,31.397395,5.000000,14
112,150,45.880573,11640,1.293630581,1.296000000,2.369419,1,45.880573,5.000000,14
113,150,45.863533,11640,1.306427783,1.311500000,5.072217,0,2120.889459,5.000000,14
114,150,44.441743,11640,1.320843143,1.323500000,2.656857,1,44.441743,5.000000,14
115,150,44.441858,11640,1.335288590,1.340500000,5.211410,0,2120.889459,5.000000,14
116,150,38.272904,11640,1.349659334,1.352000000,2.340666,1,38.272904,5.000000,14
117,150,38.281718,11640,1.364894154,1.367000000,2.105846,1,38.281718,5.000000,14
119,150,35.033769,11640,1.379745919,1.382000000,2.254081,1,35.033769,5.000000,14
120,150,31.956318,11640,1.393831669,1.396000000,2.168331,1,31.956318,5.000000,14
121,150,23.077033,11640,1.407534162,1.413000000,5.465838,0,2120.889459,5.000000,14
122,150,23.077019,11640,1.420621736,1.423500000,2.878264,1,23.077019,5.000000,14
123,150,19.531745,11640,1.434333837,1.436500000,2.166163,1,19.531745,5.000000,14
124,150,19.469740,11640,1.447694558,1.450000000,2.305442,1,19.469740,5.000000,14
125,150,15.164833,11640,1.461709310,1.464500000,2.790690,1,15.164833,5.000000,14
126,150,15.164833,11640,1.475002262,1.477500000,2.497738,1,15.164833,5.000000,14
127,150,13.464212,11640,1.489784651,1.492000000,2.215349,1,13.464212,5.000000,14
128,150,13.464213,11640,1.502930410,1.508000000,5.069590,0,2120.889459,5.000000,13
129,150,8.577976,11640,1.516308240,1.518500000,2.191760,1,8.577976,5.000000,13
130,150,8.605216,11640,1.530648450,1.533000000,2.351550,1,8.605216,5.000000,13
133,150,3.484525,11640,1.544124648,1.546500000,2.375352,1,3.484525,5.000000,13
134,150,3.484525,11640,1.556981552,1.559500000,2.518448,1,3.484525,5.000000,13
135,150,3.083896,11640,1.570199514,1.572500000,2.300486,1,3.083896,5.000000,13
136,150,3.083896,11640,1.583356089,1.585500000,2.143911,1,3.083896,5.000000,13
137,150,2.599970,11640,1.598995032,1.604500000,5.504968,0,2120.889459,5.000000,13
138,150,2.638964,11640,1.614920840,1.617000000,2.079160,1,2.638964,5.000000,13
139,150,2.218754,11640,1.629576301,1.632000000,2.423699,1,2.218754,5.000000,13
140,150,2.218718,11640,1.643937726,1.646000000,2.062274,1,2.218718,5.000000,13
141,150,2.028466,11640,1.656758558,1.659000000,2.241442,1,2.028466,5.000000,13
142,150,2.028502,11640,1.669620275,1.672000000,2.379725,1,2.028502,5.000000,13
143,150,1.886881,11640,1.682656292,1.685000000,2.343708,1,1.886881,5.000000,13
144,150,1.762773,11640,1.695569736,1.698000000,2.430264,1,1.762773,5.000000,13
145,150,1.764817,11640,1.709757358,1.715000000,5.242642,0,2120.889459,5.000000,13
146,150,1.706490,11640,1.727727328,1.730000000,2.272672,1,1.706490,5.000000,13
147,150,1.686259,11640,1.741958482,1.744000000,2.041518,1,1.686259,5.000000,13
148,150,1.634047,11640,1.758571945,1.761000000,2.428055,1,1.634047,5.000000,13
150,150,1.947496,11640,1.772996197,1.775500000,2.503803,1,1.947496,5.000000,13
151,150,1.949488,11640,1.786939575,1.789000000,2.060425,1,1.949488,5.000000,13
152,150,2.309586,11640,1.804930824,1.810000000,5.069176,0,2120.889459,5.000000,14
153,150,2.312459,11640,1.819182794,1.821500000,2.317206,1,2.312459,5.000000,14
154,150,2.559463,11640,1.833882123,1.836000000,2.117877,1,2.559463,5.000000,14
155,150,2.560198,11640,1.846718944,1.849000000,2.281056,1,2.560198,5.000000,14
156,150,2.565401,11640,1.861616860,1.864000000,2.383140,1,2.565401,5.000000,14
158,150,3.133744,11640,1.877214877,1.879500000,2.285123,1,3.133744,5.000000,14
159,150,3.133744,11640,1.890920106,1.893000000,2.079894,1,3.133744,5.000000,14
160,150,3.489761,11640,1.904979503,1.910000000,5.020497,0,2120.889459,5.000000,14
161,150,3.489805,11640,1.918448235,1.923500000,5.051765,0,2120.889459,5.000000,14
162,150,4.370872,11640,1.932410167,1.934500000,2.089833,1,4.370872,5.000000,14
163,150,4.370872,11640,1.947661169,1.950000000,2.338831,1,4.370872,5.000000,14
164,150,3.920602,11640,1.960463066,1.962500000,2.036934,1,3.920602,5.000000,14
165,150,3.921124,11640,1.973801784,1.976000000,2.198216,1,3.921124,5.000000,14
166,150,3.886387,11640,1.988925478,1.991000000,2.074522,1,3.886387,5.000000,14
170,150,5.079626,11640,2.004490037,2.010000000,5.509963,0,2120.889459,5.000000,14
171,150,4.042859,11640,2.017914664,2.020000000,2.085336,1,4.042859,5.000000,14
172,150,4.042547,11640,2.030789547,2.033000000,2.210453,1,4.042547,5.000000,14
173,150,4.563968,11640,2.045334368,2.047500000,2.165632,1,4.563968,5.000000,14
174,150,4.562809,11640,2.059183422,2.061500000,2.316578,1,4.562809,5.000000,14
175,150,4.204539,11640,2.073696080,2.076500000,2.803920,1,4.204539,5.000000,14
178,150,4.884137,11640,2.088066418,2.093500000,5.433582,0,2120.889459,5.000000,14
180,150,4.179571,11640,2.101397987,2.106500000,5.102013,0,2120.889459,5.000000,12
182,150,3.818428,11640,2.114628890,2.117000000,2.371110,1,3.818428,5.000000,12
183,150,3.992042,11640,2.128417504,2.130500000,2.082496,1,3.992042,5.000000,12
184,150,3.991989,11640,2.142760624,2.145500000,2.739376,1,3.991989,5.000000,12
186,150,4.469836,11640,2.156975786,2.165000000,8.024214,0,2120.889459,5.000000,12
187,150,4.230975,11640,2.171331222,2.173500000,2.168778,1,4.230975,5.000000,12
188,150,4.221971,11640,2.184540778,2.187000000,2.459222,1,4.221971,5.000000,12
189,150,4.375933,11640,2.197527302,2.200000000,2.472698,1,4.375933,5.000000,12
190,150,4.376234,11640,2.212055587,2.217500000,5.444413,0,2120.889459,5.000000,12
191,150,3.655939,11640,2.228497340,2.231000000,2.502660,1,3.655939,5.000000,12
192,150,3.736420,11640,2.243685240,2.249000000,5.314760,0,2120.889459,5.000000,12
193,150,3.735787,11640,2.258606018,2.261000000,2.393982,1,3.735787,5.000000,12
194,150,4.362495,11640,2.271611438,2.277000000,5.388562,0,2120.889459,5.000000,12
195,150,4.362866,11640,2.286360640,2.291500000,5.139360,0,2120.889459,5.000000,12
196,150,4.670129,11640,2.301385825,2.306500000,5.114175,0,2120.889459,5.000000,12
197,150,4.691924,11640,2.317148870,2.319500000,2.351130,1,4.691924,5.000000,12
198,150,4.803369,11640,2.332194604,2.334500000,2.305396,1,4.803369,5.000000,12
200,150,4.621212,11640,2.347250174,2.349500000,2.249826,1,4.621212,5.000000,12
201,150,4.621212,11640,2.360504765,2.363000000,2.495235,1,4.621212,5.000000,12
202,150,4.171752,11640,2.373454492,2.381500000,8.045508,0,2120.889459,5.000000,12
203,150,4.223237,11640,2.387700649,2.390500000,2.799351,1,4.223237,5.000000,12
204,150,3.807607,11640,2.403952073,2.409000000,5.047927,0,2120.889459,5.000000,12
205,150,3.807607,11640,2.419313604,2.421500000,2.186396,1,3.807607,5.000000,12
206,150,3.444495,11640,2.433321776,2.435500000,2.178224,1,3.444495,5.000000,12
207,150,3.444747,11640,2.446009447,2.448500000,2.490553,1,3.444747,5.000000,12
208,150,3.246871,11640,2.460458731,2.465500000,5.041269,0,2120.889459,5.000000,12
209,150,3.220813,11640,2.474535205,2.477500000,2.964795,1,3.220813,5.000000,12
210,150,3.361115,11640,2.490910484,2.493000000,2.089516,1,3.361115,5.000000,12
211,150,3.361070,11640,2.505336090,2.513500000,8.163910,0,2120.889459,5.000000,12
212,150,3.885421,11640,2.518113664,2.520500000,2.386336,1,3.885421,5.000000,12
213,150,3.885421,11640,2.532142982,2.534500000,2.357018,1,3.885421,5.000000,12
214,150,4.082656,11640,2.545092875,2.547500000,2.407125,1,4.082656,5.000000,12
215,150,4.082656,11640,2.558878303,2.561000000,2.121697,1,4.082656,5.000000,12
216,150,3.704014,11640,2.573468718,2.575500000,2.031282,1,3.704014,5.000000,12
218,150,3.312657,11640,2.589396978,2.591500000,2.103022,1,3.312657,5.000000,12
219,150,3.048622,11640,2.602889332,2.608000000,5.110668,0,2120.889459,5.000000,12
220,150,3.014049,11640,2.618089462,2.623500000,5.410538,0,2120.889459,5.000000,12
221,150,2.989930,11640,2.632658097,2.635000000,2.341903,1,2.989930,5.000000,12
223,150,2.544866,11640,2.648184580,2.650500000,2.315420,1,2.544866,5.000000,12
224,150,2.544866,11640,2.665476423,2.670500000,5.023577,0,2120.889459,5.000000,12
225,150,2.315141,11640,2.680749889,2.686000000,5.250111,0,2120.889459,5.000000,12
226,150,2.315141,11640,2.696420560,2.701500000,5.079440,0,2120.889459,5.000000,12
227,150,2.236528,11640,2.709850718,2.718000000,8.149282,0,2120.889459,5.000000,10
228,150,2.214444,11640,2.723327721,2.725500000,2.172279,1,2.214444,5.000000,10
229,150,2.202015,11640,2.737356472,2.739500000,2.143528,1,2.202015,5.000000,10
231,150,2.260616,11640,2.753093324,2.761500000,8.406676,0,2120.889459,5.000000,10
232,150,2.257713,11640,2.767833827,2.770000000,2.166173,1,2.257713,5.000000,10
234,150,2.257713,11640,2.784046512,2.789500000,5.453488,0,2120.889459,5.000000,10
235,150,2.257713,11640,2.802040170,2.807500000,5.459830,0,2120.889459,5.000000,10
236,150,2.257713,11640,2.815710601,2.818000000,2.289399,1,2.257713,5.000000,10
237,150,2.257713,11640,2.829147587,2.834500000,5.352413,0,2120.889459,5.000000,10
238,150,2.257713,11640,2.842844350,2.851000000,8.155650,0,2120.889459,5.000000,10
240,150,2.257713,11640,2.856308286,2.858500000,2.191714,1,2.257713,5.000000,10
241,150,2.257713,11640,2.870470046,2.875500000,5.029954,0,2120.889459,5.000000,10
242,150,2.257713,11640,2.884274731,2.889500000,5.225269,0,2120.889459,5.000000,10
243,150,2.257713,11640,2.901115080,2.906500000,5.384920,0,2120.889459,5.000000,10
244,150,2.257713,11640,2.915099788,2.917500000,2.400212,1,2.257713,5.000000,10
246,150,2.257713,11640,2.929889255,2.932000000,2.110745,1,2.257713,5.000000,10
247,150,2.257713,11640,2.946476031,2.949000000,2.523969,1,2.257713,5.000000,10
248,150,2.257713,11640,2.961114117,2.966500000,5.385883,0,2120.889459,5.000000,10
249,150,2.257713,11640,2.974315341,2.977000000,2.684659,1,2.257713,5.000000,10
250,150,2.257713,11640,2.988885523,2.994000000,5.114477,0,2120.889459,5.000000,10
252,150,2.257713,11640,3.003509860,3.009000000,5.490140,0,2120.889459,5.000000,13
253,150,2.257713,11640,3.016961355,3.019000000,2.038645,1,2.257713,5.000000,13
254,150,2.257713,11640,3.030131865,3.032500000,2.368135,1,2.257713,5.000000,13
255,150,2.257713,11640,3.044734859,3.047000000,2.265141,1,2.257713,5.000000,13
256,150,2.257713,11640,3.060155575,3.062500000,2.344425,1,2.257713,5.000000,13
258,150,2.257713,11640,3.074022111,3.076500000,2.477889,1,2.257713,5.000000,13
259,150,2.655547,11640,3.089467988,3.091500000,2.032012,1,2.655547,5.000000,13
260,150,3.100787,11640,3.102707494,3.111000000,8.292506,0,2120.889459,5.000000,13
261,150,4.226624,11640,3.117036717,3.119500000,2.463283,1,4.226624,5.000000,13
262,150,4.995395,11640,3.132242547,3.134500000,2.257453,1,4.995395,5.000000,13
264,150,6.544570,11640,3.147854277,3.150000000,2.145723,1,6.544570,5.000000,13
265,150,7.518867,11640,3.160655909,3.163500000,2.844091,1,7.518867,5.000000,13
266,150,9.238185,11640,3.177027703,3.179500000,2.472297,1,9.238185,5.000000,13
267,150,11.002614,11640,3.192927067,3.195000000,2.072933,1,11.002614,5.000000,13
268,150,12.479247,11640,3.206371780,3.211500000,5.128220,0,2120.889459,5.000000,13
269,150,14.005710,11640,3.220831853,3.223000000,2.168147,1,14.005710,5.000000,13
270,150,16.175150,11640,3.234126187,3.236500000,2.373813,1,16.175150,5.000000,13
271,150,18.761713,11640,3.246856877,3.249000000,2.143123,1,18.761713,5.000000,13
272,150,20.844683,11640,3.261051459,3.266500000,5.448541,0,2120.889459,5.000000,13
273,150,22.884940,11640,3.274405313,3.276500000,2.094687,1,22.884940,5.000000,13
274,150,25.603306,11640,3.288020709,3.290500000,2.479291,1,25.603306,5.000000,13
275,150,27.569110,11640,3.303086178,3.308500000,5.413822,0,2120.889459,5.000000,14
276,150,30.011033,11640,3.316099997,3.318500000,2.400003,1,30.011033,5.000000,14
277,150,32.939152,11640,3.328854484,3.331000000,2.145516,1,32.939152,5.000000,14
278,150,34.895175,11640,3.345705634,3.348500000,2.794366,1,34.895175,5.000000,14
279,150,37.856900,11640,3.360011305,3.362500000,2.488695,1,37.856900,5.000000,14
280,150,41.040856,11640,3.376716657,3.379000000,2.283343,1,41.040856,5.000000,14
281,150,44.053593,11640,3.389521931,3.392000000,2.478069,1,44.053593,5.000000,14
282,150,47.711474,11640,3.402898692,3.408000000,5.101308,0,2120.889459,5.000000,14
283,150,50.736762,11640,3.418372898,3.420500000,2.127102,1,50.736762,5.000000,14
284,150,53.924222,11640,3.431519612,3.434000000,2.480388,1,53.924222,5.000000,14
285,150,57.248683,11640,3.444589348,3.447000000,2.410652,1,57.248683,5.000000,14
286,150,60.549824,11640,3.459212564,3.461500000,2.287436,1,60.549824,5.000000,14
287,150,64.818542,11640,3.473199271,3.478500000,5.300729,0,2120.889459,5.000000,14
288,150,63.413924,11640,3.486822442,3.489000000,2.177558,1,63.413924,5.000000,14
289,150,67.095790,11640,3.499524540,3.505000000,5.475460,0,2120.889459,5.000000,14
290,150,70.621563,11640,3.512500174,3.515000000,2.499826,1,70.621563,5.000000,14
291,150,73.576236,11640,3.527503022,3.530000000,2.496978,1,73.576236,5.000000,14
292,150,74.052162,11640,3.541672997,3.544000000,2.327003,1,74.052162,5.000000,14
293,150,77.739129,11640,3.554873690,3.557000000,2.126310,1,77.739129,5.000000,14
294,150,81.034205,11640,3.569227967,3.571500000,2.272033,1,81.034205,5.000000,14
295,150,85.001392,11640,3.585093509,3.587500000,2.406491,1,85.001392,5.000000,14
296,150,85.474190,11640,3.598189444,3.600500000,2.310556,1,85.474190,5.000000,14
297,150,85.927056,11640,3.611807181,3.620000000,8.192819,0,2120.889459,5.000000,13
298,150,88.861976,11640,3.624498217,3.627000000,2.501783,1,88.861976,5.000000,13
299,150,89.790437,11640,3.639161183,3.644500000,5.338817,0,2120.889459,5.000000,13
300,150,91.271594,11640,3.654878661,3.660000000,5.121339,0,2120.889459,5.000000,13
301,150,95.092162,11640,3.667668254,3.673000000,5.331746,0,2120.889459,5.000000,13
302,150,97.799727,11640,3.681448124,3.686500000,5.051876,0,2120.889459,5.000000,13
303,150,97.804794,11640,3.694235890,3.699500000,5.264110,0,2120.889459,5.000000,13
304,150,96.127642,11640,3.707156493,3.712500000,5.343507,0,2120.889459,5.000000,13
305,150,95.432341,11640,3.720334147,3.722500000,2.165853,1,95.432341,5.000000,13
306,150,96.650311,11640,3.733702981,3.736500000,2.797019,1,96.650311,5.000000,13
307,150,94.480288,11640,3.748184854,3.750500000,2.315146,1,94.480288,5.000000,13
309,150,94.559436,11640,3.763902861,3.766000000,2.097139,1,94.559436,5.000000,13
310,150,92.712066,11640,3.777397593,3.785500000,8.102407,0,2120.889459,5.000000,13
311,150,93.710744,11640,3.790278311,3.792500000,2.221689,1,93.710744,5.000000,13
312,150,90.583483,11640,3.805757795,3.811000000,5.242205,0,2120.889459,5.000000,13
313,150,88.516496,11640,3.819097034,3.822000000,2.902966,1,88.516496,5.000000,13
314,150,79.764913,11640,3.834489051,3.837000000,2.510949,1,79.764913,5.000000,13
316,150,66.001327,11640,3.850012616,3.852500000,2.487384,1,66.001327,5.000000,13
317,150,61.284728,11640,3.864167885,3.867000000,2.832115,1,61.284728,5.000000,13
320,150,51.468483,11640,3.878068919,3.881000000,2.931081,1,51.468483,5.000000,13
322,150,50.194749,11640,3.891714836,3.897000000,5.285164,0,2120.889459,5.000000,13
323,150,49.233894,11640,3.906029554,3.911500000,5.470446,0,2120.889459,5.000000,12
324,150,50.512224,11640,3.918878580,3.924000000,5.121420,0,2120.889459,5.000000,12
325,150,47.727315,11640,3.931786146,3.934000000,2.213854,1,47.727315,5.000000,12
326,150,49.834409,11640,3.947108401,3.949500000,2.391599,1,49.834409,5.000000,12
327,150,48.461599,11640,3.960481891,3.963000000,2.518109,1,48.461599,5.000000,12
329,150,49.910600,11640,3.974399478,3.976500000,2.100522,1,49.910600,5.000000,12
330,150,51.947901,11640,3.990039750,3.992500000,2.460250,1,51.947901,5.000000,12
331,150,51.618135,11640,4.002918358,4.014000000,11.081642,0,2120.889459,5.000000,12
333,150,52.342126,11640,4.016917581,4.019000000,2.082419,1,52.342126,5.000000,12
335,150,59.210930,11640,4.030113222,4.032500000,2.386778,1,59.210930,5.000000,12
336,150,61.138916,11640,4.044307755,4.046500000,2.192245,1,61.138916,5.000000,12
337,150,66.281814,11640,4.059475603,4.061500000,2.024397,1,66.281814,5.000000,12
338,150,68.902608,11640,4.072603477,4.075000000,2.396523,1,68.902608,5.000000,12
339,150,72.548872,11640,4.086798737,4.092000000,5.201263,0,2120.889459,5.000000,12
340,150,72.933879,11640,4.099861176,4.105000000,5.138824,0,2120.889459,5.000000,12
341,150,74.138456,11640,4.114367683,4.116500000,2.132317,1,74.138456,5.000000,12
342,150,72.796875,11640,4.128309604,4.130500000,2.190396,1,72.796875,5.000000,12
343,150,75.266623,11640,4.141280571,4.143500000,2.219429,1,75.266623,5.000000,12
344,150,74.439894,11640,4.156558897,4.162000000,5.441103,0,2120.889459,5.000000,12
345,150,74.630217,11640,4.169375504,4.174500000,5.124496,0,2120.889459,5.000000,12
346,150,74.403973,11640,4.183952626,4.186000000,2.047374,1,74.403973,5.000000,12
347,150,74.845927,11640,4.196743234,4.205000000,8.256766,0,2120.889459,5.000000,11
348,150,72.550115,11640,4.211912685,4.214000000,2.087315,1,72.550115,5.000000,11
350,150,72.616072,11640,4.224792484,4.227000000,2.207516,1,72.616072,5.000000,11
351,150,71.871260,11640,4.238348930,4.240500000,2.151070,1,71.871260,5.000000,11
352,150,71.672757,11640,4.253010021,4.255500000,2.489979,1,71.672757,5.000000,11
355,150,80.146114,11640,4.265702330,4.268000000,2.297670,1,80.146114,5.000000,11
356,150,83.660870,11640,4.278612869,4.281500000,2.887131,1,83.660870,5.000000,11
357,150,86.125108,11640,4.292984006,4.295500000,2.515994,1,86.125108,5.000000,11
358,150,89.965419,11640,4.306300170,4.311500000,5.199830,0,2120.889459,5.000000,11
359,150,93.901749,11640,4.320095285,4.322500000,2.404715,1,93.901749,5.000000,11
360,150,96.127527,11640,4.334694607,4.337000000,2.305393,1,96.127527,5.000000,11
361,150,99.474446,11640,4.348859555,4.351500000,2.640445,1,99.474446,5.000000,11
362,150,99.762338,11640,4.362164620,4.364500000,2.335380,1,99.762338,5.000000,11
363,150,102.501590,11640,4.374988474,4.377500000,2.511526,1,102.501590,5.000000,11
364,150,102.526976,11640,4.388070008,4.390500000,2.429992,1,102.526976,5.000000,11
365,150,103.398885,11640,4.401853748,4.407000000,5.146252,0,2120.889459,5.000000,11
366,150,105.052605,11640,4.416121522,4.418500000,2.378478,1,105.052605,5.000000,11
368,150,111.463040,11640,4.432809164,4.435000000,2.190836,1,111.463040,5.000000,11
369,150,113.822282,11640,4.445482430,4.448000000,2.517570,1,113.822282,5.000000,11
370,150,117.552413,11640,4.460921695,4.463000000,2.078305,1,117.552413,5.000000,11
371,150,119.134847,11640,4.477758096,4.483000000,5.241904,0,2120.889459,5.000000,11
372,150,122.015579,11640,4.491221037,4.493500000,2.278963,1,122.015579,5.000000,11
373,150,120.510678,11640,4.505909097,4.511000000,5.090903,0,2120.889459,5.000000,10
374,150,123.706054,11640,4.518622153,4.521000000,2.377847,1,123.706054,5.000000,10
375,150,122.986510,11640,4.531413614,4.533500000,2.086386,1,122.986510,5.000000,10
376,150,125.818165,11640,4.545012991,4.547500000,2.487009,1,125.818165,5.000000,10
377,150,125.309023,11640,4.557714857,4.560000000,2.285143,1,125.309023,5.000000,10
378,150,125.936753,11640,4.571352309,4.579500000,8.147691,0,2120.889459,5.000000,10
379,150,123.139826,11640,4.584702542,4.587500000,2.797458,1,123.139826,5.000000,10
380,150,124.228363,11640,4.598153874,4.603500000,5.346126,0,2120.889459,5.000000,10
382,150,125.035750,11640,4.610965355,4.616000000,5.034645,0,2120.889459,5.000000,10
383,150,128.067867,11640,4.624264580,4.626500000,2.235420,1,128.067867,5.000000,10
384,150,127.222730,11640,4.637428821,4.642500000,5.071179,0,2120.889459,5.000000,10
385,150,128.685531,11640,4.651920906,4.657000000,5.079094,0,2120.889459,5.000000,10
386,150,127.839796,11640,4.664914176,4.667000000,2.085824,1,127.839796,5.000000,10
387,150,130.801286,11640,4.681350915,4.686500000,5.149085,0,2120.889459,5.000000,10
388,150,130.944097,11640,4.695858142,4.698000000,2.141858,1,130.944097,5.000000,10
389,150,131.924398,11640,4.711840116,4.717000000,5.159884,0,2120.889459,5.000000,10
390,150,129.525193,11640,4.725277521,4.727500000,2.222479,1,129.525193,5.000000,10
391,150,129.991770,11640,4.743165613,4.748500000,5.334387,0,2120.889459,5.000000,10
392,150,128.145438,11640,4.757271473,4.765500000,8.228527,0,2120.889459,5.000000,10
394,150,129.517152,11640,4.770742119,4.773000000,2.257881,1,129.517152,5.000000,10
395,150,132.280872,11640,4.784936524,4.787000000,2.063476,1,132.280872,5.000000,10
396,150,131.857742,11640,4.799290227,4.804500000,5.209773,0,2120.889459,5.000000,13
397,150,134.403901,11640,4.813325481,4.815500000,2.174519,1,134.403901,5.000000,13
398,150,135.415228,11640,4.828186364,4.830500000,2.313636,1,135.415228,5.000000,13
399,150,139.245767,11640,4.841194908,4.843500000,2.305092,1,139.245767,5.000000,13
400,150,137.867817,11640,4.855349341,4.857500000,2.150659,1,137.867817,5.000000,13
401,150,140.018933,11640,4.868047681,4.870500000,2.452319,1,140.018933,5.000000,13
402,150,141.047706,11640,4.883009730,4.885500000,2.490270,1,141.047706,5.000000,13
403,150,142.620051,11640,4.896157006,4.898500000,2.342994,1,142.620051,5.000000,13
404,150,138.816053,11640,4.911926375,4.917000000,5.073625,0,2120.889459,5.000000,13
405,150,137.784821,11640,4.927883117,4.930000000,2.116883,1,137.784821,5.000000,13
406,150,134.051797,11640,4.943317015,4.946000000,2.682985,1,134.051797,5.000000,13
407,150,136.310517,11640,4.961296663,4.963500000,2.203337,1,136.310517,5.000000,13
409,150,138.471884,11640,4.976191153,4.978500000,2.308847,1,138.471884,5.000000,13
410,150,143.792056,11640,4.989731219,4.992000000,2.268781,1,143.792056,5.000000,13
411,150,147.749609,11640,5.003303824,5.011500000,8.196176,0,2120.889459,5.000000,13
412,150,150.958580,11640,5.018413410,5.020500000,2.086590,1,150.958580,5.000000,13
413,150,152.136540,11640,5.032352885,5.034500000,2.147115,1,152.136540,5.000000,13
414,150,154.270294,11640,5.046442824,5.048500000,2.057176,1,154.270294,5.000000,13
415,150,150.525031,11640,5.060325027,5.062500000,2.174973,1,150.525031,5.000000,13
416,150,148.407175,11640,5.074085082,5.076500000,2.414918,1,148.407175,5.000000,13
417,150,140.226687,11640,5.087504922,5.090000000,2.495078,1,140.226687,5.000000,13
418,150,136.329378,11640,5.101373280,5.109500000,8.126720,0,2120.889459,5.000000,13
419,150,127.043463,11640,5.118772829,5.121000000,2.227171,1,127.043463,5.000000,13
420,150,123.336968,11640,5.133537346,5.136000000,2.462654,1,123.336968,5.000000,13
421,150,116.890330,11640,5.148204264,5.150500000,2.295736,1,116.890330,5.000000,13
422,150,116.099273,11640,5.161713817,5.164500000,2.786183,1,116.099273,5.000000,13
423,150,112.399700,11640,5.176755444,5.179000000,2.244556,1,112.399700,5.000000,13
424,150,111.587037,11640,5.190437596,5.192500000,2.062404,1,111.587037,5.000000,13
425,150,108.181798,11640,5.204044415,5.209500000,5.455585,0,2120.889459,5.000000,13
426,150,107.827177,11640,5.218322462,5.221000000,2.677538,1,107.827177,5.000000,13
427,150,105.066893,11640,5.231845641,5.234000000,2.154359,1,105.066893,5.000000,13
428,150,103.953033,11640,5.246068958,5.249000000,2.931042,1,103.953033,5.000000,13
430,150,101.813548,11640,5.261421033,5.263500000,2.078967,1,101.813548,5.000000,13
431,150,98.930879,11640,5.274888301,5.280000000,5.111699,0,2120.889459,5.000000,13
432,150,99.000365,11640,5.290778195,5.293500000,2.721805,1,99.000365,5.000000,13
433,150,96.794402,11640,5.304742610,5.310000000,5.257390,0,2120.889459,5.000000,13
434,150,92.120033,11640,5.319100457,5.321500000,2.399543,1,92.120033,5.000000,13
436,150,85.099602,11640,5.332823880,5.335000000,2.176120,1,85.099602,5.000000,13
438,150,81.084137,11640,5.347249569,5.349500000,2.250431,1,81.084137,5.000000,13
439,150,79.658662,11640,5.363079333,5.365500000,2.420667,1,79.658662,5.000000,13
440,150,80.310862,11640,5.377266097,5.379500000,2.233903,1,80.310862,5.000000,13
441,150,76.221397,11640,5.390148715,5.395500000,5.351285,0,2120.889459,5.000000,13
442,150,74.963734,11640,5.405662811,5.411000000,5.337189,0,2120.889459,5.000000,14
443,150,72.712622,11640,5.421446586,5.423500000,2.053414,1,72.712622,5.000000,14
444,150,70.519553,11640,5.434148164,5.436500000,2.351836,1,70.519553,5.000000,14
446,150,64.391426,11640,5.447389492,5.449500000,2.110508,1,64.391426,5.000000,14
447,150,61.968438,11640,5.461321387,5.463500000,2.178613,1,61.968438,5.000000,14
448,150,61.593637,11640,5.474968902,5.477000000,2.031098,1,61.593637,5.000000,14
449,150,58.866932,11640,5.487787934,5.490000000,2.212066,1,58.866932,5.000000,14
450,150,58.259487,11640,5.500979770,5.506500000,5.520230,0,2120.889459,5.000000,14
451,150,55.905658,11640,5.515153200,5.517500000,2.346800,1,55.905658,5.000000,14
452,150,55.661314,11640,5.528986548,5.531500000,2.513452,1,55.661314,5.000000,14
454,150,49.553853,11640,5.542521657,5.545000000,2.478343,1,49.553853,5.000000,14
455,150,49.023870,11640,5.556879939,5.559000000,2.120061,1,49.023870,5.000000,14
456,150,47.124101,11640,5.570053092,5.572500000,2.446908,1,47.124101,5.000000,14
458,150,41.447517,11640,5.586186440,5.588500000,2.313560,1,41.447517,5.000000,14
459,150,43.033928,11640,5.600434308,5.605500000,5.065692,0,2120.889459,5.000000,14
460,150,41.280515,11640,5.615805171,5.618000000,2.194829,1,41.280515,5.000000,14
462,150,42.117238,11640,5.628700312,5.631000000,2.299688,1,42.117238,5.000000,14
463,150,43.100004,11640,5.641942761,5.644000000,2.057239,1,43.100004,5.000000,14
464,150,47.725054,11640,5.656317221,5.661500000,5.182779,0,2120.889459,5.000000,14
466,150,50.948428,11640,5.670967802,5.673000000,2.032198,1,50.948428,5.000000,14
467,150,54.857925,11640,5.683654705,5.686000000,2.345295,1,54.857925,5.000000,14
469,150,60.589761,11640,5.696657738,5.699000000,2.342262,1,60.589761,5.000000,14
470,150,58.213157,11640,5.709911596,5.715000000,5.088404,0,2120.889459,5.000000,14
471,150,59.520381,11640,5.723635935,5.726000000,2.364065,1,59.520381,5.000000,14
473,150,68.690637,11640,5.736562465,5.739000000,2.437535,1,68.690637,5.000000,14
474,150,79.468865,11640,5.751415778,5.753500000,2.084222,1,79.468865,5.000000,14
475,150,85.747752,11640,5.765130837,5.767500000,2.369163,1,85.747752,5.000000,14
477,150,100.283843,11640,5.777984228,5.780500000,2.515772,1,100.283843,5.000000,14
478,150,106.091779,11640,5.791359448,5.796500000,5.140552,0,2120.889459,5.000000,14
479,150,107.164122,11640,5.805723984,5.811000000,5.276016,0,2120.889459,5.000000,14
480,150,106.394414,11640,5.819270057,5.821500000,2.229943,1,106.394414,5.000000,14
481,150,106.273767,11640,5.835362506,5.837500000,2.137494,1,106.273767,5.000000,14
482,150,97.490181,11640,5.849392483,5.851500000,2.107517,1,97.490181,5.000000,14
484,150,95.019317,11640,5.862510580,5.865000000,2.489420,1,95.019317,5.000000,14
485,150,89.619682,11640,5.877386933,5.879500000,2.113067,1,89.619682,5.000000,14
488,150,87.247015,11640,5.893173770,5.895500000,2.326230,1,87.247015,5.000000,14
489,150,88.106943,11640,5.906013985,5.911500000,5.486015,0,2120.889459,5.000000,14
490,150,91.579863,11640,5.920753237,5.923500000,2.746763,1,91.579863,5.000000,14
492,150,83.604337,11640,5.935903359,5.938500000,2.596641,1,83.604337,5.000000,14
493,150,84.080301,11640,5.950796762,5.953500000,2.703238,1,84.080301,5.000000,14
494,150,80.472108,11640,5.965787517,5.968000000,2.212483,1,80.472108,5.000000,14
495,150,81.696153,11640,5.979033924,5.981500000,2.466076,1,81.696153,5.000000,14
497,150,80.485115,11640,5.992475267,5.994500000,2.024733,1,80.485115,5.000000,14
498,150,79.461360,11640,6.007652852,6.016000000,8.347148,0,2120.889459,5.000000,11
499,150,79.183516,11640,6.023036123,6.025500000,2.463877,1,79.183516,5.000000,11
501,150,80.926730,11640,6.035992403,6.038500000,2.507597,1,80.926730,5.000000,11
502,150,83.981877,11640,6.051132560,6.053500000,2.367440,1,83.981877,5.000000,11
504,150,90.602314,11640,6.064202934,6.066500000,2.297066,1,90.602314,5.000000,11
505,150,97.827387,11640,6.080503312,6.083000000,2.496688,1,97.827387,5.000000,11
506,150,107.034900,11640,6.094324659,6.096500000,2.175341,1,107.034900,5.000000,11
507,150,110.786094,11640,6.109107549,6.114500000,5.392451,0,2120.889459,5.000000,11
508,150,122.235896,11640,6.122602819,6.125500000,2.897181,1,122.235896,5.000000,11
510,150,146.615374,11640,6.138133042,6.140500000,2.366958,1,146.615374,5.000000,11
512,150,184.002439,11640,6.150981265,6.153500000,2.518735,1,184.002439,5.000000,11
513,150,205.367860,11640,6.166240118,6.168500000,2.259882,1,205.367860,5.000000,11
514,150,243.670808,11640,6.181052095,6.189500000,8.447905,0,2120.889459,5.000000,11
515,150,251.828061,11640,6.195173933,6.197500000,2.326067,1,251.828061,5.000000,11
516,150,245.886822,11640,6.208115818,6.213500000,5.384182,0,2120.889459,5.000000,11
517,150,225.865342,11640,6.222282582,6.224500000,2.217418,1,225.865342,5.000000,11
519,150,222.524216,11640,6.239821947,6.242000000,2.178053,1,222.524216,5.000000,11
520,150,221.034117,11640,6.252931694,6.255000000,2.068306,1,221.034117,5.000000,11
521,150,222.498586,11640,6.268378184,6.270500000,2.121816,1,222.498586,5.000000,11
522,150,222.598813,11640,6.281378735,6.283500000,2.121265,1,222.598813,5.000000,11
523,150,216.746851,11640,6.294907485,6.297000000,2.092515,1,216.746851,5.000000,11
524,150,207.620499,11640,6.308804463,6.317000000,8.195537,0,2120.889459,5.000000,11
525,150,201.493292,11640,6.321795704,6.324000000,2.204296,1,201.493292,5.000000,11
526,150,185.107478,11640,6.335732267,6.338000000,2.267733,1,185.107478,5.000000,11
527,150,167.041689,11640,6.351254457,6.354000000,2.745543,1,167.041689,5.000000,11
528,150,153.351142,11640,6.364871282,6.373500000,8.628718,0,2120.889459,5.000000,11
529,150,132.064015,11640,6.378473082,6.381000000,2.526918,1,132.064015,5.000000,11
531,150,92.315161,11640,6.394431795,6.396500000,2.068205,1,92.315161,5.000000,11
532,150,73.079728,11640,6.407500754,6.413000000,5.499246,0,2120.889459,5.000000,11
535,150,46.941734,11640,6.422069078,6.424500000,2.430922,1,46.941734,5.000000,11
536,150,50.159846,11640,6.438008825,6.443500000,5.491175,0,2120.889459,5.000000,11
537,150,47.253087,11640,6.452156866,6.457500000,5.343134,0,2120.889459,5.000000,11
539,150,42.764666,11640,6.465729106,6.468000000,2.270894,1,42.764666,5.000000,11
541,150,49.118823,11640,6.481342613,6.490000000,8.657387,0,2120.889459,5.000000,11
542,150,51.238375,11640,6.497436066,6.499500000,2.063934,1,51.238375,5.000000,11
545,150,88.320149,11640,6.511813697,6.517000000,5.186303,0,2120.889459,5.000000,11
546,150,108.299354,11640,6.527554404,6.530000000,2.445596,1,108.299354,5.000000,11
547,150,133.283157,11640,6.542588076,6.545000000,2.411924,1,133.283157,5.000000,11
548,150,152.429220,11640,6.556276043,6.558500000,2.223957,1,152.429220,5.000000,11
549,150,178.022441,11640,6.569680805,6.572000000,2.319195,1,178.022441,5.000000,11
550,150,208.833333,11640,6.582596846,6.591000000,8.403154,0,2120.889459,5.000000,11
551,150,228.735109,11640,6.596280863,6.598500000,2.219137,1,228.735109,5.000000,11
552,150,253.716999,11640,6.611129844,6.616500000,5.370156,0,2120.889459,5.000000,12
553,150,274.219355,11640,6.625742573,6.628000000,2.257427,1,274.219355,5.000000,12
555,150,293.944707,11640,6.640486773,6.649000000,8.513227,0,2120.889459,5.000000,12
556,150,320.180538,11640,6.655078794,6.657500000,2.421206,1,320.180538,5.000000,12
557,150,305.757558,11640,6.668846652,6.677000000,8.153348,0,2120.889459,5.000000,12
558,150,286.504309,11640,6.681852861,6.684000000,2.147139,1,286.504309,5.000000,12
559,150,284.457545,11640,6.696328605,6.698500000,2.171395,1,284.457545,5.000000,12
560,150,274.164261,11640,6.708998954,6.717500000,8.501046,0,2120.889459,5.000000,12
561,150,272.264377,11640,6.725389872,6.730500000,5.110128,0,2120.889459,5.000000,12
562,150,273.610110,11640,6.744486730,6.747000000,2.513270,1,273.610110,5.000000,12
563,150,254.846796,11640,6.757973368,6.760000000,2.026632,1,254.846796,5.000000,12
564,150,227.789177,11640,6.771668263,6.774500000,2.831737,1,227.789177,5.000000,12
565,150,208.259728,11640,6.786624495,6.789000000,2.375505,1,208.259728,5.000000,12
566,150,186.345207,11640,6.802082995,6.807500000,5.417005,0,2120.889459,5.000000,12
567,150,171.512273,11640,6.814974894,6.817000000,2.025106,1,171.512273,5.000000,12
568,150,158.031903,11640,6.829655574,6.832000000,2.344426,1,158.031903,5.000000,12
569,150,145.104650,11640,6.843170302,6.845500000,2.329698,1,145.104650,5.000000,12
570,150,143.824865,11640,6.858596441,6.861000000,2.403559,1,143.824865,5.000000,12
571,150,140.640554,11640,6.873174361,6.875500000,2.325639,1,140.640554,5.000000,12
572,150,139.240652,11640,6.886155039,6.888500000,2.344961,1,139.240652,5.000000,12
573,150,129.926497,11640,6.901945710,6.907000000,5.054290,0,2120.889459,5.000000,13
574,150,126.323705,11640,6.915565952,6.918000000,2.434048,1,126.323705,5.000000,13
575,150,119.349701,11640,6.928611853,6.931000000,2.388147,1,119.349701,5.000000,13
577,150,114.905317,11640,6.944217483,6.949500000,5.282517,0,2120.889459,5.000000,13
578,150,116.584252,11640,6.958809841,6.964000000,5.190159,0,2120.889459,5.000000,13
579,150,115.356535,11640,6.973656235,6.976000000,2.343765,1,115.356535,5.000000,13
580,150,113.482767,11640,6.990114230,6.992500000,2.385770,1,113.482767,5.000000,13
581,150,117.846330,11640,7.004186227,7.009500000,5.313773,0,2120.889459,5.000000,13
582,150,117.775266,11640,7.017483403,7.020000000,2.516597,1,117.775266,5.000000,13
583,150,119.852565,11640,7.032634911,7.038000000,5.365089,0,2120.889459,5.000000,13
584,150,121.729089,11640,7.046294064,7.048500000,2.205936,1,121.729089,5.000000,13
587,150,119.834350,11640,7.061093716,7.063500000,2.406284,1,119.834350,5.000000,13
588,150,122.056664,11640,7.074940991,7.077000000,2.059009,1,122.056664,5.000000,13
589,150,125.643716,11640,7.090803760,7.093000000,2.196240,1,125.643716,5.000000,13
590,150,128.285148,11640,7.104704320,7.110000000,5.295680,0,2120.889459,5.000000,13
591,150,130.623027,11640,7.119073117,7.121500000,2.426883,1,130.623027,5.000000,13
592,150,135.108433,11640,7.131998276,7.134500000,2.501724,1,135.108433,5.000000,13
593,150,136.343418,11640,7.144688436,7.150000000,5.311564,0,2120.889459,5.000000,13
594,150,138.292850,11640,7.157715336,7.160000000,2.284664,1,138.292850,5.000000,13
595,150,142.928539,11640,7.172635899,7.175000000,2.364101,1,142.928539,5.000000,13
596,150,143.889546,11640,7.187703787,7.190000000,2.296213,1,143.889546,5.000000,13
597,150,146.427301,11640,7.200979485,7.206000000,5.020515,0,2120.889459,5.000000,13
598,150,144.654881,11640,7.213913324,7.216000000,2.086676,1,144.654881,5.000000,13
599,150,145.299391,11640,7.228541084,7.231000000,2.458916,1,145.299391,5.000000,13
600,150,144.824156,11640,7.242557313,7.251000000,8.442687,0,2120.889459,5.000000,13
602,150,144.134564,11640,7.257540452,7.260000000,2.459548,1,144.134564,5.000000,13
603,150,146.699715,11640,7.272080263,7.274500000,2.419737,1,146.699715,5.000000,13
604,150,147.159875,11640,7.286622119,7.289000000,2.377881,1,147.159875,5.000000,13
605,150,144.984018,11640,7.302432078,7.307500000,5.067922,0,2120.889459,5.000000,12
606,150,146.732833,11640,7.317307103,7.319500000,2.192897,1,146.732833,5.000000,13
607,150,149.057083,11640,7.332125993,7.334500000,2.374007,1,149.057083,5.000000,13
608,150,149.832838,11640,7.344887715,7.347000000,2.112285,1,149.832838,5.000000,13
609,150,150.725708,11640,7.358289535,7.360500000,2.210465,1,150.725708,5.000000,13
610,150,147.922082,11640,7.372902945,7.375000000,2.097055,1,147.922082,5.000000,13
611,150,148.384511,11640,7.387511135,7.393000000,5.488865,0,2120.889459,5.000000,13
612,150,145.871540,11640,7.403301661,7.411500000,8.198339,0,2120.889459,5.000000,13
613,150,147.364458,11640,7.416145483,7.424500000,8.354517,0,2120.889459,5.000000,13
614,150,144.414701,11640,7.430441021,7.432500000,2.058979,1,144.414701,5.000000,13
615,150,145.911863,11640,7.445586780,7.448000000,2.413220,1,145.911863,5.000000,13
616,150,143.103430,11640,7.459732802,7.462000000,2.267198,1,143.103430,5.000000,13
617,150,143.628346,11640,7.475328928,7.477500000,2.171072,1,143.628346,5.000000,13
619,150,145.294292,11640,7.490407259,7.492500000,2.092741,1,145.294292,5.000000,13
620,150,143.115928,11640,7.503449939,7.511500000,8.050061,0,2120.889459,5.000000,11
621,150,142.017082,11640,7.516952981,7.522000000,5.047019,0,2120.889459,5.000000,11
622,150,137.768176,11640,7.533883555,7.536000000,2.116445,1,137.768176,5.000000,11
623,150,139.020738,11640,7.548018215,7.550500000,2.481785,1,139.020738,5.000000,11
624,150,134.549966,11640,7.561397100,7.563500000,2.102900,1,134.549966,5.000000,11
626,150,134.940588,11640,7.574331184,7.576500000,2.168816,1,134.940588,5.000000,11
627,150,134.331569,11640,7.587221609,7.589500000,2.278391,1,134.331569,5.000000,11
628,150,135.340033,11640,7.602450008,7.607500000,5.049992,0,2120.889459,5.000000,11
629,150,130.074786,11640,7.615574886,7.618000000,2.425114,1,130.074786,5.000000,11
630,150,128.012674,11640,7.628890982,7.631000000,2.109018,1,128.012674,5.000000,11
631,150,127.703016,11640,7.643264299,7.645500000,2.235701,1,127.703016,5.000000,11
632,150,123.202726,11640,7.659673823,7.665000000,5.326177,0,2120.889459,5.000000,11
633,150,121.973645,11640,7.672553947,7.675000000,2.446053,1,121.973645,5.000000,11
634,150,122.320403,11640,7.685446738,7.691000000,5.553262,0,2120.889459,5.000000,11
635,150,117.670340,11640,7.699034675,7.704500000,5.465325,0,2120.889459,5.000000,11
636,150,114.216382,11640,7.714461054,7.717000000,2.538946,1,114.216382,5.000000,11
637,150,114.027976,11640,7.727592984,7.730000000,2.407016,1,114.027976,5.000000,11
638,150,109.503451,11640,7.741526390,7.747000000,5.473610,0,2120.889459,5.000000,11
639,150,110.200935,11640,7.755231613,7.757500000,2.268387,1,110.200935,5.000000,11
640,150,105.779592,11640,7.770038141,7.772500000,2.461859,1,105.779592,5.000000,11
643,150,100.902383,11640,7.783090742,7.785500000,2.409258,1,100.902383,5.000000,11
644,150,100.288569,11640,7.797482307,7.800000000,2.517693,1,100.288569,5.000000,11
645,150,98.036313,11640,7.813155143,7.818500000,5.344857,0,2120.889459,5.000000,10
646,150,99.114619,11640,7.825989012,7.828500000,2.510988,1,99.114619,5.000000,10
648,150,93.430750,11640,7.839521169,7.842500000,2.978831,1,93.430750,5.000000,10
649,150,94.030041,11640,7.852427059,7.860500000,8.072941,0,2120.889459,5.000000,10
650,150,91.444832,11640,7.866411546,7.871500000,5.088454,0,2120.889459,5.000000,10
651,150,92.282624,11640,7.879964619,7.882000000,2.035381,1,92.282624,5.000000,10
652,150,91.318623,11640,7.894597408,7.897000000,2.402592,1,91.318623,5.000000,10
653,150,91.638191,11640,7.907768016,7.913000000,5.231984,0,2120.889459,5.000000,10
654,150,87.854031,11640,7.920470099,7.922500000,2.029901,1,87.854031,5.000000,10
655,150,88.166679,11640,7.933502663,7.936000000,2.497337,1,88.166679,5.000000,10
656,150,84.440968,11640,7.946352909,7.948500000,2.147091,1,84.440968,5.000000,10
657,150,83.229555,11640,7.964041528,7.969500000,5.458472,0,2120.889459,5.000000,10
658,150,82.366590,11640,7.976861929,7.982000000,5.138071,0,2120.889459,5.000000,10
659,150,83.483679,11640,7.991308563,7.993500000,2.191437,1,83.483679,5.000000,10
660,150,81.958898,11640,8.005366879,8.010500000,5.133121,0,2120.889459,5.000000,10
661,150,81.415924,11640,8.020900714,8.023000000,2.099286,1,81.415924,5.000000,10
662,150,80.152587,11640,8.034759822,8.040000000,5.240178,0,2120.889459,5.000000,10
663,150,80.836425,11640,8.048187142,8.050500000,2.312858,1,80.836425,5.000000,10
664,150,77.025252,11640,8.060907911,8.063000000,2.092089,1,77.025252,5.000000,10
666,150,72.489368,11640,8.075470145,8.080500000,5.029855,0,2120.889459,5.000000,10
667,150,67.739098,11640,8.092834172,8.095000000,2.165828,1,67.739098,5.000000,10
668,150,62.306333,11640,8.106760648,8.112000000,5.239352,0,2120.889459,5.000000,12
669,150,64.526837,11640,8.120023271,8.122500000,2.476729,1,64.526837,5.000000,12
670,150,68.057868,11640,8.133275704,8.135500000,2.224296,1,68.057868,5.000000,12
671,150,70.089727,11640,8.146549797,8.149000000,2.450203,1,70.089727,5.000000,12
672,150,73.770231,11640,8.159333475,8.161500000,2.166525,1,73.770231,5.000000,12
673,150,73.931007,11640,8.172176166,8.174500000,2.323834,1,73.931007,5.000000,12
674,150,75.109097,11640,8.186610734,8.189000000,2.389266,1,75.109097,5.000000,12
675,150,74.463799,11640,8.199735209,8.205000000,5.264791,0,2120.889459,5.000000,12
677,150,73.281251,11640,8.214200406,8.216500000,2.299594,1,73.281251,5.000000,12
678,150,73.610614,11640,8.227945279,8.230000000,2.054721,1,73.610614,5.000000,12
679,150,70.740401,11640,8.242063867,8.244500000,2.436133,1,70.740401,5.000000,12
680,150,69.371548,11640,8.256246710,8.258500000,2.253290,1,69.371548,5.000000,12
681,150,66.436302,11640,8.271539019,8.274000000,2.460981,1,66.436302,5.000000,12
684,150,63.884643,11640,8.285541355,8.288000000,2.458645,1,63.884643,5.000000,12
685,150,61.712722,11640,8.299248422,8.307500000,8.251578,0,2120.889459,5.000000,12
686,150,61.807516,11640,8.313860116,8.316000000,2.139884,1,61.807516,5.000000,12
687,150,60.092189,11640,8.327166635,8.329500000,2.333365,1,60.092189,5.000000,12
688,150,59.265297,11640,8.342276866,8.347500000,5.223134,0,2120.889459,5.000000,12
689,150,58.521018,11640,8.355191384,8.357500000,2.308616,1,58.521018,5.000000,12
690,150,58.574159,11640,8.369725163,8.372000000,2.274837,1,58.574159,5.000000,12
691,150,56.911933,11640,8.384209977,8.386500000,2.290023,1,56.911933,5.000000,12
692,150,56.562184,11640,8.397720621,8.400000000,2.279379,1,56.562184,5.000000,12
693,150,56.894195,11640,8.410480161,8.415500000,5.019839,0,2120.889459,5.000000,13
695,150,57.436931,11640,8.425220157,8.427500000,2.279843,1,57.436931,5.000000,13
697,150,59.102930,11640,8.439496784,8.442000000,2.503216,1,59.102930,5.000000,13
698,150,60.108637,11640,8.453284038,8.455500000,2.215962,1,60.108637,5.000000,13
699,150,59.712596,11640,8.466722088,8.469000000,2.277912,1,59.712596,5.000000,13
700,150,57.988580,11640,8.482234216,8.487500000,5.265784,0,2120.889459,5.000000,13
701,150,57.971955,11640,8.497486247,8.500000000,2.513753,1,57.971955,5.000000,13
702,150,56.273452,11640,8.513193256,8.518500000,5.306744,0,2120.889459,5.000000,13
703,150,56.216443,11640,8.527113140,8.529500000,2.386860,1,56.216443,5.000000,13
704,150,55.388274,11640,8.540017820,8.542500000,2.482180,1,55.388274,5.000000,13
705,150,56.622846,11640,8.555278140,8.557500000,2.221860,1,56.622846,5.000000,13
707,150,57.524041,11640,8.569078192,8.571500000,2.421808,1,57.524041,5.000000,13
708,150,57.374061,11640,8.582669207,8.585000000,2.330793,1,57.374061,5.000000,13
709,150,58.587228,11640,8.596357350,8.598500000,2.142650,1,58.587228,5.000000,13
713,150,60.399342,11640,8.610024434,8.615500000,5.475566,0,2120.889459,5.000000,13
714,150,61.280366,11640,8.623105447,8.625500000,2.394553,1,61.280366,5.000000,13
715,150,63.192556,11640,8.639074651,8.641500000,2.425349,1,63.192556,5.000000,13
716,150,62.757839,11640,8.651806650,8.654000000,2.193350,1,62.757839,5.000000,13
717,150,65.529609,11640,8.664768355,8.667000000,2.231645,1,65.529609,5.000000,13
718,150,66.333467,11640,8.681356235,8.683500000,2.143765,1,66.333467,5.000000,13
719,150,67.667151,11640,8.694191151,8.696500000,2.308849,1,67.667151,5.000000,13
720,150,65.794298,11640,8.709314456,8.714500000,5.185544,0,2120.889459,5.000000,13
721,150,69.156490,11640,8.724320595,8.726500000,2.179405,1,69.156490,5.000000,13
722,150,67.177352,11640,8.737895994,8.740000000,2.104006,1,67.177352,5.000000,13
723,150,69.417377,11640,8.751495095,8.754000000,2.504905,1,69.417377,5.000000,13
724,150,68.175692,11640,8.764291652,8.766500000,2.208348,1,68.175692,5.000000,13
725,150,68.130682,11640,8.778489570,8.781000000,2.510430,1,68.130682,5.000000,13
726,150,67.314118,11640,8.792309035,8.794500000,2.190965,1,67.314118,5.000000,13
727,150,69.935558,11640,8.809443179,8.814500000,5.056821,0,2120.889459,5.000000,13
728,150,69.472654,11640,8.823311463,8.825500000,2.188537,1,69.472654,5.000000,13
729,150,70.066580,11640,8.839462009,8.841500000,2.037991,1,70.066580,5.000000,13
731,150,71.771356,11640,8.854056426,8.856500000,2.443574,1,71.771356,5.000000,13
732,150,71.708268,11640,8.869778814,8.878500000,8.721186,0,2120.889459,5.000000,13
734,150,70.282422,11640,8.884148752,8.887000000,2.851248,1,70.282422,5.000000,13
735,150,70.439142,11640,8.898280053,8.900500000,2.219947,1,70.439142,5.000000,13
738,150,71.750563,11640,8.912247613,8.920500000,8.252387,0,2120.889459,5.000000,13
739,150,73.948430,11640,8.928294947,8.933500000,5.205053,0,2120.889459,5.000000,13
740,150,83.483483,11640,8.945469343,8.947500000,2.030657,1,83.483483,5.000000,13
741,150,83.816790,11640,8.958756432,8.961000000,2.243568,1,83.816790,5.000000,13
744,150,96.673610,11640,8.973212834,8.975500000,2.287166,1,96.673610,5.000000,13
745,150,99.148995,11640,8.987080533,8.989500000,2.419467,1,99.148995,5.000000,13
746,150,111.445266,11640,9.000764852,9.006500000,5.735148,0,2120.889459,5.000000,13
747,150,119.220263,11640,9.016173986,9.018500000,2.326014,1,119.220263,5.000000,13
749,150,160.340489,11640,9.030784740,9.033000000,2.215260,1,160.340489,5.000000,13
750,150,150.594093,11640,9.044388735,9.046500000,2.111265,1,150.594093,5.000000,13
752,150,172.877813,11640,9.058333439,9.060500000,2.166561,1,172.877813,5.000000,13
753,150,186.827579,11640,9.072316079,9.074500000,2.183921,1,186.827579,5.000000,13
754,150,176.292038,11640,9.086569786,9.092000000,5.430214,0,2120.889459,5.000000,13
755,150,163.467405,11640,9.102527556,9.108000000,5.472444,0,2120.889459,5.000000,13
756,150,143.030195,11640,9.115892873,9.118000000,2.107127,1,143.030195,5.000000,13
757,150,126.548734,11640,9.131813225,9.134000000,2.186775,1,126.548734,5.000000,13
758,150,115.376930,11640,9.146665101,9.149000000,2.334899,1,115.376930,5.000000,13
759,150,104.982046,11640,9.159782398,9.162000000,2.217602,1,104.982046,5.000000,13
760,150,100.454776,11640,9.173616195,9.176000000,2.383805,1,100.454776,5.000000,13
761,150,99.564104,11640,9.186806476,9.189000000,2.193524,1,99.564104,5.000000,13
762,150,96.914695,11640,9.200113118,9.205500000,5.386882,0,2120.889459,5.000000,13
764,150,89.453065,11640,9.215578595,9.224000000,8.421405,0,2120.889459,5.000000,13
765,150,85.102797,11640,9.228725526,9.234000000,5.274474,0,2120.889459,5.000000,13
766,150,78.855265,11640,9.243645242,9.246000000,2.354758,1,78.855265,5.000000,13
767,150,74.564135,11640,9.256785169,9.259000000,2.214831,1,74.564135,5.000000,13
768,150,68.787185,11640,9.272848897,9.275000000,2.151103,1,68.787185,5.000000,13
769,150,64.681097,11640,9.286015902,9.291500000,5.484098,0,2120.889459,5.000000,13
770,150,63.686102,11640,9.298853089,9.301000000,2.146911,1,63.686102,5.000000,13
771,150,60.088437,11640,9.312974188,9.321000000,8.025812,0,2120.889459,5.000000,13
772,150,58.189058,11640,9.325929650,9.328000000,2.070350,1,58.189058,5.000000,13
774,150,55.015375,11640,9.338695927,9.347000000,8.304073,0,2120.889459,5.000000,13
775,150,53.164049,11640,9.353511420,9.356000000,2.488580,1,53.164049,5.000000,13
776,150,52.829793,11640,9.366579522,9.369000000,2.420478,1,52.829793,5.000000,13
777,150,49.789339,11640,9.379853863,9.382000000,2.146137,1,49.789339,5.000000,13
778,150,49.324000,11640,9.394062671,9.396500000,2.437329,1,49.324000,5.000000,13
779,150,49.156055,11640,9.407029355,9.415500000,8.470645,0,2120.889459,5.000000,13
780,150,46.356786,11640,9.421596830,9.424000000,2.403170,1,46.356786,5.000000,13
781,150,47.499870,11640,9.435293723,9.437500000,2.206277,1,47.499870,5.000000,13
782,150,44.448987,11640,9.448928650,9.451000000,2.071350,1,44.448987,5.000000,13
783,150,43.354647,11640,9.462439542,9.464500000,2.060458,1,43.354647,5.000000,13
784,150,39.908650,11640,9.475896159,9.478000000,2.103841,1,39.908650,5.000000,13
785,150,39.520933,11640,9.489705621,9.492000000,2.294379,1,39.520933,5.000000,13
787,150,36.531923,11640,9.503884143,9.509000000,5.115857,0,2120.889459,5.000000,13
788,150,35.956370,11640,9.516693450,9.519000000,2.306550,1,35.956370,5.000000,13
790,150,35.689979,11640,9.531535791,9.534000000,2.464209,1,35.689979,5.000000,13
791,150,36.269323,11640,9.546270667,9.549000000,2.729333,1,36.269323,5.000000,13
792,150,38.360196,11640,9.560018215,9.562500000,2.481785,1,38.360196,5.000000,13
793,150,40.261957,11640,9.572868158,9.575000000,2.131842,1,40.261957,5.000000,13
795,150,46.189235,11640,9.585997233,9.588500000,2.502767,1,46.189235,5.000000,13
796,150,45.973822,11640,9.601030576,9.606500000,5.469424,0,2120.889459,5.000000,12
797,150,46.737887,11640,9.615759416,9.618500000,2.740584,1,46.737887,5.000000,12
798,150,43.971271,11640,9.631487641,9.634000000,2.512359,1,43.971271,5.000000,12
799,150,40.144256,11640,9.645621347,9.648000000,2.378653,1,40.144256,5.000000,12
801,150,42.861894,11640,9.660081625,9.665500000,5.418375,0,2120.889459,5.000000,12
802,150,47.313681,11640,9.674964671,9.677000000,2.035329,1,47.313681,5.000000,12
803,150,57.984331,11640,9.690746125,9.693000000,2.253875,1,57.984331,5.000000,12
804,150,75.900700,11640,9.703829145,9.709000000,5.170855,0,2120.889459,5.000000,12
806,150,133.502271,11640,9.717872641,9.723000000,5.127359,0,2120.889459,5.000000,12
807,150,157.736698,11640,9.731438739,9.736500000,5.061261,0,2120.889459,5.000000,12
808,150,192.392885,11640,9.745177115,9.747500000,2.322885,1,192.392885,5.000000,12
809,150,236.934065,11640,9.758204196,9.760500000,2.295804,1,236.934065,5.000000,12
810,150,264.753968,11640,9.773925781,9.779000000,5.074219,0,2120.889459,5.000000,12
812,150,339.509905,11640,9.787468416,9.789500000,2.031584,1,339.509905,5.000000,12
813,150,376.341921,11640,9.800953116,9.806000000,5.046884,0,2120.889459,5.000000,12
814,150,422.156926,11640,9.814704981,9.820000000,5.295019,0,2120.889459,5.000000,12
815,150,482.902663,11640,9.829674245,9.832000000,2.325755,1,482.902663,5.000000,12
816,150,527.207396,11640,9.846009491,9.848500000,2.490509,1,527.207396,5.000000,12
817,150,568.657236,11640,9.860753376,9.863000000,2.246624,1,568.657236,5.000000,12
818,150,616.458159,11640,9.874700317,9.880000000,5.299683,0,2120.889459,5.000000,12
819,150,632.103315,11640,9.887449358,9.889500000,2.050642,1,632.103315,5.000000,12
820,150,662.683041,11640,9.900734255,9.906000000,5.265745,0,2120.889459,5.000000,12
821,150,687.064857,11640,9.914468911,9.916500000,2.031089,1,687.064857,5.000000,12
822,150,676.787427,11640,9.928119858,9.930500000,2.380142,1,676.787427,5.000000,12
823,150,655.762863,11640,9.941105966,9.943500000,2.394034,1,655.762863,5.000000,12
824,150,645.763239,11640,9.957427667,9.959500000,2.072333,1,645.763239,5.000000,12
825,150,589.045560,11640,9.972478818,9.977500000,5.021182,0,2120.889459,5.000000,12
826,150,529.178832,11640,9.985700472,9.988000000,2.299528,1,529.178832,5.000000,12
827,150,426.099544,11640,9.999769003,10.008000000,8.230997,0,2120.889459,5.000000,12
829,150,348.578508,11640,10.013584122,10.016000000,2.415878,1,348.578508,5.000000,12
830,150,408.081699,11640,10.026717560,10.029000000,2.282440,1,408.081699,5.000000,12
831,150,423.799058,11640,10.040726676,10.046000000,5.273324,0,2120.889459,5.000000,12
832,150,421.672309,11640,10.059007825,10.061500000,2.492175,1,421.672309,5.000000,12
833,150,417.342479,11640,10.073688727,10.076000000,2.311273,1,417.342479,5.000000,12
834,150,363.966203,11640,10.086787861,10.089000000,2.212139,1,363.966203,5.000000,12
836,150,486.391353,11640,10.100294005,10.105500000,5.205995,0,2120.889459,5.000000,12
837,150,639.920442,11640,10.113557518,10.116000000,2.442482,1,639.920442,5.000000,12
838,150,753.358651,11640,10.127652733,10.130000000,2.347267,1,753.358651,5.000000,12
839,150,843.641584,11640,10.143040245,10.145500000,2.459755,1,843.641584,5.000000,12
840,150,908.522756,11640,10.157402225,10.159500000,2.097775,1,908.522756,5.000000,12
841,150,969.134827,11640,10.174382541,10.176500000,2.117459,1,969.134827,5.000000,12
842,150,996.097625,11640,10.187760615,10.190000000,2.239385,1,996.097625,5.000000,12
843,150,1030.663032,11640,10.201973766,10.210000000,8.026234,0,2120.889459,5.000000,12
844,150,1069.392123,11640,10.216222972,10.218500000,2.277028,1,1069.392123,5.000000,12
845,150,1062.433286,11640,10.232803829,10.235000000,2.196171,1,1062.433286,5.000000,12
846,150,1038.465153,11640,10.245659565,10.248000000,2.340435,1,1038.465153,5.000000,12
847,150,1013.877502,11640,10.259079544,10.261500000,2.420456,1,1013.877502,5.000000,12
848,150,956.431874,11640,10.274315347,10.276500000,2.184653,1,956.431874,5.000000,12
849,150,908.757727,11640,10.288614227,10.291000000,2.385773,1,908.757727,5.000000,12
850,150,814.605991,11640,10.301507564,10.307000000,5.492436,0,2120.889459,5.000000,12
851,150,650.957185,11640,10.316775956,10.325000000,8.224044,0,2120.889459,5.000000,12
853,150,545.685529,11640,10.330221708,10.332500000,2.278292,1,545.685529,5.000000,12
854,150,567.421067,11640,10.344467461,10.346500000,2.032539,1,567.421067,5.000000,12
855,150,482.747711,11640,10.358999292,10.361500000,2.500708,1,482.747711,5.000000,12
857,150,325.150742,11640,10.372450117,10.374500000,2.049883,1,325.150742,5.000000,12
859,150,620.048686,11640,10.385401268,10.387500000,2.098732,1,620.048686,5.000000,12
860,150,792.315527,11640,10.400544630,10.406000000,5.455370,0,2120.889459,5.000000,12
861,150,889.544254,11640,10.413770297,10.416000000,2.229703,1,889.544254,5.000000,12
862,150,919.318489,11640,10.427476570,10.435500000,8.023430,0,2120.889459,5.000000,12
863,150,905.885412,11640,10.443379029,10.445500000,2.120971,1,905.885412,5.000000,12
864,150,804.333322,11640,10.456688472,10.459000000,2.311528,1,804.333322,5.000000,12
865,150,621.243880,11640,10.471348712,10.479500000,8.151288,0,2120.889459,5.000000,12
867,150,595.091721,11640,10.486034121,10.488500000,2.465879,1,595.091721,5.000000,12
868,150,795.987460,11640,10.498964670,10.501000000,2.035330,1,795.987460,5.000000,12
869,150,929.009629,11640,10.511750697,10.517000000,5.249303,0,2120.889459,5.000000,14
870,150,948.558486,11640,10.525779963,10.528000000,2.220037,1,948.558486,5.000000,14
871,150,1005.254579,11640,10.540009858,10.542500000,2.490142,1,1005.254579,5.000000,14
872,150,1010.992409,11640,10.553339908,10.555500000,2.160092,1,1010.992409,5.000000,14
873,150,1016.837622,11640,10.566618621,10.569000000,2.381379,1,1016.837622,5.000000,14
874,150,983.971404,11640,10.581363465,10.583500000,2.136535,1,983.971404,5.000000,14
875,150,929.313867,11640,10.595298297,10.597500000,2.201703,1,929.313867,5.000000,14
876,150,861.410337,11640,10.608492800,10.614000000,5.507200,0,2120.889459,5.000000,14
877,150,797.507622,11640,10.624531836,10.627000000,2.468164,1,797.507622,5.000000,14
878,150,575.630643,11640,10.637319337,10.639500000,2.180663,1,575.630643,5.000000,14
880,150,608.200974,11640,10.650659651,10.653000000,2.340349,1,608.200974,5.000000,14
881,150,835.153087,11640,10.664961083,10.667000000,2.038917,1,835.153087,5.000000,14
882,150,910.300292,11640,10.678139481,10.680500000,2.360519,1,910.300292,5.000000,14
883,150,971.811921,11640,10.694457334,10.696500000,2.042666,1,971.811921,5.000000,14
884,150,1025.605241,11640,10.708557863,10.714000000,5.442137,0,2120.889459,5.000000,14
885,150,1099.874630,11640,10.722824921,10.731000000,8.175079,0,2120.889459,5.000000,14
886,150,1114.113569,11640,10.737874725,10.740000000,2.125275,1,1114.113569,5.000000,14
887,150,1150.303338,11640,10.751198279,10.754000000,2.801721,1,1150.303338,5.000000,14
888,150,1157.172365,11640,10.764215868,10.766500000,2.284132,1,1157.172365,5.000000,14
889,150,1184.580713,11640,10.778522688,10.781000000,2.477312,1,1184.580713,5.000000,14
890,150,1178.635029,11640,10.793757477,10.796000000,2.242523,1,1178.635029,5.000000,14
891,150,1171.142511,11640,10.808719686,10.817000000,8.280314,0,2120.889459,5.000000,13
892,150,1187.402337,11640,10.824057258,10.826500000,2.442742,1,1187.402337,5.000000,13
893,150,1192.087857,11640,10.837620445,10.840000000,2.379555,1,1192.087857,5.000000,13
894,150,1222.827169,11640,10.852330075,10.854500000,2.169925,1,1222.827169,5.000000,13
895,150,1242.453034,11640,10.865418361,10.868000000,2.581639,1,1242.453034,5.000000,13
896,150,1251.737893,11640,10.880286884,10.882500000,2.213116,1,1251.737893,5.000000,13
897,150,1246.129843,11640,10.893403915,10.896000000,2.596085,1,1246.129843,5.000000,13
898,150,1252.511848,11640,10.906796057,10.912000000,5.203943,0,2120.889459,5.000000,13
899,150,1243.322740,11640,10.920529430,10.923500000,2.970570,1,1243.322740,5.000000,13
900,150,1255.579214,11640,10.935254930,10.937500000,2.245070,1,1255.579214,5.000000,13
901,150,1235.528293,11640,10.951436263,10.957000000,5.563737,0,2120.889459,5.000000,13
902,150,1224.926093,11640,10.965799295,10.968000000,2.200705,1,1224.926093,5.000000,13
903,150,1201.237673,11640,10.980452371,10.982500000,2.047629,1,1201.237673,5.000000,13
904,150,1184.379106,11640,10.993766050,10.996000000,2.233950,1,1184.379106,5.000000,13
905,150,1115.184441,11640,11.007448388,11.015500000,8.051612,0,2120.889459,5.000000,13
906,150,1012.334972,11640,11.020550640,11.023000000,2.449360,1,1012.334972,5.000000,13
907,150,807.488939,11640,11.034964007,11.037000000,2.035993,1,807.488939,5.000000,13
909,150,911.816187,11640,11.048364976,11.050500000,2.135024,1,911.816187,5.000000,13
910,150,1129.505810,11640,11.061939953,11.064000000,2.060047,1,1129.505810,5.000000,13
911,150,1255.533557,11640,11.075391686,11.077500000,2.108314,1,1255.533557,5.000000,13
912,150,1305.783066,11640,11.090044951,11.092500000,2.455049,1,1305.783066,5.000000,13
913,150,1369.725381,11640,11.105124506,11.110500000,5.375494,0,2120.889459,5.000000,14
914,150,1406.647482,11640,11.120293554,11.122500000,2.206446,1,1406.647482,5.000000,14
915,150,1476.794548,11640,11.135621683,11.138000000,2.378317,1,1476.794548,5.000000,14
916,150,1524.486538,11640,11.148864769,11.151000000,2.135231,1,1524.486538,5.000000,14
917,150,1550.690605,11640,11.162033857,11.164500000,2.466143,1,1550.690605,5.000000,14
918,150,1506.549110,11640,11.177023234,11.179500000,2.476766,1,1506.549110,5.000000,14
919,150,1471.092438,11640,11.191249148,11.193500000,2.250852,1,1471.092438,5.000000,14
920,150,1393.360664,11640,11.204318634,11.209500000,5.181366,0,2120.889459,5.000000,14
921,150,1340.361091,11640,11.219917529,11.222000000,2.082471,1,1340.361091,5.000000,14
922,150,1208.605398,11640,11.235549844,11.238000000,2.450156,1,1208.605398,5.000000,14
923,150,1154.215967,11640,11.249387405,11.251500000,2.112595,1,1154.215967,5.000000,14
924,150,1125.042007,11640,11.266507077,11.269000000,2.492923,1,1125.042007,5.000000,14
925,150,1086.097770,11640,11.282310798,11.284500000,2.189202,1,1086.097770,5.000000,14
926,150,895.543266,11640,11.297170023,11.299500000,2.329977,1,895.543266,5.000000,14
928,150,993.516580,11640,11.311259629,11.316500000,5.240371,0,2120.889459,5.000000,14
929,150,1260.227011,11640,11.325430749,11.327500000,2.069251,1,1260.227011,5.000000,14
930,150,1237.612558,11640,11.338367976,11.340500000,2.132024,1,1237.612558,5.000000,14
931,150,1003.449211,11640,11.351494237,11.360000000,8.505763,0,2120.889459,5.000000,14
933,150,1034.746549,11640,11.366079408,11.371500000,5.420592,0,2120.889459,5.000000,14
934,150,1251.159750,11640,11.380335378,11.382500000,2.164622,1,1251.159750,5.000000,14
935,150,1272.935774,11640,11.396252577,11.398500000,2.247423,1,1272.935774,5.000000,14
936,150,1154.173645,11640,11.410868122,11.419000000,8.131878,0,2120.889459,5.000000,14
937,150,1095.928196,11640,11.424088922,11.426500000,2.411078,1,1095.928196,5.000000,14
938,150,1026.954469,11640,11.438093207,11.440500000,2.406793,1,1026.954469,5.000000,14
939,150,852.147402,11640,11.452652696,11.455000000,2.347304,1,852.147402,5.000000,14
941,150,835.219088,11640,11.468292307,11.470500000,2.207693,1,835.219088,5.000000,14
942,150,1020.678344,11640,11.481770681,11.487000000,5.229319,0,2120.889459,5.000000,14
943,150,1065.859544,11640,11.495328324,11.497500000,2.171676,1,1065.859544,5.000000,14
944,150,1091.569290,11640,11.508642119,11.517000000,8.357881,0,2120.889459,5.000000,14
945,150,1149.214808,11640,11.521678952,11.524000000,2.321048,1,1149.214808,5.000000,14
946,150,1141.767175,11640,11.538665292,11.541000000,2.334708,1,1141.767175,5.000000,14
947,150,1153.502333,11640,11.552306249,11.554500000,2.193751,1,1153.502333,5.000000,14
948,150,1139.905257,11640,11.567904864,11.570000000,2.095136,1,1139.905257,5.000000,14
949,150,1157.999877,11640,11.581774954,11.584000000,2.225046,1,1157.999877,5.000000,14
950,150,1138.989952,11640,11.596783066,11.599000000,2.216934,1,1138.989952,5.000000,14
951,150,1140.425602,11640,11.613577483,11.619000000,5.422517,0,2120.889459,5.000000,14
952,150,1089.931396,11640,11.626387489,11.628500000,2.112511,1,1089.931396,5.000000,14
953,150,1093.906874,11640,11.640909477,11.643000000,2.090523,1,1093.906874,5.000000,14
954,150,1064.158457,11640,11.653997959,11.656500000,2.502041,1,1064.158457,5.000000,14
955,150,1008.824738,11640,11.668764726,11.671000000,2.235274,1,1008.824738,5.000000,14
956,150,900.171999,11640,11.682158817,11.684500000,2.341183,1,900.171999,5.000000,14
958,150,864.395348,11640,11.695852405,11.698000000,2.147595,1,864.395348,5.000000,14
959,150,929.533763,11640,11.708953456,11.714000000,5.046544,0,2120.889459,5.000000,14
960,150,959.700903,11640,11.723710322,11.726000000,2.289678,1,959.700903,5.000000,14
961,150,927.343652,11640,11.736591564,11.739000000,2.408436,1,927.343652,5.000000,14
962,150,937.680071,11640,11.750047963,11.753000000,2.952037,1,937.680071,5.000000,14
963,150,950.737528,11640,11.763481549,11.766000000,2.518451,1,950.737528,5.000000,14
964,150,839.106769,11640,11.776314838,11.778500000,2.185162,1,839.106769,5.000000,14
966,150,805.887739,11640,11.790896565,11.793000000,2.103435,1,805.887739,5.000000,14
967,150,878.131896,11640,11.804639673,11.807000000,2.360327,1,878.131896,5.000000,14
968,150,873.271575,11640,11.820374882,11.825500000,5.125118,0,2120.889459,5.000000,14
969,150,800.643964,11640,11.835750182,11.838000000,2.249818,1,800.643964,5.000000,14
971,150,838.978094,11640,11.850372348,11.852500000,2.127652,1,838.978094,5.000000,14
972,150,948.121584,11640,11.865378605,11.867500000,2.121395,1,948.121584,5.000000,14
973,150,970.952443,11640,11.878171244,11.880500000,2.328756,1,970.952443,5.000000,14
974,150,1016.638793,11640,11.892145428,11.894500000,2.354572,1,1016.638793,5.000000,14
975,150,1025.358835,11640,11.906076652,11.911500000,5.423348,0,2120.889459,5.000000,14
976,150,1053.804675,11640,11.922272924,11.924500000,2.227076,1,1053.804675,5.000000,14
977,150,1059.533835,11640,11.935842574,11.938000000,2.157426,1,1059.533835,5.000000,14
978,150,1031.405780,11640,11.949335049,11.951500000,2.164951,1,1031.405780,5.000000,14
979,150,1020.646846,11640,11.964569380,11.967000000,2.430620,1,1020.646846,5.000000,14
980,150,974.975786,11640,11.980432627,11.982500000,2.067373,1,974.975786,5.000000,14
981,150,798.364316,11640,11.997421027,11.999500000,2.078973,1,798.364316,5.000000,14
983,150,788.356856,11640,12.010492390,12.016500000,6.007610,0,2120.889459,5.000000,14
984,150,973.026762,11640,12.023558080,12.026000000,2.441920,1,973.026762,5.000000,14
985,150,1056.844287,11640,12.036232860,12.038500000,2.267140,1,1056.844287,5.000000,14
986,150,1050.416625,11640,12.051848356,12.054500000,2.651644,1,1050.416625,5.000000,14
987,150,1139.338776,11640,12.067260137,12.069500000,2.239863,1,1139.338776,5.000000,14
988,150,1096.308265,11640,12.083447072,12.085500000,2.052928,1,1096.308265,5.000000,14
989,150,1102.470181,11640,12.097622249,12.100000000,2.377751,1,1102.470181,5.000000,14
990,150,1083.018483,11640,12.110520595,12.116000000,5.479405,0,2120.889459,5.000000,14
991,150,1028.428386,11640,12.126246819,12.129000000,2.753181,1,1028.428386,5.000000,14
992,150,987.018350,11640,12.140547238,12.143000000,2.452762,1,987.018350,5.000000,14
993,150,883.495557,11640,12.155550435,12.158000000,2.449565,1,883.495557,5.000000,14
995,150,753.768836,11640,12.168483342,12.171000000,2.516658,1,753.768836,5.000000,14
998,150,835.899761,11640,12.181719354,12.184000000,2.280646,1,835.899761,5.000000,14
999,150,932.015672,11640,12.196460338,12.198500000,2.039662,1,932.015672,5.000000,14
1000,150,960.059808,11640,12.209694384,12.215000000,5.305616,0,2120.889459,5.000000,14
1001,150,866.238382,11640,12.222553446,12.225000000,2.446554,1,866.238382,5.000000,14
1003,150,817.594841,11640,12.239109251,12.241500000,2.390749,1,817.594841,5.000000,14
1004,150,846.743195,11640,12.253635780,12.256000000,2.364220,1,846.743195,5.000000,14
1006,150,904.610345,11640,12.266925933,12.269000000,2.074067,1,904.610345,5.000000,14
1007,150,930.123770,11640,12.281052085,12.283500000,2.447915,1,930.123770,5.000000,14
1008,150,859.245195,11640,12.297230501,12.299500000,2.269499,1,859.245195,5.000000,14
1011,150,902.874255,11640,12.310826802,12.319000000,8.173198,0,2120.889459,5.000000,14
1012,150,1022.864032,11640,12.324955059,12.327000000,2.044941,1,1022.864032,5.000000,14
1013,150,1080.531604,11640,12.337714749,12.340000000,2.285251,1,1080.531604,5.000000,14
1014,150,1087.045435,11640,12.350546848,12.353000000,2.453152,1,1087.045435,5.000000,14
1015,150,1016.789863,11640,12.364269877,12.366500000,2.230123,1,1016.789863,5.000000,14
1016,150,900.276143,11640,12.378884561,12.381000000,2.115439,1,900.276143,5.000000,14
1019,150,857.516192,11640,12.391780101,12.394000000,2.219899,1,857.516192,5.000000,14
1020,150,940.356653,11640,12.405705058,12.411000000,5.294942,0,2120.889459,5.000000,14
1021,150,870.740408,11640,12.419569114,12.422000000,2.430886,1,870.740408,5.000000,14
1023,150,807.954229,11640,12.433266155,12.435500000,2.233845,1,807.954229,5.000000,14
1024,150,810.990817,11640,12.446190788,12.448500000,2.309212,1,810.990817,5.000000,14
1026,150,707.726765,11640,12.460695829,12.463000000,2.304171,1,707.726765,5.000000,14
1028,150,798.648749,11640,12.473669906,12.476000000,2.330094,1,798.648749,5.000000,14
1029,150,901.937436,11640,12.488722896,12.491000000,2.277104,1,901.937436,5.000000,14
1030,150,970.792350,11640,12.502937414,12.508000000,5.062586,0,2120.889459,5.000000,14
1031,150,1018.575657,11640,12.515659446,12.518000000,2.340554,1,1018.575657,5.000000,14
1032,150,1000.621058,11640,12.528337477,12.530500000,2.162523,1,1000.621058,5.000000,14
1033,150,833.371242,11640,12.541126442,12.543500000,2.373558,1,833.371242,5.000000,14
1035,150,899.681493,11640,12.554790217,12.557000000,2.209783,1,899.681493,5.000000,14
1036,150,1169.732784,11640,12.568364659,12.570500000,2.135341,1,1169.732784,5.000000,14
1037,150,1244.759686,11640,12.583606749,12.586000000,2.393251,1,1244.759686,5.000000,14
1038,150,1276.620966,11640,12.596941126,12.599000000,2.058874,1,1276.620966,5.000000,14
1039,150,1285.164193,11640,12.610723518,12.616000000,5.276482,0,2120.889459,5.000000,12
1040,150,1253.141832,11640,12.624537881,12.630000000,5.462119,0,2120.889459,5.000000,12
1041,150,1028.389915,11640,12.637639838,12.640000000,2.360162,1,1028.389915,5.000000,12
1043,150,785.760357,11640,12.651109237,12.654000000,2.890763,1,785.760357,5.000000,12
1045,150,735.074036,11640,12.665735520,12.668000000,2.264480,1,735.074036,5.000000,12
1047,150,877.928752,11640,12.679174967,12.682000000,2.825033,1,877.928752,5.000000,12
1048,150,1019.909026,11640,12.693921196,12.696500000,2.578804,1,1019.909026,5.000000,12
1049,150,1030.703422,11640,12.707689613,12.713000000,5.310387,0,2120.889459,5.000000,12
1050,150,1010.630506,11640,12.721774017,12.727000000,5.225983,0,2120.889459,5.000000,12
1051,150,949.316746,11640,12.734891672,12.737000000,2.108328,1,949.316746,5.000000,12
1052,150,816.909086,11640,12.748537261,12.751000000,2.462739,1,816.909086,5.000000,12
1054,150,748.032937,11640,12.762504531,12.765000000,2.495469,1,748.032937,5.000000,12
1058,150,854.759630,11640,12.776996418,12.779500000,2.503582,1,854.759630,5.000000,12
1059,150,925.933916,11640,12.792753678,12.795000000,2.246322,1,925.933916,5.000000,12
1060,150,744.825905,11640,12.806406127,12.811500000,5.093873,0,2120.889459,5.000000,13
1062,150,778.090150,11640,12.820307356,12.822500000,2.192644,1,778.090150,5.000000,13
1063,150,998.724359,11640,12.835702164,12.838000000,2.297836,1,998.724359,5.000000,13
1064,150,1116.352355,11640,12.848758099,12.851000000,2.241901,1,1116.352355,5.000000,13
1065,150,1169.074391,11640,12.861866987,12.867000000,5.133013,0,2120.889459,5.000000,13
1066,150,1158.203374,11640,12.874542685,12.877000000,2.457315,1,1158.203374,5.000000,13
1067,150,1163.439825,11640,12.888090771,12.890500000,2.409229,1,1163.439825,5.000000,13
1068,150,1136.222861,11640,12.902379401,12.908000000,5.620599,0,2120.889459,5.000000,12
1069,150,1083.265700,11640,12.915666310,12.921000000,5.333690,0,2120.889459,5.000000,12
1070,150,1000.656804,11640,12.928415635,12.937000000,8.584365,0,2120.889459,5.000000,12
1071,150,921.689438,11640,12.943068947,12.946000000,2.931053,1,921.689438,5.000000,12
1072,150,790.418699,11640,12.958354232,12.960500000,2.145768,1,790.418699,5.000000,12
1073,150,627.863140,11640,12.972278711,12.974500000,2.221289,1,627.863140,5.000000,12
1076,150,486.207012,11640,12.988269280,12.990500000,2.230720,1,486.207012,5.000000,12
1077,150,558.825859,11640,13.003602085,13.012000000,8.397915,0,2120.889459,5.000000,12
1079,150,594.349654,11640,13.016808679,13.019000000,2.191321,1,594.349654,5.000000,12
1080,150,655.545102,11640,13.030648964,13.033000000,2.351036,1,655.545102,5.000000,12
1081,150,673.298245,11640,13.044323399,13.046500000,2.176601,1,673.298245,5.000000,12
1082,150,614.364318,11640,13.059095747,13.061500000,2.404253,1,614.364318,5.000000,12
1083,150,514.499834,11640,13.073111937,13.081500000,8.388063,0,2120.889459,5.000000,12
1085,150,430.429725,11640,13.086928672,13.089000000,2.071328,1,430.429725,5.000000,12
1086,150,407.497047,11640,13.101043258,13.106500000,5.456742,0,2120.889459,5.000000,12
1088,150,543.063634,11640,13.117124580,13.122500000,5.375420,0,2120.889459,5.000000,12
1089,150,650.811411,11640,13.132151045,13.137500000,5.348955,0,2120.889459,5.000000,12
1090,150,704.229477,11640,13.147205449,13.149500000,2.294551,1,704.229477,5.000000,12
1091,150,738.418224,11640,13.161748117,13.164000000,2.251883,1,738.418224,5.000000,12
1092,150,784.482832,11640,13.175457596,13.178000000,2.542404,1,784.482832,5.000000,12
1093,150,809.268825,11640,13.190792574,13.193500000,2.707426,1,809.268825,5.000000,12
1094,150,821.714287,11640,13.204194420,13.212500000,8.305580,0,2120.889459,5.000000,13
1095,150,813.126985,11640,13.219867916,13.222000000,2.132084,1,813.126985,5.000000,13
1096,150,813.998592,11640,13.233158888,13.236000000,2.841112,1,813.998592,5.000000,13
1097,150,785.472664,11640,13.246310971,13.248500000,2.189029,1,785.472664,5.000000,13
1098,150,745.164018,11640,13.262639023,13.265000000,2.360977,1,745.164018,5.000000,13
1099,150,712.744734,11640,13.277174995,13.279500000,2.325005,1,712.744734,5.000000,13
1100,150,685.604217,11640,13.290853724,13.293000000,2.146276,1,685.604217,5.000000,13
1101,150,615.474952,11640,13.303963921,13.312000000,8.036079,0,2120.889459,5.000000,13
1102,150,496.954007,11640,13.318828496,13.321000000,2.171504,1,496.954007,5.000000,13
1104,150,504.706939,11640,13.331972960,13.334000000,2.027040,1,504.706939,5.000000,13
1105,150,656.953476,11640,13.345074380,13.347500000,2.425620,1,656.953476,5.000000,13
1106,150,714.961481,11640,13.360379328,13.362500000,2.120672,1,714.961481,5.000000,13
1107,150,769.390912,11640,13.373228748,13.375500000,2.271252,1,769.390912,5.000000,13
1108,150,787.930622,11640,13.387004940,13.389500000,2.495060,1,787.930622,5.000000,13
1109,150,838.275505,11640,13.400168233,13.405500000,5.331767,0,2120.889459,5.000000,13
1110,150,843.249104,11640,13.415330369,13.417500000,2.169631,1,843.249104,5.000000,13
1111,150,858.965122,11640,13.430227272,13.432500000,2.272728,1,858.965122,5.000000,13
1112,150,847.678998,11640,13.444628562,13.447500000,2.871438,1,847.678998,5.000000,13
1113,150,865.752895,11640,13.458509442,13.461000000,2.490558,1,865.752895,5.000000,13
1114,150,855.630566,11640,13.473364379,13.475500000,2.135621,1,855.630566,5.000000,13
1115,150,861.638487,11640,13.486300744,13.488500000,2.199256,1,861.638487,5.000000,13
1116,150,853.291938,11640,13.501320746,13.507000000,5.679254,0,2120.889459,5.000000,13
1117,150,856.001065,11640,13.517359692,13.525500000,8.140308,0,2120.889459,5.000000,13
1118,150,810.483111,11640,13.531542942,13.540000000,8.457058,0,2120.889459,5.000000,13
1119,150,788.107002,11640,13.544589112,13.547000000,2.410888,1,788.107002,5.000000,13
1120,150,735.671144,11640,13.557442853,13.562500000,5.057147,0,2120.889459,5.000000,13
1121,150,686.493755,11640,13.573079677,13.575500000,2.420323,1,686.493755,5.000000,13
1122,150,560.216616,11640,13.586840301,13.595000000,8.159699,0,2120.889459,5.000000,13
1124,150,495.414180,11640,13.602025740,13.607500000,5.474260,0,2120.889459,5.000000,13
1125,150,560.810314,11640,13.617203533,13.622500000,5.296467,0,2120.889459,5.000000,13
1126,150,523.788877,11640,13.630237357,13.632500000,2.262643,1,523.788877,5.000000,13
1128,150,669.059866,11640,13.643901537,13.652000000,8.098463,0,2120.889459,5.000000,13
1129,150,859.097870,11640,13.659116759,13.661500000,2.383241,1,859.097870,5.000000,13
1130,150,958.502850,11640,13.678685988,13.681000000,2.314012,1,958.502850,5.000000,13
1131,150,1012.456826,11640,13.691857111,13.694000000,2.142889,1,1012.456826,5.000000,13
1132,150,1115.543136,11640,13.706069876,13.711500000,5.430124,0,2120.889459,5.000000,13
1133,150,1194.137476,11640,13.720599598,13.723000000,2.400402,1,1194.137476,5.000000,13
1134,150,1246.677384,11640,13.733304844,13.735500000,2.195156,1,1246.677384,5.000000,13
1135,150,1278.097741,11640,13.748319307,13.753500000,5.180693,0,2120.889459,5.000000,13
1136,150,1312.280430,11640,13.761963679,13.764000000,2.036321,1,1312.280430,5.000000,13
1137,150,1277.715872,11640,13.777612817,13.780000000,2.387183,1,1277.715872,5.000000,13
1138,150,1281.974754,11640,13.791201446,13.793500000,2.298554,1,1281.974754,5.000000,13
1139,150,1246.182640,11640,13.808887888,13.814000000,5.112112,0,2120.889459,5.000000,14
1140,150,1178.896577,11640,13.822675786,13.825000000,2.324214,1,1178.896577,5.000000,14
1141,150,905.670311,11640,13.836811481,13.839500000,2.688519,1,905.670311,5.000000,14
1143,150,658.759422,11640,13.850392085,13.852500000,2.107915,1,658.759422,5.000000,14
1145,150,982.834122,11640,13.865861636,13.868000000,2.138364,1,982.834122,5.000000,14
1146,150,1251.515926,11640,13.878642211,13.881000000,2.357789,1,1251.515926,5.000000,14
1147,150,1399.140393,11640,13.892352947,13.894500000,2.147053,1,1399.140393,5.000000,14
1148,150,1456.675395,11640,13.905213767,13.913500000,8.286233,0,2120.889459,5.000000,14
1149,150,1515.100511,11640,13.918152238,13.920500000,2.347762,1,1515.100511,5.000000,14
1150,150,1535.386232,11640,13.931406549,13.933500000,2.093451,1,1535.386232,5.000000,14
1151,150,1583.618538,11640,13.945874558,13.948000000,2.125442,1,1583.618538,5.000000,14
1152,150,1564.544478,11640,13.960132026,13.962500000,2.367974,1,1564.544478,5.000000,14
1153,150,1564.037391,11640,13.973284288,13.976000000,2.715712,1,1564.037391,5.000000,14
1154,150,1518.225640,11640,13.987556776,13.990000000,2.443224,1,1518.225640,5.000000,14
1155,150,1496.983304,11640,14.003961957,14.009000000,5.038043,0,2120.889459,5.000000,14
1156,150,1467.953560,11640,14.021465599,14.023500000,2.034401,1,1467.953560,5.000000,14
1157,150,1467.870091,11640,14.037893257,14.040000000,2.106743,1,1467.870091,5.000000,14
1158,150,1402.667572,11640,14.051903566,14.054000000,2.096434,1,1402.667572,5.000000,14
1159,150,1357.128931,11640,14.066769849,14.072000000,5.230151,0,2120.889459,5.000000,14
1160,150,1265.098909,11640,14.079844496,14.082000000,2.155504,1,1265.098909,5.000000,14
1161,150,1121.435418,11640,14.092867479,14.095500000,2.632521,1,1121.435418,5.000000,14
1162,150,797.042854,11640,14.106810691,14.109000000,2.189309,1,797.042854,5.000000,14
1164,150,756.492858,11640,14.122008774,14.127500000,5.491226,0,2120.889459,5.000000,14
1165,150,991.713113,11640,14.137624971,14.140000000,2.375029,1,991.713113,5.000000,14
1166,150,962.026997,11640,14.151752657,14.154000000,2.247343,1,962.026997,5.000000,14
1167,150,799.275082,11640,14.164546965,14.167000000,2.453035,1,799.275082,5.000000,14
1169,150,771.832203,11640,14.177406341,14.179500000,2.093659,1,771.832203,5.000000,14
1170,150,925.606737,11640,14.190481550,14.193000000,2.518450,1,925.606737,5.000000,14
1171,150,776.734381,11640,14.203177451,14.208500000,5.322549,0,2120.889459,5.000000,14
1173,150,730.665385,11640,14.217405954,14.219500000,2.094046,1,730.665385,5.000000,14
1174,150,864.212568,11640,14.232263072,14.234500000,2.236928,1,864.212568,5.000000,14
1175,150,720.986373,11640,14.245012397,14.247500000,2.487603,1,720.986373,5.000000,14
1177,150,773.767354,11640,14.261008202,14.263500000,2.491798,1,773.767354,5.000000,14
1178,150,852.102934,11640,14.274425735,14.276500000,2.074265,1,852.102934,5.000000,14
1179,150,742.437749,11640,14.287611457,14.290000000,2.388543,1,742.437749,5.000000,14
1181,150,653.338491,11640,14.301158224,14.303500000,2.341776,1,653.338491,5.000000,14
1182,150,636.651703,11640,14.314768547,14.320000000,5.231453,0,2120.889459,5.000000,14
1184,150,734.885035,11640,14.331388627,14.333500000,2.111373,1,734.885035,5.000000,14
1185,150,924.992642,11640,14.346375452,14.348500000,2.124548,1,924.992642,5.000000,14
1186,150,998.404624,11640,14.361177794,14.363500000,2.322206,1,998.404624,5.000000,14
1187,150,1050.900488,11640,14.375880618,14.378000000,2.119382,1,1050.900488,5.000000,14
1188,150,1047.563543,11640,14.390129193,14.392500000,2.370807,1,1047.563543,5.000000,14
1189,150,1045.840732,11640,14.403010487,14.408500000,5.489513,0,2120.889459,5.000000,14
1190,150,982.098964,11640,14.417690096,14.420000000,2.309904,1,982.098964,5.000000,14
1191,150,899.508858,11640,14.430769943,14.433000000,2.230057,1,899.508858,5.000000,14
1192,150,679.069796,11640,14.449762462,14.452000000,2.237538,1,679.069796,5.000000,14
1194,150,595.498055,11640,14.463970341,14.466000000,2.029659,1,595.498055,5.000000,14
1195,150,677.404736,11640,14.477845975,14.480000000,2.154025,1,677.404736,5.000000,14
1196,150,594.290431,11640,14.492895052,14.495000000,2.104948,1,594.290431,5.000000,14
1198,150,473.854430,11640,14.508662362,14.514000000,5.337638,0,2120.889459,5.000000,14
1200,150,559.825880,11640,14.522056683,14.524500000,2.443317,1,559.825880,5.000000,14
1201,150,644.729468,11640,14.536212087,14.538500000,2.287913,1,644.729468,5.000000,14
1202,150,568.451146,11640,14.550143726,14.552500000,2.356274,1,568.451146,5.000000,14
1204,150,657.157111,11640,14.565036185,14.567500000,2.463815,1,657.157111,5.000000,14
1205,150,853.712986,11640,14.577988711,14.580500000,2.511289,1,853.712986,5.000000,14
1206,150,956.947157,11640,14.593678818,14.596000000,2.321182,1,956.947157,5.000000,14
1207,150,1057.657914,11640,14.609809103,14.612000000,2.190897,1,1057.657914,5.000000,14
1208,150,1104.005767,11640,14.624623495,14.630000000,5.376505,0,2120.889459,5.000000,14
1209,150,1169.082267,11640,14.637900076,14.640000000,2.099924,1,1169.082267,5.000000,14
1210,150,1190.382001,11640,14.653574624,14.656000000,2.425376,1,1190.382001,5.000000,14
1211,150,1242.647925,11640,14.666806366,14.669000000,2.193634,1,1242.647925,5.000000,14
1212,150,1262.575254,11640,14.684350815,14.686500000,2.149185,1,1262.575254,5.000000,14
1213,150,1285.283929,11640,14.697203766,14.699500000,2.296234,1,1285.283929,5.000000,14
1214,150,1300.679746,11640,14.710695030,14.716000000,5.304970,0,2120.889459,5.000000,14
1215,150,1330.652712,11640,14.723382221,14.725500000,2.117779,1,1330.652712,5.000000,14
1216,150,1326.492660,11640,14.736533034,14.739000000,2.466966,1,1326.492660,5.000000,14
1217,150,1349.403155,11640,14.751041518,14.753500000,2.458482,1,1349.403155,5.000000,14
1218,150,1342.374289,11640,14.766175622,14.768500000,2.324378,1,1342.374289,5.000000,14
1219,150,1363.224803,11640,14.781470185,14.783500000,2.029815,1,1363.224803,5.000000,14
1220,150,1375.070116,11640,14.795386690,14.797500000,2.113310,1,1375.070116,5.000000,14
1221,150,1358.819665,11640,14.808062541,14.810500000,2.437459,1,1358.819665,5.000000,14
1222,150,1363.036659,11640,14.821281850,14.823500000,2.218150,1,1363.036659,5.000000,14
1223,150,1347.276940,11640,14.835561561,14.838000000,2.438439,1,1347.276940,5.000000,14
1224,150,1308.347272,11640,14.850160942,14.852500000,2.339058,1,1308.347272,5.000000,14
1225,150,1316.096680,11640,14.863241065,14.865500000,2.258935,1,1316.096680,5.000000,14
1226,150,1274.898273,11640,14.879063653,14.881500000,2.436347,1,1274.898273,5.000000,14
1227,150,1272.165018,11640,14.895687800,14.898000000,2.312200,1,1272.165018,5.000000,14
1228,150,1247.175971,11640,14.910162380,14.912500000,2.337620,1,1247.175971,5.000000,14
1229,150,1244.786773,11640,14.924916726,14.927000000,2.083274,1,1244.786773,5.000000,14
1230,150,1215.183334,11640,14.938078332,14.940500000,2.421668,1,1215.183334,5.000000,14
1231,150,1213.702301,11640,14.951861227,14.954000000,2.138773,1,1213.702301,5.000000,14
1232,150,1167.806092,11640,14.966007295,14.968500000,2.492705,1,1167.806092,5.000000,14
1233,150,1159.513493,11640,14.978897279,14.981000000,2.102721,1,1159.513493,5.000000,14
1234,150,1114.447959,11640,14.994835407,14.997000000,2.164593,1,1114.447959,5.000000,14
1235,150,1104.441059,11640,15.010334203,15.015500000,5.165797,0,2120.889459,5.000000,14
1236,150,1049.197916,11640,15.025043852,15.027500000,2.456148,1,1049.197916,5.000000,14
1237,150,1008.977708,11640,15.038365093,15.040500000,2.134907,1,1008.977708,5.000000,14
1238,150,946.886115,11640,15.052260037,15.054500000,2.239963,1,946.886115,5.000000,14
1239,150,872.491500,11640,15.067717265,15.070000000,2.282735,1,872.491500,5.000000,14
1240,150,732.640195,11640,15.080613630,15.083000000,2.386370,1,732.640195,5.000000,14
1241,150,548.739128,11640,15.094409462,15.096500000,2.090538,1,548.739128,5.000000,14
1243,150,294.519870,11640,15.108319919,15.113500000,5.180081,0,2120.889459,5.000000,14
1245,150,556.843123,11640,15.122460239,15.125000000,2.539761,1,556.843123,5.000000,14
1246,150,732.434463,11640,15.135129898,15.137500000,2.370102,1,732.434463,5.000000,14
1247,150,860.935791,11640,15.149481817,15.152000000,2.518183,1,860.935791,5.000000,14
1248,150,906.519559,11640,15.162493741,15.165000000,2.506259,1,906.519559,5.000000,14
1249,150,958.544270,11640,15.176917690,15.179000000,2.082310,1,958.544270,5.000000,14
1250,150,976.148795,11640,15.190755205,15.193000000,2.244795,1,976.148795,5.000000,14
1251,150,997.303573,11640,15.205096605,15.214000000,8.903395,0,2120.889459,5.000000,14
1252,150,976.881353,11640,15.219968020,15.222000000,2.031980,1,976.881353,5.000000,14
1253,150,978.759988,11640,15.238945067,15.241000000,2.054933,1,978.759988,5.000000,14
1254,150,955.468280,11640,15.252558877,15.255000000,2.441123,1,955.468280,5.000000,14
1255,150,948.025707,11640,15.267337690,15.269500000,2.162310,1,948.025707,5.000000,14
1256,150,903.147049,11640,15.282817460,15.285000000,2.182540,1,903.147049,5.000000,14
1257,150,861.838816,11640,15.296455208,15.298500000,2.044792,1,861.838816,5.000000,14
1258,150,770.332662,11640,15.309567116,15.315000000,5.432884,0,2120.889459,5.000000,14
1259,150,679.290700,11640,15.323879449,15.326000000,2.120551,1,679.290700,5.000000,14
1260,150,497.906008,11640,15.336841220,15.339000000,2.158780,1,497.906008,5.000000,14
1262,150,280.975512,11640,15.349652758,15.352000000,2.347242,1,280.975512,5.000000,14
1264,150,472.377468,11640,15.366866764,15.369000000,2.133236,1,472.377468,5.000000,14
1265,150,625.721328,11640,15.379937129,15.382000000,2.062871,1,625.721328,5.000000,14
1266,150,701.419376,11640,15.393407520,15.395500000,2.092480,1,701.419376,5.000000,14
1267,150,752.359466,11640,15.406798911,15.409500000,2.701089,1,752.359466,5.000000,14
1268,150,775.531298,11640,15.419594845,15.422000000,2.405155,1,775.531298,5.000000,14
1269,150,797.611592,11640,15.432617415,15.435000000,2.382585,1,797.611592,5.000000,14
1270,150,789.647169,11640,15.446021021,15.448500000,2.478979,1,789.647169,5.000000,14
1271,150,785.663303,11640,15.460050878,15.462500000,2.449122,1,785.663303,5.000000,14
1272,150,752.909721,11640,15.475388420,15.477500000,2.111580,1,752.909721,5.000000,14
1273,150,747.289338,11640,15.489695399,15.492000000,2.304601,1,747.289338,5.000000,14
1274,150,687.080005,11640,15.503677161,15.506000000,2.322839,1,687.080005,5.000000,14
1275,150,640.692304,11640,15.517244135,15.525500000,8.255865,0,2120.889459,5.000000,14
1276,150,524.991729,11640,15.531463116,15.533500000,2.036884,1,524.991729,5.000000,14
1278,150,447.166511,11640,15.544586221,15.547000000,2.413779,1,447.166511,5.000000,14
1279,150,477.495505,11640,15.558832290,15.561000000,2.167710,1,477.495505,5.000000,14
1280,150,415.677617,11640,15.574276501,15.576500000,2.223499,1,415.677617,5.000000,14
1282,150,444.102221,11640,15.587610785,15.590000000,2.389215,1,444.102221,5.000000,14
1283,150,516.788978,11640,15.601913195,15.607000000,5.086805,0,2120.889459,5.000000,14
1284,150,565.096079,11640,15.614792166,15.617000000,2.207834,1,565.096079,5.000000,14
1285,150,553.135359,11640,15.627578431,15.630000000,2.421569,1,553.135359,5.000000,14
1286,150,517.803162,11640,15.642346267,15.644500000,2.153733,1,517.803162,5.000000,14
1288,150,557.647660,11640,15.657034401,15.659500000,2.465599,1,557.647660,5.000000,14
1289,150,628.029830,11640,15.670756309,15.673000000,2.243691,1,628.029830,5.000000,14
1290,150,659.639095,11640,15.686434913,15.688500000,2.065087,1,659.639095,5.000000,14
1291,150,645.369168,11640,15.699664331,15.702000000,2.335669,1,645.369168,5.000000,14
1292,150,630.992315,11640,15.714102827,15.716500000,2.397173,1,630.992315,5.000000,14
1293,150,568.547996,11640,15.728686795,15.731000000,2.313205,1,568.547996,5.000000,14
1294,150,486.499943,11640,15.742512497,15.745000000,2.487503,1,486.499943,5.000000,14
1296,150,321.628222,11640,15.757205381,15.759500000,2.294619,1,321.628222,5.000000,14
1298,150,401.399162,11640,15.770189732,15.772500000,2.310268,1,401.399162,5.000000,14
1299,150,472.206096,11640,15.787048769,15.789500000,2.451231,1,472.206096,5.000000,14
1300,150,500.242455,11640,15.800155397,15.808500000,8.344603,0,2120.889459,5.000000,14
1301,150,482.016167,11640,15.814938929,15.817000000,2.061071,1,482.016167,5.000000,14
1303,150,518.155957,11640,15.830254617,15.832500000,2.245383,1,518.155957,5.000000,14
1304,150,610.183729,11640,15.843775837,15.846000000,2.224163,1,610.183729,5.000000,14
1305,150,641.341605,11640,15.857271168,15.859500000,2.228832,1,641.341605,5.000000,14
1306,150,682.545317,11640,15.871693622,15.874000000,2.306378,1,682.545317,5.000000,14
1307,150,670.507821,11640,15.884486296,15.887000000,2.513704,1,670.507821,5.000000,14
1308,150,673.088171,11640,15.900738534,15.906500000,5.761466,0,2120.889459,5.000000,11
1309,150,636.550959,11640,15.916551832,15.919000000,2.448168,1,636.550959,5.000000,11
1310,150,612.675374,11640,15.931275545,15.936500000,5.224455,0,2120.889459,5.000000,11
1311,150,544.097099,11640,15.945258799,15.947500000,2.241201,1,544.097099,5.000000,11
1312,150,459.170589,11640,15.958619139,15.961000000,2.380861,1,459.170589,5.000000,11
1314,150,284.833299,11640,15.973424937,15.975500000,2.075063,1,284.833299,5.000000,11
1316,150,407.131967,11640,15.986594554,15.989000000,2.405446,1,407.131967,5.000000,11
1317,150,459.975531,11640,15.999682793,16.008000000,8.317207,0,2120.889459,5.000000,11
1318,150,478.791092,11640,16.014593272,16.018000000,3.406728,1,478.791092,5.000000,11
1319,150,437.720843,11640,16.030355932,16.032500000,2.144068,1,437.720843,5.000000,11
1321,150,306.601447,11640,16.047304189,16.049500000,2.195811,1,306.601447,5.000000,11
1324,150,397.575176,11640,16.062951377,16.065000000,2.048623,1,397.575176,5.000000,11
1325,150,456.422489,11640,16.076226545,16.078500000,2.273455,1,456.422489,5.000000,11
1326,150,440.549102,11640,16.089239973,16.091500000,2.260027,1,440.549102,5.000000,11
1327,150,406.668071,11640,16.105634494,16.117000000,11.365506,0,2120.889459,5.000000,11
1329,150,323.039389,11640,16.121016904,16.123500000,2.483096,1,323.039389,5.000000,11
1331,150,414.936832,11640,16.136117935,16.138500000,2.382065,1,414.936832,5.000000,11
1332,150,470.312363,11640,16.149949847,16.152000000,2.050153,1,470.312363,5.000000,11
1333,150,520.537498,11640,16.162834115,16.165000000,2.165885,1,520.537498,5.000000,11
1334,150,520.328571,11640,16.175509389,16.178000000,2.490611,1,520.328571,5.000000,11
1335,150,544.015075,11640,16.188234485,16.190500000,2.265515,1,544.015075,5.000000,11
1336,150,542.212444,11640,16.202447515,16.210500000,8.052485,0,2120.889459,5.000000,9
1337,150,526.175058,11640,16.216287684,16.218500000,2.212316,1,526.175058,5.000000,9
1338,150,474.503123,11640,16.230816478,16.236000000,5.183522,0,2120.889459,5.000000,9
1340,150,438.233149,11640,16.245457143,16.247500000,2.042857,1,438.233149,5.000000,9
1341,150,471.160257,11640,16.259397514,16.267500000,8.102486,0,2120.889459,5.000000,9
1342,150,446.930253,11640,16.272564072,16.278000000,5.435928,0,2120.889459,5.000000,9
1343,150,431.132857,11640,16.287102058,16.292500000,5.397942,0,2120.889459,5.000000,9
1344,150,340.466216,11640,16.299896042,16.305000000,5.103958,0,2120.889459,5.000000,9
1347,150,374.723392,11640,16.312845725,16.318000000,5.154275,0,2120.889459,5.000000,9
1348,150,459.446563,11640,16.326147108,16.331500000,5.352892,0,2120.889459,5.000000,9
1349,150,539.379131,11640,16.341158720,16.349500000,8.341280,0,2120.889459,5.000000,9
1350,150,608.336135,11640,16.354696478,16.357000000,2.303522,1,608.336135,5.000000,9
1351,150,649.903867,11640,16.370405884,16.375500000,5.094116,0,2120.889459,5.000000,9
1352,150,682.843415,11640,16.386511579,16.389000000,2.488421,1,682.843415,5.000000,9
1353,150,696.169712,11640,16.399672018,16.405000000,5.327982,0,2120.889459,5.000000,9
1354,150,686.823004,11640,16.414310133,16.416500000,2.189867,1,686.823004,5.000000,9
1355,150,694.654450,11640,16.429082909,16.431500000,2.417091,1,694.654450,5.000000,9
1356,150,681.659709,11640,16.442029889,16.444500000,2.470111,1,681.659709,5.000000,9
1357,150,657.867124,11640,16.455989706,16.458500000,2.510294,1,657.867124,5.000000,9
1358,150,624.466651,11640,16.471610952,16.477000000,5.389048,0,2120.889459,5.000000,9
1359,150,606.678920,11640,16.487504009,16.493000000,5.495991,0,2120.889459,5.000000,9
1360,150,581.298009,11640,16.505559414,16.511000000,5.440586,0,2120.889459,5.000000,14
1361,150,560.412950,11640,16.520942978,16.523000000,2.057022,1,560.412950,5.000000,14
1362,150,535.095845,11640,16.534031087,16.536500000,2.468913,1,535.095845,5.000000,14
1363,150,531.721202,11640,16.548873321,16.551000000,2.126679,1,531.721202,5.000000,14
1364,150,527.865389,11640,16.564240714,16.566500000,2.259286,1,527.865389,5.000000,14
1365,150,514.876282,11640,16.579388918,16.581500000,2.111082,1,514.876282,5.000000,14
1366,150,509.336671,11640,16.595514586,16.598000000,2.485414,1,509.336671,5.000000,14
1367,150,486.645887,11640,16.610372113,16.618500000,8.127887,0,2120.889459,5.000000,14
1368,150,473.933560,11640,16.623181893,16.625500000,2.318107,1,473.933560,5.000000,14
1369,150,454.101863,11640,16.637921511,16.640000000,2.078489,1,454.101863,5.000000,14
1370,150,432.306714,11640,16.651969633,16.654000000,2.030367,1,432.306714,5.000000,14
1371,150,380.833632,11640,16.665395488,16.667500000,2.104512,1,380.833632,5.000000,14
1372,150,330.163840,11640,16.678635766,16.681000000,2.364234,1,330.163840,5.000000,14
1375,150,318.132173,11640,16.691475805,16.693500000,2.024195,1,318.132173,5.000000,14
1376,150,370.439588,11640,16.704362498,16.709500000,5.137502,0,2120.889459,5.000000,14
1377,150,376.092387,11640,16.720908723,16.723000000,2.091277,1,376.092387,5.000000,14
1378,150,399.585855,11640,16.735326480,16.737500000,2.173520,1,399.585855,5.000000,14
1379,150,404.102844,11640,16.750329173,16.752500000,2.170827,1,404.102844,5.000000,14
1380,150,404.730521,11640,16.763434491,16.765500000,2.065509,1,404.730521,5.000000,14
1381,150,409.168434,11640,16.776912651,16.779000000,2.087349,1,409.168434,5.000000,14
1382,150,377.810351,11640,16.789748271,16.792000000,2.251729,1,377.810351,5.000000,14
1384,150,428.768331,11640,16.804896356,16.816000000,11.103644,0,2120.889459,5.000000,14
1385,150,449.244204,11640,16.820569719,16.823000000,2.430281,1,449.244204,5.000000,14
1386,150,416.234870,11640,16.834620395,16.837000000,2.379605,1,416.234870,5.000000,14
1387,150,422.117731,11640,16.849052591,16.851500000,2.447409,1,422.117731,5.000000,14
1388,150,416.122979,11640,16.862630857,16.865000000,2.369143,1,416.122979,5.000000,14
1389,150,423.277159,11640,16.876164420,16.878500000,2.335580,1,423.277159,5.000000,14
1390,150,422.861645,11640,16.891029174,16.893500000,2.470826,1,422.861645,5.000000,14
1391,150,430.875939,11640,16.903933352,16.912000000,8.066648,0,2120.889459,5.000000,13
1392,150,415.767747,11640,16.919323175,16.927500000,8.176825,0,2120.889459,5.000000,14
1393,150,401.971433,11640,16.933511595,16.936000000,2.488405,1,401.971433,5.000000,14
1394,150,377.839483,11640,16.946811403,16.949000000,2.188597,1,377.839483,5.000000,14
1395,150,380.145151,11640,16.960188742,16.963000000,2.811258,1,380.145151,5.000000,14
1396,150,375.258929,11640,16.975730979,16.978000000,2.269021,1,375.258929,5.000000,14
1397,150,362.541344,11640,16.989052377,16.991500000,2.447623,1,362.541344,5.000000,14
1398,150,358.260670,11640,17.002610678,17.008000000,5.389322,0,2120.889459,5.000000,14
1399,150,312.785049,11640,17.018936407,17.021000000,2.063593,1,312.785049,5.000000,14
1401,150,281.149343,11640,17.031881529,17.034000000,2.118471,1,281.149343,5.000000,14
1403,150,274.639949,11640,17.046873600,17.049000000,2.126400,1,274.639949,5.000000,14
1404,150,276.255250,11640,17.060231828,17.062500000,2.268172,1,276.255250,5.000000,14
1406,150,278.828103,11640,17.073713446,17.076000000,2.286554,1,278.828103,5.000000,14
1408,150,301.349314,11640,17.087556583,17.090000000,2.443417,1,301.349314,5.000000,14
1409,150,326.042379,11640,17.102128236,17.111000000,8.871764,0,2120.889459,5.000000,12
1410,150,338.593970,11640,17.116951075,17.119000000,2.048925,1,338.593970,5.000000,12
1411,150,375.556976,11640,17.130443443,17.135500000,5.056557,0,2120.889459,5.000000,12
1412,150,376.027279,11640,17.144104576,17.146500000,2.395424,1,376.027279,5.000000,12
1413,150,373.424891,11640,17.156824642,17.159000000,2.175358,1,373.424891,5.000000,12
1415,150,319.399794,11640,17.169888150,17.175000000,5.111850,0,2120.889459,5.000000,12
1416,150,307.167575,11640,17.182576764,17.188000000,5.423236,0,2120.889459,5.000000,12
1418,150,282.193354,11640,17.196136962,17.198500000,2.363038,1,282.193354,5.000000,12
1419,150,250.782052,11640,17.211537028,17.217000000,5.462972,0,2120.889459,5.000000,12
1422,150,248.648002,11640,17.227967727,17.230000000,2.032273,1,248.648002,5.000000,12
1423,150,286.350683,11640,17.243089289,17.245500000,2.410711,1,286.350683,5.000000,12
1424,150,264.171109,11640,17.256290320,17.258500000,2.209680,1,264.171109,5.000000,12
1425,150,259.013293,11640,17.270428870,17.273000000,2.571130,1,259.013293,5.000000,12
1428,150,217.398073,11640,17.284550431,17.287000000,2.449569,1,217.398073,5.000000,12
1431,150,298.136844,11640,17.297853392,17.300000000,2.146608,1,298.136844,5.000000,12
1432,150,369.062768,11640,17.311790153,17.317000000,5.209847,0,2120.889459,5.000000,12
1433,150,394.544752,11640,17.324478106,17.326500000,2.021894,1,394.544752,5.000000,12
1434,150,345.272851,11640,17.337919975,17.340000000,2.080025,1,345.272851,5.000000,12
1435,150,343.378058,11640,17.351354416,17.359500000,8.145584,0,2120.889459,5.000000,12
1436,150,309.445304,11640,17.366726044,17.369000000,2.273956,1,309.445304,5.000000,12
1437,150,308.450577,11640,17.379942324,17.382500000,2.557676,1,308.450577,5.000000,12
1439,150,286.649813,11640,17.392998381,17.396000000,3.001619,1,286.649813,5.000000,12
1440,150,301.004548,11640,17.406380485,17.411500000,5.119515,0,2120.889459,5.000000,14
1441,150,331.989878,11640,17.420323609,17.422500000,2.176391,1,331.989878,5.000000,14
1442,150,336.775200,11640,17.433335039,17.435500000,2.164961,1,336.775200,5.000000,14
1443,150,343.784916,11640,17.448823584,17.451000000,2.176416,1,343.784916,5.000000,14
1444,150,322.797605,11640,17.462951447,17.465000000,2.048553,1,322.797605,5.000000,14
1445,150,330.428682,11640,17.477020489,17.479500000,2.479511,1,330.428682,5.000000,14
1446,150,335.840429,11640,17.490305944,17.492500000,2.194056,1,335.840429,5.000000,14
1447,150,359.233954,11640,17.504113053,17.509500000,5.386947,0,2120.889459,5.000000,14
1448,150,391.944623,11640,17.518501748,17.521000000,2.498252,1,391.944623,5.000000,14
1449,150,461.449659,11640,17.531221606,17.533500000,2.278394,1,461.449659,5.000000,14
1450,150,435.871311,11640,17.545084272,17.547500000,2.415728,1,435.871311,5.000000,14
1451,150,371.530113,11640,17.562758032,17.565000000,2.241968,1,371.530113,5.000000,14
1453,150,335.138829,11640,17.578898866,17.581000000,2.101134,1,335.138829,5.000000,14
1455,150,329.001758,11640,17.592003866,17.594500000,2.496134,1,329.001758,5.000000,14
1456,150,373.419032,11640,17.608107120,17.616500000,8.392880,0,2120.889459,5.000000,14
1457,150,410.683298,11640,17.623108594,17.625500000,2.391406,1,410.683298,5.000000,14
1458,150,385.554092,11640,17.636791739,17.639000000,2.208261,1,385.554092,5.000000,14
1459,150,394.271032,11640,17.649577905,17.652000000,2.422095,1,394.271032,5.000000,14
1460,150,391.001271,11640,17.665356494,17.667500000,2.143506,1,391.001271,5.000000,14
1461,150,389.154528,11640,17.678234656,17.683500000,5.265344,0,2120.889459,5.000000,14
1462,150,406.719346,11640,17.691445873,17.693500000,2.054127,1,406.719346,5.000000,14
1463,150,426.192205,11640,17.706902583,17.715000000,8.097417,0,2120.889459,5.000000,14
1464,150,457.599106,11640,17.721309154,17.723500000,2.190846,1,457.599106,5.000000,14
1466,150,355.791836,11640,17.734110359,17.739500000,5.389641,0,2120.889459,5.000000,14
1467,150,362.520036,11640,17.747356038,17.749500000,2.143962,1,362.520036,5.000000,14
1468,150,348.578124,11640,17.760047679,17.765500000,5.452321,0,2120.889459,5.000000,14
1469,150,349.085199,11640,17.776034215,17.778500000,2.465785,1,349.085199,5.000000,14
1470,150,352.889559,11640,17.789201381,17.791500000,2.298619,1,352.889559,5.000000,14
1471,150,372.113159,11640,17.803836092,17.809000000,5.163908,0,2120.889459,5.000000,14
1472,150,360.415227,11640,17.819488584,17.828000000,8.511416,0,2120.889459,5.000000,14
1473,150,354.688890,11640,17.833465487,17.835500000,2.034513,1,354.688890,5.000000,14
1474,150,346.708903,11640,17.849757467,17.858000000,8.242533,0,2120.889459,5.000000,14
1475,150,366.676168,11640,17.863778529,17.866000000,2.221471,1,366.676168,5.000000,14
1476,150,375.634157,11640,17.877422970,17.879500000,2.077030,1,375.634157,5.000000,14
1477,150,431.984915,11640,17.891886010,17.897000000,5.113990,0,2120.889459,5.000000,14
1478,150,427.764655,11640,17.908112917,17.913500000,5.387083,0,2120.889459,5.000000,14
1481,150,339.444609,11640,17.921711062,17.924000000,2.288938,1,339.444609,5.000000,14
1482,150,326.098462,11640,17.934880634,17.937000000,2.119366,1,326.098462,5.000000,14
1484,150,328.998577,11640,17.948230085,17.950500000,2.269915,1,328.998577,5.000000,14
1485,150,346.830321,11640,17.964852626,17.970000000,5.147374,0,2120.889459,5.000000,14
1486,150,325.151952,11640,17.979134979,17.981500000,2.365021,1,325.151952,5.000000,14
1488,150,327.103606,11640,17.994360328,17.996500000,2.139672,1,327.103606,5.000000,14
1489,150,348.681771,11640,18.008866353,18.014000000,5.133647,0,2120.889459,5.000000,14
1490,150,375.546881,11640,18.024405356,18.026500000,2.094644,1,375.546881,5.000000,14
1491,150,408.131126,11640,18.037398142,18.039500000,2.101858,1,408.131126,5.000000,14
1492,150,409.941327,11640,18.052638158,18.055000000,2.361842,1,409.941327,5.000000,14
1493,150,351.152097,11640,18.066837041,18.069000000,2.162959,1,351.152097,5.000000,14
1494,150,343.191269,11640,18.080601246,18.083000000,2.398754,1,343.191269,5.000000,14
1495,150,364.588446,11640,18.094591906,18.097000000,2.408094,1,364.588446,5.000000,14
1496,150,329.554387,11640,18.108470695,18.113500000,5.029305,0,2120.889459,5.000000,14
1497,150,307.021408,11640,18.121498907,18.124000000,2.501093,1,307.021408,5.000000,14
1498,150,297.387163,11640,18.137241035,18.139500000,2.258965,1,297.387163,5.000000,14
1499,150,300.085055,11640,18.150311552,18.152500000,2.188448,1,300.085055,5.000000,14
1500,150,242.249733,11640,18.165764966,18.168000000,2.235034,1,242.249733,5.000000,14
1503,150,263.912485,11640,18.178757861,18.181000000,2.242139,1,263.912485,5.000000,14
1504,150,303.743538,11640,18.194227496,18.196500000,2.272504,1,303.743538,5.000000,14
1505,150,352.594771,11640,18.207448499,18.209500000,2.051501,1,352.594771,5.000000,14
1506,150,349.951388,11640,18.224794289,18.233000000,8.205711,0,2120.889459,5.000000,14
1508,150,250.727863,11640,18.239683612,18.242000000,2.316388,1,250.727863,5.000000,14
1510,150,245.189041,11640,18.252736835,18.255000000,2.263165,1,245.189041,5.000000,14
1512,150,203.785717,11640,18.267389043,18.269500000,2.110957,1,203.785717,5.000000,14
1514,150,241.414379,11640,18.282713248,18.285000000,2.286752,1,241.414379,5.000000,14
1516,150,232.595225,11640,18.297894673,18.300000000,2.105327,1,232.595225,5.000000,14
1517,150,262.651933,11640,18.313203458,18.318500000,5.296542,0,2120.889459,5.000000,13
1518,150,318.960451,11640,18.327361946,18.329500000,2.138054,1,318.960451,5.000000,13
1519,150,341.780452,11640,18.340570113,18.343000000,2.429887,1,341.780452,5.000000,13
1520,150,385.213264,11640,18.357628249,18.360000000,2.371751,1,385.213264,5.000000,13
1521,150,407.027705,11640,18.371405987,18.373500000,2.094013,1,407.027705,5.000000,13
1522,150,355.381377,11640,18.384396536,18.386500000,2.103464,1,355.381377,5.000000,13
1523,150,357.844114,11640,18.399835527,18.405000000,5.164473,0,2120.889459,5.000000,13
1524,150,377.735843,11640,18.413133967,18.415500000,2.366033,1,377.735843,5.000000,13
1525,150,371.238889,11640,18.427516619,18.430000000,2.483381,1,371.238889,5.000000,13
1526,150,345.806014,11640,18.444107726,18.446500000,2.392274,1,345.806014,5.000000,13
1527,150,345.904692,11640,18.459085030,18.461500000,2.414970,1,345.904692,5.000000,13
1528,150,341.941908,11640,18.475373939,18.477500000,2.126061,1,341.941908,5.000000,13
1529,150,347.009802,11640,18.488200424,18.493500000,5.299576,0,2120.889459,5.000000,13
1530,150,349.805156,11640,18.503217068,18.508500000,5.282932,0,2120.889459,5.000000,13
1531,150,336.245107,11640,18.519830839,18.522000000,2.169161,1,336.245107,5.000000,13
1532,150,330.480233,11640,18.533191890,18.535500000,2.308110,1,330.480233,5.000000,13
1533,150,333.120665,11640,18.547377194,18.549500000,2.122806,1,333.120665,5.000000,13
1534,150,347.607310,11640,18.560536254,18.563000000,2.463746,1,347.607310,5.000000,13
1536,150,386.487914,11640,18.576650445,18.585000000,8.349555,0,2120.889459,5.000000,13
1537,150,422.685557,11640,18.590240699,18.592500000,2.259301,1,422.685557,5.000000,13
1538,150,363.643191,11640,18.604187912,18.609500000,5.312088,0,2120.889459,5.000000,13
1539,150,338.238052,11640,18.619485310,18.622000000,2.514690,1,338.238052,5.000000,13
1540,150,361.276929,11640,18.634441855,18.636500000,2.058145,1,361.276929,5.000000,13
1541,150,365.762455,11640,18.649589264,18.652000000,2.410736,1,365.762455,5.000000,13
1542,150,343.434603,11640,18.662709612,18.665000000,2.290388,1,343.434603,5.000000,13
1543,150,303.113012,11640,18.676690776,18.679000000,2.309224,1,303.113012,5.000000,13
1544,150,287.022083,11640,18.690634936,18.693000000,2.365064,1,287.022083,5.000000,13
1546,150,329.558243,11640,18.703851053,18.709000000,5.148947,0,2120.889459,5.000000,13
1547,150,331.893431,11640,18.716947782,18.719000000,2.052218,1,331.893431,5.000000,13
1548,150,330.484147,11640,18.731395475,18.733500000,2.104525,1,330.484147,5.000000,13
1549,150,323.329885,11640,18.745289142,18.747500000,2.210858,1,323.329885,5.000000,13
1550,150,337.455555,11640,18.762638860,18.765000000,2.361140,1,337.455555,5.000000,13
1551,150,340.011819,11640,18.777681606,18.783000000,5.318394,0,2120.889459,5.000000,13
1552,150,337.076516,11640,18.790928019,18.796000000,5.071981,0,2120.889459,5.000000,13
1553,150,364.231309,11640,18.804973404,18.810000000,5.026596,0,2120.889459,5.000000,13
1554,150,400.079389,11640,18.818743735,18.821000000,2.256265,1,400.079389,5.000000,13
1555,150,336.792568,11640,18.832931822,18.835000000,2.068178,1,336.792568,5.000000,13
1556,150,301.618040,11640,18.846361112,18.848500000,2.138888,1,301.618040,5.000000,13
1558,150,315.589248,11640,18.861743488,18.864000000,2.256512,1,315.589248,5.000000,13
1559,150,305.753612,11640,18.876887750,18.879000000,2.112250,1,305.753612,5.000000,13
1560,150,274.987789,11640,18.889889435,18.892000000,2.110565,1,274.987789,5.000000,13
1563,150,256.595078,11640,18.903020670,18.908500000,5.479330,0,2120.889459,5.000000,12
1564,150,318.908639,11640,18.917621212,18.920000000,2.378788,1,318.908639,5.000000,12
1565,150,327.801309,11640,18.931419679,18.936500000,5.080321,0,2120.889459,5.000000,12
1566,150,336.730165,11640,18.947447637,18.949500000,2.052363,1,336.730165,5.000000,12
1567,150,347.439055,11640,18.960178904,18.962500000,2.321096,1,347.439055,5.000000,12
1568,150,347.980927,11640,18.974586024,18.977000000,2.413976,1,347.980927,5.000000,12
1569,150,374.465220,11640,18.989599645,18.992000000,2.400355,1,374.465220,5.000000,12
1570,150,365.381972,11640,19.003553029,19.012000000,8.446971,0,2120.889459,5.000000,12
1571,150,394.016797,11640,19.018244101,19.020500000,2.255899,1,394.016797,5.000000,12
1572,150,433.190093,11640,19.031876802,19.034000000,2.123198,1,433.190093,5.000000,12
1573,150,440.145663,11640,19.045741523,19.051000000,5.258477,0,2120.889459,5.000000,12
1574,150,370.169059,11640,19.058558396,19.061000000,2.441604,1,370.169059,5.000000,12
1576,150,382.279928,11640,19.072543206,19.075000000,2.456794,1,382.279928,5.000000,12
1577,150,427.943576,11640,19.085937402,19.088000000,2.062598,1,427.943576,5.000000,12
1578,150,425.151386,11640,19.099301950,19.107500000,8.198050,0,2120.889459,5.000000,12
1579,150,430.704341,11640,19.113294818,19.115500000,2.205182,1,430.704341,5.000000,12
1580,150,420.387280,11640,19.126205213,19.128500000,2.294787,1,420.387280,5.000000,12
1581,150,435.363800,11640,19.138880550,19.141000000,2.119450,1,435.363800,5.000000,12
1582,150,432.272945,11640,19.155165040,19.157500000,2.334960,1,432.272945,5.000000,12
1583,150,449.636307,11640,19.168546831,19.171000000,2.453169,1,449.636307,5.000000,12
1584,150,453.765091,11640,19.182149680,19.190500000,8.350320,0,2120.889459,5.000000,12
1585,150,455.855381,11640,19.195327906,19.197500000,2.172094,1,455.855381,5.000000,12
1586,150,447.302271,11640,19.210090080,19.215500000,5.409920,0,2120.889459,5.000000,12
1587,150,431.880194,11640,19.224509365,19.227000000,2.490635,1,431.880194,5.000000,12
1588,150,420.091998,11640,19.238696693,19.241000000,2.303307,1,420.091998,5.000000,12
1589,150,432.745204,11640,19.252438266,19.255000000,2.561734,1,432.745204,5.000000,12
1590,150,447.641965,11640,19.267700293,19.270500000,2.799707,1,447.641965,5.000000,12
1591,150,435.535455,11640,19.282221767,19.284500000,2.278233,1,435.535455,5.000000,12
1592,150,440.209324,11640,19.295680098,19.298500000,2.819902,1,440.209324,5.000000,12
1594,150,333.467063,11640,19.309985821,19.315500000,5.514179,0,2120.889459,5.000000,12
1596,150,391.483184,11640,19.324176240,19.326500000,2.323760,1,391.483184,5.000000,12
1597,150,390.997287,11640,19.339194160,19.342000000,2.805840,1,390.997287,5.000000,12
1598,150,398.343622,11640,19.353488446,19.356000000,2.511554,1,398.343622,5.000000,12
1599,150,372.516386,11640,19.366889423,19.369000000,2.110577,1,372.516386,5.000000,12
1600,150,387.491138,11640,19.380071779,19.382500000,2.428221,1,387.491138,5.000000,12
1601,150,364.049746,11640,19.394246399,19.396500000,2.253601,1,364.049746,5.000000,12
1602,150,376.441853,11640,19.407596256,19.417000000,9.403744,0,2120.889459,5.000000,12
1603,150,365.604135,11640,19.422136497,19.424500000,2.363503,1,365.604135,5.000000,12
1604,150,350.979072,11640,19.435828176,19.438000000,2.171824,1,350.979072,5.000000,12
1605,150,315.575565,11640,19.448770110,19.451000000,2.229890,1,315.575565,5.000000,12
1607,150,280.809994,11640,19.463046514,19.465500000,2.453486,1,280.809994,5.000000,12
1609,150,315.170351,11640,19.479079264,19.484500000,5.420736,0,2120.889459,5.000000,12
1610,150,349.691693,11640,19.492208904,19.494500000,2.291096,1,349.691693,5.000000,12
1611,150,353.054242,11640,19.505749254,19.514000000,8.250746,0,2120.889459,5.000000,9
1612,150,334.735905,11640,19.519287171,19.524500000,5.212829,0,2120.889459,5.000000,9
1613,150,323.700919,11640,19.534121854,19.536500000,2.378146,1,323.700919,5.000000,9
1614,150,313.081503,11640,19.548296768,19.550500000,2.203232,1,313.081503,5.000000,9
1615,150,303.331434,11640,19.561401944,19.563500000,2.098056,1,303.331434,5.000000,9
1618,150,301.683740,11640,19.575629479,19.578500000,2.870521,1,301.683740,5.000000,9
1619,150,318.485476,11640,19.589831492,19.598000000,8.168508,0,2120.889459,5.000000,9
1620,150,328.304458,11640,19.606404351,19.614500000,8.095649,0,2120.889459,5.000000,9
1621,150,334.169907,11640,19.622590169,19.631000000,8.409831,0,2120.889459,5.000000,9
1622,150,330.538139,11640,19.636265903,19.638500000,2.234097,1,330.538139,5.000000,9
1623,150,308.849991,11640,19.649325959,19.651500000,2.174041,1,308.849991,5.000000,9
1624,150,306.236977,11640,19.662800901,19.665000000,2.199099,1,306.236977,5.000000,9
1625,150,276.381346,11640,19.677110133,19.682500000,5.389867,0,2120.889459,5.000000,9
1627,150,290.617392,11640,19.690030743,19.695500000,5.469257,0,2120.889459,5.000000,9
1628,150,321.191649,11640,19.703510102,19.709000000,5.489898,0,2120.889459,5.000000,9
1629,150,352.610328,11640,19.718563037,19.721000000,2.436963,1,352.610328,5.000000,9
1630,150,345.413910,11640,19.731493491,19.734000000,2.506509,1,345.413910,5.000000,9
1631,150,301.208969,11640,19.744697248,19.750000000,5.302752,0,2120.889459,5.000000,9
1633,150,314.369305,11640,19.760252082,19.762500000,2.247918,1,314.369305,5.000000,9
1634,150,321.043762,11640,19.774555410,19.777000000,2.444590,1,321.043762,5.000000,9
1635,150,317.092394,11640,19.787701376,19.793000000,5.298624,0,2120.889459,5.000000,9
1636,150,339.283932,11640,19.802690706,19.808000000,5.309294,0,2120.889459,5.000000,10
1637,150,346.130154,11640,19.816078783,19.818500000,2.421217,1,346.130154,5.000000,11
1638,150,351.437389,11640,19.829881449,19.832000000,2.118551,1,351.437389,5.000000,11
1639,150,358.666872,11640,19.847517907,19.856000000,8.482093,0,2120.889459,5.000000,11
1640,150,355.963634,11640,19.860348789,19.865500000,5.151211,0,2120.889459,5.000000,11
1641,150,324.836125,11640,19.875596805,19.878000000,2.403195,1,324.836125,5.000000,11
1642,150,329.512326,11640,19.889141491,19.897500000,8.358509,0,2120.889459,5.000000,11
1644,150,339.500994,11640,19.903832056,19.909000000,5.167944,0,2120.889459,5.000000,11
1645,150,360.098157,11640,19.920655264,19.923000000,2.344736,1,360.098157,5.000000,11
1646,150,374.817741,11640,19.934523875,19.937000000,2.476125,1,374.817741,5.000000,11
1647,150,407.981696,11640,19.948947394,19.951000000,2.052606,1,407.981696,5.000000,11
1648,150,412.964393,11640,19.962384637,19.967500000,5.115363,0,2120.889459,5.000000,11
1651,150,395.145465,11640,19.976564919,19.979000000,2.435081,1,395.145465,5.000000,11
1652,150,403.209210,11640,19.991216290,19.993500000,2.283710,1,403.209210,5.000000,11
1653,150,414.341187,11640,20.005354324,20.010500000,5.145676,0,2120.889459,5.000000,10
1654,150,423.301802,11640,20.018436878,20.023500000,5.063122,0,2120.889459,5.000000,11
1655,150,445.145128,11640,20.031674516,20.034000000,2.325484,1,445.145128,5.000000,11
1656,150,457.287222,11640,20.046306270,20.048500000,2.193730,1,457.287222,5.000000,11
1657,150,452.065838,11640,20.061933687,20.064000000,2.066313,1,452.065838,5.000000,11
1658,150,469.786536,11640,20.076605366,20.082000000,5.394634,0,2120.889459,5.000000,11
1659,150,456.131131,11640,20.089509253,20.092000000,2.490747,1,456.131131,5.000000,11
1660,150,457.763918,11640,20.103911048,20.112000000,8.088952,0,2120.889459,5.000000,12
1661,150,412.496847,11640,20.117189483,20.119500000,2.310517,1,412.496847,5.000000,12
1663,150,412.974816,11640,20.133792300,20.136000000,2.207700,1,412.974816,5.000000,12
1664,150,408.362057,11640,20.147965746,20.150000000,2.034254,1,408.362057,5.000000,12
1666,150,445.500348,11640,20.163478689,20.165500000,2.021311,1,445.500348,5.000000,12
1667,150,429.116776,11640,20.176832176,20.182000000,5.167824,0,2120.889459,5.000000,12
1668,150,411.062669,11640,20.191403630,20.193500000,2.096370,1,411.062669,5.000000,12
1669,150,377.516870,11640,20.208437382,20.213500000,5.062618,0,2120.889459,5.000000,12
1673,150,327.903543,11640,20.223323837,20.225500000,2.176163,1,327.903543,5.000000,12
1674,150,356.966266,11640,20.238838693,20.241000000,2.161307,1,356.966266,5.000000,12
1675,150,363.314729,11640,20.251856175,20.254000000,2.143825,1,363.314729,5.000000,12
1676,150,351.418438,11640,20.264902492,20.267000000,2.097508,1,351.418438,5.000000,12
1678,150,344.445348,11640,20.278243085,20.280500000,2.256915,1,344.445348,5.000000,12
1679,150,351.686136,11640,20.293488502,20.296000000,2.511498,1,351.686136,5.000000,12
1680,150,359.826538,11640,20.306891912,20.312500000,5.608088,0,2120.889459,5.000000,11
1681,150,384.295828,11640,20.319681801,20.322000000,2.318199,1,384.295828,5.000000,12
1682,150,389.662182,11640,20.334440308,20.337000000,2.559692,1,389.662182,5.000000,12
1683,150,421.104180,11640,20.347412653,20.350000000,2.587347,1,421.104180,5.000000,12
1684,150,412.428498,11640,20.362073217,20.364500000,2.426783,1,412.428498,5.000000,12
1685,150,408.016935,11640,20.376030716,20.378500000,2.469284,1,408.016935,5.000000,12
1686,150,382.590036,11640,20.393002578,20.395500000,2.497422,1,382.590036,5.000000,12
1687,150,393.096845,11640,20.406759790,20.412000000,5.240210,0,2120.889459,5.000000,10
1688,150,360.960660,11640,20.419834226,20.422000000,2.165774,1,360.960660,5.000000,10
1689,150,365.778706,11640,20.435283379,20.437500000,2.216621,1,365.778706,5.000000,10
1690,150,363.218662,11640,20.449108505,20.451500000,2.391495,1,363.218662,5.000000,10
1692,150,359.659975,11640,20.463068067,20.468500000,5.431933,0,2120.889459,5.000000,10
1693,150,378.069813,11640,20.477578720,20.480000000,2.421280,1,378.069813,5.000000,10
1694,150,384.403286,11640,20.491893503,20.494000000,2.106497,1,384.403286,5.000000,10
1695,150,389.833007,11640,20.505133158,20.510500000,5.366842,0,2120.889459,5.000000,10
1696,150,384.642979,11640,20.519012564,20.521500000,2.487436,1,384.642979,5.000000,11
1697,150,393.566379,11640,20.534603476,20.537000000,2.396524,1,393.566379,5.000000,11
1698,150,394.547726,11640,20.547347336,20.549500000,2.152664,1,394.547726,5.000000,11
1699,150,406.541935,11640,20.562706176,20.565000000,2.293824,1,406.541935,5.000000,11
1700,150,410.319879,11640,20.575951564,20.578000000,2.048436,1,410.319879,5.000000,11
1701,150,398.803367,11640,20.590075333,20.592500000,2.424667,1,398.803367,5.000000,11
1702,150,401.506120,11640,20.604022008,20.609500000,5.477992,0,2120.889459,5.000000,10
1703,150,390.318530,11640,20.618594774,20.621000000,2.405226,1,390.318530,5.000000,11
1704,150,408.354823,11640,20.631596319,20.634000000,2.403681,1,408.354823,5.000000,11
1705,150,414.859237,11640,20.645150688,20.647500000,2.349312,1,414.859237,5.000000,11
1706,150,412.441307,11640,20.657904385,20.660000000,2.095615,1,412.441307,5.000000,11
1707,150,413.485416,11640,20.673457028,20.675500000,2.042972,1,413.485416,5.000000,11
1708,150,409.131811,11640,20.689336989,20.692000000,2.663011,1,409.131811,5.000000,11
1709,150,421.234036,11640,20.705559762,20.711000000,5.440238,0,2120.889459,5.000000,11
1710,150,421.490454,11640,20.718534553,20.724000000,5.465447,0,2120.889459,5.000000,11
1711,150,433.075689,11640,20.731552496,20.737000000,5.447504,0,2120.889459,5.000000,11
1712,150,419.924082,11640,20.747614498,20.750000000,2.385502,1,419.924082,5.000000,11
1713,150,421.611087,11640,20.762080305,20.764500000,2.419695,1,421.611087,5.000000,11
1714,150,406.544929,11640,20.775846917,20.778000000,2.153083,1,406.544929,5.000000,11
1715,150,397.730833,11640,20.793017633,20.795500000,2.482367,1,397.730833,5.000000,11
1716,150,402.265653,11640,20.806875164,20.818000000,11.124836,0,2120.889459,5.000000,11
1717,150,351.659300,11640,20.820447850,20.822500000,2.052150,1,351.659300,5.000000,11
1719,150,306.598138,11640,20.834439328,20.836500000,2.060672,1,306.598138,5.000000,11
1721,150,313.936135,11640,20.847243530,20.855500000,8.256470,0,2120.889459,5.000000,11
1722,150,336.296385,11640,20.861989723,20.864500000,2.510277,1,336.296385,5.000000,11
1723,150,327.541900,11640,20.875703803,20.878000000,2.296197,1,327.541900,5.000000,11
1724,150,308.861278,11640,20.889648599,20.895000000,5.351401,0,2120.889459,5.000000,11
1725,150,282.751661,11640,20.904452369,20.913000000,8.547631,0,2120.889459,5.000000,11
1727,150,229.119568,11640,20.918318544,20.920500000,2.181456,1,229.119568,5.000000,11
1732,150,242.146588,11640,20.935345797,20.938000000,2.654203,1,242.146588,5.000000,11
1733,150,254.175274,11640,20.948826035,20.951500000,2.673965,1,254.175274,5.000000,11
1734,150,270.686575,11640,20.962359665,20.970500000,8.140335,0,2120.889459,5.000000,11
1735,150,268.351353,11640,20.978381739,20.980500000,2.118261,1,268.351353,5.000000,11
1736,150,253.276351,11640,20.992359569,20.994500000,2.140431,1,253.276351,5.000000,11
1738,150,242.790033,11640,21.005991968,21.011500000,5.508032,0,2120.889459,5.000000,13
1741,150,251.363267,11640,21.020368414,21.022500000,2.131586,1,251.363267,5.000000,13
1742,150,266.917678,11640,21.033253107,21.035500000,2.246893,1,266.917678,5.000000,13
1743,150,238.134288,11640,21.047940433,21.050000000,2.059567,1,238.134288,5.000000,13
1745,150,248.735647,11640,21.064063964,21.069500000,5.436036,0,2120.889459,5.000000,13
1748,150,310.492310,11640,21.078975053,21.081000000,2.024947,1,310.492310,5.000000,13
1749,150,341.554202,11640,21.093398844,21.095500000,2.101156,1,341.554202,5.000000,13
1750,150,351.324662,11640,21.106194339,21.112000000,5.805661,0,2120.889459,5.000000,13
1751,150,376.305670,11640,21.120152037,21.122500000,2.347963,1,376.305670,5.000000,13
1752,150,401.529467,11640,21.134433209,21.136500000,2.066791,1,401.529467,5.000000,13
1753,150,422.256267,11640,21.152793740,21.155000000,2.206260,1,422.256267,5.000000,13
1754,150,459.983377,11640,21.169416909,21.171500000,2.083091,1,459.983377,5.000000,13
1755,150,444.667796,11640,21.184288813,21.186500000,2.211187,1,444.667796,5.000000,13
1756,150,418.968852,11640,21.197184670,21.202500000,5.315330,0,2120.889459,5.000000,13
1757,150,392.936258,11640,21.210086238,21.215500000,5.413762,0,2120.889459,5.000000,13
1759,150,424.579881,11640,21.224065497,21.226500000,2.434503,1,424.579881,5.000000,13
1760,150,427.355870,11640,21.238439144,21.240500000,2.060856,1,427.355870,5.000000,13
1761,150,399.293714,11640,21.253253586,21.255500000,2.246414,1,399.293714,5.000000,13
1762,150,387.328538,11640,21.267537067,21.270000000,2.462933,1,387.328538,5.000000,13
1763,150,391.223369,11640,21.281972482,21.284000000,2.027518,1,391.223369,5.000000,13
1764,150,367.727889,11640,21.297944862,21.300000000,2.055138,1,367.727889,5.000000,13
1766,150,360.855011,11640,21.313137815,21.318500000,5.362185,0,2120.889459,5.000000,14
1767,150,347.341605,11640,21.329593218,21.332000000,2.406782,1,347.341605,5.000000,14
1768,150,341.751915,11640,21.343288120,21.345500000,2.211880,1,341.751915,5.000000,14
1769,150,325.799387,11640,21.356176895,21.358500000,2.323105,1,325.799387,5.000000,14
1770,150,321.547132,11640,21.370071077,21.372500000,2.428923,1,321.547132,5.000000,14
1771,150,301.627194,11640,21.384282364,21.386500000,2.217636,1,301.627194,5.000000,14
1772,150,269.365188,11640,21.399202315,21.404500000,5.297685,0,2120.889459,5.000000,14
1773,150,265.398426,11640,21.412810630,21.415000000,2.189370,1,265.398426,5.000000,14
1774,150,252.107981,11640,21.426112230,21.428500000,2.387770,1,252.107981,5.000000,14
1776,150,254.621869,11640,21.441633517,21.444000000,2.366483,1,254.621869,5.000000,14
1777,150,261.467263,11640,21.456725237,21.459000000,2.274763,1,261.467263,5.000000,14
1778,150,257.187367,11640,21.470911116,21.473000000,2.088884,1,257.187367,5.000000,14
1779,150,247.190199,11640,21.483920903,21.486000000,2.079097,1,247.190199,5.000000,14
1780,150,249.594513,11640,21.497804538,21.500000000,2.195462,1,249.594513,5.000000,14
1781,150,238.284959,11640,21.511869680,21.517000000,5.130320,0,2120.889459,5.000000,14
1782,150,240.111680,11640,21.525823869,21.528000000,2.176131,1,240.111680,5.000000,14
1784,150,227.859632,11640,21.541097200,21.543500000,2.402800,1,227.859632,5.000000,14
1785,150,232.997163,11640,21.553861416,21.556000000,2.138584,1,232.997163,5.000000,14
1786,150,241.866249,11640,21.567577070,21.570500000,2.922930,1,241.866249,5.000000,14
1787,150,242.229830,11640,21.580558501,21.583000000,2.441499,1,242.229830,5.000000,14
1788,150,245.161977,11640,21.595822667,21.598500000,2.677333,1,245.161977,5.000000,14
1789,150,247.258149,11640,21.609894827,21.615000000,5.105173,0,2120.889459,5.000000,14
1790,150,236.362056,11640,21.624668246,21.627000000,2.331754,1,236.362056,5.000000,14
1791,150,237.214230,11640,21.637966925,21.640000000,2.033075,1,237.214230,5.000000,14
1792,150,241.846232,11640,21.652142805,21.654500000,2.357195,1,241.846232,5.000000,14
1794,150,230.529222,11640,21.665830298,21.668000000,2.169702,1,230.529222,5.000000,14
1795,150,225.150046,11640,21.680301398,21.682500000,2.198602,1,225.150046,5.000000,14
1796,150,226.931319,11640,21.694581863,21.697000000,2.418137,1,226.931319,5.000000,14
1797,150,214.235415,11640,21.708911225,21.714000000,5.088775,0,2120.889459,5.000000,14
1798,150,225.079498,11640,21.723251214,21.725500000,2.248786,1,225.079498,5.000000,14
1799,150,236.162277,11640,21.736544329,21.739000000,2.455671,1,236.162277,5.000000,14
1800,150,219.277435,11640,21.749454047,21.751500000,2.045953,1,219.277435,5.000000,14
1801,150,218.757161,11640,21.764010633,21.766500000,2.489367,1,218.757161,5.000000,14
1802,150,227.179480,11640,21.777187131,21.779500000,2.312869,1,227.179480,5.000000,14
1804,150,241.930277,11640,21.793913863,21.796000000,2.086137,1,241.930277,5.000000,14
1805,150,243.411391,11640,21.807516895,21.816500000,8.983105,0,2120.889459,5.000000,14
1806,150,244.598420,11640,21.822495681,21.825000000,2.504319,1,244.598420,5.000000,14
1807,150,250.861092,11640,21.836663517,21.839000000,2.336483,1,250.861092,5.000000,14
1808,150,248.690895,11640,21.850035322,21.852500000,2.464678,1,248.690895,5.000000,14
1809,150,248.824920,11640,21.864793912,21.867000000,2.206088,1,248.824920,5.000000,14
1810,150,261.487358,11640,21.877550094,21.880000000,2.449906,1,261.487358,5.000000,14
1811,150,253.575029,11640,21.890310560,21.892500000,2.189440,1,253.575029,5.000000,14
1812,150,260.668330,11640,21.903493199,21.909000000,5.506801,0,2120.889459,5.000000,14
1813,150,269.926971,11640,21.917166982,21.919500000,2.333018,1,269.926971,5.000000,14
1814,150,265.287750,11640,21.931536986,21.934000000,2.463014,1,265.287750,5.000000,14
1815,150,274.399322,11640,21.945676705,21.948500000,2.823295,1,274.399322,5.000000,14
1816,150,262.929963,11640,21.958626155,21.961000000,2.373845,1,262.929963,5.000000,14
1817,150,254.247704,11640,21.972856264,21.975000000,2.143736,1,254.247704,5.000000,14
1818,150,251.378248,11640,21.986372596,21.988500000,2.127404,1,251.378248,5.000000,14
1819,150,248.418156,11640,22.000745823,22.006000000,5.254177,0,2120.889459,5.000000,14
1821,150,262.824868,11640,22.014679617,22.017000000,2.320383,1,262.824868,5.000000,14
1822,150,281.527145,11640,22.028044027,22.030500000,2.455973,1,281.527145,5.000000,14
1823,150,297.427289,11640,22.041556436,22.044000000,2.443564,1,297.427289,5.000000,14
1824,150,331.729076,11640,22.055586124,22.058000000,2.413876,1,331.729076,5.000000,14
1825,150,331.847640,11640,22.071437943,22.073500000,2.062057,1,331.847640,5.000000,14
1826,150,312.066680,11640,22.084475805,22.086500000,2.024195,1,312.066680,5.000000,14
1827,150,317.442856,11640,22.097690855,22.100000000,2.309145,1,317.442856,5.000000,14
1828,150,308.631575,11640,22.112708330,22.121000000,8.291670,0,2120.889459,5.000000,14
1829,150,306.891318,11640,22.126158865,22.128500000,2.341135,1,306.891318,5.000000,14
1830,150,301.287582,11640,22.139032582,22.141500000,2.467418,1,301.287582,5.000000,14
1831,150,313.486455,11640,22.153344242,22.155500000,2.155758,1,313.486455,5.000000,14
1832,150,308.447557,11640,22.166430937,22.168500000,2.069063,1,308.447557,5.000000,14
1833,150,303.805382,11640,22.181515109,22.184000000,2.484891,1,303.805382,5.000000,14
1834,150,294.114603,11640,22.195187204,22.197500000,2.312796,1,294.114603,5.000000,14
1836,150,280.318242,11640,22.209122590,22.214500000,5.377410,0,2120.889459,5.000000,14
1837,150,281.838674,11640,22.225532583,22.228000000,2.467417,1,281.838674,5.000000,14
1838,150,305.414325,11640,22.238428114,22.240500000,2.071886,1,305.414325,5.000000,14
1839,150,306.401230,11640,22.251182285,22.253500000,2.317715,1,306.401230,5.000000,14
1840,150,316.444975,11640,22.264356530,22.266500000,2.143470,1,316.444975,5.000000,14
1841,150,341.729057,11640,22.279722933,22.282000000,2.277067,1,341.729057,5.000000,14
1842,150,368.092929,11640,22.294668600,22.297000000,2.331400,1,368.092929,5.000000,14
1843,150,329.778547,11640,22.308986063,22.314500000,5.513937,0,2120.889459,5.000000,14
1845,150,319.110742,11640,22.321756309,22.324000000,2.243691,1,319.110742,5.000000,14
1846,150,341.747928,11640,22.334757992,22.337000000,2.242008,1,341.747928,5.000000,14
1847,150,354.986299,11640,22.350096684,22.352500000,2.403316,1,354.986299,5.000000,14
1848,150,352.867081,11640,22.362923901,22.365000000,2.076099,1,352.867081,5.000000,14
1849,150,360.315732,11640,22.376291498,22.378500000,2.208502,1,360.315732,5.000000,14
1850,150,349.430755,11640,22.390443606,22.392500000,2.056394,1,349.430755,5.000000,14
1851,150,343.533400,11640,22.404926921,22.410000000,5.073079,0,2120.889459,5.000000,14
1852,150,327.664302,11640,22.418811155,22.421000000,2.188845,1,327.664302,5.000000,14
1853,150,318.472048,11640,22.433651619,22.436000000,2.348381,1,318.472048,5.000000,14
1854,150,309.641046,11640,22.448806414,22.451000000,2.193586,1,309.641046,5.000000,14
1855,150,321.448545,11640,22.462834638,22.465000000,2.165362,1,321.448545,5.000000,14
1856,150,338.423678,11640,22.477971787,22.480000000,2.028213,1,338.423678,5.000000,14
1857,150,348.031749,11640,22.491963909,22.494000000,2.036091,1,348.031749,5.000000,14
1858,150,358.374303,11640,22.505117301,22.510500000,5.382699,0,2120.889459,5.000000,13
1859,150,357.209111,11640,22.518627448,22.521500000,2.872552,1,357.209111,5.000000,13
1860,150,383.268206,11640,22.531356495,22.533500000,2.143505,1,383.268206,5.000000,13
1861,150,335.808060,11640,22.544381623,22.546500000,2.118377,1,335.808060,5.000000,13
1863,150,346.171212,11640,22.558935580,22.561000000,2.064420,1,346.171212,5.000000,13
1864,150,354.928325,11640,22.571777484,22.574000000,2.222516,1,354.928325,5.000000,13
1865,150,356.127018,11640,22.584449662,22.586500000,2.050338,1,356.127018,5.000000,13
1866,150,352.534288,11640,22.597909643,22.600000000,2.090357,1,352.534288,5.000000,13
1867,150,361.161411,11640,22.612229800,22.617500000,5.270200,0,2120.889459,5.000000,13
1868,150,342.466063,11640,22.627871029,22.630000000,2.128971,1,342.466063,5.000000,13
1869,150,322.319774,11640,22.642430006,22.644500000,2.069994,1,322.319774,5.000000,13
1872,150,285.528675,11640,22.655916220,22.658000000,2.083780,1,285.528675,5.000000,13
1873,150,299.487980,11640,22.670642222,22.673000000,2.357778,1,299.487980,5.000000,13
1874,150,296.342500,11640,22.684668693,22.687000000,2.331307,1,296.342500,5.000000,13
1875,150,305.884495,11640,22.698706376,22.701000000,2.293624,1,305.884495,5.000000,13
1876,150,294.435847,11640,22.713286794,22.719000000,5.713206,0,2120.889459,5.000000,13
1878,150,284.987673,11640,22.726270582,22.728500000,2.229418,1,284.987673,5.000000,13
1879,150,276.643686,11640,22.740170859,22.742500000,2.329141,1,276.643686,5.000000,13
1880,150,275.277104,11640,22.754759953,22.757000000,2.240047,1,275.277104,5.000000,13
1881,150,263.874081,11640,22.768182935,22.770500000,2.317065,1,263.874081,5.000000,13
1884,150,266.446370,11640,22.782367650,22.784500000,2.132350,1,266.446370,5.000000,13
1885,150,276.692148,11640,22.795227621,22.797500000,2.272379,1,276.692148,5.000000,13
1886,150,296.007485,11640,22.810726662,22.816000000,5.273338,0,2120.889459,5.000000,14
1887,150,295.807453,11640,22.825394166,22.827500000,2.105834,1,295.807453,5.000000,14
1889,150,329.515207,11640,22.838846869,22.841000000,2.153131,1,329.515207,5.000000,14
1890,150,335.866902,11640,22.854859686,22.857000000,2.140314,1,335.866902,5.000000,14
1891,150,343.695094,11640,22.868806053,22.871000000,2.193947,1,343.695094,5.000000,14
1892,150,366.872860,11640,22.883312429,22.885500000,2.187571,1,366.872860,5.000000,14
1893,150,367.671068,11640,22.897500160,22.900000000,2.499840,1,367.671068,5.000000,14
1895,150,397.407330,11640,22.911436327,22.916500000,5.063673,0,2120.889459,5.000000,14
1896,150,430.013397,11640,22.924278623,22.926500000,2.221377,1,430.013397,5.000000,14
1897,150,442.032480,11640,22.938219115,22.940500000,2.280885,1,442.032480,5.000000,14
1898,150,448.648783,11640,22.954477582,22.956500000,2.022418,1,448.648783,5.000000,14
1899,150,477.057248,11640,22.969471249,22.971500000,2.028751,1,477.057248,5.000000,14
1900,150,480.326029,11640,22.983203327,22.985500000,2.296673,1,480.326029,5.000000,14
1901,150,470.434104,11640,22.996065739,23.001500000,5.434261,0,2120.889459,5.000000,14
1902,150,479.560728,11640,23.011551824,23.017000000,5.448176,0,2120.889459,5.000000,14
1903,150,508.476532,11640,23.026902323,23.029000000,2.097677,1,508.476532,5.000000,14
1904,150,477.665022,11640,23.040410600,23.042500000,2.089400,1,477.665022,5.000000,14
1906,150,500.929794,11640,23.054169995,23.056500000,2.330005,1,500.929794,5.000000,14
1907,150,556.483586,11640,23.068553292,23.071000000,2.446708,1,556.483586,5.000000,14
1908,150,553.863453,11640,23.081426162,23.083500000,2.073838,1,553.863453,5.000000,14
1909,150,567.021723,11640,23.097115273,23.099500000,2.384727,1,567.021723,5.000000,14
1910,150,621.001802,11640,23.111078411,23.116500000,5.421589,0,2120.889459,5.000000,14
1911,150,622.834134,11640,23.125981613,23.128500000,2.518387,1,622.834134,5.000000,14
1912,150,594.127682,11640,23.139055732,23.141500000,2.444268,1,594.127682,5.000000,14
1913,150,592.434528,11640,23.153949413,23.156000000,2.050587,1,592.434528,5.000000,14
1914,150,556.160670,11640,23.168571074,23.171000000,2.428926,1,556.160670,5.000000,14
1915,150,447.694145,11640,23.182820006,23.185000000,2.179994,1,447.694145,5.000000,14
1917,150,331.492128,11640,23.196928127,23.199000000,2.071873,1,331.492128,5.000000,14
1919,150,486.943763,11640,23.212115922,23.220500000,8.384078,0,2120.889459,5.000000,14
1920,150,593.904207,11640,23.225947713,23.228000000,2.052287,1,593.904207,5.000000,14
1921,150,513.392119,11640,23.239391298,23.241500000,2.108702,1,513.392119,5.000000,14
1923,150,607.437110,11640,23.253764618,23.256000000,2.235382,1,607.437110,5.000000,14
1924,150,845.288049,11640,23.266936473,23.269000000,2.063527,1,845.288049,5.000000,14
1925,150,721.329212,11640,23.279830419,23.282000000,2.169581,1,721.329212,5.000000,14
1927,150,868.207853,11640,23.292832510,23.298000000,5.167490,0,2120.889459,5.000000,14
1928,150,1242.858575,11640,23.306987057,23.312500000,5.512943,0,2120.889459,5.000000,14
1929,150,1501.407765,11640,23.319795688,23.322000000,2.204312,1,1501.407765,5.000000,14
1930,150,1418.216285,11640,23.333332392,23.335500000,2.167608,1,1418.216285,5.000000,14
1931,150,1333.501027,11640,23.348556224,23.351000000,2.443776,1,1333.501027,5.000000,14
1932,150,1311.000216,11640,23.362578958,23.365000000,2.421042,1,1311.000216,5.000000,14
1933,150,1240.944386,11640,23.375716279,23.378000000,2.283721,1,1240.944386,5.000000,14
1934,150,1159.674885,11640,23.388740464,23.391000000,2.259536,1,1159.674885,5.000000,14
1935,150,1096.418766,11640,23.402006360,23.407500000,5.493640,0,2120.889459,5.000000,13
1936,150,1042.079379,11640,23.417732520,23.420000000,2.267480,1,1042.079379,5.000000,13
1937,150,976.900840,11640,23.431161398,23.434000000,2.838602,1,976.900840,5.000000,13
1938,150,915.202863,11640,23.445690026,23.451000000,5.309974,0,2120.889459,5.000000,13
1939,150,886.098651,11640,23.458766778,23.461000000,2.233222,1,886.098651,5.000000,13
1940,150,843.004162,11640,23.472082509,23.474500000,2.417491,1,843.004162,5.000000,13
1941,150,751.612756,11640,23.487323787,23.489500000,2.176213,1,751.612756,5.000000,13
1942,150,677.535825,11640,23.502232692,23.507500000,5.267308,0,2120.889459,5.000000,13
1943,150,624.559330,11640,23.516277181,23.519000000,2.722819,1,624.559330,5.000000,13
1944,150,554.046433,11640,23.532459659,23.534500000,2.040341,1,554.046433,5.000000,13
1946,150,480.342388,11640,23.548462131,23.550500000,2.037869,1,480.342388,5.000000,13
1947,150,497.421598,11640,23.562445612,23.564500000,2.054388,1,497.421598,5.000000,13
1948,150,477.903091,11640,23.575267176,23.577500000,2.232824,1,477.903091,5.000000,13
1949,150,448.074018,11640,23.588196139,23.590500000,2.303861,1,448.074018,5.000000,13
1950,150,432.396780,11640,23.601973622,23.607000000,5.026378,0,2120.889459,5.000000,13
1951,150,421.088359,11640,23.616762969,23.619000000,2.237031,1,421.088359,5.000000,13
1952,150,382.023665,11640,23.631025785,23.633500000,2.474215,1,382.023665,5.000000,13
1953,150,340.097967,11640,23.644683367,23.647000000,2.316633,1,340.097967,5.000000,13
1955,150,334.757184,11640,23.658470931,23.660500000,2.029069,1,334.757184,5.000000,13
1956,150,324.849586,11640,23.672133716,23.674500000,2.366284,1,324.849586,5.000000,13
1957,150,306.090665,11640,23.685025057,23.687500000,2.474943,1,306.090665,5.000000,13
1958,150,304.369661,11640,23.697713889,23.700000000,2.286111,1,304.369661,5.000000,13
1959,150,300.817701,11640,23.710833861,23.722000000,11.166139,0,2120.889459,5.000000,14
1960,150,294.046674,11640,23.724329722,23.726500000,2.170278,1,294.046674,5.000000,14
1961,150,265.973868,11640,23.738342725,23.740500000,2.157275,1,265.973868,5.000000,14
1962,150,261.536979,11640,23.751888926,23.754000000,2.111074,1,261.536979,5.000000,14
1963,150,251.353790,11640,23.765614892,23.771000000,5.385108,0,2120.889459,5.000000,14
1964,150,226.546719,11640,23.779543255,23.782000000,2.456745,1,226.546719,5.000000,14
1966,150,216.555623,11640,23.793399270,23.795500000,2.100730,1,216.555623,5.000000,14
1967,150,211.045976,11640,23.807044294,23.812500000,5.455706,0,2120.889459,5.000000,14
1968,150,204.252494,11640,23.820801091,23.823000000,2.198909,1,204.252494,5.000000,14
1969,150,195.862326,11640,23.834932526,23.837000000,2.067474,1,195.862326,5.000000,14
1970,150,193.701076,11640,23.849654403,23.852000000,2.345597,1,193.701076,5.000000,14
1972,150,185.625109,11640,23.864129010,23.866500000,2.370990,1,185.625109,5.000000,14
1973,150,198.481976,11640,23.879759664,23.882000000,2.240336,1,198.481976,5.000000,14
1974,150,188.320981,11640,23.893963346,23.896000000,2.036654,1,188.320981,5.000000,14
1975,150,184.486039,11640,23.907437437,23.912500000,5.062563,0,2120.889459,5.000000,14
1976,150,198.493973,11640,23.921184757,23.923500000,2.315243,1,198.493973,5.000000,14
1977,150,193.647094,11640,23.935130263,23.937500000,2.369737,1,193.647094,5.000000,14
1978,150,185.799920,11640,23.952217040,23.954500000,2.282960,1,185.799920,5.000000,14
1980,150,190.331852,11640,23.965800611,23.974000000,8.199389,0,2120.889459,5.000000,14
1981,150,195.606413,11640,23.980140053,23.982500000,2.359947,1,195.606413,5.000000,14
1982,150,185.738861,11640,23.993762536,24.002000000,8.237464,0,2120.889459,5.000000,14
1983,150,191.867797,11640,24.007658604,24.016000000,8.341396,0,2120.889459,5.000000,12
1984,150,190.873633,11640,24.024200556,24.029500000,5.299444,0,2120.889459,5.000000,12
1985,150,187.091100,11640,24.037713400,24.040500000,2.786600,1,187.091100,5.000000,12
1986,150,186.053837,11640,24.051351316,24.053500000,2.148684,1,186.053837,5.000000,12
1987,150,188.543405,11640,24.064078307,24.066500000,2.421693,1,188.543405,5.000000,12
1988,150,188.464376,11640,24.078103786,24.080500000,2.396214,1,188.464376,5.000000,12
1989,150,177.817286,11640,24.092823448,24.095000000,2.176552,1,177.817286,5.000000,12
1990,150,173.346553,11640,24.107981572,24.113500000,5.518428,0,2120.889459,5.000000,12
1991,150,182.183084,11640,24.124215097,24.126500000,2.284903,1,182.183084,5.000000,12
1992,150,173.258974,11640,24.137632191,24.140000000,2.367809,1,173.258974,5.000000,12
1993,150,165.951608,11640,24.152672491,24.158000000,5.327509,0,2120.889459,5.000000,12
1994,150,171.131007,11640,24.166271364,24.171500000,5.228636,0,2120.889459,5.000000,12
1996,150,159.110546,11640,24.180200602,24.182500000,2.299398,1,159.110546,5.000000,12
1997,150,164.658923,11640,24.194743625,24.197500000,2.756375,1,164.658923,5.000000,12
1998,150,173.510960,11640,24.207522439,24.213000000,5.477561,0,2120.889459,5.000000,13
1999,150,182.968160,11640,24.220532325,24.223000000,2.467675,1,182.968160,5.000000,12
2000,150,174.086718,11640,24.234488696,24.237000000,2.511304,1,174.086718,5.000000,12
2001,150,177.355591,11640,24.247649210,24.250000000,2.350790,1,177.355591,5.000000,12
2002,150,196.251979,11640,24.260631440,24.266000000,5.368560,0,2120.889459,5.000000,12
2003,150,185.960497,11640,24.275636431,24.281000000,5.363569,0,2120.889459,5.000000,12
2004,150,181.523397,11640,24.288741955,24.294000000,5.258045,0,2120.889459,5.000000,12
2005,150,191.004984,11640,24.302094482,24.307500000,5.405518,0,2120.889459,5.000000,10
2006,150,184.515159,11640,24.315900998,24.321000000,5.099002,0,2120.889459,5.000000,10
2007,150,183.294123,11640,24.329197042,24.331500000,2.302958,1,183.294123,5.000000,10
2008,150,187.924220,11640,24.342983771,24.345500000,2.516229,1,187.924220,5.000000,10
2009,150,194.148449,11640,24.359147973,24.361500000,2.352027,1,194.148449,5.000000,10
2010,150,188.378303,11640,24.372393578,24.374500000,2.106422,1,188.378303,5.000000,10
2011,150,185.414817,11640,24.386993710,24.392500000,5.506290,0,2120.889459,5.000000,10
2012,150,181.070102,11640,24.399673410,24.405000000,5.326590,0,2120.889459,5.000000,10
2013,150,177.770587,11640,24.414638956,24.417000000,2.361044,1,177.770587,5.000000,10
2014,150,169.076975,11640,24.429690281,24.432000000,2.309719,1,169.076975,5.000000,10
2015,150,159.017847,11640,24.443558883,24.446000000,2.441117,1,159.017847,5.000000,10
2016,150,169.665242,11640,24.461119749,24.466500000,5.380251,0,2120.889459,5.000000,10
2017,150,163.091623,11640,24.479064318,24.481500000,2.435682,1,163.091623,5.000000,10
2019,150,146.920086,11640,24.494761393,24.500000000,5.238607,0,2120.889459,5.000000,10
2020,150,154.767275,11640,24.507727686,24.513000000,5.272314,0,2120.889459,5.000000,11
2021,150,148.660230,11640,24.522552328,24.525000000,2.447672,1,148.660230,5.000000,10
2023,150,142.053910,11640,24.536429164,24.538500000,2.070836,1,142.053910,5.000000,10
2024,150,151.727933,11640,24.550449968,24.552500000,2.050032,1,151.727933,5.000000,10
2025,150,144.807491,11640,24.564536595,24.567000000,2.463405,1,144.807491,5.000000,10
2026,150,141.676026,11640,24.578424767,24.580500000,2.075233,1,141.676026,5.000000,10
2027,150,149.878746,11640,24.592864603,24.595000000,2.135397,1,149.878746,5.000000,10
2028,150,153.070992,11640,24.605734761,24.614000000,8.265239,0,2120.889459,5.000000,12
2030,150,145.617457,11640,24.619666575,24.622000000,2.333425,1,145.617457,5.000000,12
2031,150,161.318962,11640,24.636810609,24.639000000,2.189391,1,161.318962,5.000000,12
2032,150,148.225532,11640,24.650208173,24.652500000,2.291827,1,148.225532,5.000000,12
2033,150,141.575040,11640,24.665829789,24.668000000,2.170211,1,141.575040,5.000000,12
2035,150,155.010317,11640,24.680062961,24.682500000,2.437039,1,155.010317,5.000000,12
2037,150,151.170258,11640,24.694060124,24.696500000,2.439876,1,151.170258,5.000000,12
2038,150,166.675177,11640,24.707901876,24.713000000,5.098124,0,2120.889459,5.000000,12
2039,150,165.739192,11640,24.721941603,24.724000000,2.058397,1,165.739192,5.000000,12
2040,150,160.787696,11640,24.735273660,24.737500000,2.226340,1,160.787696,5.000000,12
2041,150,165.252425,11640,24.748377729,24.750500000,2.122271,1,165.252425,5.000000,12
2042,150,176.910151,11640,24.765012872,24.771000000,5.987128,0,2120.889459,5.000000,12
2043,150,174.668125,11640,24.778405514,24.783500000,5.094486,0,2120.889459,5.000000,12
2044,150,172.531922,11640,24.791797609,24.794000000,2.202391,1,172.531922,5.000000,12
2045,150,177.597187,11640,24.807018714,24.815500000,8.481286,0,2120.889459,5.000000,12
2046,150,180.152338,11640,24.821807839,24.824000000,2.192161,1,180.152338,5.000000,12
2047,150,174.669141,11640,24.834796745,24.837000000,2.203255,1,174.669141,5.000000,12
2048,150,177.406340,11640,24.848312987,24.850500000,2.187013,1,177.406340,5.000000,12
2049,150,187.967262,11640,24.862741477,24.865000000,2.258523,1,187.967262,5.000000,12
2050,150,180.272957,11640,24.875519905,24.881000000,5.480095,0,2120.889459,5.000000,12
2051,150,176.763696,11640,24.888314706,24.890500000,2.185294,1,176.763696,5.000000,12
2052,150,185.218044,11640,24.904790811,24.910000000,5.209189,0,2120.889459,5.000000,14
2053,150,184.888659,11640,24.921417584,24.923500000,2.082416,1,184.888659,5.000000,14
2054,150,177.481356,11640,24.934375108,24.936500000,2.124892,1,177.481356,5.000000,14
2055,150,189.325814,11640,24.947971742,24.950000000,2.028258,1,189.325814,5.000000,14
2056,150,198.584613,11640,24.962640681,24.965000000,2.359319,1,198.584613,5.000000,14
2057,150,194.302463,11640,24.975354909,24.977500000,2.145091,1,194.302463,5.000000,14
2058,150,194.649907,11640,24.988221836,24.990500000,2.278164,1,194.649907,5.000000,14
2059,150,197.759228,11640,25.002815855,25.008000000,5.184145,0,2120.889459,5.000000,14
2060,150,201.053669,11640,25.015975421,25.018000000,2.024579,1,201.053669,5.000000,14
2062,150,207.657122,11640,25.029010924,25.031500000,2.489076,1,207.657122,5.000000,14
2064,150,221.783134,11640,25.044236668,25.046500000,2.263332,1,221.783134,5.000000,14
2065,150,221.222478,11640,25.059664460,25.062000000,2.335540,1,221.222478,5.000000,14
2066,150,234.677533,11640,25.073158481,25.075500000,2.341519,1,234.677533,5.000000,14
2067,150,234.630568,11640,25.086434876,25.088500000,2.065124,1,234.630568,5.000000,14
2068,150,248.916084,11640,25.101586790,25.107000000,5.413210,0,2120.889459,5.000000,14
2069,150,243.806483,11640,25.114640015,25.117500000,2.859985,1,243.806483,5.000000,14
2070,150,264.974737,11640,25.129274686,25.131500000,2.225314,1,264.974737,5.000000,14
2071,150,258.824832,11640,25.142063752,25.144500000,2.436248,1,258.824832,5.000000,14
2072,150,251.609230,11640,25.155665161,25.158000000,2.334839,1,251.609230,5.000000,14
2073,150,237.686286,11640,25.170005997,25.172500000,2.494003,1,237.686286,5.000000,14
2074,150,246.248726,11640,25.182718181,25.185000000,2.281819,1,246.248726,5.000000,14
2075,150,242.941536,11640,25.196899744,25.199000000,2.100256,1,242.941536,5.000000,14
2076,150,239.178582,11640,25.209880684,25.215000000,5.119316,0,2120.889459,5.000000,14
2077,150,231.592228,11640,25.223519240,25.226000000,2.480760,1,231.592228,5.000000,14
2078,150,248.446907,11640,25.237065451,25.239500000,2.434549,1,248.446907,5.000000,14
2079,150,236.901014,11640,25.252269115,25.255000000,2.730885,1,236.901014,5.000000,14
2081,150,229.729201,11640,25.266983459,25.269500000,2.516541,1,229.729201,5.000000,14
2082,150,258.310272,11640,25.282591359,25.285000000,2.408641,1,258.310272,5.000000,14
2083,150,257.216559,11640,25.296379421,25.298500000,2.120579,1,257.216559,5.000000,14
2084,150,252.209690,11640,25.313713957,25.316000000,2.286043,1,252.209690,5.000000,14
2085,150,263.646520,11640,25.328138016,25.330500000,2.361984,1,263.646520,5.000000,14
2086,150,263.423112,11640,25.341113568,25.343500000,2.386432,1,263.423112,5.000000,14
2087,150,252.539644,11640,25.354507582,25.357000000,2.492418,1,252.539644,5.000000,14
2089,150,261.799314,11640,25.368512149,25.371000000,2.487851,1,261.799314,5.000000,14
2090,150,271.041496,11640,25.382379248,25.384500000,2.120752,1,271.041496,5.000000,14
2091,150,270.704955,11640,25.396719795,25.399000000,2.280205,1,270.704955,5.000000,14
2092,150,279.694475,11640,25.410761358,25.416000000,5.238642,0,2120.889459,5.000000,14
2093,150,277.857645,11640,25.424571221,25.427000000,2.428779,1,277.857645,5.000000,14
2094,150,278.951716,11640,25.438661924,25.441000000,2.338076,1,278.951716,5.000000,14
2095,150,293.471703,11640,25.453631079,25.456000000,2.368921,1,293.471703,5.000000,14
2096,150,299.440350,11640,25.466863470,25.469000000,2.136530,1,299.440350,5.000000,14
2097,150,286.526190,11640,25.484382267,25.486500000,2.117733,1,286.526190,5.000000,14
2099,150,245.588632,11640,25.500017072,25.502500000,2.482928,1,245.588632,5.000000,14
2100,150,235.011197,11640,25.512718982,25.518000000,5.281018,0,2120.889459,5.000000,14
2101,150,234.789842,11640,25.526218638,25.528500000,2.281362,1,234.789842,5.000000,14
2102,150,226.542411,11640,25.539901918,25.542000000,2.098082,1,226.542411,5.000000,14
2103,150,214.695458,11640,25.552775592,25.555000000,2.224408,1,214.695458,5.000000,14
2104,150,204.047622,11640,25.567531352,25.570000000,2.468648,1,204.047622,5.000000,14
2105,150,198.720438,11640,25.583551447,25.586000000,2.448553,1,198.720438,5.000000,14
2106,150,193.252747,11640,25.597456087,25.599500000,2.043913,1,193.252747,5.000000,14
2108,150,169.566921,11640,25.612850207,25.618000000,5.149793,0,2120.889459,5.000000,14
2109,150,171.063171,11640,25.627451451,25.629500000,2.048549,1,171.063171,5.000000,14
2110,150,167.611221,11640,25.644015044,25.647000000,2.984956,1,167.611221,5.000000,14
2111,150,164.577704,11640,25.657184971,25.659500000,2.315029,1,164.577704,5.000000,14
2112,150,166.953466,11640,25.670892437,25.673000000,2.107563,1,166.953466,5.000000,14
2113,150,156.050490,11640,25.685805003,25.688000000,2.194997,1,156.050490,5.000000,14
2114,150,154.118106,11640,25.698690586,25.701000000,2.309414,1,154.118106,5.000000,14
2116,150,150.370992,11640,25.712705711,25.718000000,5.294289,0,2120.889459,5.000000,14
2117,150,146.057411,11640,25.725432149,25.727500000,2.067851,1,146.057411,5.000000,14
2118,150,143.028861,11640,25.743053430,25.745500000,2.446570,1,143.028861,5.000000,14
2119,150,148.928975,11640,25.757778155,25.760000000,2.221845,1,148.928975,5.000000,14
2120,150,145.217412,11640,25.771953410,25.774000000,2.046590,1,145.217412,5.000000,14
2121,150,141.706688,11640,25.786207347,25.788500000,2.292653,1,141.706688,5.000000,14
2122,150,138.458517,11640,25.799007696,25.801500000,2.492304,1,138.458517,5.000000,14
2123,150,134.045885,11640,25.814164799,25.816500000,2.335201,1,134.045885,5.000000,14
2125,150,132.215379,11640,25.827941890,25.830000000,2.058110,1,132.215379,5.000000,14
2128,150,130.756202,11640,25.841821269,25.844000000,2.178731,1,130.756202,5.000000,14
2129,150,129.622559,11640,25.855348472,25.857500000,2.151528,1,129.622559,5.000000,14
2130,150,129.634716,11640,25.868585755,25.871000000,2.414245,1,129.634716,5.000000,14
2131,150,127.161980,11640,25.883749555,25.886000000,2.250445,1,127.161980,5.000000,14
2132,150,127.754428,11640,25.899468394,25.901500000,2.031606,1,127.754428,5.000000,14
2134,150,124.187247,11640,25.914154264,25.916500000,2.345736,1,124.187247,5.000000,14
2135,150,125.289963,11640,25.927115875,25.930000000,2.884125,1,125.289963,5.000000,14
2136,150,120.969180,11640,25.942114595,25.944500000,2.385405,1,120.969180,5.000000,14
2137,150,118.482399,11640,25.956814633,25.959000000,2.185367,1,118.482399,5.000000,14
2138,150,120.905809,11640,25.969890467,25.972000000,2.109533,1,120.905809,5.000000,14
2139,150,119.106134,11640,25.985096563,25.987500000,2.403437,1,119.106134,5.000000,14
2140,150,121.300873,11640,25.999222169,26.004500000,5.277831,0,2120.889459,5.000000,14
2141,150,117.135895,11640,26.012421957,26.014500000,2.078043,1,117.135895,5.000000,14
2143,150,117.657919,11640,26.026142355,26.028500000,2.357645,1,117.657919,5.000000,14
2144,150,122.460380,11640,26.041914506,26.044000000,2.085494,1,122.460380,5.000000,14
2145,150,120.999122,11640,26.055574257,26.058000000,2.425743,1,120.999122,5.000000,14
2146,150,127.334582,11640,26.069036042,26.071500000,2.463958,1,127.334582,5.000000,14
2147,150,132.461081,11640,26.082369767,26.084500000,2.130233,1,132.461081,5.000000,14
2148,150,129.521232,11640,26.096431218,26.098500000,2.068782,1,129.521232,5.000000,14
2149,150,128.390659,11640,26.109571849,26.115000000,5.428151,0,2120.889459,5.000000,14
2150,150,132.058067,11640,26.123532188,26.126000000,2.467812,1,132.058067,5.000000,14
2151,150,129.155019,11640,26.137176369,26.139500000,2.323631,1,129.155019,5.000000,14
2152,150,128.208267,11640,26.150099505,26.152500000,2.400495,1,128.208267,5.000000,14
2153,150,133.177334,11640,26.163388634,26.165500000,2.111366,1,133.177334,5.000000,14
2154,150,128.253517,11640,26.176349582,26.178500000,2.150418,1,128.253517,5.000000,14
2155,150,129.596051,11640,26.190808798,26.193000000,2.191202,1,129.596051,5.000000,14
2156,150,130.770161,11640,26.203802394,26.209000000,5.197606,0,2120.889459,5.000000,14
2157,150,127.719704,11640,26.216573265,26.219000000,2.426735,1,127.719704,5.000000,14
2158,150,128.101790,11640,26.230125138,26.232500000,2.374862,1,128.101790,5.000000,14
2159,150,127.239455,11640,26.244540599,26.247000000,2.459401,1,127.239455,5.000000,14
2160,150,124.879089,11640,26.258685072,26.261000000,2.314928,1,124.879089,5.000000,14
2161,150,125.955627,11640,26.271466089,26.273500000,2.033911,1,125.955627,5.000000,14
2162,150,125.581797,11640,26.285511850,26.288000000,2.488150,1,125.581797,5.000000,14
2163,150,122.190448,11640,26.299118414,26.307500000,8.381586,0,2120.889459,5.000000,14
2164,150,125.154732,11640,26.315154759,26.317500000,2.345241,1,125.154732,5.000000,14
2165,150,123.845459,11640,26.331393237,26.333500000,2.106763,1,123.845459,5.000000,14
2167,150,118.115896,11640,26.347356556,26.349500000,2.143444,1,118.115896,5.000000,14
2168,150,123.714270,11640,26.360588236,26.363000000,2.411764,1,123.714270,5.000000,14
2169,150,119.546990,11640,26.377080981,26.379500000,2.419019,1,119.546990,5.000000,14
2170,150,120.280133,11640,26.391468169,26.393500000,2.031831,1,120.280133,5.000000,14
2171,150,119.952626,11640,26.405786171,26.411000000,5.213829,0,2120.889459,5.000000,14
2172,150,119.616904,11640,26.418473258,26.420500000,2.026742,1,119.616904,5.000000,14
2173,150,118.949921,11640,26.431834426,26.434000000,2.165574,1,118.949921,5.000000,14
2174,150,113.510085,11640,26.444966807,26.447000000,2.033193,1,113.510085,5.000000,14
2175,150,111.354889,11640,26.461567442,26.464000000,2.432558,1,111.354889,5.000000,14
2176,150,111.314568,11640,26.474735164,26.477000000,2.264836,1,111.314568,5.000000,14
2177,150,103.866274,11640,26.489588848,26.492000000,2.411152,1,103.866274,5.000000,14
2179,150,108.159256,11640,26.502750462,26.508000000,5.249538,0,2120.889459,5.000000,14
2180,150,112.959650,11640,26.517057932,26.519500000,2.442068,1,112.959650,5.000000,14
2182,150,105.523186,11640,26.532239835,26.534500000,2.260165,1,105.523186,5.000000,14
2183,150,107.860009,11640,26.546129389,26.548500000,2.370611,1,107.860009,5.000000,14
2184,150,106.377600,11640,26.560779657,26.563000000,2.220343,1,106.377600,5.000000,14
2185,150,104.565745,11640,26.573583999,26.576000000,2.416001,1,104.565745,5.000000,14
2186,150,102.719780,11640,26.586724458,26.589000000,2.275542,1,102.719780,5.000000,14
2187,150,102.362239,11640,26.600304931,26.605500000,5.195069,0,2120.889459,5.000000,14
2188,150,103.483870,11640,26.614563909,26.617000000,2.436091,1,103.483870,5.000000,14
2190,150,101.356987,11640,26.627763475,26.630000000,2.236525,1,101.356987,5.000000,14
2192,150,105.271475,11640,26.641423694,26.643500000,2.076306,1,105.271475,5.000000,14
2193,150,102.083095,11640,26.655168686,26.657500000,2.331314,1,102.083095,5.000000,14
2194,150,100.996122,11640,26.668679810,26.671500000,2.820190,1,100.996122,5.000000,14
2195,150,106.100267,11640,26.683061942,26.685500000,2.438058,1,106.100267,5.000000,14
2196,150,106.352084,11640,26.697817624,26.700000000,2.182376,1,106.352084,5.000000,14
2197,150,109.507505,11640,26.710672535,26.713000000,2.327465,1,109.507505,5.000000,14
2198,150,115.916200,11640,26.729779577,26.735000000,5.220423,0,2120.889459,5.000000,14
2199,150,122.191892,11640,26.746264248,26.748500000,2.235752,1,122.191892,5.000000,14
2200,150,129.831691,11640,26.759848657,26.762000000,2.151343,1,129.831691,5.000000,14
2201,150,129.606829,11640,26.772863412,26.775000000,2.136588,1,129.606829,5.000000,14
2202,150,116.206834,11640,26.789182934,26.791500000,2.317066,1,116.206834,5.000000,14
2203,150,108.296246,11640,26.801939796,26.804000000,2.060204,1,108.296246,5.000000,14
2204,150,110.448838,11640,26.816265222,26.818500000,2.234778,1,110.448838,5.000000,14
2205,150,113.369859,11640,26.831058390,26.833500000,2.441610,1,113.369859,5.000000,14
2206,150,107.951477,11640,26.846424354,26.848500000,2.075646,1,107.951477,5.000000,14
2207,150,95.356101,11640,26.861037126,26.863500000,2.462874,1,95.356101,5.000000,14
2209,150,91.354841,11640,26.874271927,26.876500000,2.228073,1,91.354841,5.000000,14
2211,150,93.260044,11640,26.887046115,26.889500000,2.453885,1,93.260044,5.000000,14
2212,150,90.192109,11640,26.901322547,26.906500000,5.177453,0,2120.889459,5.000000,14
2213,150,88.477311,11640,26.914144679,26.916500000,2.355321,1,88.477311,5.000000,14
2214,150,88.094725,11640,26.927581472,26.930000000,2.418528,1,88.094725,5.000000,14
2216,150,84.920789,11640,26.942000915,26.944500000,2.499085,1,84.920789,5.000000,14
2217,150,81.848525,11640,26.957604685,26.960500000,2.895315,1,81.848525,5.000000,14
2218,150,83.481695,11640,26.970701086,26.973000000,2.298914,1,83.481695,5.000000,14
2219,150,83.186664,11640,26.986414037,26.988500000,2.085963,1,83.186664,5.000000,14
2220,150,78.268392,11640,27.001130141,27.006500000,5.369859,0,2120.889459,5.000000,14
2222,150,77.485296,11640,27.015591998,27.018000000,2.408002,1,77.485296,5.000000,14
2224,150,74.745155,11640,27.029478207,27.031500000,2.021793,1,74.745155,5.000000,14
2226,150,77.572260,11640,27.043059230,27.045500000,2.440770,1,77.572260,5.000000,14
2228,150,87.362334,11640,27.056700488,27.059000000,2.299512,1,87.362334,5.000000,14
2229,150,92.854121,11640,27.070788073,27.076000000,5.211927,0,2120.889459,5.000000,14
2230,150,95.525743,11640,27.084454890,27.086500000,2.045110,1,95.525743,5.000000,14
2231,150,98.391318,11640,27.100577898,27.106000000,5.422102,0,2120.889459,5.000000,14
2232,150,97.836709,11640,27.113933604,27.116000000,2.066396,1,97.836709,5.000000,14
2234,150,110.691036,11640,27.126772918,27.129000000,2.227082,1,110.691036,5.000000,14
2235,150,112.047858,11640,27.139596123,27.142000000,2.403877,1,112.047858,5.000000,14
2236,150,116.774089,11640,27.153525025,27.156500000,2.974975,1,116.774089,5.000000,14
2237,150,128.389395,11640,27.167020212,27.170000000,2.979788,1,128.389395,5.000000,14
2238,150,126.946871,11640,27.179797282,27.182000000,2.202718,1,126.946871,5.000000,14
2239,150,133.423082,11640,27.192529802,27.195000000,2.470198,1,133.423082,5.000000,14
2240,150,138.176077,11640,27.206279123,27.212000000,5.720877,0,2120.889459,5.000000,14
2241,150,135.807022,11640,27.219777191,27.222500000,2.722809,1,135.807022,5.000000,14
2242,150,137.213799,11640,27.235417477,27.237500000,2.082523,1,137.213799,5.000000,14
2243,150,139.387296,11640,27.252073513,27.254500000,2.426487,1,139.387296,5.000000,14
2244,150,132.969853,11640,27.267332883,27.269500000,2.167117,1,132.969853,5.000000,14
2247,150,135.839529,11640,27.281735154,27.284000000,2.264846,1,135.839529,5.000000,14
2248,150,141.808765,11640,27.295495745,27.298000000,2.504255,1,141.808765,5.000000,14
2249,150,148.717857,11640,27.309926928,27.315000000,5.073072,0,2120.889459,5.000000,13
2250,150,149.781658,11640,27.323759863,27.326000000,2.240137,1,149.781658,5.000000,13
2252,150,159.510216,11640,27.338851318,27.344000000,5.148682,0,2120.889459,5.000000,13
2253,150,158.210703,11640,27.352718432,27.361000000,8.281568,0,2120.889459,5.000000,13
2254,150,162.393636,11640,27.366000989,27.368500000,2.499011,1,162.393636,5.000000,13
2255,150,172.197545,11640,27.378688235,27.381000000,2.311765,1,172.197545,5.000000,13
2256,150,172.351912,11640,27.391636544,27.394000000,2.363456,1,172.351912,5.000000,13
2257,150,176.256193,11640,27.405760641,27.411000000,5.239359,0,2120.889459,5.000000,13
2258,150,177.162179,11640,27.419520347,27.422000000,2.479653,1,177.162179,5.000000,13
2259,150,176.791488,11640,27.433988282,27.439500000,5.511718,0,2120.889459,5.000000,13
2261,150,184.315810,11640,27.449170578,27.454500000,5.329422,0,2120.889459,5.000000,13
2262,150,185.545438,11640,27.463010736,27.468500000,5.489264,0,2120.889459,5.000000,13
2263,150,188.285281,11640,27.478069019,27.480500000,2.430981,1,188.285281,5.000000,13
2264,150,191.592092,11640,27.492352680,27.494500000,2.147320,1,191.592092,5.000000,13
2265,150,187.869691,11640,27.506545460,27.515000000,8.454540,0,2120.889459,5.000000,13
2266,150,182.401601,11640,27.520316030,27.528500000,8.183970,0,2120.889459,5.000000,13
2267,150,180.671061,11640,27.534863806,27.537000000,2.136194,1,180.671061,5.000000,13
2268,150,172.493056,11640,27.547717709,27.550000000,2.282291,1,172.493056,5.000000,13
2269,150,163.559207,11640,27.564450802,27.566500000,2.049198,1,163.559207,5.000000,13
2270,150,157.228792,11640,27.579877429,27.582000000,2.122571,1,157.228792,5.000000,13
2271,150,138.318915,11640,27.592576458,27.595000000,2.423542,1,138.318915,5.000000,13
2274,150,123.445420,11640,27.605570589,27.611000000,5.429411,0,2120.889459,5.000000,13
2276,150,129.822403,11640,27.620415267,27.622500000,2.084733,1,129.822403,5.000000,13
2277,150,138.401372,11640,27.635647954,27.638000000,2.352046,1,138.401372,5.000000,13
2278,150,140.253016,11640,27.650318643,27.652500000,2.181357,1,140.253016,5.000000,13
2279,150,134.525608,11640,27.663693804,27.666000000,2.306196,1,134.525608,5.000000,13
2281,150,137.801224,11640,27.678309885,27.680500000,2.190115,1,137.801224,5.000000,13
2282,150,141.372743,11640,27.693015969,27.695500000,2.484031,1,141.372743,5.000000,13
2284,150,143.736523,11640,27.706900494,27.712000000,5.099506,0,2120.889459,5.000000,13
2285,150,154.592471,11640,27.723250177,27.725500000,2.249823,1,154.592471,5.000000,13
2286,150,150.375177,11640,27.736514721,27.739000000,2.485279,1,150.375177,5.000000,13
2289,150,164.799033,11640,27.753202283,27.755500000,2.297717,1,164.799033,5.000000,13
2290,150,174.965077,11640,27.768332172,27.770500000,2.167828,1,174.965077,5.000000,13
2292,150,200.429121,11640,27.781377532,27.783500000,2.122468,1,200.429121,5.000000,13
2293,150,213.035817,11640,27.794316864,27.796500000,2.183136,1,213.035817,5.000000,13
2294,150,229.539276,11640,27.808940748,27.814000000,5.059252,0,2120.889459,5.000000,13
2295,150,239.029587,11640,27.822637715,27.825000000,2.362285,1,239.029587,5.000000,13
2296,150,242.416369,11640,27.836351615,27.838500000,2.148385,1,242.416369,5.000000,13
2297,150,251.017601,11640,27.850571285,27.853000000,2.428715,1,251.017601,5.000000,13
2298,150,257.137611,11640,27.865870552,27.868000000,2.129448,1,257.137611,5.000000,13
2299,150,260.381431,11640,27.878885249,27.884000000,5.114751,0,2120.889459,5.000000,13
2300,150,263.963152,11640,27.891970919,27.894000000,2.029081,1,263.963152,5.000000,13
2301,150,258.675684,11640,27.904686449,27.910000000,5.313551,0,2120.889459,5.000000,13
2302,150,254.817184,11640,27.917420466,27.919500000,2.079534,1,254.817184,5.000000,13
2303,150,256.479575,11640,27.930855029,27.933500000,2.644971,1,256.479575,5.000000,13
2304,150,256.594605,11640,27.944877745,27.950500000,5.622255,0,2120.889459,5.000000,13
2305,150,246.387914,11640,27.958372559,27.964000000,5.627441,0,2120.889459,5.000000,13
2307,150,223.246369,11640,27.972725899,27.975000000,2.274101,1,223.246369,5.000000,13
2308,150,208.520042,11640,27.988530169,27.991000000,2.469831,1,208.520042,5.000000,13
2309,150,199.182559,11640,28.001682307,28.010000000,8.317693,0,2120.889459,5.000000,14
2310,150,181.195687,11640,28.015961560,28.018000000,2.038440,1,181.195687,5.000000,13
2311,150,163.403840,11640,28.031224639,28.034500000,3.275361,1,163.403840,5.000000,13
2313,150,131.899836,11640,28.046124268,28.048500000,2.375732,1,131.899836,5.000000,13
2314,150,121.912567,11640,28.061539325,28.064000000,2.460675,1,121.912567,5.000000,13
2315,150,106.559652,11640,28.074991306,28.080500000,5.508694,0,2120.889459,5.000000,13
2320,150,96.931280,11640,28.087971947,28.090000000,2.028053,1,96.931280,5.000000,13
2322,150,144.968090,11640,28.101402697,28.106500000,5.097303,0,2120.889459,5.000000,13
2323,150,174.881536,11640,28.117289769,28.119500000,2.210231,1,174.881536,5.000000,13
2324,150,186.512997,11640,28.130175265,28.135500000,5.324735,0,2120.889459,5.000000,13
2325,150,196.700590,11640,28.145011776,28.150500000,5.488224,0,2120.889459,5.000000,13
2326,150,207.101453,11640,28.157938406,28.160000000,2.061594,1,207.101453,5.000000,13
2327,150,212.458502,11640,28.173493595,28.176000000,2.506405,1,212.458502,5.000000,13
2328,150,219.344664,11640,28.186361560,28.188500000,2.138440,1,219.344664,5.000000,13
2329,150,223.688616,11640,28.199297156,28.204500000,5.202844,0,2120.889459,5.000000,13
2330,150,221.041431,11640,28.214712981,28.217000000,2.287019,1,221.041431,5.000000,13
2331,150,218.581846,11640,28.227460959,28.229500000,2.039041,1,218.581846,5.000000,13
2332,150,214.758306,11640,28.240764537,28.243000000,2.235463,1,214.758306,5.000000,13
2333,150,208.649570,11640,28.254706741,28.257000000,2.293259,1,208.649570,5.000000,13
2334,150,206.039262,11640,28.268515493,28.274000000,5.484507,0,2120.889459,5.000000,13
2335,150,198.967167,11640,28.284197191,28.286500000,2.302809,1,198.967167,5.000000,13
2336,150,188.349689,11640,28.296920255,28.299000000,2.079745,1,188.349689,5.000000,13
2339,150,189.049909,11640,28.312397848,28.317500000,5.102152,0,2120.889459,5.000000,13
2340,150,203.836400,11640,28.326232547,28.331500000,5.267453,0,2120.889459,5.000000,13
2341,150,216.607588,11640,28.339705599,28.348000000,8.294401,0,2120.889459,5.000000,13
2342,150,222.888618,11640,28.353380620,28.355500000,2.119380,1,222.888618,5.000000,13
2343,150,232.298982,11640,28.369212987,28.371500000,2.287013,1,232.298982,5.000000,13
2344,150,242.785933,11640,28.382246818,28.387500000,5.253182,0,2120.889459,5.000000,13
2345,150,248.856155,11640,28.395015696,28.400500000,5.484304,0,2120.889459,5.000000,13
2346,150,252.462616,11640,28.408332167,28.413500000,5.167833,0,2120.889459,5.000000,13
17,0,0,0,0,0,-1,0,2120.889459,5.000000,0
19,0,0,0,0,0,-1,0,2120.889459,5.000000,0
23,0,0,0,0,0,-1,0,2120.889459,5.000000,0
26,0,0,0,0,0,-1,0,2120.889459,5.000000,0
31,0,0,0,0,0,-1,0,2120.889459,5.000000,0
33,0,0,0,0,0,-1,0,2120.889459,5.000000,0
37,0,0,0,0,0,-1,0,2120.889459,5.000000,0
41,0,0,0,0,0,-1,0,2120.889459,5.000000,0
48,0,0,0,0,0,-1,0,2120.889459,5.000000,0
50,0,0,0,0,0,-1,0,2120.889459,5.000000,0
56,0,0,0,0,0,-1,0,2120.889459,5.000000,0
61,0,0,0,0,0,-1,0,2120.889459,5.000000,0
65,0,0,0,0,0,-1,0,2120.889459,5.000000,0
69,0,0,0,0,0,-1,0,2120.889459,5.000000,0
73,0,0,0,0,0,-1,0,2120.889459,5.000000,0
79,0,0,0,0,0,-1,0,2120.889459,5.000000,0
80,0,0,0,0,0,-1,0,2120.889459,5.000000,0
87,0,0,0,0,0,-1,0,2120.889459,5.000000,0
91,0,0,0,0,0,-1,0,2120.889459,5.000000,0
93,0,0,0,0,0,-1,0,2120.889459,5.000000,0
95,0,0,0,0,0,-1,0,2120.889459,5.000000,0
101,0,0,0,0,0,-1,0,2120.889459,5.000000,0
106,0,0,0,0,0,-1,0,2120.889459,5.000000,0
118,0,0,0,0,0,-1,0,2120.889459,5.000000,0
131,0,0,0,0,0,-1,0,2120.889459,5.000000,0
132,0,0,0,0,0,-1,0,2120.889459,5.000000,0
149,0,0,0,0,0,-1,0,2120.889459,5.000000,0
157,0,0,0,0,0,-1,0,2120.889459,5.000000,0
167,0,0,0,0,0,-1,0,2120.889459,5.000000,0
168,0,0,0,0,0,-1,0,2120.889459,5.000000,0
169,0,0,0,0,0,-1,0,2120.889459,5.000000,0
176,0,0,0,0,0,-1,0,2120.889459,5.000000,0
177,0,0,0,0,0,-1,0,2120.889459,5.000000,0
179,0,0,0,0,0,-1,0,2120.889459,5.000000,0
181,0,0,0,0,0,-1,0,2120.889459,5.000000,0
185,0,0,0,0,0,-1,0,2120.889459,5.000000,0
199,0,0,0,0,0,-1,0,2120.889459,5.000000,0
217,0,0,0,0,0,-1,0,2120.889459,5.000000,0
222,0,0,0,0,0,-1,0,2120.889459,5.000000,0
230,0,0,0,0,0,-1,0,2120.889459,5.000000,0
233,0,0,0,0,0,-1,0,2120.889459,5.000000,0
239,0,0,0,0,0,-1,0,2120.889459,5.000000,0
245,0,0,0,0,0,-1,0,2120.889459,5.000000,0
251,0,0,0,0,0,-1,0,2120.889459,5.000000,0
257,0,0,0,0,0,-1,0,2120.889459,5.000000,0
263,0,0,0,0,0,-1,0,2120.889459,5.000000,0
308,0,0,0,0,0,-1,0,2120.889459,5.000000,0
315,0,0,0,0,0,-1,0,2120.889459,5.000000,0
318,0,0,0,0,0,-1,0,2120.889459,5.000000,0
319,0,0,0,0,0,-1,0,2120.889459,5.000000,0
321,0,0,0,0,0,-1,0,2120.889459,5.000000,0
328,0,0,0,0,0,-1,0,2120.889459,5.000000,0
332,0,0,0,0,0,-1,0,2120.889459,5.000000,0
334,0,0,0,0,0,-1,0,2120.889459,5.000000,0
349,0,0,0,0,0,-1,0,2120.889459,5.000000,0
353,0,0,0,0,0,-1,0,2120.889459,5.000000,0
354,0,0,0,0,0,-1,0,2120.889459,5.000000,0
367,0,0,0,0,0,-1,0,2120.889459,5.000000,0
381,0,0,0,0,0,-1,0,2120.889459,5.000000,0
393,0,0,0,0,0,-1,0,2120.889459,5.000000,0
408,0,0,0,0,0,-1,0,2120.889459,5.000000,0
429,0,0,0,0,0,-1,0,2120.889459,5.000000,0
435,0,0,0,0,0,-1,0,2120.889459,5.000000,0
437,0,0,0,0,0,-1,0,2120.889459,5.000000,0
445,0,0,0,0,0,-1,0,2120.889459,5.000000,0
453,0,0,0,0,0,-1,0,2120.889459,5.000000,0
457,0,0,0,0,0,-1,0,2120.889459,5.000000,0
461,0,0,0,0,0,-1,0,2120.889459,5.000000,0
465,0,0,0,0,0,-1,0,2120.889459,5.000000,0
468,0,0,0,0,0,-1,0,2120.889459,5.000000,0
472,0,0,0,0,0,-1,0,2120.889459,5.000000,0
476,0,0,0,0,0,-1,0,2120.889459,5.000000,0
483,0,0,0,0,0,-1,0,2120.889459,5.000000,0
486,0,0,0,0,0,-1,0,2120.889459,5.000000,0
487,0,0,0,0,0,-1,0,2120.889459,5.000000,0
491,0,0,0,0,0,-1,0,2120.889459,5.000000,0
496,0,0,0,0,0,-1,0,2120.889459,5.000000,0
500,0,0,0,0,0,-1,0,2120.889459,5.000000,0
503,0,0,0,0,0,-1,0,2120.889459,5.000000,0
509,0,0,0,0,0,-1,0,2120.889459,5.000000,0
511,0,0,0,0,0,-1,0,2120.889459,5.000000,0
518,0,0,0,0,0,-1,0,2120.889459,5.000000,0
530,0,0,0,0,0,-1,0,2120.889459,5.000000,0
533,0,0,0,0,0,-1,0,2120.889459,5.000000,0
534,0,0,0,0,0,-1,0,2120.889459,5.000000,0
538,0,0,0,0,0,-1,0,2120.889459,5.000000,0
540,0,0,0,0,0,-1,0,2120.889459,5.000000,0
543,0,0,0,0,0,-1,0,2120.889459,5.000000,0
544,0,0,0,0,0,-1,0,2120.889459,5.000000,0
554,0,0,0,0,0,-1,0,2120.889459,5.000000,0
576,0,0,0,0,0,-1,0,2120.889459,5.000000,0
585,0,0,0,0,0,-1,0,2120.889459,5.000000,0
586,0,0,0,0,0,-1,0,2120.889459,5.000000,0
601,0,0,0,0,0,-1,0,2120.889459,5.000000,0
618,0,0,0,0,0,-1,0,2120.889459,5.000000,0
625,0,0,0,0,0,-1,0,2120.889459,5.000000,0
641,0,0,0,0,0,-1,0,2120.889459,5.000000,0
642,0,0,0,0,0,-1,0,2120.889459,5.000000,0
647,0,0,0,0,0,-1,0,2120.889459,5.000000,0
665,0,0,0,0,0,-1,0,2120.889459,5.000000,0
676,0,0,0,0,0,-1,0,2120.889459,5.000000,0
682,0,0,0,0,0,-1,0,2120.889459,5.000000,0
683,0,0,0,0,0,-1,0,2120.889459,5.000000,0
694,0,0,0,0,0,-1,0,2120.889459,5.000000,0
696,0,0,0,0,0,-1,0,2120.889459,5.000000,0
706,0,0,0,0,0,-1,0,2120.889459,5.000000,0
710,0,0,0,0,0,-1,0,2120.889459,5.000000,0
711,0,0,0,0,0,-1,0,2120.889459,5.000000,0
712,0,0,0,0,0,-1,0,2120.889459,5.000000,0
730,0,0,0,0,0,-1,0,2120.889459,5.000000,0
733,0,0,0,0,0,-1,0,2120.889459,5.000000,0
736,0,0,0,0,0,-1,0,2120.889459,5.000000,0
737,0,0,0,0,0,-1,0,2120.889459,5.000000,0
742,0,0,0,0,0,-1,0,2120.889459,5.000000,0
743,0,0,0,0,0,-1,0,2120.889459,5.000000,0
748,0,0,0,0,0,-1,0,2120.889459,5.000000,0
751,0,0,0,0,0,-1,0,2120.889459,5.000000,0
763,0,0,0,0,0,-1,0,2120.889459,5.000000,0
773,0,0,0,0,0,-1,0,2120.889459,5.000000,0
786,0,0,0,0,0,-1,0,2120.889459,5.000000,0
789,0,0,0,0,0,-1,0,2120.889459,5.000000,0
794,0,0,0,0,0,-1,0,2120.889459,5.000000,0
800,0,0,0,0,0,-1,0,2120.889459,5.000000,0
805,0,0,0,0,0,-1,0,2120.889459,5.000000,0
811,0,0,0,0,0,-1,0,2120.889459,5.000000,0
828,0,0,0,0,0,-1,0,2120.889459,5.000000,0
835,0,0,0,0,0,-1,0,2120.889459,5.000000,0
852,0,0,0,0,0,-1,0,2120.889459,5.000000,0
856,0,0,0,0,0,-1,0,2120.889459,5.000000,0
858,0,0,0,0,0,-1,0,2120.889459,5.000000,0
866,0,0,0,0,0,-1,0,2120.889459,5.000000,0
879,0,0,0,0,0,-1,0,2120.889459,5.000000,0
908,0,0,0,0,0,-1,0,2120.889459,5.000000,0
927,0,0,0,0,0,-1,0,2120.889459,5.000000,0
932,0,0,0,0,0,-1,0,2120.889459,5.000000,0
940,0,0,0,0,0,-1,0,2120.889459,5.000000,0
957,0,0,0,0,0,-1,0,2120.889459,5.000000,0
965,0,0,0,0,0,-1,0,2120.889459,5.000000,0
970,0,0,0,0,0,-1,0,2120.889459,5.000000,0
982,0,0,0,0,0,-1,0,2120.889459,5.000000,0
994,0,0,0,0,0,-1,0,2120.889459,5.000000,0
996,0,0,0,0,0,-1,0,2120.889459,5.000000,0
997,0,0,0,0,0,-1,0,2120.889459,5.000000,0
1002,0,0,0,0,0,-1,0,2120.889459,5.000000,0
1005,0,0,0,0,0,-1,0,2120.889459,5.000000,0
1009,0,0,0,0,0,-1,0,2120.889459,5.000000,0
1010,0,0,0,0,0,-1,0,2120.889459,5.000000,0
1017,0,0,0,0,0,-1,0,2120.889459,5.000000,0
1018,0,0,0,0,0,-1,0,2120.889459,5.000000,0
1022,0,0,0,0,0,-1,0,2120.889459,5.000000,0
1025,0,0,0,0,0,-1,0,2120.889459,5.000000,0
1027,0,0,0,0,0,-1,0,2120.889459,5.000000,0
1034,0,0,0,0,0,-1,0,2120.889459,5.000000,0
1042,0,0,0,0,0,-1,0,2120.889459,5.000000,0
1044,0,0,0,0,0,-1,0,2120.889459,5.000000,0
1046,0,0,0,0,0,-1,0,2120.889459,5.000000,0
1053,0,0,0,0,0,-1,0,2120.889459,5.000000,0
1055,0,0,0,0,0,-1,0,2120.889459,5.000000,0
1056,0,0,0,0,0,-1,0,2120.889459,5.000000,0
1057,0,0,0,0,0,-1,0,2120.889459,5.000000,0
1061,0,0,0,0,0,-1,0,2120.889459,5.000000,0
1074,0,0,0,0,0,-1,0,2120.889459,5.000000,0
1075,0,0,0,0,0,-1,0,2120.889459,5.000000,0
1078,0,0,0,0,0,-1,0,2120.889459,5.000000,0
1084,0,0,0,0,0,-1,0,2120.889459,5.000000,0
1087,0,0,0,0,0,-1,0,2120.889459,5.000000,0
1103,0,0,0,0,0,-1,0,2120.889459,5.000000,0
1123,0,0,0,0,0,-1,0,2120.889459,5.000000,0
1127,0,0,0,0,0,-1,0,2120.889459,5.000000,0
1142,0,0,0,0,0,-1,0,2120.889459,5.000000,0
1144,0,0,0,0,0,-1,0,2120.889459,5.000000,0
1163,0,0,0,0,0,-1,0,2120.889459,5.000000,0
1168,0,0,0,0,0,-1,0,2120.889459,5.000000,0
1172,0,0,0,0,0,-1,0,2120.889459,5.000000,0
1176,0,0,0,0,0,-1,0,2120.889459,5.000000,0
1180,0,0,0,0,0,-1,0,2120.889459,5.000000,0
1183,0,0,0,0,0,-1,0,2120.889459,5.000000,0
1193,0,0,0,0,0,-1,0,2120.889459,5.000000,0
1197,0,0,0,0,0,-1,0,2120.889459,5.000000,0
1199,0,0,0,0,0,-1,0,2120.889459,5.000000,0
1203,0,0,0,0,0,-1,0,2120.889459,5.000000,0
1242,0,0,0,0,0,-1,0,2120.889459,5.000000,0
1244,0,0,0,0,0,-1,0,2120.889459,5.000000,0
1261,0,0,0,0,0,-1,0,2120.889459,5.000000,0
1263,0,0,0,0,0,-1,0,2120.889459,5.000000,0
1277,0,0,0,0,0,-1,0,2120.889459,5.000000,0
1281,0,0,0,0,0,-1,0,2120.889459,5.000000,0
1287,0,0,0,0,0,-1,0,2120.889459,5.000000,0
1295,0,0,0,0,0,-1,0,2120.889459,5.000000,0
1297,0,0,0,0,0,-1,0,2120.889459,5.000000,0
1302,0,0,0,0,0,-1,0,2120.889459,5.000000,0
1313,0,0,0,0,0,-1,0,2120.889459,5.000000,0
1315,0,0,0,0,0,-1,0,2120.889459,5.000000,0
1320,0,0,0,0,0,-1,0,2120.889459,5.000000,0
1322,0,0,0,0,0,-1,0,2120.889459,5.000000,0
1323,0,0,0,0,0,-1,0,2120.889459,5.000000,0
1328,0,0,0,0,0,-1,0,2120.889459,5.000000,0
1330,0,0,0,0,0,-1,0,2120.889459,5.000000,0
1339,0,0,0,0,0,-1,0,2120.889459,5.000000,0
1345,0,0,0,0,0,-1,0,2120.889459,5.000000,0
1346,0,0,0,0,0,-1,0,2120.889459,5.000000,0
1373,0,0,0,0,0,-1,0,2120.889459,5.000000,0
1374,0,0,0,0,0,-1,0,2120.889459,5.000000,0
1383,0,0,0,0,0,-1,0,2120.889459,5.000000,0
1400,0,0,0,0,0,-1,0,2120.889459,5.000000,0
1402,0,0,0,0,0,-1,0,2120.889459,5.000000,0
1405,0,0,0,0,0,-1,0,2120.889459,5.000000,0
1407,0,0,0,0,0,-1,0,2120.889459,5.000000,0
1414,0,0,0,0,0,-1,0,2120.889459,5.000000,0
1417,0,0,0,0,0,-1,0,2120.889459,5.000000,0
1420,0,0,0,0,0,-1,0,2120.889459,5.000000,0
1421,0,0,0,0,0,-1,0,2120.889459,5.000000,0
1426,0,0,0,0,0,-1,0,2120.889459,5.000000,0
1427,0,0,0,0,0,-1,0,2120.889459,5.000000,0
1429,0,0,0,0,0,-1,0,2120.889459,5.000000,0
1430,0,0,0,0,0,-1,0,2120.889459,5.000000,0
1438,0,0,0,0,0,-1,0,2120.889459,5.000000,0
1452,0,0,0,0,0,-1,0,2120.889459,5.000000,0
1454,0,0,0,0,0,-1,0,2120.889459,5.000000,0
1465,0,0,0,0,0,-1,0,2120.889459,5.000000,0
1479,0,0,0,0,0,-1,0,2120.889459,5.000000,0
1480,0,0,0,0,0,-1,0,2120.889459,5.000000,0
1483,0,0,0,0,0,-1,0,2120.889459,5.000000,0
1487,0,0,0,0,0,-1,0,2120.889459,5.000000,0
1501,0,0,0,0,0,-1,0,2120.889459,5.000000,0
1502,0,0,0,0,0,-1,0,2120.889459,5.000000,0
1507,0,0,0,0,0,-1,0,2120.889459,5.000000,0
1509,0,0,0,0,0,-1,0,2120.889459,5.000000,0
1511,0,0,0,0,0,-1,0,2120.889459,5.000000,0
1513,0,0,0,0,0,-1,0,2120.889459,5.000000,0
1515,0,0,0,0,0,-1,0,2120.889459,5.000000,0
1535,0,0,0,0,0,-1,0,2120.889459,5.000000,0
1545,0,0,0,0,0,-1,0,2120.889459,5.000000,0
1557,0,0,0,0,0,-1,0,2120.889459,5.000000,0
1561,0,0,0,0,0,-1,0,2120.889459,5.000000,0
1562,0,0,0,0,0,-1,0,2120.889459,5.000000,0
1575,0,0,0,0,0,-1,0,2120.889459,5.000000,0
1593,0,0,0,0,0,-1,0,2120.889459,5.000000,0
1595,0,0,0,0,0,-1,0,2120.889459,5.000000,0
1606,0,0,0,0,0,-1,0,2120.889459,5.000000,0
1608,0,0,0,0,0,-1,0,2120.889459,5.000000,0
1616,0,0,0,0,0,-1,0,2120.889459,5.000000,0
1617,0,0,0,0,0,-1,0,2120.889459,5.000000,0
1626,0,0,0,0,0,-1,0,2120.889459,5.000000,0
1632,0,0,0,0,0,-1,0,2120.889459,5.000000,0
1643,0,0,0,0,0,-1,0,2120.889459,5.000000,0
1649,0,0,0,0,0,-1,0,2120.889459,5.000000,0
1650,0,0,0,0,0,-1,0,2120.889459,5.000000,0
1662,0,0,0,0,0,-1,0,2120.889459,5.000000,0
1665,0,0,0,0,0,-1,0,2120.889459,5.000000,0
1670,0,0,0,0,0,-1,0,2120.889459,5.000000,0
1671,0,0,0,0,0,-1,0,2120.889459,5.000000,0
1672,0,0,0,0,0,-1,0,2120.889459,5.000000,0
1677,0,0,0,0,0,-1,0,2120.889459,5.000000,0
1691,0,0,0,0,0,-1,0,2120.889459,5.000000,0
1718,0,0,0,0,0,-1,0,2120.889459,5.000000,0
1720,0,0,0,0,0,-1,0,2120.889459,5.000000,0
1726,0,0,0,0,0,-1,0,2120.889459,5.000000,0
1728,0,0,0,0,0,-1,0,2120.889459,5.000000,0
1729,0,0,0,0,0,-1,0,2120.889459,5.000000,0
1730,0,0,0,0,0,-1,0,2120.889459,5.000000,0
1731,0,0,0,0,0,-1,0,2120.889459,5.000000,0
1737,0,0,0,0,0,-1,0,2120.889459,5.000000,0
1739,0,0,0,0,0,-1,0,2120.889459,5.000000,0
1740,0,0,0,0,0,-1,0,2120.889459,5.000000,0
1744,0,0,0,0,0,-1,0,2120.889459,5.000000,0
1746,0,0,0,0,0,-1,0,2120.889459,5.000000,0
1747,0,0,0,0,0,-1,0,2120.889459,5.000000,0
1758,0,0,0,0,0,-1,0,2120.889459,5.000000,0
1765,0,0,0,0,0,-1,0,2120.889459,5.000000,0
1775,0,0,0,0,0,-1,0,2120.889459,5.000000,0
1783,0,0,0,0,0,-1,0,2120.889459,5.000000,0
1793,0,0,0,0,0,-1,0,2120.889459,5.000000,0
1803,0,0,0,0,0,-1,0,2120.889459,5.000000,0
1820,0,0,0,0,0,-1,0,2120.889459,5.000000,0
1835,0,0,0,0,0,-1,0,2120.889459,5.000000,0
1844,0,0,0,0,0,-1,0,2120.889459,5.000000,0
1862,0,0,0,0,0,-1,0,2120.889459,5.000000,0
1870,0,0,0,0,0,-1,0,2120.889459,5.000000,0
1871,0,0,0,0,0,-1,0,2120.889459,5.000000,0
1877,0,0,0,0,0,-1,0,2120.889459,5.000000,0
1882,0,0,0,0,0,-1,0,2120.889459,5.000000,0
1883,0,0,0,0,0,-1,0,2120.889459,5.000000,0
1888,0,0,0,0,0,-1,0,2120.889459,5.000000,0
1894,0,0,0,0,0,-1,0,2120.889459,5.000000,0
1905,0,0,0,0,0,-1,0,2120.889459,5.000000,0
1916,0,0,0,0,0,-1,0,2120.889459,5.000000,0
1918,0,0,0,0,0,-1,0,2120.889459,5.000000,0
1922,0,0,0,0,0,-1,0,2120.889459,5.000000,0
1926,0,0,0,0,0,-1,0,2120.889459,5.000000,0
1945,0,0,0,0,0,-1,0,2120.889459,5.000000,0
1954,0,0,0,0,0,-1,0,2120.889459,5.000000,0
1965,0,0,0,0,0,-1,0,2120.889459,5.000000,0
1971,0,0,0,0,0,-1,0,2120.889459,5.000000,0
1979,0,0,0,0,0,-1,0,2120.889459,5.000000,0
1995,0,0,0,0,0,-1,0,2120.889459,5.000000,0
