frameNumber,components,mse,sizeBytes,genTime,recvTime,delay_ms,receivedOnTime,effectiveError,deadline_ms,cqi
0,200,2.90915,47872,0.022619003,0.025500000,2.880997,1,2.909147,5.000000,14
1,200,2.368810,47872,0.041683955,0.048000000,6.316045,0,10.219905,5.000000,14
2,200,2.149896,47872,0.063196367,0.066000000,2.803633,1,2.149896,5.000000,14
3,200,2.358282,47872,0.081696711,0.087000000,5.303289,0,10.219905,5.000000,14
4,200,2.090316,47872,0.100099546,0.106500000,6.400454,0,10.219905,5.000000,14
5,200,2.016692,47872,0.119253058,0.122000000,2.746942,1,2.016692,5.000000,14
6,200,2.226250,47872,0.139391697,0.142000000,2.608303,1,2.226250,5.000000,14
7,200,1.944031,47872,0.162229272,0.167500000,5.270728,0,10.219905,5.000000,14
8,200,1.959973,47872,0.181376255,0.184000000,2.623745,1,1.959973,5.000000,14
9,200,2.154195,47872,0.200013947,0.206000000,5.986053,0,10.219905,5.000000,14
10,200,1.887017,47872,0.220991806,0.224000000,3.008194,1,1.887017,5.000000,14
11,200,1.909953,47872,0.241785451,0.244500000,2.714549,1,1.909953,5.000000,14
12,200,2.338404,47872,0.262500938,0.265500000,2.999062,1,2.338404,5.000000,14
13,200,1.911197,47872,0.281143796,0.284500000,3.356204,1,1.911197,5.000000,14
14,200,1.726226,47872,0.302124827,0.307500000,5.375173,0,10.219905,5.000000,14
15,200,1.877982,47872,0.323408163,0.326000000,2.591837,1,1.877982,5.000000,14
16,200,1.546044,47872,0.342428654,0.345000000,2.571346,1,1.546044,5.000000,14
17,200,1.180283,47872,0.361592373,0.365000000,3.407627,1,1.180283,5.000000,14
19,200,1.118757,47872,0.381600869,0.386000000,4.399131,1,1.118757,5.000000,14
20,200,1.257625,47872,0.401391893,0.409500000,8.108107,0,10.219905,5.000000,14
21,200,1.445644,47872,0.421548871,0.424500000,2.951129,1,1.445644,5.000000,14
22,200,1.164175,47872,0.443482848,0.446500000,3.017152,1,1.164175,5.000000,14
24,200,0.942378,47872,0.463482404,0.472000000,8.517596,0,10.219905,5.000000,14
26,200,1.147197,47872,0.484253180,0.487000000,2.746820,1,1.147197,5.000000,14
27,200,1.406176,47872,0.502690667,0.508500000,5.809333,0,10.219905,5.000000,14
28,200,1.425437,47872,0.522285806,0.525000000,2.714194,1,1.425437,5.000000,14
31,200,0.524463,47872,0.543076834,0.546000000,2.923166,1,0.524463,5.000000,14
32,200,0.419429,47872,0.563301932,0.568500000,5.198068,0,10.219905,5.000000,14
33,200,0.402064,47872,0.582019780,0.585000000,2.980220,1,0.402064,5.000000,14
34,200,0.351044,47872,0.600576623,0.607000000,6.423377,0,10.219905,5.000000,14
35,200,0.339642,47872,0.622900910,0.625500000,2.599090,1,0.339642,5.000000,14
36,200,0.353072,47872,0.642689413,0.645500000,2.810587,1,0.353072,5.000000,14
37,200,0.329590,47872,0.661135586,0.664500000,3.364414,1,0.329590,5.000000,14
38,200,0.316438,47872,0.680474137,0.686500000,6.025863,0,10.219905,5.000000,14
39,200,0.336772,47872,0.698708974,0.704500000,5.791026,0,10.219905,5.000000,14
40,200,0.275324,47872,0.716940917,0.719500000,2.559083,1,0.275324,5.000000,14
41,200,0.232856,47872,0.736788736,0.741000000,4.211264,1,0.232856,5.000000,14
42,200,0.236446,47872,0.757777047,0.760500000,2.722953,1,0.236446,5.000000,14
45,200,0.163383,47872,0.777606229,0.780500000,2.893771,1,0.163383,5.000000,14
46,200,0.139262,47872,0.798784677,0.801500000,2.715323,1,0.139262,5.000000,14
47,200,0.127747,47872,0.819944011,0.823500000,3.555989,1,0.127747,5.000000,14
50,200,0.156296,47872,0.842599671,0.845500000,2.900329,1,0.156296,5.000000,14
52,200,0.143097,47872,0.861617835,0.865500000,3.882165,1,0.143097,5.000000,14
53,200,0.174168,47872,0.882716495,0.885500000,2.783505,1,0.174168,5.000000,14
54,200,0.197047,47872,0.901532659,0.909500000,7.967341,0,10.219905,5.000000,14
55,200,0.177893,47872,0.920906639,0.923500000,2.593361,1,0.177893,5.000000,14
58,200,0.192942,47872,0.939966739,0.943000000,3.033261,1,0.192942,5.000000,14
59,200,0.194413,47872,0.961583932,0.965000000,3.416068,1,0.194413,5.000000,14
60,200,0.247888,47872,0.980813133,0.983500000,2.686867,1,0.247888,5.000000,14
61,200,0.218485,47872,1.001809464,1.011000000,9.190536,0,10.219905,5.000000,14
62,200,0.220400,47872,1.021783023,1.024500000,2.716977,1,0.220400,5.000000,14
63,200,0.248645,47872,1.042159622,1.045500000,3.340378,1,0.248645,5.000000,14
64,200,0.223154,47872,1.064326697,1.067000000,2.673303,1,0.223154,5.000000,14
66,200,0.234761,47872,1.087196778,1.090000000,2.803222,1,0.234761,5.000000,14
68,200,0.196323,47872,1.109146482,1.112000000,2.853518,1,0.196323,5.000000,14
71,200,0.204373,47872,1.130047627,1.134000000,3.952373,1,0.204373,5.000000,14
72,200,0.224832,47872,1.150101501,1.153000000,2.898499,1,0.224832,5.000000,14
74,200,0.230445,47872,1.168603790,1.172000000,3.396210,1,0.230445,5.000000,14
75,200,0.237261,47872,1.186840563,1.189500000,2.659437,1,0.237261,5.000000,14
77,200,0.255295,47872,1.207477578,1.213000000,5.522422,0,10.219905,5.000000,14
78,200,0.274809,47872,1.228633024,1.231500000,2.866976,1,0.274809,5.000000,14
79,200,0.250221,47872,1.250207591,1.253000000,2.792409,1,0.250221,5.000000,14
80,200,0.260477,47872,1.271382789,1.274000000,2.617211,1,0.260477,5.000000,14
81,200,0.295455,47872,1.292443838,1.295000000,2.556162,1,0.295455,5.000000,14
82,200,0.263662,47872,1.311860246,1.314500000,2.639754,1,0.263662,5.000000,14
83,200,0.267247,47872,1.331180817,1.334500000,3.319183,1,0.267247,5.000000,14
85,200,0.304924,47872,1.350488546,1.353500000,3.011454,1,0.304924,5.000000,14
86,200,0.299745,47872,1.372238265,1.375000000,2.761735,1,0.299745,5.000000,14
87,200,0.323627,47872,1.391333372,1.395000000,3.666628,1,0.323627,5.000000,14
88,200,0.315060,47872,1.413676314,1.419500000,5.823686,0,10.219905,5.000000,14
89,200,0.285892,47872,1.432617255,1.435500000,2.882745,1,0.285892,5.000000,14
90,200,0.297901,47872,1.452521496,1.455500000,2.978504,1,0.297901,5.000000,14
91,200,0.253102,47872,1.473427635,1.478000000,4.572365,1,0.253102,5.000000,14
92,200,0.251787,47872,1.493059348,1.496000000,2.940652,1,0.251787,5.000000,14
94,200,0.219519,47872,1.513234376,1.516000000,2.765624,1,0.219519,5.000000,14
95,200,0.219421,47872,1.534549235,1.537500000,2.950765,1,0.219421,5.000000,14
97,200,0.208327,47872,1.556086465,1.561000000,4.913535,1,0.208327,5.000000,14
98,200,0.208103,47872,1.575153054,1.578000000,2.846946,1,0.208103,5.000000,14
101,200,0.257469,47872,1.594053298,1.597000000,2.946702,1,0.257469,5.000000,14
102,200,0.289910,47872,1.612351266,1.615000000,2.648734,1,0.289910,5.000000,14
103,200,0.277951,47872,1.633188498,1.636000000,2.811502,1,0.277951,5.000000,14
104,200,0.293747,47872,1.654352301,1.657000000,2.647699,1,0.293747,5.000000,14
105,200,0.328084,47872,1.673122808,1.676000000,2.877192,1,0.328084,5.000000,14
106,200,0.311399,47872,1.692011571,1.695000000,2.988429,1,0.311399,5.000000,14
107,200,0.314171,47872,1.711660073,1.717000000,5.339927,0,10.219905,5.000000,14
108,200,0.369757,47872,1.731451088,1.734000000,2.548912,1,0.369757,5.000000,14
110,200,0.333381,47872,1.749986708,1.753000000,3.013292,1,0.333381,5.000000,14
112,200,0.324466,47872,1.768264017,1.771000000,2.735983,1,0.324466,5.000000,14
113,200,0.341112,47872,1.787532140,1.790500000,2.967860,1,0.341112,5.000000,14
114,200,0.399916,47872,1.806253971,1.809000000,2.746029,1,0.399916,5.000000,14
115,200,0.342275,47872,1.826252221,1.829000000,2.747779,1,0.342275,5.000000,14
116,200,0.338919,47872,1.846216570,1.849000000,2.783430,1,0.338919,5.000000,14
117,200,0.377652,47872,1.867236425,1.870000000,2.763575,1,0.377652,5.000000,14
119,200,0.229064,47872,1.887148451,1.890000000,2.851549,1,0.229064,5.000000,14
121,200,0.214302,47872,1.906846213,1.912500000,5.653787,0,10.219905,5.000000,14
122,200,0.192203,47872,1.929437242,1.932000000,2.562758,1,0.192203,5.000000,14
125,200,0.218785,47872,1.949372581,1.952000000,2.627419,1,0.218785,5.000000,14
126,200,0.260412,47872,1.967762343,1.970500000,2.737657,1,0.260412,5.000000,14
127,200,0.248646,47872,1.987402754,1.990000000,2.597246,1,0.248646,5.000000,14
129,200,0.267931,47872,2.008698926,2.014500000,5.801074,0,10.219905,5.000000,14
130,200,0.254325,47872,2.031557251,2.035000000,3.442749,1,0.254325,5.000000,14
131,200,0.265061,47872,2.052747824,2.055500000,2.752176,1,0.265061,5.000000,14
132,200,0.308426,47872,2.072339288,2.075500000,3.160712,1,0.308426,5.000000,14
133,200,0.267041,47872,2.090970083,2.093500000,2.529917,1,0.267041,5.000000,14
136,200,0.269509,47872,2.112466416,2.118000000,5.533584,0,10.219905,5.000000,14
137,200,0.304963,47872,2.130882804,2.133500000,2.617196,1,0.304963,5.000000,14
138,200,0.349680,47872,2.152265627,2.155500000,3.234373,1,0.349680,5.000000,14
139,200,0.333018,47872,2.172570845,2.175500000,2.929155,1,0.333018,5.000000,14
140,200,0.351186,47872,2.192897344,2.195500000,2.602656,1,0.351186,5.000000,14
142,200,0.355600,47872,2.214907279,2.223000000,8.092721,0,10.219905,5.000000,14
143,200,0.370420,47872,2.233779238,2.236500000,2.720762,1,0.370420,5.000000,14
144,200,0.410796,47872,2.253026473,2.256500000,3.473527,1,0.410796,5.000000,14
145,200,0.366967,47872,2.274612793,2.277500000,2.887207,1,0.366967,5.000000,14
146,200,0.350891,47872,2.292908502,2.296500000,3.591498,1,0.350891,5.000000,14
147,200,0.395721,47872,2.312245884,2.316000000,3.754116,1,0.395721,5.000000,14
148,200,0.345623,47872,2.333537527,2.336500000,2.962473,1,0.345623,5.000000,14
150,200,0.362318,47872,2.355191598,2.358500000,3.308402,1,0.362318,5.000000,14
152,200,0.349215,47872,2.374000481,2.377000000,2.999519,1,0.349215,5.000000,14
153,200,0.374018,47872,2.392679069,2.395500000,2.820931,1,0.374018,5.000000,14
154,200,0.336830,47872,2.412385542,2.415500000,3.114458,1,0.336830,5.000000,14
155,200,0.314585,47872,2.431796200,2.434500000,2.703800,1,0.314585,5.000000,14
156,200,0.370490,47872,2.451280867,2.454000000,2.719133,1,0.370490,5.000000,14
159,200,0.337282,47872,2.470701131,2.473500000,2.798869,1,0.337282,5.000000,14
160,200,0.301757,47872,2.489072707,2.492000000,2.927293,1,0.301757,5.000000,14
161,200,0.291704,47872,2.511931352,2.514500000,2.568648,1,0.291704,5.000000,14
162,200,0.312787,47872,2.531432302,2.534500000,3.067698,1,0.312787,5.000000,14
164,200,0.257258,47872,2.551571004,2.554500000,2.928996,1,0.257258,5.000000,14
165,200,0.313419,47872,2.571344874,2.574000000,2.655126,1,0.313419,5.000000,14
167,200,0.240243,47872,2.590798141,2.593500000,2.701859,1,0.240243,5.000000,14
169,200,0.249016,47872,2.610640326,2.616000000,5.359674,0,10.219905,5.000000,14
171,200,0.258499,47872,2.633444028,2.636000000,2.555972,1,0.258499,5.000000,14
172,200,0.281549,47872,2.655093590,2.658000000,2.906410,1,0.281549,5.000000,14
176,200,0.207772,47872,2.673925658,2.676500000,2.574342,1,0.207772,5.000000,14
180,200,0.267285,47872,2.692535255,2.696000000,3.464745,1,0.267285,5.000000,14
181,200,0.222148,47872,2.711865006,2.714500000,2.634994,1,0.222148,5.000000,14
182,200,0.213793,47872,2.730442640,2.733000000,2.557360,1,0.213793,5.000000,14
183,200,0.247372,47872,2.750701694,2.753500000,2.798306,1,0.247372,5.000000,14
186,200,0.210022,47872,2.771285248,2.774000000,2.714752,1,0.210022,5.000000,14
187,200,0.172579,47872,2.790399016,2.793000000,2.600984,1,0.172579,5.000000,14
189,200,0.174416,47872,2.810569260,2.820000000,9.430740,0,10.219905,5.000000,14
190,200,0.155081,47872,2.831866548,2.834500000,2.633452,1,0.155081,5.000000,14
191,200,0.143708,47872,2.852448810,2.856000000,3.551190,1,0.143708,5.000000,14
193,200,0.128221,47872,2.875484707,2.878500000,3.015293,1,0.128221,5.000000,14
195,200,0.129818,47872,2.894370307,2.897500000,3.129693,1,0.129818,5.000000,14
197,200,0.150197,47872,2.912628238,2.915500000,2.871762,1,0.150197,5.000000,14
198,200,0.139950,47872,2.931183241,2.934000000,2.816759,1,0.139950,5.000000,14
200,200,2.232402,47872,2.950613085,2.953500000,2.886915,1,2.232402,5.000000,14
201,200,1.518655,47872,2.969334396,2.972500000,3.165604,1,1.518655,5.000000,14
202,200,1.060383,47872,2.988739461,2.991500000,2.760539,1,1.060383,5.000000,14
204,200,1.541981,47872,3.007414283,3.012500000,5.085717,0,10.219905,5.000000,14
205,200,1.372245,47872,3.026275100,3.029000000,2.724900,1,1.372245,5.000000,14
206,200,1.564525,47872,3.046278404,3.049500000,3.221596,1,1.564525,5.000000,14
207,200,1.264922,47872,3.068353382,3.071000000,2.646618,1,1.264922,5.000000,14
209,200,0.977924,47872,3.087069010,3.090500000,3.430990,1,0.977924,5.000000,14
213,200,0.998125,47872,3.109044854,3.114500000,5.455146,0,10.219905,5.000000,14
214,200,1.227145,47872,3.130418463,3.133500000,3.081537,1,1.227145,5.000000,14
215,200,1.461193,47872,3.148799091,3.151500000,2.700909,1,1.461193,5.000000,14
216,200,1.235285,47872,3.169342781,3.173000000,3.657219,1,1.235285,5.000000,14
217,200,0.917978,47872,3.188509051,3.192000000,3.490949,1,0.917978,5.000000,14
222,200,1.074371,47872,3.207202994,3.213000000,5.797006,0,10.219905,5.000000,14
223,200,1.335942,47872,3.225549558,3.230000000,4.450442,1,1.335942,5.000000,14
224,200,1.673809,47872,3.245718007,3.248500000,2.781993,1,1.673809,5.000000,14
225,200,1.469897,47872,3.264267511,3.267500000,3.232489,1,1.469897,5.000000,14
226,200,1.374788,47872,3.283255768,3.286000000,2.744232,1,1.374788,5.000000,14
227,200,1.517812,47872,3.304226771,3.307000000,2.773229,1,1.517812,5.000000,14
228,200,1.214965,47872,3.323777729,3.326500000,2.722271,1,1.214965,5.000000,14
232,200,0.269883,47872,3.342835176,3.345500000,2.664824,1,0.269883,5.000000,14
234,200,0.196579,47872,3.362623706,3.365500000,2.876294,1,0.196579,5.000000,14
235,200,0.181256,47872,3.384279732,3.387000000,2.720268,1,0.181256,5.000000,14
236,200,0.209337,47872,3.403898855,3.412500000,8.601145,0,10.219905,5.000000,14
238,200,0.157459,47872,3.424779572,3.427500000,2.720428,1,0.157459,5.000000,14
241,200,0.152283,47872,3.444059221,3.447000000,2.940779,1,0.152283,5.000000,14
242,200,0.187925,47872,3.463744204,3.466500000,2.755796,1,0.187925,5.000000,14
243,200,0.161787,47872,3.483521509,3.487000000,3.478491,1,0.161787,5.000000,14
244,200,0.152050,47872,3.501790649,3.507500000,5.709351,0,10.219905,5.000000,14
245,200,0.167011,47872,3.522004777,3.525000000,2.995223,1,0.167011,5.000000,14
248,200,0.174265,47872,3.541703858,3.545500000,3.796142,1,0.174265,5.000000,14
249,200,0.166079,47872,3.560596363,3.563500000,2.903637,1,0.166079,5.000000,14
250,200,0.168840,47872,3.583415428,3.587000000,3.584572,1,0.168840,5.000000,14
253,200,0.175534,47872,3.604719798,3.613000000,8.280202,0,10.219905,5.000000,14
255,200,0.171725,47872,3.625055487,3.628000000,2.944513,1,0.171725,5.000000,14
256,200,0.176477,47872,3.645135789,3.648000000,2.864211,1,0.176477,5.000000,14
258,200,0.192964,47872,3.663657239,3.666500000,2.842761,1,0.192964,5.000000,14
260,200,0.220474,47872,3.681975938,3.684500000,2.524062,1,0.220474,5.000000,14
262,200,0.228917,47872,3.702827279,3.710000000,7.172721,0,10.219905,5.000000,14
263,200,0.250587,47872,3.721449218,3.724500000,3.050782,1,0.250587,5.000000,14
264,200,0.236130,47872,3.741930179,3.744500000,2.569821,1,0.236130,5.000000,14
265,200,0.237293,47872,3.763613507,3.766500000,2.886493,1,0.237293,5.000000,14
267,200,0.258047,47872,3.784662984,3.787500000,2.837016,1,0.258047,5.000000,14
268,200,0.302793,47872,3.804492029,3.810000000,5.507971,0,10.219905,5.000000,14
269,200,0.323809,47872,3.822790863,3.825500000,2.709137,1,0.323809,5.000000,14
270,200,0.287988,47872,3.843648329,3.846500000,2.851671,1,0.287988,5.000000,14
271,200,0.280062,47872,3.863586586,3.866500000,2.913414,1,0.280062,5.000000,14
272,200,0.319370,47872,3.883335081,3.886000000,2.664919,1,0.319370,5.000000,14
273,200,0.273392,47872,3.902600543,3.911000000,8.399457,0,10.219905,5.000000,14
274,200,0.271965,47872,3.922710341,3.927000000,4.289659,1,0.271965,5.000000,14
276,200,0.237236,47872,3.942098912,3.945000000,2.901088,1,0.237236,5.000000,14
277,200,0.202023,47872,3.960798960,3.963500000,2.701040,1,0.202023,5.000000,14
280,200,0.167279,47872,3.979366162,3.983000000,3.633838,1,0.167279,5.000000,14
284,200,0.367882,47872,3.999759715,4.005000000,5.240285,0,10.219905,5.000000,14
285,200,0.361107,47872,4.019011090,4.023500000,4.488910,1,0.361107,5.000000,14
287,200,0.698720,47872,4.037752872,4.040500000,2.747128,1,0.698720,5.000000,14
288,200,0.571156,47872,4.056354195,4.059000000,2.645805,1,0.571156,5.000000,14
292,200,0.542781,47872,4.075666175,4.081500000,5.833825,0,10.219905,5.000000,14
293,200,0.908605,47872,4.096762333,4.099500000,2.737667,1,0.908605,5.000000,14
294,200,0.783419,47872,4.115335543,4.121000000,5.664457,0,10.219905,5.000000,14
295,200,0.776809,47872,4.134629816,4.138500000,3.870184,1,0.776809,5.000000,14
300,200,0.797253,47872,4.153866473,4.162500000,8.633527,0,10.219905,5.000000,14
301,200,1.365027,47872,4.172591963,4.176000000,3.408037,1,1.365027,5.000000,14
302,200,1.132458,47872,4.192873911,4.196500000,3.626089,1,1.132458,5.000000,14
304,200,1.022178,47872,4.212645208,4.218500000,5.854792,0,10.219905,5.000000,14
305,200,1.235998,47872,4.232360018,4.235000000,2.639982,1,1.235998,5.000000,14
306,200,1.216821,47872,4.254145694,4.257000000,2.854306,1,1.216821,5.000000,14
308,200,1.374304,47872,4.274588696,4.277500000,2.911304,1,1.374304,5.000000,14
309,200,1.220696,47872,4.293847782,4.296500000,2.652218,1,1.220696,5.000000,14
310,200,2.178745,47872,4.312858438,4.318500000,5.641562,0,10.219905,5.000000,14
311,200,2.296978,47872,4.331624037,4.334500000,2.875963,1,2.296978,5.000000,14
312,200,1.413699,47872,4.352841170,4.357000000,4.158830,1,1.413699,5.000000,14
313,200,1.364622,47872,4.372702400,4.375500000,2.797600,1,1.364622,5.000000,14
314,200,1.595809,47872,4.391585431,4.394500000,2.914569,1,1.595809,5.000000,14
316,200,0.916243,47872,4.412332259,4.418000000,5.667741,0,10.219905,5.000000,14
317,200,0.967142,47872,4.432097782,4.435000000,2.902218,1,0.967142,5.000000,14
319,200,0.719747,47872,4.451353601,4.460500000,9.146399,0,10.219905,5.000000,14
320,200,1.361213,47872,4.472440634,4.476000000,3.559366,1,1.361213,5.000000,14
323,200,0.892485,47872,4.491498153,4.494500000,3.001847,1,0.892485,5.000000,14
325,200,1.263799,47872,4.511747562,4.520000000,8.252438,0,10.219905,5.000000,14
326,200,1.276738,47872,4.532070856,4.535000000,2.929144,1,1.276738,5.000000,14
327,200,1.056790,47872,4.550408910,4.553000000,2.591090,1,1.056790,5.000000,14
328,200,1.143403,47872,4.568950363,4.572500000,3.549637,1,1.143403,5.000000,14
329,200,1.080512,47872,4.587416265,4.590000000,2.583735,1,1.080512,5.000000,14
330,200,0.995025,47872,4.606744455,4.614000000,7.255545,0,10.219905,5.000000,14
333,200,0.801018,47872,4.627166844,4.630000000,2.833156,1,0.801018,5.000000,14
334,200,0.881754,47872,4.649403347,4.652000000,2.596653,1,0.881754,5.000000,14
335,200,0.920722,47872,4.669835279,4.672500000,2.664721,1,0.920722,5.000000,14
336,200,0.808059,47872,4.688351747,4.693500000,5.148253,0,10.219905,5.000000,14
337,200,0.677587,47872,4.708566033,4.711500000,2.933967,1,0.677587,5.000000,14
338,200,0.676511,47872,4.727027557,4.730000000,2.972443,1,0.676511,5.000000,14
339,200,0.557524,47872,4.746477932,4.749000000,2.522068,1,0.557524,5.000000,14
341,200,0.346912,47872,4.765109990,4.768500000,3.390010,1,0.346912,5.000000,14
343,200,0.387386,47872,4.784979331,4.788000000,3.020669,1,0.387386,5.000000,14
345,200,0.409329,47872,4.804363515,4.813000000,8.636485,0,10.219905,5.000000,14
346,200,0.426335,47872,4.824478951,4.827500000,3.021049,1,0.426335,5.000000,14
348,200,0.550229,47872,4.843552356,4.846500000,2.947644,1,0.550229,5.000000,14
349,200,0.461251,47872,4.862266562,4.865000000,2.733438,1,0.461251,5.000000,14
351,200,0.339633,47872,4.883184215,4.886000000,2.815785,1,0.339633,5.000000,14
352,200,0.281160,47872,4.902951666,4.906000000,3.048334,1,0.281160,5.000000,14
355,200,0.459329,47872,4.921604708,4.924500000,2.895292,1,0.459329,5.000000,14
356,200,0.625775,47872,4.942401776,4.945000000,2.598224,1,0.625775,5.000000,14
357,200,0.547096,47872,4.961685293,4.964500000,2.814707,1,0.547096,5.000000,14
358,200,0.501710,47872,4.981846561,4.984500000,2.653439,1,0.501710,5.000000,14
359,200,0.544320,47872,5.003559279,5.007000000,3.440721,1,0.544320,5.000000,14
362,200,0.516141,47872,5.024301526,5.027500000,3.198474,1,0.516141,5.000000,14
363,200,0.442492,47872,5.043830235,5.047000000,3.169765,1,0.442492,5.000000,14
364,200,0.416600,47872,5.064750099,5.067500000,2.749901,1,0.416600,5.000000,14
365,200,0.385731,47872,5.085231590,5.088000000,2.768410,1,0.385731,5.000000,14
370,200,0.746589,47872,5.123988211,5.241000000,117.011789,0,10.219905,5.000000,14
371,200,0.843309,47872,5.144829330,5.241000000,96.170670,0,10.219905,5.000000,14
372,200,0.701314,47872,5.163505583,5.241000000,77.494417,0,10.219905,5.000000,14
373,200,0.476240,47872,5.182356567,5.241000000,58.643433,0,10.219905,5.000000,14
375,200,0.404100,47872,5.200771460,5.241000000,40.228540,0,10.219905,5.000000,14
376,200,0.444912,47872,5.219707229,5.241000000,21.292771,0,10.219905,5.000000,14
377,200,0.500740,47872,5.238901015,5.241500000,2.598985,1,0.500740,5.000000,14
378,200,0.465925,47872,5.257552686,5.260500000,2.947314,1,0.465925,5.000000,14
379,200,0.489810,47872,5.277229529,5.280000000,2.770471,1,0.489810,5.000000,14
380,200,0.435474,47872,5.296916716,5.302000000,5.083284,0,10.219905,5.000000,14
381,200,0.359278,47872,5.317043168,5.322500000,5.456832,0,10.219905,5.000000,14
382,200,0.370595,47872,5.335387383,5.340500000,5.112617,0,10.219905,5.000000,14
384,200,0.332099,47872,5.355279121,5.359000000,3.720879,1,0.332099,5.000000,14
385,200,0.400862,47872,5.374581225,5.377500000,2.918775,1,0.400862,5.000000,14
386,200,0.450730,47872,5.394074885,5.397000000,2.925115,1,0.450730,5.000000,14
388,200,0.501066,47872,5.416477846,5.425000000,8.522154,0,10.219905,5.000000,14
389,200,0.476813,47872,5.438634103,5.441500000,2.865897,1,0.476813,5.000000,14
390,200,0.473789,47872,5.460250573,5.463000000,2.749427,1,0.473789,5.000000,14
391,200,0.545881,47872,5.481995123,5.485000000,3.004877,1,0.545881,5.000000,14
392,200,0.557264,47872,5.502107471,5.506000000,3.892529,1,0.557264,5.000000,14
394,200,0.707676,47872,5.520593337,5.523500000,2.906663,1,0.707676,5.000000,14
395,200,0.697646,47872,5.539874038,5.542500000,2.625962,1,0.697646,5.000000,14
396,200,0.643243,47872,5.561976748,5.565000000,3.023252,1,0.643243,5.000000,14
397,200,0.702353,47872,5.582417797,5.585500000,3.082203,1,0.702353,5.000000,14
398,200,0.699710,47872,5.601353082,5.607000000,5.646918,0,10.219905,5.000000,14
399,200,0.697521,47872,5.621542981,5.624500000,2.957019,1,0.697521,5.000000,14
400,200,2.270462,47872,5.640454099,5.644000000,3.545901,1,2.270462,5.000000,14
401,200,1.614972,47872,5.659009106,5.662000000,2.990894,1,1.614972,5.000000,14
403,200,1.482005,47872,5.677354378,5.685500000,8.145622,0,10.219905,5.000000,14
404,200,1.257157,47872,5.698124909,5.701000000,2.875091,1,1.257157,5.000000,14
405,200,0.924455,47872,5.717255194,5.726000000,8.744806,0,10.219905,5.000000,14
409,200,1.516030,47872,5.737892229,5.740500000,2.607771,1,1.516030,5.000000,14
412,200,1.265631,47872,5.756225169,5.759000000,2.774831,1,1.265631,5.000000,14
413,200,1.155946,47872,5.776067201,5.779000000,2.932799,1,1.155946,5.000000,14
415,200,0.945957,47872,5.795803530,5.801000000,5.196470,0,10.219905,5.000000,14
417,200,1.185138,47872,5.815656898,5.821500000,5.843102,0,10.219905,5.000000,14
418,200,1.428904,47872,5.834493848,5.837500000,3.006152,1,1.428904,5.000000,14
419,200,1.172285,47872,5.855329070,5.859000000,3.670930,1,1.172285,5.000000,14
421,200,0.914334,47872,5.875010415,5.878000000,2.989585,1,0.914334,5.000000,14
424,200,1.370202,47872,5.893859646,5.896500000,2.640354,1,1.370202,5.000000,14
425,200,1.854210,47872,5.912790129,5.918000000,5.209871,0,10.219905,5.000000,14
427,200,1.590059,47872,5.931730578,5.934500000,2.769422,1,1.590059,5.000000,14
428,200,1.441665,47872,5.950131710,5.953500000,3.368290,1,1.441665,5.000000,14
429,200,1.230113,47872,5.969812311,5.972500000,2.687689,1,1.230113,5.000000,14
431,200,1.009251,47872,5.990579461,5.994500000,3.920539,1,1.009251,5.000000,14
434,200,0.638531,47872,6.010984679,6.016500000,5.515321,0,10.219905,5.000000,14
437,200,1.183947,47872,6.031222734,6.034000000,2.777266,1,1.183947,5.000000,14
439,200,1.145638,47872,6.050286769,6.056000000,5.713231,0,10.219905,5.000000,14
441,200,0.817435,47872,6.070869869,6.073500000,2.630131,1,0.817435,5.000000,14
442,200,0.830326,47872,6.089172291,6.092500000,3.327709,1,0.830326,5.000000,14
444,200,0.907042,47872,6.107533392,6.112500000,4.966608,1,0.907042,5.000000,14
446,200,1.625003,47872,6.126793799,6.130000000,3.206201,1,1.625003,5.000000,14
447,200,1.884894,47872,6.146321305,6.149000000,2.678695,1,1.884894,5.000000,14
448,200,1.287065,47872,6.165680861,6.168500000,2.819139,1,1.287065,5.000000,14
449,200,1.374424,47872,6.185819281,6.188500000,2.680719,1,1.374424,5.000000,14
451,200,1.208550,47872,6.204129048,6.207000000,2.870952,1,1.208550,5.000000,14
452,200,1.259603,47872,6.222874768,6.226000000,3.125232,1,1.259603,5.000000,14
453,200,1.169129,47872,6.241566736,6.244500000,2.933264,1,1.169129,5.000000,14
454,200,1.237674,47872,6.263133349,6.266000000,2.866651,1,1.237674,5.000000,14
455,200,1.253447,47872,6.282504167,6.285500000,2.995833,1,1.253447,5.000000,14
456,200,1.213439,47872,6.303219157,6.309000000,5.780843,0,10.219905,5.000000,14
458,200,1.303840,47872,6.322499138,6.326000000,3.500862,1,1.303840,5.000000,14
459,200,0.996518,47872,6.343126905,6.346000000,2.873095,1,0.996518,5.000000,14
460,200,0.978392,47872,6.362285171,6.365000000,2.714829,1,0.978392,5.000000,14
462,200,0.663145,47872,6.382821268,6.385500000,2.678732,1,0.663145,5.000000,14
465,200,0.663606,47872,6.401525536,6.416000000,14.474464,0,10.219905,5.000000,14
466,200,0.834424,47872,6.425025821,6.429000000,3.974179,1,0.834424,5.000000,14
467,200,0.800132,47872,6.444664542,6.448500000,3.835458,1,0.800132,5.000000,14
468,200,0.752012,47872,6.465343910,6.468000000,2.656090,1,0.752012,5.000000,14
469,200,0.962605,47872,6.485158530,6.488000000,2.841470,1,0.962605,5.000000,14
470,200,0.841033,47872,6.504801280,6.510000000,5.198720,0,10.219905,5.000000,14
473,200,0.592178,47872,6.525624958,6.528500000,2.875042,1,0.592178,5.000000,14
474,200,0.606193,47872,6.548585757,6.552000000,3.414243,1,0.606193,5.000000,14
475,200,0.640467,47872,6.568109960,6.571000000,2.890040,1,0.640467,5.000000,14
476,200,0.462584,47872,6.587680905,6.590500000,2.819095,1,0.462584,5.000000,14
477,200,0.331545,47872,6.607759323,6.618000000,10.240677,0,10.219905,5.000000,14
481,200,0.285723,47872,6.626734071,6.629500000,2.765929,1,0.285723,5.000000,14
483,200,0.305972,47872,6.645256434,6.648000000,2.743566,1,0.305972,5.000000,14
484,200,0.334440,47872,6.668119772,6.671000000,2.880228,1,0.334440,5.000000,14
487,200,0.364721,47872,6.687353237,6.690000000,2.646763,1,0.364721,5.000000,14
488,200,0.384264,47872,6.709597666,6.715000000,5.402334,0,10.219905,5.000000,14
490,200,0.408461,47872,6.727941289,6.731000000,3.058711,1,0.408461,5.000000,14
491,200,0.384689,47872,6.748995994,6.752500000,3.504006,1,0.384689,5.000000,14
492,200,0.379552,47872,6.767626010,6.770500000,2.873990,1,0.379552,5.000000,14
493,200,0.449435,47872,6.790008638,6.793000000,2.991362,1,0.449435,5.000000,14
494,200,0.365687,47872,6.809869188,6.821500000,11.630812,0,10.219905,5.000000,14
496,200,0.358490,47872,6.828189826,6.831000000,2.810174,1,0.358490,5.000000,14
499,200,0.414403,47872,6.846679124,6.850000000,3.320876,1,0.414403,5.000000,14
500,200,0.382567,47872,6.865501325,6.868500000,2.998675,1,0.382567,5.000000,14
501,200,0.402263,47872,6.887665405,6.890500000,2.834595,1,0.402263,5.000000,14
502,200,0.452772,47872,6.906187918,6.912500000,6.312082,0,10.219905,5.000000,14
503,200,0.407921,47872,6.925728495,6.928500000,2.771505,1,0.407921,5.000000,14
504,200,0.429847,47872,6.944665316,6.948000000,3.334684,1,0.429847,5.000000,14
505,200,0.479125,47872,6.964001474,6.967000000,2.998526,1,0.479125,5.000000,14
506,200,0.375388,47872,6.983194045,6.986000000,2.805955,1,0.375388,5.000000,14
510,200,0.248763,47872,7.004157494,7.010000000,5.842506,0,10.219905,5.000000,14
512,200,0.314831,47872,7.023228836,7.026000000,2.771164,1,0.314831,5.000000,14
513,200,0.365748,47872,7.042727437,7.047500000,4.772563,1,0.365748,5.000000,14
514,200,0.415169,47872,7.061296425,7.064500000,3.203575,1,0.415169,5.000000,14
515,200,0.392777,47872,7.080985021,7.084000000,3.014979,1,0.392777,5.000000,14
516,200,0.392755,47872,7.099409827,7.103000000,3.590173,1,0.392755,5.000000,14
517,200,0.425302,47872,7.119273077,7.122000000,2.726923,1,0.425302,5.000000,14
519,200,0.386080,47872,7.140891819,7.144000000,3.108181,1,0.386080,5.000000,14
520,200,0.430068,47872,7.161664291,7.164500000,2.835709,1,0.430068,5.000000,14
523,200,0.398286,47872,7.180086828,7.183000000,2.913172,1,0.398286,5.000000,14
524,200,0.332736,47872,7.199570304,7.206000000,6.429696,0,10.219905,5.000000,14
525,200,0.270943,47872,7.220332314,7.223000000,2.667686,1,0.270943,5.000000,14
526,200,0.284975,47872,7.240527368,7.245000000,4.472632,1,0.284975,5.000000,14
531,200,0.271720,47872,7.259911694,7.262500000,2.588306,1,0.271720,5.000000,14
533,200,0.372217,47872,7.279632520,7.282500000,2.867480,1,0.372217,5.000000,14
534,200,0.462852,47872,7.300729465,7.306500000,5.770535,0,10.219905,5.000000,14
535,200,0.554102,47872,7.320314369,7.323000000,2.685631,1,0.554102,5.000000,14
536,200,0.509868,47872,7.340563452,7.343500000,2.936548,1,0.509868,5.000000,14
537,200,0.597367,47872,7.359334396,7.362000000,2.665604,1,0.597367,5.000000,14
538,200,0.618562,47872,7.379781388,7.382500000,2.718612,1,0.618562,5.000000,14
539,200,0.565153,47872,7.398276277,7.401000000,2.723723,1,0.565153,5.000000,14
540,200,0.568154,47872,7.416896000,7.425000000,8.104000,0,10.219905,5.000000,14
541,200,0.645372,47872,7.439636519,7.442500000,2.863481,1,0.645372,5.000000,14
542,200,0.589949,47872,7.459256215,7.467500000,8.243785,0,10.219905,5.000000,14
543,200,0.574705,47872,7.479261144,7.482000000,2.738856,1,0.574705,5.000000,14
545,200,0.584377,47872,7.499513806,7.506000000,6.486194,0,10.219905,5.000000,14
546,200,0.607509,47872,7.522350045,7.525000000,2.649955,1,0.607509,5.000000,14
547,200,0.656948,47872,7.543608237,7.547000000,3.391763,1,0.656948,5.000000,14
548,200,0.595437,47872,7.563408773,7.566000000,2.591227,1,0.595437,5.000000,14
549,200,0.599260,47872,7.582128209,7.585500000,3.371791,1,0.599260,5.000000,14
550,200,0.645938,47872,7.600729455,7.606500000,5.770545,0,10.219905,5.000000,14
551,200,0.556564,47872,7.619880594,7.625000000,5.119406,0,10.219905,5.000000,14
552,200,0.551296,47872,7.641427035,7.645000000,3.572965,1,0.551296,5.000000,14
553,200,0.620198,47872,7.660113296,7.663000000,2.886704,1,0.620198,5.000000,14
556,200,0.541584,47872,7.681554512,7.687000000,5.445488,0,10.219905,5.000000,14
557,200,0.483334,47872,7.702348921,7.708000000,5.651079,0,10.219905,5.000000,14
558,200,0.461339,47872,7.722840018,7.728000000,5.159982,0,10.219905,5.000000,14
559,200,0.513426,47872,7.742090345,7.745000000,2.909655,1,0.513426,5.000000,14
560,200,0.448347,47872,7.761025862,7.764500000,3.474138,1,0.448347,5.000000,14
561,200,0.387153,47872,7.779919766,7.782500000,2.580234,1,0.387153,5.000000,14
562,200,0.413997,47872,7.798289816,7.806500000,8.210184,0,10.219905,5.000000,14
563,200,0.340022,47872,7.820328058,7.823000000,2.671942,1,0.340022,5.000000,14
566,200,0.204444,47872,7.839787078,7.842500000,2.712922,1,0.204444,5.000000,14
569,200,0.326288,47872,7.860027191,7.863000000,2.972809,1,0.326288,5.000000,14
570,200,0.308044,47872,7.880005363,7.883000000,2.994637,1,0.308044,5.000000,14
571,200,0.367612,47872,7.899288529,7.905000000,5.711471,0,10.219905,5.000000,14
573,200,0.373614,47872,7.919761466,7.922500000,2.738534,1,0.373614,5.000000,14
574,200,0.413483,47872,7.942014969,7.945000000,2.985031,1,0.413483,5.000000,14
576,200,0.397767,47872,7.962596159,7.965500000,2.903841,1,0.397767,5.000000,14
577,200,0.446549,47872,7.981265007,7.984500000,3.234993,1,0.446549,5.000000,14
578,200,0.397056,47872,8.003147598,8.010000000,6.852402,0,10.219905,5.000000,14
579,200,0.365921,47872,8.023116558,8.026000000,2.883442,1,0.365921,5.000000,14
580,200,0.400592,47872,8.042964330,8.045500000,2.535670,1,0.400592,5.000000,14
583,200,0.387966,47872,8.061280945,8.064500000,3.219055,1,0.387966,5.000000,14
584,200,0.346775,47872,8.080036973,8.084500000,4.463027,1,0.346775,5.000000,14
585,200,0.395977,47872,8.098385596,8.103500000,5.114404,0,10.219905,5.000000,14
586,200,0.371070,47872,8.116733440,8.122000000,5.266560,0,10.219905,5.000000,14
587,200,0.352252,47872,8.136003964,8.139000000,2.996036,1,0.352252,5.000000,14
588,200,0.315271,47872,8.158810840,8.161500000,2.689160,1,0.315271,5.000000,14
589,200,0.340025,47872,8.178428414,8.181000000,2.571586,1,0.340025,5.000000,14
590,200,0.294151,47872,8.198754716,8.202000000,3.245284,1,0.294151,5.000000,14
591,200,0.239159,47872,8.217131544,8.220000000,2.868456,1,0.239159,5.000000,14
592,200,0.267279,47872,8.235744459,8.238500000,2.755541,1,0.267279,5.000000,14
593,200,0.207811,47872,8.255641912,8.258500000,2.858088,1,0.207811,5.000000,14
594,200,0.165958,47872,8.275403693,8.278000000,2.596307,1,0.165958,5.000000,14
595,200,0.150623,47872,8.295302522,8.298000000,2.697478,1,0.150623,5.000000,14
597,200,0.135129,47872,8.314722740,8.323000000,8.277260,0,10.219905,5.000000,14
600,200,1.977956,47872,8.334874203,8.340000000,5.125797,0,10.219905,5.000000,14
603,200,1.012434,47872,8.354256546,8.357000000,2.743454,1,1.012434,5.000000,14
604,200,0.942699,47872,8.377297844,8.380000000,2.702156,1,0.942699,5.000000,14
606,200,0.818860,47872,8.396028594,8.399000000,2.971406,1,0.818860,5.000000,14
608,200,0.758139,47872,8.417240364,8.423000000,5.759636,0,10.219905,5.000000,14
609,200,0.758830,47872,8.435945433,8.441000000,5.054567,0,10.219905,5.000000,14
612,200,0.585361,47872,8.454960440,8.457500000,2.539560,1,0.585361,5.000000,14
614,200,0.853426,47872,8.476159816,8.479000000,2.840184,1,0.853426,5.000000,14
615,200,0.995242,47872,8.495124568,8.498000000,2.875432,1,0.995242,5.000000,14
616,200,0.951907,47872,8.515284197,8.518000000,2.715803,1,0.951907,5.000000,14
619,200,0.618239,47872,8.533636113,8.536500000,2.863887,1,0.618239,5.000000,14
622,200,1.007359,47872,8.552087595,8.555000000,2.912405,1,1.007359,5.000000,14
623,200,1.719467,47872,8.570642028,8.573500000,2.857972,1,1.719467,5.000000,14
624,200,2.014310,47872,8.590754176,8.593500000,2.745824,1,2.014310,5.000000,14
625,200,1.707603,47872,8.612719040,8.618500000,5.780960,0,10.219905,5.000000,14
626,200,1.556069,47872,8.631802367,8.635000000,3.197633,1,1.556069,5.000000,14
627,200,1.629675,47872,8.652199218,8.656000000,3.800782,1,1.629675,5.000000,14
628,200,1.319108,47872,8.671850335,8.674500000,2.649665,1,1.319108,5.000000,14
630,200,0.636084,47872,8.691989131,8.695000000,3.010869,1,0.636084,5.000000,14
631,200,0.613227,47872,8.711393202,8.716500000,5.106798,0,10.219905,5.000000,14
633,200,0.432274,47872,8.731540152,8.734500000,2.959848,1,0.432274,5.000000,14
634,200,0.353114,47872,8.752270021,8.755000000,2.729979,1,0.353114,5.000000,14
635,200,0.271526,47872,8.772329926,8.775000000,2.670074,1,0.271526,5.000000,14
638,200,0.420381,47872,8.792325746,8.796000000,3.674254,1,0.420381,5.000000,14
639,200,0.567546,47872,8.812212627,8.819000000,6.787373,0,10.219905,5.000000,14
640,200,0.522857,47872,8.831589209,8.834500000,2.910791,1,0.522857,5.000000,14
641,200,0.553368,47872,8.849971649,8.852500000,2.528351,1,0.553368,5.000000,14
642,200,0.556482,47872,8.873031429,8.876000000,2.968571,1,0.556482,5.000000,14
644,200,0.510877,47872,8.894069985,8.897500000,3.430015,1,0.510877,5.000000,14
645,200,0.617511,47872,8.913593421,8.919000000,5.406579,0,10.219905,5.000000,14
646,200,0.577585,47872,8.933849293,8.936500000,2.650707,1,0.577585,5.000000,14
648,200,0.458327,47872,8.953083759,8.956000000,2.916241,1,0.458327,5.000000,14
652,200,0.503030,47872,8.973424381,8.976000000,2.575619,1,0.503030,5.000000,14
653,200,0.600622,47872,8.992156252,8.995500000,3.343748,1,0.600622,5.000000,14
655,200,1.240367,47872,9.012828429,9.018500000,5.671571,0,10.219905,5.000000,14
656,200,1.100940,47872,9.031857827,9.034500000,2.642173,1,1.100940,5.000000,14
658,200,0.853621,47872,9.051358055,9.054000000,2.641945,1,0.853621,5.000000,14
659,200,1.309206,47872,9.070257709,9.073000000,2.742291,1,1.309206,5.000000,14
660,200,1.788753,47872,9.089721977,9.092500000,2.778023,1,1.788753,5.000000,14
661,200,1.851665,47872,9.109364063,9.120500000,11.135937,0,10.219905,5.000000,14
663,200,1.411189,47872,9.128467394,9.131000000,2.532606,1,1.411189,5.000000,14
664,200,1.424889,47872,9.147441183,9.150000000,2.558817,1,1.424889,5.000000,14
665,200,1.683927,47872,9.165966638,9.168500000,2.533362,1,1.683927,5.000000,14
666,200,1.651141,47872,9.184496224,9.188000000,3.503776,1,1.651141,5.000000,14
667,200,1.672014,47872,9.203971942,9.209500000,5.528058,0,10.219905,5.000000,14
669,200,0.909392,47872,9.223079657,9.226000000,2.920343,1,0.909392,5.000000,14
671,200,1.759035,47872,9.243380215,9.246000000,2.619785,1,1.759035,5.000000,14
672,200,2.457012,47872,9.263653826,9.266500000,2.846174,1,2.457012,5.000000,14
673,200,2.091854,47872,9.282018066,9.285000000,2.981934,1,2.091854,5.000000,14
674,200,1.853579,47872,9.301396639,9.306500000,5.103361,0,10.219905,5.000000,14
675,200,1.783339,47872,9.321090170,9.324500000,3.409830,1,1.783339,5.000000,14
676,200,1.685607,47872,9.340891834,9.343500000,2.608166,1,1.685607,5.000000,14
677,200,1.067108,47872,9.359495044,9.362500000,3.004956,1,1.067108,5.000000,14
681,200,1.648306,47872,9.378588993,9.382000000,3.411007,1,1.648306,5.000000,14
682,200,1.434076,47872,9.399351189,9.405000000,5.648811,0,10.219905,5.000000,14
683,200,1.712820,47872,9.418419961,9.421000000,2.580039,1,1.712820,5.000000,14
684,200,2.094597,47872,9.437010960,9.440000000,2.989040,1,2.094597,5.000000,14
685,200,1.650304,47872,9.457864972,9.461500000,3.635028,1,1.650304,5.000000,14
686,200,1.660638,47872,9.477008196,9.480000000,2.991804,1,1.660638,5.000000,14
687,200,2.310519,47872,9.496586627,9.502000000,5.413373,0,10.219905,5.000000,14
688,200,2.084815,47872,9.515685572,9.521500000,5.814428,0,10.219905,5.000000,14
689,200,1.789933,47872,9.534502738,9.537500000,2.997262,1,1.789933,5.000000,14
690,200,1.818167,47872,9.555172016,9.558500000,3.327984,1,1.818167,5.000000,14
691,200,1.336785,47872,9.578021052,9.581000000,2.978948,1,1.336785,5.000000,14
692,200,0.763007,47872,9.596352739,9.600000000,3.647261,1,0.763007,5.000000,14
694,200,0.610979,47872,9.617093432,9.622500000,5.406568,0,10.219905,5.000000,14
696,200,0.985864,47872,9.636159624,9.642000000,5.840376,0,10.219905,5.000000,14
697,200,0.798761,47872,9.654628578,9.660500000,5.871422,0,10.219905,5.000000,14
698,200,0.708252,47872,9.674663657,9.677500000,2.836343,1,0.708252,5.000000,14
699,200,0.732180,47872,9.694749377,9.698000000,3.250623,1,0.732180,5.000000,14
701,200,0.686847,47872,9.714704749,9.723500000,8.795251,0,10.219905,5.000000,14
702,200,0.740383,47872,9.736356479,9.739000000,2.643521,1,0.740383,5.000000,14
703,200,0.671365,47872,9.758387290,9.764000000,5.612710,0,10.219905,5.000000,14
704,200,0.517564,47872,9.776733504,9.779500000,2.766496,1,0.517564,5.000000,14
706,200,0.466360,47872,9.795922495,9.798500000,2.577505,1,0.466360,5.000000,14
708,200,0.773809,47872,9.816358940,9.822000000,5.641060,0,10.219905,5.000000,14
709,200,0.775147,47872,9.835956459,9.839000000,3.043541,1,0.775147,5.000000,14
710,200,0.920811,47872,9.855589819,9.858500000,2.910181,1,0.920811,5.000000,14
711,200,1.195114,47872,9.875505971,9.880000000,4.494029,1,1.195114,5.000000,14
712,200,1.088955,47872,9.894235947,9.897000000,2.764053,1,1.088955,5.000000,14
713,200,1.082748,47872,9.912569186,9.921000000,8.430814,0,10.219905,5.000000,14
714,200,1.195119,47872,9.934820117,9.943000000,8.179883,0,10.219905,5.000000,14
715,200,1.018775,47872,9.953178690,9.958500000,5.321310,0,10.219905,5.000000,14
716,200,0.902815,47872,9.973432702,9.976500000,3.067298,1,0.902815,5.000000,14
717,200,0.943166,47872,9.994049269,9.999500000,5.450731,0,10.219905,5.000000,14
718,200,0.818237,47872,10.012533978,10.021500000,8.966022,0,10.219905,5.000000,14
720,200,0.771821,47872,10.030788414,10.033500000,2.711586,1,0.771821,5.000000,14
721,200,0.677580,47872,10.050899764,10.053500000,2.600236,1,0.677580,5.000000,14
722,200,0.674551,47872,10.071041445,10.074000000,2.958555,1,0.674551,5.000000,14
723,200,0.751762,47872,10.089929973,10.092500000,2.570027,1,0.751762,5.000000,14
724,200,0.634962,47872,10.108785616,10.115000000,6.214384,0,10.219905,5.000000,14
725,200,0.526161,47872,10.127465953,10.130000000,2.534047,1,0.526161,5.000000,14
726,200,0.549199,47872,10.147261137,10.150000000,2.738863,1,0.549199,5.000000,14
728,200,0.443616,47872,10.165742258,10.169500000,3.757742,1,0.443616,5.000000,14
730,200,0.488298,47872,10.186443155,10.190000000,3.556845,1,0.488298,5.000000,14
731,200,0.581856,47872,10.207121321,10.210500000,3.378679,1,0.581856,5.000000,14
732,200,0.699269,47872,10.228198711,10.232500000,4.301289,1,0.699269,5.000000,14
733,200,0.633709,47872,10.247189244,10.250000000,2.810756,1,0.633709,5.000000,14
734,200,0.658415,47872,10.266866016,10.269500000,2.633984,1,0.658415,5.000000,14
735,200,0.725815,47872,10.287056436,10.290500000,3.443564,1,0.725815,5.000000,14
737,200,0.584939,47872,10.306839006,10.312500000,5.660994,0,10.219905,5.000000,14
738,200,0.626167,47872,10.325790073,10.328500000,2.709927,1,0.626167,5.000000,14
739,200,0.524831,47872,10.345205239,10.348000000,2.794761,1,0.524831,5.000000,14
740,200,0.394992,47872,10.365357702,10.368000000,2.642298,1,0.394992,5.000000,14
743,200,0.431702,47872,10.383751362,10.386500000,2.748638,1,0.431702,5.000000,14
744,200,0.541758,47872,10.404412150,10.407500000,3.087850,1,0.541758,5.000000,14
745,200,0.472743,47872,10.423934909,10.426500000,2.565091,1,0.472743,5.000000,14
747,200,0.474592,47872,10.444713852,10.447500000,2.786148,1,0.474592,5.000000,14
749,200,0.573282,47872,10.464281881,10.467500000,3.218119,1,0.573282,5.000000,14
750,200,0.625074,47872,10.483637250,10.487000000,3.362750,1,0.625074,5.000000,14
751,200,0.665835,47872,10.502735406,10.508500000,5.764594,0,10.219905,5.000000,14
752,200,0.620236,47872,10.522878009,10.525500000,2.621991,1,0.620236,5.000000,14
753,200,0.664985,47872,10.541434297,10.544500000,3.065703,1,0.664985,5.000000,14
754,200,0.581514,47872,10.559964814,10.563000000,3.035186,1,0.581514,5.000000,14
757,200,0.377452,47872,10.578278776,10.581000000,2.721224,1,0.377452,5.000000,14
758,200,0.380995,47872,10.597795051,10.600500000,2.704949,1,0.380995,5.000000,14
760,200,0.394972,47872,10.616293054,10.621500000,5.206946,0,10.219905,5.000000,14
762,200,0.410064,47872,10.635772167,10.638500000,2.727833,1,0.410064,5.000000,14
763,200,0.332394,47872,10.654259764,10.657500000,3.240236,1,0.332394,5.000000,14
766,200,0.370187,47872,10.673897787,10.676500000,2.602213,1,0.370187,5.000000,14
768,200,0.747243,47872,10.692314675,10.695500000,3.185325,1,0.747243,5.000000,14
769,200,0.782724,47872,10.711333007,10.715500000,4.166993,1,0.782724,5.000000,14
770,200,0.877482,47872,10.732533359,10.735500000,2.966641,1,0.877482,5.000000,14
771,200,0.892006,47872,10.751428135,10.755000000,3.571865,1,0.892006,5.000000,14
773,200,0.879719,47872,10.770691253,10.774000000,3.308747,1,0.879719,5.000000,14
774,200,1.107896,47872,10.790028802,10.793000000,2.971198,1,1.107896,5.000000,14
775,200,1.212644,47872,10.809324114,10.815000000,5.675886,0,10.219905,5.000000,14
776,200,1.312178,47872,10.829288962,10.832000000,2.711038,1,1.312178,5.000000,14
777,200,1.262481,47872,10.847869973,10.851500000,3.630027,1,1.262481,5.000000,14
778,200,1.201577,47872,10.866887205,10.869500000,2.612795,1,1.201577,5.000000,14
779,200,1.394817,47872,10.887869077,10.892000000,4.130923,1,1.394817,5.000000,14
780,200,1.291320,47872,10.906879648,10.910500000,3.620352,1,1.291320,5.000000,14
783,200,1.636027,47872,10.926959077,10.929500000,2.540923,1,1.636027,5.000000,14
784,200,1.687159,47872,10.947638948,10.951500000,3.861052,1,1.687159,5.000000,14
785,200,1.367896,47872,10.968436988,10.971000000,2.563012,1,1.367896,5.000000,14
788,200,1.148741,47872,10.986777485,10.989500000,2.722515,1,1.148741,5.000000,14
791,200,1.667771,47872,11.006646319,11.015000000,8.353681,0,10.219905,5.000000,14
792,200,1.152697,47872,11.025296652,11.028000000,2.703348,1,1.152697,5.000000,14
793,200,1.741271,47872,11.047092891,11.050000000,2.907109,1,1.741271,5.000000,14
794,200,1.265505,47872,11.065732138,11.068500000,2.767862,1,1.265505,5.000000,14
795,200,1.639191,47872,11.087319720,11.090000000,2.680280,1,1.639191,5.000000,14
796,200,1.806707,47872,11.108933761,11.114000000,5.066239,0,10.219905,5.000000,14
797,200,1.762117,47872,11.129542070,11.132500000,2.957930,1,1.762117,5.000000,14
799,200,2.271079,47872,11.148320545,11.152000000,3.679455,1,2.271079,5.000000,14
800,200,3.339013,47872,11.169400968,11.172000000,2.599032,1,3.339013,5.000000,14
803,200,1.956139,47872,11.187950486,11.190500000,2.549514,1,1.956139,5.000000,14
805,200,1.828634,47872,11.227307321,11.350500000,123.192679,0,10.219905,5.000000,14
806,200,2.216942,47872,11.250741424,11.350500000,99.758576,0,10.219905,5.000000,14
811,200,2.197630,47872,11.270846105,11.350500000,79.653895,0,10.219905,5.000000,14
813,200,1.824893,47872,11.289509338,11.350500000,60.990662,0,10.219905,5.000000,14
814,200,2.300606,47872,11.307956976,11.350500000,42.543024,0,10.219905,5.000000,14
815,200,3.449888,47872,11.327827362,11.350500000,22.672638,0,10.219905,5.000000,14
816,200,3.080377,47872,11.346525657,11.350500000,3.974343,1,3.080377,5.000000,14
817,200,2.408338,47872,11.365508196,11.368500000,2.991804,1,2.408338,5.000000,14
818,200,1.780768,47872,11.386669476,11.389500000,2.830524,1,1.780768,5.000000,14
820,200,1.378565,47872,11.406637585,11.410000000,3.362415,1,1.378565,5.000000,14
822,200,2.026443,47872,11.425842904,11.428500000,2.657096,1,2.026443,5.000000,14
823,200,2.054660,47872,11.445195415,11.448500000,3.304585,1,2.054660,5.000000,14
824,200,2.352983,47872,11.464944584,11.467500000,2.555416,1,2.352983,5.000000,14
825,200,2.228615,47872,11.484637256,11.487500000,2.862744,1,2.228615,5.000000,14
826,200,2.012163,47872,11.502962756,11.508500000,5.537244,0,10.219905,5.000000,14
827,200,1.919349,47872,11.521580026,11.524500000,2.919974,1,1.919349,5.000000,14
828,200,1.555091,47872,11.540214428,11.543000000,2.785572,1,1.555091,5.000000,14
830,200,0.871534,47872,11.559886065,11.562500000,2.613935,1,0.871534,5.000000,14
831,200,1.197949,47872,11.581611821,11.585000000,3.388179,1,1.197949,5.000000,14
832,200,0.709661,47872,11.599968257,11.605500000,5.531743,0,10.219905,5.000000,14
833,200,0.597661,47872,11.619084525,11.622000000,2.915475,1,0.597661,5.000000,14
835,200,0.345281,47872,11.640487665,11.644000000,3.512335,1,0.345281,5.000000,14
836,200,0.392159,47872,11.659874473,11.662500000,2.625527,1,0.392159,5.000000,14
837,200,0.268002,47872,11.680028403,11.683000000,2.971597,1,0.268002,5.000000,14
842,200,0.982180,47872,11.699691518,11.705500000,5.808482,0,10.219905,5.000000,14
843,200,0.830539,47872,11.718272180,11.721000000,2.727820,1,0.830539,5.000000,14
844,200,0.815480,47872,11.740556041,11.743500000,2.943959,1,0.815480,5.000000,14
846,200,1.004498,47872,11.760369034,11.763000000,2.630966,1,1.004498,5.000000,14
847,200,1.082101,47872,11.778717119,11.781500000,2.782881,1,1.082101,5.000000,14
848,200,1.261871,47872,11.800257585,11.805500000,5.242415,0,10.219905,5.000000,14
849,200,1.203639,47872,11.819256523,11.822000000,2.743477,1,1.203639,5.000000,14
850,200,1.166189,47872,11.839011564,11.842000000,2.988436,1,1.166189,5.000000,14
851,200,1.283449,47872,11.857990148,11.863500000,5.509852,0,10.219905,5.000000,14
852,200,1.014095,47872,11.877824032,11.880500000,2.675968,1,1.014095,5.000000,14
853,200,0.832835,47872,11.896824931,11.899500000,2.675069,1,0.832835,5.000000,14
854,200,0.816611,47872,11.916223658,11.922000000,5.776342,0,10.219905,5.000000,14
855,200,0.552773,47872,11.934751420,11.937500000,2.748580,1,0.552773,5.000000,14
858,200,0.200666,47872,11.955211112,11.958000000,2.788888,1,0.200666,5.000000,14
860,200,0.363558,47872,11.976322960,11.979000000,2.677040,1,0.363558,5.000000,14
862,200,0.744135,47872,11.994619946,11.997500000,2.880054,1,0.744135,5.000000,14
863,200,0.611139,47872,12.016083138,12.024500000,8.416862,0,10.219905,5.000000,14
864,200,0.603293,47872,12.037594132,12.040500000,2.905868,1,0.603293,5.000000,14
865,200,0.577099,47872,12.057846635,12.063500000,5.653365,0,10.219905,5.000000,14
868,200,0.376969,47872,12.078990155,12.082000000,3.009845,1,0.376969,5.000000,14
870,200,0.440460,47872,12.101822812,12.108500000,6.677188,0,10.219905,5.000000,14
871,200,0.461892,47872,12.124469986,12.127000000,2.530014,1,0.461892,5.000000,14
872,200,0.384185,47872,12.143748718,12.146500000,2.751282,1,0.384185,5.000000,14
875,200,0.353895,47872,12.162653478,12.165500000,2.846522,1,0.353895,5.000000,14
876,200,0.384310,47872,12.182405816,12.185000000,2.594184,1,0.384310,5.000000,14
877,200,0.446415,47872,12.201527574,12.209000000,7.472426,0,10.219905,5.000000,14
878,200,0.381341,47872,12.219766986,12.222500000,2.733014,1,0.381341,5.000000,14
880,200,0.427685,47872,12.240375201,12.243000000,2.624799,1,0.427685,5.000000,14
882,200,0.423244,47872,12.258873910,12.261500000,2.626090,1,0.423244,5.000000,14
883,200,0.482645,47872,12.280373710,12.283500000,3.126290,1,0.482645,5.000000,14
884,200,0.438071,47872,12.300354013,12.306000000,5.645987,0,10.219905,5.000000,14
885,200,0.395888,47872,12.319956958,12.322500000,2.543042,1,0.395888,5.000000,14
886,200,0.440985,47872,12.339636868,12.342500000,2.863132,1,0.440985,5.000000,14
887,200,0.355188,47872,12.359855312,12.362500000,2.644688,1,0.355188,5.000000,14
891,200,0.387612,47872,12.379418052,12.382000000,2.581948,1,0.387612,5.000000,14
892,200,0.479954,47872,12.399915114,12.405500000,5.584886,0,10.219905,5.000000,14
893,200,0.462418,47872,12.421899153,12.424500000,2.600847,1,0.462418,5.000000,14
894,200,0.467912,47872,12.441140024,12.444000000,2.859976,1,0.467912,5.000000,14
895,200,0.523628,47872,12.462434632,12.465000000,2.565368,1,0.523628,5.000000,14
896,200,0.475126,47872,12.481372501,12.484000000,2.627499,1,0.475126,5.000000,14
897,200,0.507517,47872,12.500635790,12.506000000,5.364210,0,10.219905,5.000000,14
898,200,0.539268,47872,12.522553371,12.525500000,2.946629,1,0.539268,5.000000,14
899,200,0.429940,47872,12.545108810,12.548000000,2.891190,1,0.429940,5.000000,14
901,200,0.358935,47872,12.564271932,12.567000000,2.728068,1,0.358935,5.000000,14
904,200,0.351777,47872,12.583422955,12.586000000,2.577045,1,0.351777,5.000000,14
905,200,0.315016,47872,12.601962897,12.607000000,5.037103,0,10.219905,5.000000,14
906,200,0.306895,47872,12.623334713,12.626000000,2.665287,1,0.306895,5.000000,14
908,200,0.321207,47872,12.643418888,12.646000000,2.581112,1,0.321207,5.000000,14
909,200,0.334217,47872,12.664007226,12.667000000,2.992774,1,0.334217,5.000000,14
910,200,0.382030,47872,12.685368411,12.690500000,5.131589,0,10.219905,5.000000,14
913,200,0.506837,47872,12.704744883,12.710000000,5.255117,0,10.219905,5.000000,14
914,200,0.485771,47872,12.727204339,12.730000000,2.795661,1,0.485771,5.000000,14
915,200,0.452902,47872,12.746876186,12.749500000,2.623814,1,0.452902,5.000000,14
917,200,0.486184,47872,12.767431864,12.770000000,2.568136,1,0.486184,5.000000,14
918,200,0.523976,47872,12.785822902,12.789500000,3.677098,1,0.523976,5.000000,14
919,200,0.637626,47872,12.805958025,12.811500000,5.541975,0,10.219905,5.000000,14
920,200,0.572658,47872,12.827779930,12.830500000,2.720070,1,0.572658,5.000000,14
921,200,0.540545,47872,12.846780155,12.849500000,2.719845,1,0.540545,5.000000,14
922,200,0.622293,47872,12.865044467,12.868000000,2.955533,1,0.622293,5.000000,14
924,200,0.527937,47872,12.884809426,12.887500000,2.690574,1,0.527937,5.000000,14
925,200,0.601172,47872,12.903736554,12.909500000,5.763446,0,10.219905,5.000000,14
926,200,0.501196,47872,12.923423510,12.926500000,3.076490,1,0.501196,5.000000,14
927,200,0.469057,47872,12.942640098,12.945500000,2.859902,1,0.469057,5.000000,14
928,200,0.561213,47872,12.962450223,12.965000000,2.549777,1,0.561213,5.000000,14
932,200,0.686377,47872,12.982274897,12.985000000,2.725103,1,0.686377,5.000000,14
933,200,0.879915,47872,13.003192553,13.009000000,5.807447,0,10.219905,5.000000,14
934,200,0.855131,47872,13.021789471,13.027000000,5.210529,0,10.219905,5.000000,14
935,200,0.692993,47872,13.040627515,13.044000000,3.372485,1,0.692993,5.000000,14
936,200,0.603405,47872,13.059410887,13.062000000,2.589113,1,0.603405,5.000000,14
938,200,0.791529,47872,13.079306774,13.083000000,3.693226,1,0.791529,5.000000,14
939,200,0.746067,47872,13.098584411,13.108000000,9.415589,0,10.219905,5.000000,14
943,200,0.929987,47872,13.117258895,13.120000000,2.741105,1,0.929987,5.000000,14
944,200,1.181441,47872,13.135779323,13.139000000,3.220677,1,1.181441,5.000000,14
946,200,1.298974,47872,13.154113605,13.157500000,3.386395,1,1.298974,5.000000,14
947,200,1.041806,47872,13.173640178,13.176500000,2.859822,1,1.041806,5.000000,14
948,200,0.894512,47872,13.192584943,13.195500000,2.915057,1,0.894512,5.000000,14
950,200,0.904988,47872,13.211033519,13.219500000,8.466481,0,10.219905,5.000000,14
951,200,1.017084,47872,13.233641373,13.237000000,3.358627,1,1.017084,5.000000,14
953,200,1.307365,47872,13.252860807,13.255500000,2.639193,1,1.307365,5.000000,14
954,200,1.233852,47872,13.271804364,13.274500000,2.695636,1,1.233852,5.000000,14
955,200,2.360858,47872,13.292250644,13.296000000,3.749356,1,2.360858,5.000000,14
956,200,2.386536,47872,13.310736024,13.319000000,8.263976,0,10.219905,5.000000,14
957,200,1.567768,47872,13.329977972,13.332500000,2.522028,1,1.567768,5.000000,14
958,200,1.715851,47872,13.351365855,13.354000000,2.634145,1,1.715851,5.000000,14
959,200,1.730893,47872,13.370859659,13.373500000,2.640341,1,1.730893,5.000000,14
960,200,1.206752,47872,13.391047585,13.394000000,2.952415,1,1.206752,5.000000,14
961,200,1.213323,47872,13.410360314,13.415500000,5.139686,0,10.219905,5.000000,14
963,200,1.186502,47872,13.429637816,13.433000000,3.362184,1,1.186502,5.000000,14
966,200,1.029336,47872,13.449501018,13.453000000,3.498982,1,1.029336,5.000000,14
967,200,0.992114,47872,13.469109360,13.472000000,2.890640,1,0.992114,5.000000,14
968,200,1.201829,47872,13.488681852,13.491500000,2.818148,1,1.201829,5.000000,14
970,200,1.387721,47872,13.508849616,13.514500000,5.650384,0,10.219905,5.000000,14
971,200,1.170019,47872,13.527995584,13.531000000,3.004416,1,1.170019,5.000000,14
972,200,0.796404,47872,13.548827100,13.552500000,3.672900,1,0.796404,5.000000,14
974,200,0.745086,47872,13.569962851,13.573000000,3.037149,1,0.745086,5.000000,14
975,200,0.728033,47872,13.589667846,13.592500000,2.832154,1,0.728033,5.000000,14
977,200,1.039588,47872,13.607962191,13.613000000,5.037809,0,10.219905,5.000000,14
978,200,0.753324,47872,13.626739702,13.629500000,2.760298,1,0.753324,5.000000,14
980,200,0.612568,47872,13.647443672,13.650000000,2.556328,1,0.612568,5.000000,14
981,200,0.734406,47872,13.668177673,13.671000000,2.822327,1,0.734406,5.000000,14
982,200,0.772509,47872,13.686642540,13.689500000,2.857460,1,0.772509,5.000000,14
983,200,0.634678,47872,13.705105630,13.714500000,9.394370,0,10.219905,5.000000,14
984,200,0.597999,47872,13.726008181,13.729000000,2.991819,1,0.597999,5.000000,14
985,200,0.539403,47872,13.744426304,13.747000000,2.573696,1,0.539403,5.000000,14
987,200,0.576588,47872,13.764649774,13.767500000,2.850226,1,0.576588,5.000000,14
988,200,0.597550,47872,13.784459248,13.787000000,2.540752,1,0.597550,5.000000,14
989,200,0.589515,47872,13.803355704,13.806000000,2.644296,1,0.589515,5.000000,14
991,200,0.716842,47872,13.823958592,13.826500000,2.541408,1,0.716842,5.000000,14
992,200,0.758662,47872,13.842906533,13.845500000,2.593467,1,0.758662,5.000000,14
993,200,1.007317,47872,13.861529236,13.865000000,3.470764,1,1.007317,5.000000,14
994,200,1.127590,47872,13.879973265,13.882500000,2.526735,1,1.127590,5.000000,14
995,200,1.107712,47872,13.901529331,13.904500000,2.970669,1,1.107712,5.000000,14
996,200,1.160622,47872,13.921163925,13.924000000,2.836075,1,1.160622,5.000000,14
997,200,1.232820,47872,13.940207946,13.943000000,2.792054,1,1.232820,5.000000,14
998,200,1.232519,47872,13.960018743,13.963000000,2.981257,1,1.232519,5.000000,14
999,200,1.328144,47872,13.983063847,13.986000000,2.936153,1,1.328144,5.000000,14
1000,200,1.734663,47872,14.004067802,14.007000000,2.932198,1,1.734663,5.000000,14
1002,200,1.084142,47872,14.024808546,14.027500000,2.691454,1,1.084142,5.000000,14
1003,200,1.091838,47872,14.044289611,14.047000000,2.710389,1,1.091838,5.000000,14
1006,200,1.296637,47872,14.064598446,14.067500000,2.901554,1,1.296637,5.000000,14
1007,200,1.303611,47872,14.083791416,14.086500000,2.708584,1,1.303611,5.000000,14
1008,200,1.559386,47872,14.102172949,14.105000000,2.827051,1,1.559386,5.000000,15
1009,200,1.788002,47872,14.120491896,14.123500000,3.008104,1,1.788002,5.000000,14
1011,200,1.331605,47872,14.138923252,14.141500000,2.576748,1,1.331605,5.000000,14
1012,200,1.493914,47872,14.162007725,14.165000000,2.992275,1,1.493914,5.000000,14
1013,200,1.218816,47872,14.181107705,14.184500000,3.392295,1,1.218816,5.000000,14
1015,200,1.150157,47872,14.199591784,14.202500000,2.908216,1,1.150157,5.000000,14
1016,200,1.138822,47872,14.221516782,14.224500000,2.983218,1,1.138822,5.000000,14
1018,200,1.340311,47872,14.240123724,14.243000000,2.876276,1,1.340311,5.000000,14
1019,200,1.266202,47872,14.258695285,14.261500000,2.804715,1,1.266202,5.000000,14
1020,200,1.403514,47872,14.278369859,14.281000000,2.630141,1,1.403514,5.000000,14
1021,200,1.544144,47872,14.297205445,14.300000000,2.794555,1,1.544144,5.000000,14
1022,200,1.369732,47872,14.318814242,14.324500000,5.685758,0,10.219905,5.000000,14
1024,200,1.264474,47872,14.337300220,14.340000000,2.699780,1,1.264474,5.000000,14
1026,200,1.048958,47872,14.357329854,14.360000000,2.670146,1,1.048958,5.000000,14
1028,200,1.025973,47872,14.376884185,14.379500000,2.615815,1,1.025973,5.000000,14
1030,200,0.401531,47872,14.395786314,14.399500000,3.713686,1,0.401531,5.000000,14
1031,200,0.527025,47872,14.416866377,14.419500000,2.633623,1,0.527025,5.000000,14
1032,200,0.347709,47872,14.435775526,14.438500000,2.724474,1,0.347709,5.000000,14
1035,200,0.237830,47872,14.455984262,14.459000000,3.015738,1,0.237830,5.000000,14
1037,200,0.246048,47872,14.474596892,14.477500000,2.903108,1,0.246048,5.000000,14
1038,200,0.220451,47872,14.494748982,14.497500000,2.751018,1,0.220451,5.000000,14
1039,200,0.236859,47872,14.514143569,14.517000000,2.856431,1,0.236859,5.000000,14
1040,200,0.218749,47872,14.532418070,14.535000000,2.581930,1,0.218749,5.000000,14
1042,200,0.220637,47872,14.551517513,14.554500000,2.982487,1,0.220637,5.000000,14
1043,200,0.200582,47872,14.572375658,14.575000000,2.624342,1,0.200582,5.000000,14
1045,200,0.212490,47872,14.590840425,14.593500000,2.659575,1,0.212490,5.000000,14
1046,200,0.179619,47872,14.609918337,14.618000000,8.081663,0,10.219905,5.000000,14
1049,200,0.192791,47872,14.630168710,14.633000000,2.831290,1,0.192791,5.000000,14
1051,200,0.258790,47872,14.649933286,14.652500000,2.566714,1,0.258790,5.000000,14
1052,200,0.257283,47872,14.670866019,14.673500000,2.633981,1,0.257283,5.000000,14
1053,200,0.284060,47872,14.689652046,14.692500000,2.847954,1,0.284060,5.000000,14
1054,200,0.298413,47872,14.708152130,14.711000000,2.847870,1,0.298413,5.000000,14
1057,200,0.374517,47872,14.727184491,14.730000000,2.815509,1,0.374517,5.000000,14
1058,200,0.703525,47872,14.747469100,14.750000000,2.530900,1,0.703525,5.000000,14
1059,200,0.607009,47872,14.766438885,14.769000000,2.561115,1,0.607009,5.000000,14
1060,200,0.665284,47872,14.787608184,14.790500000,2.891816,1,0.665284,5.000000,14
1063,200,0.516379,47872,14.826188473,14.961000000,134.811527,0,10.219905,5.000000,14
1064,200,0.449184,47872,14.846714141,14.961000000,114.285859,0,10.219905,5.000000,14
1065,200,0.414929,47872,14.865381479,14.961000000,95.618521,0,10.219905,5.000000,14
1066,200,0.428321,47872,14.884426224,14.961000000,76.573776,0,10.219905,5.000000,14
1067,200,0.361323,47872,14.902945555,14.961000000,58.054445,0,10.219905,5.000000,14
1069,200,0.489488,47872,14.921742342,14.961000000,39.257658,0,10.219905,5.000000,14
1070,200,0.419273,47872,14.940302478,14.961000000,20.697522,0,10.219905,5.000000,14
1071,200,0.404872,47872,14.958607518,14.961500000,2.892482,1,0.404872,5.000000,14
1072,200,0.316741,47872,14.980036002,14.983000000,2.963998,1,0.316741,5.000000,14
1074,200,0.250217,47872,14.998992790,15.002000000,3.007210,1,0.250217,5.000000,14
1076,200,0.257184,47872,15.018214313,15.021000000,2.785687,1,0.257184,5.000000,14
1077,200,0.314741,47872,15.036758269,15.039500000,2.741731,1,0.314741,5.000000,14
1078,200,0.302483,47872,15.056039452,15.059000000,2.960548,1,0.302483,5.000000,14
1079,200,0.290974,47872,15.077569921,15.080500000,2.930079,1,0.290974,5.000000,14
1081,200,0.272013,47872,15.097819676,15.100500000,2.680324,1,0.272013,5.000000,14
1082,200,0.241304,47872,15.116121008,15.119000000,2.878992,1,0.241304,5.000000,14
1085,200,0.399538,47872,15.137448202,15.140000000,2.551798,1,0.399538,5.000000,14
1086,200,0.460301,47872,15.157300485,15.160000000,2.699515,1,0.460301,5.000000,14
1087,200,0.401775,47872,15.175610412,15.178500000,2.889588,1,0.401775,5.000000,14
1088,200,0.396415,47872,15.194494077,15.197500000,3.005923,1,0.396415,5.000000,14
1090,200,0.413005,47872,15.213496658,15.216500000,3.003342,1,0.413005,5.000000,14
1092,200,0.503908,47872,15.232559633,15.235500000,2.940367,1,0.503908,5.000000,14
1093,200,0.417557,47872,15.251730871,15.254500000,2.769129,1,0.417557,5.000000,14
1095,200,0.554218,47872,15.270209682,15.273000000,2.790318,1,0.554218,5.000000,14
1096,200,0.464121,47872,15.290547945,15.293500000,2.952055,1,0.464121,5.000000,14
1098,200,0.325640,47872,15.309828358,15.315500000,5.671642,0,10.219905,5.000000,14
1101,200,0.240920,47872,15.329118759,15.332000000,2.881241,1,0.240920,5.000000,14
1104,200,0.374105,47872,15.350381555,15.353000000,2.618445,1,0.374105,5.000000,14
1106,200,0.610453,47872,15.369653135,15.372500000,2.846865,1,0.610453,5.000000,14
1107,200,0.899498,47872,15.388694620,15.391500000,2.805380,1,0.899498,5.000000,14
1108,200,1.309375,47872,15.408315088,15.411000000,2.684912,1,1.309375,5.000000,14
1109,200,0.722709,47872,15.428850580,15.431500000,2.649420,1,0.722709,5.000000,14
1111,200,0.760431,47872,15.448467913,15.451000000,2.532087,1,0.760431,5.000000,14
1112,200,0.829650,47872,15.469079492,15.472000000,2.920508,1,0.829650,5.000000,14
1115,200,0.841505,47872,15.487635792,15.490500000,2.864208,1,0.841505,5.000000,14
1118,200,0.796406,47872,15.507736528,15.510500000,2.763472,1,0.796406,5.000000,14
1119,200,0.973911,47872,15.527637506,15.530500000,2.862494,1,0.973911,5.000000,14
1120,200,1.494923,47872,15.547672252,15.550500000,2.827748,1,1.494923,5.000000,14
1121,200,0.912982,47872,15.568995462,15.572000000,3.004538,1,0.912982,5.000000,14
1122,200,1.379577,47872,15.588139493,15.591000000,2.860507,1,1.379577,5.000000,14
1123,200,0.856141,47872,15.607385791,15.610000000,2.614209,1,0.856141,5.000000,14
1126,200,1.110808,47872,15.626126293,15.629000000,2.873707,1,1.110808,5.000000,14
1129,200,1.807172,47872,15.645020299,15.648000000,2.979701,1,1.807172,5.000000,14
1130,200,1.899933,47872,15.665915589,15.668500000,2.584411,1,1.899933,5.000000,14
1131,200,1.261663,47872,15.687371234,15.690000000,2.628766,1,1.261663,5.000000,14
1132,200,1.318973,47872,15.710058112,15.715500000,5.441888,0,10.219905,5.000000,14
1133,200,1.017017,47872,15.730248576,15.733000000,2.751424,1,1.017017,5.000000,14
1134,200,1.062078,47872,15.748630862,15.751500000,2.869138,1,1.062078,5.000000,14
1136,200,0.888060,47872,15.769312902,15.772000000,2.687098,1,0.888060,5.000000,14
1138,200,1.055277,47872,15.788110043,15.791000000,2.889957,1,1.055277,5.000000,14
1139,200,1.747981,47872,15.806911355,15.809500000,2.588645,1,1.747981,5.000000,14
1140,200,1.427572,47872,15.826077089,15.829000000,2.922911,1,1.427572,5.000000,14
1141,200,1.664010,47872,15.846272833,15.849000000,2.727167,1,1.664010,5.000000,14
1142,200,1.400618,47872,15.866620585,15.869500000,2.879415,1,1.400618,5.000000,14
1143,200,1.386161,47872,15.887383720,15.890000000,2.616280,1,1.386161,5.000000,14
1144,200,1.005513,47872,15.908996380,15.912000000,3.003620,1,1.005513,5.000000,14
1145,200,1.054056,47872,15.928845941,15.931500000,2.654059,1,1.054056,5.000000,14
1147,200,0.946677,47872,15.947657533,15.950500000,2.842467,1,0.946677,5.000000,14
1148,200,0.570011,47872,15.966375932,15.969000000,2.624068,1,0.570011,5.000000,14
1150,200,0.578438,47872,15.986700715,15.989500000,2.799285,1,0.578438,5.000000,14
1152,200,0.891853,47872,16.005724032,16.008500000,2.775968,1,0.891853,5.000000,14
1153,200,1.017338,47872,16.025808622,16.028500000,2.691378,1,1.017338,5.000000,14
1154,200,0.912060,47872,16.045444805,16.048000000,2.555195,1,0.912060,5.000000,14
1155,200,0.934546,47872,16.064738540,16.067500000,2.761460,1,0.934546,5.000000,14
1156,200,0.916698,47872,16.084417505,16.087000000,2.582495,1,0.916698,5.000000,14
1157,200,0.766216,47872,16.104498489,16.110000000,5.501511,0,10.219905,5.000000,14
1158,200,0.787799,47872,16.124002062,16.127000000,2.997938,1,0.787799,5.000000,14
1159,200,0.596888,47872,16.142745427,16.145500000,2.754573,1,0.596888,5.000000,14
1160,200,0.487387,47872,16.161898562,16.164500000,2.601438,1,0.487387,5.000000,14
1162,200,0.388847,47872,16.182424261,16.185000000,2.575739,1,0.388847,5.000000,14
1164,200,0.423782,47872,16.201507450,16.204500000,2.992550,1,0.423782,5.000000,14
1166,200,0.539220,47872,16.222029673,16.225000000,2.970327,1,0.539220,5.000000,14
1167,200,0.595994,47872,16.242647615,16.245500000,2.852385,1,0.595994,5.000000,14
1168,200,0.521544,47872,16.262648394,16.265500000,2.851606,1,0.521544,5.000000,14
1169,200,0.546796,47872,16.285923661,16.288500000,2.576339,1,0.546796,5.000000,14
1170,200,0.616650,47872,16.306817086,16.309500000,2.682914,1,0.616650,5.000000,14
1171,200,0.564454,47872,16.327818604,16.330500000,2.681396,1,0.564454,5.000000,14
1172,200,0.516274,47872,16.347093382,16.350000000,2.906618,1,0.516274,5.000000,14
1174,200,0.394783,47872,16.365885953,16.368500000,2.614047,1,0.394783,5.000000,14
1175,200,0.358932,47872,16.386908866,16.389500000,2.591134,1,0.358932,5.000000,14
1176,200,0.378801,47872,16.405859811,16.411500000,5.640189,0,10.219905,5.000000,14
1180,200,0.283097,47872,16.426810861,16.429500000,2.689139,1,0.283097,5.000000,14
1181,200,0.296222,47872,16.446167466,16.449000000,2.832534,1,0.296222,5.000000,14
1182,200,0.346758,47872,16.464476644,16.467000000,2.523356,1,0.346758,5.000000,14
1183,200,0.298752,47872,16.483392585,16.486000000,2.607415,1,0.298752,5.000000,14
1184,200,0.275571,47872,16.501870287,16.510000000,8.129713,0,10.219905,5.000000,14
1188,200,0.328549,47872,16.520163166,16.523000000,2.836834,1,0.328549,5.000000,14
1191,200,0.348047,47872,16.539999820,16.543000000,3.000180,1,0.348047,5.000000,14
1192,200,0.328677,47872,16.558388522,16.561000000,2.611478,1,0.328677,5.000000,14
1193,200,0.312321,47872,16.577454585,16.580000000,2.545415,1,0.312321,5.000000,14
1197,200,0.831885,47872,16.597101783,16.600000000,2.898217,1,0.831885,5.000000,14
1198,200,0.880047,47872,16.615636393,16.624000000,8.363607,0,10.219905,5.000000,14
1199,200,0.905488,47872,16.635131783,16.638000000,2.868217,1,0.905488,5.000000,14
1201,200,1.135620,47872,16.654805275,16.657500000,2.694725,1,1.135620,5.000000,14
1202,200,1.232697,47872,16.675187124,16.678000000,2.812876,1,1.232697,5.000000,14
1203,200,1.104154,47872,16.693964669,16.696500000,2.535331,1,1.104154,5.000000,14
1204,200,1.102152,47872,16.713815476,16.716500000,2.684524,1,1.102152,5.000000,14
1205,200,1.102302,47872,16.733064738,16.736000000,2.935262,1,1.102302,5.000000,14
1206,200,0.763585,47872,16.751872055,16.754500000,2.627945,1,0.763585,5.000000,14
1209,200,0.683742,47872,16.775141967,16.778000000,2.858033,1,0.683742,5.000000,14
1212,200,1.157802,47872,16.796182622,16.799000000,2.817378,1,1.157802,5.000000,14
1214,200,1.072555,47872,16.815970866,16.821500000,5.529134,0,10.219905,5.000000,14
1215,200,1.084411,47872,16.834723652,16.837500000,2.776348,1,1.084411,5.000000,14
1217,200,1.091919,47872,16.853889901,16.856500000,2.610099,1,1.091919,5.000000,14
1218,200,1.171799,47872,16.872570037,16.875500000,2.929963,1,1.171799,5.000000,14
1219,200,1.292098,47872,16.893683957,16.896500000,2.816043,1,1.292098,5.000000,14
1221,200,0.947437,47872,16.913300069,16.916000000,2.699931,1,0.947437,5.000000,14
1223,200,0.950670,47872,16.931885847,16.934500000,2.614153,1,0.950670,5.000000,14
1224,200,1.021906,47872,16.950272939,16.953000000,2.727061,1,1.021906,5.000000,14
1226,200,1.115907,47872,16.969617472,16.972500000,2.882528,1,1.115907,5.000000,14
1227,200,1.284634,47872,16.990415054,16.993000000,2.584946,1,1.284634,5.000000,14
1228,200,1.537480,47872,17.009061381,17.012000000,2.938619,1,1.537480,5.000000,14
1230,200,1.044862,47872,17.028045177,17.031000000,2.954823,1,1.044862,5.000000,14
1231,200,0.674442,47872,17.046342952,17.049000000,2.657048,1,0.674442,5.000000,14
1232,200,0.720654,47872,17.064640854,17.067500000,2.859146,1,0.720654,5.000000,14
1233,200,0.537458,47872,17.083913324,17.086500000,2.586676,1,0.537458,5.000000,14
1235,200,0.443912,47872,17.103503931,17.106500000,2.996069,1,0.443912,5.000000,14
1236,200,0.409382,47872,17.122632873,17.125500000,2.867127,1,0.409382,5.000000,14
1237,200,0.421430,47872,17.141161688,17.144000000,2.838312,1,0.421430,5.000000,14
1238,200,0.362957,47872,17.160783243,17.163500000,2.716757,1,0.362957,5.000000,14
1239,200,0.322760,47872,17.181574899,17.184500000,2.925101,1,0.322760,5.000000,14
1240,200,0.328412,47872,17.202322190,17.205000000,2.677810,1,0.328412,5.000000,14
1243,200,0.298194,47872,17.222311982,17.225000000,2.688018,1,0.298194,5.000000,14
1244,200,0.260224,47872,17.241106793,17.244000000,2.893207,1,0.260224,5.000000,14
1245,200,0.268625,47872,17.262331159,17.265000000,2.668841,1,0.268625,5.000000,14
1246,200,0.296194,47872,17.281655681,17.284500000,2.844319,1,0.296194,5.000000,14
1248,200,0.270165,47872,17.300130226,17.305500000,5.369774,0,10.219905,5.000000,14
1249,200,0.283909,47872,17.320111371,17.323000000,2.888629,1,0.283909,5.000000,14
1250,200,0.251344,47872,17.340370509,17.343000000,2.629491,1,0.251344,5.000000,14
1252,200,0.245185,47872,17.359549991,17.362500000,2.950009,1,0.245185,5.000000,14
1254,200,0.247588,47872,17.378327884,17.381000000,2.672116,1,0.247588,5.000000,14
1256,200,0.274234,47872,17.397408561,17.400000000,2.591439,1,0.274234,5.000000,14
1257,200,0.287900,47872,17.416952862,17.419500000,2.547138,1,0.287900,5.000000,14
1258,200,0.331648,47872,17.435615518,17.438500000,2.884482,1,0.331648,5.000000,14
1260,200,0.349610,47872,17.453976565,17.456500000,2.523435,1,0.349610,5.000000,14
1261,200,0.422424,47872,17.473945442,17.476500000,2.554558,1,0.422424,5.000000,14
1262,200,0.379117,47872,17.493271134,17.496000000,2.728866,1,0.379117,5.000000,14
1263,200,0.386213,47872,17.512227801,17.515000000,2.772199,1,0.386213,5.000000,14
1265,200,0.380070,47872,17.531173539,17.534000000,2.826461,1,0.380070,5.000000,14
1266,200,0.406009,47872,17.549740651,17.552500000,2.759349,1,0.406009,5.000000,14
1267,200,0.465381,47872,17.568966982,17.571500000,2.533018,1,0.465381,5.000000,14
1268,200,0.398497,47872,17.589408284,17.594500000,5.091716,0,10.219905,5.000000,14
1271,200,0.373304,47872,17.609861634,17.615000000,5.138366,0,10.219905,5.000000,14
1272,200,0.414760,47872,17.629557612,17.632500000,2.942388,1,0.414760,5.000000,14
1273,200,0.447477,47872,17.650405204,17.653000000,2.594796,1,0.447477,5.000000,14
1274,200,0.404443,47872,17.669246882,17.672000000,2.753118,1,0.404443,5.000000,14
1275,200,0.419234,47872,17.688223314,17.691000000,2.776686,1,0.419234,5.000000,14
1276,200,0.465653,47872,17.711744103,17.714500000,2.755897,1,0.465653,5.000000,14
1277,200,0.435309,47872,17.730569016,17.733500000,2.930984,1,0.435309,5.000000,14
1279,200,0.439791,47872,17.752402314,17.755000000,2.597686,1,0.439791,5.000000,14
1280,200,0.411916,47872,17.771941617,17.774500000,2.558383,1,0.411916,5.000000,14
1281,200,0.379122,47872,17.791355958,17.794000000,2.644042,1,0.379122,5.000000,14
1282,200,0.430783,47872,17.813415052,17.819000000,5.584948,0,10.219905,5.000000,14
1283,200,0.377131,47872,17.833913941,17.836500000,2.586059,1,0.377131,5.000000,14
1284,200,0.362403,47872,17.852293000,17.860500000,8.207000,0,10.219905,5.000000,14
1286,200,0.358204,47872,17.874126063,17.877000000,2.873937,1,0.358204,5.000000,14
1287,200,0.347980,47872,17.893256381,17.896000000,2.743619,1,0.347980,5.000000,14
1288,200,0.392998,47872,17.912841093,17.918000000,5.158907,0,10.219905,5.000000,14
1290,200,0.366105,47872,17.931870875,17.934500000,2.629125,1,0.366105,5.000000,14
1291,200,0.404526,47872,17.952580826,17.955500000,2.919174,1,0.404526,5.000000,14
1292,200,0.355452,47872,17.972581498,17.975500000,2.918502,1,0.355452,5.000000,14
1294,200,0.401750,47872,17.992986161,17.996000000,3.013839,1,0.401750,5.000000,14
1295,200,0.376774,47872,18.011774634,18.017000000,5.225366,0,10.219905,5.000000,14
1296,200,0.368456,47872,18.032124285,18.035000000,2.875715,1,0.368456,5.000000,14
1297,200,0.436717,47872,18.050917006,18.053500000,2.582994,1,0.436717,5.000000,14
1298,200,0.386084,47872,18.069407238,18.072000000,2.592762,1,0.386084,5.000000,14
1300,200,0.383753,47872,18.090065872,18.093000000,2.934128,1,0.383753,5.000000,14
1301,200,0.353608,47872,18.110635096,18.116500000,5.864904,0,10.219905,5.000000,14
1303,200,0.387092,47872,18.129057779,18.132000000,2.942221,1,0.387092,5.000000,14
1304,200,0.364107,47872,18.147549765,18.150500000,2.950235,1,0.364107,5.000000,14
1305,200,0.367385,47872,18.166899049,18.169500000,2.600951,1,0.367385,5.000000,14
1306,200,0.431859,47872,18.185982916,18.189000000,3.017084,1,0.431859,5.000000,14
1309,200,0.511572,47872,18.224110251,18.366500000,142.389749,0,10.219905,5.000000,14
1311,200,0.469594,47872,18.243584590,18.366500000,122.915410,0,10.219905,5.000000,14
1312,200,0.524820,47872,18.262359635,18.366500000,104.140365,0,10.219905,5.000000,14
1313,200,0.489679,47872,18.282845280,18.366500000,83.654720,0,10.219905,5.000000,14
1314,200,0.499703,47872,18.303512170,18.366500000,62.987830,0,10.219905,5.000000,14
1315,200,0.542417,47872,18.323989295,18.366500000,42.510705,0,10.219905,5.000000,14
1316,200,0.490915,47872,18.344190166,18.366500000,22.309834,0,10.219905,5.000000,14
1318,200,0.498716,47872,18.364050711,18.367000000,2.949289,1,0.498716,5.000000,14
1319,200,0.483911,47872,18.382800317,18.385500000,2.699683,1,0.483911,5.000000,14
1320,200,0.436304,47872,18.402886421,18.408500000,5.613579,0,10.219905,5.000000,14
1321,200,0.470392,47872,18.423863211,18.426500000,2.636789,1,0.470392,5.000000,14
1323,200,0.423354,47872,18.442230273,18.445000000,2.769727,1,0.423354,5.000000,14
1324,200,0.470608,47872,18.463470902,18.466000000,2.529098,1,0.470608,5.000000,14
1326,200,0.437992,47872,18.483401604,18.486000000,2.598396,1,0.437992,5.000000,14
1327,200,0.461266,47872,18.503735292,18.514500000,10.764708,0,10.219905,5.000000,14
1328,200,0.405713,47872,18.523626217,18.526500000,2.873783,1,0.405713,5.000000,14
1329,200,0.380378,47872,18.546783976,18.549500000,2.716024,1,0.380378,5.000000,14
1331,200,0.336352,47872,18.565149717,18.568000000,2.850283,1,0.336352,5.000000,14
1332,200,0.324869,47872,18.586238835,18.589000000,2.761165,1,0.324869,5.000000,14
1334,200,0.296415,47872,18.604638040,18.610500000,5.861960,0,10.219905,5.000000,14
1335,200,0.285931,47872,18.625479328,18.628500000,3.020672,1,0.285931,5.000000,14
1339,200,0.448301,47872,18.645885855,18.648500000,2.614145,1,0.448301,5.000000,14
1340,200,0.490277,47872,18.664361465,18.667000000,2.638535,1,0.490277,5.000000,14
1341,200,0.752208,47872,18.687270679,18.690000000,2.729321,1,0.752208,5.000000,14
1342,200,0.784356,47872,18.707385971,18.712500000,5.114029,0,10.219905,5.000000,14
1343,200,0.706518,47872,18.726448927,18.729000000,2.551073,1,0.706518,5.000000,14
1344,200,0.732214,47872,18.746034636,18.749000000,2.965364,1,0.732214,5.000000,14
1345,200,0.866971,47872,18.767308277,18.770000000,2.691723,1,0.866971,5.000000,14
1346,200,0.846405,47872,18.787520578,18.790500000,2.979422,1,0.846405,5.000000,14
1347,200,0.864403,47872,18.807031531,18.812500000,5.468469,0,10.219905,5.000000,14
1348,200,1.102328,47872,18.828424834,18.831000000,2.575166,1,1.102328,5.000000,14
1349,200,1.133637,47872,18.847574646,18.850500000,2.925354,1,1.133637,5.000000,14
1353,200,0.564956,47872,18.866660427,18.869500000,2.839573,1,0.564956,5.000000,14
1354,200,0.768378,47872,18.885461381,18.888000000,2.538619,1,0.768378,5.000000,14
1358,200,0.651884,47872,18.909768948,18.915500000,5.731052,0,10.219905,5.000000,14
1359,200,1.183297,47872,18.930746809,18.933500000,2.753191,1,1.183297,5.000000,14
1361,200,1.326369,47872,18.950879377,18.953500000,2.620623,1,1.326369,5.000000,14
1362,200,1.463999,47872,18.971495397,18.974500000,3.004603,1,1.463999,5.000000,14
1363,200,1.500058,47872,18.991433138,18.994000000,2.566862,1,1.500058,5.000000,14
1365,200,0.906657,47872,19.011712072,19.014500000,2.787928,1,0.906657,5.000000,14
1367,200,0.914636,47872,19.031149855,19.034000000,2.850145,1,0.914636,5.000000,14
1369,200,0.847243,47872,19.054681291,19.057500000,2.818709,1,0.847243,5.000000,14
1371,200,1.824804,47872,19.073215293,19.076000000,2.784707,1,1.824804,5.000000,14
1372,200,2.282301,47872,19.093451042,19.096000000,2.548958,1,2.282301,5.000000,14
1373,200,1.549926,47872,19.112549988,19.121000000,8.450012,0,10.219905,5.000000,14
1375,200,1.310717,47872,19.132783042,19.135500000,2.716958,1,1.310717,5.000000,14
1381,200,2.015141,47872,19.151052399,19.154000000,2.947601,1,2.015141,5.000000,14
1382,200,1.208468,47872,19.170308234,19.173000000,2.691766,1,1.208468,5.000000,14
1383,200,1.470004,47872,19.190187045,19.193000000,2.812955,1,1.470004,5.000000,14
1384,200,1.629950,47872,19.210805034,19.216500000,5.694966,0,10.219905,5.000000,14
1385,200,1.208500,47872,19.231231523,19.234000000,2.768477,1,1.208500,5.000000,14
1386,200,1.472654,47872,19.250000091,19.253000000,2.999909,1,1.472654,5.000000,14
1388,200,1.262458,47872,19.268653940,19.271500000,2.846060,1,1.262458,5.000000,14
1389,200,1.465918,47872,19.290858596,19.293500000,2.641404,1,1.465918,5.000000,14
1390,200,1.494011,47872,19.312757432,19.318000000,5.242568,0,10.219905,5.000000,14
1391,200,1.092722,47872,19.332603462,19.335500000,2.896538,1,1.092722,5.000000,14
1392,200,1.024908,47872,19.354195596,19.357000000,2.804404,1,1.024908,5.000000,14
1393,200,1.046428,47872,19.376476839,19.379000000,2.523161,1,1.046428,5.000000,14
1394,200,0.812188,47872,19.394710487,19.397500000,2.789513,1,0.812188,5.000000,14
1396,200,0.409728,47872,19.416494557,19.422500000,6.005443,0,10.219905,5.000000,14
1397,200,0.395344,47872,19.438124706,19.443500000,5.375294,0,10.219905,5.000000,14
1399,200,0.458881,47872,19.458209141,19.461000000,2.790859,1,0.458881,5.000000,14
1400,200,2.685685,47872,19.478161476,19.481000000,2.838524,1,2.685685,5.000000,14
1401,200,2.070331,47872,19.500067799,19.506000000,5.932201,0,10.219905,5.000000,14
1402,200,1.682092,47872,19.520045806,19.523000000,2.954194,1,1.682092,5.000000,14
1403,200,1.686949,47872,19.541495280,19.544500000,3.004720,1,1.686949,5.000000,14
1407,200,1.115179,47872,19.560246762,19.563000000,2.753238,1,1.115179,5.000000,14
1408,200,1.321311,47872,19.581389850,19.584000000,2.610150,1,1.321311,5.000000,14
1409,200,1.339885,47872,19.602701006,19.611500000,8.798994,0,10.219905,5.000000,14
1411,200,1.263955,47872,19.621974583,19.624500000,2.525417,1,1.263955,5.000000,14
1412,200,1.513006,47872,19.641045891,19.644000000,2.954109,1,1.513006,5.000000,14
1413,200,1.308481,47872,19.660143094,19.665500000,5.356906,0,10.219905,5.000000,14
1415,200,1.398595,47872,19.679404045,19.682000000,2.595955,1,1.398595,5.000000,14
1416,200,1.234701,47872,19.700725871,19.706000000,5.274129,0,10.219905,5.000000,14
1417,200,0.863241,47872,19.721531217,19.727000000,5.468783,0,10.219905,5.000000,14
1420,200,1.210374,47872,19.739779607,19.745000000,5.220393,0,10.219905,5.000000,14
1423,200,1.374415,47872,19.760198517,19.763000000,2.801483,1,1.374415,5.000000,14
1424,200,1.791978,47872,19.782496155,19.785500000,3.003845,1,1.791978,5.000000,14
1425,200,1.409749,47872,19.801040403,20.206500000,405.459597,0,10.219905,5.000000,14
1426,200,1.165607,47872,19.822706631,20.206500000,383.793369,0,10.219905,5.000000,14
18,0,0,0,0,0,-1,0,10.219905,5.000000,0
23,0,0,0,0,0,-1,0,10.219905,5.000000,0
25,0,0,0,0,0,-1,0,10.219905,5.000000,0
29,0,0,0,0,0,-1,0,10.219905,5.000000,0
30,0,0,0,0,0,-1,0,10.219905,5.000000,0
43,0,0,0,0,0,-1,0,10.219905,5.000000,0
44,0,0,0,0,0,-1,0,10.219905,5.000000,0
48,0,0,0,0,0,-1,0,10.219905,5.000000,0
49,0,0,0,0,0,-1,0,10.219905,5.000000,0
51,0,0,0,0,0,-1,0,10.219905,5.000000,0
56,0,0,0,0,0,-1,0,10.219905,5.000000,0
57,0,0,0,0,0,-1,0,10.219905,5.000000,0
65,0,0,0,0,0,-1,0,10.219905,5.000000,0
67,0,0,0,0,0,-1,0,10.219905,5.000000,0
69,0,0,0,0,0,-1,0,10.219905,5.000000,0
70,0,0,0,0,0,-1,0,10.219905,5.000000,0
73,0,0,0,0,0,-1,0,10.219905,5.000000,0
76,0,0,0,0,0,-1,0,10.219905,5.000000,0
84,0,0,0,0,0,-1,0,10.219905,5.000000,0
93,0,0,0,0,0,-1,0,10.219905,5.000000,0
96,0,0,0,0,0,-1,0,10.219905,5.000000,0
99,0,0,0,0,0,-1,0,10.219905,5.000000,0
100,0,0,0,0,0,-1,0,10.219905,5.000000,0
109,0,0,0,0,0,-1,0,10.219905,5.000000,0
111,0,0,0,0,0,-1,0,10.219905,5.000000,0
118,0,0,0,0,0,-1,0,10.219905,5.000000,0
120,0,0,0,0,0,-1,0,10.219905,5.000000,0
123,0,0,0,0,0,-1,0,10.219905,5.000000,0
124,0,0,0,0,0,-1,0,10.219905,5.000000,0
128,0,0,0,0,0,-1,0,10.219905,5.000000,0
134,0,0,0,0,0,-1,0,10.219905,5.000000,0
135,0,0,0,0,0,-1,0,10.219905,5.000000,0
141,0,0,0,0,0,-1,0,10.219905,5.000000,0
149,0,0,0,0,0,-1,0,10.219905,5.000000,0
151,0,0,0,0,0,-1,0,10.219905,5.000000,0
157,0,0,0,0,0,-1,0,10.219905,5.000000,0
158,0,0,0,0,0,-1,0,10.219905,5.000000,0
163,0,0,0,0,0,-1,0,10.219905,5.000000,0
166,0,0,0,0,0,-1,0,10.219905,5.000000,0
168,0,0,0,0,0,-1,0,10.219905,5.000000,0
170,0,0,0,0,0,-1,0,10.219905,5.000000,0
173,0,0,0,0,0,-1,0,10.219905,5.000000,0
174,0,0,0,0,0,-1,0,10.219905,5.000000,0
175,0,0,0,0,0,-1,0,10.219905,5.000000,0
177,0,0,0,0,0,-1,0,10.219905,5.000000,0
178,0,0,0,0,0,-1,0,10.219905,5.000000,0
179,0,0,0,0,0,-1,0,10.219905,5.000000,0
184,0,0,0,0,0,-1,0,10.219905,5.000000,0
185,0,0,0,0,0,-1,0,10.219905,5.000000,0
188,0,0,0,0,0,-1,0,10.219905,5.000000,0
192,0,0,0,0,0,-1,0,10.219905,5.000000,0
194,0,0,0,0,0,-1,0,10.219905,5.000000,0
196,0,0,0,0,0,-1,0,10.219905,5.000000,0
199,0,0,0,0,0,-1,0,10.219905,5.000000,0
203,0,0,0,0,0,-1,0,10.219905,5.000000,0
208,0,0,0,0,0,-1,0,10.219905,5.000000,0
210,0,0,0,0,0,-1,0,10.219905,5.000000,0
211,0,0,0,0,0,-1,0,10.219905,5.000000,0
212,0,0,0,0,0,-1,0,10.219905,5.000000,0
218,0,0,0,0,0,-1,0,10.219905,5.000000,0
219,0,0,0,0,0,-1,0,10.219905,5.000000,0
220,0,0,0,0,0,-1,0,10.219905,5.000000,0
221,0,0,0,0,0,-1,0,10.219905,5.000000,0
229,0,0,0,0,0,-1,0,10.219905,5.000000,0
230,0,0,0,0,0,-1,0,10.219905,5.000000,0
231,0,0,0,0,0,-1,0,10.219905,5.000000,0
233,0,0,0,0,0,-1,0,10.219905,5.000000,0
237,0,0,0,0,0,-1,0,10.219905,5.000000,0
239,0,0,0,0,0,-1,0,10.219905,5.000000,0
240,0,0,0,0,0,-1,0,10.219905,5.000000,0
246,0,0,0,0,0,-1,0,10.219905,5.000000,0
247,0,0,0,0,0,-1,0,10.219905,5.000000,0
251,0,0,0,0,0,-1,0,10.219905,5.000000,0
252,0,0,0,0,0,-1,0,10.219905,5.000000,0
254,0,0,0,0,0,-1,0,10.219905,5.000000,0
257,0,0,0,0,0,-1,0,10.219905,5.000000,0
259,0,0,0,0,0,-1,0,10.219905,5.000000,0
261,0,0,0,0,0,-1,0,10.219905,5.000000,0
266,0,0,0,0,0,-1,0,10.219905,5.000000,0
275,0,0,0,0,0,-1,0,10.219905,5.000000,0
278,0,0,0,0,0,-1,0,10.219905,5.000000,0
279,0,0,0,0,0,-1,0,10.219905,5.000000,0
281,0,0,0,0,0,-1,0,10.219905,5.000000,0
282,0,0,0,0,0,-1,0,10.219905,5.000000,0
283,0,0,0,0,0,-1,0,10.219905,5.000000,0
286,0,0,0,0,0,-1,0,10.219905,5.000000,0
289,0,0,0,0,0,-1,0,10.219905,5.000000,0
290,0,0,0,0,0,-1,0,10.219905,5.000000,0
291,0,0,0,0,0,-1,0,10.219905,5.000000,0
296,0,0,0,0,0,-1,0,10.219905,5.000000,0
297,0,0,0,0,0,-1,0,10.219905,5.000000,0
298,0,0,0,0,0,-1,0,10.219905,5.000000,0
299,0,0,0,0,0,-1,0,10.219905,5.000000,0
303,0,0,0,0,0,-1,0,10.219905,5.000000,0
307,0,0,0,0,0,-1,0,10.219905,5.000000,0
315,0,0,0,0,0,-1,0,10.219905,5.000000,0
318,0,0,0,0,0,-1,0,10.219905,5.000000,0
321,0,0,0,0,0,-1,0,10.219905,5.000000,0
322,0,0,0,0,0,-1,0,10.219905,5.000000,0
324,0,0,0,0,0,-1,0,10.219905,5.000000,0
331,0,0,0,0,0,-1,0,10.219905,5.000000,0
332,0,0,0,0,0,-1,0,10.219905,5.000000,0
340,0,0,0,0,0,-1,0,10.219905,5.000000,0
342,0,0,0,0,0,-1,0,10.219905,5.000000,0
344,0,0,0,0,0,-1,0,10.219905,5.000000,0
347,0,0,0,0,0,-1,0,10.219905,5.000000,0
350,0,0,0,0,0,-1,0,10.219905,5.000000,0
353,0,0,0,0,0,-1,0,10.219905,5.000000,0
354,0,0,0,0,0,-1,0,10.219905,5.000000,0
360,0,0,0,0,0,-1,0,10.219905,5.000000,0
361,0,0,0,0,0,-1,0,10.219905,5.000000,0
366,0,0,0,0,0,-1,0,10.219905,5.000000,0
367,0,0,0,0,0,-1,0,10.219905,5.000000,0
368,0,0,0,0,0,-1,0,10.219905,5.000000,0
369,0,0,0,0,0,-1,0,10.219905,5.000000,0
374,0,0,0,0,0,-1,0,10.219905,5.000000,0
383,0,0,0,0,0,-1,0,10.219905,5.000000,0
387,0,0,0,0,0,-1,0,10.219905,5.000000,0
393,0,0,0,0,0,-1,0,10.219905,5.000000,0
402,0,0,0,0,0,-1,0,10.219905,5.000000,0
406,0,0,0,0,0,-1,0,10.219905,5.000000,0
407,0,0,0,0,0,-1,0,10.219905,5.000000,0
408,0,0,0,0,0,-1,0,10.219905,5.000000,0
410,0,0,0,0,0,-1,0,10.219905,5.000000,0
411,0,0,0,0,0,-1,0,10.219905,5.000000,0
414,0,0,0,0,0,-1,0,10.219905,5.000000,0
416,0,0,0,0,0,-1,0,10.219905,5.000000,0
420,0,0,0,0,0,-1,0,10.219905,5.000000,0
422,0,0,0,0,0,-1,0,10.219905,5.000000,0
423,0,0,0,0,0,-1,0,10.219905,5.000000,0
426,0,0,0,0,0,-1,0,10.219905,5.000000,0
430,0,0,0,0,0,-1,0,10.219905,5.000000,0
432,0,0,0,0,0,-1,0,10.219905,5.000000,0
433,0,0,0,0,0,-1,0,10.219905,5.000000,0
435,0,0,0,0,0,-1,0,10.219905,5.000000,0
436,0,0,0,0,0,-1,0,10.219905,5.000000,0
438,0,0,0,0,0,-1,0,10.219905,5.000000,0
440,0,0,0,0,0,-1,0,10.219905,5.000000,0
443,0,0,0,0,0,-1,0,10.219905,5.000000,0
445,0,0,0,0,0,-1,0,10.219905,5.000000,0
450,0,0,0,0,0,-1,0,10.219905,5.000000,0
457,0,0,0,0,0,-1,0,10.219905,5.000000,0
461,0,0,0,0,0,-1,0,10.219905,5.000000,0
463,0,0,0,0,0,-1,0,10.219905,5.000000,0
464,0,0,0,0,0,-1,0,10.219905,5.000000,0
471,0,0,0,0,0,-1,0,10.219905,5.000000,0
472,0,0,0,0,0,-1,0,10.219905,5.000000,0
478,0,0,0,0,0,-1,0,10.219905,5.000000,0
479,0,0,0,0,0,-1,0,10.219905,5.000000,0
480,0,0,0,0,0,-1,0,10.219905,5.000000,0
482,0,0,0,0,0,-1,0,10.219905,5.000000,0
485,0,0,0,0,0,-1,0,10.219905,5.000000,0
486,0,0,0,0,0,-1,0,10.219905,5.000000,0
489,0,0,0,0,0,-1,0,10.219905,5.000000,0
495,0,0,0,0,0,-1,0,10.219905,5.000000,0
497,0,0,0,0,0,-1,0,10.219905,5.000000,0
498,0,0,0,0,0,-1,0,10.219905,5.000000,0
507,0,0,0,0,0,-1,0,10.219905,5.000000,0
508,0,0,0,0,0,-1,0,10.219905,5.000000,0
509,0,0,0,0,0,-1,0,10.219905,5.000000,0
511,0,0,0,0,0,-1,0,10.219905,5.000000,0
518,0,0,0,0,0,-1,0,10.219905,5.000000,0
521,0,0,0,0,0,-1,0,10.219905,5.000000,0
522,0,0,0,0,0,-1,0,10.219905,5.000000,0
527,0,0,0,0,0,-1,0,10.219905,5.000000,0
528,0,0,0,0,0,-1,0,10.219905,5.000000,0
529,0,0,0,0,0,-1,0,10.219905,5.000000,0
530,0,0,0,0,0,-1,0,10.219905,5.000000,0
532,0,0,0,0,0,-1,0,10.219905,5.000000,0
544,0,0,0,0,0,-1,0,10.219905,5.000000,0
554,0,0,0,0,0,-1,0,10.219905,5.000000,0
555,0,0,0,0,0,-1,0,10.219905,5.000000,0
564,0,0,0,0,0,-1,0,10.219905,5.000000,0
565,0,0,0,0,0,-1,0,10.219905,5.000000,0
567,0,0,0,0,0,-1,0,10.219905,5.000000,0
568,0,0,0,0,0,-1,0,10.219905,5.000000,0
572,0,0,0,0,0,-1,0,10.219905,5.000000,0
575,0,0,0,0,0,-1,0,10.219905,5.000000,0
581,0,0,0,0,0,-1,0,10.219905,5.000000,0
582,0,0,0,0,0,-1,0,10.219905,5.000000,0
596,0,0,0,0,0,-1,0,10.219905,5.000000,0
598,0,0,0,0,0,-1,0,10.219905,5.000000,0
599,0,0,0,0,0,-1,0,10.219905,5.000000,0
601,0,0,0,0,0,-1,0,10.219905,5.000000,0
602,0,0,0,0,0,-1,0,10.219905,5.000000,0
605,0,0,0,0,0,-1,0,10.219905,5.000000,0
607,0,0,0,0,0,-1,0,10.219905,5.000000,0
610,0,0,0,0,0,-1,0,10.219905,5.000000,0
611,0,0,0,0,0,-1,0,10.219905,5.000000,0
613,0,0,0,0,0,-1,0,10.219905,5.000000,0
617,0,0,0,0,0,-1,0,10.219905,5.000000,0
618,0,0,0,0,0,-1,0,10.219905,5.000000,0
620,0,0,0,0,0,-1,0,10.219905,5.000000,0
621,0,0,0,0,0,-1,0,10.219905,5.000000,0
629,0,0,0,0,0,-1,0,10.219905,5.000000,0
632,0,0,0,0,0,-1,0,10.219905,5.000000,0
636,0,0,0,0,0,-1,0,10.219905,5.000000,0
637,0,0,0,0,0,-1,0,10.219905,5.000000,0
643,0,0,0,0,0,-1,0,10.219905,5.000000,0
647,0,0,0,0,0,-1,0,10.219905,5.000000,0
649,0,0,0,0,0,-1,0,10.219905,5.000000,0
650,0,0,0,0,0,-1,0,10.219905,5.000000,0
651,0,0,0,0,0,-1,0,10.219905,5.000000,0
654,0,0,0,0,0,-1,0,10.219905,5.000000,0
657,0,0,0,0,0,-1,0,10.219905,5.000000,0
662,0,0,0,0,0,-1,0,10.219905,5.000000,0
668,0,0,0,0,0,-1,0,10.219905,5.000000,0
670,0,0,0,0,0,-1,0,10.219905,5.000000,0
678,0,0,0,0,0,-1,0,10.219905,5.000000,0
679,0,0,0,0,0,-1,0,10.219905,5.000000,0
680,0,0,0,0,0,-1,0,10.219905,5.000000,0
693,0,0,0,0,0,-1,0,10.219905,5.000000,0
695,0,0,0,0,0,-1,0,10.219905,5.000000,0
700,0,0,0,0,0,-1,0,10.219905,5.000000,0
705,0,0,0,0,0,-1,0,10.219905,5.000000,0
707,0,0,0,0,0,-1,0,10.219905,5.000000,0
719,0,0,0,0,0,-1,0,10.219905,5.000000,0
727,0,0,0,0,0,-1,0,10.219905,5.000000,0
729,0,0,0,0,0,-1,0,10.219905,5.000000,0
736,0,0,0,0,0,-1,0,10.219905,5.000000,0
741,0,0,0,0,0,-1,0,10.219905,5.000000,0
742,0,0,0,0,0,-1,0,10.219905,5.000000,0
746,0,0,0,0,0,-1,0,10.219905,5.000000,0
748,0,0,0,0,0,-1,0,10.219905,5.000000,0
755,0,0,0,0,0,-1,0,10.219905,5.000000,0
756,0,0,0,0,0,-1,0,10.219905,5.000000,0
759,0,0,0,0,0,-1,0,10.219905,5.000000,0
761,0,0,0,0,0,-1,0,10.219905,5.000000,0
764,0,0,0,0,0,-1,0,10.219905,5.000000,0
765,0,0,0,0,0,-1,0,10.219905,5.000000,0
767,0,0,0,0,0,-1,0,10.219905,5.000000,0
772,0,0,0,0,0,-1,0,10.219905,5.000000,0
781,0,0,0,0,0,-1,0,10.219905,5.000000,0
782,0,0,0,0,0,-1,0,10.219905,5.000000,0
786,0,0,0,0,0,-1,0,10.219905,5.000000,0
787,0,0,0,0,0,-1,0,10.219905,5.000000,0
789,0,0,0,0,0,-1,0,10.219905,5.000000,0
790,0,0,0,0,0,-1,0,10.219905,5.000000,0
798,0,0,0,0,0,-1,0,10.219905,5.000000,0
801,0,0,0,0,0,-1,0,10.219905,5.000000,0
802,0,0,0,0,0,-1,0,10.219905,5.000000,0
804,0,0,0,0,0,-1,0,10.219905,5.000000,0
807,0,0,0,0,0,-1,0,10.219905,5.000000,0
808,0,0,0,0,0,-1,0,10.219905,5.000000,0
809,0,0,0,0,0,-1,0,10.219905,5.000000,0
810,0,0,0,0,0,-1,0,10.219905,5.000000,0
812,0,0,0,0,0,-1,0,10.219905,5.000000,0
819,0,0,0,0,0,-1,0,10.219905,5.000000,0
821,0,0,0,0,0,-1,0,10.219905,5.000000,0
829,0,0,0,0,0,-1,0,10.219905,5.000000,0
834,0,0,0,0,0,-1,0,10.219905,5.000000,0
838,0,0,0,0,0,-1,0,10.219905,5.000000,0
839,0,0,0,0,0,-1,0,10.219905,5.000000,0
840,0,0,0,0,0,-1,0,10.219905,5.000000,0
841,0,0,0,0,0,-1,0,10.219905,5.000000,0
845,0,0,0,0,0,-1,0,10.219905,5.000000,0
856,0,0,0,0,0,-1,0,10.219905,5.000000,0
857,0,0,0,0,0,-1,0,10.219905,5.000000,0
859,0,0,0,0,0,-1,0,10.219905,5.000000,0
861,0,0,0,0,0,-1,0,10.219905,5.000000,0
866,0,0,0,0,0,-1,0,10.219905,5.000000,0
867,0,0,0,0,0,-1,0,10.219905,5.000000,0
869,0,0,0,0,0,-1,0,10.219905,5.000000,0
873,0,0,0,0,0,-1,0,10.219905,5.000000,0
874,0,0,0,0,0,-1,0,10.219905,5.000000,0
879,0,0,0,0,0,-1,0,10.219905,5.000000,0
881,0,0,0,0,0,-1,0,10.219905,5.000000,0
888,0,0,0,0,0,-1,0,10.219905,5.000000,0
889,0,0,0,0,0,-1,0,10.219905,5.000000,0
890,0,0,0,0,0,-1,0,10.219905,5.000000,0
900,0,0,0,0,0,-1,0,10.219905,5.000000,0
902,0,0,0,0,0,-1,0,10.219905,5.000000,0
903,0,0,0,0,0,-1,0,10.219905,5.000000,0
907,0,0,0,0,0,-1,0,10.219905,5.000000,0
911,0,0,0,0,0,-1,0,10.219905,5.000000,0
912,0,0,0,0,0,-1,0,10.219905,5.000000,0
916,0,0,0,0,0,-1,0,10.219905,5.000000,0
923,0,0,0,0,0,-1,0,10.219905,5.000000,0
929,0,0,0,0,0,-1,0,10.219905,5.000000,0
930,0,0,0,0,0,-1,0,10.219905,5.000000,0
931,0,0,0,0,0,-1,0,10.219905,5.000000,0
937,0,0,0,0,0,-1,0,10.219905,5.000000,0
940,0,0,0,0,0,-1,0,10.219905,5.000000,0
941,0,0,0,0,0,-1,0,10.219905,5.000000,0
942,0,0,0,0,0,-1,0,10.219905,5.000000,0
945,0,0,0,0,0,-1,0,10.219905,5.000000,0
949,0,0,0,0,0,-1,0,10.219905,5.000000,0
952,0,0,0,0,0,-1,0,10.219905,5.000000,0
962,0,0,0,0,0,-1,0,10.219905,5.000000,0
964,0,0,0,0,0,-1,0,10.219905,5.000000,0
965,0,0,0,0,0,-1,0,10.219905,5.000000,0
969,0,0,0,0,0,-1,0,10.219905,5.000000,0
973,0,0,0,0,0,-1,0,10.219905,5.000000,0
976,0,0,0,0,0,-1,0,10.219905,5.000000,0
979,0,0,0,0,0,-1,0,10.219905,5.000000,0
986,0,0,0,0,0,-1,0,10.219905,5.000000,0
990,0,0,0,0,0,-1,0,10.219905,5.000000,0
1001,0,0,0,0,0,-1,0,10.219905,5.000000,0
1004,0,0,0,0,0,-1,0,10.219905,5.000000,0
1005,0,0,0,0,0,-1,0,10.219905,5.000000,0
1010,0,0,0,0,0,-1,0,10.219905,5.000000,0
1014,0,0,0,0,0,-1,0,10.219905,5.000000,0
1017,0,0,0,0,0,-1,0,10.219905,5.000000,0
1023,0,0,0,0,0,-1,0,10.219905,5.000000,0
1025,0,0,0,0,0,-1,0,10.219905,5.000000,0
1027,0,0,0,0,0,-1,0,10.219905,5.000000,0
1029,0,0,0,0,0,-1,0,10.219905,5.000000,0
1033,0,0,0,0,0,-1,0,10.219905,5.000000,0
1034,0,0,0,0,0,-1,0,10.219905,5.000000,0
1036,0,0,0,0,0,-1,0,10.219905,5.000000,0
1041,0,0,0,0,0,-1,0,10.219905,5.000000,0
1044,0,0,0,0,0,-1,0,10.219905,5.000000,0
1047,0,0,0,0,0,-1,0,10.219905,5.000000,0
1048,0,0,0,0,0,-1,0,10.219905,5.000000,0
1050,0,0,0,0,0,-1,0,10.219905,5.000000,0
1055,0,0,0,0,0,-1,0,10.219905,5.000000,0
1056,0,0,0,0,0,-1,0,10.219905,5.000000,0
1061,0,0,0,0,0,-1,0,10.219905,5.000000,0
1062,0,0,0,0,0,-1,0,10.219905,5.000000,0
1068,0,0,0,0,0,-1,0,10.219905,5.000000,0
1073,0,0,0,0,0,-1,0,10.219905,5.000000,0
1075,0,0,0,0,0,-1,0,10.219905,5.000000,0
1080,0,0,0,0,0,-1,0,10.219905,5.000000,0
1083,0,0,0,0,0,-1,0,10.219905,5.000000,0
1084,0,0,0,0,0,-1,0,10.219905,5.000000,0
1089,0,0,0,0,0,-1,0,10.219905,5.000000,0
1091,0,0,0,0,0,-1,0,10.219905,5.000000,0
1094,0,0,0,0,0,-1,0,10.219905,5.000000,0
1097,0,0,0,0,0,-1,0,10.219905,5.000000,0
1099,0,0,0,0,0,-1,0,10.219905,5.000000,0
1100,0,0,0,0,0,-1,0,10.219905,5.000000,0
1102,0,0,0,0,0,-1,0,10.219905,5.000000,0
1103,0,0,0,0,0,-1,0,10.219905,5.000000,0
1105,0,0,0,0,0,-1,0,10.219905,5.000000,0
1110,0,0,0,0,0,-1,0,10.219905,5.000000,0
1113,0,0,0,0,0,-1,0,10.219905,5.000000,0
1114,0,0,0,0,0,-1,0,10.219905,5.000000,0
1116,0,0,0,0,0,-1,0,10.219905,5.000000,0
1117,0,0,0,0,0,-1,0,10.219905,5.000000,0
1124,0,0,0,0,0,-1,0,10.219905,5.000000,0
1125,0,0,0,0,0,-1,0,10.219905,5.000000,0
1127,0,0,0,0,0,-1,0,10.219905,5.000000,0
1128,0,0,0,0,0,-1,0,10.219905,5.000000,0
1135,0,0,0,0,0,-1,0,10.219905,5.000000,0
1137,0,0,0,0,0,-1,0,10.219905,5.000000,0
1146,0,0,0,0,0,-1,0,10.219905,5.000000,0
1149,0,0,0,0,0,-1,0,10.219905,5.000000,0
1151,0,0,0,0,0,-1,0,10.219905,5.000000,0
1161,0,0,0,0,0,-1,0,10.219905,5.000000,0
1163,0,0,0,0,0,-1,0,10.219905,5.000000,0
1165,0,0,0,0,0,-1,0,10.219905,5.000000,0
1173,0,0,0,0,0,-1,0,10.219905,5.000000,0
1177,0,0,0,0,0,-1,0,10.219905,5.000000,0
1178,0,0,0,0,0,-1,0,10.219905,5.000000,0
1179,0,0,0,0,0,-1,0,10.219905,5.000000,0
1185,0,0,0,0,0,-1,0,10.219905,5.000000,0
1186,0,0,0,0,0,-1,0,10.219905,5.000000,0
1187,0,0,0,0,0,-1,0,10.219905,5.000000,0
1189,0,0,0,0,0,-1,0,10.219905,5.000000,0
1190,0,0,0,0,0,-1,0,10.219905,5.000000,0
1194,0,0,0,0,0,-1,0,10.219905,5.000000,0
1195,0,0,0,0,0,-1,0,10.219905,5.000000,0
1196,0,0,0,0,0,-1,0,10.219905,5.000000,0
1200,0,0,0,0,0,-1,0,10.219905,5.000000,0
1207,0,0,0,0,0,-1,0,10.219905,5.000000,0
1208,0,0,0,0,0,-1,0,10.219905,5.000000,0
1210,0,0,0,0,0,-1,0,10.219905,5.000000,0
1211,0,0,0,0,0,-1,0,10.219905,5.000000,0
1213,0,0,0,0,0,-1,0,10.219905,5.000000,0
1216,0,0,0,0,0,-1,0,10.219905,5.000000,0
1220,0,0,0,0,0,-1,0,10.219905,5.000000,0
1222,0,0,0,0,0,-1,0,10.219905,5.000000,0
1225,0,0,0,0,0,-1,0,10.219905,5.000000,0
1229,0,0,0,0,0,-1,0,10.219905,5.000000,0
1234,0,0,0,0,0,-1,0,10.219905,5.000000,0
1241,0,0,0,0,0,-1,0,10.219905,5.000000,0
1242,0,0,0,0,0,-1,0,10.219905,5.000000,0
1247,0,0,0,0,0,-1,0,10.219905,5.000000,0
1251,0,0,0,0,0,-1,0,10.219905,5.000000,0
1253,0,0,0,0,0,-1,0,10.219905,5.000000,0
1255,0,0,0,0,0,-1,0,10.219905,5.000000,0
1259,0,0,0,0,0,-1,0,10.219905,5.000000,0
1264,0,0,0,0,0,-1,0,10.219905,5.000000,0
1269,0,0,0,0,0,-1,0,10.219905,5.000000,0
1270,0,0,0,0,0,-1,0,10.219905,5.000000,0
1278,0,0,0,0,0,-1,0,10.219905,5.000000,0
1285,0,0,0,0,0,-1,0,10.219905,5.000000,0
1289,0,0,0,0,0,-1,0,10.219905,5.000000,0
1293,0,0,0,0,0,-1,0,10.219905,5.000000,0
1299,0,0,0,0,0,-1,0,10.219905,5.000000,0
1302,0,0,0,0,0,-1,0,10.219905,5.000000,0
1307,0,0,0,0,0,-1,0,10.219905,5.000000,0
1308,0,0,0,0,0,-1,0,10.219905,5.000000,0
1310,0,0,0,0,0,-1,0,10.219905,5.000000,0
1317,0,0,0,0,0,-1,0,10.219905,5.000000,0
1322,0,0,0,0,0,-1,0,10.219905,5.000000,0
1325,0,0,0,0,0,-1,0,10.219905,5.000000,0
1330,0,0,0,0,0,-1,0,10.219905,5.000000,0
1333,0,0,0,0,0,-1,0,10.219905,5.000000,0
1336,0,0,0,0,0,-1,0,10.219905,5.000000,0
1337,0,0,0,0,0,-1,0,10.219905,5.000000,0
1338,0,0,0,0,0,-1,0,10.219905,5.000000,0
1350,0,0,0,0,0,-1,0,10.219905,5.000000,0
1351,0,0,0,0,0,-1,0,10.219905,5.000000,0
1352,0,0,0,0,0,-1,0,10.219905,5.000000,0
1355,0,0,0,0,0,-1,0,10.219905,5.000000,0
1356,0,0,0,0,0,-1,0,10.219905,5.000000,0
1357,0,0,0,0,0,-1,0,10.219905,5.000000,0
1360,0,0,0,0,0,-1,0,10.219905,5.000000,0
1364,0,0,0,0,0,-1,0,10.219905,5.000000,0
1366,0,0,0,0,0,-1,0,10.219905,5.000000,0
1368,0,0,0,0,0,-1,0,10.219905,5.000000,0
1370,0,0,0,0,0,-1,0,10.219905,5.000000,0
1374,0,0,0,0,0,-1,0,10.219905,5.000000,0
1376,0,0,0,0,0,-1,0,10.219905,5.000000,0
1377,0,0,0,0,0,-1,0,10.219905,5.000000,0
1378,0,0,0,0,0,-1,0,10.219905,5.000000,0
1379,0,0,0,0,0,-1,0,10.219905,5.000000,0
1380,0,0,0,0,0,-1,0,10.219905,5.000000,0
1387,0,0,0,0,0,-1,0,10.219905,5.000000,0
1395,0,0,0,0,0,-1,0,10.219905,5.000000,0
1398,0,0,0,0,0,-1,0,10.219905,5.000000,0
1404,0,0,0,0,0,-1,0,10.219905,5.000000,0
1405,0,0,0,0,0,-1,0,10.219905,5.000000,0
1406,0,0,0,0,0,-1,0,10.219905,5.000000,0
1410,0,0,0,0,0,-1,0,10.219905,5.000000,0
1414,0,0,0,0,0,-1,0,10.219905,5.000000,0
1418,0,0,0,0,0,-1,0,10.219905,5.000000,0
1419,0,0,0,0,0,-1,0,10.219905,5.000000,0
1421,0,0,0,0,0,-1,0,10.219905,5.000000,0
1422,0,0,0,0,0,-1,0,10.219905,5.000000,0
1427,0,0,0,0,0,-1,0,10.219905,5.000000,0
1428,0,0,0,0,0,-1,0,10.219905,5.000000,0
1429,0,0,0,0,0,-1,0,10.219905,5.000000,0
1430,0,0,0,0,0,-1,0,10.219905,5.000000,0
1431,0,0,0,0,0,-1,0,10.219905,5.000000,0
1432,0,0,0,0,0,-1,0,10.219905,5.000000,0
1433,0,0,0,0,0,-1,0,10.219905,5.000000,0
1434,0,0,0,0,0,-1,0,10.219905,5.000000,0
1435,0,0,0,0,0,-1,0,10.219905,5.000000,0
1436,0,0,0,0,0,-1,0,10.219905,5.000000,0
1437,0,0,0,0,0,-1,0,10.219905,5.000000,0
1438,0,0,0,0,0,-1,0,10.219905,5.000000,0
1439,0,0,0,0,0,-1,0,10.219905,5.000000,0
1440,0,0,0,0,0,-1,0,10.219905,5.000000,0
1441,0,0,0,0,0,-1,0,10.219905,5.000000,0
1442,0,0,0,0,0,-1,0,10.219905,5.000000,0
1443,0,0,0,0,0,-1,0,10.219905,5.000000,0
1444,0,0,0,0,0,-1,0,10.219905,5.000000,0
1445,0,0,0,0,0,-1,0,10.219905,5.000000,0
1446,0,0,0,0,0,-1,0,10.219905,5.000000,0
1447,0,0,0,0,0,-1,0,10.219905,5.000000,0
1448,0,0,0,0,0,-1,0,10.219905,5.000000,0
1449,0,0,0,0,0,-1,0,10.219905,5.000000,0
1450,0,0,0,0,0,-1,0,10.219905,5.000000,0
1451,0,0,0,0,0,-1,0,10.219905,5.000000,0
1452,0,0,0,0,0,-1,0,10.219905,5.000000,0
1453,0,0,0,0,0,-1,0,10.219905,5.000000,0
1454,0,0,0,0,0,-1,0,10.219905,5.000000,0
1455,0,0,0,0,0,-1,0,10.219905,5.000000,0
1456,0,0,0,0,0,-1,0,10.219905,5.000000,0
1457,0,0,0,0,0,-1,0,10.219905,5.000000,0
1458,0,0,0,0,0,-1,0,10.219905,5.000000,0
1459,0,0,0,0,0,-1,0,10.219905,5.000000,0
1460,0,0,0,0,0,-1,0,10.219905,5.000000,0
1461,0,0,0,0,0,-1,0,10.219905,5.000000,0
1462,0,0,0,0,0,-1,0,10.219905,5.000000,0
1463,0,0,0,0,0,-1,0,10.219905,5.000000,0
1464,0,0,0,0,0,-1,0,10.219905,5.000000,0
1465,0,0,0,0,0,-1,0,10.219905,5.000000,0
1466,0,0,0,0,0,-1,0,10.219905,5.000000,0
1467,0,0,0,0,0,-1,0,10.219905,5.000000,0
1468,0,0,0,0,0,-1,0,10.219905,5.000000,0
1469,0,0,0,0,0,-1,0,10.219905,5.000000,0
1470,0,0,0,0,0,-1,0,10.219905,5.000000,0
1471,0,0,0,0,0,-1,0,10.219905,5.000000,0
1472,0,0,0,0,0,-1,0,10.219905,5.000000,0
1473,0,0,0,0,0,-1,0,10.219905,5.000000,0
1474,0,0,0,0,0,-1,0,10.219905,5.000000,0
1475,0,0,0,0,0,-1,0,10.219905,5.000000,0
1476,0,0,0,0,0,-1,0,10.219905,5.000000,0
1477,0,0,0,0,0,-1,0,10.219905,5.000000,0
1478,0,0,0,0,0,-1,0,10.219905,5.000000,0
1479,0,0,0,0,0,-1,0,10.219905,5.000000,0
1480,0,0,0,0,0,-1,0,10.219905,5.000000,0
1481,0,0,0,0,0,-1,0,10.219905,5.000000,0
1482,0,0,0,0,0,-1,0,10.219905,5.000000,0
1483,0,0,0,0,0,-1,0,10.219905,5.000000,0
1484,0,0,0,0,0,-1,0,10.219905,5.000000,0
1485,0,0,0,0,0,-1,0,10.219905,5.000000,0
1486,0,0,0,0,0,-1,0,10.219905,5.000000,0
1487,0,0,0,0,0,-1,0,10.219905,5.000000,0
1488,0,0,0,0,0,-1,0,10.219905,5.000000,0
1489,0,0,0,0,0,-1,0,10.219905,5.000000,0
1490,0,0,0,0,0,-1,0,10.219905,5.000000,0
1491,0,0,0,0,0,-1,0,10.219905,5.000000,0
1492,0,0,0,0,0,-1,0,10.219905,5.000000,0
1493,0,0,0,0,0,-1,0,10.219905,5.000000,0
1494,0,0,0,0,0,-1,0,10.219905,5.000000,0
1495,0,0,0,0,0,-1,0,10.219905,5.000000,0
1496,0,0,0,0,0,-1,0,10.219905,5.000000,0
1497,0,0,0,0,0,-1,0,10.219905,5.000000,0
1498,0,0,0,0,0,-1,0,10.219905,5.000000,0
1499,0,0,0,0,0,-1,0,10.219905,5.000000,0
1500,0,0,0,0,0,-1,0,10.219905,5.000000,0
1501,0,0,0,0,0,-1,0,10.219905,5.000000,0
1502,0,0,0,0,0,-1,0,10.219905,5.000000,0
1503,0,0,0,0,0,-1,0,10.219905,5.000000,0
1504,0,0,0,0,0,-1,0,10.219905,5.000000,0
1505,0,0,0,0,0,-1,0,10.219905,5.000000,0
1506,0,0,0,0,0,-1,0,10.219905,5.000000,0
1507,0,0,0,0,0,-1,0,10.219905,5.000000,0
1508,0,0,0,0,0,-1,0,10.219905,5.000000,0
1509,0,0,0,0,0,-1,0,10.219905,5.000000,0
1510,0,0,0,0,0,-1,0,10.219905,5.000000,0
1511,0,0,0,0,0,-1,0,10.219905,5.000000,0
1512,0,0,0,0,0,-1,0,10.219905,5.000000,0
1513,0,0,0,0,0,-1,0,10.219905,5.000000,0
1514,0,0,0,0,0,-1,0,10.219905,5.000000,0
1515,0,0,0,0,0,-1,0,10.219905,5.000000,0
1516,0,0,0,0,0,-1,0,10.219905,5.000000,0
1517,0,0,0,0,0,-1,0,10.219905,5.000000,0
1518,0,0,0,0,0,-1,0,10.219905,5.000000,0
1519,0,0,0,0,0,-1,0,10.219905,5.000000,0
1520,0,0,0,0,0,-1,0,10.219905,5.000000,0
1521,0,0,0,0,0,-1,0,10.219905,5.000000,0
1522,0,0,0,0,0,-1,0,10.219905,5.000000,0
1523,0,0,0,0,0,-1,0,10.219905,5.000000,0
1524,0,0,0,0,0,-1,0,10.219905,5.000000,0
1525,0,0,0,0,0,-1,0,10.219905,5.000000,0
1526,0,0,0,0,0,-1,0,10.219905,5.000000,0
1527,0,0,0,0,0,-1,0,10.219905,5.000000,0
1528,0,0,0,0,0,-1,0,10.219905,5.000000,0
1529,0,0,0,0,0,-1,0,10.219905,5.000000,0
1530,0,0,0,0,0,-1,0,10.219905,5.000000,0
1531,0,0,0,0,0,-1,0,10.219905,5.000000,0
1532,0,0,0,0,0,-1,0,10.219905,5.000000,0
1533,0,0,0,0,0,-1,0,10.219905,5.000000,0
1534,0,0,0,0,0,-1,0,10.219905,5.000000,0
1535,0,0,0,0,0,-1,0,10.219905,5.000000,0
1536,0,0,0,0,0,-1,0,10.219905,5.000000,0
1537,0,0,0,0,0,-1,0,10.219905,5.000000,0
1538,0,0,0,0,0,-1,0,10.219905,5.000000,0
1539,0,0,0,0,0,-1,0,10.219905,5.000000,0
1540,0,0,0,0,0,-1,0,10.219905,5.000000,0
1541,0,0,0,0,0,-1,0,10.219905,5.000000,0
1542,0,0,0,0,0,-1,0,10.219905,5.000000,0
1543,0,0,0,0,0,-1,0,10.219905,5.000000,0
1544,0,0,0,0,0,-1,0,10.219905,5.000000,0
1545,0,0,0,0,0,-1,0,10.219905,5.000000,0
1546,0,0,0,0,0,-1,0,10.219905,5.000000,0
1547,0,0,0,0,0,-1,0,10.219905,5.000000,0
1548,0,0,0,0,0,-1,0,10.219905,5.000000,0
1549,0,0,0,0,0,-1,0,10.219905,5.000000,0
1550,0,0,0,0,0,-1,0,10.219905,5.000000,0
1551,0,0,0,0,0,-1,0,10.219905,5.000000,0
1552,0,0,0,0,0,-1,0,10.219905,5.000000,0
1553,0,0,0,0,0,-1,0,10.219905,5.000000,0
1554,0,0,0,0,0,-1,0,10.219905,5.000000,0
1555,0,0,0,0,0,-1,0,10.219905,5.000000,0
1556,0,0,0,0,0,-1,0,10.219905,5.000000,0
1557,0,0,0,0,0,-1,0,10.219905,5.000000,0
1558,0,0,0,0,0,-1,0,10.219905,5.000000,0
1559,0,0,0,0,0,-1,0,10.219905,5.000000,0
1560,0,0,0,0,0,-1,0,10.219905,5.000000,0
1561,0,0,0,0,0,-1,0,10.219905,5.000000,0
1562,0,0,0,0,0,-1,0,10.219905,5.000000,0
1563,0,0,0,0,0,-1,0,10.219905,5.000000,0
1564,0,0,0,0,0,-1,0,10.219905,5.000000,0
1565,0,0,0,0,0,-1,0,10.219905,5.000000,0
1566,0,0,0,0,0,-1,0,10.219905,5.000000,0
1567,0,0,0,0,0,-1,0,10.219905,5.000000,0
1568,0,0,0,0,0,-1,0,10.219905,5.000000,0
1569,0,0,0,0,0,-1,0,10.219905,5.000000,0
1570,0,0,0,0,0,-1,0,10.219905,5.000000,0
1571,0,0,0,0,0,-1,0,10.219905,5.000000,0
1572,0,0,0,0,0,-1,0,10.219905,5.000000,0
1573,0,0,0,0,0,-1,0,10.219905,5.000000,0
1574,0,0,0,0,0,-1,0,10.219905,5.000000,0
1575,0,0,0,0,0,-1,0,10.219905,5.000000,0
1576,0,0,0,0,0,-1,0,10.219905,5.000000,0
1577,0,0,0,0,0,-1,0,10.219905,5.000000,0
1578,0,0,0,0,0,-1,0,10.219905,5.000000,0
1579,0,0,0,0,0,-1,0,10.219905,5.000000,0
1580,0,0,0,0,0,-1,0,10.219905,5.000000,0
1581,0,0,0,0,0,-1,0,10.219905,5.000000,0
1582,0,0,0,0,0,-1,0,10.219905,5.000000,0
1583,0,0,0,0,0,-1,0,10.219905,5.000000,0
1584,0,0,0,0,0,-1,0,10.219905,5.000000,0
1585,0,0,0,0,0,-1,0,10.219905,5.000000,0
1586,0,0,0,0,0,-1,0,10.219905,5.000000,0
1587,0,0,0,0,0,-1,0,10.219905,5.000000,0
1588,0,0,0,0,0,-1,0,10.219905,5.000000,0
1589,0,0,0,0,0,-1,0,10.219905,5.000000,0
1590,0,0,0,0,0,-1,0,10.219905,5.000000,0
1591,0,0,0,0,0,-1,0,10.219905,5.000000,0
1592,0,0,0,0,0,-1,0,10.219905,5.000000,0
1593,0,0,0,0,0,-1,0,10.219905,5.000000,0
1594,0,0,0,0,0,-1,0,10.219905,5.000000,0
1595,0,0,0,0,0,-1,0,10.219905,5.000000,0
1596,0,0,0,0,0,-1,0,10.219905,5.000000,0
1597,0,0,0,0,0,-1,0,10.219905,5.000000,0
1598,0,0,0,0,0,-1,0,10.219905,5.000000,0
1599,0,0,0,0,0,-1,0,10.219905,5.000000,0
1600,0,0,0,0,0,-1,0,10.219905,5.000000,0
1601,0,0,0,0,0,-1,0,10.219905,5.000000,0
1602,0,0,0,0,0,-1,0,10.219905,5.000000,0
1603,0,0,0,0,0,-1,0,10.219905,5.000000,0
1604,0,0,0,0,0,-1,0,10.219905,5.000000,0
1605,0,0,0,0,0,-1,0,10.219905,5.000000,0
1606,0,0,0,0,0,-1,0,10.219905,5.000000,0
1607,0,0,0,0,0,-1,0,10.219905,5.000000,0
1608,0,0,0,0,0,-1,0,10.219905,5.000000,0
1609,0,0,0,0,0,-1,0,10.219905,5.000000,0
1610,0,0,0,0,0,-1,0,10.219905,5.000000,0
1611,0,0,0,0,0,-1,0,10.219905,5.000000,0
1612,0,0,0,0,0,-1,0,10.219905,5.000000,0
1613,0,0,0,0,0,-1,0,10.219905,5.000000,0
1614,0,0,0,0,0,-1,0,10.219905,5.000000,0
1615,0,0,0,0,0,-1,0,10.219905,5.000000,0
1616,0,0,0,0,0,-1,0,10.219905,5.000000,0
1617,0,0,0,0,0,-1,0,10.219905,5.000000,0
1618,0,0,0,0,0,-1,0,10.219905,5.000000,0
1619,0,0,0,0,0,-1,0,10.219905,5.000000,0
1620,0,0,0,0,0,-1,0,10.219905,5.000000,0
1621,0,0,0,0,0,-1,0,10.219905,5.000000,0
1622,0,0,0,0,0,-1,0,10.219905,5.000000,0
1623,0,0,0,0,0,-1,0,10.219905,5.000000,0
1624,0,0,0,0,0,-1,0,10.219905,5.000000,0
1625,0,0,0,0,0,-1,0,10.219905,5.000000,0
1626,0,0,0,0,0,-1,0,10.219905,5.000000,0
1627,0,0,0,0,0,-1,0,10.219905,5.000000,0
1628,0,0,0,0,0,-1,0,10.219905,5.000000,0
1629,0,0,0,0,0,-1,0,10.219905,5.000000,0
1630,0,0,0,0,0,-1,0,10.219905,5.000000,0
1631,0,0,0,0,0,-1,0,10.219905,5.000000,0
1632,0,0,0,0,0,-1,0,10.219905,5.000000,0
1633,0,0,0,0,0,-1,0,10.219905,5.000000,0
1634,0,0,0,0,0,-1,0,10.219905,5.000000,0
1635,0,0,0,0,0,-1,0,10.219905,5.000000,0
1636,0,0,0,0,0,-1,0,10.219905,5.000000,0
1637,0,0,0,0,0,-1,0,10.219905,5.000000,0
1638,0,0,0,0,0,-1,0,10.219905,5.000000,0
1639,0,0,0,0,0,-1,0,10.219905,5.000000,0
1640,0,0,0,0,0,-1,0,10.219905,5.000000,0
1641,0,0,0,0,0,-1,0,10.219905,5.000000,0
1642,0,0,0,0,0,-1,0,10.219905,5.000000,0
1643,0,0,0,0,0,-1,0,10.219905,5.000000,0
1644,0,0,0,0,0,-1,0,10.219905,5.000000,0
1645,0,0,0,0,0,-1,0,10.219905,5.000000,0
1646,0,0,0,0,0,-1,0,10.219905,5.000000,0
1647,0,0,0,0,0,-1,0,10.219905,5.000000,0
1648,0,0,0,0,0,-1,0,10.219905,5.000000,0
1649,0,0,0,0,0,-1,0,10.219905,5.000000,0
1650,0,0,0,0,0,-1,0,10.219905,5.000000,0
1651,0,0,0,0,0,-1,0,10.219905,5.000000,0
1652,0,0,0,0,0,-1,0,10.219905,5.000000,0
1653,0,0,0,0,0,-1,0,10.219905,5.000000,0
1654,0,0,0,0,0,-1,0,10.219905,5.000000,0
1655,0,0,0,0,0,-1,0,10.219905,5.000000,0
1656,0,0,0,0,0,-1,0,10.219905,5.000000,0
1657,0,0,0,0,0,-1,0,10.219905,5.000000,0
1658,0,0,0,0,0,-1,0,10.219905,5.000000,0
1659,0,0,0,0,0,-1,0,10.219905,5.000000,0
1660,0,0,0,0,0,-1,0,10.219905,5.000000,0
1661,0,0,0,0,0,-1,0,10.219905,5.000000,0
1662,0,0,0,0,0,-1,0,10.219905,5.000000,0
1663,0,0,0,0,0,-1,0,10.219905,5.000000,0
1664,0,0,0,0,0,-1,0,10.219905,5.000000,0
1665,0,0,0,0,0,-1,0,10.219905,5.000000,0
1666,0,0,0,0,0,-1,0,10.219905,5.000000,0
1667,0,0,0,0,0,-1,0,10.219905,5.000000,0
1668,0,0,0,0,0,-1,0,10.219905,5.000000,0
1669,0,0,0,0,0,-1,0,10.219905,5.000000,0
1670,0,0,0,0,0,-1,0,10.219905,5.000000,0
1671,0,0,0,0,0,-1,0,10.219905,5.000000,0
1672,0,0,0,0,0,-1,0,10.219905,5.000000,0
1673,0,0,0,0,0,-1,0,10.219905,5.000000,0
1674,0,0,0,0,0,-1,0,10.219905,5.000000,0
1675,0,0,0,0,0,-1,0,10.219905,5.000000,0
1676,0,0,0,0,0,-1,0,10.219905,5.000000,0
1677,0,0,0,0,0,-1,0,10.219905,5.000000,0
1678,0,0,0,0,0,-1,0,10.219905,5.000000,0
1679,0,0,0,0,0,-1,0,10.219905,5.000000,0
1680,0,0,0,0,0,-1,0,10.219905,5.000000,0
1681,0,0,0,0,0,-1,0,10.219905,5.000000,0
1682,0,0,0,0,0,-1,0,10.219905,5.000000,0
1683,0,0,0,0,0,-1,0,10.219905,5.000000,0
1684,0,0,0,0,0,-1,0,10.219905,5.000000,0
1685,0,0,0,0,0,-1,0,10.219905,5.000000,0
1686,0,0,0,0,0,-1,0,10.219905,5.000000,0
1687,0,0,0,0,0,-1,0,10.219905,5.000000,0
1688,0,0,0,0,0,-1,0,10.219905,5.000000,0
1689,0,0,0,0,0,-1,0,10.219905,5.000000,0
1690,0,0,0,0,0,-1,0,10.219905,5.000000,0
1691,0,0,0,0,0,-1,0,10.219905,5.000000,0
1692,0,0,0,0,0,-1,0,10.219905,5.000000,0
1693,0,0,0,0,0,-1,0,10.219905,5.000000,0
1694,0,0,0,0,0,-1,0,10.219905,5.000000,0
1695,0,0,0,0,0,-1,0,10.219905,5.000000,0
1696,0,0,0,0,0,-1,0,10.219905,5.000000,0
1697,0,0,0,0,0,-1,0,10.219905,5.000000,0
1698,0,0,0,0,0,-1,0,10.219905,5.000000,0
1699,0,0,0,0,0,-1,0,10.219905,5.000000,0
1700,0,0,0,0,0,-1,0,10.219905,5.000000,0
1701,0,0,0,0,0,-1,0,10.219905,5.000000,0
1702,0,0,0,0,0,-1,0,10.219905,5.000000,0
1703,0,0,0,0,0,-1,0,10.219905,5.000000,0
1704,0,0,0,0,0,-1,0,10.219905,5.000000,0
1705,0,0,0,0,0,-1,0,10.219905,5.000000,0
1706,0,0,0,0,0,-1,0,10.219905,5.000000,0
1707,0,0,0,0,0,-1,0,10.219905,5.000000,0
1708,0,0,0,0,0,-1,0,10.219905,5.000000,0
1709,0,0,0,0,0,-1,0,10.219905,5.000000,0
1710,0,0,0,0,0,-1,0,10.219905,5.000000,0
1711,0,0,0,0,0,-1,0,10.219905,5.000000,0
1712,0,0,0,0,0,-1,0,10.219905,5.000000,0
1713,0,0,0,0,0,-1,0,10.219905,5.000000,0
1714,0,0,0,0,0,-1,0,10.219905,5.000000,0
1715,0,0,0,0,0,-1,0,10.219905,5.000000,0
1716,0,0,0,0,0,-1,0,10.219905,5.000000,0
1717,0,0,0,0,0,-1,0,10.219905,5.000000,0
1718,0,0,0,0,0,-1,0,10.219905,5.000000,0
1719,0,0,0,0,0,-1,0,10.219905,5.000000,0
1720,0,0,0,0,0,-1,0,10.219905,5.000000,0
1721,0,0,0,0,0,-1,0,10.219905,5.000000,0
1722,0,0,0,0,0,-1,0,10.219905,5.000000,0
1723,0,0,0,0,0,-1,0,10.219905,5.000000,0
1724,0,0,0,0,0,-1,0,10.219905,5.000000,0
1725,0,0,0,0,0,-1,0,10.219905,5.000000,0
1726,0,0,0,0,0,-1,0,10.219905,5.000000,0
1727,0,0,0,0,0,-1,0,10.219905,5.000000,0
1728,0,0,0,0,0,-1,0,10.219905,5.000000,0
1729,0,0,0,0,0,-1,0,10.219905,5.000000,0
1730,0,0,0,0,0,-1,0,10.219905,5.000000,0
1731,0,0,0,0,0,-1,0,10.219905,5.000000,0
1732,0,0,0,0,0,-1,0,10.219905,5.000000,0
1733,0,0,0,0,0,-1,0,10.219905,5.000000,0
1734,0,0,0,0,0,-1,0,10.219905,5.000000,0
1735,0,0,0,0,0,-1,0,10.219905,5.000000,0
1736,0,0,0,0,0,-1,0,10.219905,5.000000,0
1737,0,0,0,0,0,-1,0,10.219905,5.000000,0
1738,0,0,0,0,0,-1,0,10.219905,5.000000,0
1739,0,0,0,0,0,-1,0,10.219905,5.000000,0
1740,0,0,0,0,0,-1,0,10.219905,5.000000,0
1741,0,0,0,0,0,-1,0,10.219905,5.000000,0
1742,0,0,0,0,0,-1,0,10.219905,5.000000,0
1743,0,0,0,0,0,-1,0,10.219905,5.000000,0
1744,0,0,0,0,0,-1,0,10.219905,5.000000,0
1745,0,0,0,0,0,-1,0,10.219905,5.000000,0
1746,0,0,0,0,0,-1,0,10.219905,5.000000,0
1747,0,0,0,0,0,-1,0,10.219905,5.000000,0
1748,0,0,0,0,0,-1,0,10.219905,5.000000,0
1749,0,0,0,0,0,-1,0,10.219905,5.000000,0
1750,0,0,0,0,0,-1,0,10.219905,5.000000,0
1751,0,0,0,0,0,-1,0,10.219905,5.000000,0
1752,0,0,0,0,0,-1,0,10.219905,5.000000,0
1753,0,0,0,0,0,-1,0,10.219905,5.000000,0
1754,0,0,0,0,0,-1,0,10.219905,5.000000,0
1755,0,0,0,0,0,-1,0,10.219905,5.000000,0
1756,0,0,0,0,0,-1,0,10.219905,5.000000,0
1757,0,0,0,0,0,-1,0,10.219905,5.000000,0
1758,0,0,0,0,0,-1,0,10.219905,5.000000,0
1759,0,0,0,0,0,-1,0,10.219905,5.000000,0
1760,0,0,0,0,0,-1,0,10.219905,5.000000,0
1761,0,0,0,0,0,-1,0,10.219905,5.000000,0
1762,0,0,0,0,0,-1,0,10.219905,5.000000,0
1763,0,0,0,0,0,-1,0,10.219905,5.000000,0
1764,0,0,0,0,0,-1,0,10.219905,5.000000,0
1765,0,0,0,0,0,-1,0,10.219905,5.000000,0
1766,0,0,0,0,0,-1,0,10.219905,5.000000,0
1767,0,0,0,0,0,-1,0,10.219905,5.000000,0
1768,0,0,0,0,0,-1,0,10.219905,5.000000,0
1769,0,0,0,0,0,-1,0,10.219905,5.000000,0
1770,0,0,0,0,0,-1,0,10.219905,5.000000,0
1771,0,0,0,0,0,-1,0,10.219905,5.000000,0
1772,0,0,0,0,0,-1,0,10.219905,5.000000,0
1773,0,0,0,0,0,-1,0,10.219905,5.000000,0
1774,0,0,0,0,0,-1,0,10.219905,5.000000,0
1775,0,0,0,0,0,-1,0,10.219905,5.000000,0
1776,0,0,0,0,0,-1,0,10.219905,5.000000,0
1777,0,0,0,0,0,-1,0,10.219905,5.000000,0
1778,0,0,0,0,0,-1,0,10.219905,5.000000,0
1779,0,0,0,0,0,-1,0,10.219905,5.000000,0
1780,0,0,0,0,0,-1,0,10.219905,5.000000,0
1781,0,0,0,0,0,-1,0,10.219905,5.000000,0
1782,0,0,0,0,0,-1,0,10.219905,5.000000,0
1783,0,0,0,0,0,-1,0,10.219905,5.000000,0
1784,0,0,0,0,0,-1,0,10.219905,5.000000,0
1785,0,0,0,0,0,-1,0,10.219905,5.000000,0
1786,0,0,0,0,0,-1,0,10.219905,5.000000,0
1787,0,0,0,0,0,-1,0,10.219905,5.000000,0
1788,0,0,0,0,0,-1,0,10.219905,5.000000,0
1789,0,0,0,0,0,-1,0,10.219905,5.000000,0
1790,0,0,0,0,0,-1,0,10.219905,5.000000,0
1791,0,0,0,0,0,-1,0,10.219905,5.000000,0
1792,0,0,0,0,0,-1,0,10.219905,5.000000,0
1793,0,0,0,0,0,-1,0,10.219905,5.000000,0
1794,0,0,0,0,0,-1,0,10.219905,5.000000,0
1795,0,0,0,0,0,-1,0,10.219905,5.000000,0
1796,0,0,0,0,0,-1,0,10.219905,5.000000,0
1797,0,0,0,0,0,-1,0,10.219905,5.000000,0
1798,0,0,0,0,0,-1,0,10.219905,5.000000,0
1799,0,0,0,0,0,-1,0,10.219905,5.000000,0
1800,0,0,0,0,0,-1,0,10.219905,5.000000,0
1801,0,0,0,0,0,-1,0,10.219905,5.000000,0
1802,0,0,0,0,0,-1,0,10.219905,5.000000,0
1803,0,0,0,0,0,-1,0,10.219905,5.000000,0
1804,0,0,0,0,0,-1,0,10.219905,5.000000,0
1805,0,0,0,0,0,-1,0,10.219905,5.000000,0
1806,0,0,0,0,0,-1,0,10.219905,5.000000,0
1807,0,0,0,0,0,-1,0,10.219905,5.000000,0
1808,0,0,0,0,0,-1,0,10.219905,5.000000,0
1809,0,0,0,0,0,-1,0,10.219905,5.000000,0
1810,0,0,0,0,0,-1,0,10.219905,5.000000,0
1811,0,0,0,0,0,-1,0,10.219905,5.000000,0
1812,0,0,0,0,0,-1,0,10.219905,5.000000,0
1813,0,0,0,0,0,-1,0,10.219905,5.000000,0
1814,0,0,0,0,0,-1,0,10.219905,5.000000,0
1815,0,0,0,0,0,-1,0,10.219905,5.000000,0
1816,0,0,0,0,0,-1,0,10.219905,5.000000,0
1817,0,0,0,0,0,-1,0,10.219905,5.000000,0
1818,0,0,0,0,0,-1,0,10.219905,5.000000,0
1819,0,0,0,0,0,-1,0,10.219905,5.000000,0
1820,0,0,0,0,0,-1,0,10.219905,5.000000,0
1821,0,0,0,0,0,-1,0,10.219905,5.000000,0
1822,0,0,0,0,0,-1,0,10.219905,5.000000,0
1823,0,0,0,0,0,-1,0,10.219905,5.000000,0
1824,0,0,0,0,0,-1,0,10.219905,5.000000,0
1825,0,0,0,0,0,-1,0,10.219905,5.000000,0
1826,0,0,0,0,0,-1,0,10.219905,5.000000,0
1827,0,0,0,0,0,-1,0,10.219905,5.000000,0
1828,0,0,0,0,0,-1,0,10.219905,5.000000,0
1829,0,0,0,0,0,-1,0,10.219905,5.000000,0
1830,0,0,0,0,0,-1,0,10.219905,5.000000,0
1831,0,0,0,0,0,-1,0,10.219905,5.000000,0
1832,0,0,0,0,0,-1,0,10.219905,5.000000,0
1833,0,0,0,0,0,-1,0,10.219905,5.000000,0
1834,0,0,0,0,0,-1,0,10.219905,5.000000,0
1835,0,0,0,0,0,-1,0,10.219905,5.000000,0
1836,0,0,0,0,0,-1,0,10.219905,5.000000,0
1837,0,0,0,0,0,-1,0,10.219905,5.000000,0
1838,0,0,0,0,0,-1,0,10.219905,5.000000,0
1839,0,0,0,0,0,-1,0,10.219905,5.000000,0
1840,0,0,0,0,0,-1,0,10.219905,5.000000,0
1841,0,0,0,0,0,-1,0,10.219905,5.000000,0
1842,0,0,0,0,0,-1,0,10.219905,5.000000,0
1843,0,0,0,0,0,-1,0,10.219905,5.000000,0
1844,0,0,0,0,0,-1,0,10.219905,5.000000,0
1845,0,0,0,0,0,-1,0,10.219905,5.000000,0
1846,0,0,0,0,0,-1,0,10.219905,5.000000,0
1847,0,0,0,0,0,-1,0,10.219905,5.000000,0
1848,0,0,0,0,0,-1,0,10.219905,5.000000,0
1849,0,0,0,0,0,-1,0,10.219905,5.000000,0
1850,0,0,0,0,0,-1,0,10.219905,5.000000,0
1851,0,0,0,0,0,-1,0,10.219905,5.000000,0
1852,0,0,0,0,0,-1,0,10.219905,5.000000,0
1853,0,0,0,0,0,-1,0,10.219905,5.000000,0
1854,0,0,0,0,0,-1,0,10.219905,5.000000,0
1855,0,0,0,0,0,-1,0,10.219905,5.000000,0
1856,0,0,0,0,0,-1,0,10.219905,5.000000,0
1857,0,0,0,0,0,-1,0,10.219905,5.000000,0
1858,0,0,0,0,0,-1,0,10.219905,5.000000,0
1859,0,0,0,0,0,-1,0,10.219905,5.000000,0
1860,0,0,0,0,0,-1,0,10.219905,5.000000,0
1861,0,0,0,0,0,-1,0,10.219905,5.000000,0
1862,0,0,0,0,0,-1,0,10.219905,5.000000,0
1863,0,0,0,0,0,-1,0,10.219905,5.000000,0
1864,0,0,0,0,0,-1,0,10.219905,5.000000,0
1865,0,0,0,0,0,-1,0,10.219905,5.000000,0
1866,0,0,0,0,0,-1,0,10.219905,5.000000,0
1867,0,0,0,0,0,-1,0,10.219905,5.000000,0
1868,0,0,0,0,0,-1,0,10.219905,5.000000,0
1869,0,0,0,0,0,-1,0,10.219905,5.000000,0
1870,0,0,0,0,0,-1,0,10.219905,5.000000,0
1871,0,0,0,0,0,-1,0,10.219905,5.000000,0
1872,0,0,0,0,0,-1,0,10.219905,5.000000,0
1873,0,0,0,0,0,-1,0,10.219905,5.000000,0
1874,0,0,0,0,0,-1,0,10.219905,5.000000,0
1875,0,0,0,0,0,-1,0,10.219905,5.000000,0
1876,0,0,0,0,0,-1,0,10.219905,5.000000,0
1877,0,0,0,0,0,-1,0,10.219905,5.000000,0
1878,0,0,0,0,0,-1,0,10.219905,5.000000,0
1879,0,0,0,0,0,-1,0,10.219905,5.000000,0
1880,0,0,0,0,0,-1,0,10.219905,5.000000,0
1881,0,0,0,0,0,-1,0,10.219905,5.000000,0
1882,0,0,0,0,0,-1,0,10.219905,5.000000,0
1883,0,0,0,0,0,-1,0,10.219905,5.000000,0
1884,0,0,0,0,0,-1,0,10.219905,5.000000,0
1885,0,0,0,0,0,-1,0,10.219905,5.000000,0
1886,0,0,0,0,0,-1,0,10.219905,5.000000,0
1887,0,0,0,0,0,-1,0,10.219905,5.000000,0
1888,0,0,0,0,0,-1,0,10.219905,5.000000,0
1889,0,0,0,0,0,-1,0,10.219905,5.000000,0
1890,0,0,0,0,0,-1,0,10.219905,5.000000,0
1891,0,0,0,0,0,-1,0,10.219905,5.000000,0
1892,0,0,0,0,0,-1,0,10.219905,5.000000,0
1893,0,0,0,0,0,-1,0,10.219905,5.000000,0
1894,0,0,0,0,0,-1,0,10.219905,5.000000,0
1895,0,0,0,0,0,-1,0,10.219905,5.000000,0
1896,0,0,0,0,0,-1,0,10.219905,5.000000,0
1897,0,0,0,0,0,-1,0,10.219905,5.000000,0
1898,0,0,0,0,0,-1,0,10.219905,5.000000,0
1899,0,0,0,0,0,-1,0,10.219905,5.000000,0
1900,0,0,0,0,0,-1,0,10.219905,5.000000,0
1901,0,0,0,0,0,-1,0,10.219905,5.000000,0
1902,0,0,0,0,0,-1,0,10.219905,5.000000,0
1903,0,0,0,0,0,-1,0,10.219905,5.000000,0
1904,0,0,0,0,0,-1,0,10.219905,5.000000,0
1905,0,0,0,0,0,-1,0,10.219905,5.000000,0
1906,0,0,0,0,0,-1,0,10.219905,5.000000,0
1907,0,0,0,0,0,-1,0,10.219905,5.000000,0
1908,0,0,0,0,0,-1,0,10.219905,5.000000,0
1909,0,0,0,0,0,-1,0,10.219905,5.000000,0
1910,0,0,0,0,0,-1,0,10.219905,5.000000,0
1911,0,0,0,0,0,-1,0,10.219905,5.000000,0
1912,0,0,0,0,0,-1,0,10.219905,5.000000,0
1913,0,0,0,0,0,-1,0,10.219905,5.000000,0
1914,0,0,0,0,0,-1,0,10.219905,5.000000,0
1915,0,0,0,0,0,-1,0,10.219905,5.000000,0
1916,0,0,0,0,0,-1,0,10.219905,5.000000,0
1917,0,0,0,0,0,-1,0,10.219905,5.000000,0
1918,0,0,0,0,0,-1,0,10.219905,5.000000,0
1919,0,0,0,0,0,-1,0,10.219905,5.000000,0
1920,0,0,0,0,0,-1,0,10.219905,5.000000,0
1921,0,0,0,0,0,-1,0,10.219905,5.000000,0
1922,0,0,0,0,0,-1,0,10.219905,5.000000,0
1923,0,0,0,0,0,-1,0,10.219905,5.000000,0
1924,0,0,0,0,0,-1,0,10.219905,5.000000,0
1925,0,0,0,0,0,-1,0,10.219905,5.000000,0
1926,0,0,0,0,0,-1,0,10.219905,5.000000,0
1927,0,0,0,0,0,-1,0,10.219905,5.000000,0
1928,0,0,0,0,0,-1,0,10.219905,5.000000,0
1929,0,0,0,0,0,-1,0,10.219905,5.000000,0
1930,0,0,0,0,0,-1,0,10.219905,5.000000,0
1931,0,0,0,0,0,-1,0,10.219905,5.000000,0
1932,0,0,0,0,0,-1,0,10.219905,5.000000,0
1933,0,0,0,0,0,-1,0,10.219905,5.000000,0
1934,0,0,0,0,0,-1,0,10.219905,5.000000,0
1935,0,0,0,0,0,-1,0,10.219905,5.000000,0
1936,0,0,0,0,0,-1,0,10.219905,5.000000,0
1937,0,0,0,0,0,-1,0,10.219905,5.000000,0
1938,0,0,0,0,0,-1,0,10.219905,5.000000,0
1939,0,0,0,0,0,-1,0,10.219905,5.000000,0
1940,0,0,0,0,0,-1,0,10.219905,5.000000,0
1941,0,0,0,0,0,-1,0,10.219905,5.000000,0
1942,0,0,0,0,0,-1,0,10.219905,5.000000,0
1943,0,0,0,0,0,-1,0,10.219905,5.000000,0
1944,0,0,0,0,0,-1,0,10.219905,5.000000,0
1945,0,0,0,0,0,-1,0,10.219905,5.000000,0
1946,0,0,0,0,0,-1,0,10.219905,5.000000,0
1947,0,0,0,0,0,-1,0,10.219905,5.000000,0
1948,0,0,0,0,0,-1,0,10.219905,5.000000,0
1949,0,0,0,0,0,-1,0,10.219905,5.000000,0
1950,0,0,0,0,0,-1,0,10.219905,5.000000,0
1951,0,0,0,0,0,-1,0,10.219905,5.000000,0
1952,0,0,0,0,0,-1,0,10.219905,5.000000,0
1953,0,0,0,0,0,-1,0,10.219905,5.000000,0
1954,0,0,0,0,0,-1,0,10.219905,5.000000,0
1955,0,0,0,0,0,-1,0,10.219905,5.000000,0
1956,0,0,0,0,0,-1,0,10.219905,5.000000,0
1957,0,0,0,0,0,-1,0,10.219905,5.000000,0
1958,0,0,0,0,0,-1,0,10.219905,5.000000,0
1959,0,0,0,0,0,-1,0,10.219905,5.000000,0
1960,0,0,0,0,0,-1,0,10.219905,5.000000,0
1961,0,0,0,0,0,-1,0,10.219905,5.000000,0
1962,0,0,0,0,0,-1,0,10.219905,5.000000,0
1963,0,0,0,0,0,-1,0,10.219905,5.000000,0
1964,0,0,0,0,0,-1,0,10.219905,5.000000,0
1965,0,0,0,0,0,-1,0,10.219905,5.000000,0
1966,0,0,0,0,0,-1,0,10.219905,5.000000,0
1967,0,0,0,0,0,-1,0,10.219905,5.000000,0
1968,0,0,0,0,0,-1,0,10.219905,5.000000,0
1969,0,0,0,0,0,-1,0,10.219905,5.000000,0
1970,0,0,0,0,0,-1,0,10.219905,5.000000,0
1971,0,0,0,0,0,-1,0,10.219905,5.000000,0
1972,0,0,0,0,0,-1,0,10.219905,5.000000,0
1973,0,0,0,0,0,-1,0,10.219905,5.000000,0
1974,0,0,0,0,0,-1,0,10.219905,5.000000,0
1975,0,0,0,0,0,-1,0,10.219905,5.000000,0
1976,0,0,0,0,0,-1,0,10.219905,5.000000,0
1977,0,0,0,0,0,-1,0,10.219905,5.000000,0
1978,0,0,0,0,0,-1,0,10.219905,5.000000,0
1979,0,0,0,0,0,-1,0,10.219905,5.000000,0
1980,0,0,0,0,0,-1,0,10.219905,5.000000,0
1981,0,0,0,0,0,-1,0,10.219905,5.000000,0
1982,0,0,0,0,0,-1,0,10.219905,5.000000,0
1983,0,0,0,0,0,-1,0,10.219905,5.000000,0
1984,0,0,0,0,0,-1,0,10.219905,5.000000,0
1985,0,0,0,0,0,-1,0,10.219905,5.000000,0
1986,0,0,0,0,0,-1,0,10.219905,5.000000,0
1987,0,0,0,0,0,-1,0,10.219905,5.000000,0
1988,0,0,0,0,0,-1,0,10.219905,5.000000,0
1989,0,0,0,0,0,-1,0,10.219905,5.000000,0
1990,0,0,0,0,0,-1,0,10.219905,5.000000,0
1991,0,0,0,0,0,-1,0,10.219905,5.000000,0
1992,0,0,0,0,0,-1,0,10.219905,5.000000,0
1993,0,0,0,0,0,-1,0,10.219905,5.000000,0
1994,0,0,0,0,0,-1,0,10.219905,5.000000,0
1995,0,0,0,0,0,-1,0,10.219905,5.000000,0
1996,0,0,0,0,0,-1,0,10.219905,5.000000,0
1997,0,0,0,0,0,-1,0,10.219905,5.000000,0
1998,0,0,0,0,0,-1,0,10.219905,5.000000,0
1999,0,0,0,0,0,-1,0,10.219905,5.000000,0
2000,0,0,0,0,0,-1,0,10.219905,5.000000,0
