frameNumber,components,mse,sizeBytes,genTime,recvTime,delay_ms,receivedOnTime,effectiveError,deadline_ms,cqi
1,175,0.623372,33682,0.026690927,0.029000000,2.309073,1,0.623372,5.000000,15
2,175,0.623397,33682,0.039647159,0.042000000,2.352841,1,0.623397,5.000000,15
3,175,0.623367,33682,0.054220691,0.056500000,2.279309,1,0.623367,5.000000,15
4,175,0.623367,33682,0.067916560,0.070000000,2.083440,1,0.623367,5.000000,15
5,175,0.623367,33682,0.083634940,0.086000000,2.365060,1,0.623367,5.000000,15
6,175,0.623195,33682,0.098602789,0.101000000,2.397211,1,0.623195,5.000000,15
7,175,0.623195,33682,0.111270127,0.113500000,2.229873,1,0.623195,5.000000,15
8,175,0.623195,33682,0.125128368,0.127500000,2.371632,1,0.623195,5.000000,15
9,175,0.623195,33682,0.139143301,0.141500000,2.356699,1,0.623195,5.000000,15
10,175,0.623195,33682,0.152802565,0.155000000,2.197435,1,0.623195,5.000000,15
11,175,0.623195,33682,0.168339225,0.170500000,2.160775,1,0.623195,5.000000,15
12,175,0.623195,33682,0.183523908,0.186000000,2.476092,1,0.623195,5.000000,15
13,175,0.623195,33682,0.196472339,0.199000000,2.527661,1,0.623195,5.000000,15
15,175,0.623195,33682,0.210402493,0.212500000,2.097507,1,0.623195,5.000000,15
16,175,0.623195,33682,0.226597220,0.229000000,2.402780,1,0.623195,5.000000,15
18,175,0.623195,33682,0.244035091,0.246500000,2.464909,1,0.623195,5.000000,15
19,175,0.623195,33682,0.256753492,0.259000000,2.246508,1,0.623195,5.000000,15
20,175,0.623195,33682,0.269742086,0.272000000,2.257914,1,0.623195,5.000000,15
21,175,0.623195,33682,0.284020274,0.286500000,2.479726,1,0.623195,5.000000,15
22,175,0.623195,33682,0.300614930,0.303000000,2.385070,1,0.623195,5.000000,15
23,175,0.623195,33682,0.314359659,0.316500000,2.140341,1,0.623195,5.000000,15
24,175,0.501263,33682,0.327647926,0.330000000,2.352074,1,0.501263,5.000000,15
26,175,0.447271,33682,0.342961413,0.345000000,2.038587,1,0.447271,5.000000,15
27,175,0.324595,33682,0.357326887,0.359500000,2.173113,1,0.324595,5.000000,15
28,175,0.241427,33682,0.370501887,0.373000000,2.498113,1,0.241427,5.000000,15
29,175,0.180944,33682,0.383214877,0.385500000,2.285123,1,0.180944,5.000000,15
34,175,0.026326,33682,0.397719100,0.400000000,2.280900,1,0.026326,5.000000,15
35,175,0.025070,33682,0.411963182,0.414500000,2.536818,1,0.025070,5.000000,15
36,175,0.022785,33682,0.429977140,0.432500000,2.522860,1,0.022785,5.000000,15
37,175,0.022328,33682,0.443905502,0.446000000,2.094498,1,0.022328,5.000000,15
38,175,0.022424,33682,0.460610562,0.463000000,2.389438,1,0.022424,5.000000,15
39,175,0.022630,33682,0.474747172,0.477000000,2.252828,1,0.022630,5.000000,15
40,175,0.022031,33682,0.487521036,0.490000000,2.478964,1,0.022031,5.000000,15
41,175,0.019678,33682,0.502957053,0.505000000,2.042947,1,0.019678,5.000000,15
42,175,0.019674,33682,0.515908963,0.518000000,2.091037,1,0.019674,5.000000,15
43,175,0.018744,33682,0.530239770,0.532500000,2.260230,1,0.018744,5.000000,15
46,175,0.017492,33682,0.545694103,0.548000000,2.305897,1,0.017492,5.000000,15
47,175,0.017052,33682,0.558868421,0.561000000,2.131579,1,0.017052,5.000000,15
48,175,0.017037,33682,0.573201783,0.575500000,2.298217,1,0.017037,5.000000,15
49,175,0.016900,33682,0.588135901,0.590500000,2.364099,1,0.016900,5.000000,15
50,175,0.016740,33682,0.601232338,0.603500000,2.267662,1,0.016740,5.000000,15
53,175,0.016831,33682,0.617070751,0.619500000,2.429249,1,0.016831,5.000000,15
54,175,0.016831,33682,0.630177019,0.632500000,2.322981,1,0.016831,5.000000,15
55,175,0.016831,33682,0.643481180,0.646000000,2.518820,1,0.016831,5.000000,15
56,175,0.016831,33682,0.656743244,0.659000000,2.256756,1,0.016831,5.000000,15
57,175,0.016831,33682,0.669895265,0.672000000,2.104735,1,0.016831,5.000000,15
59,175,0.016831,33682,0.685066002,0.687500000,2.433998,1,0.016831,5.000000,15
60,175,0.016831,33682,0.697877696,0.700000000,2.122304,1,0.016831,5.000000,15
61,175,0.016831,33682,0.712386882,0.714500000,2.113118,1,0.016831,5.000000,15
62,175,0.016831,33682,0.727329947,0.729500000,2.170053,1,0.016831,5.000000,15
64,175,0.016831,33682,0.741688168,0.744000000,2.311832,1,0.016831,5.000000,15
65,175,0.016831,33682,0.754733769,0.757000000,2.266231,1,0.016831,5.000000,15
66,175,0.016831,33682,0.769187636,0.771500000,2.312364,1,0.016831,5.000000,15
68,175,0.016831,33682,0.784063347,0.786500000,2.436653,1,0.016831,5.000000,15
69,175,0.016831,33682,0.797027296,0.799500000,2.472704,1,0.016831,5.000000,15
71,175,0.016831,33682,0.814288720,0.816500000,2.211280,1,0.016831,5.000000,15
72,175,0.016831,33682,0.830682958,0.833000000,2.317042,1,0.016831,5.000000,15
73,175,0.016831,33682,0.843807484,0.846000000,2.192516,1,0.016831,5.000000,15
74,175,0.016831,33682,0.858187395,0.860500000,2.312605,1,0.016831,5.000000,15
75,175,0.016831,33682,0.870893630,0.873000000,2.106370,1,0.016831,5.000000,15
77,175,0.016831,33682,0.884057401,0.886500000,2.442599,1,0.016831,5.000000,15
78,175,0.016831,33682,0.900345594,0.902500000,2.154406,1,0.016831,5.000000,15
79,175,0.016831,33682,0.913024633,0.915500000,2.475367,1,0.016831,5.000000,15
81,175,0.016831,33682,0.927170920,0.929500000,2.329080,1,0.016831,5.000000,15
82,175,0.016831,33682,0.944002252,0.946500000,2.497748,1,0.016831,5.000000,15
83,175,0.016831,33682,0.956838710,0.959000000,2.161290,1,0.016831,5.000000,15
84,175,0.016831,33682,0.971836919,0.974000000,2.163081,1,0.016831,5.000000,15
85,175,0.016831,33682,0.988776211,0.991000000,2.223789,1,0.016831,5.000000,15
86,175,0.016831,33682,1.003854180,1.006000000,2.145820,1,0.016831,5.000000,15
87,175,0.016831,33682,1.019817026,1.022000000,2.182974,1,0.016831,5.000000,15
89,175,0.016831,33682,1.035330274,1.037500000,2.169726,1,0.016831,5.000000,15
90,175,0.016831,33682,1.048418240,1.050500000,2.081760,1,0.016831,5.000000,15
91,175,0.016831,33682,1.063251924,1.065500000,2.248076,1,0.016831,5.000000,15
92,175,0.016831,33682,1.077676358,1.080000000,2.323642,1,0.016831,5.000000,15
94,175,0.016831,33682,1.090730176,1.093000000,2.269824,1,0.016831,5.000000,15
95,175,0.016831,33682,1.105268722,1.107500000,2.231278,1,0.016831,5.000000,15
96,175,0.016831,33682,1.120092383,1.122500000,2.407617,1,0.016831,5.000000,15
97,175,0.016831,33682,1.135810836,1.138000000,2.189164,1,0.016831,5.000000,15
98,175,0.016831,33682,1.149485058,1.152000000,2.514942,1,0.016831,5.000000,15
99,175,0.016831,33682,1.164276004,1.166500000,2.223996,1,0.016831,5.000000,15
100,175,0.016831,33682,1.178530410,1.181000000,2.469590,1,0.016831,5.000000,15
101,175,0.016831,33682,1.193045946,1.195500000,2.454054,1,0.016831,5.000000,15
103,175,0.016831,33682,1.206249959,1.208500000,2.250041,1,0.016831,5.000000,15
104,175,0.016831,33682,1.221885312,1.224000000,2.114688,1,0.016831,5.000000,15
105,175,0.016831,33682,1.237172321,1.239500000,2.327679,1,0.016831,5.000000,15
106,175,0.016831,33682,1.253416996,1.255500000,2.083004,1,0.016831,5.000000,15
107,175,0.016831,33682,1.267106273,1.269500000,2.393727,1,0.016831,5.000000,15
108,175,0.016831,33682,1.280906541,1.283000000,2.093459,1,0.016831,5.000000,15
109,175,0.016831,33682,1.294084229,1.296500000,2.415771,1,0.016831,5.000000,15
110,175,0.016831,33682,1.308193143,1.310500000,2.306857,1,0.016831,5.000000,15
111,175,0.016831,33682,1.324577863,1.327000000,2.422137,1,0.016831,5.000000,15
112,175,0.016831,33682,1.339388179,1.341500000,2.111821,1,0.016831,5.000000,15
113,175,0.016831,33682,1.353266979,1.355500000,2.233021,1,0.016831,5.000000,15
114,175,0.016831,33682,1.366484882,1.369000000,2.515118,1,0.016831,5.000000,15
115,175,0.016831,33682,1.382050293,1.384500000,2.449707,1,0.016831,5.000000,15
116,175,0.017243,33682,1.395737860,1.398000000,2.262140,1,0.017243,5.000000,15
117,175,0.018604,33682,1.409039016,1.411500000,2.460984,1,0.018604,5.000000,15
118,175,0.018355,33682,1.423123394,1.425500000,2.376606,1,0.018355,5.000000,15
119,175,0.017947,33682,1.437546186,1.440000000,2.453814,1,0.017947,5.000000,15
121,175,0.024459,33682,1.450341727,1.452500000,2.158273,1,0.024459,5.000000,15
122,175,0.046181,33682,1.463601584,1.466000000,2.398416,1,0.046181,5.000000,15
123,175,0.076202,33682,1.476516533,1.479000000,2.483467,1,0.076202,5.000000,15
125,175,0.160763,33682,1.490445064,1.492500000,2.054936,1,0.160763,5.000000,15
126,175,0.241283,33682,1.504187778,1.506500000,2.312222,1,0.241283,5.000000,15
127,175,0.455679,33682,1.518749482,1.521000000,2.250518,1,0.455679,5.000000,15
128,175,0.324375,33682,1.532058370,1.534500000,2.441630,1,0.324375,5.000000,15
129,175,0.498265,33682,1.545851020,1.548000000,2.148980,1,0.498265,5.000000,15
130,175,0.491459,33682,1.559761681,1.562500000,2.738319,1,0.491459,5.000000,15
131,175,0.491106,33682,1.574722524,1.577000000,2.277476,1,0.491106,5.000000,15
132,175,0.491009,33682,1.588095442,1.590500000,2.404558,1,0.491009,5.000000,15
133,175,0.491009,33682,1.601263012,1.603500000,2.236988,1,0.491009,5.000000,15
135,175,0.490981,33682,1.614368284,1.616500000,2.131716,1,0.490981,5.000000,15
136,175,0.490981,33682,1.629814602,1.632000000,2.185398,1,0.490981,5.000000,15
137,175,0.490978,33682,1.644319678,1.646500000,2.180322,1,0.490978,5.000000,15
138,175,0.490978,33682,1.658605283,1.661000000,2.394717,1,0.490978,5.000000,15
140,175,0.490977,33682,1.674667828,1.677000000,2.332172,1,0.490977,5.000000,15
142,175,0.490977,33682,1.690464154,1.693000000,2.535846,1,0.490977,5.000000,15
143,175,0.490977,33682,1.703394718,1.705500000,2.105282,1,0.490977,5.000000,15
145,175,0.490977,33682,1.716261694,1.718500000,2.238306,1,0.490977,5.000000,15
146,175,0.490977,33682,1.729801084,1.732000000,2.198916,1,0.490977,5.000000,15
147,175,0.490977,33682,1.742636066,1.745000000,2.363934,1,0.490977,5.000000,15
148,175,0.490977,33682,1.756984118,1.759500000,2.515882,1,0.490977,5.000000,15
150,175,0.490977,33682,1.775882304,1.778000000,2.117696,1,0.490977,5.000000,15
151,175,0.490977,33682,1.788839791,1.791000000,2.160209,1,0.490977,5.000000,15
153,175,0.490977,33682,1.802986110,1.806000000,3.013890,1,0.490977,5.000000,15
154,175,0.490977,33682,1.816081533,1.818500000,2.418467,1,0.490977,5.000000,15
155,175,0.490977,33682,1.830750855,1.833000000,2.249145,1,0.490977,5.000000,15
156,175,0.490977,33682,1.844619942,1.847000000,2.380058,1,0.490977,5.000000,15
157,175,0.490977,33682,1.863282069,1.865500000,2.217931,1,0.490977,5.000000,15
158,175,0.490977,33682,1.879370252,1.881500000,2.129748,1,0.490977,5.000000,15
159,175,0.490977,33682,1.894854412,1.897000000,2.145588,1,0.490977,5.000000,15
160,175,0.490977,33682,1.908081196,1.910500000,2.418804,1,0.490977,5.000000,15
161,175,0.490977,33682,1.923252564,1.925500000,2.247436,1,0.490977,5.000000,15
162,175,0.490977,33682,1.936461533,1.939000000,2.538467,1,0.490977,5.000000,15
163,175,0.490977,33682,1.951167504,1.953500000,2.332496,1,0.490977,5.000000,15
164,175,0.490977,33682,1.964731317,1.967000000,2.268683,1,0.490977,5.000000,15
165,175,0.490977,33682,1.979060815,1.981500000,2.439185,1,0.490977,5.000000,15
167,175,0.490977,33682,1.993330898,1.995500000,2.169102,1,0.490977,5.000000,15
168,175,0.490977,33682,2.008248306,2.010500000,2.251694,1,0.490977,5.000000,15
169,175,0.490977,33682,2.022819325,2.025000000,2.180675,1,0.490977,5.000000,15
171,175,0.490977,33682,2.035820767,2.038000000,2.179233,1,0.490977,5.000000,15
172,175,0.490977,33682,2.049740354,2.052000000,2.259646,1,0.490977,5.000000,15
177,175,0.490977,33682,2.062885557,2.065000000,2.114443,1,0.490977,5.000000,15
179,175,0.491467,33682,2.076188660,2.078500000,2.311340,1,0.491467,5.000000,15
180,175,0.490977,33682,2.089730689,2.092000000,2.269311,1,0.490977,5.000000,15
181,175,6.249566,33682,2.105964619,2.108500000,2.535381,1,6.249566,5.000000,15
182,175,17.064214,33682,2.119682919,2.122000000,2.317081,1,17.064214,5.000000,15
183,175,38.045447,33682,2.133649993,2.136000000,2.350007,1,38.045447,5.000000,15
185,175,45.165485,33682,2.146355870,2.148500000,2.144130,1,45.165485,5.000000,15
186,175,59.235504,33682,2.159692709,2.162000000,2.307291,1,59.235504,5.000000,15
187,175,51.145516,33682,2.172897388,2.175000000,2.102612,1,51.145516,5.000000,15
189,175,36.195726,33682,2.186126610,2.188500000,2.373390,1,36.195726,5.000000,15
190,175,33.887085,33682,2.200976981,2.203500000,2.523019,1,33.887085,5.000000,15
191,175,40.659065,33682,2.214444754,2.216500000,2.055246,1,40.659065,5.000000,15
193,175,23.342705,33682,2.228897219,2.231000000,2.102781,1,23.342705,5.000000,15
195,175,22.315726,33682,2.241943919,2.244000000,2.056081,1,22.315726,5.000000,15
197,175,37.748783,33682,2.254948547,2.257000000,2.051453,1,37.748783,5.000000,15
198,175,52.375247,33682,2.270050794,2.272500000,2.449206,1,52.375247,5.000000,15
199,175,34.467585,33682,2.284161112,2.286500000,2.338888,1,34.467585,5.000000,15
200,175,29.369135,33682,2.297492739,2.300000000,2.507261,1,29.369135,5.000000,15
201,175,33.912487,33682,2.310359659,2.312500000,2.140341,1,33.912487,5.000000,15
202,175,43.388073,33682,2.323318942,2.325500000,2.181058,1,43.388073,5.000000,15
204,175,34.388521,33682,2.339659429,2.342000000,2.340571,1,34.388521,5.000000,15
205,175,36.290807,33682,2.355196569,2.357500000,2.303431,1,36.290807,5.000000,15
206,175,36.115859,33682,2.369530413,2.372000000,2.469587,1,36.115859,5.000000,15
207,175,41.276494,33682,2.385554169,2.388000000,2.445831,1,41.276494,5.000000,15
208,175,32.856991,33682,2.403102686,2.405500000,2.397314,1,32.856991,5.000000,15
209,175,42.455791,33682,2.417416920,2.419500000,2.083080,1,42.455791,5.000000,15
210,175,38.521770,33682,2.434819486,2.437000000,2.180514,1,38.521770,5.000000,15
212,175,37.212729,33682,2.447561139,2.450000000,2.438861,1,37.212729,5.000000,15
213,175,42.068372,33682,2.461725073,2.464000000,2.274927,1,42.068372,5.000000,15
215,175,24.027177,33682,2.475701186,2.478000000,2.298814,1,24.027177,5.000000,15
216,175,28.571665,33682,2.488942269,2.491000000,2.057731,1,28.571665,5.000000,15
217,175,34.135433,33682,2.501740180,2.504000000,2.259820,1,34.135433,5.000000,15
219,175,60.056284,33682,2.518020810,2.520500000,2.479190,1,60.056284,5.000000,15
220,175,125.187225,33682,2.531497104,2.534000000,2.502896,1,125.187225,5.000000,15
221,175,112.056444,33682,2.544717225,2.547000000,2.282775,1,112.056444,5.000000,15
222,175,100.524337,33682,2.560428506,2.562500000,2.071494,1,100.524337,5.000000,15
223,175,88.366228,33682,2.574324120,2.576500000,2.175880,1,88.366228,5.000000,15
224,175,55.130908,33682,2.588706162,2.591000000,2.293838,1,55.130908,5.000000,15
225,175,43.193511,33682,2.601374248,2.603500000,2.125752,1,43.193511,5.000000,15
226,175,32.548626,33682,2.614859514,2.617500000,2.640486,1,32.548626,5.000000,15
227,175,44.577839,33682,2.630513911,2.633000000,2.486089,1,44.577839,5.000000,15
228,175,34.693299,33682,2.644705631,2.647000000,2.294369,1,34.693299,5.000000,15
230,175,37.216815,33682,2.659795270,2.662000000,2.204730,1,37.216815,5.000000,15
231,175,45.018156,33682,2.673629572,2.676000000,2.370428,1,45.018156,5.000000,15
232,175,35.477077,33682,2.689083068,2.691500000,2.416932,1,35.477077,5.000000,15
233,175,38.728048,33682,2.702578473,2.705000000,2.421527,1,38.728048,5.000000,15
234,175,42.998919,33682,2.716268515,2.718500000,2.231485,1,42.998919,5.000000,15
235,175,44.497129,33682,2.729154090,2.731500000,2.345910,1,44.497129,5.000000,15
236,175,40.542661,33682,2.742038251,2.744500000,2.461749,1,40.542661,5.000000,15
237,175,44.073424,33682,2.756075486,2.758500000,2.424514,1,44.073424,5.000000,15
238,175,56.740783,33682,2.769521521,2.772000000,2.478479,1,56.740783,5.000000,15
241,175,41.410494,33682,2.784148934,2.786500000,2.351066,1,41.410494,5.000000,15
242,175,59.770929,33682,2.801326047,2.803500000,2.173953,1,59.770929,5.000000,15
243,175,54.638038,33682,2.817827873,2.820000000,2.172127,1,54.638038,5.000000,15
244,175,46.081237,33682,2.830702627,2.833000000,2.297373,1,46.081237,5.000000,15
245,175,36.088533,33682,2.847882780,2.850000000,2.117220,1,36.088533,5.000000,15
248,175,38.415028,33682,2.862498861,2.865000000,2.501139,1,38.415028,5.000000,15
249,175,54.537659,33682,2.875529274,2.878000000,2.470726,1,54.537659,5.000000,15
250,175,36.628580,33682,2.888516214,2.891000000,2.483786,1,36.628580,5.000000,15
252,175,31.155554,33682,2.903229941,2.905500000,2.270059,1,31.155554,5.000000,15
253,175,23.285577,33682,2.915924047,2.918000000,2.075953,1,23.285577,5.000000,15
255,175,25.577772,33682,2.930893434,2.933000000,2.106566,1,25.577772,5.000000,15
258,175,50.495363,33682,2.946195592,2.948500000,2.304408,1,50.495363,5.000000,15
259,175,48.582867,33682,2.962563344,2.965000000,2.436656,1,48.582867,5.000000,15
260,175,54.800361,33682,2.975500986,2.978000000,2.499014,1,54.800361,5.000000,15
261,175,64.232127,33682,2.990180980,2.992500000,2.319020,1,64.232127,5.000000,15
262,175,40.624253,33682,3.005763506,3.008000000,2.236494,1,40.624253,5.000000,15
264,175,30.347952,33682,3.018980079,3.021500000,2.519921,1,30.347952,5.000000,15
265,175,24.823384,33682,3.032334058,3.034500000,2.165942,1,24.823384,5.000000,15
267,175,36.415851,33682,3.046204432,3.049000000,2.795568,1,36.415851,5.000000,15
268,175,35.637592,33682,3.059551972,3.062500000,2.948028,1,35.637592,5.000000,15
269,175,24.437962,33682,3.074841095,3.077000000,2.158905,1,24.437962,5.000000,15
271,175,34.379110,33682,3.090656916,3.093000000,2.343084,1,34.379110,5.000000,15
272,175,37.627616,33682,3.104669856,3.107500000,2.830144,1,37.627616,5.000000,15
273,175,41.337659,33682,3.118233041,3.120500000,2.266959,1,41.337659,5.000000,15
274,175,27.982785,33682,3.133076103,3.135500000,2.423897,1,27.982785,5.000000,15
275,175,30.483280,33682,3.147504238,3.150000000,2.495762,1,30.483280,5.000000,15
276,175,27.012912,33682,3.163149888,3.165500000,2.350112,1,27.012912,5.000000,15
277,175,33.842661,33682,3.177621745,3.180000000,2.378255,1,33.842661,5.000000,15
280,175,31.674588,33682,3.192023115,3.194500000,2.476885,1,31.674588,5.000000,15
281,175,58.877788,33682,3.204810454,3.207000000,2.189546,1,58.877788,5.000000,15
282,175,63.962339,33682,3.218138149,3.221000000,2.861851,1,63.962339,5.000000,15
283,175,77.588785,33682,3.231129352,3.233500000,2.370648,1,77.588785,5.000000,15
284,175,57.386010,33682,3.245070122,3.247500000,2.429878,1,57.386010,5.000000,15
285,175,40.108197,33682,3.258123504,3.260500000,2.376496,1,40.108197,5.000000,15
286,175,28.741606,33682,3.276339355,3.278500000,2.160645,1,28.741606,5.000000,15
287,175,36.187688,33682,3.294306531,3.296500000,2.193469,1,36.187688,5.000000,15
288,175,38.354122,33682,3.307515029,3.310000000,2.484971,1,38.354122,5.000000,15
290,175,27.417986,33682,3.322997366,3.325500000,2.502634,1,27.417986,5.000000,15
292,175,22.775871,33682,3.336108096,3.338500000,2.391904,1,22.775871,5.000000,15
293,175,31.213470,33682,3.350725051,3.353000000,2.274949,1,31.213470,5.000000,15
294,175,40.137717,33682,3.365127941,3.367500000,2.372059,1,40.137717,5.000000,15
295,175,36.074209,33682,3.377949962,3.380000000,2.050038,1,36.074209,5.000000,15
297,175,39.733372,33682,3.390792242,3.393000000,2.207758,1,39.733372,5.000000,15
300,175,57.791513,33682,3.403883743,3.406000000,2.116257,1,57.791513,5.000000,15
301,175,55.034657,33682,3.417952071,3.420000000,2.047929,1,55.034657,5.000000,15
302,175,29.588757,33682,3.435528694,3.438000000,2.471306,1,29.588757,5.000000,15
303,175,33.525710,33682,3.451749469,3.454000000,2.250531,1,33.525710,5.000000,15
304,175,27.924525,33682,3.465176165,3.467500000,2.323835,1,27.924525,5.000000,15
305,175,25.765260,33682,3.480012642,3.482500000,2.487358,1,25.765260,5.000000,15
306,175,31.946724,33682,3.494356606,3.496500000,2.143394,1,31.946724,5.000000,15
307,175,40.618272,33682,3.507473133,3.510000000,2.526867,1,40.618272,5.000000,15
308,175,37.790880,33682,3.522139344,3.524500000,2.360656,1,37.790880,5.000000,15
310,175,38.195386,33682,3.536905243,3.539000000,2.094757,1,38.195386,5.000000,15
311,175,48.484254,33682,3.550713334,3.553000000,2.286666,1,48.484254,5.000000,15
312,175,36.044546,33682,3.565499959,3.568000000,2.500041,1,36.044546,5.000000,15
313,175,27.847503,33682,3.581054131,3.583500000,2.445869,1,27.847503,5.000000,15
315,175,90.033585,33682,3.594883407,3.597000000,2.116593,1,90.033585,5.000000,15
316,175,102.048474,33682,3.609542801,3.612000000,2.457199,1,102.048474,5.000000,15
317,175,101.867018,33682,3.624909846,3.627000000,2.090154,1,101.867018,5.000000,15
318,175,99.027258,33682,3.639323136,3.641500000,2.176864,1,99.027258,5.000000,15
319,175,83.834901,33682,3.652328311,3.654500000,2.171689,1,83.834901,5.000000,15
320,175,52.745858,33682,3.667895157,3.670000000,2.104843,1,52.745858,5.000000,15
323,175,106.023770,33682,3.680750730,3.683000000,2.249270,1,106.023770,5.000000,15
326,175,45.564049,33682,3.694355231,3.696500000,2.144769,1,45.564049,5.000000,15
327,175,36.605561,33682,3.711338962,3.713500000,2.161038,1,36.605561,5.000000,15
328,175,34.999225,33682,3.724619922,3.727000000,2.380078,1,34.999225,5.000000,15
329,175,25.228672,33682,3.738937656,3.741000000,2.062344,1,25.228672,5.000000,15
330,175,20.153900,33682,3.751667100,3.754000000,2.332900,1,20.153900,5.000000,15
333,175,20.407967,33682,3.764355535,3.766500000,2.144465,1,20.407967,5.000000,15
334,175,12.725712,33682,3.779969481,3.782500000,2.530519,1,12.725712,5.000000,15
335,175,27.056000,33682,3.794017609,3.796500000,2.482391,1,27.056000,5.000000,15
336,175,26.189075,33682,3.807864106,3.810000000,2.135894,1,26.189075,5.000000,15
337,175,15.952276,33682,3.823471486,3.826000000,2.528514,1,15.952276,5.000000,15
338,175,12.591916,33682,3.836350868,3.838500000,2.149132,1,12.591916,5.000000,15
339,175,9.473274,33682,3.849976976,3.852500000,2.523024,1,9.473274,5.000000,15
340,175,8.763590,33682,3.866203915,3.868500000,2.296085,1,8.763590,5.000000,15
341,175,7.672047,33682,3.879435498,3.881500000,2.064502,1,7.672047,5.000000,15
342,175,7.024275,33682,3.893774408,3.896000000,2.225592,1,7.024275,5.000000,15
344,175,6.395382,33682,3.906823240,3.909000000,2.176760,1,6.395382,5.000000,15
345,175,6.342206,33682,3.920127127,3.922500000,2.372873,1,6.342206,5.000000,15
347,175,6.330060,33682,3.934129361,3.936500000,2.370639,1,6.330060,5.000000,15
348,175,6.727063,33682,3.948846802,3.951000000,2.153198,1,6.727063,5.000000,15
349,175,6.684356,33682,3.963028449,3.965500000,2.471551,1,6.684356,5.000000,15
350,175,6.971174,33682,3.977311326,3.979500000,2.188674,1,6.971174,5.000000,15
351,175,6.558993,33682,3.991475705,3.994000000,2.524295,1,6.558993,5.000000,15
352,175,6.332930,33682,4.004330434,4.006500000,2.169566,1,6.332930,5.000000,15
353,175,6.415064,33682,4.018083648,4.020500000,2.416352,1,6.415064,5.000000,15
355,175,6.253572,33682,4.031040709,4.033500000,2.459291,1,6.253572,5.000000,15
356,175,6.119763,33682,4.045258926,4.047500000,2.241074,1,6.119763,5.000000,15
357,175,6.166103,33682,4.058848353,4.061000000,2.151647,1,6.166103,5.000000,15
358,175,6.149591,33682,4.071814980,4.074000000,2.185020,1,6.149591,5.000000,15
359,175,6.048069,33682,4.085864457,4.088000000,2.135543,1,6.048069,5.000000,15
360,175,6.298929,33682,4.100730962,4.103000000,2.269038,1,6.298929,5.000000,15
361,175,6.383900,33682,4.114191272,4.116500000,2.308728,1,6.383900,5.000000,15
362,175,6.341538,33682,4.129989367,4.132500000,2.510633,1,6.341538,5.000000,15
363,175,6.431365,33682,4.145135528,4.147500000,2.364472,1,6.431365,5.000000,15
364,175,6.625243,33682,4.158216297,4.160500000,2.283703,1,6.625243,5.000000,15
365,175,6.675759,33682,4.171266605,4.173500000,2.233395,1,6.675759,5.000000,15
366,175,7.040415,33682,4.189355180,4.191500000,2.144820,1,7.040415,5.000000,15
367,175,7.318475,33682,4.204764225,4.207000000,2.235775,1,7.318475,5.000000,15
369,175,6.231498,33682,4.219806041,4.222000000,2.193959,1,6.231498,5.000000,15
371,175,5.995977,33682,4.232586959,4.235000000,2.413041,1,5.995977,5.000000,15
372,175,5.986550,33682,4.251224291,4.253500000,2.275709,1,5.986550,5.000000,15
373,175,6.711362,33682,4.264468847,4.267000000,2.531153,1,6.711362,5.000000,15
374,175,6.694317,33682,4.277273809,4.279500000,2.226191,1,6.694317,5.000000,15
375,175,7.450587,33682,4.291904733,4.294000000,2.095267,1,7.450587,5.000000,15
376,175,7.314645,33682,4.305942465,4.308000000,2.057535,1,7.314645,5.000000,15
377,175,7.128074,33682,4.320198243,4.322500000,2.301757,1,7.128074,5.000000,15
378,175,6.932092,33682,4.335575808,4.338000000,2.424192,1,6.932092,5.000000,15
379,175,6.646569,33682,4.348664125,4.351000000,2.335875,1,6.646569,5.000000,15
380,175,7.167242,33682,4.361971874,4.364500000,2.528126,1,7.167242,5.000000,15
381,175,7.680792,33682,4.377025733,4.379500000,2.474267,1,7.680792,5.000000,15
382,175,9.037713,33682,4.391025505,4.393500000,2.474495,1,9.037713,5.000000,15
383,175,7.229971,33682,4.408525860,4.411000000,2.474140,1,7.229971,5.000000,15
384,175,7.614496,33682,4.421743165,4.424000000,2.256835,1,7.614496,5.000000,15
385,175,7.709922,33682,4.434768748,4.437000000,2.231252,1,7.709922,5.000000,15
386,175,7.574989,33682,4.447525027,4.450000000,2.474973,1,7.574989,5.000000,15
388,175,7.966924,33682,4.460535688,4.463000000,2.464312,1,7.966924,5.000000,15
389,175,6.024641,33682,4.474115523,4.476500000,2.384477,1,6.024641,5.000000,15
390,175,6.419001,33682,4.487416778,4.489500000,2.083222,1,6.419001,5.000000,15
391,175,6.457334,33682,4.500307699,4.502500000,2.192301,1,6.457334,5.000000,15
392,175,6.783263,33682,4.514388261,4.516500000,2.111739,1,6.783263,5.000000,15
393,175,6.467133,33682,4.527425797,4.529500000,2.074203,1,6.467133,5.000000,15
394,175,6.629707,33682,4.541205014,4.543500000,2.294986,1,6.629707,5.000000,15
395,175,5.945949,33682,4.554986714,4.557500000,2.513286,1,5.945949,5.000000,15
396,175,6.292785,33682,4.568634811,4.571000000,2.365189,1,6.292785,5.000000,15
397,175,6.734369,33682,4.581381327,4.583500000,2.118673,1,6.734369,5.000000,15
398,175,5.944550,33682,4.595493353,4.598000000,2.506647,1,5.944550,5.000000,15
399,175,5.822772,33682,4.609097286,4.612000000,2.902714,1,5.822772,5.000000,15
400,175,6.468594,33682,4.623762917,4.626000000,2.237083,1,6.468594,5.000000,15
401,175,6.101938,33682,4.637237545,4.639500000,2.262455,1,6.101938,5.000000,15
403,175,5.708672,33682,4.650094158,4.652500000,2.405842,1,5.708672,5.000000,15
404,175,6.491505,33682,4.663015404,4.665500000,2.484596,1,6.491505,5.000000,15
405,175,6.823544,33682,4.675966921,4.678500000,2.533079,1,6.823544,5.000000,15
406,175,6.812161,33682,4.689599130,4.692000000,2.400870,1,6.812161,5.000000,15
407,175,6.560285,33682,4.705728872,4.709000000,3.271128,1,6.560285,5.000000,15
409,175,5.489408,33682,4.720330691,4.722500000,2.169309,1,5.489408,5.000000,15
412,175,5.186719,33682,4.733976236,4.736500000,2.523764,1,5.186719,5.000000,15
413,175,4.640260,33682,4.748019191,4.750500000,2.480809,1,4.640260,5.000000,15
415,175,5.629385,33682,4.761547686,4.764000000,2.452314,1,5.629385,5.000000,15
416,175,6.014558,33682,4.776671026,4.779000000,2.328974,1,6.014558,5.000000,15
417,175,6.576518,33682,4.790984563,4.793500000,2.515437,1,6.576518,5.000000,15
418,175,6.924126,33682,4.805670666,4.808500000,2.829334,1,6.924126,5.000000,15
419,175,7.827612,33682,4.820093744,4.822500000,2.406256,1,7.827612,5.000000,15
420,175,8.791219,33682,4.833050838,4.835500000,2.449162,1,8.791219,5.000000,15
421,175,9.210042,33682,4.847347858,4.849500000,2.152142,1,9.210042,5.000000,15
422,175,9.994325,33682,4.860191011,4.862500000,2.308989,1,9.994325,5.000000,15
424,175,11.316003,33682,4.875040087,4.877500000,2.459913,1,11.316003,5.000000,15
425,175,12.389289,33682,4.887945042,4.890000000,2.054958,1,12.389289,5.000000,15
426,175,13.651182,33682,4.903139408,4.905500000,2.360592,1,13.651182,5.000000,15
427,175,13.938804,33682,4.916149600,4.918500000,2.350400,1,13.938804,5.000000,15
428,175,11.034819,33682,4.928959377,4.931000000,2.040623,1,11.034819,5.000000,15
429,175,8.370080,33682,4.943448397,4.945500000,2.051603,1,8.370080,5.000000,15
431,175,5.032240,33682,4.959429420,4.961500000,2.070580,1,5.032240,5.000000,15
434,175,4.356743,33682,4.972479608,4.975000000,2.520392,1,4.356743,5.000000,15
435,175,4.399592,33682,4.986552437,4.989000000,2.447563,1,4.399592,5.000000,15
436,175,4.786343,33682,5.002000621,5.004500000,2.499379,1,4.786343,5.000000,15
437,175,3.842012,33682,5.014962704,5.017500000,2.537296,1,3.842012,5.000000,15
440,175,3.466789,33682,5.028575429,5.031000000,2.424571,1,3.466789,5.000000,15
441,175,3.723537,33682,5.042286812,5.044500000,2.213188,1,3.723537,5.000000,15
444,175,5.173352,33682,5.056141394,5.058500000,2.358606,1,5.173352,5.000000,15
445,175,6.666966,33682,5.069057988,5.071500000,2.442012,1,6.666966,5.000000,15
446,175,6.488337,33682,5.084677845,5.087000000,2.322155,1,6.488337,5.000000,15
447,175,7.199086,33682,5.097575680,5.100000000,2.424320,1,7.199086,5.000000,15
448,175,6.883983,33682,5.111561897,5.114000000,2.438103,1,6.883983,5.000000,15
451,175,7.107067,33682,5.125803500,5.128000000,2.196500,1,7.107067,5.000000,15
452,175,6.970789,33682,5.142370219,5.144500000,2.129781,1,6.970789,5.000000,15
453,175,6.905816,33682,5.155389010,5.157500000,2.110990,1,6.905816,5.000000,15
454,175,7.019577,33682,5.173338698,5.175500000,2.161302,1,7.019577,5.000000,15
455,175,7.367886,33682,5.187564581,5.190000000,2.435419,1,7.367886,5.000000,15
456,175,7.345556,33682,5.202422272,5.204500000,2.077728,1,7.345556,5.000000,15
458,175,7.294254,33682,5.215431042,5.217500000,2.068958,1,7.294254,5.000000,15
459,175,7.223404,33682,5.228831428,5.231000000,2.168572,1,7.223404,5.000000,15
460,175,7.687976,33682,5.244172886,5.246500000,2.327114,1,7.687976,5.000000,15
461,175,7.802525,33682,5.258348616,5.260500000,2.151384,1,7.802525,5.000000,15
462,175,7.617650,33682,5.271324292,5.273500000,2.175708,1,7.617650,5.000000,15
464,175,7.321073,33682,5.286582659,5.289000000,2.417341,1,7.321073,5.000000,15
465,175,6.981800,33682,5.300507693,5.303000000,2.492307,1,6.981800,5.000000,15
466,175,6.975478,33682,5.318390881,5.320500000,2.109119,1,6.975478,5.000000,15
467,175,7.219751,33682,5.331718199,5.334000000,2.281801,1,7.219751,5.000000,15
468,175,6.849992,33682,5.346496744,5.349000000,2.503256,1,6.849992,5.000000,15
469,175,6.594774,33682,5.360275547,5.362500000,2.224453,1,6.594774,5.000000,15
470,175,6.769776,33682,5.374011110,5.376500000,2.488890,1,6.769776,5.000000,15
472,175,7.110711,33682,5.389664000,5.392000000,2.336000,1,7.110711,5.000000,15
473,175,6.908112,33682,5.404477416,5.407000000,2.522584,1,6.908112,5.000000,15
474,175,7.177045,33682,5.417589281,5.420000000,2.410719,1,7.177045,5.000000,15
475,175,8.118511,33682,5.430622798,5.433000000,2.377202,1,8.118511,5.000000,15
476,175,8.387999,33682,5.444047013,5.446500000,2.452987,1,8.387999,5.000000,15
477,175,8.580324,33682,5.458541869,5.461000000,2.458131,1,8.580324,5.000000,15
478,175,7.404037,33682,5.472290571,5.474500000,2.209429,1,7.404037,5.000000,15
480,175,6.936837,33682,5.485033808,5.487500000,2.466192,1,6.936837,5.000000,15
481,175,8.253631,33682,5.498592316,5.501000000,2.407684,1,8.253631,5.000000,15
482,175,8.016590,33682,5.511614243,5.514000000,2.385757,1,8.016590,5.000000,15
483,175,7.807298,33682,5.525723765,5.528000000,2.276235,1,7.807298,5.000000,15
484,175,6.930005,33682,5.538673183,5.541500000,2.826817,1,6.930005,5.000000,15
487,175,6.749198,33682,5.552470518,5.555000000,2.529482,1,6.749198,5.000000,15
488,175,6.983559,33682,5.567217823,5.569500000,2.282177,1,6.983559,5.000000,15
489,175,6.674929,33682,5.581152339,5.583500000,2.347661,1,6.674929,5.000000,15
490,175,6.398002,33682,5.595612602,5.598000000,2.387398,1,6.398002,5.000000,15
491,175,6.051728,33682,5.608390285,5.610500000,2.109715,1,6.051728,5.000000,15
492,175,5.963717,33682,5.622426124,5.624500000,2.073876,1,5.963717,5.000000,15
493,175,5.712362,33682,5.637773637,5.640000000,2.226363,1,5.712362,5.000000,15
494,175,6.228624,33682,5.653181099,5.655500000,2.318901,1,6.228624,5.000000,15
496,175,6.889960,33682,5.668066390,5.670500000,2.433610,1,6.889960,5.000000,15
497,175,6.825221,33682,5.683730205,5.686000000,2.269795,1,6.825221,5.000000,15
498,175,6.736236,33682,5.697705086,5.700000000,2.294914,1,6.736236,5.000000,15
499,175,6.327126,33682,5.711775131,5.714500000,2.724869,1,6.327126,5.000000,15
500,175,6.561861,33682,5.724460154,5.726500000,2.039846,1,6.561861,5.000000,15
502,175,6.805681,33682,5.740092519,5.742500000,2.407481,1,6.805681,5.000000,15
503,175,7.108090,33682,5.754948861,5.757000000,2.051139,1,7.108090,5.000000,15
504,175,7.111880,33682,5.772709866,5.775000000,2.290134,1,7.111880,5.000000,15
505,175,6.358872,33682,5.788663198,5.791000000,2.336802,1,6.358872,5.000000,15
508,175,6.254643,33682,5.803630729,5.806000000,2.369271,1,6.254643,5.000000,15
509,175,5.988083,33682,5.816467122,5.819000000,2.532878,1,5.988083,5.000000,15
510,175,6.322519,33682,5.830239809,5.832500000,2.260191,1,6.322519,5.000000,15
512,175,6.086212,33682,5.845766634,5.848000000,2.233366,1,6.086212,5.000000,15
513,175,6.606225,33682,5.861242564,5.863500000,2.257436,1,6.606225,5.000000,15
514,175,7.015044,33682,5.874386097,5.876500000,2.113903,1,7.015044,5.000000,15
515,175,6.988832,33682,5.887991904,5.890500000,2.508096,1,6.988832,5.000000,15
516,175,7.321694,33682,5.902666712,5.905500000,2.833288,1,7.321694,5.000000,15
517,175,7.408414,33682,5.917676413,5.920000000,2.323587,1,7.408414,5.000000,15
518,175,7.292280,33682,5.931174207,5.933500000,2.325793,1,7.292280,5.000000,15
519,175,7.537741,33682,5.947538199,5.950500000,2.961801,1,7.537741,5.000000,15
520,175,7.084208,33682,5.961241086,5.964000000,2.758914,1,7.084208,5.000000,15
521,175,7.446503,33682,5.975708036,5.978000000,2.291964,1,7.446503,5.000000,15
522,175,7.404717,33682,5.990166716,5.992500000,2.333284,1,7.404717,5.000000,15
523,175,7.282402,33682,6.005956422,6.008000000,2.043578,1,7.282402,5.000000,15
524,175,7.648405,33682,6.018906376,6.021000000,2.093624,1,7.648405,5.000000,15
525,175,7.694015,33682,6.032517217,6.035000000,2.482783,1,7.694015,5.000000,15
526,175,7.508640,33682,6.046643547,6.049000000,2.356453,1,7.508640,5.000000,15
529,175,7.884646,33682,6.060453142,6.062500000,2.046858,1,7.884646,5.000000,15
530,175,7.989517,33682,6.073538689,6.076000000,2.461311,1,7.989517,5.000000,15
531,175,8.165544,33682,6.086373014,6.088500000,2.126986,1,8.165544,5.000000,15
533,175,7.899442,33682,6.099759970,6.102000000,2.240030,1,7.899442,5.000000,15
534,175,7.984883,33682,6.114990536,6.117500000,2.509464,1,7.984883,5.000000,15
535,175,8.190562,33682,6.130352906,6.132500000,2.147094,1,8.190562,5.000000,15
536,175,8.269122,33682,6.145975886,6.148500000,2.524114,1,8.269122,5.000000,15
537,175,7.908630,33682,6.158985025,6.161500000,2.514975,1,7.908630,5.000000,15
539,175,7.484505,33682,6.173771270,6.176000000,2.228730,1,7.484505,5.000000,15
540,175,7.586037,33682,6.187952329,6.190000000,2.047671,1,7.586037,5.000000,15
541,175,7.231834,33682,6.203511197,6.206000000,2.488803,1,7.231834,5.000000,15
542,175,7.352176,33682,6.216850551,6.219000000,2.149449,1,7.352176,5.000000,15
543,175,7.632372,33682,6.231724817,6.234000000,2.275183,1,7.632372,5.000000,15
544,175,7.131335,33682,6.244847972,6.247000000,2.152028,1,7.131335,5.000000,15
545,175,6.976676,33682,6.257715481,6.260000000,2.284519,1,6.976676,5.000000,15
546,175,6.878973,33682,6.270458412,6.272500000,2.041588,1,6.878973,5.000000,15
548,175,5.908409,33682,6.284120122,6.286500000,2.379878,1,5.908409,5.000000,15
549,175,6.458391,33682,6.298017083,6.300500000,2.482917,1,6.458391,5.000000,15
550,175,6.112771,33682,6.313612829,6.316000000,2.387171,1,6.112771,5.000000,15
551,175,6.033193,33682,6.328527218,6.331000000,2.472782,1,6.033193,5.000000,15
552,175,6.209791,33682,6.342490546,6.345000000,2.509454,1,6.209791,5.000000,15
553,175,6.002942,33682,6.357531641,6.360000000,2.468359,1,6.002942,5.000000,15
555,175,5.732123,33682,6.372631833,6.375000000,2.368167,1,5.732123,5.000000,15
556,175,5.552753,33682,6.386696998,6.389000000,2.303002,1,5.552753,5.000000,15
558,175,5.569588,33682,6.403243264,6.405500000,2.256736,1,5.569588,5.000000,15
559,175,5.567169,33682,6.417866636,6.420000000,2.133364,1,5.567169,5.000000,15
560,175,5.845906,33682,6.432960572,6.435000000,2.039428,1,5.845906,5.000000,15
561,175,6.051863,33682,6.447250907,6.449500000,2.249093,1,6.051863,5.000000,15
562,175,5.708358,33682,6.461058275,6.463500000,2.441725,1,5.708358,5.000000,15
563,175,5.467981,33682,6.474530602,6.477000000,2.469398,1,5.467981,5.000000,15
565,175,4.995842,33682,6.487704190,6.490000000,2.295810,1,4.995842,5.000000,15
566,175,5.062497,33682,6.501481370,6.504000000,2.518630,1,5.062497,5.000000,15
569,175,6.605662,33682,6.514289043,6.516500000,2.210957,1,6.605662,5.000000,15
570,175,5.765908,33682,6.527676730,6.530000000,2.323270,1,5.765908,5.000000,15
571,175,6.087576,33682,6.541151055,6.543500000,2.348945,1,6.087576,5.000000,15
573,175,5.783426,33682,6.556620067,6.559000000,2.379933,1,5.783426,5.000000,15
574,175,6.150694,33682,6.569937699,6.572000000,2.062301,1,6.150694,5.000000,15
575,175,6.534295,33682,6.583202183,6.585500000,2.297817,1,6.534295,5.000000,15
576,175,7.450758,33682,6.596131543,6.598500000,2.368457,1,7.450758,5.000000,15
577,175,7.469836,33682,6.610123471,6.612500000,2.376529,1,7.469836,5.000000,15
579,175,9.105666,33682,6.623272033,6.625500000,2.227967,1,9.105666,5.000000,15
580,175,8.811379,33682,6.638900568,6.641000000,2.099432,1,8.811379,5.000000,15
583,175,10.682086,33682,6.653180139,6.655500000,2.319861,1,10.682086,5.000000,15
584,175,12.153034,33682,6.667489045,6.670000000,2.510955,1,12.153034,5.000000,15
585,175,13.931083,33682,6.683515752,6.686000000,2.484248,1,13.931083,5.000000,15
586,175,13.842927,33682,6.697931749,6.700000000,2.068251,1,13.842927,5.000000,15
587,175,14.056887,33682,6.710830729,6.713000000,2.169271,1,14.056887,5.000000,15
588,175,14.406037,33682,6.726555919,6.729000000,2.444081,1,14.406037,5.000000,15
589,175,14.632858,33682,6.741424505,6.743500000,2.075495,1,14.632858,5.000000,15
590,175,15.326575,33682,6.755355999,6.757500000,2.144001,1,15.326575,5.000000,15
591,175,15.804648,33682,6.770023180,6.772500000,2.476820,1,15.804648,5.000000,15
592,175,15.875074,33682,6.782753278,6.785000000,2.246722,1,15.875074,5.000000,15
593,175,13.862161,33682,6.795620595,6.798000000,2.379405,1,13.862161,5.000000,15
595,175,9.021502,33682,6.811978165,6.814500000,2.521835,1,9.021502,5.000000,15
597,175,6.502439,33682,6.824782997,6.827000000,2.217003,1,6.502439,5.000000,15
598,175,4.773286,33682,6.839072644,6.841500000,2.427356,1,4.773286,5.000000,15
600,175,5.476552,33682,6.851960172,6.854000000,2.039828,1,5.476552,5.000000,15
601,175,5.465820,33682,6.866046743,6.868500000,2.453257,1,5.465820,5.000000,15
603,175,6.214284,33682,6.880329658,6.882500000,2.170342,1,6.214284,5.000000,15
604,175,6.226621,33682,6.894154536,6.896500000,2.345464,1,6.226621,5.000000,15
606,175,6.388238,33682,6.908236013,6.910500000,2.263987,1,6.388238,5.000000,15
607,175,8.670283,33682,6.924411649,6.926500000,2.088351,1,8.670283,5.000000,15
608,175,10.536525,33682,6.937983583,6.940500000,2.516417,1,10.536525,5.000000,15
609,175,10.552517,33682,6.952387642,6.954500000,2.112358,1,10.552517,5.000000,15
611,175,13.349794,33682,6.967183578,6.969500000,2.316422,1,13.349794,5.000000,15
612,175,15.456524,33682,6.981337652,6.983500000,2.162348,1,15.456524,5.000000,15
613,175,17.357431,33682,6.997618132,7.000000000,2.381868,1,17.357431,5.000000,15
614,175,17.052125,33682,7.013852436,7.016000000,2.147564,1,17.052125,5.000000,15
615,175,16.254374,33682,7.027983017,7.030500000,2.516983,1,16.254374,5.000000,15
616,175,14.528455,33682,7.043178923,7.045500000,2.321077,1,14.528455,5.000000,15
617,175,10.885257,33682,7.058865379,7.061000000,2.134621,1,10.885257,5.000000,15
618,175,9.688238,33682,7.075856828,7.078000000,2.143172,1,9.688238,5.000000,15
619,175,6.036541,33682,7.090028647,7.092500000,2.471353,1,6.036541,5.000000,15
620,175,4.956003,33682,7.103762278,7.106000000,2.237722,1,4.956003,5.000000,15
622,175,5.138733,33682,7.117644014,7.120000000,2.355986,1,5.138733,5.000000,15
623,175,5.383986,33682,7.131489691,7.134000000,2.510309,1,5.383986,5.000000,15
624,175,5.233763,33682,7.145217235,7.147500000,2.282765,1,5.233763,5.000000,15
625,175,5.031509,33682,7.159776224,7.162000000,2.223776,1,5.031509,5.000000,15
626,175,4.800034,33682,7.174090654,7.176500000,2.409346,1,4.800034,5.000000,15
627,175,4.494258,33682,7.188970788,7.191500000,2.529212,1,4.494258,5.000000,15
628,175,4.304409,33682,7.202531167,7.205000000,2.468833,1,4.304409,5.000000,15
629,175,4.483897,33682,7.215747559,7.218500000,2.752441,1,4.483897,5.000000,15
630,175,4.852919,33682,7.232299715,7.234500000,2.200285,1,4.852919,5.000000,15
632,175,4.510017,33682,7.244992610,7.247500000,2.507390,1,4.510017,5.000000,15
633,175,4.542162,33682,7.258375288,7.260500000,2.124712,1,4.542162,5.000000,15
634,175,4.495482,33682,7.272247967,7.274500000,2.252033,1,4.495482,5.000000,15
635,175,4.641129,33682,7.285821417,7.288000000,2.178583,1,4.641129,5.000000,15
636,175,4.727375,33682,7.301996855,7.304500000,2.503145,1,4.727375,5.000000,15
637,175,4.729148,33682,7.316978220,7.319500000,2.521780,1,4.729148,5.000000,15
638,175,4.745389,33682,7.331662003,7.334000000,2.337997,1,4.745389,5.000000,15
639,175,4.746989,33682,7.346577421,7.349000000,2.422579,1,4.746989,5.000000,15
640,175,4.662565,33682,7.359340195,7.361500000,2.159805,1,4.662565,5.000000,15
641,175,4.734265,33682,7.374973914,7.377500000,2.526086,1,4.734265,5.000000,15
643,175,4.865979,33682,7.388198141,7.390500000,2.301859,1,4.865979,5.000000,15
644,175,5.055923,33682,7.401449754,7.403500000,2.050246,1,5.055923,5.000000,15
645,175,5.014855,33682,7.415483920,7.418000000,2.516080,1,5.014855,5.000000,15
646,175,5.112335,33682,7.430423719,7.432500000,2.076281,1,5.112335,5.000000,15
647,175,5.021323,33682,7.444710271,7.447000000,2.289729,1,5.021323,5.000000,15
648,175,4.970159,33682,7.457693566,7.460000000,2.306434,1,4.970159,5.000000,15
649,175,4.833494,33682,7.473604631,7.476000000,2.395369,1,4.833494,5.000000,15
650,175,4.594742,33682,7.487183423,7.489500000,2.316577,1,4.594742,5.000000,15
651,175,4.780179,33682,7.502439370,7.504500000,2.060630,1,4.780179,5.000000,15
652,175,4.823935,33682,7.516359438,7.518500000,2.140562,1,4.823935,5.000000,15
653,175,5.027058,33682,7.530030772,7.532500000,2.469228,1,5.027058,5.000000,15
656,175,5.110385,33682,7.545498176,7.548000000,2.501824,1,5.110385,5.000000,15
657,175,5.153509,33682,7.558858682,7.561000000,2.141318,1,5.153509,5.000000,15
658,175,4.986468,33682,7.573870553,7.576000000,2.129447,1,4.986468,5.000000,15
659,175,5.154376,33682,7.587485502,7.590000000,2.514498,1,5.154376,5.000000,15
660,175,5.481055,33682,7.600688759,7.603000000,2.311241,1,5.481055,5.000000,15
661,175,6.046396,33682,7.615126963,7.617500000,2.373037,1,6.046396,5.000000,15
662,175,6.536938,33682,7.629168951,7.631500000,2.331049,1,6.536938,5.000000,15
663,175,6.895890,33682,7.641981552,7.644500000,2.518448,1,6.895890,5.000000,15
664,175,5.962916,33682,7.654883217,7.657000000,2.116783,1,5.962916,5.000000,15
665,175,5.681518,33682,7.670876502,7.673000000,2.123498,1,5.681518,5.000000,15
666,175,5.838725,33682,7.685037472,7.687500000,2.462528,1,5.838725,5.000000,15
667,175,5.909357,33682,7.697910310,7.700000000,2.089690,1,5.909357,5.000000,15
668,175,6.542588,33682,7.710673538,7.713000000,2.326462,1,6.542588,5.000000,15
669,175,6.317325,33682,7.723528716,7.726000000,2.471284,1,6.317325,5.000000,15
671,175,5.192233,33682,7.739263083,7.741500000,2.236917,1,5.192233,5.000000,15
672,175,5.775860,33682,7.754190037,7.756500000,2.309963,1,5.775860,5.000000,15
673,175,5.680173,33682,7.768141537,7.770500000,2.358463,1,5.680173,5.000000,15
674,175,5.603483,33682,7.781751579,7.784000000,2.248421,1,5.603483,5.000000,15
675,175,5.771035,33682,7.796363005,7.798500000,2.136995,1,5.771035,5.000000,15
677,175,3.228350,33682,7.810439646,7.812500000,2.060354,1,3.228350,5.000000,15
681,175,2.957222,33682,7.825789205,7.828000000,2.210795,1,2.957222,5.000000,15
683,175,2.862203,33682,7.839372758,7.841500000,2.127242,1,2.862203,5.000000,15
684,175,2.789267,33682,7.852093700,7.854500000,2.406300,1,2.789267,5.000000,15
685,175,3.057875,33682,7.865242565,7.867500000,2.257435,1,3.057875,5.000000,15
686,175,3.433370,33682,7.878418192,7.880500000,2.081808,1,3.433370,5.000000,15
687,175,3.467231,33682,7.891688940,7.894000000,2.311060,1,3.467231,5.000000,15
688,175,3.633077,33682,7.907198765,7.909500000,2.301235,1,3.633077,5.000000,14
689,175,3.616829,33682,7.919948919,7.922000000,2.051081,1,3.616829,5.000000,15
690,175,3.440239,33682,7.933751496,7.936000000,2.248504,1,3.440239,5.000000,15
692,175,3.179348,33682,7.947940093,7.950000000,2.059907,1,3.179348,5.000000,15
694,175,2.871433,33682,7.962426557,7.964500000,2.073443,1,2.871433,5.000000,15
696,175,2.728289,33682,7.977615085,7.980000000,2.384915,1,2.728289,5.000000,15
697,175,2.912699,33682,7.992890640,7.995000000,2.109360,1,2.912699,5.000000,15
698,175,3.055483,33682,8.007642240,8.010000000,2.357760,1,3.055483,5.000000,15
699,175,3.171431,33682,8.022450094,8.024500000,2.049906,1,3.171431,5.000000,15
700,175,3.132990,33682,8.035505737,8.038000000,2.494263,1,3.132990,5.000000,15
701,175,3.310811,33682,8.048778302,8.051000000,2.221698,1,3.310811,5.000000,15
702,175,4.935375,33682,8.062123381,8.064500000,2.376619,1,4.935375,5.000000,15
703,175,4.946279,33682,8.074840541,8.077000000,2.159459,1,4.946279,5.000000,15
704,175,5.102431,33682,8.091614072,8.094000000,2.385928,1,5.102431,5.000000,15
706,175,5.774565,33682,8.109098950,8.111500000,2.401050,1,5.774565,5.000000,15
707,175,6.610327,33682,8.122338614,8.127500000,5.161386,0,1392.803497,5.000000,15
708,175,6.676624,33682,8.135795781,8.138000000,2.204219,1,6.676624,5.000000,15
709,175,7.449847,33682,8.151102961,8.153500000,2.397039,1,7.449847,5.000000,15
710,175,7.375854,33682,8.164369842,8.166500000,2.130158,1,7.375854,5.000000,15
711,175,7.233200,33682,8.179552047,8.182000000,2.447953,1,7.233200,5.000000,15
712,175,7.280694,33682,8.193845713,8.196000000,2.154287,1,7.280694,5.000000,15
713,175,7.137748,33682,8.207101841,8.209500000,2.398159,1,7.137748,5.000000,15
714,175,7.096653,33682,8.222035892,8.224500000,2.464108,1,7.096653,5.000000,15
715,175,6.813427,33682,8.236496741,8.239000000,2.503259,1,6.813427,5.000000,15
716,175,6.754365,33682,8.251146437,8.253500000,2.353563,1,6.754365,5.000000,15
717,175,6.872692,33682,8.264887944,8.267000000,2.112056,1,6.872692,5.000000,15
719,175,6.717710,33682,8.278995565,8.281500000,2.504435,1,6.717710,5.000000,15
720,175,6.552198,33682,8.294235234,8.296500000,2.264766,1,6.552198,5.000000,15
721,175,6.610883,33682,8.308042354,8.310500000,2.457646,1,6.610883,5.000000,15
722,175,6.599743,33682,8.324695156,8.327000000,2.304844,1,6.599743,5.000000,15
723,175,6.799172,33682,8.339162363,8.341500000,2.337637,1,6.799172,5.000000,15
724,175,6.634173,33682,8.355073813,8.357500000,2.426187,1,6.634173,5.000000,15
725,175,6.650734,33682,8.369229160,8.371500000,2.270840,1,6.650734,5.000000,15
726,175,6.080434,33682,8.383604876,8.386000000,2.395124,1,6.080434,5.000000,15
728,175,5.722713,33682,8.397818778,8.400000000,2.181222,1,5.722713,5.000000,15
729,175,5.453090,33682,8.412341933,8.415000000,2.658067,1,5.453090,5.000000,15
730,175,5.469635,33682,8.430277706,8.432500000,2.222294,1,5.469635,5.000000,15
731,175,5.183746,33682,8.443445895,8.445500000,2.054105,1,5.183746,5.000000,15
732,175,4.924567,33682,8.457579817,8.460000000,2.420183,1,4.924567,5.000000,15
733,175,4.967286,33682,8.470530421,8.473000000,2.469579,1,4.967286,5.000000,15
735,175,4.919244,33682,8.486578904,8.489000000,2.421096,1,4.919244,5.000000,15
737,175,4.332902,33682,8.499816085,8.502000000,2.183915,1,4.332902,5.000000,15
738,175,4.193833,33682,8.515155651,8.517500000,2.344349,1,4.193833,5.000000,15
739,175,4.260394,33682,8.528847105,8.531000000,2.152895,1,4.260394,5.000000,15
740,175,3.948345,33682,8.542757767,8.545000000,2.242233,1,3.948345,5.000000,15
741,175,3.921528,33682,8.557378884,8.559500000,2.121116,1,3.921528,5.000000,15
743,175,3.651475,33682,8.570277523,8.572500000,2.222477,1,3.651475,5.000000,15
744,175,3.404934,33682,8.584696663,8.587000000,2.303337,1,3.404934,5.000000,15
745,175,3.381943,33682,8.600004325,8.602500000,2.495675,1,3.381943,5.000000,15
746,175,3.126471,33682,8.613546068,8.616000000,2.453932,1,3.126471,5.000000,15
747,175,3.070626,33682,8.628061897,8.630500000,2.438103,1,3.070626,5.000000,15
748,175,2.801777,33682,8.642584926,8.645000000,2.415074,1,2.801777,5.000000,15
749,175,2.712746,33682,8.655516046,8.658000000,2.483954,1,2.712746,5.000000,15
750,175,2.656528,33682,8.669116923,8.671500000,2.383077,1,2.656528,5.000000,15
751,175,2.605270,33682,8.682552772,8.685000000,2.447228,1,2.605270,5.000000,15
752,175,2.647245,33682,8.695263572,8.697500000,2.236428,1,2.647245,5.000000,15
753,175,2.575909,33682,8.709120637,8.711500000,2.379363,1,2.575909,5.000000,15
754,175,2.610900,33682,8.722695665,8.725000000,2.304335,1,2.610900,5.000000,15
757,175,2.961606,33682,8.736568843,8.739000000,2.431157,1,2.961606,5.000000,15
758,175,3.057863,33682,8.751554634,8.754000000,2.445366,1,3.057863,5.000000,15
759,175,3.177121,33682,8.764716009,8.767000000,2.283991,1,3.177121,5.000000,15
760,175,3.138550,33682,8.777813194,8.780000000,2.186806,1,3.138550,5.000000,15
762,175,3.294516,33682,8.792530385,8.795000000,2.469615,1,3.294516,5.000000,15
763,175,3.416976,33682,8.808942788,8.811000000,2.057212,1,3.416976,5.000000,15
764,175,3.526932,33682,8.826619397,8.829000000,2.380603,1,3.526932,5.000000,15
766,175,4.124272,33682,8.840042691,8.842500000,2.457309,1,4.124272,5.000000,15
767,175,4.027885,33682,8.857207301,8.860000000,2.792699,1,4.027885,5.000000,15
768,175,3.926224,33682,8.872908212,8.875000000,2.091788,1,3.926224,5.000000,15
769,175,4.164840,33682,8.886168477,8.888500000,2.331523,1,4.164840,5.000000,15
770,175,4.254725,33682,8.901489917,8.904000000,2.510083,1,4.254725,5.000000,15
771,175,4.406702,33682,8.914470342,8.917000000,2.529658,1,4.406702,5.000000,15
773,175,4.842591,33682,8.927665775,8.930500000,2.834225,1,4.842591,5.000000,15
774,175,5.099810,33682,8.943809494,8.946000000,2.190506,1,5.099810,5.000000,15
775,175,5.374333,33682,8.958657733,8.961000000,2.342267,1,5.374333,5.000000,15
776,175,5.455424,33682,8.973049093,8.975500000,2.450907,1,5.455424,5.000000,15
777,175,5.773960,33682,8.988609121,8.991000000,2.390879,1,5.773960,5.000000,15
778,175,5.858467,33682,9.002549229,9.005000000,2.450771,1,5.858467,5.000000,15
779,175,6.205929,33682,9.016649818,9.019000000,2.350182,1,6.205929,5.000000,15
780,175,6.912835,33682,9.030845536,9.033000000,2.154464,1,6.912835,5.000000,15
781,175,6.985548,33682,9.045763883,9.048000000,2.236117,1,6.985548,5.000000,15
782,175,6.488517,33682,9.062481952,9.065000000,2.518048,1,6.488517,5.000000,15
783,175,6.795540,33682,9.076102149,9.078500000,2.397851,1,6.795540,5.000000,15
784,175,7.926555,33682,9.093543913,9.096000000,2.456087,1,7.926555,5.000000,15
786,175,7.991413,33682,9.106913016,9.109000000,2.086984,1,7.991413,5.000000,15
787,175,7.643779,33682,9.123407045,9.125500000,2.092955,1,7.643779,5.000000,15
788,175,8.500913,33682,9.137012342,9.139500000,2.487658,1,8.500913,5.000000,15
789,175,7.935546,33682,9.150034811,9.152500000,2.465189,1,7.935546,5.000000,15
791,175,9.423449,33682,9.163700969,9.166000000,2.299031,1,9.423449,5.000000,15
792,175,9.374184,33682,9.177008638,9.179500000,2.491362,1,9.374184,5.000000,15
793,175,9.368514,33682,9.189925427,9.192000000,2.074573,1,9.368514,5.000000,15
795,175,8.904474,33682,9.202891051,9.205000000,2.108949,1,8.904474,5.000000,15
796,175,9.907469,33682,9.218429853,9.220500000,2.070147,1,9.907469,5.000000,15
797,175,10.886601,33682,9.234304361,9.236500000,2.195639,1,10.886601,5.000000,15
799,175,11.335616,33682,9.247414089,9.249500000,2.085911,1,11.335616,5.000000,15
800,175,10.882415,33682,9.260725515,9.263000000,2.274485,1,10.882415,5.000000,15
802,175,10.377807,33682,9.275528061,9.278000000,2.471939,1,10.377807,5.000000,15
803,175,9.868947,33682,9.291778163,9.294000000,2.221837,1,9.868947,5.000000,15
804,175,8.660867,33682,9.304703219,9.307500000,2.796781,1,8.660867,5.000000,15
805,175,6.528838,33682,9.318935337,9.321000000,2.064663,1,6.528838,5.000000,15
806,175,5.582106,33682,9.331964648,9.334500000,2.535352,1,5.582106,5.000000,15
808,175,4.723667,33682,9.344703647,9.347000000,2.296353,1,4.723667,5.000000,15
812,175,5.119112,33682,9.360358191,9.362500000,2.141809,1,5.119112,5.000000,15
813,175,5.609692,33682,9.374033491,9.376500000,2.466509,1,5.609692,5.000000,15
814,175,5.277537,33682,9.387188242,9.389500000,2.311758,1,5.277537,5.000000,15
815,175,4.994341,33682,9.402029923,9.404500000,2.470077,1,4.994341,5.000000,15
816,175,5.310341,33682,9.416463933,9.419000000,2.536067,1,5.310341,5.000000,15
817,175,5.116891,33682,9.429932428,9.432000000,2.067572,1,5.116891,5.000000,15
818,175,5.566544,33682,9.445227209,9.447500000,2.272791,1,5.566544,5.000000,15
819,175,5.718483,33682,9.459708998,9.462000000,2.291002,1,5.718483,5.000000,15
820,175,6.104522,33682,9.472770950,9.475000000,2.229050,1,6.104522,5.000000,15
821,175,6.790903,33682,9.486664757,9.489000000,2.335243,1,6.790903,5.000000,15
822,175,7.340250,33682,9.501158417,9.503500000,2.341583,1,7.340250,5.000000,15
823,175,7.511866,33682,9.516832676,9.519000000,2.167324,1,7.511866,5.000000,15
824,175,7.486431,33682,9.530388184,9.532500000,2.111816,1,7.486431,5.000000,15
825,175,7.795835,33682,9.544011639,9.546500000,2.488361,1,7.795835,5.000000,15
826,175,7.018920,33682,9.558038611,9.560500000,2.461389,1,7.018920,5.000000,15
827,175,6.713712,33682,9.570788499,9.573000000,2.211501,1,6.713712,5.000000,15
828,175,7.299702,33682,9.583649065,9.586000000,2.350935,1,7.299702,5.000000,15
829,175,7.205493,33682,9.597869173,9.600000000,2.130827,1,7.205493,5.000000,15
830,175,7.100341,33682,9.610929859,9.613000000,2.070141,1,7.100341,5.000000,15
831,175,7.163776,33682,9.623966757,9.626500000,2.533243,1,7.163776,5.000000,15
832,175,7.093022,33682,9.642300872,9.644500000,2.199128,1,7.093022,5.000000,15
833,175,7.091815,33682,9.658423211,9.660500000,2.076789,1,7.091815,5.000000,15
834,175,7.157867,33682,9.671168412,9.673500000,2.331588,1,7.157867,5.000000,15
835,175,6.614992,33682,9.684022223,9.686500000,2.477777,1,6.614992,5.000000,15
836,175,6.363678,33682,9.698729636,9.701000000,2.270364,1,6.363678,5.000000,15
837,175,6.339164,33682,9.713800596,9.716500000,2.699404,1,6.339164,5.000000,15
839,175,6.249110,33682,9.728526573,9.731000000,2.473427,1,6.249110,5.000000,15
841,175,6.369896,33682,9.741414387,9.743500000,2.085613,1,6.369896,5.000000,15
842,175,6.888583,33682,9.754167623,9.756500000,2.332377,1,6.888583,5.000000,15
843,175,7.054052,33682,9.768060939,9.770500000,2.439061,1,7.054052,5.000000,15
845,175,7.609661,33682,9.781832836,9.784000000,2.167164,1,7.609661,5.000000,15
846,175,8.194933,33682,9.794770943,9.797000000,2.229057,1,8.194933,5.000000,15
847,175,8.895247,33682,9.807570926,9.810000000,2.429074,1,8.895247,5.000000,15
848,175,9.883666,33682,9.821408996,9.823500000,2.091004,1,9.883666,5.000000,15
849,175,9.646362,33682,9.836629796,9.839000000,2.370204,1,9.646362,5.000000,15
850,175,10.178448,33682,9.849992026,9.852500000,2.507974,1,10.178448,5.000000,15
851,175,11.138346,33682,9.867125090,9.869500000,2.374910,1,11.138346,5.000000,15
852,175,10.822117,33682,9.881417385,9.883500000,2.082615,1,10.822117,5.000000,15
853,175,10.706219,33682,9.895770307,9.898000000,2.229693,1,10.706219,5.000000,15
854,175,11.360548,33682,9.908520153,9.914000000,5.479847,0,1392.803497,5.000000,15
855,175,11.457352,33682,9.921840240,9.924000000,2.159760,1,11.457352,5.000000,15
856,175,11.637162,33682,9.935045632,9.937500000,2.454368,1,11.637162,5.000000,15
857,175,11.234261,33682,9.948860813,9.951000000,2.139187,1,11.234261,5.000000,15
858,175,10.971786,33682,9.962698927,9.965000000,2.301073,1,10.971786,5.000000,15
859,175,11.054709,33682,9.976851697,9.979000000,2.148303,1,11.054709,5.000000,15
860,175,10.702967,33682,9.990198939,9.992500000,2.301061,1,10.702967,5.000000,15
861,175,10.094326,33682,10.007562265,10.010000000,2.437735,1,10.094326,5.000000,14
863,175,9.789722,33682,10.021497753,10.024000000,2.502247,1,9.789722,5.000000,14
865,175,8.605492,33682,10.037116611,10.039500000,2.383389,1,8.605492,5.000000,14
866,175,8.372805,33682,10.049867323,10.052000000,2.132677,1,8.372805,5.000000,14
867,175,7.522731,33682,10.062951160,10.065000000,2.048840,1,7.522731,5.000000,14
868,175,7.426192,33682,10.076559828,10.079500000,2.940172,1,7.426192,5.000000,14
870,175,6.703902,33682,10.089615328,10.092000000,2.384672,1,6.703902,5.000000,14
871,175,7.508220,33682,10.103386979,10.106000000,2.613021,1,7.508220,5.000000,14
872,175,7.645248,33682,10.117568160,10.120000000,2.431840,1,7.645248,5.000000,14
873,175,6.949994,33682,10.130673070,10.133500000,2.826930,1,6.949994,5.000000,14
874,175,6.919724,33682,10.147432184,10.149500000,2.067816,1,6.919724,5.000000,14
875,175,7.339876,33682,10.160100263,10.162500000,2.399737,1,7.339876,5.000000,14
876,175,7.847878,33682,10.174047263,10.176500000,2.452737,1,7.847878,5.000000,14
877,175,7.677582,33682,10.191141323,10.193500000,2.358677,1,7.677582,5.000000,14
878,175,8.409004,33682,10.207545136,10.210500000,2.954864,1,8.409004,5.000000,15
879,175,9.139562,33682,10.223218948,10.225500000,2.281052,1,9.139562,5.000000,15
880,175,8.978855,33682,10.240089194,10.242500000,2.410806,1,8.978855,5.000000,15
881,175,8.671998,33682,10.253175603,10.255500000,2.324397,1,8.671998,5.000000,15
882,175,8.374800,33682,10.267806617,10.270000000,2.193383,1,8.374800,5.000000,15
883,175,8.679906,33682,10.282695827,10.285000000,2.304173,1,8.679906,5.000000,15
884,175,8.112842,33682,10.296241331,10.298500000,2.258669,1,8.112842,5.000000,15
885,175,8.668167,33682,10.310507719,10.313000000,2.492281,1,8.668167,5.000000,15
886,175,8.759974,33682,10.324964985,10.327500000,2.535015,1,8.759974,5.000000,15
887,175,10.418552,33682,10.340811235,10.343000000,2.188765,1,10.418552,5.000000,15
888,175,10.980408,33682,10.354222624,10.356500000,2.277376,1,10.980408,5.000000,15
889,175,11.798659,33682,10.369316584,10.371500000,2.183416,1,11.798659,5.000000,15
890,175,11.719452,33682,10.383057427,10.385500000,2.442573,1,11.719452,5.000000,15
891,175,11.599849,33682,10.397044939,10.399500000,2.455061,1,11.599849,5.000000,15
892,175,10.429833,33682,10.410382319,10.412500000,2.117681,1,10.429833,5.000000,14
893,175,9.982496,33682,10.424274253,10.426500000,2.225747,1,9.982496,5.000000,15
894,175,9.720550,33682,10.437474564,10.440000000,2.525436,1,9.720550,5.000000,15
895,175,9.323610,33682,10.452025953,10.454500000,2.474047,1,9.323610,5.000000,15
896,175,9.195944,33682,10.467950500,10.470000000,2.049500,1,9.195944,5.000000,15
897,175,8.916381,33682,10.481697621,10.484000000,2.302379,1,8.916381,5.000000,15
898,175,8.895317,33682,10.494416031,10.496500000,2.083969,1,8.895317,5.000000,15
899,175,8.571984,33682,10.507816187,10.510000000,2.183813,1,8.571984,5.000000,15
901,175,8.685193,33682,10.523016257,10.528500000,5.483743,0,1392.803497,5.000000,15
902,175,8.525796,33682,10.536651732,10.539000000,2.348268,1,8.525796,5.000000,15
903,175,8.077487,33682,10.550090109,10.552500000,2.409891,1,8.077487,5.000000,15
904,175,8.422006,33682,10.566257639,10.568500000,2.242361,1,8.422006,5.000000,15
905,175,8.556499,33682,10.583385445,10.586000000,2.614555,1,8.556499,5.000000,15
906,175,8.731063,33682,10.597295322,10.599500000,2.204678,1,8.731063,5.000000,15
907,175,9.855933,33682,10.612664230,10.615000000,2.335770,1,9.855933,5.000000,15
908,175,10.989143,33682,10.625792055,10.628000000,2.207945,1,10.989143,5.000000,15
909,175,11.026770,33682,10.643263498,10.645500000,2.236502,1,11.026770,5.000000,15
910,175,10.817079,33682,10.657280957,10.659500000,2.219043,1,10.817079,5.000000,15
911,175,10.659897,33682,10.672373126,10.674500000,2.126874,1,10.659897,5.000000,15
912,175,9.883903,33682,10.685435959,10.687500000,2.064041,1,9.883903,5.000000,15
913,175,9.153416,33682,10.699802471,10.702000000,2.197529,1,9.153416,5.000000,15
914,175,8.420749,33682,10.713528394,10.716000000,2.471606,1,8.420749,5.000000,15
915,175,7.638664,33682,10.728928381,10.731000000,2.071619,1,7.638664,5.000000,15
916,175,8.091467,33682,10.743247080,10.745500000,2.252920,1,8.091467,5.000000,15
917,175,7.919918,33682,10.756562443,10.759000000,2.437557,1,7.919918,5.000000,15
918,175,8.011639,33682,10.772496865,10.775000000,2.503135,1,8.011639,5.000000,15
919,175,8.395368,33682,10.785732791,10.788000000,2.267209,1,8.395368,5.000000,15
920,175,9.018838,33682,10.798633726,10.801000000,2.366274,1,9.018838,5.000000,15
921,175,8.832425,33682,10.812256306,10.814500000,2.243694,1,8.832425,5.000000,15
922,175,8.933156,33682,10.827957647,10.830000000,2.042353,1,8.933156,5.000000,15
923,175,8.800402,33682,10.841308282,10.843500000,2.191718,1,8.800402,5.000000,15
924,175,8.823520,33682,10.854087183,10.856500000,2.412817,1,8.823520,5.000000,15
925,175,8.458495,33682,10.866933409,10.869000000,2.066591,1,8.458495,5.000000,15
926,175,8.459762,33682,10.881140221,10.883500000,2.359779,1,8.459762,5.000000,15
927,175,8.464326,33682,10.897016699,10.899500000,2.483301,1,8.464326,5.000000,15
928,175,8.541590,33682,10.911102025,10.913500000,2.397975,1,8.541590,5.000000,15
929,175,8.671434,33682,10.924728211,10.927000000,2.271789,1,8.671434,5.000000,15
930,175,9.271060,33682,10.937422941,10.939500000,2.077059,1,9.271060,5.000000,15
931,175,8.781782,33682,10.951897096,10.954000000,2.102904,1,8.781782,5.000000,15
933,175,8.122033,33682,10.966010892,10.968500000,2.489108,1,8.122033,5.000000,15
934,175,7.791760,33682,10.983639744,10.986000000,2.360256,1,7.791760,5.000000,15
935,175,7.424745,33682,10.997674616,11.000000000,2.325384,1,7.424745,5.000000,15
936,175,7.049707,33682,11.011840642,11.014000000,2.159358,1,7.049707,5.000000,14
937,175,6.712279,33682,11.024729641,11.027000000,2.270359,1,6.712279,5.000000,15
938,175,6.714615,33682,11.037590069,11.040000000,2.409931,1,6.714615,5.000000,15
939,175,6.670129,33682,11.053339808,11.055500000,2.160192,1,6.670129,5.000000,15
940,175,6.892069,33682,11.066507282,11.069000000,2.492718,1,6.892069,5.000000,15
941,175,7.148038,33682,11.081364061,11.083500000,2.135939,1,7.148038,5.000000,15
942,175,7.174770,33682,11.094541546,11.097000000,2.458454,1,7.174770,5.000000,15
943,175,7.222078,33682,11.108696071,11.111000000,2.303929,1,7.222078,5.000000,15
944,175,7.105745,33682,11.121744098,11.124000000,2.255902,1,7.105745,5.000000,15
945,175,7.381820,33682,11.135345024,11.137500000,2.154976,1,7.381820,5.000000,15
946,175,7.443638,33682,11.150672938,11.153000000,2.327062,1,7.443638,5.000000,15
947,175,7.169189,33682,11.163689691,11.166000000,2.310309,1,7.169189,5.000000,15
948,175,7.225487,33682,11.176459099,11.178500000,2.040901,1,7.225487,5.000000,15
950,175,7.291102,33682,11.189632413,11.192000000,2.367587,1,7.291102,5.000000,15
951,175,7.151334,33682,11.203680317,11.206000000,2.319683,1,7.151334,5.000000,15
952,175,8.034442,33682,11.216613953,11.219000000,2.386047,1,8.034442,5.000000,15
953,175,8.046058,33682,11.231015203,11.233500000,2.484797,1,8.046058,5.000000,15
954,175,8.348916,33682,11.247534456,11.250000000,2.465544,1,8.348916,5.000000,15
955,175,8.374075,33682,11.264158129,11.266500000,2.341871,1,8.374075,5.000000,15
956,175,8.640056,33682,11.277085735,11.279500000,2.414265,1,8.640056,5.000000,15
957,175,8.546131,33682,11.289823586,11.292000000,2.176414,1,8.546131,5.000000,15
958,175,8.544483,33682,11.304250894,11.306500000,2.249106,1,8.544483,5.000000,15
959,175,8.179433,33682,11.316992015,11.320000000,3.007985,1,8.179433,5.000000,15
960,175,8.075124,33682,11.331784549,11.334000000,2.215451,1,8.075124,5.000000,15
961,175,7.387095,33682,11.344815125,11.347000000,2.184875,1,7.387095,5.000000,15
962,175,7.387931,33682,11.359566216,11.362000000,2.433784,1,7.387931,5.000000,15
963,175,6.947899,33682,11.373064974,11.375500000,2.435026,1,6.947899,5.000000,15
965,175,6.124977,33682,11.387798361,11.390000000,2.201639,1,6.124977,5.000000,15
966,175,6.010058,33682,11.400995228,11.403500000,2.504772,1,6.010058,5.000000,15
967,175,5.433227,33682,11.413779732,11.416500000,2.720268,1,5.433227,5.000000,15
968,175,5.265657,33682,11.426986840,11.429500000,2.513160,1,5.265657,5.000000,15
969,175,4.957088,33682,11.441347242,11.443500000,2.152758,1,4.957088,5.000000,15
970,175,5.061917,33682,11.457152990,11.459500000,2.347010,1,5.061917,5.000000,15
971,175,5.261018,33682,11.470312343,11.472500000,2.187657,1,5.261018,5.000000,15
972,175,5.932618,33682,11.483969437,11.486500000,2.530563,1,5.932618,5.000000,15
973,175,5.764054,33682,11.497248274,11.499500000,2.251726,1,5.764054,5.000000,15
974,175,5.719087,33682,11.511245599,11.513500000,2.254401,1,5.719087,5.000000,15
975,175,5.438606,33682,11.525143357,11.527500000,2.356643,1,5.438606,5.000000,15
977,175,5.373026,33682,11.541733787,11.544000000,2.266213,1,5.373026,5.000000,15
979,175,6.123450,33682,11.556295900,11.558500000,2.204100,1,6.123450,5.000000,15
980,175,6.175447,33682,11.569655485,11.572000000,2.344515,1,6.175447,5.000000,15
981,175,5.846398,33682,11.582761901,11.585000000,2.238099,1,5.846398,5.000000,15
982,175,5.681177,33682,11.596837935,11.599000000,2.162065,1,5.681177,5.000000,15
983,175,5.733858,33682,11.613829891,11.616000000,2.170109,1,5.733858,5.000000,15
984,175,5.878590,33682,11.629425227,11.631500000,2.074773,1,5.878590,5.000000,15
985,175,5.783849,33682,11.643745243,11.646500000,2.754757,1,5.783849,5.000000,15
986,175,5.827127,33682,11.659247875,11.661500000,2.252125,1,5.827127,5.000000,15
987,175,5.718492,33682,11.671920102,11.674000000,2.079898,1,5.718492,5.000000,15
988,175,5.616237,33682,11.687524994,11.690000000,2.475006,1,5.616237,5.000000,15
989,175,5.526815,33682,11.703006876,11.705500000,2.493124,1,5.526815,5.000000,15
991,175,5.387968,33682,11.716038989,11.718500000,2.461011,1,5.387968,5.000000,15
992,175,5.319462,33682,11.731465968,11.734000000,2.534032,1,5.319462,5.000000,15
993,175,5.159987,33682,11.745234495,11.747500000,2.265505,1,5.159987,5.000000,15
994,175,5.150426,33682,11.759956127,11.762000000,2.043873,1,5.150426,5.000000,15
995,175,4.927896,33682,11.774601972,11.777000000,2.398028,1,4.927896,5.000000,15
996,175,4.994497,33682,11.787856465,11.790000000,2.143535,1,4.994497,5.000000,15
997,175,4.978115,33682,11.801618318,11.804000000,2.381682,1,4.978115,5.000000,15
998,175,5.045561,33682,11.817615445,11.820000000,2.384555,1,5.045561,5.000000,15
999,175,5.061731,33682,11.830308496,11.832500000,2.191504,1,5.061731,5.000000,15
1000,175,5.251633,33682,11.845285965,11.847500000,2.214035,1,5.251633,5.000000,15
1001,175,5.228624,33682,11.860309166,11.862500000,2.190834,1,5.228624,5.000000,15
1002,175,5.355657,33682,11.873686927,11.876000000,2.313073,1,5.355657,5.000000,15
1004,175,5.364486,33682,11.887847719,11.890000000,2.152281,1,5.364486,5.000000,15
1005,175,5.400056,33682,11.901800906,11.904000000,2.199094,1,5.400056,5.000000,15
1006,175,5.547349,33682,11.914585482,11.917000000,2.414518,1,5.547349,5.000000,15
1007,175,5.731615,33682,11.929009659,11.931500000,2.490341,1,5.731615,5.000000,15
1008,175,5.941489,33682,11.942284641,11.944500000,2.215359,1,5.941489,5.000000,15
1009,175,6.148374,33682,11.955435130,11.957500000,2.064870,1,6.148374,5.000000,15
1010,175,6.371803,33682,11.970249063,11.972500000,2.250937,1,6.371803,5.000000,15
1012,175,6.104211,33682,11.985311821,11.987500000,2.188179,1,6.104211,5.000000,15
1013,175,5.906934,33682,11.999562357,12.002000000,2.437643,1,5.906934,5.000000,15
1014,175,6.193079,33682,12.013739669,12.016000000,2.260331,1,6.193079,5.000000,15
1015,175,6.372530,33682,12.026497111,12.029000000,2.502889,1,6.372530,5.000000,15
1016,175,6.190596,33682,12.039443425,12.042000000,2.556575,1,6.190596,5.000000,15
1017,175,5.960096,33682,12.052938709,12.055000000,2.061291,1,5.960096,5.000000,15
1019,175,5.960259,33682,12.066325561,12.068500000,2.174439,1,5.960259,5.000000,15
1020,175,6.186097,33682,12.081512379,12.084000000,2.487621,1,6.186097,5.000000,15
1021,175,6.194585,33682,12.097206558,12.099500000,2.293442,1,6.194585,5.000000,15
1022,175,6.365943,33682,12.111612027,12.114000000,2.387973,1,6.365943,5.000000,15
1023,175,6.255090,33682,12.127028115,12.130000000,2.971885,1,6.255090,5.000000,15
1024,175,6.548059,33682,12.143401262,12.145500000,2.098738,1,6.548059,5.000000,15
1025,175,6.572180,33682,12.158421312,12.160500000,2.078688,1,6.572180,5.000000,15
1026,175,6.639086,33682,12.173910199,12.176000000,2.089801,1,6.639086,5.000000,15
1027,175,6.474629,33682,12.187329965,12.189500000,2.170035,1,6.474629,5.000000,15
1028,175,6.866421,33682,12.200483734,12.203000000,2.516266,1,6.866421,5.000000,15
1030,175,7.020451,33682,12.213935065,12.216000000,2.064935,1,7.020451,5.000000,14
1031,175,6.623259,33682,12.226684153,12.229000000,2.315847,1,6.623259,5.000000,14
1033,175,6.308467,33682,12.241629004,12.244000000,2.370996,1,6.308467,5.000000,14
1034,175,6.443327,33682,12.254875118,12.257000000,2.124882,1,6.443327,5.000000,14
1035,175,5.777986,33682,12.270371453,12.272500000,2.128547,1,5.777986,5.000000,14
1038,175,5.517923,33682,12.283244042,12.285500000,2.255958,1,5.517923,5.000000,14
1039,175,5.302551,33682,12.296573139,12.299000000,2.426861,1,5.302551,5.000000,14
1040,175,5.290141,33682,12.309628400,12.315500000,5.871600,0,1392.803497,5.000000,14
1042,175,5.928569,33682,12.322617377,12.325000000,2.382623,1,5.928569,5.000000,14
1043,175,6.172729,33682,12.336068841,12.338500000,2.431159,1,6.172729,5.000000,14
1044,175,6.520727,33682,12.351413906,12.353500000,2.086094,1,6.520727,5.000000,14
1045,175,5.929341,33682,12.365793842,12.368000000,2.206158,1,5.929341,5.000000,14
1046,175,6.013219,33682,12.380502421,12.383000000,2.497579,1,6.013219,5.000000,14
1049,175,6.377222,33682,12.394855762,12.397000000,2.144238,1,6.377222,5.000000,14
1050,175,7.430742,33682,12.408997434,12.414500000,5.502566,0,1392.803497,5.000000,14
1051,175,7.753268,33682,12.423617874,12.426000000,2.382126,1,7.753268,5.000000,14
1052,175,8.408781,33682,12.439557965,12.442000000,2.442035,1,8.408781,5.000000,14
1054,175,6.527643,33682,12.454594058,12.457000000,2.405942,1,6.527643,5.000000,14
1056,175,5.989120,33682,12.469273607,12.471500000,2.226393,1,5.989120,5.000000,14
1058,175,8.129165,33682,12.485702676,12.488000000,2.297324,1,8.129165,5.000000,14
1059,175,7.917430,33682,12.504728791,12.507000000,2.271209,1,7.917430,5.000000,14
1060,175,8.559674,33682,12.519050832,12.521500000,2.449168,1,8.559674,5.000000,14
1062,175,9.621332,33682,12.533110298,12.535500000,2.389702,1,9.621332,5.000000,14
1063,175,9.433729,33682,12.545866527,12.548000000,2.133473,1,9.433729,5.000000,14
1064,175,10.330598,33682,12.559600500,12.562000000,2.399500,1,10.330598,5.000000,14
1065,175,11.167856,33682,12.574117207,12.576500000,2.382793,1,11.167856,5.000000,14
1066,175,12.498366,33682,12.588035443,12.590500000,2.464557,1,12.498366,5.000000,14
1067,175,12.857176,33682,12.604043366,12.609500000,5.456634,0,1392.803497,5.000000,14
1069,175,15.118660,33682,12.618097348,12.620500000,2.402652,1,15.118660,5.000000,14
1070,175,16.399679,33682,12.631403764,12.633500000,2.096236,1,16.399679,5.000000,14
1071,175,17.584822,33682,12.646383917,12.648500000,2.116083,1,17.584822,5.000000,14
1072,175,20.562067,33682,12.661578145,12.664000000,2.421855,1,20.562067,5.000000,14
1073,175,23.271917,33682,12.675260630,12.677500000,2.239370,1,23.271917,5.000000,14
1074,175,28.102486,33682,12.688833386,12.691000000,2.166614,1,28.102486,5.000000,14
1075,175,28.190266,33682,12.702044585,12.704500000,2.455415,1,28.190266,5.000000,14
1076,175,31.198870,33682,12.716780846,12.719000000,2.219154,1,31.198870,5.000000,14
1077,175,29.136034,33682,12.730996986,12.733500000,2.503014,1,29.136034,5.000000,14
1078,175,27.840440,33682,12.745606656,12.748000000,2.393344,1,27.840440,5.000000,14
1079,175,22.208609,33682,12.762658966,12.765000000,2.341034,1,22.208609,5.000000,14
1081,175,20.191418,33682,12.778250986,12.780500000,2.249014,1,20.191418,5.000000,14
1082,175,24.690689,33682,12.792550412,12.795000000,2.449588,1,24.690689,5.000000,14
1083,175,25.899934,33682,12.805511710,12.811000000,5.488290,0,1392.803497,5.000000,14
1084,175,28.664666,33682,12.818950843,12.821000000,2.049157,1,28.664666,5.000000,14
1085,175,26.787841,33682,12.832348937,12.834500000,2.151063,1,26.787841,5.000000,14
1086,175,26.497324,33682,12.846442662,12.848500000,2.057338,1,26.497324,5.000000,14
1087,175,23.570896,33682,12.859561817,12.862000000,2.438183,1,23.570896,5.000000,14
1088,175,21.134815,33682,12.872421305,12.874500000,2.078695,1,21.134815,5.000000,14
1090,175,21.310753,33682,12.885879848,12.888000000,2.120152,1,21.310753,5.000000,14
1091,175,25.424584,33682,12.900305006,12.905500000,5.194994,0,1392.803497,5.000000,14
1092,175,30.181769,33682,12.916516171,12.919000000,2.483829,1,30.181769,5.000000,14
1093,175,29.164892,33682,12.929445012,12.931500000,2.054988,1,29.164892,5.000000,14
1094,175,28.718654,33682,12.943856894,12.946000000,2.143106,1,28.718654,5.000000,14
1095,175,25.185896,33682,12.958513925,12.961000000,2.486075,1,25.185896,5.000000,14
1096,175,24.741618,33682,12.972866471,12.975000000,2.133529,1,24.741618,5.000000,14
1097,175,23.665978,33682,12.988061252,12.990500000,2.438748,1,23.665978,5.000000,14
1098,175,20.255160,33682,13.001610603,13.004000000,2.389397,1,20.255160,5.000000,14
1099,175,17.072936,33682,13.015503223,13.018000000,2.496777,1,17.072936,5.000000,14
1101,175,15.081888,33682,13.029723344,13.032000000,2.276656,1,15.081888,5.000000,14
1102,175,16.474248,33682,13.042767478,13.045000000,2.232522,1,16.474248,5.000000,14
1103,175,14.861610,33682,13.057195175,13.059500000,2.304825,1,14.861610,5.000000,14
1104,175,14.151392,33682,13.071779030,13.074000000,2.220970,1,14.151392,5.000000,14
1105,175,12.468643,33682,13.086821496,13.089000000,2.178504,1,12.468643,5.000000,14
1107,175,12.227300,33682,13.100526841,13.103000000,2.473159,1,12.227300,5.000000,14
1108,175,13.759100,33682,13.116789976,13.119000000,2.210024,1,13.759100,5.000000,14
1109,175,12.044849,33682,13.129796749,13.132000000,2.203251,1,12.044849,5.000000,14
1111,175,11.418525,33682,13.144526704,13.147000000,2.473296,1,11.418525,5.000000,14
1112,175,12.760854,33682,13.160032183,13.162500000,2.467817,1,12.760854,5.000000,14
1113,175,12.596390,33682,13.174192059,13.176500000,2.307941,1,12.596390,5.000000,14
1115,175,14.213665,33682,13.189111034,13.191500000,2.388966,1,14.213665,5.000000,14
1116,175,14.091777,33682,13.204353941,13.206500000,2.146059,1,14.091777,5.000000,14
1117,175,12.129600,33682,13.218949690,13.221000000,2.050310,1,12.129600,5.000000,15
1118,175,12.188385,33682,13.233835536,13.236000000,2.164464,1,12.188385,5.000000,15
1119,175,11.299908,33682,13.247768464,13.250000000,2.231536,1,11.299908,5.000000,15
1120,175,11.143422,33682,13.263197273,13.268500000,5.302727,0,1392.803497,5.000000,15
1121,175,9.741825,33682,13.276077038,13.278500000,2.422962,1,9.741825,5.000000,15
1122,175,9.445104,33682,13.290582596,13.293000000,2.417404,1,9.445104,5.000000,15
1123,175,8.656890,33682,13.305811064,13.308000000,2.188936,1,8.656890,5.000000,15
1125,175,7.255560,33682,13.320280604,13.322500000,2.219396,1,7.255560,5.000000,15
1126,175,6.994424,33682,13.333829453,13.336000000,2.170547,1,6.994424,5.000000,15
1128,175,5.941798,33682,13.348588415,13.351000000,2.411585,1,5.941798,5.000000,15
1129,175,6.353344,33682,13.362701762,13.365000000,2.298238,1,6.353344,5.000000,15
1130,175,7.588462,33682,13.375393025,13.377500000,2.106975,1,7.588462,5.000000,15
1131,175,7.349304,33682,13.390805401,13.393000000,2.194599,1,7.349304,5.000000,15
1133,175,8.687472,33682,13.405926745,13.408000000,2.073255,1,8.687472,5.000000,15
1134,175,10.853302,33682,13.420391504,13.422500000,2.108496,1,10.853302,5.000000,15
1136,175,13.221446,33682,13.436006830,13.438500000,2.493170,1,13.221446,5.000000,15
1137,175,13.153761,33682,13.449013646,13.451500000,2.486354,1,13.153761,5.000000,15
1139,175,16.062760,33682,13.462707372,13.465000000,2.292628,1,16.062760,5.000000,15
1140,175,18.524279,33682,13.479118654,13.481500000,2.381346,1,18.524279,5.000000,15
1141,175,19.415514,33682,13.491881427,13.494000000,2.118573,1,19.415514,5.000000,15
1142,175,22.208033,33682,13.505834683,13.508000000,2.165317,1,22.208033,5.000000,15
1143,175,24.143701,33682,13.523288700,13.525500000,2.211300,1,24.143701,5.000000,15
1144,175,26.685972,33682,13.536312960,13.538500000,2.187040,1,26.685972,5.000000,15
1145,175,25.685314,33682,13.551396963,13.553500000,2.103037,1,25.685314,5.000000,15
1146,175,26.184407,33682,13.564645397,13.567000000,2.354603,1,26.184407,5.000000,15
1147,175,24.066614,33682,13.581769124,13.584000000,2.230876,1,24.066614,5.000000,15
1148,175,24.582344,33682,13.596869955,13.599000000,2.130045,1,24.582344,5.000000,15
1149,175,23.516790,33682,13.610229375,13.612500000,2.270625,1,23.516790,5.000000,15
1150,175,22.582039,33682,13.623782856,13.626000000,2.217144,1,22.582039,5.000000,15
1152,175,21.579061,33682,13.636541595,13.639000000,2.458405,1,21.579061,5.000000,15
1153,175,22.515806,33682,13.650214903,13.652500000,2.285097,1,22.515806,5.000000,15
1154,175,22.778576,33682,13.665967258,13.668500000,2.532742,1,22.778576,5.000000,15
1155,175,20.728835,33682,13.679877778,13.682000000,2.122222,1,20.728835,5.000000,15
1156,175,17.644250,33682,13.695377824,13.697500000,2.122176,1,17.644250,5.000000,15
1158,175,14.815972,33682,13.709552521,13.712500000,2.947479,1,14.815972,5.000000,15
1159,175,14.550932,33682,13.723195650,13.725500000,2.304350,1,14.550932,5.000000,15
1160,175,14.488330,33682,13.736033729,13.738500000,2.466271,1,14.488330,5.000000,15
1162,175,21.168356,33682,13.749944498,13.752000000,2.055502,1,21.168356,5.000000,15
1163,175,23.290618,33682,13.763614581,13.766000000,2.385419,1,23.290618,5.000000,15
1164,175,27.008007,33682,13.780952566,13.783000000,2.047434,1,27.008007,5.000000,15
1165,175,30.650760,33682,13.795416169,13.797500000,2.083831,1,30.650760,5.000000,15
1166,175,32.638805,33682,13.809291313,13.817500000,8.208687,0,1392.803497,5.000000,15
1167,175,30.189530,33682,13.823428134,13.825500000,2.071866,1,30.189530,5.000000,15
1168,175,28.685470,33682,13.836885727,13.839000000,2.114273,1,28.685470,5.000000,15
1169,175,24.106859,33682,13.850794539,13.853000000,2.205461,1,24.106859,5.000000,15
1170,175,21.756213,33682,13.865831079,13.871000000,5.168921,0,1392.803497,5.000000,15
1171,175,17.964791,33682,13.878553082,13.881000000,2.446918,1,17.964791,5.000000,15
1172,175,13.843567,33682,13.891621489,13.894000000,2.378511,1,13.843567,5.000000,15
1175,175,9.222748,33682,13.904544768,13.907000000,2.455232,1,9.222748,5.000000,14
1176,175,9.796314,33682,13.917499564,13.920000000,2.500436,1,9.796314,5.000000,15
1177,175,9.290941,33682,13.930459845,13.932500000,2.040155,1,9.290941,5.000000,15
1179,175,11.200340,33682,13.943890223,13.949000000,5.109777,0,1392.803497,5.000000,15
1180,175,12.508567,33682,13.959097841,13.961500000,2.402159,1,12.508567,5.000000,15
1182,175,14.392064,33682,13.973733827,13.976000000,2.266173,1,14.392064,5.000000,15
1183,175,15.510341,33682,13.987475267,13.990000000,2.524733,1,15.510341,5.000000,15
1184,175,17.684333,33682,14.001612660,14.004000000,2.387340,1,17.684333,5.000000,15
1185,175,15.971773,33682,14.015124976,14.017500000,2.375024,1,15.971773,5.000000,14
1186,175,15.360309,33682,14.031599416,14.034000000,2.400584,1,15.360309,5.000000,14
1188,175,15.375016,33682,14.045054236,14.047500000,2.445764,1,15.375016,5.000000,14
1189,175,13.751288,33682,14.060558274,14.063000000,2.441726,1,13.751288,5.000000,14
1190,175,13.616211,33682,14.076037318,14.078500000,2.462682,1,13.616211,5.000000,14
1191,175,11.833517,33682,14.089008278,14.091500000,2.491722,1,11.833517,5.000000,14
1193,175,10.620949,33682,14.102977054,14.108500000,5.522946,0,1392.803497,5.000000,14
1194,175,9.602939,33682,14.118262608,14.120500000,2.237392,1,9.602939,5.000000,14
1197,175,8.511167,33682,14.132230521,14.134500000,2.269479,1,8.511167,5.000000,14
1198,175,8.636166,33682,14.145333953,14.147500000,2.166047,1,8.636166,5.000000,14
1199,175,7.173496,33682,14.158626838,14.161000000,2.373162,1,7.173496,5.000000,14
1201,175,6.360662,33682,14.171790490,14.174000000,2.209510,1,6.360662,5.000000,14
1202,175,7.125217,33682,14.186339751,14.188500000,2.160249,1,7.125217,5.000000,14
1203,175,6.993331,33682,14.201040069,14.203500000,2.459931,1,6.993331,5.000000,14
1205,175,7.532092,33682,14.215382351,14.217500000,2.117649,1,7.532092,5.000000,14
1206,175,8.216463,33682,14.229134997,14.231500000,2.365003,1,8.216463,5.000000,14
1207,175,8.297424,33682,14.244579317,14.247000000,2.420683,1,8.297424,5.000000,14
1208,175,8.394758,33682,14.259848859,14.262000000,2.151141,1,8.394758,5.000000,14
1209,175,8.136038,33682,14.272885222,14.275000000,2.114778,1,8.136038,5.000000,14
1211,175,8.208846,33682,14.286443538,14.288500000,2.056462,1,8.208846,5.000000,14
1212,175,8.442642,33682,14.302669929,14.305000000,2.330071,1,8.442642,5.000000,14
1213,175,8.954851,33682,14.317091697,14.319500000,2.408303,1,8.954851,5.000000,14
1214,175,10.278410,33682,14.332386811,14.334500000,2.113189,1,10.278410,5.000000,14
1215,175,10.203351,33682,14.346261866,14.348500000,2.238134,1,10.203351,5.000000,14
1216,175,10.573682,33682,14.359128044,14.361500000,2.371956,1,10.573682,5.000000,14
1217,175,9.833572,33682,14.372139383,14.374500000,2.360617,1,9.833572,5.000000,14
1218,175,11.090818,33682,14.386059694,14.388500000,2.440306,1,11.090818,5.000000,14
1219,175,9.947298,33682,14.401092713,14.403500000,2.407287,1,9.947298,5.000000,14
1220,175,8.796470,33682,14.416352134,14.418500000,2.147866,1,8.796470,5.000000,15
1223,175,6.216673,33682,14.431166435,14.433500000,2.333565,1,6.216673,5.000000,15
1224,175,7.203713,33682,14.445082384,14.447500000,2.417616,1,7.203713,5.000000,15
1226,175,8.816065,33682,14.458395556,14.460500000,2.104444,1,8.816065,5.000000,15
1227,175,9.988628,33682,14.471408018,14.473500000,2.091982,1,9.988628,5.000000,15
1228,175,11.993397,33682,14.485771228,14.488000000,2.228772,1,11.993397,5.000000,15
1229,175,12.431926,33682,14.499096560,14.501500000,2.403440,1,12.431926,5.000000,15
1230,175,14.436585,33682,14.512913686,14.518000000,5.086314,0,1392.803497,5.000000,15
1231,175,14.381115,33682,14.527037667,14.529500000,2.462333,1,14.381115,5.000000,15
1232,175,16.053369,33682,14.542730849,14.545000000,2.269151,1,16.053369,5.000000,15
1233,175,15.184932,33682,14.555502926,14.558000000,2.497074,1,15.184932,5.000000,15
1234,175,16.051171,33682,14.569827988,14.572000000,2.172012,1,16.051171,5.000000,15
1235,175,15.253007,33682,14.582584021,14.585000000,2.415979,1,15.253007,5.000000,15
1237,175,14.918501,33682,14.596924280,14.599000000,2.075720,1,14.918501,5.000000,15
1238,175,16.003119,33682,14.611712398,14.614000000,2.287602,1,16.003119,5.000000,14
1239,175,15.998473,33682,14.626094858,14.628500000,2.405142,1,15.998473,5.000000,15
1240,175,16.813060,33682,14.640185626,14.642500000,2.314374,1,16.813060,5.000000,15
1241,175,17.158007,33682,14.654471321,14.657000000,2.528679,1,17.158007,5.000000,15
1242,175,18.416132,33682,14.669309366,14.671500000,2.190634,1,18.416132,5.000000,15
1243,175,18.897011,33682,14.685046484,14.687500000,2.453516,1,18.897011,5.000000,15
1244,175,19.653252,33682,14.699372124,14.701500000,2.127876,1,19.653252,5.000000,15
1245,175,20.081137,33682,14.714335289,14.716500000,2.164711,1,20.081137,5.000000,15
1246,175,20.397696,33682,14.727972021,14.730500000,2.527979,1,20.397696,5.000000,15
1247,175,21.420739,33682,14.741235395,14.743500000,2.264605,1,21.420739,5.000000,15
1248,175,23.092491,33682,14.754256590,14.757000000,2.743410,1,23.092491,5.000000,15
1249,175,26.562484,33682,14.767595001,14.770000000,2.404999,1,26.562484,5.000000,15
1250,175,28.682701,33682,14.781611547,14.784000000,2.388453,1,28.682701,5.000000,15
1251,175,28.142332,33682,14.796705733,14.799000000,2.294267,1,28.142332,5.000000,15
1252,175,28.130921,33682,14.810234246,14.818500000,8.265754,0,1392.803497,5.000000,14
1253,175,58.287007,33682,14.823398278,14.825500000,2.101722,1,58.287007,5.000000,14
1254,175,42.642761,33682,14.839337381,14.841500000,2.162619,1,42.642761,5.000000,14
1255,175,41.027330,33682,14.857178193,14.859500000,2.321807,1,41.027330,5.000000,14
1256,175,26.747981,33682,14.871678946,14.874000000,2.321054,1,26.747981,5.000000,14
1257,175,14.463439,33682,14.888945148,14.891000000,2.054852,1,14.463439,5.000000,14
1259,175,20.555044,33682,14.903495449,14.906000000,2.504551,1,20.555044,5.000000,14
1260,175,34.559964,33682,14.918427139,14.920500000,2.072861,1,34.559964,5.000000,14
1261,175,50.346333,33682,14.932290136,14.935000000,2.709864,1,50.346333,5.000000,14
1262,175,25.180611,33682,14.945733308,14.948000000,2.266692,1,25.180611,5.000000,14
1265,175,36.612274,33682,14.959815678,14.962000000,2.184322,1,36.612274,5.000000,14
1266,175,50.925026,33682,14.973134859,14.975500000,2.365141,1,50.925026,5.000000,14
1267,175,65.963805,33682,14.986467428,14.989500000,3.032572,1,65.963805,5.000000,14
1268,175,84.819982,33682,15.001729619,15.004000000,2.270381,1,84.819982,5.000000,14
1269,175,81.500583,33682,15.017402877,15.022500000,5.097123,0,1392.803497,5.000000,14
1270,175,54.341730,33682,15.031597715,15.034000000,2.402285,1,54.341730,5.000000,14
1272,175,33.812435,33682,15.046165233,15.048500000,2.334767,1,33.812435,5.000000,14
1273,175,63.023954,33682,15.063012640,15.065500000,2.487360,1,63.023954,5.000000,14
1274,175,91.748488,33682,15.075852148,15.078000000,2.147852,1,91.748488,5.000000,14
1275,175,113.217531,33682,15.090445414,15.092500000,2.054586,1,113.217531,5.000000,14
1276,175,137.329557,33682,15.105607876,15.111000000,5.392124,0,1392.803497,5.000000,14
1277,175,153.890729,33682,15.118886374,15.121000000,2.113626,1,153.890729,5.000000,14
1278,175,170.128032,33682,15.133835553,15.136000000,2.164447,1,170.128032,5.000000,14
1279,175,210.789491,33682,15.146774203,15.149000000,2.225797,1,210.789491,5.000000,14
1280,175,235.328426,33682,15.163876857,15.166000000,2.123143,1,235.328426,5.000000,14
1281,175,273.768014,33682,15.178431542,15.180500000,2.068458,1,273.768014,5.000000,14
1282,175,285.879543,33682,15.191628211,15.194000000,2.371789,1,285.879543,5.000000,14
1283,175,316.648923,33682,15.206904999,15.215000000,8.095001,0,1392.803497,5.000000,14
1284,175,327.589142,33682,15.220534071,15.223000000,2.465929,1,327.589142,5.000000,14
1285,175,314.285442,33682,15.234483187,15.237000000,2.516813,1,314.285442,5.000000,14
1286,175,290.881613,33682,15.248558824,15.251000000,2.441176,1,290.881613,5.000000,14
1287,175,555.962596,33682,15.261595889,15.264000000,2.404111,1,555.962596,5.000000,14
1288,175,280.264006,33682,15.275591443,15.278000000,2.408557,1,280.264006,5.000000,14
1289,175,64.935592,33682,15.288710769,15.291000000,2.289231,1,64.935592,5.000000,14
1290,175,45.712123,33682,15.303417990,15.308500000,5.082010,0,1392.803497,5.000000,14
1291,175,40.175900,33682,15.318908321,15.321500000,2.591679,1,40.175900,5.000000,14
1293,175,43.333526,33682,15.333578180,15.336000000,2.421820,1,43.333526,5.000000,14
1294,175,64.040920,33682,15.346756936,15.349000000,2.243064,1,64.040920,5.000000,14
1295,175,56.154371,33682,15.359950564,15.362000000,2.049436,1,56.154371,5.000000,14
1296,175,49.378174,33682,15.372673837,15.375000000,2.326163,1,49.378174,5.000000,14
1297,175,71.423211,33682,15.389072818,15.391500000,2.427182,1,71.423211,5.000000,14
1298,175,33.485959,33682,15.403493915,15.406000000,2.506085,1,33.485959,5.000000,14
1299,175,33.034853,33682,15.416461157,15.418500000,2.038843,1,33.034853,5.000000,14
1300,175,50.234019,33682,15.429140976,15.431500000,2.359024,1,50.234019,5.000000,14
1301,175,47.810326,33682,15.445341059,15.447500000,2.158941,1,47.810326,5.000000,14
1303,175,32.231486,33682,15.458464278,15.461000000,2.535722,1,32.231486,5.000000,14
1304,175,27.373874,33682,15.472317604,15.474500000,2.182396,1,27.373874,5.000000,14
1305,175,23.251112,33682,15.488529531,15.491000000,2.470469,1,23.251112,5.000000,14
1306,175,34.023570,33682,15.502512040,15.505000000,2.487960,1,34.023570,5.000000,14
1307,175,40.429291,33682,15.515581380,15.521000000,5.418620,0,1392.803497,5.000000,14
1308,175,39.408744,33682,15.531213623,15.533500000,2.286377,1,39.408744,5.000000,14
1309,175,22.767810,33682,15.544525634,15.547500000,2.974366,1,22.767810,5.000000,14
1310,175,34.422946,33682,15.558162547,15.560500000,2.337453,1,34.422946,5.000000,14
1311,175,38.838087,33682,15.571611406,15.574000000,2.388594,1,38.838087,5.000000,14
1312,175,30.089058,33682,15.586576248,15.589000000,2.423752,1,30.089058,5.000000,14
1314,175,20.167169,33682,15.600808340,15.606000000,5.191660,0,1392.803497,5.000000,14
1315,175,42.240530,33682,15.614857527,15.617500000,2.642473,1,42.240530,5.000000,14
1316,175,39.376450,33682,15.630276413,15.633000000,2.723587,1,39.376450,5.000000,14
1317,175,37.893990,33682,15.645160778,15.647500000,2.339222,1,37.893990,5.000000,14
1318,175,35.253449,33682,15.658559796,15.661000000,2.440204,1,35.253449,5.000000,14
1319,175,29.345916,33682,15.674739778,15.677000000,2.260222,1,29.345916,5.000000,14
1321,175,33.344973,33682,15.690405164,15.692500000,2.094836,1,33.344973,5.000000,14
1322,175,53.981620,33682,15.703134208,15.708500000,5.365792,0,1392.803497,5.000000,14
1323,175,82.863263,33682,15.717647297,15.720000000,2.352703,1,82.863263,5.000000,14
1324,175,60.402401,33682,15.733416871,15.735500000,2.083129,1,60.402401,5.000000,14
1325,175,36.992286,33682,15.747588246,15.750500000,2.911754,1,36.992286,5.000000,14
1327,175,23.378208,33682,15.762857185,15.765000000,2.142815,1,23.378208,5.000000,14
1328,175,31.200210,33682,15.777100685,15.779500000,2.399315,1,31.200210,5.000000,14
1329,175,48.449738,33682,15.790994688,15.793500000,2.505312,1,48.449738,5.000000,14
1330,175,60.113309,33682,15.806666461,15.809000000,2.333539,1,60.113309,5.000000,15
1331,175,50.788061,33682,15.820581262,15.823000000,2.418738,1,50.788061,5.000000,14
1332,175,39.170908,33682,15.835653516,15.838000000,2.346484,1,39.170908,5.000000,14
1333,175,44.417655,33682,15.848631509,15.851000000,2.368491,1,44.417655,5.000000,14
1334,175,42.189794,33682,15.863576920,15.866000000,2.423080,1,42.189794,5.000000,14
1335,175,30.632879,33682,15.876995888,15.879500000,2.504112,1,30.632879,5.000000,14
1337,175,26.341406,33682,15.891124144,15.893500000,2.375856,1,26.341406,5.000000,14
1338,175,23.556402,33682,15.905178832,15.907500000,2.321168,1,23.556402,5.000000,14
1339,175,32.701951,33682,15.917963857,15.920500000,2.536143,1,32.701951,5.000000,14
1341,175,38.821349,33682,15.931971933,15.934500000,2.528067,1,38.821349,5.000000,14
1342,175,60.193628,33682,15.944943233,15.947000000,2.056767,1,60.193628,5.000000,14
1343,175,41.859808,33682,15.960403370,15.962500000,2.096630,1,41.859808,5.000000,14
1344,175,31.399459,33682,15.973680629,15.976000000,2.319371,1,31.399459,5.000000,14
1345,175,37.569302,33682,15.988027962,15.990500000,2.472038,1,37.569302,5.000000,14
1346,175,58.757123,33682,16.001966075,16.004500000,2.533925,1,58.757123,5.000000,14
1347,175,80.646752,33682,16.015267085,16.017500000,2.232915,1,80.646752,5.000000,14
1348,175,78.592254,33682,16.031059805,16.033500000,2.440195,1,78.592254,5.000000,14
1349,175,42.267070,33682,16.046309244,16.048500000,2.190756,1,42.267070,5.000000,14
1353,175,27.980367,33682,16.058997523,16.061500000,2.502477,1,27.980367,5.000000,14
1354,175,36.811155,33682,16.073489091,16.076000000,2.510909,1,36.811155,5.000000,14
1355,175,61.335448,33682,16.087346820,16.089500000,2.153180,1,61.335448,5.000000,14
1356,175,47.213950,33682,16.100680997,16.103000000,2.319003,1,47.213950,5.000000,14
1357,175,38.178248,33682,16.115930484,16.118000000,2.069516,1,38.178248,5.000000,14
1358,175,31.025335,33682,16.129582662,16.132500000,2.917338,1,31.025335,5.000000,14
1360,175,25.165449,33682,16.143381926,16.145500000,2.118074,1,25.165449,5.000000,14
1361,175,38.055676,33682,16.158712309,16.161000000,2.287691,1,38.055676,5.000000,14
1362,175,41.457250,33682,16.171514412,16.174000000,2.485588,1,41.457250,5.000000,14
1363,175,34.303967,33682,16.186523381,16.189000000,2.476619,1,34.303967,5.000000,14
1364,175,59.745396,33682,16.199527209,16.202000000,2.472791,1,59.745396,5.000000,14
1365,175,48.618810,33682,16.214293058,16.219500000,5.206942,0,1392.803497,5.000000,14
1367,175,44.613031,33682,16.229190277,16.231500000,2.309723,1,44.613031,5.000000,14
1368,175,49.948434,33682,16.242760404,16.245000000,2.239596,1,49.948434,5.000000,14
1369,175,56.436255,33682,16.255668144,16.258000000,2.331856,1,56.436255,5.000000,14
1371,175,53.840471,33682,16.269546727,16.272000000,2.453273,1,53.840471,5.000000,14
1372,175,64.050987,33682,16.282658639,16.285000000,2.341361,1,64.050987,5.000000,14
1374,175,72.274747,33682,16.297583131,16.300000000,2.416869,1,72.274747,5.000000,14
1375,175,123.228916,33682,16.311182024,16.316500000,5.317976,0,1392.803497,5.000000,14
1376,175,76.206199,33682,16.326570465,16.329000000,2.429535,1,76.206199,5.000000,14
1378,175,62.882683,33682,16.346776766,16.349000000,2.223234,1,62.882683,5.000000,14
1379,175,85.296438,33682,16.360894170,16.363000000,2.105830,1,85.296438,5.000000,14
1380,175,71.308833,33682,16.374696803,16.377000000,2.303197,1,71.308833,5.000000,14
1382,175,65.525945,33682,16.388469789,16.391000000,2.530211,1,65.525945,5.000000,14
1383,175,99.414028,33682,16.405387595,16.410500000,5.112405,0,1392.803497,5.000000,14
1384,175,136.470366,33682,16.418779225,16.421000000,2.220775,1,136.470366,5.000000,14
1385,175,259.639906,33682,16.431792167,16.434000000,2.207833,1,259.639906,5.000000,14
1386,175,732.935138,33682,16.445583527,16.448000000,2.416473,1,732.935138,5.000000,14
1387,175,160.792433,33682,16.458833549,16.461000000,2.166451,1,160.792433,5.000000,14
1388,175,174.714387,33682,16.471596711,16.474000000,2.403289,1,174.714387,5.000000,14
1389,175,42.971116,33682,16.484866791,16.487000000,2.133209,1,42.971116,5.000000,14
1390,175,24.258004,33682,16.499177996,16.507500000,8.322004,0,1392.803497,5.000000,14
1392,175,17.115322,33682,16.512578733,16.515000000,2.421267,1,17.115322,5.000000,14
1393,175,28.494868,33682,16.526649067,16.529000000,2.350933,1,28.494868,5.000000,14
1394,175,22.967277,33682,16.541730979,16.544000000,2.269021,1,22.967277,5.000000,14
1396,175,43.779346,33682,16.554564211,16.557000000,2.435789,1,43.779346,5.000000,14
1397,175,49.636961,33682,16.571609260,16.574000000,2.390740,1,49.636961,5.000000,14
1399,175,21.286319,33682,16.584584147,16.587000000,2.415853,1,21.286319,5.000000,14
1400,175,25.023829,33682,16.597963636,16.600500000,2.536364,1,25.023829,5.000000,14
1401,175,25.975760,33682,16.613330117,16.616000000,2.669883,1,25.975760,5.000000,14
1402,175,27.663907,33682,16.626873976,16.629000000,2.126024,1,27.663907,5.000000,14
1403,175,23.827212,33682,16.640682919,16.643000000,2.317081,1,23.827212,5.000000,14
1405,175,22.316050,33682,16.655618418,16.658000000,2.381582,1,22.316050,5.000000,14
1406,175,24.597358,33682,16.670429995,16.672500000,2.070005,1,24.597358,5.000000,14
1407,175,25.599817,33682,16.686154609,16.688500000,2.345391,1,25.599817,5.000000,14
1408,175,27.260891,33682,16.700574060,16.706500000,5.925940,0,1392.803497,5.000000,14
1409,175,26.828252,33682,16.713289160,16.715500000,2.210840,1,26.828252,5.000000,14
1410,175,29.567153,33682,16.726697798,16.729000000,2.302202,1,29.567153,5.000000,14
1411,175,29.076176,33682,16.740607745,16.743000000,2.392255,1,29.076176,5.000000,14
1412,175,29.541397,33682,16.754510311,16.757000000,2.489689,1,29.541397,5.000000,14
1413,175,27.020393,33682,16.769137999,16.774500000,5.362001,0,1392.803497,5.000000,14
1414,175,27.173342,33682,16.782605961,16.785000000,2.394039,1,27.173342,5.000000,14
1415,175,24.984046,33682,16.796631853,16.799000000,2.368147,1,24.984046,5.000000,14
1416,175,24.243214,33682,16.809721526,16.815500000,5.778474,0,1392.803497,5.000000,14
1417,175,18.467685,33682,16.822419096,16.824500000,2.080904,1,18.467685,5.000000,14
1418,175,15.458420,33682,16.837651034,16.840000000,2.348966,1,15.458420,5.000000,14
1420,175,11.927123,33682,16.851149952,16.853500000,2.350048,1,11.927123,5.000000,14
1421,175,15.416435,33682,16.865006173,16.867500000,2.493827,1,15.416435,5.000000,14
1422,175,14.111010,33682,16.877943708,16.880000000,2.056292,1,14.111010,5.000000,14
1423,175,14.536976,33682,16.890775396,16.893000000,2.224604,1,14.536976,5.000000,14
1424,175,16.854561,33682,16.905618095,16.914000000,8.381905,0,1392.803497,5.000000,14
1426,175,19.939949,33682,16.918885159,16.921000000,2.114841,1,19.939949,5.000000,14
1427,175,24.448169,33682,16.931571364,16.934000000,2.428636,1,24.448169,5.000000,14
1428,175,28.399083,33682,16.946608836,16.949000000,2.391164,1,28.399083,5.000000,14
1429,175,32.692116,33682,16.962008746,16.964500000,2.491254,1,32.692116,5.000000,14
1430,175,38.279988,33682,16.975494613,16.978500000,3.005387,1,38.279988,5.000000,14
1431,175,38.233529,33682,16.988633226,16.991000000,2.366774,1,38.233529,5.000000,14
1432,175,44.640378,33682,17.002675761,17.008000000,5.324239,0,1392.803497,5.000000,14
1433,175,43.558990,33682,17.019365183,17.021500000,2.134817,1,43.558990,5.000000,14
1434,175,44.064095,33682,17.035214398,17.037500000,2.285602,1,44.064095,5.000000,14
1435,175,42.771744,33682,17.049959377,17.052000000,2.040623,1,42.771744,5.000000,14
1436,175,42.587855,33682,17.063710623,17.066000000,2.289377,1,42.587855,5.000000,14
1437,175,39.415162,33682,17.078433412,17.080500000,2.066588,1,39.415162,5.000000,14
1438,175,35.884763,33682,17.092827641,17.095000000,2.172359,1,35.884763,5.000000,14
1439,175,31.598855,33682,17.105541327,17.111500000,5.958673,0,1392.803497,5.000000,14
1440,175,29.565906,33682,17.119985715,17.122500000,2.514285,1,29.565906,5.000000,14
1442,175,25.042644,33682,17.138012104,17.140500000,2.487896,1,25.042644,5.000000,14
1443,175,26.037053,33682,17.152292467,17.154500000,2.207533,1,26.037053,5.000000,14
1444,175,26.125277,33682,17.169474513,17.172000000,2.525487,1,26.125277,5.000000,14
1445,175,25.411613,33682,17.182182123,17.184500000,2.317877,1,25.411613,5.000000,14
1446,175,24.554003,33682,17.195133954,17.197500000,2.366046,1,24.554003,5.000000,14
1448,175,17.549248,33682,17.208552963,17.211000000,2.447037,1,17.549248,5.000000,14
1449,175,20.654857,33682,17.223485654,17.226000000,2.514346,1,20.654857,5.000000,14
1451,175,40.284228,33682,17.236400116,17.238500000,2.099884,1,40.284228,5.000000,14
1452,175,53.476871,33682,17.249297806,17.251500000,2.202194,1,53.476871,5.000000,14
1453,175,51.857422,33682,17.262845536,17.265000000,2.154464,1,51.857422,5.000000,14
1454,175,41.932563,33682,17.276281339,17.278500000,2.218661,1,41.932563,5.000000,14
1456,175,52.417426,33682,17.291224966,17.293500000,2.275034,1,52.417426,5.000000,14
1457,175,86.904456,33682,17.304286700,17.306500000,2.213300,1,86.904456,5.000000,14
1458,175,112.734422,33682,17.318009648,17.320500000,2.490352,1,112.734422,5.000000,14
1459,175,123.094562,33682,17.330844908,17.333000000,2.155092,1,123.094562,5.000000,14
1460,175,108.506130,33682,17.345473640,17.348000000,2.526360,1,108.506130,5.000000,14
1463,175,170.995146,33682,17.359647933,17.362000000,2.352067,1,170.995146,5.000000,14
1464,175,249.606882,33682,17.375904462,17.378000000,2.095538,1,249.606882,5.000000,14
1465,175,273.502908,33682,17.391241697,17.393500000,2.258303,1,273.502908,5.000000,14
1466,175,263.947382,33682,17.404383273,17.409500000,5.116727,0,1392.803497,5.000000,14
1468,175,307.896147,33682,17.419612306,17.422000000,2.387694,1,307.896147,5.000000,14
1469,175,358.613812,33682,17.433937393,17.436000000,2.062607,1,358.613812,5.000000,14
1470,175,420.034403,33682,17.447880153,17.450000000,2.119847,1,420.034403,5.000000,14
1471,175,456.184254,33682,17.461586424,17.464000000,2.413576,1,456.184254,5.000000,14
1472,175,315.386762,33682,17.476124402,17.478500000,2.375598,1,315.386762,5.000000,14
1473,175,199.189831,33682,17.494192726,17.496500000,2.307274,1,199.189831,5.000000,14
1475,175,93.298038,33682,17.507616229,17.516000000,8.383771,0,1392.803497,5.000000,14
1476,175,71.415989,33682,17.520700122,17.523000000,2.299878,1,71.415989,5.000000,14
1477,175,61.585295,33682,17.534946226,17.537000000,2.053774,1,61.585295,5.000000,14
1478,175,56.157683,33682,17.548027963,17.550500000,2.472037,1,56.157683,5.000000,14
1479,175,48.714222,33682,17.561264750,17.563500000,2.235250,1,48.714222,5.000000,14
1480,175,40.659796,33682,17.575112541,17.577500000,2.387459,1,40.659796,5.000000,14
1481,175,34.370854,33682,17.588371322,17.590500000,2.128678,1,34.370854,5.000000,14
1482,175,33.880756,33682,17.603488931,17.609000000,5.511069,0,1392.803497,5.000000,14
1483,175,30.266841,33682,17.619180209,17.621500000,2.319791,1,30.266841,5.000000,14
1484,175,29.765571,33682,17.634870385,17.637000000,2.129615,1,29.765571,5.000000,14
1485,175,27.751089,33682,17.647674910,17.650000000,2.325090,1,27.751089,5.000000,14
1486,175,26.577934,33682,17.664764290,17.667000000,2.235710,1,26.577934,5.000000,14
1487,175,21.506802,33682,17.677667325,17.680000000,2.332675,1,21.506802,5.000000,14
1489,175,15.615608,33682,17.691812823,17.694000000,2.187177,1,15.615608,5.000000,14
1490,175,14.597537,33682,17.705474320,17.708000000,2.525680,1,14.597537,5.000000,14
1492,175,14.631504,33682,17.719362121,17.721500000,2.137879,1,14.631504,5.000000,14
1493,175,14.934732,33682,17.734349553,17.736500000,2.150447,1,14.934732,5.000000,14
1494,175,13.408348,33682,17.747075830,17.749500000,2.424170,1,13.408348,5.000000,14
1495,175,14.636591,33682,17.761105526,17.763500000,2.394474,1,14.636591,5.000000,14
1496,175,15.485097,33682,17.775366673,17.777500000,2.133327,1,15.485097,5.000000,14
1499,175,19.226071,33682,17.792683266,17.795000000,2.316734,1,19.226071,5.000000,14
1500,175,20.032599,33682,17.806136294,17.811500000,5.363706,0,1392.803497,5.000000,14
1501,175,25.177806,33682,17.820060471,17.822500000,2.439529,1,25.177806,5.000000,14
1502,175,28.171477,33682,17.835636077,17.838000000,2.363923,1,28.171477,5.000000,14
1503,175,27.655301,33682,17.850250774,17.852500000,2.249226,1,27.655301,5.000000,14
1504,175,31.837333,33682,17.865060638,17.867500000,2.439362,1,31.837333,5.000000,14
1505,175,36.420792,33682,17.877878469,17.880000000,2.121531,1,36.420792,5.000000,14
1506,175,36.861772,33682,17.892844047,17.895000000,2.155953,1,36.861772,5.000000,14
1507,175,35.945270,33682,17.905549879,17.908000000,2.450121,1,35.945270,5.000000,14
1508,175,34.891026,33682,17.921081349,17.923500000,2.418651,1,34.891026,5.000000,14
1509,175,34.688133,33682,17.935426538,17.937500000,2.073462,1,34.688133,5.000000,14
1510,175,32.460721,33682,17.949187452,17.951500000,2.312548,1,32.460721,5.000000,14
1512,175,22.808320,33682,17.963001009,17.965500000,2.498991,1,22.808320,5.000000,14
1513,175,24.732008,33682,17.976158326,17.978500000,2.341674,1,24.732008,5.000000,14
1514,175,16.376681,33682,17.989827835,17.992000000,2.172165,1,16.376681,5.000000,14
1515,175,11.410158,33682,18.004968854,18.007500000,2.531146,1,11.410158,5.000000,14
1516,175,8.853799,33682,18.017772347,18.020000000,2.227653,1,8.853799,5.000000,14
1519,175,13.803551,33682,18.033415482,18.035500000,2.084518,1,13.803551,5.000000,14
1520,175,15.153511,33682,18.047383838,18.049500000,2.116162,1,15.153511,5.000000,14
1521,175,14.797871,33682,18.060656763,18.063500000,2.843237,1,14.797871,5.000000,14
1522,175,16.546974,33682,18.073367217,18.075500000,2.132783,1,16.546974,5.000000,14
1523,175,19.816228,33682,18.086540308,18.089000000,2.459692,1,19.816228,5.000000,14
1524,175,28.620087,33682,18.099956037,18.105000000,5.043963,0,1392.803497,5.000000,14
1526,175,24.129582,33682,18.115817102,18.118000000,2.182898,1,24.129582,5.000000,14
1527,175,24.163454,33682,18.130041205,18.132500000,2.458795,1,24.163454,5.000000,14
1528,175,29.037910,33682,18.143747136,18.146000000,2.252864,1,29.037910,5.000000,14
1529,175,28.790518,33682,18.158652457,18.161000000,2.347543,1,28.790518,5.000000,14
1530,175,31.769788,33682,18.171469194,18.174000000,2.530806,1,31.769788,5.000000,14
1531,175,37.982175,33682,18.185161008,18.187500000,2.338992,1,37.982175,5.000000,14
1532,175,43.033317,33682,18.199499281,18.208000000,8.500719,0,1392.803497,5.000000,14
1533,175,51.584044,33682,18.215380138,18.217500000,2.119862,1,51.584044,5.000000,15
1534,175,54.734135,33682,18.230685087,18.233500000,2.814913,1,54.734135,5.000000,15
1535,175,56.981622,33682,18.243403987,18.245500000,2.096013,1,56.981622,5.000000,15
1536,175,62.989203,33682,18.258238816,18.260500000,2.261184,1,62.989203,5.000000,15
1537,175,62.748778,33682,18.271730321,18.274000000,2.269679,1,62.748778,5.000000,15
1538,175,71.990705,33682,18.287977807,18.290500000,2.522193,1,71.990705,5.000000,15
1539,175,70.375421,33682,18.301025607,18.303500000,2.474393,1,70.375421,5.000000,15
1540,175,76.342760,33682,18.314583709,18.317000000,2.416291,1,76.342760,5.000000,15
1541,175,71.892959,33682,18.328815332,18.331000000,2.184668,1,71.892959,5.000000,15
1542,175,73.812526,33682,18.344381386,18.346500000,2.118614,1,73.812526,5.000000,15
1543,175,78.137639,33682,18.359341238,18.361500000,2.158762,1,78.137639,5.000000,15
1544,175,78.382212,33682,18.374701955,18.377000000,2.298045,1,78.382212,5.000000,15
1545,175,74.199118,33682,18.391696675,18.394000000,2.303325,1,74.199118,5.000000,15
1546,175,63.692318,33682,18.404855980,18.410000000,5.144020,0,1392.803497,5.000000,14
1547,175,57.228933,33682,18.418513285,18.421000000,2.486715,1,57.228933,5.000000,14
1548,175,53.192962,33682,18.431978796,18.434500000,2.521204,1,53.192962,5.000000,14
1549,175,49.667869,33682,18.449107396,18.451500000,2.392604,1,49.667869,5.000000,14
1550,175,32.724781,33682,18.462983586,18.465500000,2.516414,1,32.724781,5.000000,14
1553,175,21.278766,33682,18.476332705,18.478500000,2.167295,1,21.278766,5.000000,14
1555,175,29.437034,33682,18.489918604,18.492000000,2.081396,1,29.437034,5.000000,14
1558,175,37.153599,33682,18.502652954,18.505000000,2.347046,1,37.153599,5.000000,14
1559,175,45.707075,33682,18.515646626,18.518500000,2.853374,1,45.707075,5.000000,14
1560,175,49.551546,33682,18.530254273,18.532500000,2.245727,1,49.551546,5.000000,14
1561,175,42.516733,33682,18.544564421,18.547000000,2.435579,1,42.516733,5.000000,14
1564,175,51.340635,33682,18.559268332,18.561500000,2.231668,1,51.340635,5.000000,14
1565,175,66.608755,33682,18.574163362,18.576500000,2.336638,1,66.608755,5.000000,14
1566,175,84.641394,33682,18.588650618,18.591500000,2.849382,1,84.641394,5.000000,14
1567,175,95.136133,33682,18.601387757,18.606500000,5.112243,0,1392.803497,5.000000,14
1568,175,100.801688,33682,18.614694860,18.617000000,2.305140,1,100.801688,5.000000,14
1569,175,102.066192,33682,18.628730614,18.631000000,2.269386,1,102.066192,5.000000,14
1570,175,99.183951,33682,18.642718835,18.645500000,2.781165,1,99.183951,5.000000,14
1571,175,102.508120,33682,18.655559720,18.658000000,2.440280,1,102.508120,5.000000,14
1572,175,90.063391,33682,18.671400388,18.673500000,2.099612,1,90.063391,5.000000,14
1573,175,66.843085,33682,18.687030161,18.689500000,2.469839,1,66.843085,5.000000,14
1574,175,49.442303,33682,18.701602486,18.710000000,8.397514,0,1392.803497,5.000000,14
1577,175,52.181741,33682,18.715367792,18.717500000,2.132208,1,52.181741,5.000000,14
1578,175,62.742817,33682,18.730576183,18.733000000,2.423817,1,62.742817,5.000000,14
1579,175,67.078304,33682,18.747014106,18.749500000,2.485894,1,67.078304,5.000000,14
1580,175,59.657661,33682,18.762539103,18.765000000,2.460897,1,59.657661,5.000000,14
1581,175,46.161387,33682,18.776681463,18.779000000,2.318537,1,46.161387,5.000000,14
1583,175,45.671036,33682,18.792768230,18.795000000,2.231770,1,45.671036,5.000000,14
1584,175,61.387329,33682,18.806501028,18.812000000,5.498972,0,1392.803497,5.000000,14
1585,175,76.300169,33682,18.821392005,18.823500000,2.107995,1,76.300169,5.000000,14
1586,175,73.839937,33682,18.837963008,18.840500000,2.536992,1,73.839937,5.000000,14
1587,175,67.522258,33682,18.853155918,18.855500000,2.344082,1,67.522258,5.000000,14
1588,175,59.734935,33682,18.866316711,18.868500000,2.183289,1,59.734935,5.000000,14
1589,175,39.996675,33682,18.879238630,18.881500000,2.261370,1,39.996675,5.000000,14
1591,175,40.421632,33682,18.893169571,18.895500000,2.330429,1,40.421632,5.000000,14
1592,175,65.993009,33682,18.907120126,18.912500000,5.379874,0,1392.803497,5.000000,14
1593,175,82.958852,33682,18.922864464,18.925000000,2.135536,1,82.958852,5.000000,14
1594,175,94.352449,33682,18.936038196,18.938500000,2.461804,1,94.352449,5.000000,14
1595,175,102.466019,33682,18.950515397,18.953000000,2.484603,1,102.466019,5.000000,14
1596,175,115.114028,33682,18.963848085,18.969000000,5.151915,0,1392.803497,5.000000,14
1597,175,120.095886,33682,18.977363023,18.979500000,2.136977,1,120.095886,5.000000,14
1598,175,129.427873,33682,18.990345497,18.992500000,2.154503,1,129.427873,5.000000,14
1599,175,132.135164,33682,19.005610948,19.008000000,2.389052,1,132.135164,5.000000,14
1600,175,134.485815,33682,19.020634860,19.029000000,8.365140,0,1392.803497,5.000000,14
1601,175,143.305029,33682,19.034042923,19.036500000,2.457077,1,143.305029,5.000000,14
1602,175,146.571112,33682,19.047297778,19.049500000,2.202222,1,146.571112,5.000000,14
1603,175,148.409206,33682,19.060414152,19.063000000,2.585848,1,148.409206,5.000000,14
1604,175,148.141780,33682,19.073769863,19.076500000,2.730137,1,148.141780,5.000000,14
1605,175,137.221542,33682,19.086583756,19.089000000,2.416244,1,137.221542,5.000000,14
1606,175,130.219783,33682,19.100286868,19.105500000,5.213132,0,1392.803497,5.000000,14
1607,175,126.563506,33682,19.116355141,19.118500000,2.144859,1,126.563506,5.000000,14
1608,175,111.544962,33682,19.130300445,19.132500000,2.199555,1,111.544962,5.000000,14
1609,175,95.669259,33682,19.144057265,19.146500000,2.442735,1,95.669259,5.000000,14
1610,175,58.197830,33682,19.156907417,19.159000000,2.092583,1,58.197830,5.000000,14
1612,175,54.135164,33682,19.170233301,19.172500000,2.266699,1,54.135164,5.000000,14
1613,175,82.381658,33682,19.186111559,19.188500000,2.388441,1,82.381658,5.000000,14
1614,175,82.276921,33682,19.199724582,19.202000000,2.275418,1,82.276921,5.000000,14
1615,175,66.763216,33682,19.215457234,19.220500000,5.042766,0,1392.803497,5.000000,14
1617,175,73.464607,33682,19.230572667,19.236000000,5.427333,0,1392.803497,5.000000,14
1618,175,115.590147,33682,19.243768789,19.249000000,5.231211,0,1392.803497,5.000000,14
1619,175,138.222900,33682,19.256531971,19.259000000,2.468029,1,138.222900,5.000000,14
1620,175,141.385908,33682,19.271235327,19.273500000,2.264673,1,141.385908,5.000000,14
1621,175,136.595246,33682,19.286575640,19.289000000,2.424360,1,136.595246,5.000000,14
1622,175,113.013467,33682,19.302181777,19.307500000,5.318223,0,1392.803497,5.000000,14
1623,175,63.387144,33682,19.315490319,19.318000000,2.509681,1,63.387144,5.000000,14
1625,175,58.962383,33682,19.332205488,19.335000000,2.794512,1,58.962383,5.000000,14
1626,175,106.481574,33682,19.345042542,19.347500000,2.457458,1,106.481574,5.000000,14
1627,175,125.725966,33682,19.359725939,19.365000000,5.274061,0,1392.803497,5.000000,14
1628,175,125.163204,33682,19.372802122,19.375000000,2.197878,1,125.163204,5.000000,14
1629,175,118.860602,33682,19.385502126,19.388000000,2.497874,1,118.860602,5.000000,14
1630,175,93.242302,33682,19.398579697,19.401000000,2.420303,1,93.242302,5.000000,14
1631,175,52.079722,33682,19.412340606,19.417500000,5.159394,0,1392.803497,5.000000,14
1633,175,53.153995,33682,19.425668556,19.428000000,2.331444,1,53.153995,5.000000,14
1634,175,91.713769,33682,19.439484091,19.442000000,2.515909,1,91.713769,5.000000,14
1635,175,117.638624,33682,19.453211928,19.455500000,2.288072,1,117.638624,5.000000,14
1636,175,129.601771,33682,19.467034305,19.469500000,2.465695,1,129.601771,5.000000,14
1637,175,134.546197,33682,19.481319910,19.483500000,2.180090,1,134.546197,5.000000,14
1638,175,134.167589,33682,19.494787514,19.497000000,2.212486,1,134.167589,5.000000,14
1639,175,116.905635,33682,19.508262267,19.510500000,2.237733,1,116.905635,5.000000,14
1640,175,89.850276,33682,19.523396012,19.528500000,5.103988,0,1392.803497,5.000000,14
1641,175,55.515492,33682,19.538167172,19.540500000,2.332828,1,55.515492,5.000000,14
1643,175,44.290797,33682,19.551637523,19.554000000,2.362477,1,44.290797,5.000000,14
1644,175,68.861767,33682,19.566825520,19.569000000,2.174480,1,68.861767,5.000000,14
1645,175,68.920376,33682,19.579678091,19.582000000,2.321909,1,68.920376,5.000000,14
1646,175,44.316734,33682,19.593600402,19.596000000,2.399598,1,44.316734,5.000000,14
1648,175,41.984853,33682,19.608044528,19.613500000,5.455472,0,1392.803497,5.000000,14
1649,175,53.720296,33682,19.625033356,19.627500000,2.466644,1,53.720296,5.000000,14
1650,175,39.371724,33682,19.639554672,19.642000000,2.445328,1,39.371724,5.000000,14
1652,175,38.821877,33682,19.654473736,19.657000000,2.526264,1,38.821877,5.000000,14
1653,175,57.575227,33682,19.669852260,19.672000000,2.147740,1,57.575227,5.000000,14
1654,175,53.112975,33682,19.685113652,19.687500000,2.386348,1,53.112975,5.000000,14
1655,175,36.404451,33682,19.699725980,19.708000000,8.274020,0,1392.803497,5.000000,14
1657,175,37.635897,33682,19.713940600,19.716000000,2.059400,1,37.635897,5.000000,14
1658,175,58.308054,33682,19.728290625,19.730500000,2.209375,1,58.308054,5.000000,14
1659,175,72.581703,33682,19.742305965,19.744500000,2.194035,1,72.581703,5.000000,14
1660,175,78.249906,33682,19.757875384,19.760000000,2.124616,1,78.249906,5.000000,14
1661,175,74.987239,33682,19.771727995,19.774000000,2.272005,1,74.987239,5.000000,14
1662,175,66.539996,33682,19.787687447,19.790000000,2.312553,1,66.539996,5.000000,14
1663,175,59.250310,33682,19.802364440,19.807500000,5.135560,0,1392.803497,5.000000,14
1664,175,39.106344,33682,19.818162366,19.820500000,2.337634,1,39.106344,5.000000,14
1666,175,16.637974,33682,19.831875717,19.834000000,2.124283,1,16.637974,5.000000,14
1668,175,36.007501,33682,19.845421175,19.847500000,2.078825,1,36.007501,5.000000,14
1669,175,50.592499,33682,19.860822959,19.863000000,2.177041,1,50.592499,5.000000,14
1670,175,52.810914,33682,19.875858300,19.878000000,2.141700,1,52.810914,5.000000,14
1671,175,52.951869,33682,19.889265746,19.891500000,2.234254,1,52.951869,5.000000,14
1672,175,52.322577,33682,19.902097389,19.907500000,5.402611,0,1392.803497,5.000000,14
1673,175,36.216380,33682,19.915435066,19.917500000,2.064934,1,36.216380,5.000000,14
1675,175,26.978715,33682,19.931244965,19.933500000,2.255035,1,26.978715,5.000000,14
1676,175,24.563690,33682,19.944754569,19.947000000,2.245431,1,24.563690,5.000000,14
1678,175,37.421246,33682,19.958512965,19.961000000,2.487035,1,37.421246,5.000000,14
1679,175,60.580134,33682,19.971355652,19.973500000,2.144348,1,60.580134,5.000000,14
1680,175,70.844467,33682,19.988219715,19.990500000,2.280285,1,70.844467,5.000000,14
1681,175,88.601950,33682,20.001685974,20.007000000,5.314026,0,1392.803497,5.000000,14
1682,175,93.607758,33682,20.015834356,20.018500000,2.665644,1,93.607758,5.000000,14
1683,175,106.119074,33682,20.028834791,20.031500000,2.665209,1,106.119074,5.000000,14
1684,175,107.728023,33682,20.043376011,20.046000000,2.623989,1,107.728023,5.000000,14
1685,175,116.561661,33682,20.057634806,20.060500000,2.865194,1,116.561661,5.000000,14
1686,175,114.032469,33682,20.071572977,20.074500000,2.927023,1,114.032469,5.000000,14
1687,175,114.601677,33682,20.086334318,20.089000000,2.665682,1,114.601677,5.000000,14
1688,175,112.466299,33682,20.101131529,20.209500000,108.368471,0,1392.803497,5.000000,14
1689,175,106.520389,33682,20.115080957,20.209500000,94.419043,0,1392.803497,5.000000,14
1690,175,96.494810,33682,20.127904717,20.209500000,81.595283,0,1392.803497,5.000000,14
1691,175,81.980082,33682,20.140735508,20.209500000,68.764492,0,1392.803497,5.000000,14
1692,175,66.055975,33682,20.153847639,20.209500000,55.652361,0,1392.803497,5.000000,14
1693,175,48.374832,33682,20.168772466,20.209500000,40.727534,0,1392.803497,5.000000,14
1695,175,29.027746,33682,20.181862417,20.209500000,27.637583,0,1392.803497,5.000000,14
1696,175,33.764687,33682,20.196116925,20.209500000,13.383075,0,1392.803497,5.000000,14
1698,175,39.660263,33682,20.209468069,20.212000000,2.531931,1,39.660263,5.000000,14
1699,175,46.505636,33682,20.222298546,20.224500000,2.201454,1,46.505636,5.000000,14
1700,175,43.419263,33682,20.238560561,20.241000000,2.439439,1,43.419263,5.000000,14
1701,175,41.287012,33682,20.253378987,20.255500000,2.121013,1,41.287012,5.000000,14
1702,175,30.121806,33682,20.269793765,20.272000000,2.206235,1,30.121806,5.000000,14
1704,175,41.875768,33682,20.284852686,20.287000000,2.147314,1,41.875768,5.000000,14
1705,175,69.160259,33682,20.297862275,20.300000000,2.137725,1,69.160259,5.000000,14
1706,175,98.448997,33682,20.310590203,20.316000000,5.409797,0,1392.803497,5.000000,14
1707,175,128.091731,33682,20.327091807,20.329500000,2.408193,1,128.091731,5.000000,14
1708,175,170.927569,33682,20.341417522,20.343500000,2.082478,1,170.927569,5.000000,14
1709,175,214.971941,33682,20.354842233,20.357000000,2.157767,1,214.971941,5.000000,14
1710,175,266.965859,33682,20.369070294,20.371500000,2.429706,1,266.965859,5.000000,14
1711,175,294.742842,33682,20.382079307,20.384500000,2.420693,1,294.742842,5.000000,14
1712,175,240.303643,33682,20.396464643,20.399000000,2.535357,1,240.303643,5.000000,14
1713,175,142.525550,33682,20.409979381,20.413000000,3.020619,1,142.525550,5.000000,14
1715,175,116.309118,33682,20.423821247,20.426000000,2.178753,1,116.309118,5.000000,14
1716,175,159.087725,33682,20.437296066,20.439500000,2.203934,1,159.087725,5.000000,14
1717,175,185.200141,33682,20.450699933,20.453000000,2.300067,1,185.200141,5.000000,14
1718,175,201.507556,33682,20.464592404,20.467000000,2.407596,1,201.507556,5.000000,14
1719,175,212.683070,33682,20.477780375,20.480000000,2.219625,1,212.683070,5.000000,14
1720,175,222.146392,33682,20.490936577,20.493000000,2.063423,1,222.146392,5.000000,14
1721,175,225.217613,33682,20.504924132,20.507000000,2.075868,1,225.217613,5.000000,14
1722,175,218.994585,33682,20.522155845,20.527500000,5.344155,0,1392.803497,5.000000,14
1723,175,208.450610,33682,20.536449738,20.538500000,2.050262,1,208.450610,5.000000,14
1724,175,179.973948,33682,20.551877117,20.554000000,2.122883,1,179.973948,5.000000,14
1725,175,160.713936,33682,20.565381641,20.567500000,2.118359,1,160.713936,5.000000,14
1726,175,138.998268,33682,20.578152746,20.580500000,2.347254,1,138.998268,5.000000,14
1727,175,119.857978,33682,20.595197273,20.597500000,2.302727,1,119.857978,5.000000,14
1728,175,101.479843,33682,20.608101451,20.610500000,2.398549,1,101.479843,5.000000,15
1729,175,72.786607,33682,20.622718544,20.628000000,5.281456,0,1392.803497,5.000000,14
1731,175,45.745543,33682,20.635506975,20.638000000,2.493025,1,45.745543,5.000000,14
1733,175,66.493436,33682,20.652626828,20.655000000,2.373172,1,66.493436,5.000000,14
1734,175,82.117028,33682,20.666677426,20.669000000,2.322574,1,82.117028,5.000000,14
1735,175,78.706609,33682,20.680174721,20.682500000,2.325279,1,78.706609,5.000000,14
1736,175,49.042570,33682,20.695423845,20.697500000,2.076155,1,49.042570,5.000000,14
1738,175,33.154708,33682,20.708813638,20.711500000,2.686362,1,33.154708,5.000000,14
1739,175,44.142428,33682,20.721983918,20.724500000,2.516082,1,44.142428,5.000000,14
1740,175,38.587484,33682,20.737476039,20.740000000,2.523961,1,38.587484,5.000000,14
1742,175,26.246105,33682,20.751218364,20.753500000,2.281636,1,26.246105,5.000000,14
1743,175,29.844990,33682,20.766920935,20.769000000,2.079065,1,29.844990,5.000000,14
1745,175,32.687808,33682,20.780851885,20.783000000,2.148115,1,32.687808,5.000000,14
1746,175,37.248840,33682,20.794741705,20.797000000,2.258295,1,37.248840,5.000000,14
1747,175,40.773129,33682,20.807471168,20.812500000,5.028832,0,1392.803497,5.000000,14
1748,175,37.299473,33682,20.820502363,20.823000000,2.497637,1,37.299473,5.000000,14
1750,175,36.068267,33682,20.833461729,20.836000000,2.538271,1,36.068267,5.000000,14
1751,175,41.265661,33682,20.846334699,20.848500000,2.165301,1,41.265661,5.000000,14
1752,175,38.003420,33682,20.861611779,20.864000000,2.388221,1,38.003420,5.000000,14
1753,175,35.546624,33682,20.876042835,20.878500000,2.457165,1,35.546624,5.000000,14
1754,175,32.041905,33682,20.891739136,20.894000000,2.260864,1,32.041905,5.000000,14
1755,175,24.678325,33682,20.905173226,20.910500000,5.326774,0,1392.803497,5.000000,14
1757,175,20.681734,33682,20.918988880,20.921500000,2.511120,1,20.681734,5.000000,14
1758,175,21.883048,33682,20.932487167,20.935000000,2.512833,1,21.883048,5.000000,14
1759,175,20.186226,33682,20.947708008,20.950000000,2.291992,1,20.186226,5.000000,14
1761,175,18.439469,33682,20.961150889,20.963500000,2.349111,1,18.439469,5.000000,14
1762,175,16.832783,33682,20.976415004,20.978500000,2.084996,1,16.832783,5.000000,14
1764,175,18.809182,33682,20.991418907,20.993500000,2.081093,1,18.809182,5.000000,14
1765,175,20.508125,33682,21.008877536,21.011000000,2.122464,1,20.508125,5.000000,14
1766,175,25.225553,33682,21.024072559,21.029500000,5.427441,0,1392.803497,5.000000,14
1767,175,25.025468,33682,21.036909333,21.039000000,2.090667,1,25.025468,5.000000,14
1768,175,24.815227,33682,21.051689730,21.054000000,2.310270,1,24.815227,5.000000,14
1769,175,23.293120,33682,21.068709217,21.071000000,2.290783,1,23.293120,5.000000,14
1771,175,27.222945,33682,21.086607224,21.089000000,2.392776,1,27.222945,5.000000,14
1772,175,25.842924,33682,21.102888360,21.108000000,5.111640,0,1392.803497,5.000000,15
1773,175,28.431781,33682,21.117356758,21.119500000,2.143242,1,28.431781,5.000000,14
1774,175,32.241466,33682,21.130955421,21.133000000,2.044579,1,32.241466,5.000000,14
1775,175,34.541974,33682,21.144468003,21.147000000,2.531997,1,34.541974,5.000000,14
1776,175,32.831135,33682,21.157611576,21.160000000,2.388424,1,32.831135,5.000000,14
1777,175,32.033627,33682,21.171549242,21.174000000,2.450758,1,32.033627,5.000000,14
1778,175,35.132640,33682,21.184866400,21.187000000,2.133600,1,35.132640,5.000000,14
1779,175,37.014977,33682,21.200136295,21.202500000,2.363705,1,37.014977,5.000000,14
1780,175,36.319359,33682,21.215437045,21.217500000,2.062955,1,36.319359,5.000000,14
1781,175,36.399165,33682,21.231603615,21.234000000,2.396385,1,36.399165,5.000000,14
1782,175,37.049747,33682,21.246042645,21.248500000,2.457355,1,37.049747,5.000000,14
1783,175,36.454546,33682,21.264713553,21.267000000,2.286447,1,36.454546,5.000000,14
1784,175,37.653130,33682,21.278987607,21.281500000,2.512393,1,37.653130,5.000000,14
1785,175,36.976283,33682,21.292124987,21.294500000,2.375013,1,36.976283,5.000000,14
1786,175,34.554340,33682,21.306153372,21.311500000,5.346628,0,1392.803497,5.000000,14
1787,175,34.879361,33682,21.319711278,21.322000000,2.288722,1,34.879361,5.000000,14
1788,175,37.190752,33682,21.333123456,21.335500000,2.376544,1,37.190752,5.000000,14
1789,175,32.009393,33682,21.346849350,21.349000000,2.150650,1,32.009393,5.000000,14
1790,175,27.126219,33682,21.360198854,21.362500000,2.301146,1,27.126219,5.000000,14
1792,175,28.203748,33682,21.375165551,21.377500000,2.334449,1,28.203748,5.000000,14
1793,175,34.882929,33682,21.389560200,21.392000000,2.439800,1,34.882929,5.000000,14
1794,175,38.397121,33682,21.402447934,21.405000000,2.552066,1,38.397121,5.000000,14
1795,175,42.450576,33682,21.415154993,21.417500000,2.345007,1,42.450576,5.000000,14
1796,175,45.750667,33682,21.431863300,21.434000000,2.136700,1,45.750667,5.000000,14
1797,175,48.404246,33682,21.445459240,21.447500000,2.040760,1,48.404246,5.000000,14
1798,175,45.212630,33682,21.460299595,21.462500000,2.200405,1,45.212630,5.000000,14
1799,175,47.462541,33682,21.474221745,21.476500000,2.278255,1,47.462541,5.000000,14
1800,175,42.714983,33682,21.489186587,21.491500000,2.313413,1,42.714983,5.000000,14
1801,175,42.725674,33682,21.504462911,21.507000000,2.537089,1,42.725674,5.000000,14
1802,175,47.556761,33682,21.517667182,21.520000000,2.332818,1,47.556761,5.000000,14
1803,175,45.653818,33682,21.532829392,21.535000000,2.170608,1,45.653818,5.000000,14
1804,175,49.573704,33682,21.546261204,21.548500000,2.238796,1,49.573704,5.000000,14
1805,175,41.008845,33682,21.560506932,21.563000000,2.493068,1,41.008845,5.000000,14
1806,175,34.831142,33682,21.573454552,21.575500000,2.045448,1,34.831142,5.000000,14
1808,175,33.066887,33682,21.586793296,21.589000000,2.206704,1,33.066887,5.000000,14
1809,175,33.447680,33682,21.601285410,21.603500000,2.214590,1,33.447680,5.000000,14
1810,175,26.996279,33682,21.616167781,21.621500000,5.332219,0,1392.803497,5.000000,14
1811,175,20.067988,33682,21.628977943,21.631500000,2.522057,1,20.067988,5.000000,14
1815,175,18.217177,33682,21.646342716,21.648500000,2.157284,1,18.217177,5.000000,14
1816,175,26.430291,33682,21.659021559,21.661500000,2.478441,1,26.430291,5.000000,14
1817,175,27.538356,33682,21.673010641,21.675500000,2.489359,1,27.538356,5.000000,14
1818,175,31.760279,33682,21.685878519,21.688000000,2.121481,1,31.760279,5.000000,14
1819,175,31.627192,33682,21.700606964,21.703000000,2.393036,1,31.627192,5.000000,14
1821,175,33.265415,33682,21.715042267,21.717500000,2.457733,1,33.265415,5.000000,14
1822,175,36.778798,33682,21.729614857,21.732000000,2.385143,1,36.778798,5.000000,14
1823,175,36.659963,33682,21.744749158,21.747000000,2.250842,1,36.659963,5.000000,14
1824,175,39.127256,33682,21.759281163,21.761500000,2.218837,1,39.127256,5.000000,14
1825,175,39.504776,33682,21.772109393,21.774500000,2.390607,1,39.504776,5.000000,14
1826,175,38.191591,33682,21.785297236,21.787500000,2.202764,1,38.191591,5.000000,14
1827,175,38.552411,33682,21.798413014,21.800500000,2.086986,1,38.552411,5.000000,14
1828,175,36.736358,33682,21.812813173,21.818000000,5.186827,0,1392.803497,5.000000,14
1829,175,37.745786,33682,21.825486249,21.828000000,2.513751,1,37.745786,5.000000,14
1830,175,36.506431,33682,21.839373363,21.841500000,2.126637,1,36.506431,5.000000,14
1831,175,35.900717,33682,21.853817583,21.856000000,2.182417,1,35.900717,5.000000,14
1832,175,32.468710,33682,21.868886830,21.871000000,2.113170,1,32.468710,5.000000,14
1834,175,33.783018,33682,21.882982523,21.885500000,2.517477,1,33.783018,5.000000,14
1835,175,35.495634,33682,21.898708025,21.901000000,2.291975,1,35.495634,5.000000,14
1836,175,35.708644,33682,21.912699622,21.918000000,5.300378,0,1392.803497,5.000000,14
1837,175,34.292289,33682,21.926549826,21.929000000,2.450174,1,34.292289,5.000000,14
1838,175,38.329793,33682,21.939657871,21.942000000,2.342129,1,38.329793,5.000000,14
1839,175,37.914641,33682,21.953817566,21.956000000,2.182434,1,37.914641,5.000000,14
1840,175,36.661002,33682,21.968147431,21.970500000,2.352569,1,36.661002,5.000000,14
1841,175,37.305175,33682,21.981392835,21.983500000,2.107165,1,37.305175,5.000000,14
1842,175,34.982106,33682,21.996663830,21.999000000,2.336170,1,34.982106,5.000000,14
1843,175,32.484644,33682,22.009347268,22.017500000,8.152732,0,1392.803497,5.000000,14
1844,175,31.352767,33682,22.022830228,22.025000000,2.169772,1,31.352767,5.000000,14
1845,175,26.938881,33682,22.036195386,22.038500000,2.304614,1,26.938881,5.000000,14
1846,175,19.568072,33682,22.048925655,22.051000000,2.074345,1,19.568072,5.000000,14
1848,175,13.516830,33682,22.062659747,22.065000000,2.340253,1,13.516830,5.000000,14
1850,175,24.663012,33682,22.076186831,22.078500000,2.313169,1,24.663012,5.000000,14
1851,175,31.744157,33682,22.090547999,22.093000000,2.452001,1,31.744157,5.000000,14
1852,175,37.107881,33682,22.105544593,22.111000000,5.455407,0,1392.803497,5.000000,14
1853,175,41.572548,33682,22.119693722,22.122000000,2.306278,1,41.572548,5.000000,14
1854,175,40.260673,33682,22.134007192,22.136500000,2.492808,1,40.260673,5.000000,14
1855,175,43.106143,33682,22.148941671,22.151000000,2.058329,1,43.106143,5.000000,14
1856,175,43.976049,33682,22.164531937,22.167000000,2.468063,1,43.976049,5.000000,14
1857,175,42.260525,33682,22.179263185,22.181500000,2.236815,1,42.260525,5.000000,14
1858,175,43.178207,33682,22.192579061,22.195000000,2.420939,1,43.178207,5.000000,14
1859,175,43.308118,33682,22.207986449,22.213500000,5.513551,0,1392.803497,5.000000,14
1860,175,44.199428,33682,22.220758240,22.223000000,2.241760,1,44.199428,5.000000,14
1861,175,42.503333,33682,22.235816155,22.238000000,2.183845,1,42.503333,5.000000,14
1862,175,41.312531,33682,22.251176415,22.254000000,2.823585,1,41.312531,5.000000,14
1863,175,42.275021,33682,22.265253036,22.267500000,2.246964,1,42.275021,5.000000,14
1864,175,39.572892,33682,22.278630261,22.281000000,2.369739,1,39.572892,5.000000,14
1865,175,37.911664,33682,22.291392990,22.293500000,2.107010,1,37.911664,5.000000,14
1866,175,32.821589,33682,22.305299860,22.310500000,5.200140,0,1392.803497,5.000000,14
1867,175,27.886681,33682,22.319675892,22.322000000,2.324108,1,27.886681,5.000000,14
1868,175,20.825866,33682,22.337872795,22.340000000,2.127205,1,20.825866,5.000000,14
1870,175,12.324834,33682,22.352782369,22.355000000,2.217631,1,12.324834,5.000000,14
1872,175,20.915538,33682,22.366171705,22.368500000,2.328295,1,20.915538,5.000000,14
1873,175,26.973507,33682,22.381219819,22.384000000,2.780181,1,26.973507,5.000000,14
1874,175,35.398554,33682,22.395562493,22.398000000,2.437507,1,35.398554,5.000000,14
1875,175,38.468170,33682,22.408957334,22.414500000,5.542666,0,1392.803497,5.000000,14
1876,175,38.199163,33682,22.422787055,22.425000000,2.212945,1,38.199163,5.000000,14
1877,175,36.026497,33682,22.437125077,22.439500000,2.374923,1,36.026497,5.000000,14
1878,175,38.005794,33682,22.451308652,22.456500000,5.191348,0,1392.803497,5.000000,14
1879,175,38.435496,33682,22.464575329,22.467000000,2.424671,1,38.435496,5.000000,14
1880,175,54.373144,33682,22.477898296,22.480000000,2.101704,1,54.373144,5.000000,14
1881,175,55.612708,33682,22.492376059,22.494500000,2.123941,1,55.612708,5.000000,14
1882,175,54.222165,33682,22.507254097,22.515500000,8.245903,0,1392.803497,5.000000,14
1883,175,49.613082,33682,22.520784674,22.523000000,2.215326,1,49.613082,5.000000,14
1884,175,38.571585,33682,22.535512737,22.538500000,2.987263,1,38.571585,5.000000,14
1886,175,36.595284,33682,22.549579712,22.552000000,2.420288,1,36.595284,5.000000,14
1887,175,40.182410,33682,22.564523831,22.567000000,2.476169,1,40.182410,5.000000,14
1888,175,41.294981,33682,22.577993887,22.581000000,3.006113,1,41.294981,5.000000,14
1889,175,44.299328,33682,22.592657196,22.595000000,2.342804,1,44.299328,5.000000,14
1890,175,48.545692,33682,22.606530964,22.615000000,8.469036,0,1392.803497,5.000000,14
1891,175,49.215400,33682,22.620857632,22.623500000,2.642368,1,49.215400,5.000000,14
1892,175,54.926275,33682,22.635701871,22.641000000,5.298129,0,1392.803497,5.000000,14
1893,175,71.485661,33682,22.649646255,22.652500000,2.853745,1,71.485661,5.000000,14
1894,175,112.755284,33682,22.666926594,22.669500000,2.573406,1,112.755284,5.000000,14
1895,175,164.953428,33682,22.681085543,22.684000000,2.914457,1,164.953428,5.000000,14
1896,175,152.092695,33682,22.694936928,22.703000000,8.063072,0,1392.803497,5.000000,14
1897,175,145.190793,33682,22.708060512,22.714000000,5.939488,0,1392.803497,5.000000,14
1898,175,132.158004,33682,22.725483201,22.728000000,2.516799,1,132.158004,5.000000,14
1899,175,116.348591,33682,22.738756655,22.741500000,2.743345,1,116.348591,5.000000,14
1900,175,93.432706,33682,22.752610692,22.755500000,2.889308,1,93.432706,5.000000,14
1901,175,77.041586,33682,22.767296305,22.770000000,2.703695,1,77.041586,5.000000,14
1902,175,52.405467,33682,22.781322175,22.784000000,2.677825,1,52.405467,5.000000,14
1903,175,26.710984,33682,22.795127217,22.798000000,2.872783,1,26.710984,5.000000,14
1905,175,25.428588,33682,22.809688934,22.815000000,5.311066,0,1392.803497,5.000000,14
1906,175,52.488731,33682,22.824042827,22.829500000,5.457173,0,1392.803497,5.000000,14
1907,175,85.225491,33682,22.839251607,22.841500000,2.248393,1,85.225491,5.000000,14
1908,175,114.090854,33682,22.853657072,22.856000000,2.342928,1,114.090854,5.000000,14
1909,175,139.083055,33682,22.866953275,22.869000000,2.046725,1,139.083055,5.000000,14
1910,175,153.447990,33682,22.881162243,22.883500000,2.337757,1,153.447990,5.000000,14
1911,175,172.120750,33682,22.894500408,22.897000000,2.499592,1,172.120750,5.000000,14
1912,175,180.780739,33682,22.909704565,22.915000000,5.295435,0,1392.803497,5.000000,14
1913,175,200.061073,33682,22.924289870,22.926500000,2.210130,1,200.061073,5.000000,14
1914,175,212.015034,33682,22.939510607,22.942000000,2.489393,1,212.015034,5.000000,14
1915,175,213.136477,33682,22.952251155,22.954500000,2.248845,1,213.136477,5.000000,14
1916,175,208.303805,33682,22.965725360,22.968000000,2.274640,1,208.303805,5.000000,14
1917,175,209.259111,33682,22.981647588,22.984000000,2.352412,1,209.259111,5.000000,14
1918,175,217.959160,33682,22.995130019,22.997500000,2.369981,1,217.959160,5.000000,14
1919,175,212.029391,33682,23.008655770,23.014000000,5.344230,0,1392.803497,5.000000,14
1920,175,197.742923,33682,23.021545960,23.024000000,2.454040,1,197.742923,5.000000,14
1921,175,190.887174,33682,23.036137220,23.038500000,2.362780,1,190.887174,5.000000,14
1922,175,175.765797,33682,23.051522913,23.054000000,2.477087,1,175.765797,5.000000,14
1923,175,160.083104,33682,23.064630555,23.067500000,2.869445,1,160.083104,5.000000,14
1924,175,135.867414,33682,23.077883825,23.080000000,2.116175,1,135.867414,5.000000,14
1925,175,104.924946,33682,23.091844550,23.094000000,2.155450,1,104.924946,5.000000,14
1926,175,47.540009,33682,23.107221094,23.109500000,2.278906,1,47.540009,5.000000,14
1928,175,62.040683,33682,23.120663635,23.126000000,5.336365,0,1392.803497,5.000000,14
1929,175,113.965033,33682,23.135379475,23.137500000,2.120525,1,113.965033,5.000000,14
1930,175,165.976614,33682,23.148789274,23.151000000,2.210726,1,165.976614,5.000000,14
1931,175,199.764949,33682,23.165615345,23.168000000,2.384655,1,199.764949,5.000000,14
1932,175,204.487406,33682,23.179842944,23.182000000,2.157056,1,204.487406,5.000000,14
1933,175,191.957946,33682,23.193762306,23.196000000,2.237694,1,191.957946,5.000000,14
1934,175,171.063242,33682,23.211304878,23.213500000,2.195122,1,171.063242,5.000000,14
1935,175,143.597775,33682,23.226995305,23.232500000,5.504695,0,1392.803497,5.000000,14
1936,175,102.769396,33682,23.240327200,23.242500000,2.172800,1,102.769396,5.000000,14
1937,175,52.420927,33682,23.253813286,23.256000000,2.186714,1,52.420927,5.000000,14
1939,175,47.055635,33682,23.266638343,23.269000000,2.361657,1,47.055635,5.000000,14
1940,175,87.809639,33682,23.279789448,23.282000000,2.210552,1,87.809639,5.000000,14
1941,175,95.857912,33682,23.292797495,23.295000000,2.202505,1,95.857912,5.000000,14
1942,175,87.275123,33682,23.309108737,23.311500000,2.391263,1,87.275123,5.000000,14
1943,175,66.701548,33682,23.324072199,23.326500000,2.427801,1,66.701548,5.000000,14
1944,175,28.212075,33682,23.337398999,23.339500000,2.101001,1,28.212075,5.000000,14
1946,175,37.696680,33682,23.352171045,23.354500000,2.328955,1,37.696680,5.000000,14
1947,175,67.197221,33682,23.368692661,23.371000000,2.307339,1,67.197221,5.000000,14
1948,175,86.908013,33682,23.382373046,23.384500000,2.126954,1,86.908013,5.000000,14
1949,175,102.358396,33682,23.398711496,23.401000000,2.288504,1,102.358396,5.000000,14
1950,175,98.100798,33682,23.411826535,23.414000000,2.173465,1,98.100798,5.000000,14
1951,175,98.978091,33682,23.426715681,23.429000000,2.284319,1,98.978091,5.000000,14
1952,175,91.237529,33682,23.439584513,23.442000000,2.415487,1,91.237529,5.000000,14
1953,175,75.316183,33682,23.452566600,23.455000000,2.433400,1,75.316183,5.000000,14
1954,175,52.127407,33682,23.465377963,23.467500000,2.122037,1,52.127407,5.000000,14
1955,175,26.126636,33682,23.482151151,23.484500000,2.348849,1,26.126636,5.000000,14
1957,175,22.198180,33682,23.495337453,23.497500000,2.162547,1,22.198180,5.000000,14
1958,175,39.009889,33682,23.508187443,23.510500000,2.312557,1,39.009889,5.000000,14
1959,175,53.046992,33682,23.523611921,23.529000000,5.388079,0,1392.803497,5.000000,14
1960,175,58.477084,33682,23.536360355,23.538500000,2.139645,1,58.477084,5.000000,14
1961,175,61.303674,33682,23.553528832,23.556000000,2.471168,1,61.303674,5.000000,14
1962,175,56.360868,33682,23.566966003,23.569500000,2.533997,1,56.360868,5.000000,14
1963,175,52.730888,33682,23.581143221,23.583500000,2.356779,1,52.730888,5.000000,14
1964,175,41.848306,33682,23.594493283,23.597000000,2.506717,1,41.848306,5.000000,14
1965,175,33.224683,33682,23.608400092,23.616500000,8.099908,0,1392.803497,5.000000,14
1967,175,27.632851,33682,23.622394410,23.624500000,2.105590,1,27.632851,5.000000,14
1968,175,24.603532,33682,23.636172788,23.638500000,2.327212,1,24.603532,5.000000,14
1969,175,24.026876,33682,23.649348895,23.651500000,2.151105,1,24.026876,5.000000,14
1970,175,18.149812,33682,23.664386943,23.666500000,2.113057,1,18.149812,5.000000,14
1971,175,15.555403,33682,23.679166987,23.681500000,2.333013,1,15.555403,5.000000,14
1973,175,9.577187,33682,23.693034530,23.695500000,2.465470,1,9.577187,5.000000,14
1974,175,8.582765,33682,23.706804423,23.712000000,5.195577,0,1392.803497,5.000000,14
1975,175,9.233452,33682,23.722735429,23.725000000,2.264571,1,9.233452,5.000000,14
1976,175,8.312641,33682,23.738345341,23.741000000,2.654659,1,8.312641,5.000000,14
1977,175,8.938911,33682,23.751382717,23.753500000,2.117283,1,8.938911,5.000000,14
1978,175,8.268994,33682,23.764749258,23.767000000,2.250742,1,8.268994,5.000000,14
1980,175,8.641291,33682,23.781783193,23.784000000,2.216807,1,8.641291,5.000000,14
1981,175,9.757154,33682,23.798912641,23.804000000,5.087359,0,1392.803497,5.000000,14
1982,175,9.960889,33682,23.815100866,23.820500000,5.399134,0,1392.803497,5.000000,14
1983,175,10.519000,33682,23.831821128,23.834000000,2.178872,1,10.519000,5.000000,14
1984,175,10.607636,33682,23.845583121,23.848000000,2.416879,1,10.607636,5.000000,14
1985,175,10.714184,33682,23.860724772,23.863000000,2.275228,1,10.714184,5.000000,14
1986,175,9.730010,33682,23.875297628,23.877500000,2.202372,1,9.730010,5.000000,14
1987,175,10.092333,33682,23.889679733,23.892000000,2.320267,1,10.092333,5.000000,14
1989,175,12.397460,33682,23.902590073,23.908000000,5.409927,0,1392.803497,5.000000,14
1990,175,13.514533,33682,23.916971373,23.919500000,2.528627,1,13.514533,5.000000,14
1991,175,15.809278,33682,23.931252712,23.933500000,2.247288,1,15.809278,5.000000,14
1992,175,16.875831,33682,23.948786651,23.951000000,2.213349,1,16.875831,5.000000,14
1993,175,18.317869,33682,23.961761473,23.964000000,2.238527,1,18.317869,5.000000,14
1994,175,19.162118,33682,23.978052435,23.980500000,2.447565,1,19.162118,5.000000,14
1995,175,20.160409,33682,23.992360856,23.994500000,2.139144,1,20.160409,5.000000,14
1996,175,19.193157,33682,24.007277991,24.009500000,2.222009,1,19.193157,5.000000,14
1997,175,19.912887,33682,24.021433755,24.026500000,5.066245,0,1392.803497,5.000000,14
1998,175,19.060395,33682,24.035396340,24.037500000,2.103660,1,19.060395,5.000000,14
1999,175,19.051579,33682,24.049937816,24.052000000,2.062184,1,19.051579,5.000000,14
2000,175,16.606595,33682,24.065453908,24.067500000,2.046092,1,16.606595,5.000000,14
2001,175,15.140425,33682,24.078552643,24.081000000,2.447357,1,15.140425,5.000000,14
2003,175,12.373885,33682,24.093598355,24.096000000,2.401645,1,12.373885,5.000000,14
2004,175,11.638510,33682,24.109121752,24.112000000,2.878248,1,11.638510,5.000000,14
2006,175,9.867205,33682,24.126811171,24.129000000,2.188829,1,9.867205,5.000000,14
2007,175,9.059575,33682,24.141363600,24.143500000,2.136400,1,9.059575,5.000000,14
2008,175,8.721919,33682,24.154387132,24.156500000,2.112868,1,8.721919,5.000000,14
2009,175,7.776955,33682,24.171171208,24.173500000,2.328792,1,7.776955,5.000000,14
2010,175,7.955413,33682,24.184092564,24.186500000,2.407436,1,7.955413,5.000000,14
2011,175,7.326953,33682,24.199731733,24.202000000,2.268267,1,7.326953,5.000000,14
2013,175,6.136851,33682,24.212556781,24.218000000,5.443219,0,1392.803497,5.000000,14
2014,175,5.683996,33682,24.228496293,24.231000000,2.503707,1,5.683996,5.000000,14
2015,175,4.680152,33682,24.242925929,24.248000000,5.074071,0,1392.803497,5.000000,14
2017,175,3.743752,33682,24.256268001,24.258500000,2.231999,1,3.743752,5.000000,14
2021,175,4.822621,33682,24.270174354,24.272500000,2.325646,1,4.822621,5.000000,14
2022,175,5.033164,33682,24.284512607,24.287000000,2.487393,1,5.033164,5.000000,14
2023,175,6.472767,33682,24.298138625,24.300500000,2.361375,1,6.472767,5.000000,14
2026,175,9.293207,33682,24.311735196,24.320000000,8.264804,0,1392.803497,5.000000,14
2027,175,10.790652,33682,24.325921298,24.328000000,2.078702,1,10.790652,5.000000,14
2028,175,9.762170,33682,24.338845069,24.341000000,2.154931,1,9.762170,5.000000,14
2030,175,4.455003,33682,24.354309306,24.356500000,2.190694,1,4.455003,5.000000,14
2034,175,12.319015,33682,24.369099455,24.371500000,2.400545,1,12.319015,5.000000,14
2035,175,16.362584,33682,24.382304772,24.384500000,2.195228,1,16.362584,5.000000,14
2036,175,22.085033,33682,24.396461553,24.399000000,2.538447,1,22.085033,5.000000,14
2037,175,28.199257,33682,24.410129189,24.415500000,5.370811,0,1392.803497,5.000000,14
2038,175,29.577403,33682,24.423504430,24.429000000,5.495570,0,1392.803497,5.000000,14
2039,175,32.524665,33682,24.437644832,24.440500000,2.855168,1,32.524665,5.000000,14
2040,175,27.007381,33682,24.451152042,24.454000000,2.847958,1,27.007381,5.000000,14
2041,175,22.617351,33682,24.464623956,24.467500000,2.876044,1,22.617351,5.000000,14
2042,175,12.887304,33682,24.478134951,24.481000000,2.865049,1,12.887304,5.000000,14
2044,175,2.565398,33682,24.492774574,24.495500000,2.725426,1,2.565398,5.000000,14
2047,175,9.775540,33682,24.506075414,24.511500000,5.424586,0,1392.803497,5.000000,14
2048,175,14.836814,33682,24.520965550,24.526500000,5.534450,0,1392.803497,5.000000,14
2049,175,22.294287,33682,24.534278288,24.537000000,2.721712,1,22.294287,5.000000,14
2050,175,24.767197,33682,24.547542350,24.553000000,5.457650,0,1392.803497,5.000000,14
2051,175,29.118933,33682,24.561750617,24.564500000,2.749383,1,29.118933,5.000000,14
2052,175,29.676551,33682,24.576207633,24.579000000,2.792367,1,29.676551,5.000000,14
2053,175,33.757287,33682,24.590044045,24.595500000,5.455955,0,1392.803497,5.000000,14
2054,175,31.396667,33682,24.604363341,24.609500000,5.136659,0,1392.803497,5.000000,14
2055,175,31.851629,33682,24.617430028,24.619500000,2.069972,1,31.851629,5.000000,14
2056,175,32.365133,33682,24.633997781,24.642500000,8.502219,0,1392.803497,5.000000,14
2057,175,29.180288,33682,24.648500745,24.651000000,2.499255,1,29.180288,5.000000,14
2058,175,28.017524,33682,24.661839142,24.664000000,2.160858,1,28.017524,5.000000,14
2059,175,28.766704,33682,24.676714791,24.679000000,2.285209,1,28.766704,5.000000,14
2060,175,26.404708,33682,24.690656426,24.693000000,2.343574,1,26.404708,5.000000,14
2061,175,25.366729,33682,24.705484970,24.714000000,8.515030,0,1392.803497,5.000000,14
2062,175,23.809467,33682,24.721813630,24.724000000,2.186370,1,23.809467,5.000000,14
2064,175,23.740502,33682,24.736035692,24.738500000,2.464308,1,23.740502,5.000000,14
2065,175,24.266332,33682,24.748707502,24.754000000,5.292498,0,1392.803497,5.000000,14
2066,175,26.416083,33682,24.763776518,24.766000000,2.223482,1,26.416083,5.000000,14
2067,175,26.710975,33682,24.777868510,24.780000000,2.131490,1,26.710975,5.000000,14
2068,175,27.339096,33682,24.794173820,24.796500000,2.326180,1,27.339096,5.000000,14
2069,175,26.992728,33682,24.807703287,24.813000000,5.296713,0,1392.803497,5.000000,14
2070,175,27.364202,33682,24.820902345,24.823000000,2.097655,1,27.364202,5.000000,14
2071,175,28.142756,33682,24.835552008,24.838000000,2.447992,1,28.142756,5.000000,14
2072,175,26.253450,33682,24.848831166,24.851000000,2.168834,1,26.253450,5.000000,14
2073,175,25.416351,33682,24.862958864,24.865500000,2.541136,1,25.416351,5.000000,14
2074,175,25.875006,33682,24.876875037,24.879000000,2.124963,1,25.875006,5.000000,14
2075,175,25.052698,33682,24.891250428,24.893500000,2.249572,1,25.052698,5.000000,14
2076,175,24.836998,33682,24.905761929,24.911000000,5.238071,0,1392.803497,5.000000,14
2077,175,22.172024,33682,24.919513833,24.922000000,2.486167,1,22.172024,5.000000,14
2078,175,21.125563,33682,24.932946581,24.935000000,2.053419,1,21.125563,5.000000,14
2079,175,18.893782,33682,24.946013244,24.948500000,2.486756,1,18.893782,5.000000,14
2080,175,16.756390,33682,24.959677070,24.962000000,2.322930,1,16.756390,5.000000,14
2081,175,15.770507,33682,24.973709613,24.976000000,2.290387,1,15.770507,5.000000,14
2082,175,13.402386,33682,24.989136282,24.992000000,2.863718,1,13.402386,5.000000,14
2083,175,11.308753,33682,25.004359454,25.009500000,5.140546,0,1392.803497,5.000000,14
2084,175,10.575133,33682,25.017476682,25.020000000,2.523318,1,10.575133,5.000000,14
2085,175,8.815710,33682,25.030873795,25.033000000,2.126205,1,8.815710,5.000000,14
2088,175,14.064545,33682,25.044636315,25.047000000,2.363685,1,14.064545,5.000000,14
2089,175,17.584293,33682,25.057696747,25.060000000,2.303253,1,17.584293,5.000000,14
2090,175,18.332768,33682,25.073077731,25.075500000,2.422269,1,18.332768,5.000000,14
2091,175,18.491925,33682,25.088423940,25.090500000,2.076060,1,18.491925,5.000000,14
2092,175,19.644618,33682,25.101580726,25.107000000,5.419274,0,1392.803497,5.000000,14
2093,175,17.941268,33682,25.114609161,25.117500000,2.890839,1,17.941268,5.000000,14
2094,175,20.030927,33682,25.131527602,25.134000000,2.472398,1,20.030927,5.000000,14
2095,175,20.247622,33682,25.145413403,25.150500000,5.086597,0,1392.803497,5.000000,14
2096,175,21.348029,33682,25.163236096,25.165500000,2.263904,1,21.348029,5.000000,14
2098,175,28.881817,33682,25.178257281,25.181500000,3.242719,1,28.881817,5.000000,14
2099,175,31.876183,33682,25.192752629,25.196000000,3.247371,1,31.876183,5.000000,14
2100,175,36.719424,33682,25.206981085,25.215000000,8.018915,0,1392.803497,5.000000,14
2101,175,35.140397,33682,25.221484621,25.224000000,2.515379,1,35.140397,5.000000,14
2102,175,35.749862,33682,25.235777412,25.238000000,2.222588,1,35.749862,5.000000,14
2103,175,35.068171,33682,25.250745688,25.253000000,2.254312,1,35.068171,5.000000,14
2104,175,40.897014,33682,25.264169897,25.266500000,2.330103,1,40.897014,5.000000,14
2105,175,45.341512,33682,25.278935221,25.281000000,2.064779,1,45.341512,5.000000,14
2106,175,50.508752,33682,25.295466994,25.298000000,2.533006,1,50.508752,5.000000,14
2107,175,60.606928,33682,25.309902597,25.315000000,5.097403,0,1392.803497,5.000000,14
2108,175,50.234739,33682,25.323765053,25.326000000,2.234947,1,50.234739,5.000000,14
2109,175,53.254105,33682,25.338603436,25.341000000,2.396564,1,53.254105,5.000000,14
2110,175,51.838675,33682,25.351410773,25.353500000,2.089227,1,51.838675,5.000000,14
2111,175,70.032260,33682,25.365470165,25.368000000,2.529835,1,70.032260,5.000000,14
2112,175,61.835312,33682,25.381934165,25.384000000,2.065835,1,61.835312,5.000000,14
2113,175,59.452520,33682,25.397688887,25.400000000,2.311113,1,59.452520,5.000000,14
2114,175,65.978985,33682,25.413017431,25.418500000,5.482569,0,1392.803497,5.000000,14
2115,175,59.906012,33682,25.426172425,25.428500000,2.327575,1,59.906012,5.000000,14
2116,175,29.505362,33682,25.439777272,25.442000000,2.222728,1,29.505362,5.000000,14
2118,175,27.030056,33682,25.453630025,25.456000000,2.369975,1,27.030056,5.000000,14
2119,175,45.641645,33682,25.469398212,25.471500000,2.101788,1,45.641645,5.000000,14
2120,175,62.034766,33682,25.483038237,25.485500000,2.461763,1,62.034766,5.000000,14
2121,175,68.821067,33682,25.495907797,25.498000000,2.092203,1,68.821067,5.000000,14
2122,175,73.410135,33682,25.508828730,25.514000000,5.171270,0,1392.803497,5.000000,14
2123,175,75.336917,33682,25.522671359,25.525000000,2.328641,1,75.336917,5.000000,14
2124,175,70.383312,33682,25.535369478,25.537500000,2.130522,1,70.383312,5.000000,14
2125,175,68.442275,33682,25.549918745,25.552000000,2.081255,1,68.442275,5.000000,14
2126,175,60.066942,33682,25.564435599,25.567000000,2.564401,1,60.066942,5.000000,14
2127,175,42.054138,33682,25.580328079,25.583000000,2.671921,1,42.054138,5.000000,14
2128,175,27.785763,33682,25.595788600,25.598000000,2.211400,1,27.785763,5.000000,14
2131,175,30.459884,33682,25.611594016,25.614000000,2.405984,1,30.459884,5.000000,14
2132,175,43.250821,33682,25.624884801,25.627000000,2.115199,1,43.250821,5.000000,14
2133,175,31.111334,33682,25.637676775,25.640000000,2.323225,1,31.111334,5.000000,14
2135,175,40.986480,33682,25.651386151,25.653500000,2.113849,1,40.986480,5.000000,14
2136,175,71.522005,33682,25.664964544,25.667500000,2.535456,1,71.522005,5.000000,14
2137,175,102.259807,33682,25.682466856,25.685000000,2.533144,1,102.259807,5.000000,14
2138,175,124.707573,33682,25.695413052,25.697500000,2.086948,1,124.707573,5.000000,14
2139,175,149.208363,33682,25.709893731,25.712000000,2.106269,1,149.208363,5.000000,14
2140,175,163.343499,33682,25.722689860,25.725000000,2.310140,1,163.343499,5.000000,14
2141,175,174.200530,33682,25.735815021,25.738000000,2.184979,1,174.200530,5.000000,14
2142,175,184.612152,33682,25.750044813,25.752500000,2.455187,1,184.612152,5.000000,14
2143,175,177.409773,33682,25.764415098,25.766500000,2.084902,1,177.409773,5.000000,14
2144,175,153.234227,33682,25.778462636,25.781000000,2.537364,1,153.234227,5.000000,14
2145,175,132.409430,33682,25.791521311,25.794000000,2.478689,1,132.409430,5.000000,14
2146,175,96.204694,33682,25.804576412,25.807000000,2.423588,1,96.204694,5.000000,14
2148,175,98.855881,33682,25.818626337,25.824000000,5.373663,0,1392.803497,5.000000,14
2149,175,101.099122,33682,25.832106918,25.834500000,2.393082,1,101.099122,5.000000,14
2150,175,112.860869,33682,25.847494324,25.850000000,2.505676,1,112.860869,5.000000,14
2151,175,109.322007,33682,25.860321744,25.862500000,2.178256,1,109.322007,5.000000,14
2152,175,72.950481,33682,25.874078958,25.876500000,2.421042,1,72.950481,5.000000,14
2154,175,72.328089,33682,25.887720291,25.890000000,2.279709,1,72.328089,5.000000,14
2155,175,114.907956,33682,25.901330248,25.909500000,8.169752,0,1392.803497,5.000000,14
2156,175,128.762005,33682,25.914036298,25.916500000,2.463702,1,128.762005,5.000000,14
2157,175,112.496153,33682,25.926991490,25.929500000,2.508510,1,112.496153,5.000000,14
2158,175,120.263807,33682,25.941022208,25.943500000,2.477792,1,120.263807,5.000000,14
2159,175,126.869093,33682,25.956547836,25.959000000,2.452164,1,126.869093,5.000000,14
2160,175,143.718709,33682,25.974092455,25.976500000,2.407545,1,143.718709,5.000000,14
2161,175,156.147122,33682,25.987762233,25.990000000,2.237767,1,156.147122,5.000000,14
2162,175,177.736685,33682,26.000992051,26.006500000,5.507949,0,1392.803497,5.000000,14
2163,175,173.441233,33682,26.015356527,26.017500000,2.143473,1,173.441233,5.000000,14
2164,175,174.509672,33682,26.029259916,26.031500000,2.240084,1,174.509672,5.000000,14
2165,175,171.204386,33682,26.043570685,26.046000000,2.429315,1,171.204386,5.000000,14
2166,175,169.445841,33682,26.059901972,26.062000000,2.098028,1,169.445841,5.000000,14
2167,175,166.030945,33682,26.073038026,26.075500000,2.461974,1,166.030945,5.000000,14
2168,175,155.924285,33682,26.086558842,26.089000000,2.441158,1,155.924285,5.000000,14
2169,175,145.289733,33682,26.100642988,26.109000000,8.357012,0,1392.803497,5.000000,14
2170,175,130.155008,33682,26.115255873,26.117500000,2.244127,1,130.155008,5.000000,14
2171,175,114.707412,33682,26.129869030,26.132000000,2.130970,1,114.707412,5.000000,14
2172,175,97.703831,33682,26.144935783,26.147000000,2.064217,1,97.703831,5.000000,14
2173,175,79.166961,33682,26.158234855,26.160500000,2.265145,1,79.166961,5.000000,14
2174,175,57.537144,33682,26.175540347,26.178000000,2.459653,1,57.537144,5.000000,14
2175,175,34.383609,33682,26.189167220,26.191500000,2.332780,1,34.383609,5.000000,14
2178,175,29.243927,33682,26.203935341,26.209500000,5.564659,0,1392.803497,5.000000,14
2179,175,49.214273,33682,26.217489720,26.220000000,2.510280,1,49.214273,5.000000,14
2180,175,56.082843,33682,26.233803282,26.236000000,2.196718,1,56.082843,5.000000,14
2181,175,61.005013,33682,26.249839720,26.252000000,2.160280,1,61.005013,5.000000,14
2182,175,54.877530,33682,26.263430018,26.265500000,2.069982,1,54.877530,5.000000,14
2183,175,47.419423,33682,26.276866617,26.279000000,2.133383,1,47.419423,5.000000,14
2184,175,38.149475,33682,26.290361010,26.295500000,5.138990,0,1392.803497,5.000000,14
2185,175,21.116802,33682,26.303869395,26.309000000,5.130605,0,1392.803497,5.000000,14
2187,175,18.068325,33682,26.317497205,26.320000000,2.502795,1,18.068325,5.000000,14
2188,175,34.214056,33682,26.330280050,26.332500000,2.219950,1,34.214056,5.000000,14
2189,175,38.609295,33682,26.347607287,26.350000000,2.392713,1,38.609295,5.000000,14
2190,175,44.909412,33682,26.361701619,26.367000000,5.298381,0,1392.803497,5.000000,14
2191,175,46.511923,33682,26.376995541,26.380000000,3.004459,1,46.511923,5.000000,14
2192,175,41.627466,33682,26.390050627,26.392500000,2.449373,1,41.627466,5.000000,14
2193,175,33.344081,33682,26.404369367,26.409500000,5.130633,0,1392.803497,5.000000,14
2194,175,26.773664,33682,26.417259104,26.425500000,8.240896,0,1392.803497,5.000000,14
2195,175,17.740196,33682,26.431636355,26.434500000,2.863645,1,17.740196,5.000000,14
2197,175,19.979447,33682,26.445471411,26.448000000,2.528589,1,19.979447,5.000000,14
2198,175,29.416623,33682,26.459745734,26.462000000,2.254266,1,29.416623,5.000000,14
2199,175,44.163502,33682,26.472598643,26.475000000,2.401357,1,44.163502,5.000000,14
2200,175,52.452860,33682,26.486535200,26.489000000,2.464800,1,52.452860,5.000000,14
2201,175,63.132505,33682,26.500126745,26.505500000,5.373255,0,1392.803497,5.000000,14
2202,175,67.140006,33682,26.514353748,26.516500000,2.146252,1,67.140006,5.000000,14
2203,175,75.172802,33682,26.528212448,26.530500000,2.287552,1,75.172802,5.000000,14
2204,175,84.341364,33682,26.541648388,26.544000000,2.351612,1,84.341364,5.000000,14
2205,175,86.603252,33682,26.555771140,26.558000000,2.228860,1,86.603252,5.000000,14
2206,175,86.753251,33682,26.568761224,26.571000000,2.238776,1,86.753251,5.000000,14
2207,175,89.179167,33682,26.582244656,26.584500000,2.255344,1,89.179167,5.000000,14
2208,175,91.782891,33682,26.596175575,26.598500000,2.324425,1,91.782891,5.000000,14
2209,175,87.770144,33682,26.609747307,26.615000000,5.252693,0,1392.803497,5.000000,14
2210,175,87.787351,33682,26.623117743,26.625500000,2.382257,1,87.787351,5.000000,14
2211,175,84.408518,33682,26.636099337,26.638500000,2.400663,1,84.408518,5.000000,14
2212,175,80.908514,33682,26.650965473,26.653500000,2.534527,1,80.908514,5.000000,14
2213,175,77.920425,33682,26.663841636,26.666000000,2.158364,1,77.920425,5.000000,14
2214,175,75.152958,33682,26.678305342,26.680500000,2.194658,1,75.152958,5.000000,14
2215,175,98.305577,33682,26.692046182,26.694500000,2.453818,1,98.305577,5.000000,14
2216,175,206.322924,33682,26.708146709,26.716500000,8.353291,0,1392.803497,5.000000,14
2217,175,71.313890,33682,26.723358929,26.725500000,2.141071,1,71.313890,5.000000,14
2218,175,60.553730,33682,26.740230537,26.748500000,8.269463,0,1392.803497,5.000000,14
2219,175,107.485755,33682,26.757316602,26.759500000,2.183398,1,107.485755,5.000000,14
2220,175,117.510042,33682,26.772237931,26.774500000,2.262069,1,117.510042,5.000000,14
2223,175,30.339702,33682,26.786657229,26.789000000,2.342771,1,30.339702,5.000000,14
2224,175,209.373055,33682,26.799691437,26.805000000,5.308563,0,1392.803497,5.000000,14
2226,175,36.778155,33682,26.814257371,26.819500000,5.242629,0,1392.803497,5.000000,14
2227,175,43.705000,33682,26.827463697,26.830000000,2.536303,1,43.705000,5.000000,14
2228,175,52.612723,33682,26.841535637,26.844000000,2.464363,1,52.612723,5.000000,14
2229,175,55.984275,33682,26.855677121,26.858000000,2.322879,1,55.984275,5.000000,14
2230,175,57.887628,33682,26.869607772,26.872000000,2.392228,1,57.887628,5.000000,14
2231,175,62.685461,33682,26.883011102,26.885500000,2.488898,1,62.685461,5.000000,14
2232,175,71.016565,33682,26.896574585,26.899000000,2.425415,1,71.016565,5.000000,14
2233,175,73.388246,33682,26.912561906,26.918000000,5.438094,0,1392.803497,5.000000,14
2234,175,75.569306,33682,26.927084189,26.929500000,2.415811,1,75.569306,5.000000,14
2235,175,73.439743,33682,26.940890063,26.946000000,5.109937,0,1392.803497,5.000000,14
2236,175,71.892812,33682,26.955073983,26.960500000,5.426017,0,1392.803497,5.000000,14
2237,175,64.165710,33682,26.970392849,26.972500000,2.107151,1,64.165710,5.000000,14
2238,175,61.013557,33682,26.986221647,26.988500000,2.278353,1,61.013557,5.000000,14
2239,175,60.596772,33682,27.000158752,27.005500000,5.341248,0,1392.803497,5.000000,14
2240,175,60.244174,33682,27.014078188,27.016500000,2.421812,1,60.244174,5.000000,14
2241,175,63.747395,33682,27.028970623,27.031500000,2.529377,1,63.747395,5.000000,14
2242,175,60.808657,33682,27.042024023,27.044500000,2.475977,1,60.808657,5.000000,14
2243,175,56.007366,33682,27.056981832,27.059500000,2.518168,1,56.007366,5.000000,14
2244,175,43.984034,33682,27.070295666,27.072500000,2.204334,1,43.984034,5.000000,14
2245,175,30.500467,33682,27.087153993,27.089500000,2.346007,1,30.500467,5.000000,14
2246,175,16.596328,33682,27.102527462,27.108000000,5.472538,0,1392.803497,5.000000,14
2248,175,14.988325,33682,27.115826489,27.118000000,2.173511,1,14.988325,5.000000,14
2249,175,26.808537,33682,27.128780007,27.131000000,2.219993,1,26.808537,5.000000,14
2250,175,33.686420,33682,27.142218440,27.144500000,2.281560,1,33.686420,5.000000,14
2251,175,38.559568,33682,27.158174468,27.160500000,2.325532,1,38.559568,5.000000,14
2252,175,41.976940,33682,27.172817093,27.175000000,2.182907,1,41.976940,5.000000,14
2253,175,40.108068,33682,27.187396216,27.189500000,2.103784,1,40.108068,5.000000,14
2254,175,35.582637,33682,27.201018652,27.214500000,13.481348,0,1392.803497,5.000000,14
2255,175,31.185612,33682,27.217030119,27.219500000,2.469881,1,31.185612,5.000000,14
2256,175,23.011104,33682,27.232572710,27.235000000,2.427290,1,23.011104,5.000000,14
2257,175,14.604174,33682,27.246344735,27.248500000,2.155265,1,14.604174,5.000000,14
2260,175,13.125731,33682,27.260378126,27.265500000,5.121874,0,1392.803497,5.000000,14
2261,175,19.802779,33682,27.274140881,27.276500000,2.359119,1,19.802779,5.000000,14
2262,175,25.100694,33682,27.287790848,27.293000000,5.209152,0,1392.803497,5.000000,14
2263,175,28.307375,33682,27.301914606,27.307000000,5.085394,0,1392.803497,5.000000,14
2264,175,27.905856,33682,27.317028875,27.319500000,2.471125,1,27.905856,5.000000,14
2265,175,23.713316,33682,27.329838448,27.332000000,2.161552,1,23.713316,5.000000,14
2267,175,19.807158,33682,27.343682860,27.346000000,2.317140,1,19.807158,5.000000,14
2268,175,23.600356,33682,27.356783280,27.359000000,2.216720,1,23.600356,5.000000,14
2269,175,20.182814,33682,27.372473553,27.375000000,2.526447,1,20.182814,5.000000,14
2271,175,19.478862,33682,27.385987057,27.388500000,2.512943,1,19.478862,5.000000,14
2272,175,20.677112,33682,27.399109822,27.404500000,5.390178,0,1392.803497,5.000000,14
2273,175,21.450706,33682,27.412060637,27.414500000,2.439363,1,21.450706,5.000000,14
2275,175,44.661370,33682,27.425583082,27.428500000,2.916918,1,44.661370,5.000000,14
2277,175,71.480054,33682,27.439194529,27.441500000,2.305471,1,71.480054,5.000000,14
2278,175,75.635849,33682,27.452371067,27.454500000,2.128933,1,75.635849,5.000000,14
2279,175,731.926188,33682,27.465583665,27.468000000,2.416335,1,731.926188,5.000000,14
2280,175,796.990572,33682,27.478311228,27.481000000,2.688772,1,796.990572,5.000000,14
2281,175,110.911777,33682,27.491159212,27.493500000,2.340788,1,110.911777,5.000000,14
2282,175,90.465612,33682,27.503900736,27.509000000,5.099264,0,1392.803497,5.000000,14
2284,175,142.449231,33682,27.520266169,27.523000000,2.733831,1,142.449231,5.000000,14
2285,175,215.072923,33682,27.534098799,27.536500000,2.401201,1,215.072923,5.000000,14
2286,175,146.058996,33682,27.548093047,27.550500000,2.406953,1,146.058996,5.000000,14
2287,175,108.597020,33682,27.561255891,27.563500000,2.244109,1,108.597020,5.000000,14
2288,175,267.997192,33682,27.574213950,27.576500000,2.286050,1,267.997192,5.000000,14
2289,175,187.263397,33682,27.587889308,27.590000000,2.110692,1,187.263397,5.000000,14
2290,175,107.128054,33682,27.601125931,27.603500000,2.374069,1,107.128054,5.000000,14
2291,175,76.431004,33682,27.614847057,27.620000000,5.152943,0,1392.803497,5.000000,14
2293,175,66.870993,33682,27.630554776,27.633500000,2.945224,1,66.870993,5.000000,14
2294,175,103.605226,33682,27.647046690,27.649500000,2.453310,1,103.605226,5.000000,14
2295,175,122.553216,33682,27.660991291,27.663500000,2.508709,1,122.553216,5.000000,14
2296,175,139.818791,33682,27.677394300,27.679500000,2.105700,1,139.818791,5.000000,14
2297,175,151.263415,33682,27.691082949,27.693500000,2.417051,1,151.263415,5.000000,14
2298,175,172.990889,33682,27.705083254,27.707500000,2.416746,1,172.990889,5.000000,14
2299,175,203.764060,33682,27.719612779,27.722000000,2.387221,1,203.764060,5.000000,14
2300,175,301.920558,33682,27.732699149,27.735000000,2.300851,1,301.920558,5.000000,14
2301,175,448.154869,33682,27.746982853,27.749500000,2.517147,1,448.154869,5.000000,14
2302,175,778.076860,33682,27.760543164,27.763000000,2.456836,1,778.076860,5.000000,14
2303,175,670.809820,33682,27.774002916,27.776500000,2.497084,1,670.809820,5.000000,14
2304,175,822.606975,33682,27.787673619,27.790000000,2.326381,1,822.606975,5.000000,14
2305,175,919.125620,33682,27.800968349,27.806500000,5.531651,0,1392.803497,5.000000,14
2306,175,345.021505,33682,27.814291306,27.817000000,2.708694,1,345.021505,5.000000,14
2307,175,67.594921,33682,27.827840944,27.830500000,2.659056,1,67.594921,5.000000,14
2309,175,36.122570,33682,27.842178287,27.845000000,2.821713,1,36.122570,5.000000,14
2310,175,47.077732,33682,27.855089182,27.858000000,2.910818,1,47.077732,5.000000,14
2311,175,35.033966,33682,27.868008278,27.871000000,2.991722,1,35.033966,5.000000,14
2312,175,24.864020,33682,27.883657721,27.886500000,2.842279,1,24.864020,5.000000,14
2314,175,22.999355,33682,27.897607110,27.900500000,2.892890,1,22.999355,5.000000,14
2315,175,36.751580,33682,27.912019629,27.917500000,5.480371,0,1392.803497,5.000000,14
2316,175,31.428474,33682,27.927898842,27.930500000,2.601158,1,31.428474,5.000000,14
2317,175,38.067143,33682,27.941433612,27.944000000,2.566388,1,38.067143,5.000000,14
2318,175,37.719562,33682,27.956681344,27.959500000,2.818656,1,37.719562,5.000000,14
2319,175,36.760895,33682,27.969494767,27.972500000,3.005233,1,36.760895,5.000000,14
2320,175,34.591625,33682,27.985334360,27.988000000,2.665640,1,34.591625,5.000000,14
2321,175,27.124759,33682,28.002087821,28.007500000,5.412179,0,1392.803497,5.000000,14
2323,175,22.233612,33682,28.015166386,28.017500000,2.333614,1,22.233612,5.000000,14
2324,175,17.965667,33682,28.029180297,28.031500000,2.319703,1,17.965667,5.000000,14
2326,175,24.253108,33682,28.042287945,28.044500000,2.212055,1,24.253108,5.000000,14
2327,175,32.524243,33682,28.058257915,28.060500000,2.242085,1,32.524243,5.000000,14
2328,175,43.520109,33682,28.073442934,28.075500000,2.057066,1,43.520109,5.000000,14
2329,175,46.650172,33682,28.087773509,28.090000000,2.226491,1,46.650172,5.000000,14
2330,175,52.386270,33682,28.102167070,28.110500000,8.332930,0,1392.803497,5.000000,14
2331,175,57.747405,33682,28.115575554,28.118000000,2.424446,1,57.747405,5.000000,14
2332,175,57.466791,33682,28.133742113,28.136000000,2.257887,1,57.466791,5.000000,14
2333,175,56.328030,33682,28.146911444,28.149000000,2.088556,1,56.328030,5.000000,14
2334,175,52.772201,33682,28.161018798,28.163500000,2.481202,1,52.772201,5.000000,14
2335,175,36.054325,33682,28.173887858,28.176000000,2.112142,1,36.054325,5.000000,14
2336,175,25.705694,33682,28.187424446,28.189500000,2.075554,1,25.705694,5.000000,14
2338,175,21.582049,33682,28.200193696,28.208500000,8.306304,0,1392.803497,5.000000,14
2339,175,35.489031,33682,28.215089853,28.217500000,2.410147,1,35.489031,5.000000,14
2340,175,33.049413,33682,28.228094651,28.230500000,2.405349,1,33.049413,5.000000,14
2341,175,28.111803,33682,28.243300833,28.245500000,2.199167,1,28.111803,5.000000,14
2343,175,22.192451,33682,28.256793719,28.259000000,2.206281,1,22.192451,5.000000,14
2344,175,20.562613,33682,28.269533507,28.272000000,2.466493,1,20.562613,5.000000,14
2347,175,20.137794,33682,28.284562696,28.287000000,2.437304,1,20.137794,5.000000,14
2350,175,30.763398,33682,28.299503121,28.305000000,5.496879,0,1392.803497,5.000000,14
2351,175,54.152517,33682,28.312275859,28.314500000,2.224141,1,54.152517,5.000000,14
2352,175,70.335011,33682,28.324952821,28.327000000,2.047179,1,70.335011,5.000000,14
2353,175,87.677098,33682,28.340366098,28.342500000,2.133902,1,87.677098,5.000000,14
2354,175,91.023518,33682,28.353134307,28.355500000,2.365693,1,91.023518,5.000000,14
2355,175,98.113630,33682,28.367516656,28.370000000,2.483344,1,98.113630,5.000000,14
2356,175,105.529807,33682,28.384687102,28.387500000,2.812898,1,105.529807,5.000000,14
2357,175,99.107184,33682,28.399577511,28.405000000,5.422489,0,1392.803497,5.000000,14
2358,175,86.340379,33682,28.412465422,28.415000000,2.534578,1,86.340379,5.000000,14
2359,175,73.296436,33682,28.426515189,28.429000000,2.484811,1,73.296436,5.000000,14
2360,175,58.138101,33682,28.439242109,28.442500000,3.257891,1,58.138101,5.000000,14
2361,175,36.584892,33682,28.454678944,28.457000000,2.321056,1,36.584892,5.000000,14
2363,175,35.915261,33682,28.469415430,28.471500000,2.084570,1,35.915261,5.000000,14
2364,175,57.179344,33682,28.482198538,28.484500000,2.301462,1,57.179344,5.000000,14
2365,175,72.971178,33682,28.497700847,28.500000000,2.299153,1,72.971178,5.000000,14
2366,175,84.585994,33682,28.513167968,28.518500000,5.332032,0,1392.803497,5.000000,14
2367,175,89.966760,33682,28.527996704,28.530500000,2.503296,1,89.966760,5.000000,14
14,0,0,0,0,0,-1,0,1392.803497,5.000000,0
17,0,0,0,0,0,-1,0,1392.803497,5.000000,0
25,0,0,0,0,0,-1,0,1392.803497,5.000000,0
30,0,0,0,0,0,-1,0,1392.803497,5.000000,0
31,0,0,0,0,0,-1,0,1392.803497,5.000000,0
32,0,0,0,0,0,-1,0,1392.803497,5.000000,0
33,0,0,0,0,0,-1,0,1392.803497,5.000000,0
44,0,0,0,0,0,-1,0,1392.803497,5.000000,0
45,0,0,0,0,0,-1,0,1392.803497,5.000000,0
51,0,0,0,0,0,-1,0,1392.803497,5.000000,0
52,0,0,0,0,0,-1,0,1392.803497,5.000000,0
58,0,0,0,0,0,-1,0,1392.803497,5.000000,0
63,0,0,0,0,0,-1,0,1392.803497,5.000000,0
67,0,0,0,0,0,-1,0,1392.803497,5.000000,0
70,0,0,0,0,0,-1,0,1392.803497,5.000000,0
76,0,0,0,0,0,-1,0,1392.803497,5.000000,0
80,0,0,0,0,0,-1,0,1392.803497,5.000000,0
88,0,0,0,0,0,-1,0,1392.803497,5.000000,0
93,0,0,0,0,0,-1,0,1392.803497,5.000000,0
102,0,0,0,0,0,-1,0,1392.803497,5.000000,0
120,0,0,0,0,0,-1,0,1392.803497,5.000000,0
124,0,0,0,0,0,-1,0,1392.803497,5.000000,0
134,0,0,0,0,0,-1,0,1392.803497,5.000000,0
139,0,0,0,0,0,-1,0,1392.803497,5.000000,0
141,0,0,0,0,0,-1,0,1392.803497,5.000000,0
144,0,0,0,0,0,-1,0,1392.803497,5.000000,0
149,0,0,0,0,0,-1,0,1392.803497,5.000000,0
152,0,0,0,0,0,-1,0,1392.803497,5.000000,0
166,0,0,0,0,0,-1,0,1392.803497,5.000000,0
170,0,0,0,0,0,-1,0,1392.803497,5.000000,0
173,0,0,0,0,0,-1,0,1392.803497,5.000000,0
174,0,0,0,0,0,-1,0,1392.803497,5.000000,0
175,0,0,0,0,0,-1,0,1392.803497,5.000000,0
176,0,0,0,0,0,-1,0,1392.803497,5.000000,0
178,0,0,0,0,0,-1,0,1392.803497,5.000000,0
184,0,0,0,0,0,-1,0,1392.803497,5.000000,0
188,0,0,0,0,0,-1,0,1392.803497,5.000000,0
192,0,0,0,0,0,-1,0,1392.803497,5.000000,0
194,0,0,0,0,0,-1,0,1392.803497,5.000000,0
196,0,0,0,0,0,-1,0,1392.803497,5.000000,0
203,0,0,0,0,0,-1,0,1392.803497,5.000000,0
211,0,0,0,0,0,-1,0,1392.803497,5.000000,0
214,0,0,0,0,0,-1,0,1392.803497,5.000000,0
218,0,0,0,0,0,-1,0,1392.803497,5.000000,0
229,0,0,0,0,0,-1,0,1392.803497,5.000000,0
239,0,0,0,0,0,-1,0,1392.803497,5.000000,0
240,0,0,0,0,0,-1,0,1392.803497,5.000000,0
246,0,0,0,0,0,-1,0,1392.803497,5.000000,0
247,0,0,0,0,0,-1,0,1392.803497,5.000000,0
251,0,0,0,0,0,-1,0,1392.803497,5.000000,0
254,0,0,0,0,0,-1,0,1392.803497,5.000000,0
256,0,0,0,0,0,-1,0,1392.803497,5.000000,0
257,0,0,0,0,0,-1,0,1392.803497,5.000000,0
263,0,0,0,0,0,-1,0,1392.803497,5.000000,0
266,0,0,0,0,0,-1,0,1392.803497,5.000000,0
270,0,0,0,0,0,-1,0,1392.803497,5.000000,0
278,0,0,0,0,0,-1,0,1392.803497,5.000000,0
279,0,0,0,0,0,-1,0,1392.803497,5.000000,0
289,0,0,0,0,0,-1,0,1392.803497,5.000000,0
291,0,0,0,0,0,-1,0,1392.803497,5.000000,0
296,0,0,0,0,0,-1,0,1392.803497,5.000000,0
298,0,0,0,0,0,-1,0,1392.803497,5.000000,0
299,0,0,0,0,0,-1,0,1392.803497,5.000000,0
309,0,0,0,0,0,-1,0,1392.803497,5.000000,0
314,0,0,0,0,0,-1,0,1392.803497,5.000000,0
321,0,0,0,0,0,-1,0,1392.803497,5.000000,0
322,0,0,0,0,0,-1,0,1392.803497,5.000000,0
324,0,0,0,0,0,-1,0,1392.803497,5.000000,0
325,0,0,0,0,0,-1,0,1392.803497,5.000000,0
331,0,0,0,0,0,-1,0,1392.803497,5.000000,0
332,0,0,0,0,0,-1,0,1392.803497,5.000000,0
343,0,0,0,0,0,-1,0,1392.803497,5.000000,0
346,0,0,0,0,0,-1,0,1392.803497,5.000000,0
354,0,0,0,0,0,-1,0,1392.803497,5.000000,0
368,0,0,0,0,0,-1,0,1392.803497,5.000000,0
370,0,0,0,0,0,-1,0,1392.803497,5.000000,0
387,0,0,0,0,0,-1,0,1392.803497,5.000000,0
402,0,0,0,0,0,-1,0,1392.803497,5.000000,0
408,0,0,0,0,0,-1,0,1392.803497,5.000000,0
410,0,0,0,0,0,-1,0,1392.803497,5.000000,0
411,0,0,0,0,0,-1,0,1392.803497,5.000000,0
414,0,0,0,0,0,-1,0,1392.803497,5.000000,0
423,0,0,0,0,0,-1,0,1392.803497,5.000000,0
430,0,0,0,0,0,-1,0,1392.803497,5.000000,0
432,0,0,0,0,0,-1,0,1392.803497,5.000000,0
433,0,0,0,0,0,-1,0,1392.803497,5.000000,0
438,0,0,0,0,0,-1,0,1392.803497,5.000000,0
439,0,0,0,0,0,-1,0,1392.803497,5.000000,0
442,0,0,0,0,0,-1,0,1392.803497,5.000000,0
443,0,0,0,0,0,-1,0,1392.803497,5.000000,0
449,0,0,0,0,0,-1,0,1392.803497,5.000000,0
450,0,0,0,0,0,-1,0,1392.803497,5.000000,0
457,0,0,0,0,0,-1,0,1392.803497,5.000000,0
463,0,0,0,0,0,-1,0,1392.803497,5.000000,0
471,0,0,0,0,0,-1,0,1392.803497,5.000000,0
479,0,0,0,0,0,-1,0,1392.803497,5.000000,0
485,0,0,0,0,0,-1,0,1392.803497,5.000000,0
486,0,0,0,0,0,-1,0,1392.803497,5.000000,0
495,0,0,0,0,0,-1,0,1392.803497,5.000000,0
501,0,0,0,0,0,-1,0,1392.803497,5.000000,0
506,0,0,0,0,0,-1,0,1392.803497,5.000000,0
507,0,0,0,0,0,-1,0,1392.803497,5.000000,0
511,0,0,0,0,0,-1,0,1392.803497,5.000000,0
527,0,0,0,0,0,-1,0,1392.803497,5.000000,0
528,0,0,0,0,0,-1,0,1392.803497,5.000000,0
532,0,0,0,0,0,-1,0,1392.803497,5.000000,0
538,0,0,0,0,0,-1,0,1392.803497,5.000000,0
547,0,0,0,0,0,-1,0,1392.803497,5.000000,0
554,0,0,0,0,0,-1,0,1392.803497,5.000000,0
557,0,0,0,0,0,-1,0,1392.803497,5.000000,0
564,0,0,0,0,0,-1,0,1392.803497,5.000000,0
567,0,0,0,0,0,-1,0,1392.803497,5.000000,0
568,0,0,0,0,0,-1,0,1392.803497,5.000000,0
572,0,0,0,0,0,-1,0,1392.803497,5.000000,0
578,0,0,0,0,0,-1,0,1392.803497,5.000000,0
581,0,0,0,0,0,-1,0,1392.803497,5.000000,0
582,0,0,0,0,0,-1,0,1392.803497,5.000000,0
594,0,0,0,0,0,-1,0,1392.803497,5.000000,0
596,0,0,0,0,0,-1,0,1392.803497,5.000000,0
599,0,0,0,0,0,-1,0,1392.803497,5.000000,0
602,0,0,0,0,0,-1,0,1392.803497,5.000000,0
605,0,0,0,0,0,-1,0,1392.803497,5.000000,0
610,0,0,0,0,0,-1,0,1392.803497,5.000000,0
621,0,0,0,0,0,-1,0,1392.803497,5.000000,0
631,0,0,0,0,0,-1,0,1392.803497,5.000000,0
642,0,0,0,0,0,-1,0,1392.803497,5.000000,0
654,0,0,0,0,0,-1,0,1392.803497,5.000000,0
655,0,0,0,0,0,-1,0,1392.803497,5.000000,0
670,0,0,0,0,0,-1,0,1392.803497,5.000000,0
676,0,0,0,0,0,-1,0,1392.803497,5.000000,0
678,0,0,0,0,0,-1,0,1392.803497,5.000000,0
679,0,0,0,0,0,-1,0,1392.803497,5.000000,0
680,0,0,0,0,0,-1,0,1392.803497,5.000000,0
682,0,0,0,0,0,-1,0,1392.803497,5.000000,0
691,0,0,0,0,0,-1,0,1392.803497,5.000000,0
693,0,0,0,0,0,-1,0,1392.803497,5.000000,0
695,0,0,0,0,0,-1,0,1392.803497,5.000000,0
705,0,0,0,0,0,-1,0,1392.803497,5.000000,0
718,0,0,0,0,0,-1,0,1392.803497,5.000000,0
727,0,0,0,0,0,-1,0,1392.803497,5.000000,0
734,0,0,0,0,0,-1,0,1392.803497,5.000000,0
736,0,0,0,0,0,-1,0,1392.803497,5.000000,0
742,0,0,0,0,0,-1,0,1392.803497,5.000000,0
755,0,0,0,0,0,-1,0,1392.803497,5.000000,0
756,0,0,0,0,0,-1,0,1392.803497,5.000000,0
761,0,0,0,0,0,-1,0,1392.803497,5.000000,0
765,0,0,0,0,0,-1,0,1392.803497,5.000000,0
772,0,0,0,0,0,-1,0,1392.803497,5.000000,0
785,0,0,0,0,0,-1,0,1392.803497,5.000000,0
790,0,0,0,0,0,-1,0,1392.803497,5.000000,0
794,0,0,0,0,0,-1,0,1392.803497,5.000000,0
798,0,0,0,0,0,-1,0,1392.803497,5.000000,0
801,0,0,0,0,0,-1,0,1392.803497,5.000000,0
807,0,0,0,0,0,-1,0,1392.803497,5.000000,0
809,0,0,0,0,0,-1,0,1392.803497,5.000000,0
810,0,0,0,0,0,-1,0,1392.803497,5.000000,0
811,0,0,0,0,0,-1,0,1392.803497,5.000000,0
838,0,0,0,0,0,-1,0,1392.803497,5.000000,0
840,0,0,0,0,0,-1,0,1392.803497,5.000000,0
844,0,0,0,0,0,-1,0,1392.803497,5.000000,0
862,0,0,0,0,0,-1,0,1392.803497,5.000000,0
864,0,0,0,0,0,-1,0,1392.803497,5.000000,0
869,0,0,0,0,0,-1,0,1392.803497,5.000000,0
900,0,0,0,0,0,-1,0,1392.803497,5.000000,0
932,0,0,0,0,0,-1,0,1392.803497,5.000000,0
949,0,0,0,0,0,-1,0,1392.803497,5.000000,0
964,0,0,0,0,0,-1,0,1392.803497,5.000000,0
976,0,0,0,0,0,-1,0,1392.803497,5.000000,0
978,0,0,0,0,0,-1,0,1392.803497,5.000000,0
990,0,0,0,0,0,-1,0,1392.803497,5.000000,0
1003,0,0,0,0,0,-1,0,1392.803497,5.000000,0
1011,0,0,0,0,0,-1,0,1392.803497,5.000000,0
1018,0,0,0,0,0,-1,0,1392.803497,5.000000,0
1029,0,0,0,0,0,-1,0,1392.803497,5.000000,0
1032,0,0,0,0,0,-1,0,1392.803497,5.000000,0
1036,0,0,0,0,0,-1,0,1392.803497,5.000000,0
1037,0,0,0,0,0,-1,0,1392.803497,5.000000,0
1041,0,0,0,0,0,-1,0,1392.803497,5.000000,0
1047,0,0,0,0,0,-1,0,1392.803497,5.000000,0
1048,0,0,0,0,0,-1,0,1392.803497,5.000000,0
1053,0,0,0,0,0,-1,0,1392.803497,5.000000,0
1055,0,0,0,0,0,-1,0,1392.803497,5.000000,0
1057,0,0,0,0,0,-1,0,1392.803497,5.000000,0
1061,0,0,0,0,0,-1,0,1392.803497,5.000000,0
1068,0,0,0,0,0,-1,0,1392.803497,5.000000,0
1080,0,0,0,0,0,-1,0,1392.803497,5.000000,0
1089,0,0,0,0,0,-1,0,1392.803497,5.000000,0
1100,0,0,0,0,0,-1,0,1392.803497,5.000000,0
1106,0,0,0,0,0,-1,0,1392.803497,5.000000,0
1110,0,0,0,0,0,-1,0,1392.803497,5.000000,0
1114,0,0,0,0,0,-1,0,1392.803497,5.000000,0
1124,0,0,0,0,0,-1,0,1392.803497,5.000000,0
1127,0,0,0,0,0,-1,0,1392.803497,5.000000,0
1132,0,0,0,0,0,-1,0,1392.803497,5.000000,0
1135,0,0,0,0,0,-1,0,1392.803497,5.000000,0
1138,0,0,0,0,0,-1,0,1392.803497,5.000000,0
1151,0,0,0,0,0,-1,0,1392.803497,5.000000,0
1157,0,0,0,0,0,-1,0,1392.803497,5.000000,0
1161,0,0,0,0,0,-1,0,1392.803497,5.000000,0
1173,0,0,0,0,0,-1,0,1392.803497,5.000000,0
1174,0,0,0,0,0,-1,0,1392.803497,5.000000,0
1178,0,0,0,0,0,-1,0,1392.803497,5.000000,0
1181,0,0,0,0,0,-1,0,1392.803497,5.000000,0
1187,0,0,0,0,0,-1,0,1392.803497,5.000000,0
1192,0,0,0,0,0,-1,0,1392.803497,5.000000,0
1195,0,0,0,0,0,-1,0,1392.803497,5.000000,0
1196,0,0,0,0,0,-1,0,1392.803497,5.000000,0
1200,0,0,0,0,0,-1,0,1392.803497,5.000000,0
1204,0,0,0,0,0,-1,0,1392.803497,5.000000,0
1210,0,0,0,0,0,-1,0,1392.803497,5.000000,0
1221,0,0,0,0,0,-1,0,1392.803497,5.000000,0
1222,0,0,0,0,0,-1,0,1392.803497,5.000000,0
1225,0,0,0,0,0,-1,0,1392.803497,5.000000,0
1236,0,0,0,0,0,-1,0,1392.803497,5.000000,0
1258,0,0,0,0,0,-1,0,1392.803497,5.000000,0
1263,0,0,0,0,0,-1,0,1392.803497,5.000000,0
1264,0,0,0,0,0,-1,0,1392.803497,5.000000,0
1271,0,0,0,0,0,-1,0,1392.803497,5.000000,0
1292,0,0,0,0,0,-1,0,1392.803497,5.000000,0
1302,0,0,0,0,0,-1,0,1392.803497,5.000000,0
1313,0,0,0,0,0,-1,0,1392.803497,5.000000,0
1320,0,0,0,0,0,-1,0,1392.803497,5.000000,0
1326,0,0,0,0,0,-1,0,1392.803497,5.000000,0
1336,0,0,0,0,0,-1,0,1392.803497,5.000000,0
1340,0,0,0,0,0,-1,0,1392.803497,5.000000,0
1350,0,0,0,0,0,-1,0,1392.803497,5.000000,0
1351,0,0,0,0,0,-1,0,1392.803497,5.000000,0
1352,0,0,0,0,0,-1,0,1392.803497,5.000000,0
1359,0,0,0,0,0,-1,0,1392.803497,5.000000,0
1366,0,0,0,0,0,-1,0,1392.803497,5.000000,0
1370,0,0,0,0,0,-1,0,1392.803497,5.000000,0
1373,0,0,0,0,0,-1,0,1392.803497,5.000000,0
1377,0,0,0,0,0,-1,0,1392.803497,5.000000,0
1381,0,0,0,0,0,-1,0,1392.803497,5.000000,0
1391,0,0,0,0,0,-1,0,1392.803497,5.000000,0
1395,0,0,0,0,0,-1,0,1392.803497,5.000000,0
1398,0,0,0,0,0,-1,0,1392.803497,5.000000,0
1404,0,0,0,0,0,-1,0,1392.803497,5.000000,0
1419,0,0,0,0,0,-1,0,1392.803497,5.000000,0
1425,0,0,0,0,0,-1,0,1392.803497,5.000000,0
1441,0,0,0,0,0,-1,0,1392.803497,5.000000,0
1447,0,0,0,0,0,-1,0,1392.803497,5.000000,0
1450,0,0,0,0,0,-1,0,1392.803497,5.000000,0
1455,0,0,0,0,0,-1,0,1392.803497,5.000000,0
1461,0,0,0,0,0,-1,0,1392.803497,5.000000,0
1462,0,0,0,0,0,-1,0,1392.803497,5.000000,0
1467,0,0,0,0,0,-1,0,1392.803497,5.000000,0
1474,0,0,0,0,0,-1,0,1392.803497,5.000000,0
1488,0,0,0,0,0,-1,0,1392.803497,5.000000,0
1491,0,0,0,0,0,-1,0,1392.803497,5.000000,0
1497,0,0,0,0,0,-1,0,1392.803497,5.000000,0
1498,0,0,0,0,0,-1,0,1392.803497,5.000000,0
1511,0,0,0,0,0,-1,0,1392.803497,5.000000,0
1517,0,0,0,0,0,-1,0,1392.803497,5.000000,0
1518,0,0,0,0,0,-1,0,1392.803497,5.000000,0
1525,0,0,0,0,0,-1,0,1392.803497,5.000000,0
1551,0,0,0,0,0,-1,0,1392.803497,5.000000,0
1552,0,0,0,0,0,-1,0,1392.803497,5.000000,0
1554,0,0,0,0,0,-1,0,1392.803497,5.000000,0
1556,0,0,0,0,0,-1,0,1392.803497,5.000000,0
1557,0,0,0,0,0,-1,0,1392.803497,5.000000,0
1562,0,0,0,0,0,-1,0,1392.803497,5.000000,0
1563,0,0,0,0,0,-1,0,1392.803497,5.000000,0
1575,0,0,0,0,0,-1,0,1392.803497,5.000000,0
1576,0,0,0,0,0,-1,0,1392.803497,5.000000,0
1582,0,0,0,0,0,-1,0,1392.803497,5.000000,0
1590,0,0,0,0,0,-1,0,1392.803497,5.000000,0
1611,0,0,0,0,0,-1,0,1392.803497,5.000000,0
1616,0,0,0,0,0,-1,0,1392.803497,5.000000,0
1624,0,0,0,0,0,-1,0,1392.803497,5.000000,0
1632,0,0,0,0,0,-1,0,1392.803497,5.000000,0
1642,0,0,0,0,0,-1,0,1392.803497,5.000000,0
1647,0,0,0,0,0,-1,0,1392.803497,5.000000,0
1651,0,0,0,0,0,-1,0,1392.803497,5.000000,0
1656,0,0,0,0,0,-1,0,1392.803497,5.000000,0
1665,0,0,0,0,0,-1,0,1392.803497,5.000000,0
1667,0,0,0,0,0,-1,0,1392.803497,5.000000,0
1674,0,0,0,0,0,-1,0,1392.803497,5.000000,0
1677,0,0,0,0,0,-1,0,1392.803497,5.000000,0
1694,0,0,0,0,0,-1,0,1392.803497,5.000000,0
1697,0,0,0,0,0,-1,0,1392.803497,5.000000,0
1703,0,0,0,0,0,-1,0,1392.803497,5.000000,0
1714,0,0,0,0,0,-1,0,1392.803497,5.000000,0
1730,0,0,0,0,0,-1,0,1392.803497,5.000000,0
1732,0,0,0,0,0,-1,0,1392.803497,5.000000,0
1737,0,0,0,0,0,-1,0,1392.803497,5.000000,0
1741,0,0,0,0,0,-1,0,1392.803497,5.000000,0
1744,0,0,0,0,0,-1,0,1392.803497,5.000000,0
1749,0,0,0,0,0,-1,0,1392.803497,5.000000,0
1756,0,0,0,0,0,-1,0,1392.803497,5.000000,0
1760,0,0,0,0,0,-1,0,1392.803497,5.000000,0
1763,0,0,0,0,0,-1,0,1392.803497,5.000000,0
1770,0,0,0,0,0,-1,0,1392.803497,5.000000,0
1791,0,0,0,0,0,-1,0,1392.803497,5.000000,0
1807,0,0,0,0,0,-1,0,1392.803497,5.000000,0
1812,0,0,0,0,0,-1,0,1392.803497,5.000000,0
1813,0,0,0,0,0,-1,0,1392.803497,5.000000,0
1814,0,0,0,0,0,-1,0,1392.803497,5.000000,0
1820,0,0,0,0,0,-1,0,1392.803497,5.000000,0
1833,0,0,0,0,0,-1,0,1392.803497,5.000000,0
1847,0,0,0,0,0,-1,0,1392.803497,5.000000,0
1849,0,0,0,0,0,-1,0,1392.803497,5.000000,0
1869,0,0,0,0,0,-1,0,1392.803497,5.000000,0
1871,0,0,0,0,0,-1,0,1392.803497,5.000000,0
1885,0,0,0,0,0,-1,0,1392.803497,5.000000,0
1904,0,0,0,0,0,-1,0,1392.803497,5.000000,0
1927,0,0,0,0,0,-1,0,1392.803497,5.000000,0
1938,0,0,0,0,0,-1,0,1392.803497,5.000000,0
1945,0,0,0,0,0,-1,0,1392.803497,5.000000,0
1956,0,0,0,0,0,-1,0,1392.803497,5.000000,0
1966,0,0,0,0,0,-1,0,1392.803497,5.000000,0
1972,0,0,0,0,0,-1,0,1392.803497,5.000000,0
1979,0,0,0,0,0,-1,0,1392.803497,5.000000,0
1988,0,0,0,0,0,-1,0,1392.803497,5.000000,0
