frameNumber,components,mse,sizeBytes,genTime,recvTime,delay_ms,receivedOnTime,effectiveError,deadline_ms,cqi
0,175,150.12,67516,0.020906552,0.023500000,2.593448,1,150.119811,5.000000,14
1,175,146.818843,67516,0.038036008,0.041000000,2.963992,1,146.818843,5.000000,14
2,175,144.753743,67516,0.053242218,0.059000000,5.757782,0,192.016905,5.000000,14
3,175,134.321807,67516,0.067915966,0.070500000,2.584034,1,134.321807,5.000000,14
4,175,102.620009,67516,0.082008144,0.086000000,3.991856,1,102.620009,5.000000,14
5,175,91.979515,67516,0.095842922,0.098500000,2.657078,1,91.979515,5.000000,14
7,175,76.731430,67516,0.125107956,0.214500000,89.392044,0,192.016905,5.000000,14
8,175,71.491122,67516,0.138287497,0.214500000,76.212503,0,192.016905,5.000000,14
9,175,57.112255,67516,0.154636848,0.214500000,59.863152,0,192.016905,5.000000,14
10,175,48.703709,67516,0.169617064,0.214500000,44.882936,0,192.016905,5.000000,14
11,175,34.756100,67516,0.184147744,0.214500000,30.352256,0,192.016905,5.000000,14
12,175,28.999806,67516,0.197827641,0.214500000,16.672359,0,192.016905,5.000000,14
13,175,21.272186,67516,0.210903019,0.220000000,9.096981,0,192.016905,5.000000,14
14,175,10.474697,67516,0.224974737,0.228000000,3.025263,1,10.474697,5.000000,14
16,175,9.290447,67516,0.238995947,0.242000000,3.004053,1,9.290447,5.000000,14
17,175,8.541780,67516,0.251680753,0.254500000,2.819247,1,8.541780,5.000000,14
19,175,6.464546,67516,0.266988569,0.270000000,3.011431,1,6.464546,5.000000,14
20,175,9.620041,67516,0.282455451,0.285500000,3.044549,1,9.620041,5.000000,14
21,175,12.120884,67516,0.295187993,0.298500000,3.312007,1,12.120884,5.000000,14
22,175,5.103466,67516,0.310957704,0.316500000,5.542296,0,192.016905,5.000000,14
24,175,7.239300,67516,0.324906444,0.327500000,2.593556,1,7.239300,5.000000,14
25,175,15.392736,67516,0.338763668,0.341500000,2.736332,1,15.392736,5.000000,14
26,175,14.990583,67516,0.353052028,0.356000000,2.947972,1,14.990583,5.000000,14
27,175,8.307269,67516,0.366262663,0.369000000,2.737337,1,8.307269,5.000000,14
28,175,5.625070,67516,0.380833679,0.384000000,3.166321,1,5.625070,5.000000,14
33,175,4.144817,67516,0.398052861,0.403500000,5.447139,0,192.016905,5.000000,14
34,175,9.793214,67516,0.414680553,0.418000000,3.319447,1,9.793214,5.000000,14
35,175,10.383109,67516,0.428566466,0.431500000,2.933534,1,10.383109,5.000000,14
36,175,14.780419,67516,0.441983680,0.446000000,4.016320,1,14.780419,5.000000,14
37,175,12.452171,67516,0.456773673,0.459500000,2.726327,1,12.452171,5.000000,14
38,175,14.696417,67516,0.469748455,0.472500000,2.751545,1,14.696417,5.000000,14
39,175,14.046931,67516,0.484355710,0.487500000,3.144290,1,14.046931,5.000000,14
40,175,8.780005,67516,0.498022955,0.505000000,6.977045,0,192.016905,5.000000,14
41,175,7.273410,67516,0.513166788,0.516500000,3.333212,1,7.273410,5.000000,14
42,175,3.125671,67516,0.528250753,0.531000000,2.749247,1,3.125671,5.000000,14
45,175,5.642061,67516,0.541618417,0.544500000,2.881583,1,5.642061,5.000000,14
46,175,5.209865,67516,0.554583087,0.557500000,2.916913,1,5.209865,5.000000,14
47,175,8.337219,67516,0.568016812,0.571000000,2.983188,1,8.337219,5.000000,14
50,175,2.164196,67516,0.582188211,0.585000000,2.811789,1,2.164196,5.000000,14
52,175,6.955489,67516,0.597422460,0.600000000,2.577540,1,6.955489,5.000000,14
53,175,6.931179,67516,0.611594758,0.617500000,5.905242,0,192.016905,5.000000,14
54,175,8.762609,67516,0.624538212,0.627500000,2.961788,1,8.762609,5.000000,14
55,175,8.051634,67516,0.637316767,0.640000000,2.683233,1,8.051634,5.000000,14
57,175,1.285414,67516,0.652281500,0.656000000,3.718500,1,1.285414,5.000000,14
60,175,9.795543,67516,0.666003617,0.669000000,2.996383,1,9.795543,5.000000,14
61,175,6.684756,67516,0.679427427,0.683500000,4.072573,1,6.684756,5.000000,14
62,175,5.609407,67516,0.692444008,0.698000000,5.555992,0,192.016905,5.000000,14
66,175,2.005732,67516,0.720829097,0.791000000,70.170903,0,192.016905,5.000000,14
68,175,3.475107,67516,0.733707181,0.791000000,57.292819,0,192.016905,5.000000,14
71,175,9.920613,67516,0.746665870,0.791000000,44.334130,0,192.016905,5.000000,14
72,175,6.239630,67516,0.760603066,0.791000000,30.396934,0,192.016905,5.000000,14
74,175,7.026903,67516,0.773913023,0.791000000,17.086977,0,192.016905,5.000000,14
75,175,6.068738,67516,0.787557392,0.791000000,3.442608,1,6.068738,5.000000,14
79,175,4.094232,67516,0.815769872,0.890000000,74.230128,0,192.016905,5.000000,14
80,175,4.732434,67516,0.829662748,0.890000000,60.337252,0,192.016905,5.000000,14
82,175,2.125701,67516,0.844222470,0.890000000,45.777530,0,192.016905,5.000000,14
84,175,5.813329,67516,0.857623906,0.890000000,32.376094,0,192.016905,5.000000,14
85,175,1.835369,67516,0.873599247,0.890000000,16.400753,0,192.016905,5.000000,14
87,175,1.928774,67516,0.887833605,0.890500000,2.666395,1,1.928774,5.000000,14
88,175,4.258367,67516,0.900716464,0.913500000,12.783536,0,192.016905,5.000000,14
89,175,7.205338,67516,0.913689880,0.916500000,2.810120,1,7.205338,5.000000,14
90,175,8.259040,67516,0.926358836,0.931500000,5.141164,0,192.016905,5.000000,14
91,175,12.059825,67516,0.942116727,0.947500000,5.383273,0,192.016905,5.000000,14
92,175,12.929263,67516,0.956251980,0.962000000,5.748020,0,192.016905,5.000000,14
93,175,16.207430,67516,0.969069297,0.972000000,2.930703,1,16.207430,5.000000,14
94,175,15.157251,67516,0.982952342,0.985500000,2.547658,1,15.157251,5.000000,14
95,175,16.360946,67516,0.996130797,0.999000000,2.869203,1,16.360946,5.000000,14
96,175,8.210293,67516,1.010312875,1.020000000,9.687125,0,192.016905,5.000000,14
97,175,6.112638,67516,1.025574204,1.031000000,5.425796,0,192.016905,5.000000,14
98,175,4.556938,67516,1.038600933,1.041500000,2.899067,1,4.556938,5.000000,14
100,175,1.717057,67516,1.051981194,1.055000000,3.018806,1,1.717057,5.000000,14
102,175,4.535762,67516,1.066444297,1.069000000,2.555703,1,4.535762,5.000000,14
103,175,4.433128,67516,1.080242087,1.083000000,2.757913,1,4.433128,5.000000,14
104,175,6.137027,67516,1.094133330,1.097000000,2.866670,1,6.137027,5.000000,14
105,175,3.606912,67516,1.108208088,1.114000000,5.791912,0,192.016905,5.000000,14
106,175,4.098100,67516,1.125003635,1.128000000,2.996365,1,4.098100,5.000000,14
108,175,4.859308,67516,1.138236984,1.141000000,2.763016,1,4.859308,5.000000,14
109,175,2.872792,67516,1.150966701,1.154000000,3.033299,1,2.872792,5.000000,14
110,175,4.544006,67516,1.167788946,1.171000000,3.211054,1,4.544006,5.000000,14
112,175,1.887628,67516,1.184086510,1.187000000,2.913490,1,1.887628,5.000000,14
116,175,4.014248,67516,1.215480520,1.276000000,60.519480,0,192.016905,5.000000,13
117,175,8.874441,67516,1.232487675,1.276000000,43.512325,0,192.016905,5.000000,13
118,175,9.077853,67516,1.246373546,1.276000000,29.626454,0,192.016905,5.000000,13
119,175,12.178672,67516,1.259254656,1.276000000,16.745344,0,192.016905,5.000000,13
120,175,6.302055,67516,1.272844473,1.276000000,3.155527,1,6.302055,5.000000,13
121,175,6.043130,67516,1.285784144,1.289500000,3.715856,1,6.043130,5.000000,13
122,175,3.880716,67516,1.299866987,1.306000000,6.133013,0,192.016905,5.000000,13
125,175,3.580164,67516,1.315214684,1.321000000,5.785316,0,192.016905,5.000000,13
126,175,3.878274,67516,1.328693158,1.332500000,3.806842,1,3.878274,5.000000,13
127,175,3.207570,67516,1.341877933,1.347500000,5.622067,0,192.016905,5.000000,13
129,175,5.352612,67516,1.357163930,1.361000000,3.836070,1,5.352612,5.000000,13
130,175,11.150079,67516,1.370675973,1.374000000,3.324027,1,11.150079,5.000000,13
131,175,11.496486,67516,1.385373914,1.391000000,5.626086,0,192.016905,5.000000,13
132,175,13.786562,67516,1.398590706,1.411500000,12.909294,0,192.016905,5.000000,12
133,175,4.114072,67516,1.412194920,1.418000000,5.805080,0,192.016905,5.000000,13
134,175,1.674780,67516,1.427071992,1.431500000,4.428008,1,1.674780,5.000000,13
136,175,4.412772,67516,1.443158701,1.447000000,3.841299,1,4.412772,5.000000,13
137,175,6.643351,67516,1.458290955,1.466500000,8.209045,0,192.016905,5.000000,13
138,175,5.655655,67516,1.471352680,1.477000000,5.647320,0,192.016905,5.000000,13
139,175,6.689254,67516,1.484891890,1.493500000,8.608110,0,192.016905,5.000000,13
140,175,2.418789,67516,1.499250552,1.505000000,5.749448,0,192.016905,5.000000,13
142,175,2.673888,67516,1.512194438,1.518000000,5.805562,0,192.016905,5.000000,13
143,175,7.679386,67516,1.525445875,1.531500000,6.054125,0,192.016905,5.000000,13
144,175,6.744295,67516,1.539309605,1.543000000,3.690395,1,6.744295,5.000000,13
145,175,7.236869,67516,1.553115630,1.562000000,8.884370,0,192.016905,5.000000,13
146,175,2.350286,67516,1.569259819,1.574000000,4.740181,1,2.350286,5.000000,13
148,175,5.230736,67516,1.582412423,1.588000000,5.587577,0,192.016905,5.000000,13
149,175,8.023494,67516,1.595857994,1.599000000,3.142006,1,8.023494,5.000000,13
151,175,7.671021,67516,1.623265507,1.680500000,57.234493,0,192.016905,5.000000,13
152,175,7.472899,67516,1.636061002,1.680500000,44.438998,0,192.016905,5.000000,13
153,175,4.441587,67516,1.649279995,1.680500000,31.220005,0,192.016905,5.000000,13
156,175,4.437535,67516,1.677672798,1.735000000,57.327202,0,192.016905,5.000000,13
157,175,4.818077,67516,1.690565606,1.735000000,44.434394,0,192.016905,5.000000,13
158,175,9.579930,67516,1.704060269,1.735000000,30.939731,0,192.016905,5.000000,13
160,175,3.431894,67516,1.732007828,1.797500000,65.492172,0,192.016905,5.000000,13
161,175,2.779313,67516,1.747242746,1.797500000,50.257254,0,192.016905,5.000000,13
165,175,7.763625,67516,1.777550062,1.841000000,63.449938,0,192.016905,5.000000,13
166,175,7.030536,67516,1.794906554,1.841000000,46.093446,0,192.016905,5.000000,13
167,175,8.874724,67516,1.807989608,1.841000000,33.010392,0,192.016905,5.000000,13
169,175,1.998789,67516,1.822545876,1.841000000,18.454124,0,192.016905,5.000000,13
171,175,3.196621,67516,1.837242053,1.841500000,4.257947,1,3.196621,5.000000,13
172,175,2.534444,67516,1.851350255,1.857000000,5.649745,0,192.016905,5.000000,13
176,175,4.674880,67516,1.866920098,1.872000000,5.079902,0,192.016905,5.000000,13
177,175,3.337958,67516,1.880602948,1.884000000,3.397052,1,3.337958,5.000000,13
178,175,4.960856,67516,1.894724589,1.898500000,3.775411,1,4.960856,5.000000,13
181,175,4.931374,67516,1.926479600,1.989000000,62.520400,0,192.016905,5.000000,13
182,175,7.680938,67516,1.941419378,1.989000000,47.580622,0,192.016905,5.000000,13
183,175,6.970814,67516,1.954759730,1.989000000,34.240270,0,192.016905,5.000000,13
186,175,1.388964,67516,1.970736558,1.989000000,18.263442,0,192.016905,5.000000,13
187,175,3.568829,67516,1.985589170,1.989000000,3.410830,1,3.568829,5.000000,13
189,175,4.994885,67516,1.998786652,2.005000000,6.213348,0,192.016905,5.000000,13
193,175,5.222305,67516,2.042404480,2.090500000,48.095520,0,192.016905,5.000000,10
197,175,0.840987,67516,2.087517793,2.138500000,50.982207,0,192.016905,5.000000,10
276,175,3.865035,67516,2.824693780,2.869500000,44.806220,0,192.016905,5.000000,11
278,175,7.931893,67516,2.837417520,2.869500000,32.082480,0,192.016905,5.000000,11
279,175,6.559007,67516,2.851977899,2.869500000,17.522101,0,192.016905,5.000000,11
280,175,6.889909,67516,2.864917606,2.871500000,6.582394,0,192.016905,5.000000,11
281,175,8.701246,67516,2.877606438,2.886500000,8.893562,0,192.016905,5.000000,11
282,175,5.801287,67516,2.890478441,2.894500000,4.021559,1,5.801287,5.000000,11
284,175,2.533650,67516,2.918557376,2.965500000,46.942624,0,192.016905,5.000000,11
290,175,1.226072,67516,2.947558865,2.996000000,48.441135,0,192.016905,5.000000,11
291,175,1.886698,67516,2.961516738,2.996000000,34.483262,0,192.016905,5.000000,11
293,175,4.825989,67516,2.975605108,2.996000000,20.394892,0,192.016905,5.000000,11
294,175,6.003629,67516,2.988809689,2.996000000,7.190311,0,192.016905,5.000000,11
295,175,4.361133,67516,3.001629641,3.012000000,10.370359,0,192.016905,5.000000,11
296,175,4.677442,67516,3.014809989,3.021500000,6.690011,0,192.016905,5.000000,11
299,175,1.632963,67516,3.030138024,3.037000000,6.861976,0,192.016905,5.000000,11
301,175,2.170746,67516,3.043338894,3.048000000,4.661106,1,2.170746,5.000000,11
302,175,3.222565,67516,3.056803311,3.063000000,6.196689,0,192.016905,5.000000,11
304,175,2.949486,67516,3.070016826,3.076000000,5.983174,0,192.016905,5.000000,11
305,175,3.939905,67516,3.084572274,3.091000000,6.427726,0,192.016905,5.000000,11
307,175,5.594460,67516,3.098808978,3.106000000,7.191022,0,192.016905,5.000000,11
308,175,1.866755,67516,3.112997508,3.124500000,11.502492,0,192.016905,5.000000,13
311,175,3.755701,67516,3.126041995,3.130000000,3.958005,1,3.755701,5.000000,13
312,175,6.861110,67516,3.139882028,3.143000000,3.117972,1,6.861110,5.000000,13
313,175,9.285929,67516,3.155003888,3.159500000,4.496112,1,9.285929,5.000000,13
314,175,5.697381,67516,3.167696251,3.171000000,3.303749,1,5.697381,5.000000,13
315,175,4.718964,67516,3.180580971,3.187500000,6.919029,0,192.016905,5.000000,13
317,175,3.068924,67516,3.194726396,3.198000000,3.273604,1,3.068924,5.000000,13
318,175,4.102209,67516,3.211018209,3.217000000,5.981791,0,192.016905,5.000000,13
319,175,7.239289,67516,3.223723012,3.230000000,6.276988,0,192.016905,5.000000,13
320,175,4.856729,67516,3.237485518,3.243500000,6.014482,0,192.016905,5.000000,13
321,175,4.992103,67516,3.252461853,3.258000000,5.538147,0,192.016905,5.000000,13
323,175,1.695907,67516,3.270146330,3.274000000,3.853670,1,1.695907,5.000000,13
325,175,1.283412,67516,3.283315752,3.288500000,5.184248,0,192.016905,5.000000,13
328,175,3.818287,67516,3.299763021,3.313500000,13.736979,0,192.016905,5.000000,13
329,175,5.710119,67516,3.312875037,3.316500000,3.624963,1,5.710119,5.000000,13
330,175,2.568403,67516,3.327279156,3.330500000,3.220844,1,2.568403,5.000000,13
333,175,7.143454,67516,3.340183630,3.344500000,4.316370,1,7.143454,5.000000,13
334,175,8.818841,67516,3.354351861,3.357500000,3.148139,1,8.818841,5.000000,13
335,175,12.395966,67516,3.370784319,3.374000000,3.215681,1,12.395966,5.000000,13
336,175,7.906664,67516,3.383852458,3.387500000,3.647542,1,7.906664,5.000000,13
337,175,7.485255,67516,3.396711804,3.400500000,3.788196,1,7.485255,5.000000,13
338,175,3.748251,67516,3.412140806,3.419000000,6.859194,0,192.016905,5.000000,13
340,175,2.499728,67516,3.425861191,3.429500000,3.638809,1,2.499728,5.000000,13
343,175,3.323801,67516,3.440010905,3.447000000,6.989095,0,192.016905,5.000000,13
345,175,0.603231,67516,3.456080168,3.459500000,3.419832,1,0.603231,5.000000,13
347,175,4.130900,67516,3.468992280,3.478000000,9.007720,0,192.016905,5.000000,13
348,175,9.473713,67516,3.482833731,3.486500000,3.666269,1,9.473713,5.000000,13
349,175,4.291489,67516,3.496698392,3.502000000,5.301608,0,192.016905,5.000000,13
379,175,4.424918,67516,3.731331837,3.773000000,41.668163,0,192.016905,5.000000,10
430,175,2.820742,67516,4.208349274,4.267500000,59.150726,0,192.016905,5.000000,12
431,175,6.814962,67516,4.222376909,4.267500000,45.123091,0,192.016905,5.000000,12
434,175,2.750957,67516,4.235553342,4.267500000,31.946658,0,192.016905,5.000000,12
435,175,6.534240,67516,4.251272049,4.267500000,16.227951,0,192.016905,5.000000,12
436,175,6.709636,67516,4.264777263,4.270000000,5.222737,0,192.016905,5.000000,12
437,175,3.181550,67516,4.279712085,4.286000000,6.287915,0,192.016905,5.000000,12
440,175,4.723226,67516,4.293624434,4.305500000,11.875566,0,192.016905,5.000000,12
442,175,8.969555,67516,4.322347895,4.388000000,65.652105,0,192.016905,5.000000,12
443,175,11.846475,67516,4.336248521,4.388000000,51.751479,0,192.016905,5.000000,12
444,175,12.215797,67516,4.351452596,4.388000000,36.547404,0,192.016905,5.000000,12
446,175,10.710231,67516,4.378710562,4.438500000,59.789438,0,192.016905,5.000000,12
449,175,5.880233,67516,4.422692451,4.481000000,58.307549,0,192.016905,5.000000,12
452,175,1.628850,67516,4.436413806,4.481000000,44.586194,0,192.016905,5.000000,12
454,175,4.949269,67516,4.451199171,4.481000000,29.800829,0,192.016905,5.000000,12
455,175,8.353462,67516,4.464149118,4.481000000,16.850882,0,192.016905,5.000000,12
456,175,10.023407,67516,4.478644016,4.484500000,5.855984,0,192.016905,5.000000,12
457,175,10.962153,67516,4.492281316,4.497500000,5.218684,0,192.016905,5.000000,12
459,175,9.266598,67516,4.519224334,4.579000000,59.775666,0,192.016905,5.000000,12
463,175,1.634960,67516,4.559964848,4.614000000,54.035152,0,192.016905,5.000000,12
466,175,5.640538,67516,4.588872789,4.634000000,45.127211,0,192.016905,5.000000,12
469,175,1.463521,67516,4.616034309,4.665500000,49.465691,0,192.016905,5.000000,12
510,175,3.490229,67516,4.986343212,5.045500000,59.156788,0,192.016905,5.000000,11
531,175,1.600534,67516,5.167800067,5.227000000,59.199933,0,192.016905,5.000000,11
547,175,4.468848,67516,5.318227250,5.379000000,60.772750,0,192.016905,5.000000,12
553,175,2.811883,67516,5.360937625,5.419500000,58.562375,0,192.016905,5.000000,12
555,175,3.302672,67516,5.373978196,5.419500000,45.521804,0,192.016905,5.000000,12
557,175,5.618632,67516,5.401704905,5.447000000,45.295095,0,192.016905,5.000000,12
561,175,3.920542,67516,5.444285218,5.509000000,64.714782,0,192.016905,5.000000,12
563,175,6.372913,67516,5.475012564,5.535500000,60.487436,0,192.016905,5.000000,12
564,175,9.311972,67516,5.489510195,5.535500000,45.989805,0,192.016905,5.000000,12
575,175,7.336920,67516,5.614225830,5.672500000,58.274170,0,192.016905,5.000000,12
577,175,2.022482,67516,5.628432918,5.672500000,44.067082,0,192.016905,5.000000,12
580,175,2.914692,67516,5.656450179,5.715000000,58.549821,0,192.016905,5.000000,13
581,175,1.625880,67516,5.669792188,5.715000000,45.207812,0,192.016905,5.000000,13
584,175,1.835487,67516,5.683368358,5.715000000,31.631642,0,192.016905,5.000000,13
586,175,1.465167,67516,5.696168948,5.715000000,18.831052,0,192.016905,5.000000,13
587,175,2.104581,67516,5.710035462,5.715000000,4.964538,1,2.104581,5.000000,13
592,175,3.204309,67516,5.723354163,5.726500000,3.145837,1,3.204309,5.000000,13
593,175,5.791353,67516,5.736283853,5.739500000,3.216147,1,5.791353,5.000000,13
594,175,4.089305,67516,5.749800947,5.753000000,3.199053,1,4.089305,5.000000,13
595,175,4.355073,67516,5.763126758,5.767500000,4.373242,1,4.355073,5.000000,13
599,175,3.816410,67516,5.776586707,5.781000000,4.413293,1,3.816410,5.000000,13
601,175,4.592016,67516,5.803397520,5.863000000,59.602480,0,192.016905,5.000000,13
603,175,3.917471,67516,5.817702203,5.863000000,45.297797,0,192.016905,5.000000,13
604,175,4.276062,67516,5.831658625,5.863000000,31.341375,0,192.016905,5.000000,13
605,175,2.404651,67516,5.846112647,5.863000000,16.887353,0,192.016905,5.000000,13
606,175,3.276299,67516,5.859461290,5.863000000,3.538710,1,3.276299,5.000000,13
608,175,1.909596,67516,5.872296806,5.875500000,3.203194,1,1.909596,5.000000,13
609,175,2.916974,67516,5.886537426,5.890000000,3.462574,1,2.916974,5.000000,13
611,175,3.296001,67516,5.899478777,5.905000000,5.521223,0,192.016905,5.000000,13
612,175,6.184879,67516,5.917074366,5.921000000,3.925634,1,6.184879,5.000000,13
613,175,3.139953,67516,5.931811341,5.938500000,6.688659,0,192.016905,5.000000,13
615,175,2.415652,67516,5.944901038,5.948000000,3.098962,1,2.415652,5.000000,13
616,175,2.628362,67516,5.958335458,5.961500000,3.164542,1,2.628362,5.000000,13
617,175,2.938385,67516,5.973263723,5.976500000,3.236277,1,2.938385,5.000000,13
618,175,1.517016,67516,5.987539576,5.991000000,3.460424,1,1.517016,5.000000,13
620,175,1.705585,67516,6.002012946,6.011000000,8.987054,0,192.016905,5.000000,13
622,175,2.895505,67516,6.018885846,6.022500000,3.614154,1,2.895505,5.000000,13
623,175,4.702012,67516,6.032495841,6.036500000,4.004159,1,4.702012,5.000000,13
624,175,3.183138,67516,6.045927630,6.049000000,3.072370,1,3.183138,5.000000,13
625,175,3.037673,67516,6.060891204,6.064000000,3.108796,1,3.037673,5.000000,13
627,175,1.309694,67516,6.074445904,6.077500000,3.054096,1,1.309694,5.000000,13
629,175,1.746623,67516,6.088942781,6.095500000,6.557219,0,192.016905,5.000000,13
631,175,3.065679,67516,6.118709349,6.178500000,59.790651,0,192.016905,5.000000,13
632,175,3.192975,67516,6.132217711,6.178500000,46.282289,0,192.016905,5.000000,13
633,175,4.181400,67516,6.145982339,6.178500000,32.517661,0,192.016905,5.000000,13
635,175,4.461456,67516,6.162489102,6.178500000,16.010898,0,192.016905,5.000000,13
636,175,4.147711,67516,6.175650597,6.179000000,3.349403,1,4.147711,5.000000,13
637,175,5.128154,67516,6.189725036,6.196000000,6.274964,0,192.016905,5.000000,13
638,175,7.816028,67516,6.203548080,6.210000000,6.451920,0,192.016905,5.000000,14
639,175,6.306892,67516,6.216981997,6.224000000,7.018003,0,192.016905,5.000000,13
640,175,4.346069,67516,6.231180582,6.237500000,6.319418,0,192.016905,5.000000,13
641,175,4.175034,67516,6.245645013,6.249000000,3.354987,1,4.175034,5.000000,13
642,175,1.594103,67516,6.259842486,6.266000000,6.157514,0,192.016905,5.000000,13
644,175,3.580267,67516,6.273483484,6.277000000,3.516516,1,3.580267,5.000000,13
645,175,7.292538,67516,6.286473000,6.290000000,3.527000,1,7.292538,5.000000,13
646,175,7.191127,67516,6.302292276,6.312000000,9.707724,0,192.016905,5.000000,13
647,175,8.714836,67516,6.319191529,6.323000000,3.808471,1,8.714836,5.000000,13
648,175,2.650976,67516,6.334905298,6.340500000,5.594702,0,192.016905,5.000000,13
650,175,1.205415,67516,6.347725797,6.351000000,3.274203,1,1.205415,5.000000,13
651,175,3.303538,67516,6.363464470,6.372000000,8.535530,0,192.016905,5.000000,13
652,175,4.762679,67516,6.377762537,6.383000000,5.237463,0,192.016905,5.000000,13
653,175,6.992058,67516,6.391282077,6.394500000,3.217923,1,6.992058,5.000000,13
654,175,7.304425,67516,6.406106192,6.414500000,8.393808,0,192.016905,5.000000,13
655,175,8.406020,67516,6.420856655,6.425000000,4.143345,1,8.406020,5.000000,13
656,175,9.796153,67516,6.435675476,6.441000000,5.324524,0,192.016905,5.000000,13
657,175,9.693302,67516,6.449259994,6.453000000,3.740006,1,9.693302,5.000000,13
658,175,10.510099,67516,6.463237927,6.468500000,5.262073,0,192.016905,5.000000,13
659,175,10.759077,67516,6.477907051,6.482000000,4.092949,1,10.759077,5.000000,13
660,175,12.219808,67516,6.490820582,6.495000000,4.179418,1,12.219808,5.000000,13
661,175,12.011207,67516,6.504244560,6.513000000,8.755440,0,192.016905,5.000000,14
662,175,10.594287,67516,6.516987708,6.520000000,3.012292,1,10.594287,5.000000,14
663,175,10.429164,67516,6.531668747,6.537500000,5.831253,0,192.016905,5.000000,14
664,175,7.073455,67516,6.546067074,6.549000000,2.932926,1,7.073455,5.000000,14
665,175,6.185512,67516,6.559902674,6.563000000,3.097326,1,6.185512,5.000000,14
666,175,3.831222,67516,6.572969998,6.578500000,5.530002,0,192.016905,5.000000,14
667,175,3.122432,67516,6.586279901,6.589000000,2.720099,1,3.122432,5.000000,14
669,175,0.769866,67516,6.599418925,6.607500000,8.081075,0,192.016905,5.000000,14
671,175,2.274257,67516,6.615208577,6.619000000,3.791423,1,2.274257,5.000000,14
672,175,2.936271,67516,6.630115765,6.633000000,2.884235,1,2.936271,5.000000,14
673,175,4.698658,67516,6.646625695,6.650500000,3.874305,1,4.698658,5.000000,14
675,175,3.574056,67516,6.661164412,6.664500000,3.335588,1,3.574056,5.000000,14
676,175,2.068026,67516,6.674415777,6.677000000,2.584223,1,2.068026,5.000000,14
677,175,2.276380,67516,6.689641242,6.692500000,2.858758,1,2.276380,5.000000,14
681,175,2.046303,67516,6.703048848,6.712500000,9.451152,0,192.016905,5.000000,14
683,175,3.692779,67516,6.717291972,6.720000000,2.708028,1,3.692779,5.000000,14
684,175,4.490729,67516,6.731699315,6.734500000,2.800685,1,4.490729,5.000000,14
685,175,6.248376,67516,6.745122388,6.748000000,2.877612,1,6.248376,5.000000,14
686,175,9.069829,67516,6.759460026,6.762500000,3.039974,1,9.069829,5.000000,14
687,175,7.260927,67516,6.775930128,6.778500000,2.569872,1,7.260927,5.000000,14
688,175,6.375893,67516,6.788948610,6.797000000,8.051390,0,192.016905,5.000000,14
689,175,6.767484,67516,6.801881309,6.814500000,12.618691,0,192.016905,5.000000,14
690,175,4.141164,67516,6.814688305,6.818500000,3.811695,1,4.141164,5.000000,14
691,175,2.696213,67516,6.828972034,6.832000000,3.027966,1,2.696213,5.000000,14
693,175,1.753829,67516,6.844395310,6.847000000,2.604690,1,1.753829,5.000000,14
694,175,4.601026,67516,6.857358896,6.861000000,3.641104,1,4.601026,5.000000,14
695,175,3.565414,67516,6.871308866,6.874000000,2.691134,1,3.565414,5.000000,14
696,175,4.747014,67516,6.886237695,6.892500000,6.262305,0,192.016905,5.000000,14
697,175,7.120364,67516,6.899238756,6.908000000,8.761244,0,192.016905,5.000000,14
698,175,5.040122,67516,6.913278126,6.917500000,4.221874,1,5.040122,5.000000,14
699,175,3.873645,67516,6.926553991,6.929500000,2.946009,1,3.873645,5.000000,14
701,175,2.921395,67516,6.941758724,6.944500000,2.741276,1,2.921395,5.000000,14
702,175,4.981187,67516,6.955544304,6.958500000,2.955696,1,4.981187,5.000000,14
703,175,4.678377,67516,6.971397940,6.974000000,2.602060,1,4.678377,5.000000,14
704,175,5.355365,67516,6.985860849,6.988500000,2.639151,1,5.355365,5.000000,14
708,175,6.187196,67516,7.000814182,7.006500000,5.685818,0,192.016905,5.000000,14
709,175,3.213751,67516,7.013957971,7.016500000,2.542029,1,3.213751,5.000000,14
711,175,1.512983,67516,7.027118864,7.030000000,2.881136,1,1.512983,5.000000,14
713,175,2.477093,67516,7.039887874,7.042500000,2.612126,1,2.477093,5.000000,14
714,175,1.862901,67516,7.052755871,7.056500000,3.744129,1,1.862901,5.000000,14
716,175,4.871111,67516,7.067886291,7.070500000,2.613709,1,4.871111,5.000000,14
717,175,5.200619,67516,7.081489097,7.084500000,3.010903,1,5.200619,5.000000,14
718,175,6.811602,67516,7.094763347,7.097500000,2.736653,1,6.811602,5.000000,14
719,175,9.163763,67516,7.108428456,7.114000000,5.571544,0,192.016905,5.000000,14
720,175,5.129368,67516,7.123770191,7.126500000,2.729809,1,5.129368,5.000000,14
721,175,4.576977,67516,7.137421876,7.140000000,2.578124,1,4.576977,5.000000,14
723,175,1.492970,67516,7.152112340,7.155000000,2.887660,1,1.492970,5.000000,14
725,175,1.170517,67516,7.166516864,7.169500000,2.983136,1,1.170517,5.000000,14
726,175,3.468036,67516,7.182046554,7.185000000,2.953446,1,3.468036,5.000000,14
728,175,5.815894,67516,7.196069820,7.199000000,2.930180,1,5.815894,5.000000,14
729,175,5.998656,67516,7.209149617,7.215000000,5.850383,0,192.016905,5.000000,14
730,175,7.935798,67516,7.223835080,7.226500000,2.664920,1,7.935798,5.000000,14
731,175,7.035200,67516,7.237251176,7.240000000,2.748824,1,7.035200,5.000000,14
732,175,9.567876,67516,7.250782138,7.253500000,2.717862,1,9.567876,5.000000,14
733,175,6.024690,67516,7.266562285,7.269500000,2.937715,1,6.024690,5.000000,14
734,175,6.197555,67516,7.280095621,7.283000000,2.904379,1,6.197555,5.000000,14
735,175,4.333113,67516,7.294142201,7.297500000,3.357799,1,4.333113,5.000000,14
737,175,3.285155,67516,7.307836757,7.314000000,6.163243,0,192.016905,5.000000,14
738,175,2.653338,67516,7.320811758,7.324000000,3.188242,1,2.653338,5.000000,14
739,175,3.268404,67516,7.334413736,7.337500000,3.086264,1,3.268404,5.000000,14
740,175,1.672604,67516,7.347983723,7.354000000,6.016277,0,192.016905,5.000000,14
742,175,1.736102,67516,7.360654856,7.363500000,2.845144,1,1.736102,5.000000,14
744,175,5.177430,67516,7.373326291,7.377000000,3.673709,1,5.177430,5.000000,14
745,175,7.282847,67516,7.386633403,7.389500000,2.866597,1,7.282847,5.000000,14
746,175,6.428690,67516,7.400350866,7.406000000,5.649134,0,192.016905,5.000000,14
747,175,6.781144,67516,7.413280308,7.416000000,2.719692,1,6.781144,5.000000,14
748,175,6.757338,67516,7.426326876,7.429000000,2.673124,1,6.757338,5.000000,14
749,175,4.736841,67516,7.439157873,7.442500000,3.342127,1,4.736841,5.000000,14
750,175,5.091002,67516,7.452081396,7.455000000,2.918604,1,5.091002,5.000000,14
751,175,2.807672,67516,7.466592502,7.469500000,2.907498,1,2.807672,5.000000,14
753,175,1.398930,67516,7.480543090,7.483500000,2.956910,1,1.398930,5.000000,14
755,175,1.688552,67516,7.494869852,7.497500000,2.630148,1,1.688552,5.000000,14
759,175,3.802049,67516,7.523525110,7.612500000,88.974890,0,192.016905,5.000000,14
760,175,3.844161,67516,7.537096578,7.612500000,75.403422,0,192.016905,5.000000,14
761,175,4.626787,67516,7.551114409,7.612500000,61.385591,0,192.016905,5.000000,14
762,175,3.116676,67516,7.564066382,7.612500000,48.433618,0,192.016905,5.000000,14
763,175,3.460539,67516,7.579254984,7.612500000,33.245016,0,192.016905,5.000000,14
764,175,1.429845,67516,7.593024941,7.612500000,19.475059,0,192.016905,5.000000,14
766,175,1.851866,67516,7.609041189,7.615000000,5.958811,0,192.016905,5.000000,14
767,175,4.252961,67516,7.624114180,7.627000000,2.885820,1,4.252961,5.000000,14
768,175,4.904763,67516,7.637899943,7.640500000,2.600057,1,4.904763,5.000000,14
769,175,7.464231,67516,7.651233726,7.654000000,2.766274,1,7.464231,5.000000,14
770,175,6.637894,67516,7.665270771,7.668000000,2.729229,1,6.637894,5.000000,14
771,175,6.386979,67516,7.680769533,7.683500000,2.730467,1,6.386979,5.000000,14
772,175,6.935240,67516,7.695991072,7.699000000,3.008928,1,6.935240,5.000000,14
773,175,5.430688,67516,7.713548073,7.719000000,5.451927,0,192.016905,5.000000,14
774,175,5.258450,67516,7.727054752,7.730000000,2.945248,1,5.258450,5.000000,14
775,175,3.308740,67516,7.740212407,7.743000000,2.787593,1,3.308740,5.000000,14
776,175,2.172065,67516,7.754374833,7.757000000,2.625167,1,2.172065,5.000000,14
778,175,0.642772,67516,7.767109537,7.770000000,2.890463,1,0.642772,5.000000,14
779,175,0.751995,67516,7.782967707,7.786000000,3.032293,1,0.751995,5.000000,14
781,175,1.155168,67516,7.797061698,7.800000000,2.938302,1,1.155168,5.000000,14
783,175,2.265911,67516,7.811421260,7.817000000,5.578740,0,192.016905,5.000000,14
784,175,0.877496,67516,7.824423586,7.829500000,5.076414,0,192.016905,5.000000,14
787,175,0.689328,67516,7.837224091,7.840000000,2.775909,1,0.689328,5.000000,14
789,175,1.892622,67516,7.850683651,7.853500000,2.816349,1,1.892622,5.000000,14
790,175,2.255185,67516,7.867614051,7.870500000,2.885949,1,2.255185,5.000000,14
791,175,2.881820,67516,7.881869529,7.884500000,2.630471,1,2.881820,5.000000,14
792,175,3.059821,67516,7.895450777,7.898000000,2.549223,1,3.059821,5.000000,14
794,175,2.360025,67516,7.908381594,7.914500000,6.118406,0,192.016905,5.000000,14
795,175,1.330093,67516,7.922879148,7.925500000,2.620852,1,1.330093,5.000000,14
796,175,1.401716,67516,7.935835649,7.941000000,5.164351,0,192.016905,5.000000,14
797,175,1.636677,67516,7.949596083,7.952500000,2.903917,1,1.636677,5.000000,14
799,175,1.690088,67516,7.964695932,7.967500000,2.804068,1,1.690088,5.000000,14
800,175,2.785556,67516,7.978469545,7.981500000,3.030455,1,2.785556,5.000000,14
801,175,2.690213,67516,7.993915165,7.996500000,2.584835,1,2.690213,5.000000,14
802,175,4.088421,67516,8.012716944,8.018500000,5.783056,0,192.016905,5.000000,14
804,175,5.033799,67516,8.026616669,8.029500000,2.883331,1,5.033799,5.000000,14
805,175,2.081439,67516,8.039727972,8.043000000,3.272028,1,2.081439,5.000000,14
809,175,1.174266,67516,8.052663031,8.055500000,2.836969,1,1.174266,5.000000,14
811,175,3.175794,67516,8.065849084,8.068500000,2.650916,1,3.175794,5.000000,14
812,175,3.712361,67516,8.079129961,8.082000000,2.870039,1,3.712361,5.000000,14
813,175,5.556651,67516,8.095752648,8.098500000,2.747352,1,5.556651,5.000000,14
814,175,5.334102,67516,8.110460428,8.116500000,6.039572,0,192.016905,5.000000,14
815,175,5.783822,67516,8.125660402,8.131500000,5.839598,0,192.016905,5.000000,14
818,175,0.414002,67516,8.139375132,8.142500000,3.124868,1,0.414002,5.000000,14
821,175,1.477997,67516,8.154065349,8.160500000,6.434651,0,192.016905,5.000000,14
822,175,2.853201,67516,8.168640511,8.178000000,9.359489,0,192.016905,5.000000,14
823,175,2.988702,67516,8.181494169,8.191000000,9.505831,0,192.016905,5.000000,14
824,175,3.971183,67516,8.194880062,8.200000000,5.119938,0,192.016905,5.000000,14
825,175,5.196615,67516,8.207901558,8.214000000,6.098442,0,192.016905,5.000000,14
826,175,5.262769,67516,8.221600367,8.227500000,5.899633,0,192.016905,5.000000,14
827,175,6.101838,67516,8.237189065,8.243000000,5.810935,0,192.016905,5.000000,14
828,175,3.782482,67516,8.249937652,8.253000000,3.062348,1,3.782482,5.000000,14
830,175,2.505647,67516,8.263315529,8.266500000,3.184471,1,2.505647,5.000000,14
831,175,1.642136,67516,8.278914246,8.282000000,3.085754,1,1.642136,5.000000,14
832,175,1.215687,67516,8.292833698,8.299000000,6.166302,0,192.016905,5.000000,14
833,175,1.356639,67516,8.306352925,8.315500000,9.147075,0,192.016905,5.000000,14
835,175,0.914034,67516,8.321070263,8.326500000,5.429737,0,192.016905,5.000000,14
837,175,2.504102,67516,8.336883831,8.340000000,3.116169,1,2.504102,5.000000,14
838,175,2.966537,67516,8.350461722,8.360500000,10.038278,0,192.016905,5.000000,14
839,175,4.448154,67516,8.365266139,8.368500000,3.233861,1,4.448154,5.000000,14
840,175,2.589281,67516,8.379009848,8.382500000,3.490152,1,2.589281,5.000000,14
842,175,1.531233,67516,8.394117254,8.398500000,4.382746,1,1.531233,5.000000,14
843,175,0.948418,67516,8.409378806,8.415000000,5.621194,0,192.016905,5.000000,14
845,175,0.416668,67516,8.423554766,8.429000000,5.445234,0,192.016905,5.000000,14
848,175,3.288064,67516,8.438331870,8.441500000,3.168130,1,3.288064,5.000000,14
849,175,3.479183,67516,8.451603201,8.457000000,5.396799,0,192.016905,5.000000,14
850,175,4.724073,67516,8.464283010,8.468000000,3.716990,1,4.724073,5.000000,14
851,175,4.562383,67516,8.478706050,8.482500000,3.793950,1,4.562383,5.000000,14
852,175,6.478838,67516,8.491855178,8.497500000,5.644822,0,192.016905,5.000000,14
854,175,3.442269,67516,8.521477530,8.565500000,44.022470,0,192.016905,5.000000,13
856,175,1.044715,67516,8.534684562,8.565500000,30.815438,0,192.016905,5.000000,13
857,175,1.324708,67516,8.547690661,8.565500000,17.809339,0,192.016905,5.000000,13
859,175,1.277868,67516,8.560699241,8.568000000,7.300759,0,192.016905,5.000000,13
860,175,1.000333,67516,8.573513999,8.583000000,9.486001,0,192.016905,5.000000,13
862,175,2.354822,67516,8.588385440,8.593500000,5.114560,0,192.016905,5.000000,13
863,175,1.824919,67516,8.602475625,8.608000000,5.524375,0,192.016905,5.000000,13
865,175,4.551803,67516,8.615405804,8.621500000,6.094196,0,192.016905,5.000000,13
866,175,3.959928,67516,8.629686394,8.633500000,3.813606,1,3.959928,5.000000,13
867,175,3.980379,67516,8.642824287,8.646500000,3.675713,1,3.980379,5.000000,13
868,175,4.382379,67516,8.656140208,8.664500000,8.359792,0,192.016905,5.000000,13
869,175,3.500739,67516,8.671423866,8.676500000,5.076134,0,192.016905,5.000000,13
870,175,4.017152,67516,8.685950218,8.693000000,7.049782,0,192.016905,5.000000,13
871,175,2.006405,67516,8.698930206,8.705000000,6.069794,0,192.016905,5.000000,13
872,175,1.196903,67516,8.713319661,8.719000000,5.680339,0,192.016905,5.000000,13
875,175,2.023572,67516,8.729394066,8.735500000,6.105934,0,192.016905,5.000000,13
876,175,6.341022,67516,8.745066804,8.748500000,3.433196,1,6.341022,5.000000,13
877,175,6.967049,67516,8.760699124,8.764000000,3.300876,1,6.967049,5.000000,13
878,175,11.420349,67516,8.774683841,8.778000000,3.316159,1,11.420349,5.000000,13
879,175,11.007288,67516,8.788443927,8.794500000,6.056073,0,192.016905,5.000000,13
880,175,11.068711,67516,8.801935635,8.811000000,9.064365,0,192.016905,5.000000,13
881,175,12.027916,67516,8.819701159,8.826500000,6.798841,0,192.016905,5.000000,13
882,175,11.629193,67516,8.832574151,8.836000000,3.425849,1,11.629193,5.000000,13
883,175,12.148349,67516,8.848276933,8.853500000,5.223067,0,192.016905,5.000000,13
884,175,11.671040,67516,8.862813232,8.866500000,3.686768,1,11.671040,5.000000,13
885,175,12.322997,67516,8.877869742,8.886000000,8.130258,0,192.016905,5.000000,13
886,175,11.458939,67516,8.891520172,8.897000000,5.479828,0,192.016905,5.000000,13
887,175,12.181540,67516,8.904400053,8.910000000,5.599947,0,192.016905,5.000000,13
888,175,4.446916,67516,8.919683810,8.928500000,8.816190,0,192.016905,5.000000,13
890,175,1.210397,67516,8.937175916,8.947500000,10.324084,0,192.016905,5.000000,13
891,175,0.849007,67516,8.950125702,8.954000000,3.874298,1,0.849007,5.000000,13
894,175,1.675448,67516,8.962901159,8.967500000,4.598841,1,1.675448,5.000000,13
895,175,1.464794,67516,8.976556764,8.981500000,4.943236,1,1.464794,5.000000,13
896,175,2.323763,67516,8.992136421,9.002000000,9.863579,0,192.016905,5.000000,13
897,175,1.690488,67516,9.007509316,9.015500000,7.990684,0,192.016905,5.000000,13
900,175,4.552535,67516,9.021984372,9.032000000,10.015628,0,192.016905,5.000000,13
901,175,2.130893,67516,9.035057419,9.044500000,9.442581,0,192.016905,5.000000,13
902,175,1.973589,67516,9.050294111,9.057000000,6.705889,0,192.016905,5.000000,13
905,175,0.827058,67516,9.064639489,9.070500000,5.860511,0,192.016905,5.000000,13
907,175,2.306458,67516,9.079026372,9.085000000,5.973628,0,192.016905,5.000000,13
908,175,3.455568,67516,9.093360724,9.098500000,5.139276,0,192.016905,5.000000,13
909,175,4.778991,67516,9.108425628,9.115500000,7.074372,0,192.016905,5.000000,13
910,175,4.805252,67516,9.122102039,9.128000000,5.897961,0,192.016905,5.000000,13
911,175,6.042738,67516,9.138361673,9.147500000,9.138327,0,192.016905,5.000000,13
912,175,3.123218,67516,9.152267962,9.155500000,3.232038,1,3.123218,5.000000,13
913,175,2.517594,67516,9.168755644,9.175000000,6.244356,0,192.016905,5.000000,13
916,175,1.361700,67516,9.182319907,9.186500000,4.180093,1,1.361700,5.000000,13
918,175,1.815390,67516,9.197637033,9.201000000,3.362967,1,1.815390,5.000000,13
920,175,1.813861,67516,9.224481856,9.283500000,59.018144,0,192.016905,5.000000,13
922,175,1.701040,67516,9.239250205,9.283500000,44.249795,0,192.016905,5.000000,13
924,175,3.182705,67516,9.252865227,9.283500000,30.634773,0,192.016905,5.000000,13
927,175,1.316097,67516,9.266505226,9.283500000,16.994774,0,192.016905,5.000000,13
928,175,1.476210,67516,9.281133535,9.285000000,3.866465,1,1.476210,5.000000,13
929,175,2.471412,67516,9.295938055,9.301500000,5.561945,0,192.016905,5.000000,13
931,175,3.486830,67516,9.310003692,9.315500000,5.496308,0,192.016905,5.000000,13
932,175,4.379713,67516,9.323066261,9.327500000,4.433739,1,4.379713,5.000000,13
933,175,6.454585,67516,9.336038245,9.342000000,5.961755,0,192.016905,5.000000,13
934,175,6.375691,67516,9.349351601,9.352500000,3.148399,1,6.375691,5.000000,13
935,175,7.274936,67516,9.364430740,9.367500000,3.069260,1,7.274936,5.000000,13
936,175,3.459732,67516,9.377144292,9.383500000,6.355708,0,192.016905,5.000000,13
938,175,1.139353,67516,9.391761136,9.401500000,9.738864,0,192.016905,5.000000,13
941,175,2.185623,67516,9.420278835,9.480000000,59.721165,0,192.016905,5.000000,13
944,175,2.443808,67516,9.433277124,9.480000000,46.722876,0,192.016905,5.000000,13
947,175,1.154869,67516,9.463704652,9.527500000,63.795348,0,192.016905,5.000000,13
950,175,5.009695,67516,9.477489675,9.527500000,50.010325,0,192.016905,5.000000,13
952,175,5.326298,67516,9.510773177,9.574500000,63.726823,0,192.016905,5.000000,13
954,175,5.276688,67516,9.539311154,9.618000000,78.688846,0,192.016905,5.000000,13
955,175,5.690357,67516,9.556917946,9.618000000,61.082054,0,192.016905,5.000000,13
956,175,3.015419,67516,9.570732227,9.618000000,47.267773,0,192.016905,5.000000,13
957,175,2.293485,67516,9.587839617,9.618000000,30.160383,0,192.016905,5.000000,13
959,175,2.311241,67516,9.602166352,9.618000000,15.833648,0,192.016905,5.000000,13
960,175,3.239543,67516,9.614840887,9.620500000,5.659113,0,192.016905,5.000000,13
970,175,6.389202,67516,9.696679627,9.753500000,56.820373,0,192.016905,5.000000,14
971,175,7.065513,67516,9.709991286,9.753500000,43.508714,0,192.016905,5.000000,14
972,175,11.764570,67516,9.723353930,9.753500000,30.146070,0,192.016905,5.000000,14
973,175,10.832143,67516,9.736614523,9.753500000,16.885477,0,192.016905,5.000000,14
974,175,13.150006,67516,9.750120264,9.753500000,3.379736,1,13.150006,5.000000,14
975,175,11.386900,67516,9.763221482,9.766500000,3.278518,1,11.386900,5.000000,14
976,175,10.490939,67516,9.777066235,9.782500000,5.433765,0,192.016905,5.000000,14
977,175,10.708189,67516,9.793512996,9.797500000,3.987004,1,10.708189,5.000000,14
978,175,8.707001,67516,9.807031029,9.813500000,6.468971,0,192.016905,5.000000,14
979,175,9.180879,67516,9.819716959,9.825000000,5.283041,0,192.016905,5.000000,14
980,175,4.616701,67516,9.835043793,9.841000000,5.956207,0,192.016905,5.000000,14
981,175,2.143641,67516,9.849789370,9.855000000,5.210630,0,192.016905,5.000000,14
983,175,1.939459,67516,9.862530584,9.866000000,3.469416,1,1.939459,5.000000,14
984,175,3.658334,67516,9.876785787,9.883000000,6.214213,0,192.016905,5.000000,14
985,175,3.082423,67516,9.890252354,9.896000000,5.747646,0,192.016905,5.000000,14
990,175,3.297260,67516,9.921719635,9.982500000,60.780365,0,192.016905,5.000000,14
991,175,4.754853,67516,9.935125815,9.982500000,47.374185,0,192.016905,5.000000,14
992,175,7.303950,67516,9.949264788,9.982500000,33.235212,0,192.016905,5.000000,14
993,175,6.682064,67516,9.966689996,9.982500000,15.810004,0,192.016905,5.000000,14
994,175,8.070395,67516,9.979922401,9.983000000,3.077599,1,8.070395,5.000000,14
995,175,5.820227,67516,9.994204439,10.005000000,10.795561,0,192.016905,5.000000,14
996,175,5.414347,67516,10.007298560,10.013500000,6.201440,0,192.016905,5.000000,13
998,175,4.212388,67516,10.021675749,10.025000000,3.324251,1,4.212388,5.000000,13
999,175,3.856502,67516,10.034346538,10.040500000,6.153462,0,192.016905,5.000000,13
1000,175,4.706165,67516,10.047810984,10.056500000,8.689016,0,192.016905,5.000000,13
1001,175,5.468022,67516,10.061913644,10.068500000,6.586356,0,192.016905,5.000000,13
1002,175,4.072513,67516,10.078366678,10.081500000,3.133322,1,4.072513,5.000000,13
1003,175,3.986372,67516,10.092725471,10.098500000,5.774529,0,192.016905,5.000000,13
1004,175,2.842093,67516,10.105551415,10.118500000,12.948585,0,192.016905,5.000000,13
1005,175,1.478785,67516,10.118748336,10.122000000,3.251664,1,1.478785,5.000000,13
1008,175,1.487490,67516,10.133337529,10.136500000,3.162471,1,1.487490,5.000000,13
1009,175,2.666151,67516,10.146054672,10.156500000,10.445328,0,192.016905,5.000000,13
1011,175,2.879667,67516,10.160584893,10.165000000,4.415107,1,2.879667,5.000000,13
1012,175,4.346518,67516,10.173794020,10.177500000,3.705980,1,4.346518,5.000000,13
1013,175,4.828752,67516,10.187559642,10.193500000,5.940358,0,192.016905,5.000000,13
1014,175,6.735707,67516,10.200345773,10.210500000,10.154227,0,192.016905,5.000000,13
1015,175,6.541668,67516,10.215579976,10.222000000,6.420024,0,192.016905,5.000000,13
1016,175,7.571176,67516,10.229560610,10.235000000,5.439390,0,192.016905,5.000000,13
1017,175,7.194786,67516,10.244855002,10.250000000,5.144998,0,192.016905,5.000000,13
1018,175,7.655982,67516,10.257917770,10.261000000,3.082230,1,7.655982,5.000000,13
1019,175,6.290969,67516,10.272781768,10.276000000,3.218232,1,6.290969,5.000000,13
1020,175,7.255700,67516,10.285974860,10.295000000,9.025140,0,192.016905,5.000000,13
1021,175,2.497219,67516,10.299669989,10.305500000,5.830011,0,192.016905,5.000000,13
1025,175,1.871513,67516,10.313044206,10.316500000,3.455794,1,1.871513,5.000000,13
1026,175,1.693044,67516,10.326363036,10.334500000,8.136964,0,192.016905,5.000000,13
1027,175,2.430207,67516,10.340227378,10.344000000,3.772622,1,2.430207,5.000000,13
1028,175,1.223780,67516,10.353435453,10.356500000,3.064547,1,1.223780,5.000000,13
1032,175,1.655276,67516,10.370310135,10.373500000,3.189865,1,1.655276,5.000000,13
1033,175,2.964238,67516,10.384169827,10.387500000,3.330173,1,2.964238,5.000000,13
1034,175,1.871488,67516,10.400024595,10.406500000,6.475405,0,192.016905,5.000000,13
1036,175,1.541995,67516,10.413943754,10.417000000,3.056246,1,1.541995,5.000000,13
1037,175,1.207556,67516,10.428582527,10.434500000,5.917473,0,192.016905,5.000000,13
1038,175,1.744205,67516,10.441442569,10.444500000,3.057431,1,1.744205,5.000000,13
1039,175,1.390497,67516,10.454134828,10.457500000,3.365172,1,1.390497,5.000000,13
1041,175,2.145847,67516,10.467172497,10.473000000,5.827503,0,192.016905,5.000000,13
1042,175,2.303205,67516,10.480212321,10.483500000,3.287679,1,2.303205,5.000000,13
1043,175,3.500788,67516,10.493206799,10.497500000,4.293201,1,3.500788,5.000000,13
1044,175,4.705952,67516,10.510598181,10.516500000,5.901819,0,192.016905,5.000000,13
1045,175,2.495673,67516,10.526428034,10.534500000,8.071966,0,192.016905,5.000000,13
1046,175,2.294039,67516,10.539435668,10.544000000,4.564332,1,2.294039,5.000000,13
1048,175,1.544353,67516,10.552134181,10.558000000,5.865819,0,192.016905,5.000000,13
1049,175,1.805403,67516,10.565653699,10.570000000,4.346301,1,1.805403,5.000000,13
1050,175,1.580005,67516,10.580412290,10.583500000,3.087710,1,1.580005,5.000000,13
1051,175,1.816865,67516,10.595078182,10.600500000,5.421818,0,192.016905,5.000000,13
1052,175,1.250735,67516,10.607770779,10.614500000,6.729221,0,192.016905,5.000000,13
1053,175,1.267053,67516,10.624056847,10.630500000,6.443153,0,192.016905,5.000000,13
1055,175,1.502222,67516,10.637124126,10.641000000,3.875874,1,1.502222,5.000000,13
1056,175,3.928726,67516,10.651264797,10.654500000,3.235203,1,3.928726,5.000000,13
1058,175,2.490797,67516,10.665312411,10.668500000,3.187589,1,2.490797,5.000000,13
1059,175,2.669387,67516,10.678666869,10.682500000,3.833131,1,2.669387,5.000000,13
1060,175,1.994835,67516,10.691812525,10.698500000,6.687475,0,192.016905,5.000000,13
1061,175,2.141411,67516,10.705315213,10.715000000,9.684787,0,192.016905,5.000000,13
1062,175,1.263868,67516,10.719230694,10.725500000,6.269306,0,192.016905,5.000000,13
1064,175,1.410499,67516,10.732623703,10.737000000,4.376297,1,1.410499,5.000000,13
1066,175,3.161878,67516,10.748887428,10.755500000,6.612572,0,192.016905,5.000000,13
1067,175,3.503808,67516,10.762041822,10.767500000,5.458178,0,192.016905,5.000000,13
1068,175,5.833582,67516,10.777009956,10.783000000,5.990044,0,192.016905,5.000000,13
1069,175,4.530923,67516,10.790809849,10.797000000,6.190151,0,192.016905,5.000000,13
1070,175,5.433644,67516,10.804797591,10.810500000,5.702409,0,192.016905,5.000000,14
1071,175,3.490649,67516,10.818379450,10.821000000,2.620550,1,3.490649,5.000000,14
1072,175,2.183890,67516,10.832507027,10.835500000,2.992973,1,2.183890,5.000000,14
1074,175,0.889183,67516,10.847104463,10.855500000,8.395537,0,192.016905,5.000000,14
1076,175,1.268906,67516,10.862686136,10.865500000,2.813864,1,1.268906,5.000000,14
1077,175,2.120260,67516,10.875658252,10.879000000,3.341748,1,2.120260,5.000000,14
1078,175,1.567605,67516,10.889241219,10.892500000,3.258781,1,1.567605,5.000000,14
1081,175,2.320351,67516,10.902710000,10.912500000,9.790000,0,192.016905,5.000000,14
1082,175,1.378159,67516,10.917824922,10.923500000,5.675078,0,192.016905,5.000000,14
1084,175,0.913171,67516,10.932705960,10.936000000,3.294040,1,0.913171,5.000000,14
1086,175,1.697954,67516,10.946111594,10.949000000,2.888406,1,1.697954,5.000000,14
1087,175,2.785182,67516,10.959472449,10.962500000,3.027551,1,2.785182,5.000000,14
1088,175,4.414627,67516,10.974134374,10.977000000,2.865626,1,4.414627,5.000000,14
1089,175,4.242742,67516,10.989182125,10.992000000,2.817875,1,4.242742,5.000000,14
1090,175,5.471050,67516,11.003615174,11.014500000,10.884826,0,192.016905,5.000000,14
1091,175,4.452260,67516,11.016765285,11.020500000,3.734715,1,4.452260,5.000000,14
1092,175,4.813244,67516,11.032128571,11.035000000,2.871429,1,4.813244,5.000000,14
1095,175,1.729623,67516,11.046931987,11.050000000,3.068013,1,1.729623,5.000000,14
1098,175,1.398727,67516,11.062907801,11.069000000,6.092199,0,192.016905,5.000000,14
1099,175,1.031448,67516,11.077096386,11.089000000,11.903614,0,192.016905,5.000000,14
1102,175,2.434638,67516,11.091518766,11.097500000,5.981234,0,192.016905,5.000000,14
1103,175,4.305334,67516,11.106407791,11.118000000,11.592209,0,192.016905,5.000000,14
1104,175,2.354917,67516,11.119172168,11.122000000,2.827832,1,2.354917,5.000000,14
1106,175,1.481397,67516,11.132564163,11.135500000,2.935837,1,1.481397,5.000000,14
1108,175,1.927163,67516,11.149699359,11.152500000,2.800641,1,1.927163,5.000000,14
1109,175,1.304463,67516,11.162919608,11.165500000,2.580392,1,1.304463,5.000000,14
1115,175,2.366845,67516,11.176888960,11.179500000,2.611039,1,2.366845,5.000000,14
1116,175,4.069489,67516,11.190205811,11.193000000,2.794189,1,4.069489,5.000000,14
1122,175,1.694442,67516,11.223956829,11.271500000,47.543171,0,192.016905,5.000000,14
1123,175,3.055864,67516,11.238322157,11.271500000,33.177843,0,192.016905,5.000000,14
1124,175,3.182192,67516,11.254111254,11.271500000,17.388746,0,192.016905,5.000000,14
1126,175,4.153347,67516,11.267555439,11.272000000,4.444561,1,4.153347,5.000000,14
1127,175,2.769680,67516,11.283533455,11.287000000,3.466545,1,2.769680,5.000000,14
1129,175,3.571267,67516,11.297732111,11.303000000,5.267889,0,192.016905,5.000000,14
1130,175,2.418658,67516,11.314828047,11.318500000,3.671953,1,2.418658,5.000000,14
1131,175,2.520140,67516,11.330890086,11.337500000,6.609914,0,192.016905,5.000000,14
1132,175,2.995020,67516,11.346384484,11.350000000,3.615516,1,2.995020,5.000000,14
1134,175,3.131491,67516,11.359270995,11.362500000,3.229005,1,3.131491,5.000000,14
1135,175,3.315380,67516,11.373029177,11.376500000,3.470823,1,3.315380,5.000000,14
1136,175,5.058864,67516,11.385924586,11.389000000,3.075414,1,5.058864,5.000000,14
1137,175,4.573008,67516,11.399365739,11.405000000,5.634261,0,192.016905,5.000000,14
1138,175,5.972418,67516,11.413160671,11.418500000,5.339329,0,192.016905,5.000000,14
1139,175,3.925941,67516,11.429862045,11.433000000,3.137955,1,3.925941,5.000000,14
1141,175,1.365630,67516,11.442728995,11.446000000,3.271005,1,1.365630,5.000000,14
1143,175,1.055281,67516,11.456066209,11.464500000,8.433791,0,192.016905,5.000000,14
1144,175,1.033292,67516,11.471014944,11.474500000,3.485056,1,1.033292,5.000000,14
1146,175,2.536150,67516,11.485316811,11.488500000,3.183189,1,2.536150,5.000000,14
1147,175,4.772835,67516,11.498989609,11.508500000,9.510391,0,192.016905,5.000000,14
1148,175,5.613182,67516,11.512996260,11.516500000,3.503740,1,5.613182,5.000000,14
1149,175,6.167548,67516,11.526568778,11.532500000,5.931222,0,192.016905,5.000000,14
1150,175,7.352890,67516,11.541281315,11.544500000,3.218685,1,7.352890,5.000000,14
1151,175,5.901277,67516,11.557906962,11.561000000,3.093038,1,5.901277,5.000000,14
1152,175,6.254291,67516,11.573252867,11.576500000,3.247133,1,6.254291,5.000000,14
1153,175,7.206126,67516,11.589639120,11.595500000,5.860880,0,192.016905,5.000000,14
1156,175,3.717255,67516,11.633640522,11.682000000,48.359478,0,192.016905,5.000000,11
1158,175,2.286588,67516,11.648292220,11.682000000,33.707780,0,192.016905,5.000000,11
1163,175,5.106355,67516,11.675579503,11.723500000,47.920497,0,192.016905,5.000000,11
1164,175,8.178211,67516,11.689916722,11.723500000,33.583278,0,192.016905,5.000000,11
1165,175,5.255233,67516,11.703128200,11.723500000,20.371800,0,192.016905,5.000000,11
1166,175,6.115042,67516,11.719015016,11.728500000,9.484984,0,192.016905,5.000000,11
1167,175,5.009633,67516,11.734439003,11.741500000,7.060997,0,192.016905,5.000000,11
1169,175,2.459714,67516,11.747824810,11.754500000,6.675190,0,192.016905,5.000000,11
1171,175,2.914015,67516,11.762458525,11.771500000,9.041475,0,192.016905,5.000000,11
1172,175,1.482886,67516,11.776487104,11.783000000,6.512896,0,192.016905,5.000000,11
1175,175,3.585786,67516,11.790190343,11.794000000,3.809657,1,3.585786,5.000000,11
1180,175,4.387563,67516,11.818672207,11.866000000,47.327793,0,192.016905,5.000000,11
1181,175,4.507614,67516,11.834008315,11.866000000,31.991685,0,192.016905,5.000000,11
1182,175,3.632922,67516,11.848370341,11.866000000,17.629659,0,192.016905,5.000000,11
1183,175,3.640329,67516,11.862124868,11.868000000,5.875132,0,192.016905,5.000000,11
1184,175,3.988890,67516,11.875670333,11.884000000,8.329667,0,192.016905,5.000000,11
1185,175,3.852377,67516,11.891488141,11.897500000,6.011859,0,192.016905,5.000000,11
1241,175,2.554737,67516,12.419252139,12.495000000,75.747861,0,192.016905,5.000000,13
1243,175,3.239582,67516,12.434386211,12.495000000,60.613789,0,192.016905,5.000000,13
1244,175,4.404701,67516,12.449889267,12.495000000,45.110733,0,192.016905,5.000000,13
1245,175,7.307650,67516,12.466170797,12.495000000,28.829203,0,192.016905,5.000000,13
1246,175,6.596184,67516,12.479187297,12.495000000,15.812703,0,192.016905,5.000000,13
1247,175,7.319423,67516,12.492694009,12.499000000,6.305991,0,192.016905,5.000000,13
1248,175,4.741923,67516,12.508095396,12.514500000,6.404604,0,192.016905,5.000000,13
1249,175,5.573438,67516,12.523485698,12.527000000,3.514302,1,5.573438,5.000000,13
1250,175,4.269379,67516,12.538681478,12.542000000,3.318522,1,4.269379,5.000000,13
1251,175,3.658669,67516,12.553216967,12.557500000,4.283033,1,3.658669,5.000000,13
1252,175,2.994725,67516,12.566284732,12.570500000,4.215268,1,2.994725,5.000000,13
1254,175,2.854377,67516,12.582454957,12.587000000,4.545043,1,2.854377,5.000000,13
1256,175,3.750010,67516,12.612266348,12.646500000,34.233652,0,192.016905,5.000000,9
1257,175,4.725850,67516,12.625155958,12.646500000,21.344042,0,192.016905,5.000000,9
1259,175,3.987630,67516,12.655772022,12.700500000,44.727978,0,192.016905,5.000000,9
1260,175,5.344134,67516,12.670763951,12.700500000,29.736049,0,192.016905,5.000000,9
1360,175,1.113302,67516,13.510630195,13.569500000,58.869805,0,192.016905,5.000000,13
1362,175,1.951052,67516,13.523853741,13.569500000,45.646259,0,192.016905,5.000000,13
1363,175,3.683477,67516,13.537214870,13.569500000,32.285130,0,192.016905,5.000000,13
1364,175,3.547775,67516,13.550825654,13.569500000,18.674346,0,192.016905,5.000000,13
1365,175,5.113888,67516,13.566214350,13.569500000,3.285650,1,5.113888,5.000000,13
1366,175,4.707621,67516,13.580442419,13.589500000,9.057581,0,192.016905,5.000000,13
1367,175,5.609013,67516,13.596417614,13.599500000,3.082386,1,5.609013,5.000000,13
1369,175,5.399228,67516,13.612168768,13.620500000,8.331232,0,192.016905,5.000000,13
1370,175,4.652906,67516,13.625735006,13.632500000,6.764994,0,192.016905,5.000000,13
1371,175,3.998393,67516,13.638543570,13.645000000,6.456430,0,192.016905,5.000000,13
1372,175,4.312933,67516,13.651598356,13.655000000,3.401644,1,4.312933,5.000000,13
1373,175,3.109967,67516,13.664868656,13.674000000,9.131344,0,192.016905,5.000000,13
1374,175,2.896172,67516,13.678102882,13.686500000,8.397118,0,192.016905,5.000000,13
1376,175,1.290594,67516,13.693377250,13.701500000,8.122750,0,192.016905,5.000000,13
1378,175,0.861469,67516,13.706972907,13.715000000,8.027093,0,192.016905,5.000000,14
1379,175,1.758734,67516,13.724143856,13.727500000,3.356144,1,1.758734,5.000000,14
1381,175,2.692406,67516,13.736888737,13.742000000,5.111263,0,192.016905,5.000000,14
1382,175,4.642754,67516,13.753334400,13.756500000,3.165600,1,4.642754,5.000000,14
1383,175,3.436584,67516,13.766214263,13.774500000,8.285737,0,192.016905,5.000000,14
1384,175,2.328394,67516,13.782785080,13.788500000,5.714920,0,192.016905,5.000000,14
1385,175,2.290716,67516,13.796129075,13.799500000,3.370925,1,2.290716,5.000000,14
1387,175,1.177901,67516,13.811333284,13.817000000,5.666716,0,192.016905,5.000000,14
1389,175,2.226972,67516,13.825393481,13.831000000,5.606519,0,192.016905,5.000000,14
1390,175,3.097276,67516,13.841848574,13.846000000,4.151426,1,3.097276,5.000000,14
1391,175,1.905090,67516,13.858819329,13.867000000,8.180671,0,192.016905,5.000000,14
1392,175,1.556862,67516,13.871745892,13.880000000,8.254108,0,192.016905,5.000000,14
1395,175,2.044927,67516,13.885439020,13.888500000,3.060980,1,2.044927,5.000000,14
1396,175,3.716087,67516,13.900101870,13.906000000,5.898130,0,192.016905,5.000000,14
1397,175,3.289664,67516,13.914519602,13.918000000,3.480398,1,3.289664,5.000000,14
1398,175,4.843709,67516,13.927335486,13.930500000,3.164514,1,4.843709,5.000000,14
1399,175,4.479585,67516,13.940094151,13.944000000,3.905849,1,4.479585,5.000000,14
1400,175,5.226482,67516,13.956279019,13.962000000,5.720981,0,192.016905,5.000000,14
1401,175,4.775294,67516,13.969875045,13.973000000,3.124955,1,4.775294,5.000000,14
1402,175,5.970424,67516,13.984511605,13.988000000,3.488395,1,5.970424,5.000000,14
1403,175,2.904115,67516,13.999614470,14.006000000,6.385530,0,192.016905,5.000000,14
1406,175,3.778623,67516,14.013022120,14.016500000,3.477880,1,3.778623,5.000000,14
1407,175,3.298747,67516,14.026341806,14.034500000,8.158194,0,192.016905,5.000000,14
1408,175,4.151478,67516,14.041375438,14.044500000,3.124562,1,4.151478,5.000000,14
1409,175,4.213201,67516,14.057419117,14.063000000,5.580883,0,192.016905,5.000000,14
1410,175,2.744595,67516,14.072678853,14.076000000,3.321147,1,2.744595,5.000000,14
1411,175,2.555011,67516,14.087592885,14.091000000,3.407115,1,2.555011,5.000000,14
1414,175,2.456888,67516,14.113972004,14.170500000,56.527996,0,192.016905,5.000000,13
1415,175,3.395690,67516,14.127312711,14.170500000,43.187289,0,192.016905,5.000000,13
1417,175,2.774014,67516,14.141388346,14.170500000,29.111654,0,192.016905,5.000000,13
1418,175,4.623865,67516,14.154178814,14.170500000,16.321186,0,192.016905,5.000000,13
1419,175,2.852660,67516,14.167385237,14.170500000,3.114763,1,2.852660,5.000000,13
1421,175,1.980861,67516,14.180408360,14.184000000,3.591640,1,1.980861,5.000000,13
1422,175,1.546206,67516,14.193168016,14.198500000,5.331984,0,192.016905,5.000000,13
1425,175,1.186969,67516,14.205842770,14.404500000,198.657230,0,192.016905,5.000000,13
15,0,0,0,0,0,-1,0,192.016905,5.000000,0
18,0,0,0,0,0,-1,0,192.016905,5.000000,0
23,0,0,0,0,0,-1,0,192.016905,5.000000,0
29,0,0,0,0,0,-1,0,192.016905,5.000000,0
30,0,0,0,0,0,-1,0,192.016905,5.000000,0
31,0,0,0,0,0,-1,0,192.016905,5.000000,0
32,0,0,0,0,0,-1,0,192.016905,5.000000,0
43,0,0,0,0,0,-1,0,192.016905,5.000000,0
44,0,0,0,0,0,-1,0,192.016905,5.000000,0
48,0,0,0,0,0,-1,0,192.016905,5.000000,0
49,0,0,0,0,0,-1,0,192.016905,5.000000,0
51,0,0,0,0,0,-1,0,192.016905,5.000000,0
56,0,0,0,0,0,-1,0,192.016905,5.000000,0
58,0,0,0,0,0,-1,0,192.016905,5.000000,0
59,0,0,0,0,0,-1,0,192.016905,5.000000,0
63,0,0,0,0,0,-1,0,192.016905,5.000000,0
65,0,0,0,0,0,-1,0,192.016905,5.000000,0
67,0,0,0,0,0,-1,0,192.016905,5.000000,0
69,0,0,0,0,0,-1,0,192.016905,5.000000,0
70,0,0,0,0,0,-1,0,192.016905,5.000000,0
73,0,0,0,0,0,-1,0,192.016905,5.000000,0
76,0,0,0,0,0,-1,0,192.016905,5.000000,0
78,0,0,0,0,0,-1,0,192.016905,5.000000,0
81,0,0,0,0,0,-1,0,192.016905,5.000000,0
83,0,0,0,0,0,-1,0,192.016905,5.000000,0
86,0,0,0,0,0,-1,0,192.016905,5.000000,0
99,0,0,0,0,0,-1,0,192.016905,5.000000,0
101,0,0,0,0,0,-1,0,192.016905,5.000000,0
107,0,0,0,0,0,-1,0,192.016905,5.000000,0
111,0,0,0,0,0,-1,0,192.016905,5.000000,0
113,0,0,0,0,0,-1,0,192.016905,5.000000,0
114,0,0,0,0,0,-1,0,192.016905,5.000000,0
115,0,0,0,0,0,-1,0,192.016905,5.000000,0
123,0,0,0,0,0,-1,0,192.016905,5.000000,0
124,0,0,0,0,0,-1,0,192.016905,5.000000,0
128,0,0,0,0,0,-1,0,192.016905,5.000000,0
135,0,0,0,0,0,-1,0,192.016905,5.000000,0
141,0,0,0,0,0,-1,0,192.016905,5.000000,0
147,0,0,0,0,0,-1,0,192.016905,5.000000,0
155,0,0,0,0,0,-1,0,192.016905,5.000000,0
159,0,0,0,0,0,-1,0,192.016905,5.000000,0
162,0,0,0,0,0,-1,0,192.016905,5.000000,0
163,0,0,0,0,0,-1,0,192.016905,5.000000,0
164,0,0,0,0,0,-1,0,192.016905,5.000000,0
168,0,0,0,0,0,-1,0,192.016905,5.000000,0
170,0,0,0,0,0,-1,0,192.016905,5.000000,0
173,0,0,0,0,0,-1,0,192.016905,5.000000,0
174,0,0,0,0,0,-1,0,192.016905,5.000000,0
175,0,0,0,0,0,-1,0,192.016905,5.000000,0
179,0,0,0,0,0,-1,0,192.016905,5.000000,0
184,0,0,0,0,0,-1,0,192.016905,5.000000,0
185,0,0,0,0,0,-1,0,192.016905,5.000000,0
188,0,0,0,0,0,-1,0,192.016905,5.000000,0
190,0,0,0,0,0,-1,0,192.016905,5.000000,0
191,0,0,0,0,0,-1,0,192.016905,5.000000,0
192,0,0,0,0,0,-1,0,192.016905,5.000000,0
195,0,0,0,0,0,-1,0,192.016905,5.000000,0
196,0,0,0,0,0,-1,0,192.016905,5.000000,0
198,0,0,0,0,0,-1,0,192.016905,5.000000,0
199,0,0,0,0,0,-1,0,192.016905,5.000000,0
201,0,0,0,0,0,-1,0,192.016905,5.000000,0
203,0,0,0,0,0,-1,0,192.016905,5.000000,0
204,0,0,0,0,0,-1,0,192.016905,5.000000,0
205,0,0,0,0,0,-1,0,192.016905,5.000000,0
206,0,0,0,0,0,-1,0,192.016905,5.000000,0
207,0,0,0,0,0,-1,0,192.016905,5.000000,0
208,0,0,0,0,0,-1,0,192.016905,5.000000,0
209,0,0,0,0,0,-1,0,192.016905,5.000000,0
210,0,0,0,0,0,-1,0,192.016905,5.000000,0
211,0,0,0,0,0,-1,0,192.016905,5.000000,0
213,0,0,0,0,0,-1,0,192.016905,5.000000,0
214,0,0,0,0,0,-1,0,192.016905,5.000000,0
215,0,0,0,0,0,-1,0,192.016905,5.000000,0
216,0,0,0,0,0,-1,0,192.016905,5.000000,0
217,0,0,0,0,0,-1,0,192.016905,5.000000,0
218,0,0,0,0,0,-1,0,192.016905,5.000000,0
219,0,0,0,0,0,-1,0,192.016905,5.000000,0
220,0,0,0,0,0,-1,0,192.016905,5.000000,0
221,0,0,0,0,0,-1,0,192.016905,5.000000,0
222,0,0,0,0,0,-1,0,192.016905,5.000000,0
223,0,0,0,0,0,-1,0,192.016905,5.000000,0
224,0,0,0,0,0,-1,0,192.016905,5.000000,0
225,0,0,0,0,0,-1,0,192.016905,5.000000,0
226,0,0,0,0,0,-1,0,192.016905,5.000000,0
227,0,0,0,0,0,-1,0,192.016905,5.000000,0
228,0,0,0,0,0,-1,0,192.016905,5.000000,0
229,0,0,0,0,0,-1,0,192.016905,5.000000,0
230,0,0,0,0,0,-1,0,192.016905,5.000000,0
231,0,0,0,0,0,-1,0,192.016905,5.000000,0
232,0,0,0,0,0,-1,0,192.016905,5.000000,0
233,0,0,0,0,0,-1,0,192.016905,5.000000,0
234,0,0,0,0,0,-1,0,192.016905,5.000000,0
235,0,0,0,0,0,-1,0,192.016905,5.000000,0
236,0,0,0,0,0,-1,0,192.016905,5.000000,0
237,0,0,0,0,0,-1,0,192.016905,5.000000,0
238,0,0,0,0,0,-1,0,192.016905,5.000000,0
239,0,0,0,0,0,-1,0,192.016905,5.000000,0
240,0,0,0,0,0,-1,0,192.016905,5.000000,0
241,0,0,0,0,0,-1,0,192.016905,5.000000,0
242,0,0,0,0,0,-1,0,192.016905,5.000000,0
243,0,0,0,0,0,-1,0,192.016905,5.000000,0
244,0,0,0,0,0,-1,0,192.016905,5.000000,0
245,0,0,0,0,0,-1,0,192.016905,5.000000,0
246,0,0,0,0,0,-1,0,192.016905,5.000000,0
247,0,0,0,0,0,-1,0,192.016905,5.000000,0
248,0,0,0,0,0,-1,0,192.016905,5.000000,0
249,0,0,0,0,0,-1,0,192.016905,5.000000,0
250,0,0,0,0,0,-1,0,192.016905,5.000000,0
251,0,0,0,0,0,-1,0,192.016905,5.000000,0
252,0,0,0,0,0,-1,0,192.016905,5.000000,0
253,0,0,0,0,0,-1,0,192.016905,5.000000,0
254,0,0,0,0,0,-1,0,192.016905,5.000000,0
255,0,0,0,0,0,-1,0,192.016905,5.000000,0
256,0,0,0,0,0,-1,0,192.016905,5.000000,0
257,0,0,0,0,0,-1,0,192.016905,5.000000,0
258,0,0,0,0,0,-1,0,192.016905,5.000000,0
259,0,0,0,0,0,-1,0,192.016905,5.000000,0
260,0,0,0,0,0,-1,0,192.016905,5.000000,0
261,0,0,0,0,0,-1,0,192.016905,5.000000,0
262,0,0,0,0,0,-1,0,192.016905,5.000000,0
263,0,0,0,0,0,-1,0,192.016905,5.000000,0
264,0,0,0,0,0,-1,0,192.016905,5.000000,0
265,0,0,0,0,0,-1,0,192.016905,5.000000,0
266,0,0,0,0,0,-1,0,192.016905,5.000000,0
267,0,0,0,0,0,-1,0,192.016905,5.000000,0
268,0,0,0,0,0,-1,0,192.016905,5.000000,0
269,0,0,0,0,0,-1,0,192.016905,5.000000,0
270,0,0,0,0,0,-1,0,192.016905,5.000000,0
271,0,0,0,0,0,-1,0,192.016905,5.000000,0
272,0,0,0,0,0,-1,0,192.016905,5.000000,0
274,0,0,0,0,0,-1,0,192.016905,5.000000,0
275,0,0,0,0,0,-1,0,192.016905,5.000000,0
277,0,0,0,0,0,-1,0,192.016905,5.000000,0
283,0,0,0,0,0,-1,0,192.016905,5.000000,0
285,0,0,0,0,0,-1,0,192.016905,5.000000,0
286,0,0,0,0,0,-1,0,192.016905,5.000000,0
287,0,0,0,0,0,-1,0,192.016905,5.000000,0
288,0,0,0,0,0,-1,0,192.016905,5.000000,0
289,0,0,0,0,0,-1,0,192.016905,5.000000,0
292,0,0,0,0,0,-1,0,192.016905,5.000000,0
297,0,0,0,0,0,-1,0,192.016905,5.000000,0
298,0,0,0,0,0,-1,0,192.016905,5.000000,0
300,0,0,0,0,0,-1,0,192.016905,5.000000,0
303,0,0,0,0,0,-1,0,192.016905,5.000000,0
306,0,0,0,0,0,-1,0,192.016905,5.000000,0
309,0,0,0,0,0,-1,0,192.016905,5.000000,0
310,0,0,0,0,0,-1,0,192.016905,5.000000,0
316,0,0,0,0,0,-1,0,192.016905,5.000000,0
322,0,0,0,0,0,-1,0,192.016905,5.000000,0
324,0,0,0,0,0,-1,0,192.016905,5.000000,0
326,0,0,0,0,0,-1,0,192.016905,5.000000,0
327,0,0,0,0,0,-1,0,192.016905,5.000000,0
331,0,0,0,0,0,-1,0,192.016905,5.000000,0
332,0,0,0,0,0,-1,0,192.016905,5.000000,0
339,0,0,0,0,0,-1,0,192.016905,5.000000,0
341,0,0,0,0,0,-1,0,192.016905,5.000000,0
342,0,0,0,0,0,-1,0,192.016905,5.000000,0
344,0,0,0,0,0,-1,0,192.016905,5.000000,0
346,0,0,0,0,0,-1,0,192.016905,5.000000,0
350,0,0,0,0,0,-1,0,192.016905,5.000000,0
351,0,0,0,0,0,-1,0,192.016905,5.000000,0
352,0,0,0,0,0,-1,0,192.016905,5.000000,0
353,0,0,0,0,0,-1,0,192.016905,5.000000,0
354,0,0,0,0,0,-1,0,192.016905,5.000000,0
355,0,0,0,0,0,-1,0,192.016905,5.000000,0
356,0,0,0,0,0,-1,0,192.016905,5.000000,0
357,0,0,0,0,0,-1,0,192.016905,5.000000,0
358,0,0,0,0,0,-1,0,192.016905,5.000000,0
359,0,0,0,0,0,-1,0,192.016905,5.000000,0
360,0,0,0,0,0,-1,0,192.016905,5.000000,0
361,0,0,0,0,0,-1,0,192.016905,5.000000,0
362,0,0,0,0,0,-1,0,192.016905,5.000000,0
363,0,0,0,0,0,-1,0,192.016905,5.000000,0
364,0,0,0,0,0,-1,0,192.016905,5.000000,0
365,0,0,0,0,0,-1,0,192.016905,5.000000,0
366,0,0,0,0,0,-1,0,192.016905,5.000000,0
367,0,0,0,0,0,-1,0,192.016905,5.000000,0
368,0,0,0,0,0,-1,0,192.016905,5.000000,0
369,0,0,0,0,0,-1,0,192.016905,5.000000,0
370,0,0,0,0,0,-1,0,192.016905,5.000000,0
371,0,0,0,0,0,-1,0,192.016905,5.000000,0
372,0,0,0,0,0,-1,0,192.016905,5.000000,0
373,0,0,0,0,0,-1,0,192.016905,5.000000,0
374,0,0,0,0,0,-1,0,192.016905,5.000000,0
375,0,0,0,0,0,-1,0,192.016905,5.000000,0
376,0,0,0,0,0,-1,0,192.016905,5.000000,0
377,0,0,0,0,0,-1,0,192.016905,5.000000,0
380,0,0,0,0,0,-1,0,192.016905,5.000000,0
381,0,0,0,0,0,-1,0,192.016905,5.000000,0
382,0,0,0,0,0,-1,0,192.016905,5.000000,0
383,0,0,0,0,0,-1,0,192.016905,5.000000,0
384,0,0,0,0,0,-1,0,192.016905,5.000000,0
385,0,0,0,0,0,-1,0,192.016905,5.000000,0
387,0,0,0,0,0,-1,0,192.016905,5.000000,0
388,0,0,0,0,0,-1,0,192.016905,5.000000,0
389,0,0,0,0,0,-1,0,192.016905,5.000000,0
390,0,0,0,0,0,-1,0,192.016905,5.000000,0
391,0,0,0,0,0,-1,0,192.016905,5.000000,0
392,0,0,0,0,0,-1,0,192.016905,5.000000,0
393,0,0,0,0,0,-1,0,192.016905,5.000000,0
394,0,0,0,0,0,-1,0,192.016905,5.000000,0
395,0,0,0,0,0,-1,0,192.016905,5.000000,0
396,0,0,0,0,0,-1,0,192.016905,5.000000,0
397,0,0,0,0,0,-1,0,192.016905,5.000000,0
398,0,0,0,0,0,-1,0,192.016905,5.000000,0
399,0,0,0,0,0,-1,0,192.016905,5.000000,0
400,0,0,0,0,0,-1,0,192.016905,5.000000,0
401,0,0,0,0,0,-1,0,192.016905,5.000000,0
402,0,0,0,0,0,-1,0,192.016905,5.000000,0
403,0,0,0,0,0,-1,0,192.016905,5.000000,0
404,0,0,0,0,0,-1,0,192.016905,5.000000,0
405,0,0,0,0,0,-1,0,192.016905,5.000000,0
406,0,0,0,0,0,-1,0,192.016905,5.000000,0
407,0,0,0,0,0,-1,0,192.016905,5.000000,0
408,0,0,0,0,0,-1,0,192.016905,5.000000,0
409,0,0,0,0,0,-1,0,192.016905,5.000000,0
410,0,0,0,0,0,-1,0,192.016905,5.000000,0
411,0,0,0,0,0,-1,0,192.016905,5.000000,0
412,0,0,0,0,0,-1,0,192.016905,5.000000,0
413,0,0,0,0,0,-1,0,192.016905,5.000000,0
414,0,0,0,0,0,-1,0,192.016905,5.000000,0
415,0,0,0,0,0,-1,0,192.016905,5.000000,0
416,0,0,0,0,0,-1,0,192.016905,5.000000,0
417,0,0,0,0,0,-1,0,192.016905,5.000000,0
418,0,0,0,0,0,-1,0,192.016905,5.000000,0
419,0,0,0,0,0,-1,0,192.016905,5.000000,0
420,0,0,0,0,0,-1,0,192.016905,5.000000,0
421,0,0,0,0,0,-1,0,192.016905,5.000000,0
422,0,0,0,0,0,-1,0,192.016905,5.000000,0
423,0,0,0,0,0,-1,0,192.016905,5.000000,0
424,0,0,0,0,0,-1,0,192.016905,5.000000,0
425,0,0,0,0,0,-1,0,192.016905,5.000000,0
426,0,0,0,0,0,-1,0,192.016905,5.000000,0
427,0,0,0,0,0,-1,0,192.016905,5.000000,0
428,0,0,0,0,0,-1,0,192.016905,5.000000,0
429,0,0,0,0,0,-1,0,192.016905,5.000000,0
432,0,0,0,0,0,-1,0,192.016905,5.000000,0
433,0,0,0,0,0,-1,0,192.016905,5.000000,0
438,0,0,0,0,0,-1,0,192.016905,5.000000,0
439,0,0,0,0,0,-1,0,192.016905,5.000000,0
441,0,0,0,0,0,-1,0,192.016905,5.000000,0
450,0,0,0,0,0,-1,0,192.016905,5.000000,0
451,0,0,0,0,0,-1,0,192.016905,5.000000,0
453,0,0,0,0,0,-1,0,192.016905,5.000000,0
460,0,0,0,0,0,-1,0,192.016905,5.000000,0
461,0,0,0,0,0,-1,0,192.016905,5.000000,0
462,0,0,0,0,0,-1,0,192.016905,5.000000,0
464,0,0,0,0,0,-1,0,192.016905,5.000000,0
467,0,0,0,0,0,-1,0,192.016905,5.000000,0
468,0,0,0,0,0,-1,0,192.016905,5.000000,0
470,0,0,0,0,0,-1,0,192.016905,5.000000,0
471,0,0,0,0,0,-1,0,192.016905,5.000000,0
472,0,0,0,0,0,-1,0,192.016905,5.000000,0
473,0,0,0,0,0,-1,0,192.016905,5.000000,0
474,0,0,0,0,0,-1,0,192.016905,5.000000,0
475,0,0,0,0,0,-1,0,192.016905,5.000000,0
476,0,0,0,0,0,-1,0,192.016905,5.000000,0
478,0,0,0,0,0,-1,0,192.016905,5.000000,0
479,0,0,0,0,0,-1,0,192.016905,5.000000,0
481,0,0,0,0,0,-1,0,192.016905,5.000000,0
482,0,0,0,0,0,-1,0,192.016905,5.000000,0
483,0,0,0,0,0,-1,0,192.016905,5.000000,0
484,0,0,0,0,0,-1,0,192.016905,5.000000,0
485,0,0,0,0,0,-1,0,192.016905,5.000000,0
486,0,0,0,0,0,-1,0,192.016905,5.000000,0
487,0,0,0,0,0,-1,0,192.016905,5.000000,0
490,0,0,0,0,0,-1,0,192.016905,5.000000,0
493,0,0,0,0,0,-1,0,192.016905,5.000000,0
494,0,0,0,0,0,-1,0,192.016905,5.000000,0
495,0,0,0,0,0,-1,0,192.016905,5.000000,0
497,0,0,0,0,0,-1,0,192.016905,5.000000,0
498,0,0,0,0,0,-1,0,192.016905,5.000000,0
500,0,0,0,0,0,-1,0,192.016905,5.000000,0
501,0,0,0,0,0,-1,0,192.016905,5.000000,0
504,0,0,0,0,0,-1,0,192.016905,5.000000,0
505,0,0,0,0,0,-1,0,192.016905,5.000000,0
506,0,0,0,0,0,-1,0,192.016905,5.000000,0
512,0,0,0,0,0,-1,0,192.016905,5.000000,0
513,0,0,0,0,0,-1,0,192.016905,5.000000,0
514,0,0,0,0,0,-1,0,192.016905,5.000000,0
518,0,0,0,0,0,-1,0,192.016905,5.000000,0
520,0,0,0,0,0,-1,0,192.016905,5.000000,0
521,0,0,0,0,0,-1,0,192.016905,5.000000,0
522,0,0,0,0,0,-1,0,192.016905,5.000000,0
526,0,0,0,0,0,-1,0,192.016905,5.000000,0
527,0,0,0,0,0,-1,0,192.016905,5.000000,0
528,0,0,0,0,0,-1,0,192.016905,5.000000,0
529,0,0,0,0,0,-1,0,192.016905,5.000000,0
532,0,0,0,0,0,-1,0,192.016905,5.000000,0
533,0,0,0,0,0,-1,0,192.016905,5.000000,0
534,0,0,0,0,0,-1,0,192.016905,5.000000,0
535,0,0,0,0,0,-1,0,192.016905,5.000000,0
536,0,0,0,0,0,-1,0,192.016905,5.000000,0
538,0,0,0,0,0,-1,0,192.016905,5.000000,0
543,0,0,0,0,0,-1,0,192.016905,5.000000,0
544,0,0,0,0,0,-1,0,192.016905,5.000000,0
546,0,0,0,0,0,-1,0,192.016905,5.000000,0
548,0,0,0,0,0,-1,0,192.016905,5.000000,0
550,0,0,0,0,0,-1,0,192.016905,5.000000,0
551,0,0,0,0,0,-1,0,192.016905,5.000000,0
552,0,0,0,0,0,-1,0,192.016905,5.000000,0
554,0,0,0,0,0,-1,0,192.016905,5.000000,0
556,0,0,0,0,0,-1,0,192.016905,5.000000,0
559,0,0,0,0,0,-1,0,192.016905,5.000000,0
560,0,0,0,0,0,-1,0,192.016905,5.000000,0
565,0,0,0,0,0,-1,0,192.016905,5.000000,0
566,0,0,0,0,0,-1,0,192.016905,5.000000,0
567,0,0,0,0,0,-1,0,192.016905,5.000000,0
568,0,0,0,0,0,-1,0,192.016905,5.000000,0
569,0,0,0,0,0,-1,0,192.016905,5.000000,0
570,0,0,0,0,0,-1,0,192.016905,5.000000,0
571,0,0,0,0,0,-1,0,192.016905,5.000000,0
572,0,0,0,0,0,-1,0,192.016905,5.000000,0
573,0,0,0,0,0,-1,0,192.016905,5.000000,0
574,0,0,0,0,0,-1,0,192.016905,5.000000,0
576,0,0,0,0,0,-1,0,192.016905,5.000000,0
578,0,0,0,0,0,-1,0,192.016905,5.000000,0
582,0,0,0,0,0,-1,0,192.016905,5.000000,0
583,0,0,0,0,0,-1,0,192.016905,5.000000,0
585,0,0,0,0,0,-1,0,192.016905,5.000000,0
588,0,0,0,0,0,-1,0,192.016905,5.000000,0
589,0,0,0,0,0,-1,0,192.016905,5.000000,0
590,0,0,0,0,0,-1,0,192.016905,5.000000,0
591,0,0,0,0,0,-1,0,192.016905,5.000000,0
596,0,0,0,0,0,-1,0,192.016905,5.000000,0
597,0,0,0,0,0,-1,0,192.016905,5.000000,0
598,0,0,0,0,0,-1,0,192.016905,5.000000,0
600,0,0,0,0,0,-1,0,192.016905,5.000000,0
602,0,0,0,0,0,-1,0,192.016905,5.000000,0
607,0,0,0,0,0,-1,0,192.016905,5.000000,0
610,0,0,0,0,0,-1,0,192.016905,5.000000,0
614,0,0,0,0,0,-1,0,192.016905,5.000000,0
619,0,0,0,0,0,-1,0,192.016905,5.000000,0
621,0,0,0,0,0,-1,0,192.016905,5.000000,0
626,0,0,0,0,0,-1,0,192.016905,5.000000,0
628,0,0,0,0,0,-1,0,192.016905,5.000000,0
634,0,0,0,0,0,-1,0,192.016905,5.000000,0
643,0,0,0,0,0,-1,0,192.016905,5.000000,0
649,0,0,0,0,0,-1,0,192.016905,5.000000,0
668,0,0,0,0,0,-1,0,192.016905,5.000000,0
670,0,0,0,0,0,-1,0,192.016905,5.000000,0
674,0,0,0,0,0,-1,0,192.016905,5.000000,0
678,0,0,0,0,0,-1,0,192.016905,5.000000,0
679,0,0,0,0,0,-1,0,192.016905,5.000000,0
680,0,0,0,0,0,-1,0,192.016905,5.000000,0
682,0,0,0,0,0,-1,0,192.016905,5.000000,0
692,0,0,0,0,0,-1,0,192.016905,5.000000,0
700,0,0,0,0,0,-1,0,192.016905,5.000000,0
705,0,0,0,0,0,-1,0,192.016905,5.000000,0
706,0,0,0,0,0,-1,0,192.016905,5.000000,0
707,0,0,0,0,0,-1,0,192.016905,5.000000,0
710,0,0,0,0,0,-1,0,192.016905,5.000000,0
712,0,0,0,0,0,-1,0,192.016905,5.000000,0
715,0,0,0,0,0,-1,0,192.016905,5.000000,0
722,0,0,0,0,0,-1,0,192.016905,5.000000,0
724,0,0,0,0,0,-1,0,192.016905,5.000000,0
727,0,0,0,0,0,-1,0,192.016905,5.000000,0
736,0,0,0,0,0,-1,0,192.016905,5.000000,0
741,0,0,0,0,0,-1,0,192.016905,5.000000,0
743,0,0,0,0,0,-1,0,192.016905,5.000000,0
752,0,0,0,0,0,-1,0,192.016905,5.000000,0
754,0,0,0,0,0,-1,0,192.016905,5.000000,0
756,0,0,0,0,0,-1,0,192.016905,5.000000,0
757,0,0,0,0,0,-1,0,192.016905,5.000000,0
765,0,0,0,0,0,-1,0,192.016905,5.000000,0
777,0,0,0,0,0,-1,0,192.016905,5.000000,0
780,0,0,0,0,0,-1,0,192.016905,5.000000,0
782,0,0,0,0,0,-1,0,192.016905,5.000000,0
785,0,0,0,0,0,-1,0,192.016905,5.000000,0
786,0,0,0,0,0,-1,0,192.016905,5.000000,0
788,0,0,0,0,0,-1,0,192.016905,5.000000,0
793,0,0,0,0,0,-1,0,192.016905,5.000000,0
798,0,0,0,0,0,-1,0,192.016905,5.000000,0
803,0,0,0,0,0,-1,0,192.016905,5.000000,0
806,0,0,0,0,0,-1,0,192.016905,5.000000,0
807,0,0,0,0,0,-1,0,192.016905,5.000000,0
808,0,0,0,0,0,-1,0,192.016905,5.000000,0
810,0,0,0,0,0,-1,0,192.016905,5.000000,0
816,0,0,0,0,0,-1,0,192.016905,5.000000,0
817,0,0,0,0,0,-1,0,192.016905,5.000000,0
819,0,0,0,0,0,-1,0,192.016905,5.000000,0
820,0,0,0,0,0,-1,0,192.016905,5.000000,0
829,0,0,0,0,0,-1,0,192.016905,5.000000,0
834,0,0,0,0,0,-1,0,192.016905,5.000000,0
836,0,0,0,0,0,-1,0,192.016905,5.000000,0
841,0,0,0,0,0,-1,0,192.016905,5.000000,0
844,0,0,0,0,0,-1,0,192.016905,5.000000,0
846,0,0,0,0,0,-1,0,192.016905,5.000000,0
847,0,0,0,0,0,-1,0,192.016905,5.000000,0
855,0,0,0,0,0,-1,0,192.016905,5.000000,0
858,0,0,0,0,0,-1,0,192.016905,5.000000,0
861,0,0,0,0,0,-1,0,192.016905,5.000000,0
864,0,0,0,0,0,-1,0,192.016905,5.000000,0
873,0,0,0,0,0,-1,0,192.016905,5.000000,0
874,0,0,0,0,0,-1,0,192.016905,5.000000,0
889,0,0,0,0,0,-1,0,192.016905,5.000000,0
892,0,0,0,0,0,-1,0,192.016905,5.000000,0
893,0,0,0,0,0,-1,0,192.016905,5.000000,0
898,0,0,0,0,0,-1,0,192.016905,5.000000,0
899,0,0,0,0,0,-1,0,192.016905,5.000000,0
903,0,0,0,0,0,-1,0,192.016905,5.000000,0
904,0,0,0,0,0,-1,0,192.016905,5.000000,0
906,0,0,0,0,0,-1,0,192.016905,5.000000,0
914,0,0,0,0,0,-1,0,192.016905,5.000000,0
915,0,0,0,0,0,-1,0,192.016905,5.000000,0
917,0,0,0,0,0,-1,0,192.016905,5.000000,0
921,0,0,0,0,0,-1,0,192.016905,5.000000,0
923,0,0,0,0,0,-1,0,192.016905,5.000000,0
925,0,0,0,0,0,-1,0,192.016905,5.000000,0
926,0,0,0,0,0,-1,0,192.016905,5.000000,0
930,0,0,0,0,0,-1,0,192.016905,5.000000,0
937,0,0,0,0,0,-1,0,192.016905,5.000000,0
939,0,0,0,0,0,-1,0,192.016905,5.000000,0
942,0,0,0,0,0,-1,0,192.016905,5.000000,0
943,0,0,0,0,0,-1,0,192.016905,5.000000,0
945,0,0,0,0,0,-1,0,192.016905,5.000000,0
946,0,0,0,0,0,-1,0,192.016905,5.000000,0
948,0,0,0,0,0,-1,0,192.016905,5.000000,0
949,0,0,0,0,0,-1,0,192.016905,5.000000,0
953,0,0,0,0,0,-1,0,192.016905,5.000000,0
958,0,0,0,0,0,-1,0,192.016905,5.000000,0
962,0,0,0,0,0,-1,0,192.016905,5.000000,0
963,0,0,0,0,0,-1,0,192.016905,5.000000,0
964,0,0,0,0,0,-1,0,192.016905,5.000000,0
965,0,0,0,0,0,-1,0,192.016905,5.000000,0
966,0,0,0,0,0,-1,0,192.016905,5.000000,0
967,0,0,0,0,0,-1,0,192.016905,5.000000,0
968,0,0,0,0,0,-1,0,192.016905,5.000000,0
969,0,0,0,0,0,-1,0,192.016905,5.000000,0
982,0,0,0,0,0,-1,0,192.016905,5.000000,0
986,0,0,0,0,0,-1,0,192.016905,5.000000,0
987,0,0,0,0,0,-1,0,192.016905,5.000000,0
989,0,0,0,0,0,-1,0,192.016905,5.000000,0
997,0,0,0,0,0,-1,0,192.016905,5.000000,0
1006,0,0,0,0,0,-1,0,192.016905,5.000000,0
1007,0,0,0,0,0,-1,0,192.016905,5.000000,0
1010,0,0,0,0,0,-1,0,192.016905,5.000000,0
1022,0,0,0,0,0,-1,0,192.016905,5.000000,0
1023,0,0,0,0,0,-1,0,192.016905,5.000000,0
1024,0,0,0,0,0,-1,0,192.016905,5.000000,0
1029,0,0,0,0,0,-1,0,192.016905,5.000000,0
1030,0,0,0,0,0,-1,0,192.016905,5.000000,0
1031,0,0,0,0,0,-1,0,192.016905,5.000000,0
1035,0,0,0,0,0,-1,0,192.016905,5.000000,0
1040,0,0,0,0,0,-1,0,192.016905,5.000000,0
1047,0,0,0,0,0,-1,0,192.016905,5.000000,0
1054,0,0,0,0,0,-1,0,192.016905,5.000000,0
1057,0,0,0,0,0,-1,0,192.016905,5.000000,0
1063,0,0,0,0,0,-1,0,192.016905,5.000000,0
1065,0,0,0,0,0,-1,0,192.016905,5.000000,0
1073,0,0,0,0,0,-1,0,192.016905,5.000000,0
1075,0,0,0,0,0,-1,0,192.016905,5.000000,0
1079,0,0,0,0,0,-1,0,192.016905,5.000000,0
1080,0,0,0,0,0,-1,0,192.016905,5.000000,0
1083,0,0,0,0,0,-1,0,192.016905,5.000000,0
1085,0,0,0,0,0,-1,0,192.016905,5.000000,0
1093,0,0,0,0,0,-1,0,192.016905,5.000000,0
1094,0,0,0,0,0,-1,0,192.016905,5.000000,0
1096,0,0,0,0,0,-1,0,192.016905,5.000000,0
1097,0,0,0,0,0,-1,0,192.016905,5.000000,0
1100,0,0,0,0,0,-1,0,192.016905,5.000000,0
1101,0,0,0,0,0,-1,0,192.016905,5.000000,0
1105,0,0,0,0,0,-1,0,192.016905,5.000000,0
1107,0,0,0,0,0,-1,0,192.016905,5.000000,0
1110,0,0,0,0,0,-1,0,192.016905,5.000000,0
1111,0,0,0,0,0,-1,0,192.016905,5.000000,0
1112,0,0,0,0,0,-1,0,192.016905,5.000000,0
1113,0,0,0,0,0,-1,0,192.016905,5.000000,0
1114,0,0,0,0,0,-1,0,192.016905,5.000000,0
1117,0,0,0,0,0,-1,0,192.016905,5.000000,0
1118,0,0,0,0,0,-1,0,192.016905,5.000000,0
1120,0,0,0,0,0,-1,0,192.016905,5.000000,0
1121,0,0,0,0,0,-1,0,192.016905,5.000000,0
1125,0,0,0,0,0,-1,0,192.016905,5.000000,0
1128,0,0,0,0,0,-1,0,192.016905,5.000000,0
1133,0,0,0,0,0,-1,0,192.016905,5.000000,0
1140,0,0,0,0,0,-1,0,192.016905,5.000000,0
1142,0,0,0,0,0,-1,0,192.016905,5.000000,0
1145,0,0,0,0,0,-1,0,192.016905,5.000000,0
1157,0,0,0,0,0,-1,0,192.016905,5.000000,0
1159,0,0,0,0,0,-1,0,192.016905,5.000000,0
1160,0,0,0,0,0,-1,0,192.016905,5.000000,0
1161,0,0,0,0,0,-1,0,192.016905,5.000000,0
1162,0,0,0,0,0,-1,0,192.016905,5.000000,0
1168,0,0,0,0,0,-1,0,192.016905,5.000000,0
1170,0,0,0,0,0,-1,0,192.016905,5.000000,0
1173,0,0,0,0,0,-1,0,192.016905,5.000000,0
1174,0,0,0,0,0,-1,0,192.016905,5.000000,0
1176,0,0,0,0,0,-1,0,192.016905,5.000000,0
1177,0,0,0,0,0,-1,0,192.016905,5.000000,0
1178,0,0,0,0,0,-1,0,192.016905,5.000000,0
1186,0,0,0,0,0,-1,0,192.016905,5.000000,0
1188,0,0,0,0,0,-1,0,192.016905,5.000000,0
1190,0,0,0,0,0,-1,0,192.016905,5.000000,0
1192,0,0,0,0,0,-1,0,192.016905,5.000000,0
1193,0,0,0,0,0,-1,0,192.016905,5.000000,0
1197,0,0,0,0,0,-1,0,192.016905,5.000000,0
1198,0,0,0,0,0,-1,0,192.016905,5.000000,0
1199,0,0,0,0,0,-1,0,192.016905,5.000000,0
1200,0,0,0,0,0,-1,0,192.016905,5.000000,0
1201,0,0,0,0,0,-1,0,192.016905,5.000000,0
1202,0,0,0,0,0,-1,0,192.016905,5.000000,0
1203,0,0,0,0,0,-1,0,192.016905,5.000000,0
1204,0,0,0,0,0,-1,0,192.016905,5.000000,0
1205,0,0,0,0,0,-1,0,192.016905,5.000000,0
1206,0,0,0,0,0,-1,0,192.016905,5.000000,0
1207,0,0,0,0,0,-1,0,192.016905,5.000000,0
1208,0,0,0,0,0,-1,0,192.016905,5.000000,0
1209,0,0,0,0,0,-1,0,192.016905,5.000000,0
1210,0,0,0,0,0,-1,0,192.016905,5.000000,0
1211,0,0,0,0,0,-1,0,192.016905,5.000000,0
1212,0,0,0,0,0,-1,0,192.016905,5.000000,0
1213,0,0,0,0,0,-1,0,192.016905,5.000000,0
1214,0,0,0,0,0,-1,0,192.016905,5.000000,0
1215,0,0,0,0,0,-1,0,192.016905,5.000000,0
1216,0,0,0,0,0,-1,0,192.016905,5.000000,0
1217,0,0,0,0,0,-1,0,192.016905,5.000000,0
1218,0,0,0,0,0,-1,0,192.016905,5.000000,0
1219,0,0,0,0,0,-1,0,192.016905,5.000000,0
1220,0,0,0,0,0,-1,0,192.016905,5.000000,0
1221,0,0,0,0,0,-1,0,192.016905,5.000000,0
1222,0,0,0,0,0,-1,0,192.016905,5.000000,0
1223,0,0,0,0,0,-1,0,192.016905,5.000000,0
1224,0,0,0,0,0,-1,0,192.016905,5.000000,0
1225,0,0,0,0,0,-1,0,192.016905,5.000000,0
1226,0,0,0,0,0,-1,0,192.016905,5.000000,0
1227,0,0,0,0,0,-1,0,192.016905,5.000000,0
1228,0,0,0,0,0,-1,0,192.016905,5.000000,0
1229,0,0,0,0,0,-1,0,192.016905,5.000000,0
1230,0,0,0,0,0,-1,0,192.016905,5.000000,0
1231,0,0,0,0,0,-1,0,192.016905,5.000000,0
1232,0,0,0,0,0,-1,0,192.016905,5.000000,0
1233,0,0,0,0,0,-1,0,192.016905,5.000000,0
1234,0,0,0,0,0,-1,0,192.016905,5.000000,0
1235,0,0,0,0,0,-1,0,192.016905,5.000000,0
1236,0,0,0,0,0,-1,0,192.016905,5.000000,0
1237,0,0,0,0,0,-1,0,192.016905,5.000000,0
1238,0,0,0,0,0,-1,0,192.016905,5.000000,0
1239,0,0,0,0,0,-1,0,192.016905,5.000000,0
1240,0,0,0,0,0,-1,0,192.016905,5.000000,0
1242,0,0,0,0,0,-1,0,192.016905,5.000000,0
1253,0,0,0,0,0,-1,0,192.016905,5.000000,0
1261,0,0,0,0,0,-1,0,192.016905,5.000000,0
1262,0,0,0,0,0,-1,0,192.016905,5.000000,0
1263,0,0,0,0,0,-1,0,192.016905,5.000000,0
1265,0,0,0,0,0,-1,0,192.016905,5.000000,0
1266,0,0,0,0,0,-1,0,192.016905,5.000000,0
1267,0,0,0,0,0,-1,0,192.016905,5.000000,0
1268,0,0,0,0,0,-1,0,192.016905,5.000000,0
1269,0,0,0,0,0,-1,0,192.016905,5.000000,0
1270,0,0,0,0,0,-1,0,192.016905,5.000000,0
1271,0,0,0,0,0,-1,0,192.016905,5.000000,0
1272,0,0,0,0,0,-1,0,192.016905,5.000000,0
1273,0,0,0,0,0,-1,0,192.016905,5.000000,0
1274,0,0,0,0,0,-1,0,192.016905,5.000000,0
1275,0,0,0,0,0,-1,0,192.016905,5.000000,0
1276,0,0,0,0,0,-1,0,192.016905,5.000000,0
1277,0,0,0,0,0,-1,0,192.016905,5.000000,0
1278,0,0,0,0,0,-1,0,192.016905,5.000000,0
1279,0,0,0,0,0,-1,0,192.016905,5.000000,0
1280,0,0,0,0,0,-1,0,192.016905,5.000000,0
1281,0,0,0,0,0,-1,0,192.016905,5.000000,0
1282,0,0,0,0,0,-1,0,192.016905,5.000000,0
1283,0,0,0,0,0,-1,0,192.016905,5.000000,0
1284,0,0,0,0,0,-1,0,192.016905,5.000000,0
1285,0,0,0,0,0,-1,0,192.016905,5.000000,0
1286,0,0,0,0,0,-1,0,192.016905,5.000000,0
1287,0,0,0,0,0,-1,0,192.016905,5.000000,0
1288,0,0,0,0,0,-1,0,192.016905,5.000000,0
1289,0,0,0,0,0,-1,0,192.016905,5.000000,0
1290,0,0,0,0,0,-1,0,192.016905,5.000000,0
1291,0,0,0,0,0,-1,0,192.016905,5.000000,0
1292,0,0,0,0,0,-1,0,192.016905,5.000000,0
1293,0,0,0,0,0,-1,0,192.016905,5.000000,0
1294,0,0,0,0,0,-1,0,192.016905,5.000000,0
1295,0,0,0,0,0,-1,0,192.016905,5.000000,0
1296,0,0,0,0,0,-1,0,192.016905,5.000000,0
1297,0,0,0,0,0,-1,0,192.016905,5.000000,0
1298,0,0,0,0,0,-1,0,192.016905,5.000000,0
1299,0,0,0,0,0,-1,0,192.016905,5.000000,0
1300,0,0,0,0,0,-1,0,192.016905,5.000000,0
1301,0,0,0,0,0,-1,0,192.016905,5.000000,0
1302,0,0,0,0,0,-1,0,192.016905,5.000000,0
1303,0,0,0,0,0,-1,0,192.016905,5.000000,0
1304,0,0,0,0,0,-1,0,192.016905,5.000000,0
1305,0,0,0,0,0,-1,0,192.016905,5.000000,0
1306,0,0,0,0,0,-1,0,192.016905,5.000000,0
1307,0,0,0,0,0,-1,0,192.016905,5.000000,0
1308,0,0,0,0,0,-1,0,192.016905,5.000000,0
1309,0,0,0,0,0,-1,0,192.016905,5.000000,0
1310,0,0,0,0,0,-1,0,192.016905,5.000000,0
1311,0,0,0,0,0,-1,0,192.016905,5.000000,0
1312,0,0,0,0,0,-1,0,192.016905,5.000000,0
1313,0,0,0,0,0,-1,0,192.016905,5.000000,0
1314,0,0,0,0,0,-1,0,192.016905,5.000000,0
1315,0,0,0,0,0,-1,0,192.016905,5.000000,0
1316,0,0,0,0,0,-1,0,192.016905,5.000000,0
1317,0,0,0,0,0,-1,0,192.016905,5.000000,0
1318,0,0,0,0,0,-1,0,192.016905,5.000000,0
1319,0,0,0,0,0,-1,0,192.016905,5.000000,0
1320,0,0,0,0,0,-1,0,192.016905,5.000000,0
1321,0,0,0,0,0,-1,0,192.016905,5.000000,0
1322,0,0,0,0,0,-1,0,192.016905,5.000000,0
1323,0,0,0,0,0,-1,0,192.016905,5.000000,0
1324,0,0,0,0,0,-1,0,192.016905,5.000000,0
1325,0,0,0,0,0,-1,0,192.016905,5.000000,0
1326,0,0,0,0,0,-1,0,192.016905,5.000000,0
1327,0,0,0,0,0,-1,0,192.016905,5.000000,0
1328,0,0,0,0,0,-1,0,192.016905,5.000000,0
1329,0,0,0,0,0,-1,0,192.016905,5.000000,0
1330,0,0,0,0,0,-1,0,192.016905,5.000000,0
1331,0,0,0,0,0,-1,0,192.016905,5.000000,0
1332,0,0,0,0,0,-1,0,192.016905,5.000000,0
1333,0,0,0,0,0,-1,0,192.016905,5.000000,0
1334,0,0,0,0,0,-1,0,192.016905,5.000000,0
1335,0,0,0,0,0,-1,0,192.016905,5.000000,0
1336,0,0,0,0,0,-1,0,192.016905,5.000000,0
1337,0,0,0,0,0,-1,0,192.016905,5.000000,0
1338,0,0,0,0,0,-1,0,192.016905,5.000000,0
1339,0,0,0,0,0,-1,0,192.016905,5.000000,0
1340,0,0,0,0,0,-1,0,192.016905,5.000000,0
1341,0,0,0,0,0,-1,0,192.016905,5.000000,0
1342,0,0,0,0,0,-1,0,192.016905,5.000000,0
1343,0,0,0,0,0,-1,0,192.016905,5.000000,0
1344,0,0,0,0,0,-1,0,192.016905,5.000000,0
1345,0,0,0,0,0,-1,0,192.016905,5.000000,0
1346,0,0,0,0,0,-1,0,192.016905,5.000000,0
1347,0,0,0,0,0,-1,0,192.016905,5.000000,0
1348,0,0,0,0,0,-1,0,192.016905,5.000000,0
1349,0,0,0,0,0,-1,0,192.016905,5.000000,0
1350,0,0,0,0,0,-1,0,192.016905,5.000000,0
1351,0,0,0,0,0,-1,0,192.016905,5.000000,0
1352,0,0,0,0,0,-1,0,192.016905,5.000000,0
1353,0,0,0,0,0,-1,0,192.016905,5.000000,0
1354,0,0,0,0,0,-1,0,192.016905,5.000000,0
1355,0,0,0,0,0,-1,0,192.016905,5.000000,0
1356,0,0,0,0,0,-1,0,192.016905,5.000000,0
1357,0,0,0,0,0,-1,0,192.016905,5.000000,0
1358,0,0,0,0,0,-1,0,192.016905,5.000000,0
1359,0,0,0,0,0,-1,0,192.016905,5.000000,0
1361,0,0,0,0,0,-1,0,192.016905,5.000000,0
1368,0,0,0,0,0,-1,0,192.016905,5.000000,0
1375,0,0,0,0,0,-1,0,192.016905,5.000000,0
1377,0,0,0,0,0,-1,0,192.016905,5.000000,0
1380,0,0,0,0,0,-1,0,192.016905,5.000000,0
1386,0,0,0,0,0,-1,0,192.016905,5.000000,0
1388,0,0,0,0,0,-1,0,192.016905,5.000000,0
1393,0,0,0,0,0,-1,0,192.016905,5.000000,0
1394,0,0,0,0,0,-1,0,192.016905,5.000000,0
1404,0,0,0,0,0,-1,0,192.016905,5.000000,0
1405,0,0,0,0,0,-1,0,192.016905,5.000000,0
1412,0,0,0,0,0,-1,0,192.016905,5.000000,0
1413,0,0,0,0,0,-1,0,192.016905,5.000000,0
1416,0,0,0,0,0,-1,0,192.016905,5.000000,0
1420,0,0,0,0,0,-1,0,192.016905,5.000000,0
1423,0,0,0,0,0,-1,0,192.016905,5.000000,0
1424,0,0,0,0,0,-1,0,192.016905,5.000000,0
1426,0,0,0,0,0,-1,0,192.016905,5.000000,0
1427,0,0,0,0,0,-1,0,192.016905,5.000000,0
1428,0,0,0,0,0,-1,0,192.016905,5.000000,0
1429,0,0,0,0,0,-1,0,192.016905,5.000000,0
1430,0,0,0,0,0,-1,0,192.016905,5.000000,0
1431,0,0,0,0,0,-1,0,192.016905,5.000000,0
1432,0,0,0,0,0,-1,0,192.016905,5.000000,0
1433,0,0,0,0,0,-1,0,192.016905,5.000000,0
1434,0,0,0,0,0,-1,0,192.016905,5.000000,0
1435,0,0,0,0,0,-1,0,192.016905,5.000000,0
1436,0,0,0,0,0,-1,0,192.016905,5.000000,0
1437,0,0,0,0,0,-1,0,192.016905,5.000000,0
1438,0,0,0,0,0,-1,0,192.016905,5.000000,0
1439,0,0,0,0,0,-1,0,192.016905,5.000000,0
1440,0,0,0,0,0,-1,0,192.016905,5.000000,0
1441,0,0,0,0,0,-1,0,192.016905,5.000000,0
1442,0,0,0,0,0,-1,0,192.016905,5.000000,0
1443,0,0,0,0,0,-1,0,192.016905,5.000000,0
1444,0,0,0,0,0,-1,0,192.016905,5.000000,0
1445,0,0,0,0,0,-1,0,192.016905,5.000000,0
1446,0,0,0,0,0,-1,0,192.016905,5.000000,0
1447,0,0,0,0,0,-1,0,192.016905,5.000000,0
1448,0,0,0,0,0,-1,0,192.016905,5.000000,0
1449,0,0,0,0,0,-1,0,192.016905,5.000000,0
1450,0,0,0,0,0,-1,0,192.016905,5.000000,0
1451,0,0,0,0,0,-1,0,192.016905,5.000000,0
1452,0,0,0,0,0,-1,0,192.016905,5.000000,0
1453,0,0,0,0,0,-1,0,192.016905,5.000000,0
1454,0,0,0,0,0,-1,0,192.016905,5.000000,0
1455,0,0,0,0,0,-1,0,192.016905,5.000000,0
1456,0,0,0,0,0,-1,0,192.016905,5.000000,0
1457,0,0,0,0,0,-1,0,192.016905,5.000000,0
1458,0,0,0,0,0,-1,0,192.016905,5.000000,0
1459,0,0,0,0,0,-1,0,192.016905,5.000000,0
1460,0,0,0,0,0,-1,0,192.016905,5.000000,0
1461,0,0,0,0,0,-1,0,192.016905,5.000000,0
1462,0,0,0,0,0,-1,0,192.016905,5.000000,0
1463,0,0,0,0,0,-1,0,192.016905,5.000000,0
1464,0,0,0,0,0,-1,0,192.016905,5.000000,0
1465,0,0,0,0,0,-1,0,192.016905,5.000000,0
1466,0,0,0,0,0,-1,0,192.016905,5.000000,0
1467,0,0,0,0,0,-1,0,192.016905,5.000000,0
1468,0,0,0,0,0,-1,0,192.016905,5.000000,0
1469,0,0,0,0,0,-1,0,192.016905,5.000000,0
1470,0,0,0,0,0,-1,0,192.016905,5.000000,0
1471,0,0,0,0,0,-1,0,192.016905,5.000000,0
1472,0,0,0,0,0,-1,0,192.016905,5.000000,0
1473,0,0,0,0,0,-1,0,192.016905,5.000000,0
1474,0,0,0,0,0,-1,0,192.016905,5.000000,0
1475,0,0,0,0,0,-1,0,192.016905,5.000000,0
1476,0,0,0,0,0,-1,0,192.016905,5.000000,0
1477,0,0,0,0,0,-1,0,192.016905,5.000000,0
1478,0,0,0,0,0,-1,0,192.016905,5.000000,0
1479,0,0,0,0,0,-1,0,192.016905,5.000000,0
1480,0,0,0,0,0,-1,0,192.016905,5.000000,0
1481,0,0,0,0,0,-1,0,192.016905,5.000000,0
1482,0,0,0,0,0,-1,0,192.016905,5.000000,0
1483,0,0,0,0,0,-1,0,192.016905,5.000000,0
1484,0,0,0,0,0,-1,0,192.016905,5.000000,0
1485,0,0,0,0,0,-1,0,192.016905,5.000000,0
1486,0,0,0,0,0,-1,0,192.016905,5.000000,0
1487,0,0,0,0,0,-1,0,192.016905,5.000000,0
1488,0,0,0,0,0,-1,0,192.016905,5.000000,0
1489,0,0,0,0,0,-1,0,192.016905,5.000000,0
1490,0,0,0,0,0,-1,0,192.016905,5.000000,0
1491,0,0,0,0,0,-1,0,192.016905,5.000000,0
1492,0,0,0,0,0,-1,0,192.016905,5.000000,0
1493,0,0,0,0,0,-1,0,192.016905,5.000000,0
1494,0,0,0,0,0,-1,0,192.016905,5.000000,0
1495,0,0,0,0,0,-1,0,192.016905,5.000000,0
1496,0,0,0,0,0,-1,0,192.016905,5.000000,0
1497,0,0,0,0,0,-1,0,192.016905,5.000000,0
1498,0,0,0,0,0,-1,0,192.016905,5.000000,0
1499,0,0,0,0,0,-1,0,192.016905,5.000000,0
1500,0,0,0,0,0,-1,0,192.016905,5.000000,0
1501,0,0,0,0,0,-1,0,192.016905,5.000000,0
1502,0,0,0,0,0,-1,0,192.016905,5.000000,0
1503,0,0,0,0,0,-1,0,192.016905,5.000000,0
1504,0,0,0,0,0,-1,0,192.016905,5.000000,0
1505,0,0,0,0,0,-1,0,192.016905,5.000000,0
1506,0,0,0,0,0,-1,0,192.016905,5.000000,0
1507,0,0,0,0,0,-1,0,192.016905,5.000000,0
1508,0,0,0,0,0,-1,0,192.016905,5.000000,0
1509,0,0,0,0,0,-1,0,192.016905,5.000000,0
1510,0,0,0,0,0,-1,0,192.016905,5.000000,0
1511,0,0,0,0,0,-1,0,192.016905,5.000000,0
1512,0,0,0,0,0,-1,0,192.016905,5.000000,0
1513,0,0,0,0,0,-1,0,192.016905,5.000000,0
1514,0,0,0,0,0,-1,0,192.016905,5.000000,0
1515,0,0,0,0,0,-1,0,192.016905,5.000000,0
1516,0,0,0,0,0,-1,0,192.016905,5.000000,0
1517,0,0,0,0,0,-1,0,192.016905,5.000000,0
1518,0,0,0,0,0,-1,0,192.016905,5.000000,0
1519,0,0,0,0,0,-1,0,192.016905,5.000000,0
1520,0,0,0,0,0,-1,0,192.016905,5.000000,0
1521,0,0,0,0,0,-1,0,192.016905,5.000000,0
1522,0,0,0,0,0,-1,0,192.016905,5.000000,0
1523,0,0,0,0,0,-1,0,192.016905,5.000000,0
1524,0,0,0,0,0,-1,0,192.016905,5.000000,0
1525,0,0,0,0,0,-1,0,192.016905,5.000000,0
1526,0,0,0,0,0,-1,0,192.016905,5.000000,0
1527,0,0,0,0,0,-1,0,192.016905,5.000000,0
1528,0,0,0,0,0,-1,0,192.016905,5.000000,0
1529,0,0,0,0,0,-1,0,192.016905,5.000000,0
1530,0,0,0,0,0,-1,0,192.016905,5.000000,0
1531,0,0,0,0,0,-1,0,192.016905,5.000000,0
1532,0,0,0,0,0,-1,0,192.016905,5.000000,0
1533,0,0,0,0,0,-1,0,192.016905,5.000000,0
1534,0,0,0,0,0,-1,0,192.016905,5.000000,0
1535,0,0,0,0,0,-1,0,192.016905,5.000000,0
1536,0,0,0,0,0,-1,0,192.016905,5.000000,0
1537,0,0,0,0,0,-1,0,192.016905,5.000000,0
1538,0,0,0,0,0,-1,0,192.016905,5.000000,0
1539,0,0,0,0,0,-1,0,192.016905,5.000000,0
1540,0,0,0,0,0,-1,0,192.016905,5.000000,0
1541,0,0,0,0,0,-1,0,192.016905,5.000000,0
1542,0,0,0,0,0,-1,0,192.016905,5.000000,0
1543,0,0,0,0,0,-1,0,192.016905,5.000000,0
1544,0,0,0,0,0,-1,0,192.016905,5.000000,0
1545,0,0,0,0,0,-1,0,192.016905,5.000000,0
1546,0,0,0,0,0,-1,0,192.016905,5.000000,0
1547,0,0,0,0,0,-1,0,192.016905,5.000000,0
1548,0,0,0,0,0,-1,0,192.016905,5.000000,0
1549,0,0,0,0,0,-1,0,192.016905,5.000000,0
1550,0,0,0,0,0,-1,0,192.016905,5.000000,0
1551,0,0,0,0,0,-1,0,192.016905,5.000000,0
1552,0,0,0,0,0,-1,0,192.016905,5.000000,0
1553,0,0,0,0,0,-1,0,192.016905,5.000000,0
1554,0,0,0,0,0,-1,0,192.016905,5.000000,0
1555,0,0,0,0,0,-1,0,192.016905,5.000000,0
1556,0,0,0,0,0,-1,0,192.016905,5.000000,0
1557,0,0,0,0,0,-1,0,192.016905,5.000000,0
1558,0,0,0,0,0,-1,0,192.016905,5.000000,0
1559,0,0,0,0,0,-1,0,192.016905,5.000000,0
1560,0,0,0,0,0,-1,0,192.016905,5.000000,0
1561,0,0,0,0,0,-1,0,192.016905,5.000000,0
1562,0,0,0,0,0,-1,0,192.016905,5.000000,0
1563,0,0,0,0,0,-1,0,192.016905,5.000000,0
1564,0,0,0,0,0,-1,0,192.016905,5.000000,0
1565,0,0,0,0,0,-1,0,192.016905,5.000000,0
1566,0,0,0,0,0,-1,0,192.016905,5.000000,0
1567,0,0,0,0,0,-1,0,192.016905,5.000000,0
1568,0,0,0,0,0,-1,0,192.016905,5.000000,0
1569,0,0,0,0,0,-1,0,192.016905,5.000000,0
1570,0,0,0,0,0,-1,0,192.016905,5.000000,0
1571,0,0,0,0,0,-1,0,192.016905,5.000000,0
1572,0,0,0,0,0,-1,0,192.016905,5.000000,0
1573,0,0,0,0,0,-1,0,192.016905,5.000000,0
1574,0,0,0,0,0,-1,0,192.016905,5.000000,0
1575,0,0,0,0,0,-1,0,192.016905,5.000000,0
1576,0,0,0,0,0,-1,0,192.016905,5.000000,0
1577,0,0,0,0,0,-1,0,192.016905,5.000000,0
1578,0,0,0,0,0,-1,0,192.016905,5.000000,0
1579,0,0,0,0,0,-1,0,192.016905,5.000000,0
1580,0,0,0,0,0,-1,0,192.016905,5.000000,0
1581,0,0,0,0,0,-1,0,192.016905,5.000000,0
1582,0,0,0,0,0,-1,0,192.016905,5.000000,0
1583,0,0,0,0,0,-1,0,192.016905,5.000000,0
1584,0,0,0,0,0,-1,0,192.016905,5.000000,0
1585,0,0,0,0,0,-1,0,192.016905,5.000000,0
1586,0,0,0,0,0,-1,0,192.016905,5.000000,0
1587,0,0,0,0,0,-1,0,192.016905,5.000000,0
1588,0,0,0,0,0,-1,0,192.016905,5.000000,0
1589,0,0,0,0,0,-1,0,192.016905,5.000000,0
1590,0,0,0,0,0,-1,0,192.016905,5.000000,0
1591,0,0,0,0,0,-1,0,192.016905,5.000000,0
1592,0,0,0,0,0,-1,0,192.016905,5.000000,0
1593,0,0,0,0,0,-1,0,192.016905,5.000000,0
1594,0,0,0,0,0,-1,0,192.016905,5.000000,0
1595,0,0,0,0,0,-1,0,192.016905,5.000000,0
1596,0,0,0,0,0,-1,0,192.016905,5.000000,0
1597,0,0,0,0,0,-1,0,192.016905,5.000000,0
1598,0,0,0,0,0,-1,0,192.016905,5.000000,0
1599,0,0,0,0,0,-1,0,192.016905,5.000000,0
1600,0,0,0,0,0,-1,0,192.016905,5.000000,0
1601,0,0,0,0,0,-1,0,192.016905,5.000000,0
1602,0,0,0,0,0,-1,0,192.016905,5.000000,0
1603,0,0,0,0,0,-1,0,192.016905,5.000000,0
1604,0,0,0,0,0,-1,0,192.016905,5.000000,0
1605,0,0,0,0,0,-1,0,192.016905,5.000000,0
1606,0,0,0,0,0,-1,0,192.016905,5.000000,0
1607,0,0,0,0,0,-1,0,192.016905,5.000000,0
1608,0,0,0,0,0,-1,0,192.016905,5.000000,0
1609,0,0,0,0,0,-1,0,192.016905,5.000000,0
1610,0,0,0,0,0,-1,0,192.016905,5.000000,0
1611,0,0,0,0,0,-1,0,192.016905,5.000000,0
1612,0,0,0,0,0,-1,0,192.016905,5.000000,0
1613,0,0,0,0,0,-1,0,192.016905,5.000000,0
1614,0,0,0,0,0,-1,0,192.016905,5.000000,0
1615,0,0,0,0,0,-1,0,192.016905,5.000000,0
1616,0,0,0,0,0,-1,0,192.016905,5.000000,0
1617,0,0,0,0,0,-1,0,192.016905,5.000000,0
1618,0,0,0,0,0,-1,0,192.016905,5.000000,0
1619,0,0,0,0,0,-1,0,192.016905,5.000000,0
1620,0,0,0,0,0,-1,0,192.016905,5.000000,0
1621,0,0,0,0,0,-1,0,192.016905,5.000000,0
1622,0,0,0,0,0,-1,0,192.016905,5.000000,0
1623,0,0,0,0,0,-1,0,192.016905,5.000000,0
1624,0,0,0,0,0,-1,0,192.016905,5.000000,0
1625,0,0,0,0,0,-1,0,192.016905,5.000000,0
1626,0,0,0,0,0,-1,0,192.016905,5.000000,0
1627,0,0,0,0,0,-1,0,192.016905,5.000000,0
1628,0,0,0,0,0,-1,0,192.016905,5.000000,0
1629,0,0,0,0,0,-1,0,192.016905,5.000000,0
1630,0,0,0,0,0,-1,0,192.016905,5.000000,0
1631,0,0,0,0,0,-1,0,192.016905,5.000000,0
1632,0,0,0,0,0,-1,0,192.016905,5.000000,0
1633,0,0,0,0,0,-1,0,192.016905,5.000000,0
1634,0,0,0,0,0,-1,0,192.016905,5.000000,0
1635,0,0,0,0,0,-1,0,192.016905,5.000000,0
1636,0,0,0,0,0,-1,0,192.016905,5.000000,0
1637,0,0,0,0,0,-1,0,192.016905,5.000000,0
1638,0,0,0,0,0,-1,0,192.016905,5.000000,0
1639,0,0,0,0,0,-1,0,192.016905,5.000000,0
1640,0,0,0,0,0,-1,0,192.016905,5.000000,0
1641,0,0,0,0,0,-1,0,192.016905,5.000000,0
1642,0,0,0,0,0,-1,0,192.016905,5.000000,0
1643,0,0,0,0,0,-1,0,192.016905,5.000000,0
1644,0,0,0,0,0,-1,0,192.016905,5.000000,0
1645,0,0,0,0,0,-1,0,192.016905,5.000000,0
1646,0,0,0,0,0,-1,0,192.016905,5.000000,0
1647,0,0,0,0,0,-1,0,192.016905,5.000000,0
1648,0,0,0,0,0,-1,0,192.016905,5.000000,0
1649,0,0,0,0,0,-1,0,192.016905,5.000000,0
1650,0,0,0,0,0,-1,0,192.016905,5.000000,0
1651,0,0,0,0,0,-1,0,192.016905,5.000000,0
1652,0,0,0,0,0,-1,0,192.016905,5.000000,0
1653,0,0,0,0,0,-1,0,192.016905,5.000000,0
1654,0,0,0,0,0,-1,0,192.016905,5.000000,0
1655,0,0,0,0,0,-1,0,192.016905,5.000000,0
1656,0,0,0,0,0,-1,0,192.016905,5.000000,0
1657,0,0,0,0,0,-1,0,192.016905,5.000000,0
1658,0,0,0,0,0,-1,0,192.016905,5.000000,0
1659,0,0,0,0,0,-1,0,192.016905,5.000000,0
1660,0,0,0,0,0,-1,0,192.016905,5.000000,0
1661,0,0,0,0,0,-1,0,192.016905,5.000000,0
1662,0,0,0,0,0,-1,0,192.016905,5.000000,0
1663,0,0,0,0,0,-1,0,192.016905,5.000000,0
1664,0,0,0,0,0,-1,0,192.016905,5.000000,0
1665,0,0,0,0,0,-1,0,192.016905,5.000000,0
1666,0,0,0,0,0,-1,0,192.016905,5.000000,0
1667,0,0,0,0,0,-1,0,192.016905,5.000000,0
1668,0,0,0,0,0,-1,0,192.016905,5.000000,0
1669,0,0,0,0,0,-1,0,192.016905,5.000000,0
1670,0,0,0,0,0,-1,0,192.016905,5.000000,0
1671,0,0,0,0,0,-1,0,192.016905,5.000000,0
1672,0,0,0,0,0,-1,0,192.016905,5.000000,0
1673,0,0,0,0,0,-1,0,192.016905,5.000000,0
1674,0,0,0,0,0,-1,0,192.016905,5.000000,0
1675,0,0,0,0,0,-1,0,192.016905,5.000000,0
1676,0,0,0,0,0,-1,0,192.016905,5.000000,0
1677,0,0,0,0,0,-1,0,192.016905,5.000000,0
1678,0,0,0,0,0,-1,0,192.016905,5.000000,0
1679,0,0,0,0,0,-1,0,192.016905,5.000000,0
1680,0,0,0,0,0,-1,0,192.016905,5.000000,0
1681,0,0,0,0,0,-1,0,192.016905,5.000000,0
1682,0,0,0,0,0,-1,0,192.016905,5.000000,0
1683,0,0,0,0,0,-1,0,192.016905,5.000000,0
1684,0,0,0,0,0,-1,0,192.016905,5.000000,0
1685,0,0,0,0,0,-1,0,192.016905,5.000000,0
1686,0,0,0,0,0,-1,0,192.016905,5.000000,0
1687,0,0,0,0,0,-1,0,192.016905,5.000000,0
1688,0,0,0,0,0,-1,0,192.016905,5.000000,0
1689,0,0,0,0,0,-1,0,192.016905,5.000000,0
1690,0,0,0,0,0,-1,0,192.016905,5.000000,0
1691,0,0,0,0,0,-1,0,192.016905,5.000000,0
1692,0,0,0,0,0,-1,0,192.016905,5.000000,0
1693,0,0,0,0,0,-1,0,192.016905,5.000000,0
1694,0,0,0,0,0,-1,0,192.016905,5.000000,0
1695,0,0,0,0,0,-1,0,192.016905,5.000000,0
1696,0,0,0,0,0,-1,0,192.016905,5.000000,0
1697,0,0,0,0,0,-1,0,192.016905,5.000000,0
1698,0,0,0,0,0,-1,0,192.016905,5.000000,0
1699,0,0,0,0,0,-1,0,192.016905,5.000000,0
1700,0,0,0,0,0,-1,0,192.016905,5.000000,0
1701,0,0,0,0,0,-1,0,192.016905,5.000000,0
1702,0,0,0,0,0,-1,0,192.016905,5.000000,0
1703,0,0,0,0,0,-1,0,192.016905,5.000000,0
1704,0,0,0,0,0,-1,0,192.016905,5.000000,0
1705,0,0,0,0,0,-1,0,192.016905,5.000000,0
1706,0,0,0,0,0,-1,0,192.016905,5.000000,0
1707,0,0,0,0,0,-1,0,192.016905,5.000000,0
1708,0,0,0,0,0,-1,0,192.016905,5.000000,0
1709,0,0,0,0,0,-1,0,192.016905,5.000000,0
1710,0,0,0,0,0,-1,0,192.016905,5.000000,0
1711,0,0,0,0,0,-1,0,192.016905,5.000000,0
1712,0,0,0,0,0,-1,0,192.016905,5.000000,0
1713,0,0,0,0,0,-1,0,192.016905,5.000000,0
1714,0,0,0,0,0,-1,0,192.016905,5.000000,0
1715,0,0,0,0,0,-1,0,192.016905,5.000000,0
1716,0,0,0,0,0,-1,0,192.016905,5.000000,0
1717,0,0,0,0,0,-1,0,192.016905,5.000000,0
1718,0,0,0,0,0,-1,0,192.016905,5.000000,0
1719,0,0,0,0,0,-1,0,192.016905,5.000000,0
1720,0,0,0,0,0,-1,0,192.016905,5.000000,0
1721,0,0,0,0,0,-1,0,192.016905,5.000000,0
1722,0,0,0,0,0,-1,0,192.016905,5.000000,0
1723,0,0,0,0,0,-1,0,192.016905,5.000000,0
1724,0,0,0,0,0,-1,0,192.016905,5.000000,0
1725,0,0,0,0,0,-1,0,192.016905,5.000000,0
1726,0,0,0,0,0,-1,0,192.016905,5.000000,0
1727,0,0,0,0,0,-1,0,192.016905,5.000000,0
1728,0,0,0,0,0,-1,0,192.016905,5.000000,0
1729,0,0,0,0,0,-1,0,192.016905,5.000000,0
1730,0,0,0,0,0,-1,0,192.016905,5.000000,0
1731,0,0,0,0,0,-1,0,192.016905,5.000000,0
1732,0,0,0,0,0,-1,0,192.016905,5.000000,0
1733,0,0,0,0,0,-1,0,192.016905,5.000000,0
1734,0,0,0,0,0,-1,0,192.016905,5.000000,0
1735,0,0,0,0,0,-1,0,192.016905,5.000000,0
1736,0,0,0,0,0,-1,0,192.016905,5.000000,0
1737,0,0,0,0,0,-1,0,192.016905,5.000000,0
1738,0,0,0,0,0,-1,0,192.016905,5.000000,0
1739,0,0,0,0,0,-1,0,192.016905,5.000000,0
1740,0,0,0,0,0,-1,0,192.016905,5.000000,0
1741,0,0,0,0,0,-1,0,192.016905,5.000000,0
1742,0,0,0,0,0,-1,0,192.016905,5.000000,0
1743,0,0,0,0,0,-1,0,192.016905,5.000000,0
1744,0,0,0,0,0,-1,0,192.016905,5.000000,0
1745,0,0,0,0,0,-1,0,192.016905,5.000000,0
1746,0,0,0,0,0,-1,0,192.016905,5.000000,0
1747,0,0,0,0,0,-1,0,192.016905,5.000000,0
1748,0,0,0,0,0,-1,0,192.016905,5.000000,0
1749,0,0,0,0,0,-1,0,192.016905,5.000000,0
1750,0,0,0,0,0,-1,0,192.016905,5.000000,0
1751,0,0,0,0,0,-1,0,192.016905,5.000000,0
1752,0,0,0,0,0,-1,0,192.016905,5.000000,0
1753,0,0,0,0,0,-1,0,192.016905,5.000000,0
1754,0,0,0,0,0,-1,0,192.016905,5.000000,0
1755,0,0,0,0,0,-1,0,192.016905,5.000000,0
1756,0,0,0,0,0,-1,0,192.016905,5.000000,0
1757,0,0,0,0,0,-1,0,192.016905,5.000000,0
1758,0,0,0,0,0,-1,0,192.016905,5.000000,0
1759,0,0,0,0,0,-1,0,192.016905,5.000000,0
1760,0,0,0,0,0,-1,0,192.016905,5.000000,0
1761,0,0,0,0,0,-1,0,192.016905,5.000000,0
1762,0,0,0,0,0,-1,0,192.016905,5.000000,0
1763,0,0,0,0,0,-1,0,192.016905,5.000000,0
1764,0,0,0,0,0,-1,0,192.016905,5.000000,0
1765,0,0,0,0,0,-1,0,192.016905,5.000000,0
1766,0,0,0,0,0,-1,0,192.016905,5.000000,0
1767,0,0,0,0,0,-1,0,192.016905,5.000000,0
1768,0,0,0,0,0,-1,0,192.016905,5.000000,0
1769,0,0,0,0,0,-1,0,192.016905,5.000000,0
1770,0,0,0,0,0,-1,0,192.016905,5.000000,0
1771,0,0,0,0,0,-1,0,192.016905,5.000000,0
1772,0,0,0,0,0,-1,0,192.016905,5.000000,0
1773,0,0,0,0,0,-1,0,192.016905,5.000000,0
1774,0,0,0,0,0,-1,0,192.016905,5.000000,0
1775,0,0,0,0,0,-1,0,192.016905,5.000000,0
1776,0,0,0,0,0,-1,0,192.016905,5.000000,0
1777,0,0,0,0,0,-1,0,192.016905,5.000000,0
1778,0,0,0,0,0,-1,0,192.016905,5.000000,0
1779,0,0,0,0,0,-1,0,192.016905,5.000000,0
1780,0,0,0,0,0,-1,0,192.016905,5.000000,0
1781,0,0,0,0,0,-1,0,192.016905,5.000000,0
1782,0,0,0,0,0,-1,0,192.016905,5.000000,0
1783,0,0,0,0,0,-1,0,192.016905,5.000000,0
1784,0,0,0,0,0,-1,0,192.016905,5.000000,0
1785,0,0,0,0,0,-1,0,192.016905,5.000000,0
1786,0,0,0,0,0,-1,0,192.016905,5.000000,0
1787,0,0,0,0,0,-1,0,192.016905,5.000000,0
1788,0,0,0,0,0,-1,0,192.016905,5.000000,0
1789,0,0,0,0,0,-1,0,192.016905,5.000000,0
1790,0,0,0,0,0,-1,0,192.016905,5.000000,0
1791,0,0,0,0,0,-1,0,192.016905,5.000000,0
1792,0,0,0,0,0,-1,0,192.016905,5.000000,0
1793,0,0,0,0,0,-1,0,192.016905,5.000000,0
1794,0,0,0,0,0,-1,0,192.016905,5.000000,0
1795,0,0,0,0,0,-1,0,192.016905,5.000000,0
1796,0,0,0,0,0,-1,0,192.016905,5.000000,0
1797,0,0,0,0,0,-1,0,192.016905,5.000000,0
1798,0,0,0,0,0,-1,0,192.016905,5.000000,0
1799,0,0,0,0,0,-1,0,192.016905,5.000000,0
1800,0,0,0,0,0,-1,0,192.016905,5.000000,0
1801,0,0,0,0,0,-1,0,192.016905,5.000000,0
1802,0,0,0,0,0,-1,0,192.016905,5.000000,0
1803,0,0,0,0,0,-1,0,192.016905,5.000000,0
1804,0,0,0,0,0,-1,0,192.016905,5.000000,0
1805,0,0,0,0,0,-1,0,192.016905,5.000000,0
1806,0,0,0,0,0,-1,0,192.016905,5.000000,0
1807,0,0,0,0,0,-1,0,192.016905,5.000000,0
1808,0,0,0,0,0,-1,0,192.016905,5.000000,0
1809,0,0,0,0,0,-1,0,192.016905,5.000000,0
1810,0,0,0,0,0,-1,0,192.016905,5.000000,0
1811,0,0,0,0,0,-1,0,192.016905,5.000000,0
1812,0,0,0,0,0,-1,0,192.016905,5.000000,0
1813,0,0,0,0,0,-1,0,192.016905,5.000000,0
1814,0,0,0,0,0,-1,0,192.016905,5.000000,0
1815,0,0,0,0,0,-1,0,192.016905,5.000000,0
1816,0,0,0,0,0,-1,0,192.016905,5.000000,0
1817,0,0,0,0,0,-1,0,192.016905,5.000000,0
1818,0,0,0,0,0,-1,0,192.016905,5.000000,0
1819,0,0,0,0,0,-1,0,192.016905,5.000000,0
1820,0,0,0,0,0,-1,0,192.016905,5.000000,0
1821,0,0,0,0,0,-1,0,192.016905,5.000000,0
1822,0,0,0,0,0,-1,0,192.016905,5.000000,0
1823,0,0,0,0,0,-1,0,192.016905,5.000000,0
1824,0,0,0,0,0,-1,0,192.016905,5.000000,0
1825,0,0,0,0,0,-1,0,192.016905,5.000000,0
1826,0,0,0,0,0,-1,0,192.016905,5.000000,0
1827,0,0,0,0,0,-1,0,192.016905,5.000000,0
1828,0,0,0,0,0,-1,0,192.016905,5.000000,0
1829,0,0,0,0,0,-1,0,192.016905,5.000000,0
1830,0,0,0,0,0,-1,0,192.016905,5.000000,0
1831,0,0,0,0,0,-1,0,192.016905,5.000000,0
1832,0,0,0,0,0,-1,0,192.016905,5.000000,0
1833,0,0,0,0,0,-1,0,192.016905,5.000000,0
1834,0,0,0,0,0,-1,0,192.016905,5.000000,0
1835,0,0,0,0,0,-1,0,192.016905,5.000000,0
1836,0,0,0,0,0,-1,0,192.016905,5.000000,0
1837,0,0,0,0,0,-1,0,192.016905,5.000000,0
1838,0,0,0,0,0,-1,0,192.016905,5.000000,0
1839,0,0,0,0,0,-1,0,192.016905,5.000000,0
1840,0,0,0,0,0,-1,0,192.016905,5.000000,0
1841,0,0,0,0,0,-1,0,192.016905,5.000000,0
1842,0,0,0,0,0,-1,0,192.016905,5.000000,0
1843,0,0,0,0,0,-1,0,192.016905,5.000000,0
1844,0,0,0,0,0,-1,0,192.016905,5.000000,0
1845,0,0,0,0,0,-1,0,192.016905,5.000000,0
1846,0,0,0,0,0,-1,0,192.016905,5.000000,0
1847,0,0,0,0,0,-1,0,192.016905,5.000000,0
1848,0,0,0,0,0,-1,0,192.016905,5.000000,0
1849,0,0,0,0,0,-1,0,192.016905,5.000000,0
1850,0,0,0,0,0,-1,0,192.016905,5.000000,0
1851,0,0,0,0,0,-1,0,192.016905,5.000000,0
1852,0,0,0,0,0,-1,0,192.016905,5.000000,0
1853,0,0,0,0,0,-1,0,192.016905,5.000000,0
1854,0,0,0,0,0,-1,0,192.016905,5.000000,0
1855,0,0,0,0,0,-1,0,192.016905,5.000000,0
1856,0,0,0,0,0,-1,0,192.016905,5.000000,0
1857,0,0,0,0,0,-1,0,192.016905,5.000000,0
1858,0,0,0,0,0,-1,0,192.016905,5.000000,0
1859,0,0,0,0,0,-1,0,192.016905,5.000000,0
1860,0,0,0,0,0,-1,0,192.016905,5.000000,0
1861,0,0,0,0,0,-1,0,192.016905,5.000000,0
1862,0,0,0,0,0,-1,0,192.016905,5.000000,0
1863,0,0,0,0,0,-1,0,192.016905,5.000000,0
1864,0,0,0,0,0,-1,0,192.016905,5.000000,0
1865,0,0,0,0,0,-1,0,192.016905,5.000000,0
1866,0,0,0,0,0,-1,0,192.016905,5.000000,0
1867,0,0,0,0,0,-1,0,192.016905,5.000000,0
1868,0,0,0,0,0,-1,0,192.016905,5.000000,0
1869,0,0,0,0,0,-1,0,192.016905,5.000000,0
1870,0,0,0,0,0,-1,0,192.016905,5.000000,0
1871,0,0,0,0,0,-1,0,192.016905,5.000000,0
1872,0,0,0,0,0,-1,0,192.016905,5.000000,0
1873,0,0,0,0,0,-1,0,192.016905,5.000000,0
1874,0,0,0,0,0,-1,0,192.016905,5.000000,0
1875,0,0,0,0,0,-1,0,192.016905,5.000000,0
1876,0,0,0,0,0,-1,0,192.016905,5.000000,0
1877,0,0,0,0,0,-1,0,192.016905,5.000000,0
1878,0,0,0,0,0,-1,0,192.016905,5.000000,0
1879,0,0,0,0,0,-1,0,192.016905,5.000000,0
1880,0,0,0,0,0,-1,0,192.016905,5.000000,0
1881,0,0,0,0,0,-1,0,192.016905,5.000000,0
1882,0,0,0,0,0,-1,0,192.016905,5.000000,0
1883,0,0,0,0,0,-1,0,192.016905,5.000000,0
1884,0,0,0,0,0,-1,0,192.016905,5.000000,0
1885,0,0,0,0,0,-1,0,192.016905,5.000000,0
1886,0,0,0,0,0,-1,0,192.016905,5.000000,0
1887,0,0,0,0,0,-1,0,192.016905,5.000000,0
1888,0,0,0,0,0,-1,0,192.016905,5.000000,0
1889,0,0,0,0,0,-1,0,192.016905,5.000000,0
1890,0,0,0,0,0,-1,0,192.016905,5.000000,0
1891,0,0,0,0,0,-1,0,192.016905,5.000000,0
1892,0,0,0,0,0,-1,0,192.016905,5.000000,0
1893,0,0,0,0,0,-1,0,192.016905,5.000000,0
1894,0,0,0,0,0,-1,0,192.016905,5.000000,0
1895,0,0,0,0,0,-1,0,192.016905,5.000000,0
1896,0,0,0,0,0,-1,0,192.016905,5.000000,0
1897,0,0,0,0,0,-1,0,192.016905,5.000000,0
1898,0,0,0,0,0,-1,0,192.016905,5.000000,0
1899,0,0,0,0,0,-1,0,192.016905,5.000000,0
1900,0,0,0,0,0,-1,0,192.016905,5.000000,0
1901,0,0,0,0,0,-1,0,192.016905,5.000000,0
1902,0,0,0,0,0,-1,0,192.016905,5.000000,0
1903,0,0,0,0,0,-1,0,192.016905,5.000000,0
1904,0,0,0,0,0,-1,0,192.016905,5.000000,0
1905,0,0,0,0,0,-1,0,192.016905,5.000000,0
1906,0,0,0,0,0,-1,0,192.016905,5.000000,0
1907,0,0,0,0,0,-1,0,192.016905,5.000000,0
1908,0,0,0,0,0,-1,0,192.016905,5.000000,0
1909,0,0,0,0,0,-1,0,192.016905,5.000000,0
1910,0,0,0,0,0,-1,0,192.016905,5.000000,0
1911,0,0,0,0,0,-1,0,192.016905,5.000000,0
1912,0,0,0,0,0,-1,0,192.016905,5.000000,0
1913,0,0,0,0,0,-1,0,192.016905,5.000000,0
1914,0,0,0,0,0,-1,0,192.016905,5.000000,0
1915,0,0,0,0,0,-1,0,192.016905,5.000000,0
1916,0,0,0,0,0,-1,0,192.016905,5.000000,0
1917,0,0,0,0,0,-1,0,192.016905,5.000000,0
1918,0,0,0,0,0,-1,0,192.016905,5.000000,0
1919,0,0,0,0,0,-1,0,192.016905,5.000000,0
1920,0,0,0,0,0,-1,0,192.016905,5.000000,0
1921,0,0,0,0,0,-1,0,192.016905,5.000000,0
1922,0,0,0,0,0,-1,0,192.016905,5.000000,0
1923,0,0,0,0,0,-1,0,192.016905,5.000000,0
1924,0,0,0,0,0,-1,0,192.016905,5.000000,0
1925,0,0,0,0,0,-1,0,192.016905,5.000000,0
1926,0,0,0,0,0,-1,0,192.016905,5.000000,0
1927,0,0,0,0,0,-1,0,192.016905,5.000000,0
1928,0,0,0,0,0,-1,0,192.016905,5.000000,0
1929,0,0,0,0,0,-1,0,192.016905,5.000000,0
1930,0,0,0,0,0,-1,0,192.016905,5.000000,0
1931,0,0,0,0,0,-1,0,192.016905,5.000000,0
1932,0,0,0,0,0,-1,0,192.016905,5.000000,0
1933,0,0,0,0,0,-1,0,192.016905,5.000000,0
1934,0,0,0,0,0,-1,0,192.016905,5.000000,0
1935,0,0,0,0,0,-1,0,192.016905,5.000000,0
1936,0,0,0,0,0,-1,0,192.016905,5.000000,0
1937,0,0,0,0,0,-1,0,192.016905,5.000000,0
1938,0,0,0,0,0,-1,0,192.016905,5.000000,0
1939,0,0,0,0,0,-1,0,192.016905,5.000000,0
1940,0,0,0,0,0,-1,0,192.016905,5.000000,0
1941,0,0,0,0,0,-1,0,192.016905,5.000000,0
1942,0,0,0,0,0,-1,0,192.016905,5.000000,0
1943,0,0,0,0,0,-1,0,192.016905,5.000000,0
1944,0,0,0,0,0,-1,0,192.016905,5.000000,0
1945,0,0,0,0,0,-1,0,192.016905,5.000000,0
1946,0,0,0,0,0,-1,0,192.016905,5.000000,0
1947,0,0,0,0,0,-1,0,192.016905,5.000000,0
1948,0,0,0,0,0,-1,0,192.016905,5.000000,0
1949,0,0,0,0,0,-1,0,192.016905,5.000000,0
1950,0,0,0,0,0,-1,0,192.016905,5.000000,0
1951,0,0,0,0,0,-1,0,192.016905,5.000000,0
1952,0,0,0,0,0,-1,0,192.016905,5.000000,0
1953,0,0,0,0,0,-1,0,192.016905,5.000000,0
1954,0,0,0,0,0,-1,0,192.016905,5.000000,0
1955,0,0,0,0,0,-1,0,192.016905,5.000000,0
1956,0,0,0,0,0,-1,0,192.016905,5.000000,0
1957,0,0,0,0,0,-1,0,192.016905,5.000000,0
1958,0,0,0,0,0,-1,0,192.016905,5.000000,0
1959,0,0,0,0,0,-1,0,192.016905,5.000000,0
1960,0,0,0,0,0,-1,0,192.016905,5.000000,0
1961,0,0,0,0,0,-1,0,192.016905,5.000000,0
1962,0,0,0,0,0,-1,0,192.016905,5.000000,0
1963,0,0,0,0,0,-1,0,192.016905,5.000000,0
1964,0,0,0,0,0,-1,0,192.016905,5.000000,0
1965,0,0,0,0,0,-1,0,192.016905,5.000000,0
1966,0,0,0,0,0,-1,0,192.016905,5.000000,0
1967,0,0,0,0,0,-1,0,192.016905,5.000000,0
1968,0,0,0,0,0,-1,0,192.016905,5.000000,0
1969,0,0,0,0,0,-1,0,192.016905,5.000000,0
1970,0,0,0,0,0,-1,0,192.016905,5.000000,0
1971,0,0,0,0,0,-1,0,192.016905,5.000000,0
1972,0,0,0,0,0,-1,0,192.016905,5.000000,0
1973,0,0,0,0,0,-1,0,192.016905,5.000000,0
1974,0,0,0,0,0,-1,0,192.016905,5.000000,0
1975,0,0,0,0,0,-1,0,192.016905,5.000000,0
1976,0,0,0,0,0,-1,0,192.016905,5.000000,0
1977,0,0,0,0,0,-1,0,192.016905,5.000000,0
1978,0,0,0,0,0,-1,0,192.016905,5.000000,0
1979,0,0,0,0,0,-1,0,192.016905,5.000000,0
1980,0,0,0,0,0,-1,0,192.016905,5.000000,0
1981,0,0,0,0,0,-1,0,192.016905,5.000000,0
1982,0,0,0,0,0,-1,0,192.016905,5.000000,0
1983,0,0,0,0,0,-1,0,192.016905,5.000000,0
1984,0,0,0,0,0,-1,0,192.016905,5.000000,0
1985,0,0,0,0,0,-1,0,192.016905,5.000000,0
1986,0,0,0,0,0,-1,0,192.016905,5.000000,0
1987,0,0,0,0,0,-1,0,192.016905,5.000000,0
1988,0,0,0,0,0,-1,0,192.016905,5.000000,0
1989,0,0,0,0,0,-1,0,192.016905,5.000000,0
1990,0,0,0,0,0,-1,0,192.016905,5.000000,0
1991,0,0,0,0,0,-1,0,192.016905,5.000000,0
1992,0,0,0,0,0,-1,0,192.016905,5.000000,0
1993,0,0,0,0,0,-1,0,192.016905,5.000000,0
1994,0,0,0,0,0,-1,0,192.016905,5.000000,0
1995,0,0,0,0,0,-1,0,192.016905,5.000000,0
1996,0,0,0,0,0,-1,0,192.016905,5.000000,0
1997,0,0,0,0,0,-1,0,192.016905,5.000000,0
1998,0,0,0,0,0,-1,0,192.016905,5.000000,0
1999,0,0,0,0,0,-1,0,192.016905,5.000000,0
2000,0,0,0,0,0,-1,0,192.016905,5.000000,0
