frameNumber,components,mse,sizeBytes,genTime,recvTime,delay_ms,receivedOnTime,effectiveError,deadline_ms,cqi
0,125,2.98487,30008,0.022619003,0.025000000,2.380997,1,2.984867,5.000000,14
1,125,2.416644,30008,0.041683955,0.047000000,5.316045,0,10.219905,5.000000,14
2,125,2.184594,30008,0.063196367,0.065500000,2.303633,1,2.184594,5.000000,14
3,125,2.397018,30008,0.081696711,0.084000000,2.303289,1,2.397018,5.000000,14
4,125,2.116465,30008,0.100099546,0.105500000,5.400454,0,10.219905,5.000000,14
5,125,2.041689,30008,0.119253058,0.122500000,3.246942,1,2.041689,5.000000,14
6,125,2.249651,30008,0.139391697,0.144500000,5.108303,0,10.219905,5.000000,14
7,125,1.967235,30008,0.162229272,0.165500000,3.270728,1,1.967235,5.000000,14
8,125,1.981164,30008,0.181376255,0.183500000,2.123745,1,1.981164,5.000000,14
9,125,2.174576,30008,0.200013947,0.206000000,5.986053,0,10.219905,5.000000,14
10,125,1.911718,30008,0.220991806,0.224500000,3.508194,1,1.911718,5.000000,14
11,125,1.937472,30008,0.241785451,0.244000000,2.214549,1,1.937472,5.000000,14
12,125,2.366167,30008,0.262500938,0.265000000,2.499062,1,2.366167,5.000000,14
13,125,1.942431,30008,0.281143796,0.283500000,2.356204,1,1.942431,5.000000,14
14,125,1.768822,30008,0.302124827,0.307500000,5.375173,0,10.219905,5.000000,14
15,125,1.933115,30008,0.323408163,0.325500000,2.091837,1,1.933115,5.000000,14
16,125,1.614701,30008,0.342428654,0.344500000,2.071346,1,1.614701,5.000000,14
17,125,1.283320,30008,0.361592373,0.364000000,2.407627,1,1.283320,5.000000,14
19,125,1.228560,30008,0.381600869,0.387000000,5.399131,0,10.219905,5.000000,14
20,125,1.338315,30008,0.401391893,0.409500000,8.108107,0,10.219905,5.000000,14
21,125,1.521614,30008,0.421548871,0.424000000,2.451129,1,1.521614,5.000000,14
22,125,1.243210,30008,0.443482848,0.446000000,2.517152,1,1.243210,5.000000,14
24,125,1.102722,30008,0.463482404,0.466000000,2.517596,1,1.102722,5.000000,14
26,125,1.213096,30008,0.484253180,0.487000000,2.746820,1,1.213096,5.000000,14
27,125,1.468068,30008,0.502690667,0.508500000,5.809333,0,10.219905,5.000000,14
28,125,1.474697,30008,0.522285806,0.524500000,2.214194,1,1.474697,5.000000,14
31,125,0.621884,30008,0.543076834,0.545500000,2.423166,1,0.621884,5.000000,14
32,125,0.532125,30008,0.563301932,0.565500000,2.198068,1,0.532125,5.000000,14
33,125,0.528473,30008,0.582019780,0.584500000,2.480220,1,0.528473,5.000000,14
34,125,0.469711,30008,0.600576623,0.603000000,2.423377,1,0.469711,5.000000,14
35,125,0.452329,30008,0.622900910,0.628000000,5.099090,0,10.219905,5.000000,14
36,125,0.465420,30008,0.642689413,0.645000000,2.310587,1,0.465420,5.000000,14
37,125,0.437734,30008,0.661135586,0.663500000,2.364414,1,0.437734,5.000000,14
38,125,0.413346,30008,0.680474137,0.683000000,2.525863,1,0.413346,5.000000,14
39,125,0.442532,30008,0.698708974,0.701000000,2.291026,1,0.442532,5.000000,14
40,125,0.375946,30008,0.716940917,0.725500000,8.559083,0,10.219905,5.000000,14
41,125,0.330318,30008,0.736788736,0.739000000,2.211264,1,0.330318,5.000000,14
42,125,0.340514,30008,0.757777047,0.760000000,2.222953,1,0.340514,5.000000,14
45,125,0.265019,30008,0.777606229,0.780000000,2.393771,1,0.265019,5.000000,14
46,125,0.234934,30008,0.798784677,0.801000000,2.215323,1,0.234934,5.000000,14
47,125,0.222121,30008,0.819944011,0.823000000,3.055989,1,0.222121,5.000000,14
50,125,0.231711,30008,0.842599671,0.845000000,2.400329,1,0.231711,5.000000,14
52,125,0.205893,30008,0.861617835,0.864000000,2.382165,1,0.205893,5.000000,14
53,125,0.224063,30008,0.882716495,0.885000000,2.283505,1,0.224063,5.000000,14
54,125,0.243174,30008,0.901532659,0.905000000,3.467341,1,0.243174,5.000000,14
55,125,0.214221,30008,0.920906639,0.923000000,2.093361,1,0.214221,5.000000,14
58,125,0.210893,30008,0.939966739,0.942500000,2.533261,1,0.210893,5.000000,14
59,125,0.205176,30008,0.961583932,0.964000000,2.416068,1,0.205176,5.000000,14
60,125,0.257561,30008,0.980813133,0.983000000,2.186867,1,0.257561,5.000000,14
61,125,0.227772,30008,1.001809464,1.004000000,2.190536,1,0.227772,5.000000,14
62,125,0.231864,30008,1.021783023,1.024000000,2.216977,1,0.231864,5.000000,14
63,125,0.262396,30008,1.042159622,1.044500000,2.340378,1,0.262396,5.000000,14
64,125,0.238386,30008,1.064326697,1.066500000,2.173303,1,0.238386,5.000000,14
66,125,0.261197,30008,1.087196778,1.089500000,2.303222,1,0.261197,5.000000,14
68,125,0.237505,30008,1.109146482,1.114500000,5.353518,0,10.219905,5.000000,14
71,125,0.254811,30008,1.130047627,1.132500000,2.452373,1,0.254811,5.000000,14
72,125,0.277045,30008,1.150101501,1.152500000,2.398499,1,0.277045,5.000000,14
74,125,0.285711,30008,1.168603790,1.171000000,2.396210,1,0.285711,5.000000,14
75,125,0.303771,30008,1.186840563,1.189000000,2.159437,1,0.303771,5.000000,14
77,125,0.324401,30008,1.207477578,1.213000000,5.522422,0,10.219905,5.000000,14
78,125,0.349549,30008,1.228633024,1.231000000,2.366976,1,0.349549,5.000000,14
79,125,0.324844,30008,1.250207591,1.252500000,2.292409,1,0.324844,5.000000,14
80,125,0.342831,30008,1.271382789,1.274500000,3.117211,1,0.342831,5.000000,14
81,125,0.381890,30008,1.292443838,1.294500000,2.056162,1,0.381890,5.000000,14
82,125,0.354422,30008,1.311860246,1.314000000,2.139754,1,0.354422,5.000000,14
83,125,0.368190,30008,1.331180817,1.333500000,2.319183,1,0.368190,5.000000,14
85,125,0.407063,30008,1.350488546,1.353500000,3.011454,1,0.407063,5.000000,14
86,125,0.403504,30008,1.372238265,1.374500000,2.261735,1,0.403504,5.000000,14
87,125,0.437800,30008,1.391333372,1.394500000,3.166628,1,0.437800,5.000000,14
88,125,0.433712,30008,1.413676314,1.416000000,2.323686,1,0.433712,5.000000,14
89,125,0.415449,30008,1.432617255,1.438500000,5.882745,0,10.219905,5.000000,14
90,125,0.438100,30008,1.452521496,1.455000000,2.478504,1,0.438100,5.000000,14
91,125,0.394824,30008,1.473427635,1.475500000,2.072365,1,0.394824,5.000000,14
92,125,0.412137,30008,1.493059348,1.495500000,2.440652,1,0.412137,5.000000,14
94,125,0.388329,30008,1.513234376,1.515500000,2.265624,1,0.388329,5.000000,14
95,125,0.394084,30008,1.534549235,1.540000000,5.450765,0,10.219905,5.000000,14
97,125,0.387533,30008,1.556086465,1.558500000,2.413535,1,0.387533,5.000000,14
98,125,0.380210,30008,1.575153054,1.577500000,2.346946,1,0.380210,5.000000,14
101,125,0.396505,30008,1.594053298,1.597000000,2.946702,1,0.396505,5.000000,14
102,125,0.430485,30008,1.612351266,1.617500000,5.148734,0,10.219905,5.000000,14
103,125,0.410271,30008,1.633188498,1.635500000,2.311502,1,0.410271,5.000000,14
104,125,0.414520,30008,1.654352301,1.656500000,2.147699,1,0.414520,5.000000,14
105,125,0.446158,30008,1.673122808,1.675500000,2.377192,1,0.446158,5.000000,14
106,125,0.420638,30008,1.692011571,1.694500000,2.488429,1,0.420638,5.000000,14
107,125,0.421279,30008,1.711660073,1.717000000,5.339927,0,10.219905,5.000000,14
108,125,0.477519,30008,1.731451088,1.733500000,2.048912,1,0.477519,5.000000,14
110,125,0.417445,30008,1.749986708,1.752500000,2.513292,1,0.417445,5.000000,14
112,125,0.403230,30008,1.768264017,1.770500000,2.235983,1,0.403230,5.000000,14
113,125,0.408048,30008,1.787532140,1.790000000,2.467860,1,0.408048,5.000000,14
114,125,0.466535,30008,1.806253971,1.811500000,5.246029,0,10.219905,5.000000,14
115,125,0.401130,30008,1.826252221,1.829000000,2.747779,1,0.401130,5.000000,14
116,125,0.394049,30008,1.846216570,1.848500000,2.283430,1,0.394049,5.000000,14
117,125,0.433890,30008,1.867236425,1.869500000,2.263575,1,0.433890,5.000000,14
119,125,0.293876,30008,1.887148451,1.889500000,2.351549,1,0.293876,5.000000,14
121,125,0.283882,30008,1.906846213,1.909000000,2.153787,1,0.283882,5.000000,14
122,125,0.266344,30008,1.929437242,1.934500000,5.062758,0,10.219905,5.000000,14
125,125,0.283015,30008,1.949372581,1.951500000,2.127419,1,0.283015,5.000000,14
126,125,0.322826,30008,1.967762343,1.970000000,2.237657,1,0.322826,5.000000,14
127,125,0.308460,30008,1.987402754,1.989500000,2.097246,1,0.308460,5.000000,14
129,125,0.327803,30008,2.008698926,2.011000000,2.301074,1,0.327803,5.000000,14
130,125,0.312375,30008,2.031557251,2.034000000,2.442749,1,0.312375,5.000000,14
131,125,0.325672,30008,2.052747824,2.055000000,2.252176,1,0.325672,5.000000,14
132,125,0.373147,30008,2.072339288,2.074500000,2.160712,1,0.373147,5.000000,14
133,125,0.335345,30008,2.090970083,2.094000000,3.029917,1,0.335345,5.000000,14
136,125,0.339945,30008,2.112466416,2.115000000,2.533584,1,0.339945,5.000000,14
137,125,0.370361,30008,2.130882804,2.133000000,2.117196,1,0.370361,5.000000,14
138,125,0.413125,30008,2.152265627,2.154500000,2.234373,1,0.413125,5.000000,14
139,125,0.394395,30008,2.172570845,2.175500000,2.929155,1,0.394395,5.000000,14
140,125,0.418965,30008,2.192897344,2.195000000,2.102656,1,0.418965,5.000000,14
142,125,0.427879,30008,2.214907279,2.217500000,2.592721,1,0.427879,5.000000,14
143,125,0.444445,30008,2.233779238,2.236000000,2.220762,1,0.444445,5.000000,14
144,125,0.488508,30008,2.253026473,2.256500000,3.473527,1,0.488508,5.000000,14
145,125,0.443254,30008,2.274612793,2.277000000,2.387207,1,0.443254,5.000000,14
146,125,0.434381,30008,2.292908502,2.295000000,2.091498,1,0.434381,5.000000,14
147,125,0.486060,30008,2.312245884,2.315500000,3.254116,1,0.486060,5.000000,14
148,125,0.438669,30008,2.333537527,2.336000000,2.462473,1,0.438669,5.000000,14
150,125,0.482152,30008,2.355191598,2.357500000,2.308402,1,0.482152,5.000000,14
152,125,0.464347,30008,2.374000481,2.376500000,2.499519,1,0.464347,5.000000,14
153,125,0.496569,30008,2.392679069,2.395000000,2.320931,1,0.496569,5.000000,14
154,125,0.463985,30008,2.412385542,2.417500000,5.114458,0,10.219905,5.000000,14
155,125,0.461237,30008,2.431796200,2.434500000,2.703800,1,0.461237,5.000000,14
156,125,0.548325,30008,2.451280867,2.453500000,2.219133,1,0.548325,5.000000,14
159,125,0.513773,30008,2.470701131,2.473000000,2.298869,1,0.513773,5.000000,14
160,125,0.463380,30008,2.489072707,2.491500000,2.427293,1,0.463380,5.000000,14
161,125,0.444778,30008,2.511931352,2.514000000,2.068648,1,0.444778,5.000000,14
162,125,0.467528,30008,2.531432302,2.534500000,3.067698,1,0.467528,5.000000,14
164,125,0.391455,30008,2.551571004,2.554000000,2.428996,1,0.391455,5.000000,14
165,125,0.451713,30008,2.571344874,2.574500000,3.155126,1,0.451713,5.000000,14
167,125,0.346449,30008,2.590798141,2.593000000,2.201859,1,0.346449,5.000000,14
169,125,0.341092,30008,2.610640326,2.613500000,2.859674,1,0.341092,5.000000,14
171,125,0.329163,30008,2.633444028,2.635500000,2.055972,1,0.329163,5.000000,14
172,125,0.334162,30008,2.655093590,2.657500000,2.406410,1,0.334162,5.000000,14
176,125,0.226774,30008,2.673925658,2.676000000,2.074342,1,0.226774,5.000000,14
180,125,0.288209,30008,2.692535255,2.695000000,2.464745,1,0.288209,5.000000,14
181,125,0.243996,30008,2.711865006,2.714000000,2.134994,1,0.243996,5.000000,14
182,125,0.247710,30008,2.730442640,2.732500000,2.057360,1,0.247710,5.000000,14
183,125,0.286938,30008,2.750701694,2.753000000,2.298306,1,0.286938,5.000000,14
186,125,0.280698,30008,2.771285248,2.773500000,2.214752,1,0.280698,5.000000,14
187,125,0.245868,30008,2.790399016,2.792500000,2.100984,1,0.245868,5.000000,14
189,125,0.278802,30008,2.810569260,2.816000000,5.430740,0,10.219905,5.000000,14
190,125,0.260841,30008,2.831866548,2.834000000,2.133452,1,0.260841,5.000000,14
191,125,0.268569,30008,2.852448810,2.854500000,2.051190,1,0.268569,5.000000,14
193,125,0.267815,30008,2.875484707,2.878000000,2.515293,1,0.267815,5.000000,14
195,125,0.280810,30008,2.894370307,2.896500000,2.129693,1,0.280810,5.000000,14
197,125,0.300313,30008,2.912628238,2.918000000,5.371762,0,10.219905,5.000000,14
198,125,0.288109,30008,2.931183241,2.933500000,2.316759,1,0.288109,5.000000,14
200,125,2.416844,30008,2.950613085,2.954000000,3.386915,1,2.416844,5.000000,14
201,125,1.845558,30008,2.969334396,2.971500000,2.165604,1,1.845558,5.000000,14
202,125,1.708031,30008,2.988739461,2.991500000,2.760539,1,1.708031,5.000000,14
204,125,1.840568,30008,3.007414283,3.012500000,5.085717,0,10.219905,5.000000,14
205,125,1.553617,30008,3.026275100,3.028500000,2.224900,1,1.553617,5.000000,14
206,125,1.703444,30008,3.046278404,3.048500000,2.221596,1,1.703444,5.000000,14
207,125,1.399697,30008,3.068353382,3.070500000,2.146618,1,1.399697,5.000000,14
209,125,1.221134,30008,3.087069010,3.089500000,2.430990,1,1.221134,5.000000,14
213,125,1.135835,30008,3.109044854,3.117500000,8.455146,0,10.219905,5.000000,14
214,125,1.262348,30008,3.130418463,3.132500000,2.081537,1,1.262348,5.000000,14
215,125,1.492532,30008,3.148799091,3.151000000,2.200909,1,1.492532,5.000000,14
216,125,1.294273,30008,3.169342781,3.174500000,5.157219,0,10.219905,5.000000,14
217,125,1.160749,30008,3.188509051,3.192000000,3.490949,1,1.160749,5.000000,14
222,125,1.387771,30008,3.207202994,3.212500000,5.297006,0,10.219905,5.000000,14
223,125,1.459229,30008,3.225549558,3.228000000,2.450442,1,1.459229,5.000000,14
224,125,1.747485,30008,3.245718007,3.248000000,2.281993,1,1.747485,5.000000,14
225,125,1.529570,30008,3.264267511,3.266500000,2.232489,1,1.529570,5.000000,14
226,125,1.414535,30008,3.283255768,3.285500000,2.244232,1,1.414535,5.000000,14
227,125,1.557402,30008,3.304226771,3.309500000,5.273229,0,10.219905,5.000000,14
228,125,1.256462,30008,3.323777729,3.326000000,2.222271,1,1.256462,5.000000,14
232,125,0.338547,30008,3.342835176,3.346000000,3.164824,1,0.338547,5.000000,14
234,125,0.266016,30008,3.362623706,3.365000000,2.376294,1,0.266016,5.000000,14
235,125,0.242326,30008,3.384279732,3.386500000,2.220268,1,0.242326,5.000000,14
236,125,0.268203,30008,3.403898855,3.406000000,2.101145,1,0.268203,5.000000,14
238,125,0.201733,30008,3.424779572,3.430000000,5.220428,0,10.219905,5.000000,14
241,125,0.178799,30008,3.444059221,3.446500000,2.440779,1,0.178799,5.000000,14
242,125,0.211789,30008,3.463744204,3.466500000,2.755796,1,0.211789,5.000000,14
243,125,0.183439,30008,3.483521509,3.486000000,2.478491,1,0.183439,5.000000,14
244,125,0.170072,30008,3.501790649,3.507000000,5.209351,0,10.219905,5.000000,14
245,125,0.186241,30008,3.522004777,3.524500000,2.495223,1,0.186241,5.000000,14
248,125,0.189822,30008,3.541703858,3.544000000,2.296142,1,0.189822,5.000000,14
249,125,0.180919,30008,3.560596363,3.563000000,2.403637,1,0.180919,5.000000,14
250,125,0.182378,30008,3.583415428,3.586000000,2.584572,1,0.182378,5.000000,14
253,125,0.191020,30008,3.604719798,3.613500000,8.780202,0,10.219905,5.000000,14
255,125,0.189563,30008,3.625055487,3.627500000,2.444513,1,0.189563,5.000000,14
256,125,0.197937,30008,3.645135789,3.647500000,2.364211,1,0.197937,5.000000,14
258,125,0.216653,30008,3.663657239,3.669500000,5.842761,0,10.219905,5.000000,14
260,125,0.252437,30008,3.681975938,3.684500000,2.524062,1,0.252437,5.000000,14
262,125,0.262629,30008,3.702827279,3.708000000,5.172721,0,10.219905,5.000000,14
263,125,0.286744,30008,3.721449218,3.723500000,2.050782,1,0.286744,5.000000,14
264,125,0.270230,30008,3.741930179,3.744000000,2.069821,1,0.270230,5.000000,14
265,125,0.276128,30008,3.763613507,3.769000000,5.386493,0,10.219905,5.000000,14
267,125,0.299922,30008,3.784662984,3.787000000,2.337016,1,0.299922,5.000000,14
268,125,0.343089,30008,3.804492029,3.810000000,5.507971,0,10.219905,5.000000,14
269,125,0.369968,30008,3.822790863,3.825000000,2.209137,1,0.369968,5.000000,14
270,125,0.334626,30008,3.843648329,3.847000000,3.351671,1,0.334626,5.000000,14
271,125,0.331207,30008,3.863586586,3.866000000,2.413414,1,0.331207,5.000000,14
272,125,0.372090,30008,3.883335081,3.885500000,2.164919,1,0.372090,5.000000,14
273,125,0.329158,30008,3.902600543,3.908500000,5.899457,0,10.219905,5.000000,14
274,125,0.342051,30008,3.922710341,3.925000000,2.289659,1,0.342051,5.000000,14
276,125,0.321054,30008,3.942098912,3.944500000,2.401088,1,0.321054,5.000000,14
277,125,0.311642,30008,3.960798960,3.963000000,2.201040,1,0.311642,5.000000,14
280,125,0.284009,30008,3.979366162,3.981500000,2.133838,1,0.284009,5.000000,14
284,125,0.449123,30008,3.999759715,4.005000000,5.240285,0,10.219905,5.000000,14
285,125,0.444129,30008,4.019011090,4.022000000,2.988910,1,0.444129,5.000000,14
287,125,0.807852,30008,4.037752872,4.040000000,2.247128,1,0.807852,5.000000,14
288,125,0.645872,30008,4.056354195,4.058500000,2.145805,1,0.645872,5.000000,14
292,125,0.626221,30008,4.075666175,4.078000000,2.333825,1,0.626221,5.000000,14
293,125,1.011689,30008,4.096762333,4.099000000,2.237667,1,1.011689,5.000000,14
294,125,0.954237,30008,4.115335543,4.121000000,5.664457,0,10.219905,5.000000,14
295,125,1.041452,30008,4.134629816,4.137000000,2.370184,1,1.041452,5.000000,14
300,125,1.033189,30008,4.153866473,4.156000000,2.133527,1,1.033189,5.000000,14
301,125,1.601306,30008,4.172591963,4.175000000,2.408037,1,1.601306,5.000000,14
302,125,1.413647,30008,4.192873911,4.195500000,2.626089,1,1.413647,5.000000,14
304,125,1.175631,30008,4.212645208,4.218500000,5.854792,0,10.219905,5.000000,14
305,125,1.628581,30008,4.232360018,4.234500000,2.139982,1,1.628581,5.000000,14
306,125,1.405128,30008,4.254145694,4.259500000,5.354306,0,10.219905,5.000000,14
308,125,1.887331,30008,4.274588696,4.277000000,2.411304,1,1.887331,5.000000,14
309,125,1.449094,30008,4.293847782,4.296000000,2.152218,1,1.449094,5.000000,14
310,125,2.370691,30008,4.312858438,4.318000000,5.141562,0,10.219905,5.000000,14
311,125,2.429558,30008,4.331624037,4.334500000,2.875963,1,2.429558,5.000000,14
312,125,1.729744,30008,4.352841170,4.356000000,3.158830,1,1.729744,5.000000,14
313,125,1.875905,30008,4.372702400,4.375000000,2.297600,1,1.875905,5.000000,14
314,125,1.873343,30008,4.391585431,4.395000000,3.414569,1,1.873343,5.000000,14
316,125,1.099062,30008,4.412332259,4.418000000,5.667741,0,10.219905,5.000000,14
317,125,1.313854,30008,4.432097782,4.434500000,2.402218,1,1.313854,5.000000,14
319,125,0.945217,30008,4.451353601,4.453500000,2.146399,1,0.945217,5.000000,14
320,125,1.770321,30008,4.472440634,4.474500000,2.059366,1,1.770321,5.000000,14
323,125,1.278406,30008,4.491498153,4.494000000,2.501847,1,1.278406,5.000000,14
325,125,1.615445,30008,4.511747562,4.517500000,5.752438,0,10.219905,5.000000,14
326,125,1.574142,30008,4.532070856,4.534500000,2.429144,1,1.574142,5.000000,14
327,125,1.492388,30008,4.550408910,4.552500000,2.091090,1,1.492388,5.000000,14
328,125,1.346749,30008,4.568950363,4.571000000,2.049637,1,1.346749,5.000000,14
329,125,1.328250,30008,4.587416265,4.589500000,2.083735,1,1.328250,5.000000,14
330,125,1.252810,30008,4.606744455,4.612000000,5.255545,0,10.219905,5.000000,14
333,125,1.196254,30008,4.627166844,4.629500000,2.333156,1,1.196254,5.000000,14
334,125,1.176184,30008,4.649403347,4.651500000,2.096653,1,1.176184,5.000000,14
335,125,1.149259,30008,4.669835279,4.672000000,2.164721,1,1.149259,5.000000,14
336,125,1.027730,30008,4.688351747,4.690500000,2.148253,1,1.027730,5.000000,14
337,125,0.857599,30008,4.708566033,4.714000000,5.433967,0,10.219905,5.000000,14
338,125,0.866838,30008,4.727027557,4.729500000,2.472443,1,0.866838,5.000000,14
339,125,0.743685,30008,4.746477932,4.749500000,3.022068,1,0.743685,5.000000,14
341,125,0.581081,30008,4.765109990,4.767500000,2.390010,1,0.581081,5.000000,14
343,125,0.598920,30008,4.784979331,4.788000000,3.020669,1,0.598920,5.000000,14
345,125,0.657696,30008,4.804363515,4.809500000,5.136485,0,10.219905,5.000000,14
346,125,0.569140,30008,4.824478951,4.827000000,2.521049,1,0.569140,5.000000,14
348,125,0.652139,30008,4.843552356,4.846000000,2.447644,1,0.652139,5.000000,14
349,125,0.603950,30008,4.862266562,4.864500000,2.233438,1,0.603950,5.000000,14
351,125,0.541114,30008,4.883184215,4.885500000,2.315785,1,0.541114,5.000000,14
352,125,0.525355,30008,4.902951666,4.908000000,5.048334,0,10.219905,5.000000,14
355,125,0.600861,30008,4.921604708,4.924000000,2.395292,1,0.600861,5.000000,14
356,125,0.767517,30008,4.942401776,4.944500000,2.098224,1,0.767517,5.000000,14
357,125,0.675086,30008,4.961685293,4.964000000,2.314707,1,0.675086,5.000000,14
358,125,0.653983,30008,4.981846561,4.984000000,2.153439,1,0.653983,5.000000,14
359,125,0.718503,30008,5.003559279,5.009500000,5.940721,0,10.219905,5.000000,14
362,125,0.718282,30008,5.024301526,5.026500000,2.198474,1,0.718282,5.000000,14
363,125,0.626866,30008,5.043830235,5.046000000,2.169765,1,0.626866,5.000000,14
364,125,0.601692,30008,5.064750099,5.067000000,2.249901,1,0.601692,5.000000,14
365,125,0.612495,30008,5.085231590,5.087500000,2.268410,1,0.612495,5.000000,14
369,125,0.943983,30008,5.104329115,5.113000000,8.670885,0,10.219905,5.000000,14
370,125,0.792170,30008,5.123988211,5.126500000,2.511789,1,0.792170,5.000000,14
371,125,0.895237,30008,5.144829330,5.147000000,2.170670,1,0.895237,5.000000,14
372,125,0.757211,30008,5.163505583,5.166000000,2.494417,1,0.757211,5.000000,14
373,125,0.658125,30008,5.182356567,5.185500000,3.143433,1,0.658125,5.000000,14
375,125,0.624541,30008,5.200771460,5.206000000,5.228540,0,10.219905,5.000000,14
376,125,0.702557,30008,5.219707229,5.222000000,2.292771,1,0.702557,5.000000,14
377,125,0.766569,30008,5.238901015,5.241000000,2.098985,1,0.766569,5.000000,14
378,125,0.746616,30008,5.257552686,5.260000000,2.447314,1,0.746616,5.000000,14
379,125,0.786696,30008,5.277229529,5.279500000,2.270471,1,0.786696,5.000000,14
380,125,0.735254,30008,5.296916716,5.299000000,2.083284,1,0.735254,5.000000,14
381,125,0.686772,30008,5.317043168,5.322500000,5.456832,0,10.219905,5.000000,14
382,125,0.703433,30008,5.335387383,5.337500000,2.112617,1,0.703433,5.000000,14
384,125,0.646639,30008,5.355279121,5.357500000,2.220879,1,0.646639,5.000000,14
385,125,0.654017,30008,5.374581225,5.377000000,2.418775,1,0.654017,5.000000,14
386,125,0.710680,30008,5.394074885,5.397500000,3.425115,1,0.710680,5.000000,14
388,125,0.804035,30008,5.416477846,5.422000000,5.522154,0,10.219905,5.000000,14
389,125,0.689765,30008,5.438634103,5.441500000,2.865897,1,0.689765,5.000000,14
390,125,0.669488,30008,5.460250573,5.462500000,2.249427,1,0.669488,5.000000,14
391,125,0.735904,30008,5.481995123,5.484500000,2.504877,1,0.735904,5.000000,14
392,125,0.741025,30008,5.502107471,5.507500000,5.392529,0,10.219905,5.000000,14
394,125,0.863998,30008,5.520593337,5.523000000,2.406663,1,0.863998,5.000000,14
395,125,0.847272,30008,5.539874038,5.542000000,2.125962,1,0.847272,5.000000,14
396,125,0.795628,30008,5.561976748,5.565000000,3.023252,1,0.795628,5.000000,14
397,125,0.847335,30008,5.582417797,5.585000000,2.582203,1,0.847335,5.000000,14
398,125,0.841231,30008,5.601353082,5.608000000,6.646918,0,10.219905,5.000000,14
399,125,0.844162,30008,5.621542981,5.627000000,5.457019,0,10.219905,5.000000,14
400,125,2.469468,30008,5.640454099,5.642500000,2.045901,1,2.469468,5.000000,14
401,125,1.837290,30008,5.659009106,5.661500000,2.490894,1,1.837290,5.000000,14
403,125,1.747471,30008,5.677354378,5.682500000,5.145622,0,10.219905,5.000000,14
404,125,1.475621,30008,5.698124909,5.700500000,2.375091,1,1.475621,5.000000,14
405,125,1.154647,30008,5.717255194,5.722500000,5.244806,0,10.219905,5.000000,14
409,125,1.644522,30008,5.737892229,5.740000000,2.107771,1,1.644522,5.000000,14
412,125,1.664651,30008,5.756225169,5.759000000,2.774831,1,1.664651,5.000000,14
413,125,1.433197,30008,5.776067201,5.778500000,2.432799,1,1.433197,5.000000,14
415,125,1.251518,30008,5.795803530,5.798000000,2.196470,1,1.251518,5.000000,14
417,125,1.292591,30008,5.815656898,5.821000000,5.343102,0,10.219905,5.000000,14
418,125,1.540375,30008,5.834493848,5.837000000,2.506152,1,1.540375,5.000000,14
419,125,1.304252,30008,5.855329070,5.857500000,2.170930,1,1.304252,5.000000,14
421,125,1.395445,30008,5.875010415,5.877500000,2.489585,1,1.395445,5.000000,14
424,125,1.750197,30008,5.893859646,5.896000000,2.140354,1,1.750197,5.000000,14
425,125,2.179276,30008,5.912790129,5.921000000,8.209871,0,10.219905,5.000000,14
427,125,1.798298,30008,5.931730578,5.934000000,2.269422,1,1.798298,5.000000,14
428,125,1.599013,30008,5.950131710,5.952500000,2.368290,1,1.599013,5.000000,14
429,125,1.321733,30008,5.969812311,5.972000000,2.187689,1,1.321733,5.000000,14
431,125,1.239557,30008,5.990579461,5.993000000,2.420539,1,1.239557,5.000000,14
434,125,0.910019,30008,6.010984679,6.013500000,2.515321,1,0.910019,5.000000,14
437,125,1.497932,30008,6.031222734,6.033500000,2.277266,1,1.497932,5.000000,14
439,125,1.416825,30008,6.050286769,6.052500000,2.213231,1,1.416825,5.000000,14
441,125,0.962252,30008,6.070869869,6.073000000,2.130131,1,0.962252,5.000000,14
442,125,0.961348,30008,6.089172291,6.092500000,3.327709,1,0.961348,5.000000,14
444,125,1.279374,30008,6.107533392,6.111000000,3.466608,1,1.279374,5.000000,14
446,125,2.032802,30008,6.126793799,6.129500000,2.706201,1,2.032802,5.000000,14
447,125,2.179314,30008,6.146321305,6.148500000,2.178695,1,2.179314,5.000000,14
448,125,1.603410,30008,6.165680861,6.168000000,2.319139,1,1.603410,5.000000,14
449,125,1.815616,30008,6.185819281,6.188000000,2.180719,1,1.815616,5.000000,14
451,125,1.460723,30008,6.204129048,6.209500000,5.370952,0,10.219905,5.000000,14
452,125,1.700419,30008,6.222874768,6.225500000,2.625232,1,1.700419,5.000000,14
453,125,1.418778,30008,6.241566736,6.244000000,2.433264,1,1.418778,5.000000,14
454,125,1.506258,30008,6.263133349,6.265500000,2.366651,1,1.506258,5.000000,14
455,125,1.549823,30008,6.282504167,6.285000000,2.495833,1,1.549823,5.000000,14
456,125,1.554103,30008,6.303219157,6.308500000,5.280843,0,10.219905,5.000000,14
458,125,1.707206,30008,6.322499138,6.325500000,3.000862,1,1.707206,5.000000,14
459,125,1.534383,30008,6.343126905,6.345500000,2.373095,1,1.534383,5.000000,14
460,125,1.370610,30008,6.362285171,6.364500000,2.214829,1,1.370610,5.000000,14
462,125,1.084325,30008,6.382821268,6.385000000,2.178732,1,1.084325,5.000000,14
465,125,0.855113,30008,6.401525536,6.404000000,2.474464,1,0.855113,5.000000,14
466,125,0.986741,30008,6.425025821,6.427500000,2.474179,1,0.986741,5.000000,14
467,125,0.986260,30008,6.444664542,6.447500000,2.835458,1,0.986260,5.000000,14
468,125,0.960608,30008,6.465343910,6.468000000,2.656090,1,0.960608,5.000000,14
469,125,1.121835,30008,6.485158530,6.487500000,2.341470,1,1.121835,5.000000,14
470,125,0.976786,30008,6.504801280,6.507000000,2.198720,1,0.976786,5.000000,14
473,125,0.738947,30008,6.525624958,6.528000000,2.375042,1,0.738947,5.000000,14
474,125,0.707744,30008,6.548585757,6.551000000,2.414243,1,0.707744,5.000000,14
475,125,0.722297,30008,6.568109960,6.571000000,2.890040,1,0.722297,5.000000,14
476,125,0.542717,30008,6.587680905,6.590000000,2.319095,1,0.542717,5.000000,14
477,125,0.437411,30008,6.607759323,6.610500000,2.740677,1,0.437411,5.000000,14
481,125,0.393436,30008,6.626734071,6.629000000,2.265929,1,0.393436,5.000000,14
483,125,0.385555,30008,6.645256434,6.648000000,2.743566,1,0.385555,5.000000,14
484,125,0.424929,30008,6.668119772,6.670500000,2.380228,1,0.424929,5.000000,14
487,125,0.452019,30008,6.687353237,6.690000000,2.646763,1,0.452019,5.000000,14
488,125,0.467802,30008,6.709597666,6.712000000,2.402334,1,0.467802,5.000000,15
490,125,0.495712,30008,6.727941289,6.730000000,2.058711,1,0.495712,5.000000,14
491,125,0.468812,30008,6.748995994,6.751500000,2.504006,1,0.468812,5.000000,14
492,125,0.470576,30008,6.767626010,6.770000000,2.373990,1,0.470576,5.000000,14
493,125,0.546974,30008,6.790008638,6.792500000,2.491362,1,0.546974,5.000000,14
494,125,0.466397,30008,6.809869188,6.815000000,5.130812,0,10.219905,5.000000,14
496,125,0.500088,30008,6.828189826,6.830500000,2.310174,1,0.500088,5.000000,14
499,125,0.530687,30008,6.846679124,6.849000000,2.320876,1,0.530687,5.000000,14
500,125,0.487515,30008,6.865501325,6.868000000,2.498675,1,0.487515,5.000000,14
501,125,0.500091,30008,6.887665405,6.890000000,2.334595,1,0.500091,5.000000,14
502,125,0.549414,30008,6.906187918,6.912000000,5.812082,0,10.219905,5.000000,14
503,125,0.507964,30008,6.925728495,6.928000000,2.271505,1,0.507964,5.000000,14
504,125,0.548256,30008,6.944665316,6.948000000,3.334684,1,0.548256,5.000000,14
505,125,0.624482,30008,6.964001474,6.966500000,2.498526,1,0.624482,5.000000,14
506,125,0.517230,30008,6.983194045,6.985500000,2.305955,1,0.517230,5.000000,14
510,125,0.420124,30008,7.004157494,7.008500000,4.342506,1,0.420124,5.000000,14
512,125,0.456367,30008,7.023228836,7.025500000,2.271164,1,0.456367,5.000000,14
513,125,0.455357,30008,7.042727437,7.045000000,2.272563,1,0.455357,5.000000,14
514,125,0.496840,30008,7.061296425,7.063500000,2.203575,1,0.496840,5.000000,14
515,125,0.460058,30008,7.080985021,7.083500000,2.514979,1,0.460058,5.000000,14
516,125,0.441459,30008,7.099409827,7.104500000,5.090173,0,10.219905,5.000000,14
517,125,0.472759,30008,7.119273077,7.121500000,2.226923,1,0.472759,5.000000,14
519,125,0.414673,30008,7.140891819,7.144000000,3.108181,1,0.414673,5.000000,14
520,125,0.458459,30008,7.161664291,7.164000000,2.335709,1,0.458459,5.000000,14
523,125,0.440330,30008,7.180086828,7.182500000,2.413172,1,0.440330,5.000000,14
524,125,0.378869,30008,7.199570304,7.205000000,5.429696,0,10.219905,5.000000,14
525,125,0.342327,30008,7.220332314,7.222500000,2.167686,1,0.342327,5.000000,14
526,125,0.380500,30008,7.240527368,7.243500000,2.972632,1,0.380500,5.000000,14
531,125,0.410014,30008,7.259911694,7.262000000,2.088306,1,0.410014,5.000000,14
533,125,0.490676,30008,7.279632520,7.282000000,2.367480,1,0.490676,5.000000,14
534,125,0.556231,30008,7.300729465,7.306500000,5.770535,0,10.219905,5.000000,14
535,125,0.643203,30008,7.320314369,7.322500000,2.185631,1,0.643203,5.000000,14
536,125,0.594189,30008,7.340563452,7.343000000,2.436548,1,0.594189,5.000000,14
537,125,0.664890,30008,7.359334396,7.361500000,2.165604,1,0.664890,5.000000,14
538,125,0.689503,30008,7.379781388,7.382000000,2.218612,1,0.689503,5.000000,14
539,125,0.628595,30008,7.398276277,7.400500000,2.223723,1,0.628595,5.000000,14
540,125,0.631525,30008,7.416896000,7.425500000,8.604000,0,10.219905,5.000000,14
541,125,0.705083,30008,7.439636519,7.442000000,2.363481,1,0.705083,5.000000,14
542,125,0.652805,30008,7.459256215,7.461500000,2.243785,1,0.652805,5.000000,14
543,125,0.649552,30008,7.479261144,7.481500000,2.238856,1,0.649552,5.000000,14
545,125,0.656825,30008,7.499513806,7.505000000,5.486194,0,10.219905,5.000000,14
546,125,0.682492,30008,7.522350045,7.524500000,2.149955,1,0.682492,5.000000,14
547,125,0.729020,30008,7.543608237,7.546000000,2.391763,1,0.729020,5.000000,14
548,125,0.661323,30008,7.563408773,7.565500000,2.091227,1,0.661323,5.000000,14
549,125,0.672574,30008,7.582128209,7.584500000,2.371791,1,0.672574,5.000000,14
550,125,0.726876,30008,7.600729455,7.606000000,5.270545,0,10.219905,5.000000,14
551,125,0.643722,30008,7.619880594,7.622000000,2.119406,1,0.643722,5.000000,14
552,125,0.657726,30008,7.641427035,7.643500000,2.072965,1,0.657726,5.000000,14
553,125,0.756397,30008,7.660113296,7.662500000,2.386704,1,0.756397,5.000000,14
556,125,0.684617,30008,7.681554512,7.684000000,2.445488,1,0.684617,5.000000,14
557,125,0.611315,30008,7.702348921,7.707500000,5.151079,0,10.219905,5.000000,14
558,125,0.573245,30008,7.722840018,7.725000000,2.159982,1,0.573245,5.000000,14
559,125,0.631816,30008,7.742090345,7.744500000,2.409655,1,0.631816,5.000000,14
560,125,0.567063,30008,7.761025862,7.763500000,2.474138,1,0.567063,5.000000,14
561,125,0.511585,30008,7.779919766,7.782000000,2.080234,1,0.511585,5.000000,14
562,125,0.548875,30008,7.798289816,7.800500000,2.210184,1,0.548875,5.000000,14
563,125,0.484068,30008,7.820328058,7.825500000,5.171942,0,10.219905,5.000000,14
566,125,0.375169,30008,7.839787078,7.842000000,2.212922,1,0.375169,5.000000,14
569,125,0.423896,30008,7.860027191,7.863000000,2.972809,1,0.423896,5.000000,14
570,125,0.357944,30008,7.880005363,7.882500000,2.494637,1,0.357944,5.000000,14
571,125,0.406552,30008,7.899288529,7.904500000,5.211471,0,10.219905,5.000000,14
573,125,0.385701,30008,7.919761466,7.925000000,5.238534,0,10.219905,5.000000,14
574,125,0.424929,30008,7.942014969,7.944500000,2.485031,1,0.424929,5.000000,14
576,125,0.413739,30008,7.962596159,7.965000000,2.403841,1,0.413739,5.000000,14
577,125,0.466801,30008,7.981265007,7.983500000,2.234993,1,0.466801,5.000000,14
578,125,0.421802,30008,8.003147598,8.008500000,5.352402,0,10.219905,5.000000,14
579,125,0.409873,30008,8.023116558,8.025500000,2.383442,1,0.409873,5.000000,14
580,125,0.460930,30008,8.042964330,8.045000000,2.035670,1,0.460930,5.000000,14
583,125,0.492988,30008,8.061280945,8.063500000,2.219055,1,0.492988,5.000000,14
584,125,0.448305,30008,8.080036973,8.083000000,2.963027,1,0.448305,5.000000,14
585,125,0.509158,30008,8.098385596,8.100500000,2.114404,1,0.509158,5.000000,14
586,125,0.501734,30008,8.116733440,8.123500000,6.766560,0,10.219905,5.000000,14
587,125,0.484080,30008,8.136003964,8.138500000,2.496036,1,0.484080,5.000000,14
588,125,0.471982,30008,8.158810840,8.161000000,2.189160,1,0.471982,5.000000,14
589,125,0.512777,30008,8.178428414,8.183500000,5.071586,0,10.219905,5.000000,14
590,125,0.479682,30008,8.198754716,8.204500000,5.745284,0,10.219905,5.000000,14
591,125,0.462976,30008,8.217131544,8.219500000,2.368456,1,0.462976,5.000000,14
592,125,0.520740,30008,8.235744459,8.238000000,2.255541,1,0.520740,5.000000,14
593,125,0.458906,30008,8.255641912,8.258000000,2.358088,1,0.458906,5.000000,14
594,125,0.451421,30008,8.275403693,8.280500000,5.096307,0,10.219905,5.000000,14
595,125,0.468394,30008,8.295302522,8.299500000,4.197478,1,0.468394,5.000000,14
597,125,0.458070,30008,8.314722740,8.320000000,5.277260,0,10.219905,5.000000,14
600,125,2.495829,30008,8.334874203,8.337000000,2.125797,1,2.495829,5.000000,14
603,125,1.386287,30008,8.354256546,8.359500000,5.243454,0,10.219905,5.000000,14
604,125,1.205257,30008,8.377297844,8.379500000,2.202156,1,1.205257,5.000000,14
606,125,1.047127,30008,8.396028594,8.398500000,2.471406,1,1.047127,5.000000,14
608,125,0.925755,30008,8.417240364,8.422500000,5.259636,0,10.219905,5.000000,14
609,125,0.988222,30008,8.435945433,8.438000000,2.054567,1,0.988222,5.000000,14
612,125,0.883655,30008,8.454960440,8.457000000,2.039560,1,0.883655,5.000000,14
614,125,0.969353,30008,8.476159816,8.478500000,2.340184,1,0.969353,5.000000,14
615,125,1.092026,30008,8.495124568,8.497500000,2.375432,1,1.092026,5.000000,14
616,125,1.042794,30008,8.515284197,8.520500000,5.215803,0,10.219905,5.000000,14
619,125,0.894110,30008,8.533636113,8.536000000,2.363887,1,0.894110,5.000000,14
622,125,1.241176,30008,8.552087595,8.554500000,2.412405,1,1.241176,5.000000,14
623,125,1.790544,30008,8.570642028,8.573000000,2.357972,1,1.790544,5.000000,14
624,125,2.070264,30008,8.590754176,8.593000000,2.245824,1,2.070264,5.000000,14
625,125,1.747015,30008,8.612719040,8.618500000,5.780960,0,10.219905,5.000000,14
626,125,1.593051,30008,8.631802367,8.637000000,5.197633,0,10.219905,5.000000,14
627,125,1.667227,30008,8.652199218,8.654500000,2.300782,1,1.667227,5.000000,14
628,125,1.363310,30008,8.671850335,8.674500000,2.649665,1,1.363310,5.000000,14
630,125,0.779334,30008,8.691989131,8.697500000,5.510869,0,10.219905,5.000000,14
631,125,0.721645,30008,8.711393202,8.719500000,8.106798,0,10.219905,5.000000,14
633,125,0.578484,30008,8.731540152,8.734000000,2.459848,1,0.578484,5.000000,14
634,125,0.494828,30008,8.752270021,8.754500000,2.229979,1,0.494828,5.000000,14
635,125,0.422998,30008,8.772329926,8.774500000,2.170074,1,0.422998,5.000000,14
638,125,0.520675,30008,8.792325746,8.794500000,2.174254,1,0.520675,5.000000,14
639,125,0.655679,30008,8.812212627,8.814500000,2.287373,1,0.655679,5.000000,14
640,125,0.594481,30008,8.831589209,8.834000000,2.410791,1,0.594481,5.000000,14
641,125,0.610733,30008,8.849971649,8.852500000,2.528351,1,0.610733,5.000000,14
642,125,0.620735,30008,8.873031429,8.875500000,2.468571,1,0.620735,5.000000,14
644,125,0.589443,30008,8.894069985,8.896500000,2.430015,1,0.589443,5.000000,14
645,125,0.722322,30008,8.913593421,8.919000000,5.406579,0,10.219905,5.000000,14
646,125,0.693570,30008,8.933849293,8.936000000,2.150707,1,0.693570,5.000000,14
648,125,0.613234,30008,8.953083759,8.956000000,2.916241,1,0.613234,5.000000,14
652,125,0.631281,30008,8.973424381,8.975500000,2.075619,1,0.631281,5.000000,14
653,125,0.720974,30008,8.992156252,8.994500000,2.343748,1,0.720974,5.000000,14
655,125,1.550597,30008,9.012828429,9.015000000,2.171571,1,1.550597,5.000000,14
656,125,1.455555,30008,9.031857827,9.034000000,2.142173,1,1.455555,5.000000,14
658,125,1.237381,30008,9.051358055,9.053500000,2.141945,1,1.237381,5.000000,14
659,125,1.727462,30008,9.070257709,9.072500000,2.242291,1,1.727462,5.000000,14
660,125,2.376359,30008,9.089721977,9.092000000,2.278023,1,2.376359,5.000000,14
661,125,2.514104,30008,9.109364063,9.111500000,2.135937,1,2.514104,5.000000,14
663,125,1.759661,30008,9.128467394,9.131000000,2.532606,1,1.759661,5.000000,14
664,125,1.740349,30008,9.147441183,9.149500000,2.058817,1,1.740349,5.000000,14
665,125,2.066423,30008,9.165966638,9.168500000,2.533362,1,2.066423,5.000000,14
666,125,2.066582,30008,9.184496224,9.187000000,2.503776,1,2.066582,5.000000,14
667,125,1.990133,30008,9.203971942,9.206500000,2.528058,1,1.990133,5.000000,14
669,125,1.242778,30008,9.223079657,9.225500000,2.420343,1,1.242778,5.000000,14
671,125,1.947540,30008,9.243380215,9.245500000,2.119785,1,1.947540,5.000000,14
672,125,2.730276,30008,9.263653826,9.266000000,2.346174,1,2.730276,5.000000,14
673,125,2.453046,30008,9.282018066,9.284500000,2.481934,1,2.453046,5.000000,14
674,125,2.290523,30008,9.301396639,9.303500000,2.103361,1,2.290523,5.000000,14
675,125,2.076809,30008,9.321090170,9.326500000,5.409830,0,10.219905,5.000000,14
676,125,1.914734,30008,9.340891834,9.343000000,2.108166,1,1.914734,5.000000,14
677,125,1.494165,30008,9.359495044,9.362000000,2.504956,1,1.494165,5.000000,14
681,125,2.776300,30008,9.378588993,9.381000000,2.411007,1,2.776300,5.000000,14
682,125,1.843475,30008,9.399351189,9.404500000,5.148811,0,10.219905,5.000000,14
683,125,2.074269,30008,9.418419961,9.426500000,8.080039,0,10.219905,5.000000,14
684,125,2.475035,30008,9.437010960,9.439500000,2.489040,1,2.475035,5.000000,14
685,125,1.803250,30008,9.457864972,9.460000000,2.135028,1,1.803250,5.000000,14
686,125,1.847391,30008,9.477008196,9.479500000,2.491804,1,1.847391,5.000000,14
687,125,2.544083,30008,9.496586627,9.499000000,2.413373,1,2.544083,5.000000,14
688,125,2.366194,30008,9.515685572,9.521000000,5.314428,0,10.219905,5.000000,14
689,125,2.170776,30008,9.534502738,9.537000000,2.497262,1,2.170776,5.000000,14
690,125,2.524740,30008,9.555172016,9.557500000,2.327984,1,2.524740,5.000000,14
691,125,1.647649,30008,9.578021052,9.580500000,2.478948,1,1.647649,5.000000,14
692,125,1.100180,30008,9.596352739,9.598500000,2.147261,1,1.100180,5.000000,14
694,125,0.941280,30008,9.617093432,9.619500000,2.406568,1,0.941280,5.000000,14
696,125,1.472245,30008,9.636159624,9.638500000,2.340376,1,1.472245,5.000000,14
697,125,1.227526,30008,9.654628578,9.657000000,2.371422,1,1.227526,5.000000,14
698,125,0.984601,30008,9.674663657,9.677000000,2.336343,1,0.984601,5.000000,14
699,125,0.978768,30008,9.694749377,9.697000000,2.250623,1,0.978768,5.000000,14
701,125,0.815704,30008,9.714704749,9.717000000,2.295251,1,0.815704,5.000000,14
702,125,0.869325,30008,9.736356479,9.738500000,2.143521,1,0.869325,5.000000,14
703,125,0.796136,30008,9.758387290,9.760500000,2.112710,1,0.796136,5.000000,14
704,125,0.710690,30008,9.776733504,9.779000000,2.266496,1,0.710690,5.000000,14
706,125,0.762888,30008,9.795922495,9.798000000,2.077505,1,0.762888,5.000000,14
708,125,1.385560,30008,9.816358940,9.821500000,5.141060,0,10.219905,5.000000,14
709,125,1.243129,30008,9.835956459,9.838000000,2.043541,1,1.243129,5.000000,14
710,125,1.268552,30008,9.855589819,9.858000000,2.410181,1,1.268552,5.000000,14
711,125,1.511850,30008,9.875505971,9.878000000,2.494029,1,1.511850,5.000000,14
712,125,1.363999,30008,9.894235947,9.896500000,2.264053,1,1.363999,5.000000,14
713,125,1.323943,30008,9.912569186,9.921000000,8.430814,0,10.219905,5.000000,14
714,125,1.426763,30008,9.934820117,9.937000000,2.179883,1,1.426763,5.000000,14
715,125,1.229582,30008,9.953178690,9.955500000,2.321310,1,1.229582,5.000000,14
716,125,1.105888,30008,9.973432702,9.975500000,2.067298,1,1.105888,5.000000,14
717,125,1.152740,30008,9.994049269,9.996500000,2.450731,1,1.152740,5.000000,14
718,125,1.011348,30008,10.012533978,10.015500000,2.966022,1,1.011348,5.000000,14
720,125,1.053198,30008,10.030788414,10.033000000,2.211586,1,1.053198,5.000000,14
721,125,0.935475,30008,10.050899764,10.053000000,2.100236,1,0.935475,5.000000,14
722,125,0.916646,30008,10.071041445,10.073500000,2.458555,1,0.916646,5.000000,14
723,125,1.000264,30008,10.089929973,10.092000000,2.070027,1,1.000264,5.000000,14
724,125,0.884306,30008,10.108785616,10.114500000,5.714384,0,10.219905,5.000000,14
725,125,0.819989,30008,10.127465953,10.130000000,2.534047,1,0.819989,5.000000,14
726,125,0.874619,30008,10.147261137,10.149500000,2.238863,1,0.874619,5.000000,14
728,125,0.748500,30008,10.165742258,10.168000000,2.257742,1,0.748500,5.000000,14
730,125,0.741557,30008,10.186443155,10.188500000,2.056845,1,0.741557,5.000000,14
731,125,0.760985,30008,10.207121321,10.212500000,5.378679,0,10.219905,5.000000,14
732,125,0.863848,30008,10.228198711,10.230500000,2.301289,1,0.863848,5.000000,14
733,125,0.773879,30008,10.247189244,10.249500000,2.310756,1,0.773879,5.000000,14
734,125,0.770856,30008,10.266866016,10.269000000,2.133984,1,0.770856,5.000000,14
735,125,0.852756,30008,10.287056436,10.289500000,2.443564,1,0.852756,5.000000,14
737,125,0.698648,30008,10.306839006,10.312000000,5.160994,0,10.219905,5.000000,14
738,125,0.747487,30008,10.325790073,10.328000000,2.209927,1,0.747487,5.000000,14
739,125,0.651540,30008,10.345205239,10.347500000,2.294761,1,0.651540,5.000000,14
740,125,0.565271,30008,10.365357702,10.367500000,2.142298,1,0.565271,5.000000,14
743,125,0.585497,30008,10.383751362,10.386000000,2.248638,1,0.585497,5.000000,14
744,125,0.699330,30008,10.404412150,10.410000000,5.587850,0,10.219905,5.000000,14
745,125,0.613222,30008,10.423934909,10.426000000,2.065091,1,0.613222,5.000000,14
747,125,0.629592,30008,10.444713852,10.447000000,2.286148,1,0.629592,5.000000,14
749,125,0.656650,30008,10.464281881,10.466500000,2.218119,1,0.656650,5.000000,14
750,125,0.709774,30008,10.483637250,10.486500000,2.862750,1,0.709774,5.000000,14
751,125,0.734162,30008,10.502735406,10.508000000,5.264594,0,10.219905,5.000000,15
752,125,0.684689,30008,10.522878009,10.525000000,2.121991,1,0.684689,5.000000,14
753,125,0.742079,30008,10.541434297,10.543500000,2.065703,1,0.742079,5.000000,14
754,125,0.664981,30008,10.559964814,10.562500000,2.535186,1,0.664981,5.000000,14
757,125,0.537142,30008,10.578278776,10.580500000,2.221224,1,0.537142,5.000000,14
758,125,0.540433,30008,10.597795051,10.600000000,2.204949,1,0.540433,5.000000,14
760,125,0.550120,30008,10.616293054,10.622000000,5.706946,0,10.219905,5.000000,14
762,125,0.600535,30008,10.635772167,10.638000000,2.227833,1,0.600535,5.000000,14
763,125,0.500904,30008,10.654259764,10.657000000,2.740236,1,0.500904,5.000000,14
766,125,0.528404,30008,10.673897787,10.676000000,2.102213,1,0.528404,5.000000,14
768,125,1.036117,30008,10.692314675,10.695000000,2.685325,1,1.036117,5.000000,14
769,125,1.097817,30008,10.711333007,10.713500000,2.166993,1,1.097817,5.000000,14
770,125,1.188180,30008,10.732533359,10.737000000,4.466641,1,1.188180,5.000000,14
771,125,1.157471,30008,10.751428135,10.753500000,2.071865,1,1.157471,5.000000,14
773,125,1.012442,30008,10.770691253,10.773000000,2.308747,1,1.012442,5.000000,14
774,125,1.271799,30008,10.790028802,10.793000000,2.971198,1,1.271799,5.000000,14
775,125,1.434946,30008,10.809324114,10.811500000,2.175886,1,1.434946,5.000000,14
776,125,1.581464,30008,10.829288962,10.831500000,2.211038,1,1.581464,5.000000,14
777,125,1.467246,30008,10.847869973,10.850000000,2.130027,1,1.467246,5.000000,14
778,125,1.331728,30008,10.866887205,10.869000000,2.112795,1,1.331728,5.000000,14
779,125,1.616739,30008,10.887869077,10.890500000,2.630923,1,1.616739,5.000000,14
780,125,1.526430,30008,10.906879648,10.909000000,2.120352,1,1.526430,5.000000,14
783,125,2.177304,30008,10.926959077,10.929000000,2.040923,1,2.177304,5.000000,14
784,125,1.945745,30008,10.947638948,10.950000000,2.361052,1,1.945745,5.000000,14
785,125,1.594302,30008,10.968436988,10.970500000,2.063012,1,1.594302,5.000000,14
788,125,1.442898,30008,10.986777485,10.989000000,2.222515,1,1.442898,5.000000,14
791,125,2.250223,30008,11.006646319,11.010000000,3.353681,1,2.250223,5.000000,14
792,125,1.471800,30008,11.025296652,11.027500000,2.203348,1,1.471800,5.000000,14
793,125,1.970393,30008,11.047092891,11.050000000,2.907109,1,1.970393,5.000000,14
794,125,1.597437,30008,11.065732138,11.068000000,2.267862,1,1.597437,5.000000,14
795,125,1.972293,30008,11.087319720,11.089500000,2.180280,1,1.972293,5.000000,14
796,125,2.436452,30008,11.108933761,11.112500000,3.566239,1,2.436452,5.000000,14
797,125,2.041326,30008,11.129542070,11.132000000,2.457930,1,2.041326,5.000000,14
799,125,3.162048,30008,11.148320545,11.150500000,2.179455,1,3.162048,5.000000,14
800,125,3.932501,30008,11.169400968,11.171500000,2.099032,1,3.932501,5.000000,14
803,125,2.114997,30008,11.187950486,11.190000000,2.049514,1,2.114997,5.000000,14
804,125,2.640163,30008,11.207737149,11.213000000,5.262851,0,10.219905,5.000000,14
805,125,2.133280,30008,11.227307321,11.229500000,2.192679,1,2.133280,5.000000,14
806,125,2.549864,30008,11.250741424,11.253000000,2.258576,1,2.549864,5.000000,14
811,125,2.405962,30008,11.270846105,11.276000000,5.153895,0,10.219905,5.000000,14
813,125,2.107828,30008,11.289509338,11.292000000,2.490662,1,2.107828,5.000000,14
814,125,2.503310,30008,11.307956976,11.313000000,5.043024,0,10.219905,5.000000,14
815,125,3.736231,30008,11.327827362,11.330000000,2.172638,1,3.736231,5.000000,14
816,125,3.359916,30008,11.346525657,11.349000000,2.474343,1,3.359916,5.000000,14
817,125,2.785317,30008,11.365508196,11.368500000,2.991804,1,2.785317,5.000000,14
818,125,1.971690,30008,11.386669476,11.389000000,2.330524,1,1.971690,5.000000,14
820,125,1.555898,30008,11.406637585,11.412000000,5.362415,0,10.219905,5.000000,14
822,125,2.386841,30008,11.425842904,11.428000000,2.157096,1,2.386841,5.000000,14
823,125,2.297141,30008,11.445195415,11.447500000,2.304585,1,2.297141,5.000000,14
824,125,2.588109,30008,11.464944584,11.467000000,2.055416,1,2.588109,5.000000,14
825,125,2.423639,30008,11.484637256,11.487000000,2.362744,1,2.423639,5.000000,14
826,125,2.217073,30008,11.502962756,11.508500000,5.537244,0,10.219905,5.000000,14
827,125,2.159770,30008,11.521580026,11.524000000,2.419974,1,2.159770,5.000000,14
828,125,1.790931,30008,11.540214428,11.545500000,5.285572,0,10.219905,5.000000,14
830,125,1.115148,30008,11.559886065,11.562000000,2.113935,1,1.115148,5.000000,14
831,125,1.391229,30008,11.581611821,11.584000000,2.388179,1,1.391229,5.000000,14
832,125,0.877778,30008,11.599968257,11.605000000,5.031743,0,10.219905,5.000000,14
833,125,0.783503,30008,11.619084525,11.625500000,6.415475,0,10.219905,5.000000,14
835,125,0.405350,30008,11.640487665,11.643000000,2.512335,1,0.405350,5.000000,14
836,125,0.431931,30008,11.659874473,11.662000000,2.125527,1,0.431931,5.000000,14
837,125,0.301824,30008,11.680028403,11.685500000,5.471597,0,10.219905,5.000000,14
842,125,1.094551,30008,11.699691518,11.705000000,5.308482,0,10.219905,5.000000,14
843,125,0.942801,30008,11.718272180,11.720500000,2.227820,1,0.942801,5.000000,14
844,125,0.928657,30008,11.740556041,11.743000000,2.443959,1,0.928657,5.000000,14
846,125,1.104459,30008,11.760369034,11.762500000,2.130966,1,1.104459,5.000000,14
847,125,1.154264,30008,11.778717119,11.781000000,2.282881,1,1.154264,5.000000,14
848,125,1.325667,30008,11.800257585,11.805500000,5.242415,0,10.219905,5.000000,14
849,125,1.265205,30008,11.819256523,11.822000000,2.743477,1,1.265205,5.000000,14
850,125,1.220890,30008,11.839011564,11.842500000,3.488436,1,1.220890,5.000000,14
851,125,1.338772,30008,11.857990148,11.860500000,2.509852,1,1.338772,5.000000,14
852,125,1.070380,30008,11.877824032,11.880000000,2.175968,1,1.070380,5.000000,14
853,125,0.891836,30008,11.896824931,11.899000000,2.175069,1,0.891836,5.000000,14
854,125,0.893290,30008,11.916223658,11.924500000,8.276342,0,10.219905,5.000000,14
855,125,0.646095,30008,11.934751420,11.937000000,2.248580,1,0.646095,5.000000,14
858,125,0.348877,30008,11.955211112,11.957500000,2.288888,1,0.348877,5.000000,14
860,125,0.466386,30008,11.976322960,11.978500000,2.177040,1,0.466386,5.000000,14
862,125,0.882659,30008,11.994619946,11.997000000,2.380054,1,0.882659,5.000000,14
863,125,0.747623,30008,12.016083138,12.021500000,5.416862,0,10.219905,5.000000,14
864,125,0.754986,30008,12.037594132,12.040000000,2.405868,1,0.754986,5.000000,14
865,125,0.907457,30008,12.057846635,12.060000000,2.153365,1,0.907457,5.000000,14
868,125,0.713979,30008,12.078990155,12.081500000,2.509845,1,0.713979,5.000000,14
870,125,0.566341,30008,12.101822812,12.107000000,5.177188,0,10.219905,5.000000,14
871,125,0.593462,30008,12.124469986,12.127000000,2.530014,1,0.593462,5.000000,14
872,125,0.504776,30008,12.143748718,12.149000000,5.251282,0,10.219905,5.000000,14
875,125,0.496436,30008,12.162653478,12.165000000,2.346522,1,0.496436,5.000000,14
876,125,0.516869,30008,12.182405816,12.184500000,2.094184,1,0.516869,5.000000,14
877,125,0.584312,30008,12.201527574,12.207000000,5.472426,0,10.219905,5.000000,14
878,125,0.518775,30008,12.219766986,12.222500000,2.733014,1,0.518775,5.000000,14
880,125,0.587865,30008,12.240375201,12.242500000,2.124799,1,0.587865,5.000000,14
882,125,0.552675,30008,12.258873910,12.261000000,2.126090,1,0.552675,5.000000,14
883,125,0.622543,30008,12.280373710,12.282500000,2.126290,1,0.622543,5.000000,14
884,125,0.562794,30008,12.300354013,12.306000000,5.645987,0,10.219905,5.000000,14
885,125,0.530333,30008,12.319956958,12.322000000,2.043042,1,0.530333,5.000000,14
886,125,0.589182,30008,12.339636868,12.342000000,2.363132,1,0.589182,5.000000,14
887,125,0.508814,30008,12.359855312,12.362000000,2.144688,1,0.508814,5.000000,14
891,125,0.517702,30008,12.379418052,12.382000000,2.581948,1,0.517702,5.000000,14
892,125,0.602266,30008,12.399915114,12.405000000,5.084886,0,10.219905,5.000000,14
893,125,0.558758,30008,12.421899153,12.424000000,2.100847,1,0.558758,5.000000,14
894,125,0.545694,30008,12.441140024,12.443500000,2.359976,1,0.545694,5.000000,14
895,125,0.598707,30008,12.462434632,12.464500000,2.065368,1,0.598707,5.000000,14
896,125,0.538508,30008,12.481372501,12.483500000,2.127499,1,0.538508,5.000000,14
897,125,0.566749,30008,12.500635790,12.503000000,2.364210,1,0.566749,5.000000,14
898,125,0.614201,30008,12.522553371,12.525000000,2.446629,1,0.614201,5.000000,14
899,125,0.508334,30008,12.545108810,12.547500000,2.391190,1,0.508334,5.000000,14
901,125,0.487710,30008,12.564271932,12.566500000,2.228068,1,0.487710,5.000000,14
904,125,0.486920,30008,12.583422955,12.585500000,2.077045,1,0.486920,5.000000,14
905,125,0.433286,30008,12.601962897,12.604000000,2.037103,1,0.433286,5.000000,14
906,125,0.421971,30008,12.623334713,12.628500000,5.165287,0,10.219905,5.000000,14
908,125,0.443839,30008,12.643418888,12.645500000,2.081112,1,0.443839,5.000000,14
909,125,0.452689,30008,12.664007226,12.666500000,2.492774,1,0.452689,5.000000,14
910,125,0.509142,30008,12.685368411,12.687500000,2.131589,1,0.509142,5.000000,14
913,125,0.642522,30008,12.704744883,12.707000000,2.255117,1,0.642522,5.000000,14
914,125,0.607538,30008,12.727204339,12.732500000,5.295661,0,10.219905,5.000000,14
915,125,0.574793,30008,12.746876186,12.749000000,2.123814,1,0.574793,5.000000,14
917,125,0.607646,30008,12.767431864,12.769500000,2.068136,1,0.607646,5.000000,14
918,125,0.640017,30008,12.785822902,12.788000000,2.177098,1,0.640017,5.000000,14
919,125,0.757454,30008,12.805958025,12.808000000,2.041975,1,0.757454,5.000000,14
920,125,0.696357,30008,12.827779930,12.833000000,5.220070,0,10.219905,5.000000,14
921,125,0.663114,30008,12.846780155,12.849500000,2.719845,1,0.663114,5.000000,14
922,125,0.761404,30008,12.865044467,12.867500000,2.455533,1,0.761404,5.000000,14
924,125,0.657815,30008,12.884809426,12.887000000,2.190574,1,0.657815,5.000000,14
925,125,0.742105,30008,12.903736554,12.906000000,2.263446,1,0.742105,5.000000,14
926,125,0.632541,30008,12.923423510,12.925500000,2.076490,1,0.632541,5.000000,14
927,125,0.617682,30008,12.942640098,12.945000000,2.359902,1,0.617682,5.000000,14
928,125,0.733711,30008,12.962450223,12.964500000,2.049777,1,0.733711,5.000000,14
932,125,0.829173,30008,12.982274897,12.984500000,2.225103,1,0.829173,5.000000,14
933,125,1.018145,30008,13.003192553,13.005500000,2.307447,1,1.018145,5.000000,14
934,125,1.037974,30008,13.021789471,13.027000000,5.210529,0,10.219905,5.000000,14
935,125,0.818727,30008,13.040627515,13.043500000,2.872485,1,0.818727,5.000000,14
936,125,0.737788,30008,13.059410887,13.061500000,2.089113,1,0.737788,5.000000,14
938,125,0.942793,30008,13.079306774,13.081500000,2.193226,1,0.942793,5.000000,14
939,125,0.999505,30008,13.098584411,13.101000000,2.415589,1,0.999505,5.000000,14
943,125,1.206301,30008,13.117258895,13.119500000,2.241105,1,1.206301,5.000000,14
944,125,1.448927,30008,13.135779323,13.138000000,2.220677,1,1.448927,5.000000,14
946,125,1.585642,30008,13.154113605,13.156500000,2.386395,1,1.585642,5.000000,14
947,125,1.435278,30008,13.173640178,13.176000000,2.359822,1,1.435278,5.000000,14
948,125,1.256952,30008,13.192584943,13.195000000,2.415057,1,1.256952,5.000000,14
950,125,1.286807,30008,13.211033519,13.213500000,2.466481,1,1.286807,5.000000,14
951,125,1.294543,30008,13.233641373,13.236500000,2.858627,1,1.294543,5.000000,14
953,125,1.798579,30008,13.252860807,13.255000000,2.139193,1,1.798579,5.000000,14
954,125,1.499286,30008,13.271804364,13.274000000,2.195636,1,1.499286,5.000000,14
955,125,2.602874,30008,13.292250644,13.295000000,2.749356,1,2.602874,5.000000,14
956,125,2.610936,30008,13.310736024,13.313000000,2.263976,1,2.610936,5.000000,14
957,125,1.845396,30008,13.329977972,13.332500000,2.522028,1,1.845396,5.000000,14
958,125,2.177310,30008,13.351365855,13.353500000,2.134145,1,2.177310,5.000000,14
959,125,2.073221,30008,13.370859659,13.373000000,2.140341,1,2.073221,5.000000,14
960,125,1.333857,30008,13.391047585,13.393500000,2.452415,1,1.333857,5.000000,14
961,125,1.503084,30008,13.410360314,13.415500000,5.139686,0,10.219905,5.000000,14
963,125,1.539839,30008,13.429637816,13.432000000,2.362184,1,1.539839,5.000000,14
966,125,1.415016,30008,13.449501018,13.452000000,2.498982,1,1.415016,5.000000,14
967,125,1.106179,30008,13.469109360,13.471500000,2.390640,1,1.106179,5.000000,14
968,125,1.460451,30008,13.488681852,13.491000000,2.318148,1,1.460451,5.000000,14
970,125,1.768266,30008,13.508849616,13.511000000,2.150384,1,1.768266,5.000000,14
971,125,1.438000,30008,13.527995584,13.531000000,3.004416,1,1.438000,5.000000,14
972,125,1.103405,30008,13.548827100,13.551000000,2.172900,1,1.103405,5.000000,14
974,125,0.901625,30008,13.569962851,13.572000000,2.037149,1,0.901625,5.000000,14
975,125,0.903064,30008,13.589667846,13.592000000,2.332154,1,0.903064,5.000000,14
977,125,1.322932,30008,13.607962191,13.610000000,2.037809,1,1.322932,5.000000,14
978,125,1.053610,30008,13.626739702,13.632000000,5.260298,0,10.219905,5.000000,14
980,125,0.806527,30008,13.647443672,13.649500000,2.056328,1,0.806527,5.000000,14
981,125,1.031357,30008,13.668177673,13.670500000,2.322327,1,1.031357,5.000000,14
982,125,1.086648,30008,13.686642540,13.689000000,2.357460,1,1.086648,5.000000,14
983,125,0.919149,30008,13.705105630,13.710500000,5.394370,0,10.219905,5.000000,14
984,125,0.910806,30008,13.726008181,13.729000000,2.991819,1,0.910806,5.000000,14
985,125,0.865205,30008,13.744426304,13.746500000,2.073696,1,0.865205,5.000000,14
987,125,0.878982,30008,13.764649774,13.767000000,2.350226,1,0.878982,5.000000,14
988,125,0.928600,30008,13.784459248,13.786500000,2.040752,1,0.928600,5.000000,14
989,125,0.897300,30008,13.803355704,13.808500000,5.144296,0,10.219905,5.000000,14
991,125,1.095306,30008,13.823958592,13.826000000,2.041408,1,1.095306,5.000000,14
992,125,1.099683,30008,13.842906533,13.845500000,2.593467,1,1.099683,5.000000,14
993,125,1.299569,30008,13.861529236,13.864000000,2.470764,1,1.299569,5.000000,14
994,125,1.416496,30008,13.879973265,13.882500000,2.526735,1,1.416496,5.000000,14
995,125,1.394425,30008,13.901529331,13.907000000,5.470669,0,10.219905,5.000000,14
996,125,1.436211,30008,13.921163925,13.923500000,2.336075,1,1.436211,5.000000,14
997,125,1.513167,30008,13.940207946,13.943500000,3.292054,1,1.513167,5.000000,14
998,125,1.503639,30008,13.960018743,13.962500000,2.481257,1,1.503639,5.000000,14
999,125,1.612299,30008,13.983063847,13.985500000,2.436153,1,1.612299,5.000000,14
1000,125,2.111063,30008,14.004067802,14.009500000,5.432198,0,10.219905,5.000000,14
1002,125,1.418019,30008,14.024808546,14.027000000,2.191454,1,1.418019,5.000000,14
1003,125,1.519022,30008,14.044289611,14.046500000,2.210389,1,1.519022,5.000000,14
1006,125,1.585965,30008,14.064598446,14.067000000,2.401554,1,1.585965,5.000000,14
1007,125,1.458355,30008,14.083791416,14.086000000,2.208584,1,1.458355,5.000000,14
1008,125,1.658890,30008,14.102172949,14.104500000,2.327051,1,1.658890,5.000000,14
1009,125,2.038879,30008,14.120491896,14.129000000,8.508104,0,10.219905,5.000000,14
1011,125,1.544954,30008,14.138923252,14.141000000,2.076748,1,1.544954,5.000000,14
1012,125,1.739038,30008,14.162007725,14.164500000,2.492275,1,1.739038,5.000000,14
1013,125,1.485440,30008,14.181107705,14.183500000,2.392295,1,1.485440,5.000000,14
1015,125,1.608409,30008,14.199591784,14.202000000,2.408216,1,1.608409,5.000000,14
1016,125,1.485618,30008,14.221516782,14.224000000,2.483218,1,1.485618,5.000000,14
1018,125,1.640010,30008,14.240123724,14.242500000,2.376276,1,1.640010,5.000000,14
1019,125,1.479144,30008,14.258695285,14.261000000,2.304715,1,1.479144,5.000000,14
1020,125,1.548074,30008,14.278369859,14.280500000,2.130141,1,1.548074,5.000000,14
1021,125,1.704372,30008,14.297205445,14.299500000,2.294555,1,1.704372,5.000000,14
1022,125,1.544206,30008,14.318814242,14.321000000,2.185758,1,1.544206,5.000000,14
1024,125,1.669254,30008,14.337300220,14.339500000,2.199780,1,1.669254,5.000000,14
1026,125,1.412242,30008,14.357329854,14.359500000,2.170146,1,1.412242,5.000000,14
1028,125,1.238752,30008,14.376884185,14.379000000,2.115815,1,1.238752,5.000000,14
1030,125,0.474344,30008,14.395786314,14.398000000,2.213686,1,0.474344,5.000000,14
1031,125,0.570634,30008,14.416866377,14.422000000,5.133623,0,10.219905,5.000000,14
1032,125,0.416035,30008,14.435775526,14.438000000,2.224474,1,0.416035,5.000000,14
1035,125,0.312782,30008,14.455984262,14.458500000,2.515738,1,0.312782,5.000000,14
1037,125,0.316247,30008,14.474596892,14.477000000,2.403108,1,0.316247,5.000000,14
1038,125,0.282526,30008,14.494748982,14.497000000,2.251018,1,0.282526,5.000000,14
1039,125,0.299853,30008,14.514143569,14.519500000,5.356431,0,10.219905,5.000000,14
1040,125,0.275931,30008,14.532418070,14.534500000,2.081930,1,0.275931,5.000000,14
1042,125,0.268514,30008,14.551517513,14.554000000,2.482487,1,0.268514,5.000000,14
1043,125,0.242353,30008,14.572375658,14.574500000,2.124342,1,0.242353,5.000000,14
1045,125,0.257225,30008,14.590840425,14.593000000,2.159575,1,0.257225,5.000000,14
1046,125,0.218701,30008,14.609918337,14.612000000,2.081663,1,0.218701,5.000000,14
1049,125,0.226812,30008,14.630168710,14.638500000,8.331290,0,10.219905,5.000000,14
1051,125,0.290307,30008,14.649933286,14.652000000,2.066714,1,0.290307,5.000000,14
1052,125,0.284392,30008,14.670866019,14.673000000,2.133981,1,0.284392,5.000000,14
1053,125,0.311331,30008,14.689652046,14.692000000,2.347954,1,0.311331,5.000000,14
1054,125,0.326592,30008,14.708152130,14.713500000,5.347870,0,10.219905,5.000000,14
1057,125,0.403567,30008,14.727184491,14.729500000,2.315509,1,0.403567,5.000000,14
1058,125,0.754311,30008,14.747469100,14.750000000,2.530900,1,0.754311,5.000000,14
1059,125,0.658741,30008,14.766438885,14.768500000,2.061115,1,0.658741,5.000000,14
1060,125,0.724348,30008,14.787608184,14.790000000,2.391816,1,0.724348,5.000000,14
1062,125,0.613869,30008,14.807826107,14.810000000,2.173893,1,0.613869,5.000000,15
1063,125,0.659870,30008,14.826188473,14.828500000,2.311527,1,0.659870,5.000000,14
1064,125,0.586835,30008,14.846714141,14.849000000,2.285859,1,0.586835,5.000000,14
1065,125,0.578510,30008,14.865381479,14.867500000,2.118521,1,0.578510,5.000000,14
1066,125,0.580086,30008,14.884426224,14.886500000,2.073776,1,0.580086,5.000000,14
1067,125,0.504716,30008,14.902945555,14.908000000,5.054445,0,10.219905,5.000000,14
1069,125,0.657006,30008,14.921742342,14.924000000,2.257658,1,0.657006,5.000000,14
1070,125,0.559431,30008,14.940302478,14.942500000,2.197522,1,0.559431,5.000000,14
1071,125,0.543167,30008,14.958607518,14.961000000,2.392482,1,0.543167,5.000000,14
1072,125,0.461865,30008,14.980036002,14.982500000,2.463998,1,0.461865,5.000000,14
1074,125,0.433001,30008,14.998992790,15.004500000,5.507210,0,10.219905,5.000000,14
1076,125,0.408784,30008,15.018214313,15.020500000,2.285687,1,0.408784,5.000000,14
1077,125,0.461046,30008,15.036758269,15.039000000,2.241731,1,0.461046,5.000000,14
1078,125,0.448080,30008,15.056039452,15.058500000,2.460548,1,0.448080,5.000000,14
1079,125,0.436880,30008,15.077569921,15.080000000,2.430079,1,0.436880,5.000000,14
1081,125,0.424361,30008,15.097819676,15.100000000,2.180324,1,0.424361,5.000000,14
1082,125,0.390138,30008,15.116121008,15.118500000,2.378992,1,0.390138,5.000000,14
1085,125,0.499393,30008,15.137448202,15.142500000,5.051798,0,10.219905,5.000000,14
1086,125,0.600646,30008,15.157300485,15.159500000,2.199515,1,0.600646,5.000000,14
1087,125,0.530847,30008,15.175610412,15.178000000,2.389588,1,0.530847,5.000000,14
1088,125,0.514463,30008,15.194494077,15.197000000,2.505923,1,0.514463,5.000000,14
1090,125,0.529954,30008,15.213496658,15.216000000,2.503342,1,0.529954,5.000000,14
1092,125,0.612102,30008,15.232559633,15.235000000,2.440367,1,0.612102,5.000000,14
1093,125,0.492567,30008,15.251730871,15.254000000,2.269129,1,0.492567,5.000000,14
1095,125,0.665577,30008,15.270209682,15.272500000,2.290318,1,0.665577,5.000000,14
1096,125,0.554840,30008,15.290547945,15.293000000,2.452055,1,0.554840,5.000000,14
1098,125,0.427408,30008,15.309828358,15.312000000,2.171642,1,0.427408,5.000000,14
1101,125,0.361003,30008,15.329118759,15.331500000,2.381241,1,0.361003,5.000000,14
1104,125,0.531783,30008,15.350381555,15.352500000,2.118445,1,0.531783,5.000000,14
1106,125,0.754637,30008,15.369653135,15.372000000,2.346865,1,0.754637,5.000000,14
1107,125,1.084051,30008,15.388694620,15.391000000,2.305380,1,1.084051,5.000000,14
1108,125,1.562377,30008,15.408315088,15.410500000,2.184912,1,1.562377,5.000000,14
1109,125,0.861013,30008,15.428850580,15.431000000,2.149420,1,0.861013,5.000000,14
1111,125,0.943693,30008,15.448467913,15.453500000,5.032087,0,10.219905,5.000000,14
1112,125,1.046067,30008,15.469079492,15.471500000,2.420508,1,1.046067,5.000000,14
1115,125,1.135153,30008,15.487635792,15.490000000,2.364208,1,1.135153,5.000000,14
1118,125,1.039113,30008,15.507736528,15.510000000,2.263472,1,1.039113,5.000000,15
1119,125,1.368536,30008,15.527637506,15.530000000,2.362494,1,1.368536,5.000000,14
1120,125,1.814943,30008,15.547672252,15.550000000,2.327748,1,1.814943,5.000000,14
1121,125,1.239531,30008,15.568995462,15.571500000,2.504538,1,1.239531,5.000000,14
1122,125,1.776913,30008,15.588139493,15.590500000,2.360507,1,1.776913,5.000000,14
1123,125,1.069217,30008,15.607385791,15.609500000,2.114209,1,1.069217,5.000000,14
1126,125,1.572919,30008,15.626126293,15.628500000,2.373707,1,1.572919,5.000000,14
1129,125,1.897726,30008,15.645020299,15.647500000,2.479701,1,1.897726,5.000000,14
1130,125,2.084090,30008,15.665915589,15.668000000,2.084411,1,2.084090,5.000000,14
1131,125,1.422771,30008,15.687371234,15.689500000,2.128766,1,1.422771,5.000000,14
1132,125,1.800344,30008,15.710058112,15.712500000,2.441888,1,1.800344,5.000000,14
1133,125,1.309487,30008,15.730248576,15.732500000,2.251424,1,1.309487,5.000000,14
1134,125,1.326885,30008,15.748630862,15.751000000,2.369138,1,1.326885,5.000000,14
1136,125,1.157533,30008,15.769312902,15.771500000,2.187098,1,1.157533,5.000000,14
1138,125,1.288606,30008,15.788110043,15.790500000,2.389957,1,1.288606,5.000000,14
1139,125,2.032712,30008,15.806911355,15.809000000,2.088645,1,2.032712,5.000000,14
1140,125,1.730549,30008,15.826077089,15.828500000,2.422911,1,1.730549,5.000000,14
1141,125,1.951071,30008,15.846272833,15.848500000,2.227167,1,1.951071,5.000000,14
1142,125,1.680203,30008,15.866620585,15.869000000,2.379415,1,1.680203,5.000000,14
1143,125,1.705861,30008,15.887383720,15.889500000,2.116280,1,1.705861,5.000000,14
1144,125,1.194745,30008,15.908996380,15.911500000,2.503620,1,1.194745,5.000000,14
1145,125,1.450437,30008,15.928845941,15.931000000,2.154059,1,1.450437,5.000000,14
1147,125,1.198135,30008,15.947657533,15.950000000,2.342467,1,1.198135,5.000000,14
1148,125,0.850153,30008,15.966375932,15.968500000,2.124068,1,0.850153,5.000000,14
1150,125,0.807772,30008,15.986700715,15.989000000,2.299285,1,0.807772,5.000000,14
1152,125,1.136495,30008,16.005724032,16.008000000,2.275968,1,1.136495,5.000000,14
1153,125,1.303750,30008,16.025808622,16.028000000,2.191378,1,1.303750,5.000000,15
1154,125,1.225423,30008,16.045444805,16.047500000,2.055195,1,1.225423,5.000000,15
1155,125,1.257583,30008,16.064738540,16.067000000,2.261460,1,1.257583,5.000000,15
1156,125,1.145183,30008,16.084417505,16.086500000,2.082495,1,1.145183,5.000000,15
1157,125,0.945891,30008,16.104498489,16.107000000,2.501511,1,0.945891,5.000000,15
1158,125,0.981279,30008,16.124002062,16.126500000,2.497938,1,0.981279,5.000000,15
1159,125,0.806837,30008,16.142745427,16.145000000,2.254573,1,0.806837,5.000000,15
1160,125,0.754833,30008,16.161898562,16.164000000,2.101438,1,0.754833,5.000000,15
1162,125,0.681993,30008,16.182424261,16.184500000,2.075739,1,0.681993,5.000000,15
1164,125,0.741166,30008,16.201507450,16.204000000,2.492550,1,0.741166,5.000000,15
1166,125,0.714816,30008,16.222029673,16.224500000,2.470327,1,0.714816,5.000000,15
1167,125,0.768478,30008,16.242647615,16.245000000,2.352385,1,0.768478,5.000000,15
1168,125,0.667995,30008,16.262648394,16.265000000,2.351606,1,0.667995,5.000000,15
1169,125,0.657546,30008,16.285923661,16.288000000,2.076339,1,0.657546,5.000000,15
1170,125,0.728118,30008,16.306817086,16.309000000,2.182914,1,0.728118,5.000000,14
1171,125,0.663321,30008,16.327818604,16.330000000,2.181396,1,0.663321,5.000000,15
1172,125,0.615939,30008,16.347093382,16.349500000,2.406618,1,0.615939,5.000000,15
1174,125,0.503798,30008,16.365885953,16.368000000,2.114047,1,0.503798,5.000000,15
1175,125,0.465006,30008,16.386908866,16.389000000,2.091134,1,0.465006,5.000000,15
1176,125,0.498363,30008,16.405859811,16.408000000,2.140189,1,0.498363,5.000000,15
1180,125,0.378601,30008,16.426810861,16.429000000,2.189139,1,0.378601,5.000000,15
1181,125,0.367960,30008,16.446167466,16.448500000,2.332534,1,0.367960,5.000000,15
1182,125,0.415900,30008,16.464476644,16.467000000,2.523356,1,0.415900,5.000000,15
1183,125,0.365015,30008,16.483392585,16.485500000,2.107415,1,0.365015,5.000000,15
1184,125,0.337116,30008,16.501870287,16.504000000,2.129713,1,0.337116,5.000000,15
1188,125,0.395719,30008,16.520163166,16.522500000,2.336834,1,0.395719,5.000000,15
1191,125,0.407241,30008,16.539999820,16.542500000,2.500180,1,0.407241,5.000000,15
1192,125,0.396773,30008,16.558388522,16.560500000,2.111478,1,0.396773,5.000000,15
1193,125,0.665597,30008,16.577454585,16.579500000,2.045415,1,0.665597,5.000000,15
1197,125,1.262897,30008,16.597101783,16.599500000,2.398217,1,1.262897,5.000000,15
1198,125,1.243426,30008,16.615636393,16.618000000,2.363607,1,1.243426,5.000000,15
1199,125,1.259637,30008,16.635131783,16.637500000,2.368217,1,1.259637,5.000000,15
1201,125,1.316064,30008,16.654805275,16.657000000,2.194725,1,1.316064,5.000000,15
1202,125,1.334830,30008,16.675187124,16.677500000,2.312876,1,1.334830,5.000000,15
1203,125,1.196163,30008,16.693964669,16.696500000,2.535331,1,1.196163,5.000000,15
1204,125,1.184714,30008,16.713815476,16.716000000,2.184524,1,1.184714,5.000000,15
1205,125,1.238064,30008,16.733064738,16.735500000,2.435262,1,1.238064,5.000000,15
1206,125,0.970577,30008,16.751872055,16.754000000,2.127945,1,0.970577,5.000000,15
1209,125,0.920489,30008,16.775141967,16.777500000,2.358033,1,0.920489,5.000000,15
1212,125,1.300916,30008,16.796182622,16.798500000,2.317378,1,1.300916,5.000000,15
1214,125,1.396617,30008,16.815970866,16.818500000,2.529134,1,1.396617,5.000000,14
1215,125,1.397696,30008,16.834723652,16.837000000,2.276348,1,1.397696,5.000000,14
1217,125,1.331498,30008,16.853889901,16.856000000,2.110099,1,1.331498,5.000000,14
1218,125,1.325814,30008,16.872570037,16.875000000,2.429963,1,1.325814,5.000000,14
1219,125,1.458166,30008,16.893683957,16.896000000,2.316043,1,1.458166,5.000000,14
1221,125,1.202755,30008,16.913300069,16.915500000,2.199931,1,1.202755,5.000000,14
1223,125,1.223153,30008,16.931885847,16.934000000,2.114153,1,1.223153,5.000000,14
1224,125,1.299448,30008,16.950272939,16.952500000,2.227061,1,1.299448,5.000000,14
1226,125,1.350686,30008,16.969617472,16.972000000,2.382528,1,1.350686,5.000000,14
1227,125,1.427332,30008,16.990415054,16.992500000,2.084946,1,1.427332,5.000000,14
1228,125,1.675538,30008,17.009061381,17.011500000,2.438619,1,1.675538,5.000000,14
1230,125,1.097967,30008,17.028045177,17.030500000,2.454823,1,1.097967,5.000000,14
1231,125,0.790140,30008,17.046342952,17.048500000,2.157048,1,0.790140,5.000000,14
1232,125,0.801220,30008,17.064640854,17.067000000,2.359146,1,0.801220,5.000000,14
1233,125,0.650795,30008,17.083913324,17.086000000,2.086676,1,0.650795,5.000000,14
1235,125,0.574273,30008,17.103503931,17.106000000,2.496069,1,0.574273,5.000000,14
1236,125,0.531226,30008,17.122632873,17.125000000,2.367127,1,0.531226,5.000000,14
1237,125,0.543943,30008,17.141161688,17.143500000,2.338312,1,0.543943,5.000000,14
1238,125,0.477266,30008,17.160783243,17.163000000,2.216757,1,0.477266,5.000000,14
1239,125,0.438621,30008,17.181574899,17.184000000,2.425101,1,0.438621,5.000000,14
1240,125,0.453124,30008,17.202322190,17.204500000,2.177810,1,0.453124,5.000000,14
1243,125,0.412403,30008,17.222311982,17.224500000,2.188018,1,0.412403,5.000000,14
1244,125,0.361225,30008,17.241106793,17.243500000,2.393207,1,0.361225,5.000000,14
1245,125,0.353895,30008,17.262331159,17.264500000,2.168841,1,0.353895,5.000000,14
1246,125,0.385154,30008,17.281655681,17.284000000,2.344319,1,0.385154,5.000000,14
1248,125,0.335850,30008,17.300130226,17.305500000,5.369774,0,10.219905,5.000000,14
1249,125,0.350462,30008,17.320111371,17.322500000,2.388629,1,0.350462,5.000000,14
1250,125,0.311570,30008,17.340370509,17.342500000,2.129491,1,0.311570,5.000000,14
1252,125,0.302569,30008,17.359549991,17.362000000,2.450009,1,0.302569,5.000000,14
1254,125,0.290215,30008,17.378327884,17.380500000,2.172116,1,0.290215,5.000000,14
1256,125,0.313018,30008,17.397408561,17.399500000,2.091439,1,0.313018,5.000000,14
1257,125,0.318794,30008,17.416952862,17.419000000,2.047138,1,0.318794,5.000000,14
1258,125,0.362704,30008,17.435615518,17.441000000,5.384482,0,10.219905,5.000000,14
1260,125,0.374981,30008,17.453976565,17.456500000,2.523435,1,0.374981,5.000000,14
1261,125,0.450282,30008,17.473945442,17.476000000,2.054558,1,0.450282,5.000000,14
1262,125,0.410147,30008,17.493271134,17.495500000,2.228866,1,0.410147,5.000000,14
1263,125,0.423567,30008,17.512227801,17.514500000,2.272199,1,0.423567,5.000000,14
1265,125,0.428864,30008,17.531173539,17.536500000,5.326461,0,10.219905,5.000000,14
1266,125,0.464535,30008,17.549740651,17.552000000,2.259349,1,0.464535,5.000000,14
1267,125,0.533939,30008,17.568966982,17.571500000,2.533018,1,0.533939,5.000000,14
1268,125,0.470113,30008,17.589408284,17.591500000,2.091716,1,0.470113,5.000000,14
1271,125,0.475219,30008,17.609861634,17.618000000,8.138366,0,10.219905,5.000000,14
1272,125,0.510521,30008,17.629557612,17.632000000,2.442388,1,0.510521,5.000000,14
1273,125,0.546939,30008,17.650405204,17.655500000,5.094796,0,10.219905,5.000000,14
1274,125,0.502034,30008,17.669246882,17.671500000,2.253118,1,0.502034,5.000000,14
1275,125,0.518528,30008,17.688223314,17.690500000,2.276686,1,0.518528,5.000000,14
1276,125,0.572733,30008,17.711744103,17.717000000,5.255897,0,10.219905,5.000000,14
1277,125,0.549979,30008,17.730569016,17.733000000,2.430984,1,0.549979,5.000000,14
1279,125,0.575206,30008,17.752402314,17.754500000,2.097686,1,0.575206,5.000000,14
1280,125,0.543929,30008,17.771941617,17.774000000,2.058383,1,0.543929,5.000000,14
1281,125,0.515232,30008,17.791355958,17.793500000,2.144042,1,0.515232,5.000000,14
1282,125,0.573144,30008,17.813415052,17.818500000,5.084948,0,10.219905,5.000000,14
1283,125,0.523137,30008,17.833913941,17.836000000,2.086059,1,0.523137,5.000000,14
1284,125,0.520596,30008,17.852293000,17.854500000,2.207000,1,0.520596,5.000000,14
1286,125,0.529665,30008,17.874126063,17.876500000,2.373937,1,0.529665,5.000000,14
1287,125,0.524401,30008,17.893256381,17.895500000,2.243619,1,0.524401,5.000000,14
1288,125,0.580862,30008,17.912841093,17.918000000,5.158907,0,10.219905,5.000000,14
1290,125,0.531562,30008,17.931870875,17.934000000,2.129125,1,0.531562,5.000000,14
1291,125,0.578335,30008,17.952580826,17.955000000,2.419174,1,0.578335,5.000000,14
1292,125,0.517337,30008,17.972581498,17.975000000,2.418502,1,0.517337,5.000000,14
1294,125,0.574679,30008,17.992986161,17.995500000,2.513839,1,0.574679,5.000000,14
1295,125,0.540268,30008,18.011774634,18.017000000,5.225366,0,10.219905,5.000000,14
1296,125,0.525858,30008,18.032124285,18.034500000,2.375715,1,0.525858,5.000000,14
1297,125,0.596597,30008,18.050917006,18.053000000,2.082994,1,0.596597,5.000000,14
1298,125,0.542605,30008,18.069407238,18.071500000,2.092762,1,0.542605,5.000000,14
1300,125,0.547747,30008,18.090065872,18.092500000,2.434128,1,0.547747,5.000000,14
1301,125,0.504779,30008,18.110635096,18.116000000,5.364904,0,10.219905,5.000000,14
1303,125,0.528225,30008,18.129057779,18.131500000,2.442221,1,0.528225,5.000000,14
1304,125,0.497948,30008,18.147549765,18.150000000,2.450235,1,0.497948,5.000000,14
1305,125,0.486353,30008,18.166899049,18.169000000,2.100951,1,0.486353,5.000000,14
1306,125,0.551434,30008,18.185982916,18.188500000,2.517084,1,0.551434,5.000000,14
1308,125,0.521793,30008,18.205397017,18.210500000,5.102983,0,10.219905,5.000000,14
1309,125,0.602539,30008,18.224110251,18.226500000,2.389749,1,0.602539,5.000000,14
1311,125,0.531775,30008,18.243584590,18.246000000,2.415410,1,0.531775,5.000000,14
1312,125,0.584895,30008,18.262359635,18.264500000,2.140365,1,0.584895,5.000000,14
1313,125,0.539517,30008,18.282845280,18.285000000,2.154720,1,0.539517,5.000000,14
1314,125,0.538399,30008,18.303512170,18.306000000,2.487830,1,0.538399,5.000000,14
1315,125,0.581673,30008,18.323989295,18.329500000,5.510705,0,10.219905,5.000000,14
1316,125,0.526056,30008,18.344190166,18.346500000,2.309834,1,0.526056,5.000000,14
1318,125,0.537301,30008,18.364050711,18.366500000,2.449289,1,0.537301,5.000000,14
1319,125,0.522803,30008,18.382800317,18.385000000,2.199683,1,0.522803,5.000000,14
1320,125,0.476932,30008,18.402886421,18.405000000,2.113579,1,0.476932,5.000000,14
1321,125,0.514135,30008,18.423863211,18.426000000,2.136789,1,0.514135,5.000000,14
1323,125,0.466511,30008,18.442230273,18.444500000,2.269727,1,0.466511,5.000000,14
1324,125,0.519734,30008,18.463470902,18.466000000,2.529098,1,0.519734,5.000000,14
1326,125,0.496646,30008,18.483401604,18.485500000,2.098396,1,0.496646,5.000000,14
1327,125,0.526863,30008,18.503735292,18.506000000,2.264708,1,0.526863,5.000000,14
1328,125,0.472910,30008,18.523626217,18.526000000,2.373783,1,0.472910,5.000000,14
1329,125,0.469399,30008,18.546783976,18.549000000,2.216024,1,0.469399,5.000000,14
1331,125,0.443684,30008,18.565149717,18.567500000,2.350283,1,0.443684,5.000000,14
1332,125,0.454081,30008,18.586238835,18.588500000,2.261165,1,0.454081,5.000000,14
1334,125,0.459909,30008,18.604638040,18.607000000,2.361960,1,0.459909,5.000000,14
1335,125,0.484962,30008,18.625479328,18.628000000,2.520672,1,0.484962,5.000000,14
1339,125,0.631484,30008,18.645885855,18.648000000,2.114145,1,0.631484,5.000000,14
1340,125,0.638980,30008,18.664361465,18.666500000,2.138535,1,0.638980,5.000000,14
1341,125,0.869213,30008,18.687270679,18.689500000,2.229321,1,0.869213,5.000000,14
1342,125,0.885784,30008,18.707385971,18.709500000,2.114029,1,0.885784,5.000000,14
1343,125,0.804237,30008,18.726448927,18.728500000,2.051073,1,0.804237,5.000000,14
1344,125,0.825344,30008,18.746034636,18.748500000,2.465364,1,0.825344,5.000000,14
1345,125,0.974726,30008,18.767308277,18.769500000,2.191723,1,0.974726,5.000000,14
1346,125,0.961599,30008,18.787520578,18.790000000,2.479422,1,0.961599,5.000000,14
1347,125,0.998308,30008,18.807031531,18.809500000,2.468469,1,0.998308,5.000000,14
1348,125,1.313624,30008,18.828424834,18.830500000,2.075166,1,1.313624,5.000000,14
1349,125,1.286825,30008,18.847574646,18.850000000,2.425354,1,1.286825,5.000000,14
1353,125,0.656362,30008,18.866660427,18.869000000,2.339573,1,0.656362,5.000000,14
1354,125,0.838717,30008,18.885461381,18.887500000,2.038619,1,0.838717,5.000000,14
1358,125,1.133823,30008,18.909768948,18.912000000,2.231052,1,1.133823,5.000000,14
1359,125,1.782984,30008,18.930746809,18.933000000,2.253191,1,1.782984,5.000000,14
1361,125,1.626303,30008,18.950879377,18.953000000,2.120623,1,1.626303,5.000000,14
1362,125,1.766300,30008,18.971495397,18.974000000,2.504603,1,1.766300,5.000000,14
1363,125,1.733040,30008,18.991433138,18.993500000,2.066862,1,1.733040,5.000000,14
1365,125,1.122579,30008,19.011712072,19.014000000,2.287928,1,1.122579,5.000000,14
1367,125,1.176995,30008,19.031149855,19.033500000,2.350145,1,1.176995,5.000000,14
1369,125,1.424568,30008,19.054681291,19.057000000,2.318709,1,1.424568,5.000000,14
1371,125,2.001958,30008,19.073215293,19.075500000,2.284707,1,2.001958,5.000000,14
1372,125,2.450159,30008,19.093451042,19.095500000,2.048958,1,2.450159,5.000000,14
1373,125,1.816476,30008,19.112549988,19.115000000,2.450012,1,1.816476,5.000000,14
1375,125,1.533948,30008,19.132783042,19.135000000,2.216958,1,1.533948,5.000000,14
1381,125,2.212115,30008,19.151052399,19.153500000,2.447601,1,2.212115,5.000000,14
1382,125,1.423856,30008,19.170308234,19.172500000,2.191766,1,1.423856,5.000000,14
1383,125,1.635291,30008,19.190187045,19.192500000,2.312955,1,1.635291,5.000000,14
1384,125,1.760863,30008,19.210805034,19.213000000,2.194966,1,1.760863,5.000000,15
1385,125,1.387658,30008,19.231231523,19.233500000,2.268477,1,1.387658,5.000000,15
1386,125,1.625588,30008,19.250000091,19.252500000,2.499909,1,1.625588,5.000000,15
1388,125,1.595164,30008,19.268653940,19.271000000,2.346060,1,1.595164,5.000000,15
1389,125,1.918304,30008,19.290858596,19.293000000,2.141404,1,1.918304,5.000000,15
1390,125,1.812908,30008,19.312757432,19.315000000,2.242568,1,1.812908,5.000000,15
1391,125,1.357232,30008,19.332603462,19.335000000,2.396538,1,1.357232,5.000000,15
1392,125,1.377955,30008,19.354195596,19.356500000,2.304404,1,1.377955,5.000000,15
1393,125,1.573436,30008,19.376476839,19.379000000,2.523161,1,1.573436,5.000000,15
1394,125,1.390227,30008,19.394710487,19.397000000,2.289513,1,1.390227,5.000000,15
1396,125,1.097656,30008,19.416494557,19.419000000,2.505443,1,1.097656,5.000000,15
1397,125,1.082583,30008,19.438124706,19.440500000,2.375294,1,1.082583,5.000000,15
1399,125,1.188764,30008,19.458209141,19.460500000,2.290859,1,1.188764,5.000000,15
1400,125,2.743025,30008,19.478161476,19.480500000,2.338524,1,2.743025,5.000000,15
1401,125,2.136356,30008,19.500067799,19.502500000,2.432201,1,2.136356,5.000000,15
1402,125,1.782498,30008,19.520045806,19.522500000,2.454194,1,1.782498,5.000000,15
1403,125,1.835902,30008,19.541495280,19.544000000,2.504720,1,1.835902,5.000000,15
1407,125,1.273162,30008,19.560246762,19.562500000,2.253238,1,1.273162,5.000000,15
1408,125,1.533210,30008,19.581389850,19.583500000,2.110150,1,1.533210,5.000000,15
1409,125,1.680152,30008,19.602701006,19.605000000,2.298994,1,1.680152,5.000000,15
1411,125,1.520474,30008,19.621974583,19.624500000,2.525417,1,1.520474,5.000000,14
1412,125,1.792929,30008,19.641045891,19.646500000,5.454109,0,10.219905,5.000000,14
1413,125,1.546399,30008,19.660143094,19.662500000,2.356906,1,1.546399,5.000000,14
1415,125,1.697633,30008,19.679404045,19.684500000,5.095955,0,10.219905,5.000000,14
1416,125,1.486208,30008,19.700725871,19.706000000,5.274129,0,10.219905,5.000000,14
1417,125,1.247048,30008,19.721531217,19.724000000,2.468783,1,1.247048,5.000000,14
1420,125,1.300268,30008,19.739779607,19.745000000,5.220393,0,10.219905,5.000000,14
1423,125,1.515426,30008,19.760198517,19.762500000,2.301483,1,1.515426,5.000000,14
1424,125,1.920777,30008,19.782496155,19.785000000,2.503845,1,1.920777,5.000000,14
1425,125,1.574406,30008,19.801040403,19.806500000,5.459597,0,10.219905,5.000000,14
1426,125,1.460953,30008,19.822706631,19.825000000,2.293369,1,1.460953,5.000000,14
18,0,0,0,0,0,-1,0,10.219905,5.000000,0
23,0,0,0,0,0,-1,0,10.219905,5.000000,0
25,0,0,0,0,0,-1,0,10.219905,5.000000,0
29,0,0,0,0,0,-1,0,10.219905,5.000000,0
30,0,0,0,0,0,-1,0,10.219905,5.000000,0
43,0,0,0,0,0,-1,0,10.219905,5.000000,0
44,0,0,0,0,0,-1,0,10.219905,5.000000,0
48,0,0,0,0,0,-1,0,10.219905,5.000000,0
49,0,0,0,0,0,-1,0,10.219905,5.000000,0
51,0,0,0,0,0,-1,0,10.219905,5.000000,0
56,0,0,0,0,0,-1,0,10.219905,5.000000,0
57,0,0,0,0,0,-1,0,10.219905,5.000000,0
65,0,0,0,0,0,-1,0,10.219905,5.000000,0
67,0,0,0,0,0,-1,0,10.219905,5.000000,0
69,0,0,0,0,0,-1,0,10.219905,5.000000,0
70,0,0,0,0,0,-1,0,10.219905,5.000000,0
73,0,0,0,0,0,-1,0,10.219905,5.000000,0
76,0,0,0,0,0,-1,0,10.219905,5.000000,0
84,0,0,0,0,0,-1,0,10.219905,5.000000,0
93,0,0,0,0,0,-1,0,10.219905,5.000000,0
96,0,0,0,0,0,-1,0,10.219905,5.000000,0
99,0,0,0,0,0,-1,0,10.219905,5.000000,0
100,0,0,0,0,0,-1,0,10.219905,5.000000,0
109,0,0,0,0,0,-1,0,10.219905,5.000000,0
111,0,0,0,0,0,-1,0,10.219905,5.000000,0
118,0,0,0,0,0,-1,0,10.219905,5.000000,0
120,0,0,0,0,0,-1,0,10.219905,5.000000,0
123,0,0,0,0,0,-1,0,10.219905,5.000000,0
124,0,0,0,0,0,-1,0,10.219905,5.000000,0
128,0,0,0,0,0,-1,0,10.219905,5.000000,0
134,0,0,0,0,0,-1,0,10.219905,5.000000,0
135,0,0,0,0,0,-1,0,10.219905,5.000000,0
141,0,0,0,0,0,-1,0,10.219905,5.000000,0
149,0,0,0,0,0,-1,0,10.219905,5.000000,0
151,0,0,0,0,0,-1,0,10.219905,5.000000,0
157,0,0,0,0,0,-1,0,10.219905,5.000000,0
158,0,0,0,0,0,-1,0,10.219905,5.000000,0
163,0,0,0,0,0,-1,0,10.219905,5.000000,0
166,0,0,0,0,0,-1,0,10.219905,5.000000,0
168,0,0,0,0,0,-1,0,10.219905,5.000000,0
170,0,0,0,0,0,-1,0,10.219905,5.000000,0
173,0,0,0,0,0,-1,0,10.219905,5.000000,0
174,0,0,0,0,0,-1,0,10.219905,5.000000,0
175,0,0,0,0,0,-1,0,10.219905,5.000000,0
177,0,0,0,0,0,-1,0,10.219905,5.000000,0
178,0,0,0,0,0,-1,0,10.219905,5.000000,0
179,0,0,0,0,0,-1,0,10.219905,5.000000,0
184,0,0,0,0,0,-1,0,10.219905,5.000000,0
185,0,0,0,0,0,-1,0,10.219905,5.000000,0
188,0,0,0,0,0,-1,0,10.219905,5.000000,0
192,0,0,0,0,0,-1,0,10.219905,5.000000,0
194,0,0,0,0,0,-1,0,10.219905,5.000000,0
196,0,0,0,0,0,-1,0,10.219905,5.000000,0
199,0,0,0,0,0,-1,0,10.219905,5.000000,0
203,0,0,0,0,0,-1,0,10.219905,5.000000,0
208,0,0,0,0,0,-1,0,10.219905,5.000000,0
210,0,0,0,0,0,-1,0,10.219905,5.000000,0
211,0,0,0,0,0,-1,0,10.219905,5.000000,0
212,0,0,0,0,0,-1,0,10.219905,5.000000,0
218,0,0,0,0,0,-1,0,10.219905,5.000000,0
219,0,0,0,0,0,-1,0,10.219905,5.000000,0
220,0,0,0,0,0,-1,0,10.219905,5.000000,0
221,0,0,0,0,0,-1,0,10.219905,5.000000,0
229,0,0,0,0,0,-1,0,10.219905,5.000000,0
230,0,0,0,0,0,-1,0,10.219905,5.000000,0
231,0,0,0,0,0,-1,0,10.219905,5.000000,0
233,0,0,0,0,0,-1,0,10.219905,5.000000,0
237,0,0,0,0,0,-1,0,10.219905,5.000000,0
239,0,0,0,0,0,-1,0,10.219905,5.000000,0
240,0,0,0,0,0,-1,0,10.219905,5.000000,0
246,0,0,0,0,0,-1,0,10.219905,5.000000,0
247,0,0,0,0,0,-1,0,10.219905,5.000000,0
251,0,0,0,0,0,-1,0,10.219905,5.000000,0
252,0,0,0,0,0,-1,0,10.219905,5.000000,0
254,0,0,0,0,0,-1,0,10.219905,5.000000,0
257,0,0,0,0,0,-1,0,10.219905,5.000000,0
259,0,0,0,0,0,-1,0,10.219905,5.000000,0
261,0,0,0,0,0,-1,0,10.219905,5.000000,0
266,0,0,0,0,0,-1,0,10.219905,5.000000,0
275,0,0,0,0,0,-1,0,10.219905,5.000000,0
278,0,0,0,0,0,-1,0,10.219905,5.000000,0
279,0,0,0,0,0,-1,0,10.219905,5.000000,0
281,0,0,0,0,0,-1,0,10.219905,5.000000,0
282,0,0,0,0,0,-1,0,10.219905,5.000000,0
283,0,0,0,0,0,-1,0,10.219905,5.000000,0
286,0,0,0,0,0,-1,0,10.219905,5.000000,0
289,0,0,0,0,0,-1,0,10.219905,5.000000,0
290,0,0,0,0,0,-1,0,10.219905,5.000000,0
291,0,0,0,0,0,-1,0,10.219905,5.000000,0
296,0,0,0,0,0,-1,0,10.219905,5.000000,0
297,0,0,0,0,0,-1,0,10.219905,5.000000,0
298,0,0,0,0,0,-1,0,10.219905,5.000000,0
299,0,0,0,0,0,-1,0,10.219905,5.000000,0
303,0,0,0,0,0,-1,0,10.219905,5.000000,0
307,0,0,0,0,0,-1,0,10.219905,5.000000,0
315,0,0,0,0,0,-1,0,10.219905,5.000000,0
318,0,0,0,0,0,-1,0,10.219905,5.000000,0
321,0,0,0,0,0,-1,0,10.219905,5.000000,0
322,0,0,0,0,0,-1,0,10.219905,5.000000,0
324,0,0,0,0,0,-1,0,10.219905,5.000000,0
331,0,0,0,0,0,-1,0,10.219905,5.000000,0
332,0,0,0,0,0,-1,0,10.219905,5.000000,0
340,0,0,0,0,0,-1,0,10.219905,5.000000,0
342,0,0,0,0,0,-1,0,10.219905,5.000000,0
344,0,0,0,0,0,-1,0,10.219905,5.000000,0
347,0,0,0,0,0,-1,0,10.219905,5.000000,0
350,0,0,0,0,0,-1,0,10.219905,5.000000,0
353,0,0,0,0,0,-1,0,10.219905,5.000000,0
354,0,0,0,0,0,-1,0,10.219905,5.000000,0
360,0,0,0,0,0,-1,0,10.219905,5.000000,0
361,0,0,0,0,0,-1,0,10.219905,5.000000,0
366,0,0,0,0,0,-1,0,10.219905,5.000000,0
367,0,0,0,0,0,-1,0,10.219905,5.000000,0
368,0,0,0,0,0,-1,0,10.219905,5.000000,0
374,0,0,0,0,0,-1,0,10.219905,5.000000,0
383,0,0,0,0,0,-1,0,10.219905,5.000000,0
387,0,0,0,0,0,-1,0,10.219905,5.000000,0
393,0,0,0,0,0,-1,0,10.219905,5.000000,0
402,0,0,0,0,0,-1,0,10.219905,5.000000,0
406,0,0,0,0,0,-1,0,10.219905,5.000000,0
407,0,0,0,0,0,-1,0,10.219905,5.000000,0
408,0,0,0,0,0,-1,0,10.219905,5.000000,0
410,0,0,0,0,0,-1,0,10.219905,5.000000,0
411,0,0,0,0,0,-1,0,10.219905,5.000000,0
414,0,0,0,0,0,-1,0,10.219905,5.000000,0
416,0,0,0,0,0,-1,0,10.219905,5.000000,0
420,0,0,0,0,0,-1,0,10.219905,5.000000,0
422,0,0,0,0,0,-1,0,10.219905,5.000000,0
423,0,0,0,0,0,-1,0,10.219905,5.000000,0
426,0,0,0,0,0,-1,0,10.219905,5.000000,0
430,0,0,0,0,0,-1,0,10.219905,5.000000,0
432,0,0,0,0,0,-1,0,10.219905,5.000000,0
433,0,0,0,0,0,-1,0,10.219905,5.000000,0
435,0,0,0,0,0,-1,0,10.219905,5.000000,0
436,0,0,0,0,0,-1,0,10.219905,5.000000,0
438,0,0,0,0,0,-1,0,10.219905,5.000000,0
440,0,0,0,0,0,-1,0,10.219905,5.000000,0
443,0,0,0,0,0,-1,0,10.219905,5.000000,0
445,0,0,0,0,0,-1,0,10.219905,5.000000,0
450,0,0,0,0,0,-1,0,10.219905,5.000000,0
457,0,0,0,0,0,-1,0,10.219905,5.000000,0
461,0,0,0,0,0,-1,0,10.219905,5.000000,0
463,0,0,0,0,0,-1,0,10.219905,5.000000,0
464,0,0,0,0,0,-1,0,10.219905,5.000000,0
471,0,0,0,0,0,-1,0,10.219905,5.000000,0
472,0,0,0,0,0,-1,0,10.219905,5.000000,0
478,0,0,0,0,0,-1,0,10.219905,5.000000,0
479,0,0,0,0,0,-1,0,10.219905,5.000000,0
480,0,0,0,0,0,-1,0,10.219905,5.000000,0
482,0,0,0,0,0,-1,0,10.219905,5.000000,0
485,0,0,0,0,0,-1,0,10.219905,5.000000,0
486,0,0,0,0,0,-1,0,10.219905,5.000000,0
489,0,0,0,0,0,-1,0,10.219905,5.000000,0
495,0,0,0,0,0,-1,0,10.219905,5.000000,0
497,0,0,0,0,0,-1,0,10.219905,5.000000,0
498,0,0,0,0,0,-1,0,10.219905,5.000000,0
507,0,0,0,0,0,-1,0,10.219905,5.000000,0
508,0,0,0,0,0,-1,0,10.219905,5.000000,0
509,0,0,0,0,0,-1,0,10.219905,5.000000,0
511,0,0,0,0,0,-1,0,10.219905,5.000000,0
518,0,0,0,0,0,-1,0,10.219905,5.000000,0
521,0,0,0,0,0,-1,0,10.219905,5.000000,0
522,0,0,0,0,0,-1,0,10.219905,5.000000,0
527,0,0,0,0,0,-1,0,10.219905,5.000000,0
528,0,0,0,0,0,-1,0,10.219905,5.000000,0
529,0,0,0,0,0,-1,0,10.219905,5.000000,0
530,0,0,0,0,0,-1,0,10.219905,5.000000,0
532,0,0,0,0,0,-1,0,10.219905,5.000000,0
544,0,0,0,0,0,-1,0,10.219905,5.000000,0
554,0,0,0,0,0,-1,0,10.219905,5.000000,0
555,0,0,0,0,0,-1,0,10.219905,5.000000,0
564,0,0,0,0,0,-1,0,10.219905,5.000000,0
565,0,0,0,0,0,-1,0,10.219905,5.000000,0
567,0,0,0,0,0,-1,0,10.219905,5.000000,0
568,0,0,0,0,0,-1,0,10.219905,5.000000,0
572,0,0,0,0,0,-1,0,10.219905,5.000000,0
575,0,0,0,0,0,-1,0,10.219905,5.000000,0
581,0,0,0,0,0,-1,0,10.219905,5.000000,0
582,0,0,0,0,0,-1,0,10.219905,5.000000,0
596,0,0,0,0,0,-1,0,10.219905,5.000000,0
598,0,0,0,0,0,-1,0,10.219905,5.000000,0
599,0,0,0,0,0,-1,0,10.219905,5.000000,0
601,0,0,0,0,0,-1,0,10.219905,5.000000,0
602,0,0,0,0,0,-1,0,10.219905,5.000000,0
605,0,0,0,0,0,-1,0,10.219905,5.000000,0
607,0,0,0,0,0,-1,0,10.219905,5.000000,0
610,0,0,0,0,0,-1,0,10.219905,5.000000,0
611,0,0,0,0,0,-1,0,10.219905,5.000000,0
613,0,0,0,0,0,-1,0,10.219905,5.000000,0
617,0,0,0,0,0,-1,0,10.219905,5.000000,0
618,0,0,0,0,0,-1,0,10.219905,5.000000,0
620,0,0,0,0,0,-1,0,10.219905,5.000000,0
621,0,0,0,0,0,-1,0,10.219905,5.000000,0
629,0,0,0,0,0,-1,0,10.219905,5.000000,0
632,0,0,0,0,0,-1,0,10.219905,5.000000,0
636,0,0,0,0,0,-1,0,10.219905,5.000000,0
637,0,0,0,0,0,-1,0,10.219905,5.000000,0
643,0,0,0,0,0,-1,0,10.219905,5.000000,0
647,0,0,0,0,0,-1,0,10.219905,5.000000,0
649,0,0,0,0,0,-1,0,10.219905,5.000000,0
650,0,0,0,0,0,-1,0,10.219905,5.000000,0
651,0,0,0,0,0,-1,0,10.219905,5.000000,0
654,0,0,0,0,0,-1,0,10.219905,5.000000,0
657,0,0,0,0,0,-1,0,10.219905,5.000000,0
662,0,0,0,0,0,-1,0,10.219905,5.000000,0
668,0,0,0,0,0,-1,0,10.219905,5.000000,0
670,0,0,0,0,0,-1,0,10.219905,5.000000,0
678,0,0,0,0,0,-1,0,10.219905,5.000000,0
679,0,0,0,0,0,-1,0,10.219905,5.000000,0
680,0,0,0,0,0,-1,0,10.219905,5.000000,0
693,0,0,0,0,0,-1,0,10.219905,5.000000,0
695,0,0,0,0,0,-1,0,10.219905,5.000000,0
700,0,0,0,0,0,-1,0,10.219905,5.000000,0
705,0,0,0,0,0,-1,0,10.219905,5.000000,0
707,0,0,0,0,0,-1,0,10.219905,5.000000,0
719,0,0,0,0,0,-1,0,10.219905,5.000000,0
727,0,0,0,0,0,-1,0,10.219905,5.000000,0
729,0,0,0,0,0,-1,0,10.219905,5.000000,0
736,0,0,0,0,0,-1,0,10.219905,5.000000,0
741,0,0,0,0,0,-1,0,10.219905,5.000000,0
742,0,0,0,0,0,-1,0,10.219905,5.000000,0
746,0,0,0,0,0,-1,0,10.219905,5.000000,0
748,0,0,0,0,0,-1,0,10.219905,5.000000,0
755,0,0,0,0,0,-1,0,10.219905,5.000000,0
756,0,0,0,0,0,-1,0,10.219905,5.000000,0
759,0,0,0,0,0,-1,0,10.219905,5.000000,0
761,0,0,0,0,0,-1,0,10.219905,5.000000,0
764,0,0,0,0,0,-1,0,10.219905,5.000000,0
765,0,0,0,0,0,-1,0,10.219905,5.000000,0
767,0,0,0,0,0,-1,0,10.219905,5.000000,0
772,0,0,0,0,0,-1,0,10.219905,5.000000,0
781,0,0,0,0,0,-1,0,10.219905,5.000000,0
782,0,0,0,0,0,-1,0,10.219905,5.000000,0
786,0,0,0,0,0,-1,0,10.219905,5.000000,0
787,0,0,0,0,0,-1,0,10.219905,5.000000,0
789,0,0,0,0,0,-1,0,10.219905,5.000000,0
790,0,0,0,0,0,-1,0,10.219905,5.000000,0
798,0,0,0,0,0,-1,0,10.219905,5.000000,0
801,0,0,0,0,0,-1,0,10.219905,5.000000,0
802,0,0,0,0,0,-1,0,10.219905,5.000000,0
807,0,0,0,0,0,-1,0,10.219905,5.000000,0
808,0,0,0,0,0,-1,0,10.219905,5.000000,0
809,0,0,0,0,0,-1,0,10.219905,5.000000,0
810,0,0,0,0,0,-1,0,10.219905,5.000000,0
812,0,0,0,0,0,-1,0,10.219905,5.000000,0
819,0,0,0,0,0,-1,0,10.219905,5.000000,0
821,0,0,0,0,0,-1,0,10.219905,5.000000,0
829,0,0,0,0,0,-1,0,10.219905,5.000000,0
834,0,0,0,0,0,-1,0,10.219905,5.000000,0
838,0,0,0,0,0,-1,0,10.219905,5.000000,0
839,0,0,0,0,0,-1,0,10.219905,5.000000,0
840,0,0,0,0,0,-1,0,10.219905,5.000000,0
841,0,0,0,0,0,-1,0,10.219905,5.000000,0
845,0,0,0,0,0,-1,0,10.219905,5.000000,0
856,0,0,0,0,0,-1,0,10.219905,5.000000,0
857,0,0,0,0,0,-1,0,10.219905,5.000000,0
859,0,0,0,0,0,-1,0,10.219905,5.000000,0
861,0,0,0,0,0,-1,0,10.219905,5.000000,0
866,0,0,0,0,0,-1,0,10.219905,5.000000,0
867,0,0,0,0,0,-1,0,10.219905,5.000000,0
869,0,0,0,0,0,-1,0,10.219905,5.000000,0
873,0,0,0,0,0,-1,0,10.219905,5.000000,0
874,0,0,0,0,0,-1,0,10.219905,5.000000,0
879,0,0,0,0,0,-1,0,10.219905,5.000000,0
881,0,0,0,0,0,-1,0,10.219905,5.000000,0
888,0,0,0,0,0,-1,0,10.219905,5.000000,0
889,0,0,0,0,0,-1,0,10.219905,5.000000,0
890,0,0,0,0,0,-1,0,10.219905,5.000000,0
900,0,0,0,0,0,-1,0,10.219905,5.000000,0
902,0,0,0,0,0,-1,0,10.219905,5.000000,0
903,0,0,0,0,0,-1,0,10.219905,5.000000,0
907,0,0,0,0,0,-1,0,10.219905,5.000000,0
911,0,0,0,0,0,-1,0,10.219905,5.000000,0
912,0,0,0,0,0,-1,0,10.219905,5.000000,0
916,0,0,0,0,0,-1,0,10.219905,5.000000,0
923,0,0,0,0,0,-1,0,10.219905,5.000000,0
929,0,0,0,0,0,-1,0,10.219905,5.000000,0
930,0,0,0,0,0,-1,0,10.219905,5.000000,0
931,0,0,0,0,0,-1,0,10.219905,5.000000,0
937,0,0,0,0,0,-1,0,10.219905,5.000000,0
940,0,0,0,0,0,-1,0,10.219905,5.000000,0
941,0,0,0,0,0,-1,0,10.219905,5.000000,0
942,0,0,0,0,0,-1,0,10.219905,5.000000,0
945,0,0,0,0,0,-1,0,10.219905,5.000000,0
949,0,0,0,0,0,-1,0,10.219905,5.000000,0
952,0,0,0,0,0,-1,0,10.219905,5.000000,0
962,0,0,0,0,0,-1,0,10.219905,5.000000,0
964,0,0,0,0,0,-1,0,10.219905,5.000000,0
965,0,0,0,0,0,-1,0,10.219905,5.000000,0
969,0,0,0,0,0,-1,0,10.219905,5.000000,0
973,0,0,0,0,0,-1,0,10.219905,5.000000,0
976,0,0,0,0,0,-1,0,10.219905,5.000000,0
979,0,0,0,0,0,-1,0,10.219905,5.000000,0
986,0,0,0,0,0,-1,0,10.219905,5.000000,0
990,0,0,0,0,0,-1,0,10.219905,5.000000,0
1001,0,0,0,0,0,-1,0,10.219905,5.000000,0
1004,0,0,0,0,0,-1,0,10.219905,5.000000,0
1005,0,0,0,0,0,-1,0,10.219905,5.000000,0
1010,0,0,0,0,0,-1,0,10.219905,5.000000,0
1014,0,0,0,0,0,-1,0,10.219905,5.000000,0
1017,0,0,0,0,0,-1,0,10.219905,5.000000,0
1023,0,0,0,0,0,-1,0,10.219905,5.000000,0
1025,0,0,0,0,0,-1,0,10.219905,5.000000,0
1027,0,0,0,0,0,-1,0,10.219905,5.000000,0
1029,0,0,0,0,0,-1,0,10.219905,5.000000,0
1033,0,0,0,0,0,-1,0,10.219905,5.000000,0
1034,0,0,0,0,0,-1,0,10.219905,5.000000,0
1036,0,0,0,0,0,-1,0,10.219905,5.000000,0
1041,0,0,0,0,0,-1,0,10.219905,5.000000,0
1044,0,0,0,0,0,-1,0,10.219905,5.000000,0
1047,0,0,0,0,0,-1,0,10.219905,5.000000,0
1048,0,0,0,0,0,-1,0,10.219905,5.000000,0
1050,0,0,0,0,0,-1,0,10.219905,5.000000,0
1055,0,0,0,0,0,-1,0,10.219905,5.000000,0
1056,0,0,0,0,0,-1,0,10.219905,5.000000,0
1061,0,0,0,0,0,-1,0,10.219905,5.000000,0
1068,0,0,0,0,0,-1,0,10.219905,5.000000,0
1073,0,0,0,0,0,-1,0,10.219905,5.000000,0
1075,0,0,0,0,0,-1,0,10.219905,5.000000,0
1080,0,0,0,0,0,-1,0,10.219905,5.000000,0
1083,0,0,0,0,0,-1,0,10.219905,5.000000,0
1084,0,0,0,0,0,-1,0,10.219905,5.000000,0
1089,0,0,0,0,0,-1,0,10.219905,5.000000,0
1091,0,0,0,0,0,-1,0,10.219905,5.000000,0
1094,0,0,0,0,0,-1,0,10.219905,5.000000,0
1097,0,0,0,0,0,-1,0,10.219905,5.000000,0
1099,0,0,0,0,0,-1,0,10.219905,5.000000,0
1100,0,0,0,0,0,-1,0,10.219905,5.000000,0
1102,0,0,0,0,0,-1,0,10.219905,5.000000,0
1103,0,0,0,0,0,-1,0,10.219905,5.000000,0
1105,0,0,0,0,0,-1,0,10.219905,5.000000,0
1110,0,0,0,0,0,-1,0,10.219905,5.000000,0
1113,0,0,0,0,0,-1,0,10.219905,5.000000,0
1114,0,0,0,0,0,-1,0,10.219905,5.000000,0
1116,0,0,0,0,0,-1,0,10.219905,5.000000,0
1117,0,0,0,0,0,-1,0,10.219905,5.000000,0
1124,0,0,0,0,0,-1,0,10.219905,5.000000,0
1125,0,0,0,0,0,-1,0,10.219905,5.000000,0
1127,0,0,0,0,0,-1,0,10.219905,5.000000,0
1128,0,0,0,0,0,-1,0,10.219905,5.000000,0
1135,0,0,0,0,0,-1,0,10.219905,5.000000,0
1137,0,0,0,0,0,-1,0,10.219905,5.000000,0
1146,0,0,0,0,0,-1,0,10.219905,5.000000,0
1149,0,0,0,0,0,-1,0,10.219905,5.000000,0
1151,0,0,0,0,0,-1,0,10.219905,5.000000,0
1161,0,0,0,0,0,-1,0,10.219905,5.000000,0
1163,0,0,0,0,0,-1,0,10.219905,5.000000,0
1165,0,0,0,0,0,-1,0,10.219905,5.000000,0
1173,0,0,0,0,0,-1,0,10.219905,5.000000,0
1177,0,0,0,0,0,-1,0,10.219905,5.000000,0
1178,0,0,0,0,0,-1,0,10.219905,5.000000,0
1179,0,0,0,0,0,-1,0,10.219905,5.000000,0
1185,0,0,0,0,0,-1,0,10.219905,5.000000,0
1186,0,0,0,0,0,-1,0,10.219905,5.000000,0
1187,0,0,0,0,0,-1,0,10.219905,5.000000,0
1189,0,0,0,0,0,-1,0,10.219905,5.000000,0
1190,0,0,0,0,0,-1,0,10.219905,5.000000,0
1194,0,0,0,0,0,-1,0,10.219905,5.000000,0
1195,0,0,0,0,0,-1,0,10.219905,5.000000,0
1196,0,0,0,0,0,-1,0,10.219905,5.000000,0
1200,0,0,0,0,0,-1,0,10.219905,5.000000,0
1207,0,0,0,0,0,-1,0,10.219905,5.000000,0
1208,0,0,0,0,0,-1,0,10.219905,5.000000,0
1210,0,0,0,0,0,-1,0,10.219905,5.000000,0
1211,0,0,0,0,0,-1,0,10.219905,5.000000,0
1213,0,0,0,0,0,-1,0,10.219905,5.000000,0
1216,0,0,0,0,0,-1,0,10.219905,5.000000,0
1220,0,0,0,0,0,-1,0,10.219905,5.000000,0
1222,0,0,0,0,0,-1,0,10.219905,5.000000,0
1225,0,0,0,0,0,-1,0,10.219905,5.000000,0
1229,0,0,0,0,0,-1,0,10.219905,5.000000,0
1234,0,0,0,0,0,-1,0,10.219905,5.000000,0
1241,0,0,0,0,0,-1,0,10.219905,5.000000,0
1242,0,0,0,0,0,-1,0,10.219905,5.000000,0
1247,0,0,0,0,0,-1,0,10.219905,5.000000,0
1251,0,0,0,0,0,-1,0,10.219905,5.000000,0
1253,0,0,0,0,0,-1,0,10.219905,5.000000,0
1255,0,0,0,0,0,-1,0,10.219905,5.000000,0
1259,0,0,0,0,0,-1,0,10.219905,5.000000,0
1264,0,0,0,0,0,-1,0,10.219905,5.000000,0
1269,0,0,0,0,0,-1,0,10.219905,5.000000,0
1270,0,0,0,0,0,-1,0,10.219905,5.000000,0
1278,0,0,0,0,0,-1,0,10.219905,5.000000,0
1285,0,0,0,0,0,-1,0,10.219905,5.000000,0
1289,0,0,0,0,0,-1,0,10.219905,5.000000,0
1293,0,0,0,0,0,-1,0,10.219905,5.000000,0
1299,0,0,0,0,0,-1,0,10.219905,5.000000,0
1302,0,0,0,0,0,-1,0,10.219905,5.000000,0
1307,0,0,0,0,0,-1,0,10.219905,5.000000,0
1310,0,0,0,0,0,-1,0,10.219905,5.000000,0
1317,0,0,0,0,0,-1,0,10.219905,5.000000,0
1322,0,0,0,0,0,-1,0,10.219905,5.000000,0
1325,0,0,0,0,0,-1,0,10.219905,5.000000,0
1330,0,0,0,0,0,-1,0,10.219905,5.000000,0
1333,0,0,0,0,0,-1,0,10.219905,5.000000,0
1336,0,0,0,0,0,-1,0,10.219905,5.000000,0
1337,0,0,0,0,0,-1,0,10.219905,5.000000,0
1338,0,0,0,0,0,-1,0,10.219905,5.000000,0
1350,0,0,0,0,0,-1,0,10.219905,5.000000,0
1351,0,0,0,0,0,-1,0,10.219905,5.000000,0
1352,0,0,0,0,0,-1,0,10.219905,5.000000,0
1355,0,0,0,0,0,-1,0,10.219905,5.000000,0
1356,0,0,0,0,0,-1,0,10.219905,5.000000,0
1357,0,0,0,0,0,-1,0,10.219905,5.000000,0
1360,0,0,0,0,0,-1,0,10.219905,5.000000,0
1364,0,0,0,0,0,-1,0,10.219905,5.000000,0
1366,0,0,0,0,0,-1,0,10.219905,5.000000,0
1368,0,0,0,0,0,-1,0,10.219905,5.000000,0
1370,0,0,0,0,0,-1,0,10.219905,5.000000,0
1374,0,0,0,0,0,-1,0,10.219905,5.000000,0
1376,0,0,0,0,0,-1,0,10.219905,5.000000,0
1377,0,0,0,0,0,-1,0,10.219905,5.000000,0
1378,0,0,0,0,0,-1,0,10.219905,5.000000,0
1379,0,0,0,0,0,-1,0,10.219905,5.000000,0
1380,0,0,0,0,0,-1,0,10.219905,5.000000,0
1387,0,0,0,0,0,-1,0,10.219905,5.000000,0
1395,0,0,0,0,0,-1,0,10.219905,5.000000,0
1398,0,0,0,0,0,-1,0,10.219905,5.000000,0
1404,0,0,0,0,0,-1,0,10.219905,5.000000,0
1405,0,0,0,0,0,-1,0,10.219905,5.000000,0
1406,0,0,0,0,0,-1,0,10.219905,5.000000,0
1410,0,0,0,0,0,-1,0,10.219905,5.000000,0
1414,0,0,0,0,0,-1,0,10.219905,5.000000,0
1418,0,0,0,0,0,-1,0,10.219905,5.000000,0
1419,0,0,0,0,0,-1,0,10.219905,5.000000,0
1421,0,0,0,0,0,-1,0,10.219905,5.000000,0
1422,0,0,0,0,0,-1,0,10.219905,5.000000,0
1427,0,0,0,0,0,-1,0,10.219905,5.000000,0
1428,0,0,0,0,0,-1,0,10.219905,5.000000,0
1429,0,0,0,0,0,-1,0,10.219905,5.000000,0
1430,0,0,0,0,0,-1,0,10.219905,5.000000,0
1431,0,0,0,0,0,-1,0,10.219905,5.000000,0
1432,0,0,0,0,0,-1,0,10.219905,5.000000,0
1433,0,0,0,0,0,-1,0,10.219905,5.000000,0
1434,0,0,0,0,0,-1,0,10.219905,5.000000,0
1435,0,0,0,0,0,-1,0,10.219905,5.000000,0
1436,0,0,0,0,0,-1,0,10.219905,5.000000,0
1437,0,0,0,0,0,-1,0,10.219905,5.000000,0
1438,0,0,0,0,0,-1,0,10.219905,5.000000,0
1439,0,0,0,0,0,-1,0,10.219905,5.000000,0
1440,0,0,0,0,0,-1,0,10.219905,5.000000,0
1441,0,0,0,0,0,-1,0,10.219905,5.000000,0
1442,0,0,0,0,0,-1,0,10.219905,5.000000,0
1443,0,0,0,0,0,-1,0,10.219905,5.000000,0
1444,0,0,0,0,0,-1,0,10.219905,5.000000,0
1445,0,0,0,0,0,-1,0,10.219905,5.000000,0
1446,0,0,0,0,0,-1,0,10.219905,5.000000,0
1447,0,0,0,0,0,-1,0,10.219905,5.000000,0
1448,0,0,0,0,0,-1,0,10.219905,5.000000,0
1449,0,0,0,0,0,-1,0,10.219905,5.000000,0
1450,0,0,0,0,0,-1,0,10.219905,5.000000,0
1451,0,0,0,0,0,-1,0,10.219905,5.000000,0
1452,0,0,0,0,0,-1,0,10.219905,5.000000,0
1453,0,0,0,0,0,-1,0,10.219905,5.000000,0
1454,0,0,0,0,0,-1,0,10.219905,5.000000,0
1455,0,0,0,0,0,-1,0,10.219905,5.000000,0
1456,0,0,0,0,0,-1,0,10.219905,5.000000,0
1457,0,0,0,0,0,-1,0,10.219905,5.000000,0
1458,0,0,0,0,0,-1,0,10.219905,5.000000,0
1459,0,0,0,0,0,-1,0,10.219905,5.000000,0
1460,0,0,0,0,0,-1,0,10.219905,5.000000,0
1461,0,0,0,0,0,-1,0,10.219905,5.000000,0
1462,0,0,0,0,0,-1,0,10.219905,5.000000,0
1463,0,0,0,0,0,-1,0,10.219905,5.000000,0
1464,0,0,0,0,0,-1,0,10.219905,5.000000,0
1465,0,0,0,0,0,-1,0,10.219905,5.000000,0
1466,0,0,0,0,0,-1,0,10.219905,5.000000,0
1467,0,0,0,0,0,-1,0,10.219905,5.000000,0
1468,0,0,0,0,0,-1,0,10.219905,5.000000,0
1469,0,0,0,0,0,-1,0,10.219905,5.000000,0
1470,0,0,0,0,0,-1,0,10.219905,5.000000,0
1471,0,0,0,0,0,-1,0,10.219905,5.000000,0
1472,0,0,0,0,0,-1,0,10.219905,5.000000,0
1473,0,0,0,0,0,-1,0,10.219905,5.000000,0
1474,0,0,0,0,0,-1,0,10.219905,5.000000,0
1475,0,0,0,0,0,-1,0,10.219905,5.000000,0
1476,0,0,0,0,0,-1,0,10.219905,5.000000,0
1477,0,0,0,0,0,-1,0,10.219905,5.000000,0
1478,0,0,0,0,0,-1,0,10.219905,5.000000,0
1479,0,0,0,0,0,-1,0,10.219905,5.000000,0
1480,0,0,0,0,0,-1,0,10.219905,5.000000,0
1481,0,0,0,0,0,-1,0,10.219905,5.000000,0
1482,0,0,0,0,0,-1,0,10.219905,5.000000,0
1483,0,0,0,0,0,-1,0,10.219905,5.000000,0
1484,0,0,0,0,0,-1,0,10.219905,5.000000,0
1485,0,0,0,0,0,-1,0,10.219905,5.000000,0
1486,0,0,0,0,0,-1,0,10.219905,5.000000,0
1487,0,0,0,0,0,-1,0,10.219905,5.000000,0
1488,0,0,0,0,0,-1,0,10.219905,5.000000,0
1489,0,0,0,0,0,-1,0,10.219905,5.000000,0
1490,0,0,0,0,0,-1,0,10.219905,5.000000,0
1491,0,0,0,0,0,-1,0,10.219905,5.000000,0
1492,0,0,0,0,0,-1,0,10.219905,5.000000,0
1493,0,0,0,0,0,-1,0,10.219905,5.000000,0
1494,0,0,0,0,0,-1,0,10.219905,5.000000,0
1495,0,0,0,0,0,-1,0,10.219905,5.000000,0
1496,0,0,0,0,0,-1,0,10.219905,5.000000,0
1497,0,0,0,0,0,-1,0,10.219905,5.000000,0
1498,0,0,0,0,0,-1,0,10.219905,5.000000,0
1499,0,0,0,0,0,-1,0,10.219905,5.000000,0
1500,0,0,0,0,0,-1,0,10.219905,5.000000,0
1501,0,0,0,0,0,-1,0,10.219905,5.000000,0
1502,0,0,0,0,0,-1,0,10.219905,5.000000,0
1503,0,0,0,0,0,-1,0,10.219905,5.000000,0
1504,0,0,0,0,0,-1,0,10.219905,5.000000,0
1505,0,0,0,0,0,-1,0,10.219905,5.000000,0
1506,0,0,0,0,0,-1,0,10.219905,5.000000,0
1507,0,0,0,0,0,-1,0,10.219905,5.000000,0
1508,0,0,0,0,0,-1,0,10.219905,5.000000,0
1509,0,0,0,0,0,-1,0,10.219905,5.000000,0
1510,0,0,0,0,0,-1,0,10.219905,5.000000,0
1511,0,0,0,0,0,-1,0,10.219905,5.000000,0
1512,0,0,0,0,0,-1,0,10.219905,5.000000,0
1513,0,0,0,0,0,-1,0,10.219905,5.000000,0
1514,0,0,0,0,0,-1,0,10.219905,5.000000,0
1515,0,0,0,0,0,-1,0,10.219905,5.000000,0
1516,0,0,0,0,0,-1,0,10.219905,5.000000,0
1517,0,0,0,0,0,-1,0,10.219905,5.000000,0
1518,0,0,0,0,0,-1,0,10.219905,5.000000,0
1519,0,0,0,0,0,-1,0,10.219905,5.000000,0
1520,0,0,0,0,0,-1,0,10.219905,5.000000,0
1521,0,0,0,0,0,-1,0,10.219905,5.000000,0
1522,0,0,0,0,0,-1,0,10.219905,5.000000,0
1523,0,0,0,0,0,-1,0,10.219905,5.000000,0
1524,0,0,0,0,0,-1,0,10.219905,5.000000,0
1525,0,0,0,0,0,-1,0,10.219905,5.000000,0
1526,0,0,0,0,0,-1,0,10.219905,5.000000,0
1527,0,0,0,0,0,-1,0,10.219905,5.000000,0
1528,0,0,0,0,0,-1,0,10.219905,5.000000,0
1529,0,0,0,0,0,-1,0,10.219905,5.000000,0
1530,0,0,0,0,0,-1,0,10.219905,5.000000,0
1531,0,0,0,0,0,-1,0,10.219905,5.000000,0
1532,0,0,0,0,0,-1,0,10.219905,5.000000,0
1533,0,0,0,0,0,-1,0,10.219905,5.000000,0
1534,0,0,0,0,0,-1,0,10.219905,5.000000,0
1535,0,0,0,0,0,-1,0,10.219905,5.000000,0
1536,0,0,0,0,0,-1,0,10.219905,5.000000,0
1537,0,0,0,0,0,-1,0,10.219905,5.000000,0
1538,0,0,0,0,0,-1,0,10.219905,5.000000,0
1539,0,0,0,0,0,-1,0,10.219905,5.000000,0
1540,0,0,0,0,0,-1,0,10.219905,5.000000,0
1541,0,0,0,0,0,-1,0,10.219905,5.000000,0
1542,0,0,0,0,0,-1,0,10.219905,5.000000,0
1543,0,0,0,0,0,-1,0,10.219905,5.000000,0
1544,0,0,0,0,0,-1,0,10.219905,5.000000,0
1545,0,0,0,0,0,-1,0,10.219905,5.000000,0
1546,0,0,0,0,0,-1,0,10.219905,5.000000,0
1547,0,0,0,0,0,-1,0,10.219905,5.000000,0
1548,0,0,0,0,0,-1,0,10.219905,5.000000,0
1549,0,0,0,0,0,-1,0,10.219905,5.000000,0
1550,0,0,0,0,0,-1,0,10.219905,5.000000,0
1551,0,0,0,0,0,-1,0,10.219905,5.000000,0
1552,0,0,0,0,0,-1,0,10.219905,5.000000,0
1553,0,0,0,0,0,-1,0,10.219905,5.000000,0
1554,0,0,0,0,0,-1,0,10.219905,5.000000,0
1555,0,0,0,0,0,-1,0,10.219905,5.000000,0
1556,0,0,0,0,0,-1,0,10.219905,5.000000,0
1557,0,0,0,0,0,-1,0,10.219905,5.000000,0
1558,0,0,0,0,0,-1,0,10.219905,5.000000,0
1559,0,0,0,0,0,-1,0,10.219905,5.000000,0
1560,0,0,0,0,0,-1,0,10.219905,5.000000,0
1561,0,0,0,0,0,-1,0,10.219905,5.000000,0
1562,0,0,0,0,0,-1,0,10.219905,5.000000,0
1563,0,0,0,0,0,-1,0,10.219905,5.000000,0
1564,0,0,0,0,0,-1,0,10.219905,5.000000,0
1565,0,0,0,0,0,-1,0,10.219905,5.000000,0
1566,0,0,0,0,0,-1,0,10.219905,5.000000,0
1567,0,0,0,0,0,-1,0,10.219905,5.000000,0
1568,0,0,0,0,0,-1,0,10.219905,5.000000,0
1569,0,0,0,0,0,-1,0,10.219905,5.000000,0
1570,0,0,0,0,0,-1,0,10.219905,5.000000,0
1571,0,0,0,0,0,-1,0,10.219905,5.000000,0
1572,0,0,0,0,0,-1,0,10.219905,5.000000,0
1573,0,0,0,0,0,-1,0,10.219905,5.000000,0
1574,0,0,0,0,0,-1,0,10.219905,5.000000,0
1575,0,0,0,0,0,-1,0,10.219905,5.000000,0
1576,0,0,0,0,0,-1,0,10.219905,5.000000,0
1577,0,0,0,0,0,-1,0,10.219905,5.000000,0
1578,0,0,0,0,0,-1,0,10.219905,5.000000,0
1579,0,0,0,0,0,-1,0,10.219905,5.000000,0
1580,0,0,0,0,0,-1,0,10.219905,5.000000,0
1581,0,0,0,0,0,-1,0,10.219905,5.000000,0
1582,0,0,0,0,0,-1,0,10.219905,5.000000,0
1583,0,0,0,0,0,-1,0,10.219905,5.000000,0
1584,0,0,0,0,0,-1,0,10.219905,5.000000,0
1585,0,0,0,0,0,-1,0,10.219905,5.000000,0
1586,0,0,0,0,0,-1,0,10.219905,5.000000,0
1587,0,0,0,0,0,-1,0,10.219905,5.000000,0
1588,0,0,0,0,0,-1,0,10.219905,5.000000,0
1589,0,0,0,0,0,-1,0,10.219905,5.000000,0
1590,0,0,0,0,0,-1,0,10.219905,5.000000,0
1591,0,0,0,0,0,-1,0,10.219905,5.000000,0
1592,0,0,0,0,0,-1,0,10.219905,5.000000,0
1593,0,0,0,0,0,-1,0,10.219905,5.000000,0
1594,0,0,0,0,0,-1,0,10.219905,5.000000,0
1595,0,0,0,0,0,-1,0,10.219905,5.000000,0
1596,0,0,0,0,0,-1,0,10.219905,5.000000,0
1597,0,0,0,0,0,-1,0,10.219905,5.000000,0
1598,0,0,0,0,0,-1,0,10.219905,5.000000,0
1599,0,0,0,0,0,-1,0,10.219905,5.000000,0
1600,0,0,0,0,0,-1,0,10.219905,5.000000,0
1601,0,0,0,0,0,-1,0,10.219905,5.000000,0
1602,0,0,0,0,0,-1,0,10.219905,5.000000,0
1603,0,0,0,0,0,-1,0,10.219905,5.000000,0
1604,0,0,0,0,0,-1,0,10.219905,5.000000,0
1605,0,0,0,0,0,-1,0,10.219905,5.000000,0
1606,0,0,0,0,0,-1,0,10.219905,5.000000,0
1607,0,0,0,0,0,-1,0,10.219905,5.000000,0
1608,0,0,0,0,0,-1,0,10.219905,5.000000,0
1609,0,0,0,0,0,-1,0,10.219905,5.000000,0
1610,0,0,0,0,0,-1,0,10.219905,5.000000,0
1611,0,0,0,0,0,-1,0,10.219905,5.000000,0
1612,0,0,0,0,0,-1,0,10.219905,5.000000,0
1613,0,0,0,0,0,-1,0,10.219905,5.000000,0
1614,0,0,0,0,0,-1,0,10.219905,5.000000,0
1615,0,0,0,0,0,-1,0,10.219905,5.000000,0
1616,0,0,0,0,0,-1,0,10.219905,5.000000,0
1617,0,0,0,0,0,-1,0,10.219905,5.000000,0
1618,0,0,0,0,0,-1,0,10.219905,5.000000,0
1619,0,0,0,0,0,-1,0,10.219905,5.000000,0
1620,0,0,0,0,0,-1,0,10.219905,5.000000,0
1621,0,0,0,0,0,-1,0,10.219905,5.000000,0
1622,0,0,0,0,0,-1,0,10.219905,5.000000,0
1623,0,0,0,0,0,-1,0,10.219905,5.000000,0
1624,0,0,0,0,0,-1,0,10.219905,5.000000,0
1625,0,0,0,0,0,-1,0,10.219905,5.000000,0
1626,0,0,0,0,0,-1,0,10.219905,5.000000,0
1627,0,0,0,0,0,-1,0,10.219905,5.000000,0
1628,0,0,0,0,0,-1,0,10.219905,5.000000,0
1629,0,0,0,0,0,-1,0,10.219905,5.000000,0
1630,0,0,0,0,0,-1,0,10.219905,5.000000,0
1631,0,0,0,0,0,-1,0,10.219905,5.000000,0
1632,0,0,0,0,0,-1,0,10.219905,5.000000,0
1633,0,0,0,0,0,-1,0,10.219905,5.000000,0
1634,0,0,0,0,0,-1,0,10.219905,5.000000,0
1635,0,0,0,0,0,-1,0,10.219905,5.000000,0
1636,0,0,0,0,0,-1,0,10.219905,5.000000,0
1637,0,0,0,0,0,-1,0,10.219905,5.000000,0
1638,0,0,0,0,0,-1,0,10.219905,5.000000,0
1639,0,0,0,0,0,-1,0,10.219905,5.000000,0
1640,0,0,0,0,0,-1,0,10.219905,5.000000,0
1641,0,0,0,0,0,-1,0,10.219905,5.000000,0
1642,0,0,0,0,0,-1,0,10.219905,5.000000,0
1643,0,0,0,0,0,-1,0,10.219905,5.000000,0
1644,0,0,0,0,0,-1,0,10.219905,5.000000,0
1645,0,0,0,0,0,-1,0,10.219905,5.000000,0
1646,0,0,0,0,0,-1,0,10.219905,5.000000,0
1647,0,0,0,0,0,-1,0,10.219905,5.000000,0
1648,0,0,0,0,0,-1,0,10.219905,5.000000,0
1649,0,0,0,0,0,-1,0,10.219905,5.000000,0
1650,0,0,0,0,0,-1,0,10.219905,5.000000,0
1651,0,0,0,0,0,-1,0,10.219905,5.000000,0
1652,0,0,0,0,0,-1,0,10.219905,5.000000,0
1653,0,0,0,0,0,-1,0,10.219905,5.000000,0
1654,0,0,0,0,0,-1,0,10.219905,5.000000,0
1655,0,0,0,0,0,-1,0,10.219905,5.000000,0
1656,0,0,0,0,0,-1,0,10.219905,5.000000,0
1657,0,0,0,0,0,-1,0,10.219905,5.000000,0
1658,0,0,0,0,0,-1,0,10.219905,5.000000,0
1659,0,0,0,0,0,-1,0,10.219905,5.000000,0
1660,0,0,0,0,0,-1,0,10.219905,5.000000,0
1661,0,0,0,0,0,-1,0,10.219905,5.000000,0
1662,0,0,0,0,0,-1,0,10.219905,5.000000,0
1663,0,0,0,0,0,-1,0,10.219905,5.000000,0
1664,0,0,0,0,0,-1,0,10.219905,5.000000,0
1665,0,0,0,0,0,-1,0,10.219905,5.000000,0
1666,0,0,0,0,0,-1,0,10.219905,5.000000,0
1667,0,0,0,0,0,-1,0,10.219905,5.000000,0
1668,0,0,0,0,0,-1,0,10.219905,5.000000,0
1669,0,0,0,0,0,-1,0,10.219905,5.000000,0
1670,0,0,0,0,0,-1,0,10.219905,5.000000,0
1671,0,0,0,0,0,-1,0,10.219905,5.000000,0
1672,0,0,0,0,0,-1,0,10.219905,5.000000,0
1673,0,0,0,0,0,-1,0,10.219905,5.000000,0
1674,0,0,0,0,0,-1,0,10.219905,5.000000,0
1675,0,0,0,0,0,-1,0,10.219905,5.000000,0
1676,0,0,0,0,0,-1,0,10.219905,5.000000,0
1677,0,0,0,0,0,-1,0,10.219905,5.000000,0
1678,0,0,0,0,0,-1,0,10.219905,5.000000,0
1679,0,0,0,0,0,-1,0,10.219905,5.000000,0
1680,0,0,0,0,0,-1,0,10.219905,5.000000,0
1681,0,0,0,0,0,-1,0,10.219905,5.000000,0
1682,0,0,0,0,0,-1,0,10.219905,5.000000,0
1683,0,0,0,0,0,-1,0,10.219905,5.000000,0
1684,0,0,0,0,0,-1,0,10.219905,5.000000,0
1685,0,0,0,0,0,-1,0,10.219905,5.000000,0
1686,0,0,0,0,0,-1,0,10.219905,5.000000,0
1687,0,0,0,0,0,-1,0,10.219905,5.000000,0
1688,0,0,0,0,0,-1,0,10.219905,5.000000,0
1689,0,0,0,0,0,-1,0,10.219905,5.000000,0
1690,0,0,0,0,0,-1,0,10.219905,5.000000,0
1691,0,0,0,0,0,-1,0,10.219905,5.000000,0
1692,0,0,0,0,0,-1,0,10.219905,5.000000,0
1693,0,0,0,0,0,-1,0,10.219905,5.000000,0
1694,0,0,0,0,0,-1,0,10.219905,5.000000,0
1695,0,0,0,0,0,-1,0,10.219905,5.000000,0
1696,0,0,0,0,0,-1,0,10.219905,5.000000,0
1697,0,0,0,0,0,-1,0,10.219905,5.000000,0
1698,0,0,0,0,0,-1,0,10.219905,5.000000,0
1699,0,0,0,0,0,-1,0,10.219905,5.000000,0
1700,0,0,0,0,0,-1,0,10.219905,5.000000,0
1701,0,0,0,0,0,-1,0,10.219905,5.000000,0
1702,0,0,0,0,0,-1,0,10.219905,5.000000,0
1703,0,0,0,0,0,-1,0,10.219905,5.000000,0
1704,0,0,0,0,0,-1,0,10.219905,5.000000,0
1705,0,0,0,0,0,-1,0,10.219905,5.000000,0
1706,0,0,0,0,0,-1,0,10.219905,5.000000,0
1707,0,0,0,0,0,-1,0,10.219905,5.000000,0
1708,0,0,0,0,0,-1,0,10.219905,5.000000,0
1709,0,0,0,0,0,-1,0,10.219905,5.000000,0
1710,0,0,0,0,0,-1,0,10.219905,5.000000,0
1711,0,0,0,0,0,-1,0,10.219905,5.000000,0
1712,0,0,0,0,0,-1,0,10.219905,5.000000,0
1713,0,0,0,0,0,-1,0,10.219905,5.000000,0
1714,0,0,0,0,0,-1,0,10.219905,5.000000,0
1715,0,0,0,0,0,-1,0,10.219905,5.000000,0
1716,0,0,0,0,0,-1,0,10.219905,5.000000,0
1717,0,0,0,0,0,-1,0,10.219905,5.000000,0
1718,0,0,0,0,0,-1,0,10.219905,5.000000,0
1719,0,0,0,0,0,-1,0,10.219905,5.000000,0
1720,0,0,0,0,0,-1,0,10.219905,5.000000,0
1721,0,0,0,0,0,-1,0,10.219905,5.000000,0
1722,0,0,0,0,0,-1,0,10.219905,5.000000,0
1723,0,0,0,0,0,-1,0,10.219905,5.000000,0
1724,0,0,0,0,0,-1,0,10.219905,5.000000,0
1725,0,0,0,0,0,-1,0,10.219905,5.000000,0
1726,0,0,0,0,0,-1,0,10.219905,5.000000,0
1727,0,0,0,0,0,-1,0,10.219905,5.000000,0
1728,0,0,0,0,0,-1,0,10.219905,5.000000,0
1729,0,0,0,0,0,-1,0,10.219905,5.000000,0
1730,0,0,0,0,0,-1,0,10.219905,5.000000,0
1731,0,0,0,0,0,-1,0,10.219905,5.000000,0
1732,0,0,0,0,0,-1,0,10.219905,5.000000,0
1733,0,0,0,0,0,-1,0,10.219905,5.000000,0
1734,0,0,0,0,0,-1,0,10.219905,5.000000,0
1735,0,0,0,0,0,-1,0,10.219905,5.000000,0
1736,0,0,0,0,0,-1,0,10.219905,5.000000,0
1737,0,0,0,0,0,-1,0,10.219905,5.000000,0
1738,0,0,0,0,0,-1,0,10.219905,5.000000,0
1739,0,0,0,0,0,-1,0,10.219905,5.000000,0
1740,0,0,0,0,0,-1,0,10.219905,5.000000,0
1741,0,0,0,0,0,-1,0,10.219905,5.000000,0
1742,0,0,0,0,0,-1,0,10.219905,5.000000,0
1743,0,0,0,0,0,-1,0,10.219905,5.000000,0
1744,0,0,0,0,0,-1,0,10.219905,5.000000,0
1745,0,0,0,0,0,-1,0,10.219905,5.000000,0
1746,0,0,0,0,0,-1,0,10.219905,5.000000,0
1747,0,0,0,0,0,-1,0,10.219905,5.000000,0
1748,0,0,0,0,0,-1,0,10.219905,5.000000,0
1749,0,0,0,0,0,-1,0,10.219905,5.000000,0
1750,0,0,0,0,0,-1,0,10.219905,5.000000,0
1751,0,0,0,0,0,-1,0,10.219905,5.000000,0
1752,0,0,0,0,0,-1,0,10.219905,5.000000,0
1753,0,0,0,0,0,-1,0,10.219905,5.000000,0
1754,0,0,0,0,0,-1,0,10.219905,5.000000,0
1755,0,0,0,0,0,-1,0,10.219905,5.000000,0
1756,0,0,0,0,0,-1,0,10.219905,5.000000,0
1757,0,0,0,0,0,-1,0,10.219905,5.000000,0
1758,0,0,0,0,0,-1,0,10.219905,5.000000,0
1759,0,0,0,0,0,-1,0,10.219905,5.000000,0
1760,0,0,0,0,0,-1,0,10.219905,5.000000,0
1761,0,0,0,0,0,-1,0,10.219905,5.000000,0
1762,0,0,0,0,0,-1,0,10.219905,5.000000,0
1763,0,0,0,0,0,-1,0,10.219905,5.000000,0
1764,0,0,0,0,0,-1,0,10.219905,5.000000,0
1765,0,0,0,0,0,-1,0,10.219905,5.000000,0
1766,0,0,0,0,0,-1,0,10.219905,5.000000,0
1767,0,0,0,0,0,-1,0,10.219905,5.000000,0
1768,0,0,0,0,0,-1,0,10.219905,5.000000,0
1769,0,0,0,0,0,-1,0,10.219905,5.000000,0
1770,0,0,0,0,0,-1,0,10.219905,5.000000,0
1771,0,0,0,0,0,-1,0,10.219905,5.000000,0
1772,0,0,0,0,0,-1,0,10.219905,5.000000,0
1773,0,0,0,0,0,-1,0,10.219905,5.000000,0
1774,0,0,0,0,0,-1,0,10.219905,5.000000,0
1775,0,0,0,0,0,-1,0,10.219905,5.000000,0
1776,0,0,0,0,0,-1,0,10.219905,5.000000,0
1777,0,0,0,0,0,-1,0,10.219905,5.000000,0
1778,0,0,0,0,0,-1,0,10.219905,5.000000,0
1779,0,0,0,0,0,-1,0,10.219905,5.000000,0
1780,0,0,0,0,0,-1,0,10.219905,5.000000,0
1781,0,0,0,0,0,-1,0,10.219905,5.000000,0
1782,0,0,0,0,0,-1,0,10.219905,5.000000,0
1783,0,0,0,0,0,-1,0,10.219905,5.000000,0
1784,0,0,0,0,0,-1,0,10.219905,5.000000,0
1785,0,0,0,0,0,-1,0,10.219905,5.000000,0
1786,0,0,0,0,0,-1,0,10.219905,5.000000,0
1787,0,0,0,0,0,-1,0,10.219905,5.000000,0
1788,0,0,0,0,0,-1,0,10.219905,5.000000,0
1789,0,0,0,0,0,-1,0,10.219905,5.000000,0
1790,0,0,0,0,0,-1,0,10.219905,5.000000,0
1791,0,0,0,0,0,-1,0,10.219905,5.000000,0
1792,0,0,0,0,0,-1,0,10.219905,5.000000,0
1793,0,0,0,0,0,-1,0,10.219905,5.000000,0
1794,0,0,0,0,0,-1,0,10.219905,5.000000,0
1795,0,0,0,0,0,-1,0,10.219905,5.000000,0
1796,0,0,0,0,0,-1,0,10.219905,5.000000,0
1797,0,0,0,0,0,-1,0,10.219905,5.000000,0
1798,0,0,0,0,0,-1,0,10.219905,5.000000,0
1799,0,0,0,0,0,-1,0,10.219905,5.000000,0
1800,0,0,0,0,0,-1,0,10.219905,5.000000,0
1801,0,0,0,0,0,-1,0,10.219905,5.000000,0
1802,0,0,0,0,0,-1,0,10.219905,5.000000,0
1803,0,0,0,0,0,-1,0,10.219905,5.000000,0
1804,0,0,0,0,0,-1,0,10.219905,5.000000,0
1805,0,0,0,0,0,-1,0,10.219905,5.000000,0
1806,0,0,0,0,0,-1,0,10.219905,5.000000,0
1807,0,0,0,0,0,-1,0,10.219905,5.000000,0
1808,0,0,0,0,0,-1,0,10.219905,5.000000,0
1809,0,0,0,0,0,-1,0,10.219905,5.000000,0
1810,0,0,0,0,0,-1,0,10.219905,5.000000,0
1811,0,0,0,0,0,-1,0,10.219905,5.000000,0
1812,0,0,0,0,0,-1,0,10.219905,5.000000,0
1813,0,0,0,0,0,-1,0,10.219905,5.000000,0
1814,0,0,0,0,0,-1,0,10.219905,5.000000,0
1815,0,0,0,0,0,-1,0,10.219905,5.000000,0
1816,0,0,0,0,0,-1,0,10.219905,5.000000,0
1817,0,0,0,0,0,-1,0,10.219905,5.000000,0
1818,0,0,0,0,0,-1,0,10.219905,5.000000,0
1819,0,0,0,0,0,-1,0,10.219905,5.000000,0
1820,0,0,0,0,0,-1,0,10.219905,5.000000,0
1821,0,0,0,0,0,-1,0,10.219905,5.000000,0
1822,0,0,0,0,0,-1,0,10.219905,5.000000,0
1823,0,0,0,0,0,-1,0,10.219905,5.000000,0
1824,0,0,0,0,0,-1,0,10.219905,5.000000,0
1825,0,0,0,0,0,-1,0,10.219905,5.000000,0
1826,0,0,0,0,0,-1,0,10.219905,5.000000,0
1827,0,0,0,0,0,-1,0,10.219905,5.000000,0
1828,0,0,0,0,0,-1,0,10.219905,5.000000,0
1829,0,0,0,0,0,-1,0,10.219905,5.000000,0
1830,0,0,0,0,0,-1,0,10.219905,5.000000,0
1831,0,0,0,0,0,-1,0,10.219905,5.000000,0
1832,0,0,0,0,0,-1,0,10.219905,5.000000,0
1833,0,0,0,0,0,-1,0,10.219905,5.000000,0
1834,0,0,0,0,0,-1,0,10.219905,5.000000,0
1835,0,0,0,0,0,-1,0,10.219905,5.000000,0
1836,0,0,0,0,0,-1,0,10.219905,5.000000,0
1837,0,0,0,0,0,-1,0,10.219905,5.000000,0
1838,0,0,0,0,0,-1,0,10.219905,5.000000,0
1839,0,0,0,0,0,-1,0,10.219905,5.000000,0
1840,0,0,0,0,0,-1,0,10.219905,5.000000,0
1841,0,0,0,0,0,-1,0,10.219905,5.000000,0
1842,0,0,0,0,0,-1,0,10.219905,5.000000,0
1843,0,0,0,0,0,-1,0,10.219905,5.000000,0
1844,0,0,0,0,0,-1,0,10.219905,5.000000,0
1845,0,0,0,0,0,-1,0,10.219905,5.000000,0
1846,0,0,0,0,0,-1,0,10.219905,5.000000,0
1847,0,0,0,0,0,-1,0,10.219905,5.000000,0
1848,0,0,0,0,0,-1,0,10.219905,5.000000,0
1849,0,0,0,0,0,-1,0,10.219905,5.000000,0
1850,0,0,0,0,0,-1,0,10.219905,5.000000,0
1851,0,0,0,0,0,-1,0,10.219905,5.000000,0
1852,0,0,0,0,0,-1,0,10.219905,5.000000,0
1853,0,0,0,0,0,-1,0,10.219905,5.000000,0
1854,0,0,0,0,0,-1,0,10.219905,5.000000,0
1855,0,0,0,0,0,-1,0,10.219905,5.000000,0
1856,0,0,0,0,0,-1,0,10.219905,5.000000,0
1857,0,0,0,0,0,-1,0,10.219905,5.000000,0
1858,0,0,0,0,0,-1,0,10.219905,5.000000,0
1859,0,0,0,0,0,-1,0,10.219905,5.000000,0
1860,0,0,0,0,0,-1,0,10.219905,5.000000,0
1861,0,0,0,0,0,-1,0,10.219905,5.000000,0
1862,0,0,0,0,0,-1,0,10.219905,5.000000,0
1863,0,0,0,0,0,-1,0,10.219905,5.000000,0
1864,0,0,0,0,0,-1,0,10.219905,5.000000,0
1865,0,0,0,0,0,-1,0,10.219905,5.000000,0
1866,0,0,0,0,0,-1,0,10.219905,5.000000,0
1867,0,0,0,0,0,-1,0,10.219905,5.000000,0
1868,0,0,0,0,0,-1,0,10.219905,5.000000,0
1869,0,0,0,0,0,-1,0,10.219905,5.000000,0
1870,0,0,0,0,0,-1,0,10.219905,5.000000,0
1871,0,0,0,0,0,-1,0,10.219905,5.000000,0
1872,0,0,0,0,0,-1,0,10.219905,5.000000,0
1873,0,0,0,0,0,-1,0,10.219905,5.000000,0
1874,0,0,0,0,0,-1,0,10.219905,5.000000,0
1875,0,0,0,0,0,-1,0,10.219905,5.000000,0
1876,0,0,0,0,0,-1,0,10.219905,5.000000,0
1877,0,0,0,0,0,-1,0,10.219905,5.000000,0
1878,0,0,0,0,0,-1,0,10.219905,5.000000,0
1879,0,0,0,0,0,-1,0,10.219905,5.000000,0
1880,0,0,0,0,0,-1,0,10.219905,5.000000,0
1881,0,0,0,0,0,-1,0,10.219905,5.000000,0
1882,0,0,0,0,0,-1,0,10.219905,5.000000,0
1883,0,0,0,0,0,-1,0,10.219905,5.000000,0
1884,0,0,0,0,0,-1,0,10.219905,5.000000,0
1885,0,0,0,0,0,-1,0,10.219905,5.000000,0
1886,0,0,0,0,0,-1,0,10.219905,5.000000,0
1887,0,0,0,0,0,-1,0,10.219905,5.000000,0
1888,0,0,0,0,0,-1,0,10.219905,5.000000,0
1889,0,0,0,0,0,-1,0,10.219905,5.000000,0
1890,0,0,0,0,0,-1,0,10.219905,5.000000,0
1891,0,0,0,0,0,-1,0,10.219905,5.000000,0
1892,0,0,0,0,0,-1,0,10.219905,5.000000,0
1893,0,0,0,0,0,-1,0,10.219905,5.000000,0
1894,0,0,0,0,0,-1,0,10.219905,5.000000,0
1895,0,0,0,0,0,-1,0,10.219905,5.000000,0
1896,0,0,0,0,0,-1,0,10.219905,5.000000,0
1897,0,0,0,0,0,-1,0,10.219905,5.000000,0
1898,0,0,0,0,0,-1,0,10.219905,5.000000,0
1899,0,0,0,0,0,-1,0,10.219905,5.000000,0
1900,0,0,0,0,0,-1,0,10.219905,5.000000,0
1901,0,0,0,0,0,-1,0,10.219905,5.000000,0
1902,0,0,0,0,0,-1,0,10.219905,5.000000,0
1903,0,0,0,0,0,-1,0,10.219905,5.000000,0
1904,0,0,0,0,0,-1,0,10.219905,5.000000,0
1905,0,0,0,0,0,-1,0,10.219905,5.000000,0
1906,0,0,0,0,0,-1,0,10.219905,5.000000,0
1907,0,0,0,0,0,-1,0,10.219905,5.000000,0
1908,0,0,0,0,0,-1,0,10.219905,5.000000,0
1909,0,0,0,0,0,-1,0,10.219905,5.000000,0
1910,0,0,0,0,0,-1,0,10.219905,5.000000,0
1911,0,0,0,0,0,-1,0,10.219905,5.000000,0
1912,0,0,0,0,0,-1,0,10.219905,5.000000,0
1913,0,0,0,0,0,-1,0,10.219905,5.000000,0
1914,0,0,0,0,0,-1,0,10.219905,5.000000,0
1915,0,0,0,0,0,-1,0,10.219905,5.000000,0
1916,0,0,0,0,0,-1,0,10.219905,5.000000,0
1917,0,0,0,0,0,-1,0,10.219905,5.000000,0
1918,0,0,0,0,0,-1,0,10.219905,5.000000,0
1919,0,0,0,0,0,-1,0,10.219905,5.000000,0
1920,0,0,0,0,0,-1,0,10.219905,5.000000,0
1921,0,0,0,0,0,-1,0,10.219905,5.000000,0
1922,0,0,0,0,0,-1,0,10.219905,5.000000,0
1923,0,0,0,0,0,-1,0,10.219905,5.000000,0
1924,0,0,0,0,0,-1,0,10.219905,5.000000,0
1925,0,0,0,0,0,-1,0,10.219905,5.000000,0
1926,0,0,0,0,0,-1,0,10.219905,5.000000,0
1927,0,0,0,0,0,-1,0,10.219905,5.000000,0
1928,0,0,0,0,0,-1,0,10.219905,5.000000,0
1929,0,0,0,0,0,-1,0,10.219905,5.000000,0
1930,0,0,0,0,0,-1,0,10.219905,5.000000,0
1931,0,0,0,0,0,-1,0,10.219905,5.000000,0
1932,0,0,0,0,0,-1,0,10.219905,5.000000,0
1933,0,0,0,0,0,-1,0,10.219905,5.000000,0
1934,0,0,0,0,0,-1,0,10.219905,5.000000,0
1935,0,0,0,0,0,-1,0,10.219905,5.000000,0
1936,0,0,0,0,0,-1,0,10.219905,5.000000,0
1937,0,0,0,0,0,-1,0,10.219905,5.000000,0
1938,0,0,0,0,0,-1,0,10.219905,5.000000,0
1939,0,0,0,0,0,-1,0,10.219905,5.000000,0
1940,0,0,0,0,0,-1,0,10.219905,5.000000,0
1941,0,0,0,0,0,-1,0,10.219905,5.000000,0
1942,0,0,0,0,0,-1,0,10.219905,5.000000,0
1943,0,0,0,0,0,-1,0,10.219905,5.000000,0
1944,0,0,0,0,0,-1,0,10.219905,5.000000,0
1945,0,0,0,0,0,-1,0,10.219905,5.000000,0
1946,0,0,0,0,0,-1,0,10.219905,5.000000,0
1947,0,0,0,0,0,-1,0,10.219905,5.000000,0
1948,0,0,0,0,0,-1,0,10.219905,5.000000,0
1949,0,0,0,0,0,-1,0,10.219905,5.000000,0
1950,0,0,0,0,0,-1,0,10.219905,5.000000,0
1951,0,0,0,0,0,-1,0,10.219905,5.000000,0
1952,0,0,0,0,0,-1,0,10.219905,5.000000,0
1953,0,0,0,0,0,-1,0,10.219905,5.000000,0
1954,0,0,0,0,0,-1,0,10.219905,5.000000,0
1955,0,0,0,0,0,-1,0,10.219905,5.000000,0
1956,0,0,0,0,0,-1,0,10.219905,5.000000,0
1957,0,0,0,0,0,-1,0,10.219905,5.000000,0
1958,0,0,0,0,0,-1,0,10.219905,5.000000,0
1959,0,0,0,0,0,-1,0,10.219905,5.000000,0
1960,0,0,0,0,0,-1,0,10.219905,5.000000,0
1961,0,0,0,0,0,-1,0,10.219905,5.000000,0
1962,0,0,0,0,0,-1,0,10.219905,5.000000,0
1963,0,0,0,0,0,-1,0,10.219905,5.000000,0
1964,0,0,0,0,0,-1,0,10.219905,5.000000,0
1965,0,0,0,0,0,-1,0,10.219905,5.000000,0
1966,0,0,0,0,0,-1,0,10.219905,5.000000,0
1967,0,0,0,0,0,-1,0,10.219905,5.000000,0
1968,0,0,0,0,0,-1,0,10.219905,5.000000,0
1969,0,0,0,0,0,-1,0,10.219905,5.000000,0
1970,0,0,0,0,0,-1,0,10.219905,5.000000,0
1971,0,0,0,0,0,-1,0,10.219905,5.000000,0
1972,0,0,0,0,0,-1,0,10.219905,5.000000,0
1973,0,0,0,0,0,-1,0,10.219905,5.000000,0
1974,0,0,0,0,0,-1,0,10.219905,5.000000,0
1975,0,0,0,0,0,-1,0,10.219905,5.000000,0
1976,0,0,0,0,0,-1,0,10.219905,5.000000,0
1977,0,0,0,0,0,-1,0,10.219905,5.000000,0
1978,0,0,0,0,0,-1,0,10.219905,5.000000,0
1979,0,0,0,0,0,-1,0,10.219905,5.000000,0
1980,0,0,0,0,0,-1,0,10.219905,5.000000,0
1981,0,0,0,0,0,-1,0,10.219905,5.000000,0
1982,0,0,0,0,0,-1,0,10.219905,5.000000,0
1983,0,0,0,0,0,-1,0,10.219905,5.000000,0
1984,0,0,0,0,0,-1,0,10.219905,5.000000,0
1985,0,0,0,0,0,-1,0,10.219905,5.000000,0
1986,0,0,0,0,0,-1,0,10.219905,5.000000,0
1987,0,0,0,0,0,-1,0,10.219905,5.000000,0
1988,0,0,0,0,0,-1,0,10.219905,5.000000,0
1989,0,0,0,0,0,-1,0,10.219905,5.000000,0
1990,0,0,0,0,0,-1,0,10.219905,5.000000,0
1991,0,0,0,0,0,-1,0,10.219905,5.000000,0
1992,0,0,0,0,0,-1,0,10.219905,5.000000,0
1993,0,0,0,0,0,-1,0,10.219905,5.000000,0
1994,0,0,0,0,0,-1,0,10.219905,5.000000,0
1995,0,0,0,0,0,-1,0,10.219905,5.000000,0
1996,0,0,0,0,0,-1,0,10.219905,5.000000,0
1997,0,0,0,0,0,-1,0,10.219905,5.000000,0
1998,0,0,0,0,0,-1,0,10.219905,5.000000,0
1999,0,0,0,0,0,-1,0,10.219905,5.000000,0
2000,0,0,0,0,0,-1,0,10.219905,5.000000,0
