frameNumber,components,mse,sizeBytes,genTime,recvTime,delay_ms,receivedOnTime,effectiveError,deadline_ms,cqi
0,250,35.5146,19352,0.031273468,0.034000000,2.726532,1,35.514591,5.000000,11
1,250,35.514591,19352,0.045780686,0.048000000,2.219314,1,35.514591,5.000000,11
2,250,33.893910,19352,0.060822199,0.063000000,2.177801,1,33.893910,5.000000,11
3,250,33.894797,19352,0.076656979,0.079000000,2.343021,1,33.894797,5.000000,11
4,250,30.948846,19352,0.089385514,0.091500000,2.114486,1,30.948846,5.000000,11
5,250,30.948825,19352,0.103768417,0.112000000,8.231583,0,2120.889459,5.000000,11
6,250,28.986293,19352,0.117167617,0.122500000,5.332383,0,2120.889459,5.000000,11
7,250,28.985620,19352,0.131835715,0.137500000,5.664285,0,2120.889459,5.000000,11
8,250,26.263937,19352,0.146223608,0.148500000,2.276392,1,26.263937,5.000000,11
9,250,26.264667,19352,0.159803731,0.163000000,3.196269,1,26.264667,5.000000,11
10,250,24.030363,19352,0.174096340,0.176500000,2.403660,1,24.030363,5.000000,11
11,250,24.042069,19352,0.189849505,0.193000000,3.150495,1,24.042069,5.000000,11
12,250,21.955494,19352,0.203465706,0.209500000,6.034294,0,2120.889459,5.000000,11
13,250,21.954724,19352,0.218279171,0.222000000,3.720829,1,21.954724,5.000000,11
14,250,19.545280,19352,0.231082488,0.233500000,2.417512,1,19.545280,5.000000,11
15,250,19.545367,19352,0.243971272,0.246000000,2.028728,1,19.545367,5.000000,11
16,250,18.337762,19352,0.259704208,0.262000000,2.295792,1,18.337762,5.000000,11
18,250,16.552820,19352,0.273413862,0.275500000,2.086138,1,16.552820,5.000000,11
20,250,14.570956,19352,0.287069437,0.289500000,2.430563,1,14.570956,5.000000,11
21,250,14.571529,19352,0.301904685,0.307000000,5.095315,0,2120.889459,5.000000,11
22,250,12.985986,19352,0.316309234,0.318500000,2.190766,1,12.985986,5.000000,11
24,250,11.191965,19352,0.330698766,0.336000000,5.301234,0,2120.889459,5.000000,11
25,250,9.797437,19352,0.344461362,0.346500000,2.038638,1,9.797437,5.000000,11
27,250,8.643660,19352,0.357341795,0.362500000,5.158205,0,2120.889459,5.000000,11
28,250,8.595482,19352,0.370871674,0.373000000,2.128326,1,8.595482,5.000000,11
29,250,7.500312,19352,0.387066638,0.389500000,2.433362,1,7.500312,5.000000,11
30,250,7.500882,19352,0.400882955,0.412500000,11.617045,0,2120.889459,5.000000,11
32,250,6.411493,19352,0.413719233,0.416000000,2.280767,1,6.411493,5.000000,11
34,250,5.425519,19352,0.427910234,0.430000000,2.089766,1,5.425519,5.000000,11
35,250,4.340166,19352,0.441624158,0.450000000,8.375842,0,2120.889459,5.000000,11
36,250,4.347355,19352,0.454701015,0.457000000,2.298985,1,4.347355,5.000000,11
38,250,3.445125,19352,0.470344862,0.472500000,2.155138,1,3.445125,5.000000,11
39,250,2.843534,19352,0.488442560,0.493500000,5.057440,0,2120.889459,5.000000,11
40,250,2.843580,19352,0.501611017,0.507000000,5.388983,0,2120.889459,5.000000,11
42,250,2.045083,19352,0.518181093,0.523500000,5.318907,0,2120.889459,5.000000,11
43,250,1.662389,19352,0.531805581,0.537500000,5.694419,0,2120.889459,5.000000,11
44,250,1.671961,19352,0.544973851,0.548000000,3.026149,1,1.671961,5.000000,11
45,250,1.236144,19352,0.558216037,0.560500000,2.283963,1,1.236144,5.000000,11
46,250,1.236575,19352,0.573793337,0.576000000,2.206663,1,1.236575,5.000000,11
47,250,0.908384,19352,0.587563787,0.593000000,5.436213,0,2120.889459,5.000000,11
51,250,0.576538,19352,0.615150333,0.720000000,104.849667,0,2120.889459,5.000000,8
52,250,0.578795,19352,0.629381191,0.720000000,90.618809,0,2120.889459,5.000000,8
53,250,0.578787,19352,0.642874384,0.720000000,77.125616,0,2120.889459,5.000000,8
54,250,0.675989,19352,0.656596651,0.720000000,63.403349,0,2120.889459,5.000000,8
55,250,0.676853,19352,0.672119179,0.720000000,47.880821,0,2120.889459,5.000000,8
57,250,0.819835,19352,0.687375453,0.720000000,32.624547,0,2120.889459,5.000000,8
58,250,0.819836,19352,0.701932246,0.720000000,18.067754,0,2120.889459,5.000000,8
59,250,0.819343,19352,0.717388899,0.720000000,2.611101,1,0.819343,5.000000,8
60,250,0.819316,19352,0.733867204,0.737000000,3.132796,1,0.819316,5.000000,8
62,250,0.819262,19352,0.747251848,0.753000000,5.748152,0,2120.889459,5.000000,8
63,250,0.819369,19352,0.761317772,0.769500000,8.182228,0,2120.889459,5.000000,8
64,250,0.819415,19352,0.776727923,0.780000000,3.272077,1,0.819415,5.000000,8
66,250,0.819269,19352,0.792362777,0.795000000,2.637223,1,0.819269,5.000000,8
67,250,0.819269,19352,0.805626570,0.811500000,5.873430,0,2120.889459,5.000000,8
68,250,0.819345,19352,0.819879968,0.822500000,2.620032,1,0.819345,5.000000,8
70,250,0.819345,19352,0.834885543,0.840000000,5.114457,0,2120.889459,5.000000,8
71,250,0.819345,19352,0.850186122,0.853000000,2.813878,1,0.819345,5.000000,8
72,250,0.819345,19352,0.863573883,0.869500000,5.926117,0,2120.889459,5.000000,8
74,250,0.819345,19352,0.878382968,0.881000000,2.617032,1,0.819345,5.000000,8
75,250,0.819345,19352,0.891776187,0.894500000,2.723813,1,0.819345,5.000000,8
76,250,0.819345,19352,0.904659868,0.910500000,5.840132,0,2120.889459,5.000000,9
77,250,0.819345,19352,0.919649450,0.922500000,2.850550,1,0.819345,5.000000,9
78,250,0.819345,19352,0.933598703,0.939000000,5.401297,0,2120.889459,5.000000,9
81,250,0.819345,19352,0.946633139,0.949500000,2.866861,1,0.819345,5.000000,9
82,250,0.819345,19352,0.960788970,0.966000000,5.211030,0,2120.889459,5.000000,9
83,250,0.819345,19352,0.973656084,0.976500000,2.843916,1,0.819345,5.000000,9
84,250,0.819345,19352,0.988286076,0.996500000,8.213924,0,2120.889459,5.000000,9
85,250,0.819345,19352,1.003464278,1.016000000,12.535722,0,2120.889459,5.000000,9
86,250,0.819345,19352,1.018756075,1.024000000,5.243925,0,2120.889459,5.000000,9
88,250,0.819345,19352,1.033807674,1.036500000,2.692326,1,0.819345,5.000000,9
89,250,0.819345,19352,1.047550384,1.056000000,8.449616,0,2120.889459,5.000000,9
90,250,0.819345,19352,1.061617112,1.067000000,5.382888,0,2120.889459,5.000000,9
92,250,0.819345,19352,1.074736134,1.078000000,3.263866,1,0.819345,5.000000,9
94,250,0.819345,19352,1.089036988,1.094500000,5.463012,0,2120.889459,5.000000,9
96,250,0.819345,19352,1.101903147,1.108000000,6.096853,0,2120.889459,5.000000,9
97,250,0.819259,19352,1.114840631,1.120000000,5.159369,0,2120.889459,5.000000,9
98,250,0.626107,19352,1.128305888,1.131500000,3.194112,1,0.626107,5.000000,9
99,250,0.626107,19352,1.141862668,1.148000000,6.137332,0,2120.889459,5.000000,9
100,250,1.702227,19352,1.155665182,1.161500000,5.834818,0,2120.889459,5.000000,9
102,250,4.403166,19352,1.168540916,1.174000000,5.459084,0,2120.889459,5.000000,9
103,250,4.395445,19352,1.181755796,1.190000000,8.244204,0,2120.889459,5.000000,9
104,250,8.803676,19352,1.195993132,1.204500000,8.506868,0,2120.889459,5.000000,11
105,250,8.771480,19352,1.209370906,1.214500000,5.129094,0,2120.889459,5.000000,11
107,250,14.469331,19352,1.222208479,1.224500000,2.291521,1,14.469331,5.000000,11
108,250,22.199163,19352,1.235591220,1.239000000,3.408780,1,22.199163,5.000000,11
109,250,22.195921,19352,1.252083988,1.254500000,2.416012,1,22.195921,5.000000,11
110,250,30.345840,19352,1.265596149,1.268000000,2.403851,1,30.345840,5.000000,11
111,250,30.348137,19352,1.279521176,1.282500000,2.978824,1,30.348137,5.000000,11
112,250,44.664004,19352,1.293630581,1.297000000,3.369419,1,44.664004,5.000000,11
113,250,44.648311,19352,1.306427783,1.313000000,6.572217,0,2120.889459,5.000000,11
114,250,43.181000,19352,1.320843143,1.327500000,6.656857,0,2120.889459,5.000000,11
115,250,43.181147,19352,1.335288590,1.341000000,5.711410,0,2120.889459,5.000000,11
116,250,37.128788,19352,1.349659334,1.352000000,2.340666,1,37.128788,5.000000,11
117,250,37.136562,19352,1.364894154,1.370500000,5.605846,0,2120.889459,5.000000,11
119,250,34.158525,19352,1.379745919,1.382500000,2.754081,1,34.158525,5.000000,11
120,250,31.309840,19352,1.393831669,1.396000000,2.168331,1,31.309840,5.000000,11
121,250,22.679760,19352,1.407534162,1.416000000,8.465838,0,2120.889459,5.000000,11
122,250,22.679706,19352,1.420621736,1.423000000,2.378264,1,22.679706,5.000000,11
123,250,19.261171,19352,1.434333837,1.436500000,2.166163,1,19.261171,5.000000,11
124,250,19.199995,19352,1.447694558,1.450000000,2.305442,1,19.199995,5.000000,11
125,250,14.951098,19352,1.461709310,1.464000000,2.290690,1,14.951098,5.000000,11
126,250,14.951098,19352,1.475002262,1.477500000,2.497738,1,14.951098,5.000000,11
127,250,13.280794,19352,1.489784651,1.492000000,2.215349,1,13.280794,5.000000,11
128,250,13.280766,19352,1.502930410,1.512500000,9.569590,0,2120.889459,5.000000,9
129,250,8.439016,19352,1.516308240,1.519000000,2.691760,1,8.439016,5.000000,9
130,250,8.467567,19352,1.530648450,1.533500000,2.851550,1,8.467567,5.000000,9
133,250,3.372452,19352,1.544124648,1.552500000,8.375352,0,2120.889459,5.000000,9
134,250,3.372452,19352,1.556981552,1.565000000,8.018448,0,2120.889459,5.000000,9
135,250,2.964802,19352,1.570199514,1.575500000,5.300486,0,2120.889459,5.000000,9
136,250,2.964802,19352,1.583356089,1.586000000,2.643911,1,2.964802,5.000000,9
137,250,2.475665,19352,1.598995032,1.605000000,6.004968,0,2120.889459,5.000000,9
138,250,2.514726,19352,1.614920840,1.617500000,2.579160,1,2.514726,5.000000,9
139,250,2.092614,19352,1.629576301,1.632500000,2.923699,1,2.092614,5.000000,9
140,250,2.092580,19352,1.643937726,1.652500000,8.562274,0,2120.889459,5.000000,9
141,250,1.901832,19352,1.656758558,1.662000000,5.241442,0,2120.889459,5.000000,9
142,250,1.901865,19352,1.669620275,1.675000000,5.379725,0,2120.889459,5.000000,9
143,250,1.760901,19352,1.682656292,1.685500000,2.843708,1,1.760901,5.000000,9
144,250,1.640831,19352,1.695569736,1.698500000,2.930264,1,1.640831,5.000000,9
145,250,1.642769,19352,1.709757358,1.804500000,94.742642,0,2120.889459,5.000000,9
146,250,1.585303,19352,1.727727328,1.804500000,76.772672,0,2120.889459,5.000000,9
147,250,1.565475,19352,1.741958482,1.804500000,62.541518,0,2120.889459,5.000000,9
148,250,1.487464,19352,1.758571945,1.804500000,45.928055,0,2120.889459,5.000000,9
150,250,1.800077,19352,1.772996197,1.804500000,31.503803,0,2120.889459,5.000000,9
151,250,1.801937,19352,1.786939575,1.804500000,17.560425,0,2120.889459,5.000000,9
152,250,2.161862,19352,1.804930824,1.813500000,8.569176,0,2120.889459,5.000000,10
153,250,2.164639,19352,1.819182794,1.822000000,2.817206,1,2.164639,5.000000,10
154,250,2.396351,19352,1.833882123,1.836500000,2.617877,1,2.396351,5.000000,10
155,250,2.396997,19352,1.846718944,1.852000000,5.281056,0,2120.889459,5.000000,10
156,250,2.408399,19352,1.861616860,1.864500000,2.883140,1,2.408399,5.000000,10
158,250,2.973570,19352,1.877214877,1.880000000,2.785123,1,2.973570,5.000000,10
159,250,2.973570,19352,1.890920106,1.896000000,5.079894,0,2120.889459,5.000000,10
160,250,3.326625,19352,1.904979503,1.910500000,5.520497,0,2120.889459,5.000000,10
161,250,3.326670,19352,1.918448235,1.921000000,2.551765,1,3.326670,5.000000,10
162,250,4.210833,19352,1.932410167,1.935000000,2.589833,1,4.210833,5.000000,10
163,250,4.210833,19352,1.947661169,1.953000000,5.338831,0,2120.889459,5.000000,10
164,250,3.763186,19352,1.960463066,1.963000000,2.536934,1,3.763186,5.000000,10
165,250,3.763714,19352,1.973801784,1.976500000,2.698216,1,3.763714,5.000000,10
166,250,3.721337,19352,1.988925478,1.994000000,5.074522,0,2120.889459,5.000000,10
170,250,4.913609,19352,2.004490037,2.012000000,7.509963,0,2120.889459,5.000000,10
171,250,3.878611,19352,2.017914664,2.023000000,5.085336,0,2120.889459,5.000000,10
172,250,3.878267,19352,2.030789547,2.036500000,5.710453,0,2120.889459,5.000000,10
173,250,4.389823,19352,2.045334368,2.048000000,2.665632,1,4.389823,5.000000,10
174,250,4.388560,19352,2.059183422,2.067500000,8.316578,0,2120.889459,5.000000,10
175,250,4.042858,19352,2.073696080,2.079000000,5.303920,0,2120.889459,5.000000,10
178,250,4.729122,19352,2.088066418,2.093500000,5.433582,0,2120.889459,5.000000,10
180,250,4.018675,19352,2.101397987,2.110500000,9.102013,0,2120.889459,5.000000,9
182,250,3.628272,19352,2.114628890,2.117500000,2.871110,1,3.628272,5.000000,9
183,250,3.801233,19352,2.128417504,2.133500000,5.082496,0,2120.889459,5.000000,9
184,250,3.801203,19352,2.142760624,2.146000000,3.239376,1,3.801203,5.000000,9
186,250,4.302445,19352,2.156975786,2.159500000,2.524214,1,4.302445,5.000000,9
187,250,4.070251,19352,2.171331222,2.174500000,3.168778,1,4.070251,5.000000,9
188,250,4.061594,19352,2.184540778,2.188000000,3.459222,1,4.061594,5.000000,9
189,250,4.215558,19352,2.197527302,2.200500000,2.972698,1,4.215558,5.000000,9
190,250,4.215847,19352,2.212055587,2.220500000,8.444413,0,2120.889459,5.000000,9
191,250,3.499181,19352,2.228497340,2.231500000,3.002660,1,3.499181,5.000000,9
192,250,3.579131,19352,2.243685240,2.246500000,2.814760,1,3.579131,5.000000,9
193,250,3.578477,19352,2.258606018,2.264500000,5.893982,0,2120.889459,5.000000,9
194,250,4.197961,19352,2.271611438,2.277500000,5.888562,0,2120.889459,5.000000,9
195,250,4.198274,19352,2.286360640,2.292000000,5.639360,0,2120.889459,5.000000,9
196,250,4.493980,19352,2.301385825,2.314500000,13.114175,0,2120.889459,5.000000,9
197,250,4.515490,19352,2.317148870,2.320000000,2.851130,1,4.515490,5.000000,9
198,250,4.622917,19352,2.332194604,2.335000000,2.805396,1,4.622917,5.000000,9
200,250,4.447997,19352,2.347250174,2.350000000,2.749826,1,4.447997,5.000000,9
201,250,4.447997,19352,2.360504765,2.369000000,8.495235,0,2120.889459,5.000000,9
202,250,4.005942,19352,2.373454492,2.379000000,5.545508,0,2120.889459,5.000000,9
203,250,4.057963,19352,2.387700649,2.394000000,6.299351,0,2120.889459,5.000000,9
204,250,3.647930,19352,2.403952073,2.412500000,8.547927,0,2120.889459,5.000000,13
205,250,3.647930,19352,2.419313604,2.421500000,2.186396,1,3.647930,5.000000,13
206,250,3.288857,19352,2.433321776,2.435500000,2.178224,1,3.288857,5.000000,13
207,250,3.289080,19352,2.446009447,2.448500000,2.490553,1,3.289080,5.000000,13
208,250,3.094086,19352,2.460458731,2.462500000,2.041269,1,3.094086,5.000000,13
209,250,3.068514,19352,2.474535205,2.477500000,2.964795,1,3.068514,5.000000,13
210,250,3.210109,19352,2.490910484,2.493000000,2.089516,1,3.210109,5.000000,13
211,250,3.210080,19352,2.505336090,2.510500000,5.163910,0,2120.889459,5.000000,13
212,250,3.731600,19352,2.518113664,2.520500000,2.386336,1,3.731600,5.000000,13
213,250,3.731600,19352,2.532142982,2.534500000,2.357018,1,3.731600,5.000000,13
214,250,3.926231,19352,2.545092875,2.550500000,5.407125,0,2120.889459,5.000000,13
215,250,3.926231,19352,2.558878303,2.561000000,2.121697,1,3.926231,5.000000,13
216,250,3.545276,19352,2.573468718,2.575500000,2.031282,1,3.545276,5.000000,13
218,250,3.150440,19352,2.589396978,2.592000000,2.603022,1,3.150440,5.000000,13
219,250,2.882817,19352,2.602889332,2.608000000,5.110668,0,2120.889459,5.000000,13
220,250,2.848006,19352,2.618089462,2.620500000,2.410538,1,2.848006,5.000000,13
221,250,2.819969,19352,2.632658097,2.635000000,2.341903,1,2.819969,5.000000,13
223,250,2.368935,19352,2.648184580,2.650500000,2.315420,1,2.368935,5.000000,13
224,250,2.368935,19352,2.665476423,2.668000000,2.523577,1,2.368935,5.000000,13
225,250,2.128789,19352,2.680749889,2.683000000,2.250111,1,2.128789,5.000000,13
226,250,2.128789,19352,2.696420560,2.698500000,2.079440,1,2.128789,5.000000,13
227,250,2.039123,19352,2.709850718,2.719000000,9.149282,0,2120.889459,5.000000,12
228,250,2.017144,19352,2.723327721,2.725500000,2.172279,1,2.017144,5.000000,12
229,250,2.000835,19352,2.737356472,2.742500000,5.143528,0,2120.889459,5.000000,12
231,250,2.057550,19352,2.753093324,2.755500000,2.406676,1,2.057550,5.000000,12
232,250,2.054661,19352,2.767833827,2.770000000,2.166173,1,2.054661,5.000000,12
234,250,2.054661,19352,2.784046512,2.789500000,5.453488,0,2120.889459,5.000000,12
235,250,2.054661,19352,2.802040170,2.807500000,5.459830,0,2120.889459,5.000000,12
236,250,2.054661,19352,2.815710601,2.818000000,2.289399,1,2.054661,5.000000,12
237,250,2.054661,19352,2.829147587,2.834500000,5.352413,0,2120.889459,5.000000,12
238,250,2.054661,19352,2.842844350,2.845000000,2.155650,1,2.054661,5.000000,12
240,250,2.054661,19352,2.856308286,2.858500000,2.191714,1,2.054661,5.000000,12
241,250,2.054661,19352,2.870470046,2.875500000,5.029954,0,2120.889459,5.000000,12
242,250,2.054661,19352,2.884274731,2.889500000,5.225269,0,2120.889459,5.000000,12
243,250,2.054661,19352,2.901115080,2.906500000,5.384920,0,2120.889459,5.000000,12
244,250,2.054661,19352,2.915099788,2.923500000,8.400212,0,2120.889459,5.000000,12
246,250,2.054661,19352,2.929889255,2.932000000,2.110745,1,2.054661,5.000000,12
247,250,2.054661,19352,2.946476031,2.949000000,2.523969,1,2.054661,5.000000,12
248,250,2.054661,19352,2.961114117,2.963500000,2.385883,1,2.054661,5.000000,12
249,250,2.054661,19352,2.974315341,2.976500000,2.184659,1,2.054661,5.000000,12
250,250,2.054661,19352,2.988885523,2.994000000,5.114477,0,2120.889459,5.000000,12
252,250,2.054661,19352,3.003509860,3.009000000,5.490140,0,2120.889459,5.000000,14
253,250,2.054661,19352,3.016961355,3.019000000,2.038645,1,2.054661,5.000000,14
254,250,2.054661,19352,3.030131865,3.035500000,5.368135,0,2120.889459,5.000000,14
255,250,2.054661,19352,3.044734859,3.050000000,5.265141,0,2120.889459,5.000000,14
256,250,2.054661,19352,3.060155575,3.062500000,2.344425,1,2.054661,5.000000,14
258,250,2.054661,19352,3.074022111,3.079500000,5.477889,0,2120.889459,5.000000,14
259,250,2.408710,19352,3.089467988,3.091500000,2.032012,1,2.408710,5.000000,14
260,250,2.870449,19352,3.102707494,3.108000000,5.292506,0,2120.889459,5.000000,14
261,250,3.960611,19352,3.117036717,3.119500000,2.463283,1,3.960611,5.000000,14
262,250,4.712956,19352,3.132242547,3.134500000,2.257453,1,4.712956,5.000000,14
264,250,6.212107,19352,3.147854277,3.150000000,2.145723,1,6.212107,5.000000,14
265,250,7.172779,19352,3.160655909,3.163000000,2.344091,1,7.172779,5.000000,14
266,250,8.856505,19352,3.177027703,3.179500000,2.472297,1,8.856505,5.000000,14
267,250,10.595656,19352,3.192927067,3.198000000,5.072933,0,2120.889459,5.000000,14
268,250,12.040192,19352,3.206371780,3.211500000,5.128220,0,2120.889459,5.000000,14
269,250,13.549472,19352,3.220831853,3.223000000,2.168147,1,13.549472,5.000000,14
270,250,15.681413,19352,3.234126187,3.242500000,8.373813,0,2120.889459,5.000000,14
271,250,18.222408,19352,3.246856877,3.249000000,2.143123,1,18.222408,5.000000,14
272,250,20.257497,19352,3.261051459,3.263500000,2.448541,1,20.257497,5.000000,14
273,250,22.244068,19352,3.274405313,3.276500000,2.094687,1,22.244068,5.000000,14
274,250,24.925191,19352,3.288020709,3.290500000,2.479291,1,24.925191,5.000000,14
275,250,26.855785,19352,3.303086178,3.311500000,8.413822,0,2120.889459,5.000000,14
276,250,29.224413,19352,3.316099997,3.318500000,2.400003,1,29.224413,5.000000,14
277,250,32.099163,19352,3.328854484,3.331000000,2.145516,1,32.099163,5.000000,14
278,250,34.025918,19352,3.345705634,3.348000000,2.294366,1,34.025918,5.000000,14
279,250,36.908012,19352,3.360011305,3.362500000,2.488695,1,36.908012,5.000000,14
280,250,40.009238,19352,3.376716657,3.379000000,2.283343,1,40.009238,5.000000,14
281,250,42.863199,19352,3.389521931,3.395000000,5.478069,0,2120.889459,5.000000,14
282,250,46.377344,19352,3.402898692,3.408000000,5.101308,0,2120.889459,5.000000,14
283,250,49.193867,19352,3.418372898,3.421000000,2.627102,1,49.193867,5.000000,14
284,250,52.169468,19352,3.431519612,3.434000000,2.480388,1,52.169468,5.000000,14
285,250,55.216495,19352,3.444589348,3.447000000,2.410652,1,55.216495,5.000000,14
286,250,58.244103,19352,3.459212564,3.462000000,2.787436,1,58.244103,5.000000,14
287,250,62.161077,19352,3.473199271,3.475500000,2.300729,1,62.161077,5.000000,14
288,250,60.487463,19352,3.486822442,3.489000000,2.177558,1,60.487463,5.000000,14
289,250,63.548821,19352,3.499524540,3.505000000,5.475460,0,2120.889459,5.000000,14
290,250,66.470227,19352,3.512500174,3.515000000,2.499826,1,66.470227,5.000000,14
291,250,68.803493,19352,3.527503022,3.530000000,2.496978,1,68.803493,5.000000,14
292,250,68.825854,19352,3.541672997,3.544000000,2.327003,1,68.825854,5.000000,14
293,250,72.084454,19352,3.554873690,3.560000000,5.126310,0,2120.889459,5.000000,14
294,250,74.845161,19352,3.569227967,3.571500000,2.272033,1,74.845161,5.000000,14
295,250,78.266560,19352,3.585093509,3.587500000,2.406491,1,78.266560,5.000000,14
296,250,78.137009,19352,3.598189444,3.606500000,8.310556,0,2120.889459,5.000000,13
297,250,77.990658,19352,3.611807181,3.614000000,2.192819,1,77.990658,5.000000,13
298,250,80.196267,19352,3.624498217,3.627000000,2.501783,1,80.196267,5.000000,13
299,250,80.284165,19352,3.639161183,3.641500000,2.338817,1,80.284165,5.000000,13
300,250,81.048695,19352,3.654878661,3.657000000,2.121339,1,81.048695,5.000000,13
301,250,84.084063,19352,3.667668254,3.673000000,5.331746,0,2120.889459,5.000000,13
302,250,85.804184,19352,3.681448124,3.683500000,2.051876,1,85.804184,5.000000,13
303,250,84.978541,19352,3.694235890,3.699500000,5.264110,0,2120.889459,5.000000,13
304,250,82.302699,19352,3.707156493,3.713000000,5.843507,0,2120.889459,5.000000,13
305,250,80.085320,19352,3.720334147,3.722500000,2.165853,1,80.085320,5.000000,13
306,250,79.634598,19352,3.733702981,3.736000000,2.297019,1,79.634598,5.000000,13
307,250,76.605042,19352,3.748184854,3.750500000,2.315146,1,76.605042,5.000000,13
309,250,76.436993,19352,3.763902861,3.766000000,2.097139,1,76.436993,5.000000,13
310,250,75.091842,19352,3.777397593,3.779500000,2.102407,1,75.091842,5.000000,13
311,250,75.782704,19352,3.790278311,3.792500000,2.221689,1,75.782704,5.000000,13
312,250,72.050928,19352,3.805757795,3.811000000,5.242205,0,2120.889459,5.000000,13
313,250,69.572193,19352,3.819097034,3.822000000,2.902966,1,69.572193,5.000000,13
314,250,60.206381,19352,3.834489051,3.840000000,5.510949,0,2120.889459,5.000000,13
316,250,44.257425,19352,3.850012616,3.852500000,2.487384,1,44.257425,5.000000,13
317,250,38.152913,19352,3.864167885,3.869500000,5.332115,0,2120.889459,5.000000,13
320,250,29.104349,19352,3.878068919,3.880500000,2.431081,1,29.104349,5.000000,13
322,250,29.966397,19352,3.891714836,3.894000000,2.285164,1,29.966397,5.000000,13
323,250,30.902795,19352,3.906029554,3.911500000,5.470446,0,2120.889459,5.000000,14
324,250,33.286415,19352,3.918878580,3.924000000,5.121420,0,2120.889459,5.000000,14
325,250,31.863445,19352,3.931786146,3.934500000,2.713854,1,31.863445,5.000000,14
326,250,34.933589,19352,3.947108401,3.949500000,2.391599,1,34.933589,5.000000,14
327,250,34.796958,19352,3.960481891,3.963000000,2.518109,1,34.796958,5.000000,14
329,250,37.607578,19352,3.974399478,3.976500000,2.100522,1,37.607578,5.000000,14
330,250,40.573642,19352,3.990039750,3.992500000,2.460250,1,40.573642,5.000000,14
331,250,41.275227,19352,4.002918358,4.011000000,8.081642,0,2120.889459,5.000000,14
333,250,44.272318,19352,4.016917581,4.019000000,2.082419,1,44.272318,5.000000,14
335,250,53.785945,19352,4.030113222,4.032500000,2.386778,1,53.785945,5.000000,14
336,250,56.604485,19352,4.044307755,4.046500000,2.192245,1,56.604485,5.000000,14
337,250,62.294611,19352,4.059475603,4.064500000,5.024397,0,2120.889459,5.000000,14
338,250,65.432900,19352,4.072603477,4.075000000,2.396523,1,65.432900,5.000000,14
339,250,69.438741,19352,4.086798737,4.089000000,2.201263,1,69.438741,5.000000,14
340,250,70.159839,19352,4.099861176,4.105000000,5.138824,0,2120.889459,5.000000,14
341,250,71.564922,19352,4.114367683,4.116500000,2.132317,1,71.564922,5.000000,14
342,250,70.296830,19352,4.128309604,4.130500000,2.190396,1,70.296830,5.000000,14
343,250,72.550324,19352,4.141280571,4.143500000,2.219429,1,72.550324,5.000000,14
344,250,71.409177,19352,4.156558897,4.162000000,5.441103,0,2120.889459,5.000000,14
345,250,70.974541,19352,4.169375504,4.171500000,2.124496,1,70.974541,5.000000,14
346,250,69.970498,19352,4.183952626,4.186000000,2.047374,1,69.970498,5.000000,14
347,250,69.788644,19352,4.196743234,4.199000000,2.256766,1,69.788644,5.000000,14
348,250,66.781755,19352,4.211912685,4.217000000,5.087315,0,2120.889459,5.000000,14
350,250,65.415033,19352,4.224792484,4.227000000,2.207516,1,65.415033,5.000000,14
351,250,63.704760,19352,4.238348930,4.240500000,2.151070,1,63.704760,5.000000,14
352,250,62.368589,19352,4.253010021,4.255500000,2.489979,1,62.368589,5.000000,14
355,250,68.305150,19352,4.265702330,4.268000000,2.297670,1,68.305150,5.000000,14
356,250,72.104924,19352,4.278612869,4.281000000,2.387131,1,72.104924,5.000000,14
357,250,74.801499,19352,4.292984006,4.295500000,2.515994,1,74.801499,5.000000,14
358,250,78.789212,19352,4.306300170,4.312000000,5.699830,0,2120.889459,5.000000,14
359,250,82.154902,19352,4.320095285,4.322500000,2.404715,1,82.154902,5.000000,14
360,250,84.160355,19352,4.334694607,4.337000000,2.305393,1,84.160355,5.000000,14
361,250,87.195906,19352,4.348859555,4.351000000,2.140445,1,87.195906,5.000000,14
362,250,87.180003,19352,4.362164620,4.364500000,2.335380,1,87.180003,5.000000,14
363,250,89.865387,19352,4.374988474,4.377500000,2.511526,1,89.865387,5.000000,14
364,250,89.660043,19352,4.388070008,4.391000000,2.929992,1,89.660043,5.000000,14
365,250,89.922883,19352,4.401853748,4.407000000,5.146252,0,2120.889459,5.000000,14
366,250,90.456884,19352,4.416121522,4.418500000,2.378478,1,90.456884,5.000000,14
368,250,95.398741,19352,4.432809164,4.435000000,2.190836,1,95.398741,5.000000,14
369,250,97.710307,19352,4.445482430,4.448000000,2.517570,1,97.710307,5.000000,14
370,250,100.951402,19352,4.460921695,4.463000000,2.078305,1,100.951402,5.000000,14
371,250,101.796672,19352,4.477758096,4.480000000,2.241904,1,101.796672,5.000000,14
372,250,104.051235,19352,4.491221037,4.493500000,2.278963,1,104.051235,5.000000,14
373,250,101.526898,19352,4.505909097,4.511500000,5.590903,0,2120.889459,5.000000,13
374,250,103.292277,19352,4.518622153,4.521000000,2.377847,1,103.292277,5.000000,13
375,250,101.453395,19352,4.531413614,4.536500000,5.086386,0,2120.889459,5.000000,13
376,250,102.676129,19352,4.545012991,4.547500000,2.487009,1,102.676129,5.000000,13
377,250,99.807888,19352,4.557714857,4.560000000,2.285143,1,99.807888,5.000000,13
378,250,98.215752,19352,4.571352309,4.573500000,2.147691,1,98.215752,5.000000,13
379,250,93.470887,19352,4.584702542,4.587500000,2.797458,1,93.470887,5.000000,13
380,250,92.882755,19352,4.598153874,4.603500000,5.346126,0,2120.889459,5.000000,13
382,250,91.610432,19352,4.610965355,4.616000000,5.034645,0,2120.889459,5.000000,13
383,250,93.800475,19352,4.624264580,4.626500000,2.235420,1,93.800475,5.000000,13
384,250,92.389240,19352,4.637428821,4.639500000,2.071179,1,92.389240,5.000000,13
385,250,93.323441,19352,4.651920906,4.657500000,5.579094,0,2120.889459,5.000000,13
386,250,91.517882,19352,4.664914176,4.670000000,5.085824,0,2120.889459,5.000000,13
387,250,92.849188,19352,4.681350915,4.683500000,2.149085,1,92.849188,5.000000,13
388,250,91.801333,19352,4.695858142,4.701000000,5.141858,0,2120.889459,5.000000,13
389,250,91.858005,19352,4.711840116,4.717000000,5.159884,0,2120.889459,5.000000,13
390,250,88.313017,19352,4.725277521,4.727500000,2.222479,1,88.313017,5.000000,13
391,250,87.603021,19352,4.743165613,4.745500000,2.334387,1,87.603021,5.000000,13
392,250,84.591578,19352,4.757271473,4.759500000,2.228527,1,84.591578,5.000000,13
394,250,84.599655,19352,4.770742119,4.773000000,2.257881,1,84.599655,5.000000,13
395,250,87.116571,19352,4.784936524,4.787000000,2.063476,1,87.116571,5.000000,13
396,250,87.046180,19352,4.799290227,4.804500000,5.209773,0,2120.889459,5.000000,13
397,250,89.811452,19352,4.813325481,4.815500000,2.174519,1,89.811452,5.000000,13
398,250,91.039056,19352,4.828186364,4.830500000,2.313636,1,91.039056,5.000000,13
399,250,94.772700,19352,4.841194908,4.843500000,2.305092,1,94.772700,5.000000,13
400,250,92.312030,19352,4.855349341,4.857500000,2.150659,1,92.312030,5.000000,13
401,250,93.534383,19352,4.868047681,4.870500000,2.452319,1,93.534383,5.000000,13
402,250,93.904761,19352,4.883009730,4.885500000,2.490270,1,93.904761,5.000000,13
403,250,95.613289,19352,4.896157006,4.898500000,2.342994,1,95.613289,5.000000,13
404,250,92.119802,19352,4.911926375,4.917500000,5.573625,0,2120.889459,5.000000,13
405,250,90.543193,19352,4.927883117,4.930000000,2.116883,1,90.543193,5.000000,13
406,250,86.157243,19352,4.943317015,4.945500000,2.182985,1,86.157243,5.000000,13
407,250,85.708823,19352,4.961296663,4.963500000,2.203337,1,85.708823,5.000000,13
409,250,89.775525,19352,4.976191153,4.978500000,2.308847,1,89.775525,5.000000,13
410,250,97.241202,19352,4.989731219,4.992000000,2.268781,1,97.241202,5.000000,13
411,250,104.083064,19352,5.003303824,5.009000000,5.696176,0,2120.889459,5.000000,13
412,250,109.605376,19352,5.018413410,5.020500000,2.086590,1,109.605376,5.000000,13
413,250,111.859108,19352,5.032352885,5.037500000,5.147115,0,2120.889459,5.000000,13
414,250,115.087810,19352,5.046442824,5.049000000,2.557176,1,115.087810,5.000000,13
415,250,112.722108,19352,5.060325027,5.065500000,5.174973,0,2120.889459,5.000000,13
416,250,111.606771,19352,5.074085082,5.076500000,2.414918,1,111.606771,5.000000,13
417,250,104.068506,19352,5.087504922,5.090000000,2.495078,1,104.068506,5.000000,13
418,250,100.373295,19352,5.101373280,5.106500000,5.126720,0,2120.889459,5.000000,13
419,250,90.593623,19352,5.118772829,5.121000000,2.227171,1,90.593623,5.000000,13
420,250,86.312947,19352,5.133537346,5.136000000,2.462654,1,86.312947,5.000000,13
421,250,78.988821,19352,5.148204264,5.150500000,2.295736,1,78.988821,5.000000,13
422,250,76.704697,19352,5.161713817,5.164500000,2.786183,1,76.704697,5.000000,13
423,250,71.871528,19352,5.176755444,5.179000000,2.244556,1,71.871528,5.000000,13
424,250,70.183174,19352,5.190437596,5.192500000,2.062404,1,70.183174,5.000000,13
425,250,66.176155,19352,5.204044415,5.212500000,8.455585,0,2120.889459,5.000000,13
426,250,64.748410,19352,5.218322462,5.221000000,2.677538,1,64.748410,5.000000,13
427,250,61.172047,19352,5.231845641,5.234000000,2.154359,1,61.172047,5.000000,13
428,250,59.523436,19352,5.246068958,5.249000000,2.931042,1,59.523436,5.000000,13
430,250,56.045122,19352,5.261421033,5.263500000,2.078967,1,56.045122,5.000000,13
431,250,53.233440,19352,5.274888301,5.277000000,2.111699,1,53.233440,5.000000,13
432,250,52.609201,19352,5.290778195,5.293500000,2.721805,1,52.609201,5.000000,13
433,250,50.459744,19352,5.304742610,5.310000000,5.257390,0,2120.889459,5.000000,13
434,250,46.043517,19352,5.319100457,5.324500000,5.399543,0,2120.889459,5.000000,13
436,250,41.447611,19352,5.332823880,5.335000000,2.176120,1,41.447611,5.000000,13
438,250,42.219806,19352,5.347249569,5.349500000,2.250431,1,42.219806,5.000000,13
439,250,44.124233,19352,5.363079333,5.365500000,2.420667,1,44.124233,5.000000,13
440,250,46.312211,19352,5.377266097,5.379500000,2.233903,1,46.312211,5.000000,13
441,250,44.614338,19352,5.390148715,5.393000000,2.851285,1,44.614338,5.000000,13
442,250,44.893541,19352,5.405662811,5.411000000,5.337189,0,2120.889459,5.000000,14
443,250,44.205377,19352,5.421446586,5.429500000,8.053414,0,2120.889459,5.000000,14
444,250,43.246692,19352,5.434148164,5.436500000,2.351836,1,43.246692,5.000000,14
446,250,39.660971,19352,5.447389492,5.450000000,2.610508,1,39.660971,5.000000,14
447,250,38.318730,19352,5.461321387,5.463500000,2.178613,1,38.318730,5.000000,14
448,250,38.798028,19352,5.474968902,5.477000000,2.031098,1,38.798028,5.000000,14
449,250,36.871445,19352,5.487787934,5.490000000,2.212066,1,36.871445,5.000000,14
450,250,37.004891,19352,5.500979770,5.506500000,5.520230,0,2120.889459,5.000000,14
451,250,35.608082,19352,5.515153200,5.517500000,2.346800,1,35.608082,5.000000,14
452,250,35.621152,19352,5.528986548,5.531500000,2.513452,1,35.621152,5.000000,14
454,250,31.123545,19352,5.542521657,5.545000000,2.478343,1,31.123545,5.000000,14
455,250,30.962584,19352,5.556879939,5.559000000,2.120061,1,30.962584,5.000000,14
456,250,29.499330,19352,5.570053092,5.572500000,2.446908,1,29.499330,5.000000,14
458,250,25.421879,19352,5.586186440,5.588500000,2.313560,1,25.421879,5.000000,14
459,250,26.901791,19352,5.600434308,5.605500000,5.065692,0,2120.889459,5.000000,14
460,250,25.430845,19352,5.615805171,5.621000000,5.194829,0,2120.889459,5.000000,14
462,250,24.849971,19352,5.628700312,5.631000000,2.299688,1,24.849971,5.000000,14
463,250,24.980540,19352,5.641942761,5.644000000,2.057239,1,24.980540,5.000000,14
464,250,27.629112,19352,5.656317221,5.659000000,2.682779,1,27.629112,5.000000,14
466,250,29.047687,19352,5.670967802,5.673000000,2.032198,1,29.047687,5.000000,14
467,250,32.327293,19352,5.683654705,5.686000000,2.345295,1,32.327293,5.000000,14
469,250,37.009225,19352,5.696657738,5.699000000,2.342262,1,37.009225,5.000000,14
470,250,35.339580,19352,5.709911596,5.715000000,5.088404,0,2120.889459,5.000000,14
471,250,37.093570,19352,5.723635935,5.726000000,2.364065,1,37.093570,5.000000,14
473,250,49.726109,19352,5.736562465,5.739000000,2.437535,1,49.726109,5.000000,14
474,250,61.855810,19352,5.751415778,5.753500000,2.084222,1,61.855810,5.000000,14
475,250,67.726806,19352,5.765130837,5.768000000,2.869163,1,67.726806,5.000000,14
477,250,78.587868,19352,5.777984228,5.780500000,2.515772,1,78.587868,5.000000,14
478,250,82.177219,19352,5.791359448,5.793500000,2.140552,1,82.177219,5.000000,14
479,250,80.742476,19352,5.805723984,5.808000000,2.276016,1,80.742476,5.000000,14
480,250,75.595630,19352,5.819270057,5.824500000,5.229943,0,2120.889459,5.000000,14
481,250,70.405591,19352,5.835362506,5.837500000,2.137494,1,70.405591,5.000000,14
482,250,56.215105,19352,5.849392483,5.851500000,2.107517,1,56.215105,5.000000,14
484,250,42.045983,19352,5.862510580,5.865000000,2.489420,1,42.045983,5.000000,14
485,250,34.182530,19352,5.877386933,5.879500000,2.113067,1,34.182530,5.000000,14
488,250,26.927013,19352,5.893173770,5.895500000,2.326230,1,26.927013,5.000000,14
489,250,29.262353,19352,5.906013985,5.908500000,2.486015,1,29.262353,5.000000,14
490,250,34.806081,19352,5.920753237,5.923000000,2.246763,1,34.806081,5.000000,14
492,250,40.355471,19352,5.935903359,5.938000000,2.096641,1,40.355471,5.000000,14
493,250,47.312265,19352,5.950796762,5.953000000,2.203238,1,47.312265,5.000000,14
494,250,49.586010,19352,5.965787517,5.968000000,2.212483,1,49.586010,5.000000,14
495,250,56.161576,19352,5.979033924,5.981500000,2.466076,1,56.161576,5.000000,14
497,250,63.813291,19352,5.992475267,5.995000000,2.524733,1,63.813291,5.000000,14
498,250,67.357811,19352,6.007652852,6.013000000,5.347148,0,2120.889459,5.000000,14
499,250,70.960472,19352,6.023036123,6.026000000,2.963877,1,70.960472,5.000000,14
501,250,72.069084,19352,6.035992403,6.038500000,2.507597,1,72.069084,5.000000,14
502,250,71.319934,19352,6.051132560,6.054000000,2.867440,1,71.319934,5.000000,14
504,250,65.218050,19352,6.064202934,6.066500000,2.297066,1,65.218050,5.000000,14
505,250,60.239731,19352,6.080503312,6.083000000,2.496688,1,60.239731,5.000000,14
506,250,56.839893,19352,6.094324659,6.096500000,2.175341,1,56.839893,5.000000,14
507,250,47.399153,19352,6.109107549,6.114500000,5.392451,0,2120.889459,5.000000,14
508,250,43.364141,19352,6.122602819,6.125500000,2.897181,1,43.364141,5.000000,14
510,250,42.028162,19352,6.138133042,6.140500000,2.366958,1,42.028162,5.000000,14
512,250,64.034089,19352,6.150981265,6.153500000,2.518735,1,64.034089,5.000000,14
513,250,96.181360,19352,6.166240118,6.172000000,5.759882,0,2120.889459,5.000000,14
514,250,154.849847,19352,6.181052095,6.183500000,2.447905,1,154.849847,5.000000,14
515,250,172.535212,19352,6.195173933,6.197500000,2.326067,1,172.535212,5.000000,14
516,250,162.041534,19352,6.208115818,6.213500000,5.384182,0,2120.889459,5.000000,14
517,250,131.849846,19352,6.222282582,6.224500000,2.217418,1,131.849846,5.000000,14
519,250,135.221348,19352,6.239821947,6.242000000,2.178053,1,135.221348,5.000000,14
520,250,147.000584,19352,6.252931694,6.255000000,2.068306,1,147.000584,5.000000,14
521,250,157.927746,19352,6.268378184,6.270500000,2.121816,1,157.927746,5.000000,14
522,250,170.347778,19352,6.281378735,6.283500000,2.121265,1,170.347778,5.000000,14
523,250,172.080638,19352,6.294907485,6.297000000,2.092515,1,172.080638,5.000000,14
524,250,170.310250,19352,6.308804463,6.314000000,5.195537,0,2120.889459,5.000000,14
525,250,171.386143,19352,6.321795704,6.325000000,3.204296,1,171.386143,5.000000,14
526,250,162.344557,19352,6.335732267,6.338000000,2.267733,1,162.344557,5.000000,14
527,250,150.710016,19352,6.351254457,6.353500000,2.245543,1,150.710016,5.000000,14
528,250,139.684143,19352,6.364871282,6.367500000,2.628718,1,139.684143,5.000000,14
529,250,120.791727,19352,6.378473082,6.383500000,5.026918,0,2120.889459,5.000000,14
531,250,84.250961,19352,6.394431795,6.397000000,2.568205,1,84.250961,5.000000,14
532,250,65.739665,19352,6.407500754,6.413000000,5.499246,0,2120.889459,5.000000,14
535,250,40.258073,19352,6.422069078,6.425000000,2.930922,1,40.258073,5.000000,14
536,250,42.569637,19352,6.438008825,6.440500000,2.491175,1,42.569637,5.000000,14
537,250,38.575023,19352,6.452156866,6.454500000,2.343134,1,38.575023,5.000000,14
539,250,31.672059,19352,6.465729106,6.468000000,2.270894,1,31.672059,5.000000,14
541,250,35.899293,19352,6.481342613,6.484000000,2.657387,1,35.899293,5.000000,14
542,250,36.721605,19352,6.497436066,6.499500000,2.063934,1,36.721605,5.000000,14
545,250,70.648933,19352,6.511813697,6.514000000,2.186303,1,70.648933,5.000000,14
546,250,89.858017,19352,6.527554404,6.533000000,5.445596,0,2120.889459,5.000000,14
547,250,114.162027,19352,6.542588076,6.545000000,2.411924,1,114.162027,5.000000,14
548,250,132.906543,19352,6.556276043,6.558500000,2.223957,1,132.906543,5.000000,14
549,250,157.190070,19352,6.569680805,6.572000000,2.319195,1,157.190070,5.000000,14
550,250,185.429761,19352,6.582596846,6.585000000,2.403154,1,185.429761,5.000000,14
551,250,202.152103,19352,6.596280863,6.598500000,2.219137,1,202.152103,5.000000,14
552,250,222.233152,19352,6.611129844,6.616500000,5.370156,0,2120.889459,5.000000,13
553,250,236.039075,19352,6.625742573,6.628000000,2.257427,1,236.039075,5.000000,13
555,250,247.455238,19352,6.640486773,6.643000000,2.513227,1,247.455238,5.000000,13
556,250,275.661432,19352,6.655078794,6.660500000,5.421206,0,2120.889459,5.000000,13
557,250,262.965411,19352,6.668846652,6.671000000,2.153348,1,262.965411,5.000000,13
558,250,244.286482,19352,6.681852861,6.684000000,2.147139,1,244.286482,5.000000,13
559,250,245.442706,19352,6.696328605,6.701500000,5.171395,0,2120.889459,5.000000,13
560,250,237.090441,19352,6.708998954,6.714500000,5.501046,0,2120.889459,5.000000,13
561,250,235.852199,19352,6.725389872,6.727500000,2.110128,1,235.852199,5.000000,13
562,250,236.988473,19352,6.744486730,6.747000000,2.513270,1,236.988473,5.000000,13
563,250,219.086028,19352,6.757973368,6.760500000,2.526632,1,219.086028,5.000000,13
564,250,192.958014,19352,6.771668263,6.774500000,2.831737,1,192.958014,5.000000,13
565,250,173.702476,19352,6.786624495,6.789000000,2.375505,1,173.702476,5.000000,13
566,250,152.799213,19352,6.802082995,6.810500000,8.417005,0,2120.889459,5.000000,13
567,250,139.468571,19352,6.814974894,6.817500000,2.525106,1,139.468571,5.000000,13
568,250,127.166263,19352,6.829655574,6.832000000,2.344426,1,127.166263,5.000000,13
569,250,115.680042,19352,6.843170302,6.848500000,5.329698,0,2120.889459,5.000000,13
570,250,114.988593,19352,6.858596441,6.861000000,2.403559,1,114.988593,5.000000,13
571,250,112.291001,19352,6.873174361,6.875500000,2.325639,1,112.291001,5.000000,13
572,250,111.743766,19352,6.886155039,6.889000000,2.844961,1,111.743766,5.000000,13
573,250,103.165818,19352,6.901945710,6.907000000,5.054290,0,2120.889459,5.000000,13
574,250,99.571848,19352,6.915565952,6.918000000,2.434048,1,99.571848,5.000000,13
575,250,92.731017,19352,6.928611853,6.937000000,8.388147,0,2120.889459,5.000000,13
577,250,88.958873,19352,6.944217483,6.946500000,2.282517,1,88.958873,5.000000,13
578,250,90.483982,19352,6.958809841,6.961000000,2.190159,1,90.483982,5.000000,13
579,250,88.614423,19352,6.973656235,6.976000000,2.343765,1,88.614423,5.000000,13
580,250,85.089463,19352,6.990114230,6.992500000,2.385770,1,85.089463,5.000000,13
581,250,87.158535,19352,7.004186227,7.009500000,5.313773,0,2120.889459,5.000000,13
582,250,82.978450,19352,7.017483403,7.020000000,2.516597,1,82.978450,5.000000,13
583,250,80.016948,19352,7.032634911,7.035000000,2.365089,1,80.016948,5.000000,13
584,250,77.902999,19352,7.046294064,7.051500000,5.205936,0,2120.889459,5.000000,13
587,250,69.300198,19352,7.061093716,7.063500000,2.406284,1,69.300198,5.000000,13
588,250,70.792263,19352,7.074940991,7.077000000,2.059009,1,70.792263,5.000000,13
589,250,73.242857,19352,7.090803760,7.093000000,2.196240,1,73.242857,5.000000,13
590,250,73.063591,19352,7.104704320,7.113000000,8.295680,0,2120.889459,5.000000,13
591,250,72.612943,19352,7.119073117,7.121500000,2.426883,1,72.612943,5.000000,13
592,250,74.767023,19352,7.131998276,7.134500000,2.501724,1,74.767023,5.000000,13
593,250,74.322597,19352,7.144688436,7.147000000,2.311564,1,74.322597,5.000000,13
594,250,74.210161,19352,7.157715336,7.160000000,2.284664,1,74.210161,5.000000,13
595,250,76.234573,19352,7.172635899,7.175000000,2.364101,1,76.234573,5.000000,13
596,250,76.178033,19352,7.187703787,7.193000000,5.296213,0,2120.889459,5.000000,13
597,250,77.808305,19352,7.200979485,7.206500000,5.520515,0,2120.889459,5.000000,13
598,250,74.824142,19352,7.213913324,7.216000000,2.086676,1,74.824142,5.000000,13
599,250,74.304515,19352,7.228541084,7.231000000,2.458916,1,74.304515,5.000000,13
600,250,73.668817,19352,7.242557313,7.245000000,2.442687,1,73.668817,5.000000,13
602,250,74.407372,19352,7.257540452,7.260000000,2.459548,1,74.407372,5.000000,13
603,250,77.615609,19352,7.272080263,7.274500000,2.419737,1,77.615609,5.000000,13
604,250,78.514262,19352,7.286622119,7.289000000,2.377881,1,78.514262,5.000000,13
605,250,76.958024,19352,7.302432078,7.307500000,5.067922,0,2120.889459,5.000000,13
606,250,79.218932,19352,7.317307103,7.319500000,2.192897,1,79.218932,5.000000,13
607,250,81.801108,19352,7.332125993,7.334500000,2.374007,1,81.801108,5.000000,13
608,250,83.413026,19352,7.344887715,7.347000000,2.112285,1,83.413026,5.000000,13
609,250,84.144477,19352,7.358289535,7.360500000,2.210465,1,84.144477,5.000000,13
610,250,81.682000,19352,7.372902945,7.375000000,2.097055,1,81.682000,5.000000,13
611,250,83.081239,19352,7.387511135,7.390000000,2.488865,1,83.081239,5.000000,13
612,250,81.640976,19352,7.403301661,7.411500000,8.198339,0,2120.889459,5.000000,13
613,250,83.453498,19352,7.416145483,7.421500000,5.354517,0,2120.889459,5.000000,13
614,250,80.847191,19352,7.430441021,7.432500000,2.058979,1,80.847191,5.000000,13
615,250,83.422958,19352,7.445586780,7.448000000,2.413220,1,83.422958,5.000000,13
616,250,80.532581,19352,7.459732802,7.462000000,2.267198,1,80.532581,5.000000,13
617,250,80.992356,19352,7.475328928,7.480500000,5.171072,0,2120.889459,5.000000,13
619,250,85.939475,19352,7.490407259,7.492500000,2.092741,1,85.939475,5.000000,13
620,250,86.246888,19352,7.503449939,7.508500000,5.050061,0,2120.889459,5.000000,13
621,250,86.643911,19352,7.516952981,7.519000000,2.047019,1,86.643911,5.000000,13
622,250,84.759479,19352,7.533883555,7.536000000,2.116445,1,84.759479,5.000000,13
623,250,87.394570,19352,7.548018215,7.553500000,5.481785,0,2120.889459,5.000000,13
624,250,83.471328,19352,7.561397100,7.563500000,2.102900,1,83.471328,5.000000,13
626,250,87.335986,19352,7.574331184,7.579500000,5.168816,0,2120.889459,5.000000,13
627,250,89.848316,19352,7.587221609,7.592500000,5.278391,0,2120.889459,5.000000,13
628,250,93.547330,19352,7.602450008,7.607500000,5.049992,0,2120.889459,5.000000,13
629,250,91.739000,19352,7.615574886,7.618000000,2.425114,1,91.739000,5.000000,13
630,250,91.519443,19352,7.628890982,7.631000000,2.109018,1,91.519443,5.000000,13
631,250,92.671030,19352,7.643264299,7.645500000,2.235701,1,92.671030,5.000000,13
632,250,90.854838,19352,7.659673823,7.662000000,2.326177,1,90.854838,5.000000,13
633,250,90.901318,19352,7.672553947,7.675000000,2.446053,1,90.901318,5.000000,13
634,250,92.421869,19352,7.685446738,7.691000000,5.553262,0,2120.889459,5.000000,13
635,250,90.101800,19352,7.699034675,7.707500000,8.465325,0,2120.889459,5.000000,13
636,250,87.241828,19352,7.714461054,7.716500000,2.038946,1,87.241828,5.000000,13
637,250,88.832189,19352,7.727592984,7.730500000,2.907016,1,88.832189,5.000000,13
638,250,85.469847,19352,7.741526390,7.744000000,2.473610,1,85.469847,5.000000,13
639,250,86.864408,19352,7.755231613,7.757500000,2.268387,1,86.864408,5.000000,13
640,250,82.824544,19352,7.770038141,7.775500000,5.461859,0,2120.889459,5.000000,13
643,250,81.170841,19352,7.783090742,7.785500000,2.409258,1,81.170841,5.000000,13
644,250,82.850547,19352,7.797482307,7.803000000,5.517693,0,2120.889459,5.000000,13
645,250,83.237438,19352,7.813155143,7.818500000,5.344857,0,2120.889459,5.000000,12
646,250,86.046615,19352,7.825989012,7.831500000,5.510988,0,2120.889459,5.000000,12
648,250,84.399204,19352,7.839521169,7.842000000,2.478831,1,84.399204,5.000000,12
649,250,86.222906,19352,7.852427059,7.857500000,5.072941,0,2120.889459,5.000000,12
650,250,85.144963,19352,7.866411546,7.871500000,5.088454,0,2120.889459,5.000000,12
651,250,86.929867,19352,7.879964619,7.885000000,5.035381,0,2120.889459,5.000000,12
652,250,87.090672,19352,7.894597408,7.897000000,2.402592,1,87.090672,5.000000,12
653,250,87.997873,19352,7.907768016,7.916000000,8.231984,0,2120.889459,5.000000,12
654,250,84.717374,19352,7.920470099,7.922500000,2.029901,1,84.717374,5.000000,12
655,250,85.335433,19352,7.933502663,7.936000000,2.497337,1,85.335433,5.000000,12
656,250,81.598998,19352,7.946352909,7.948500000,2.147091,1,81.598998,5.000000,12
657,250,80.126780,19352,7.964041528,7.966500000,2.458472,1,80.126780,5.000000,12
658,250,79.013190,19352,7.976861929,7.982000000,5.138071,0,2120.889459,5.000000,12
659,250,80.049633,19352,7.991308563,7.993500000,2.191437,1,80.049633,5.000000,12
660,250,78.153013,19352,8.005366879,8.010500000,5.133121,0,2120.889459,5.000000,12
661,250,76.747771,19352,8.020900714,8.023000000,2.099286,1,76.747771,5.000000,12
662,250,75.517760,19352,8.034759822,8.038000000,3.240178,1,75.517760,5.000000,12
663,250,75.873200,19352,8.048187142,8.050500000,2.312858,1,75.873200,5.000000,12
664,250,71.758991,19352,8.060907911,8.066000000,5.092089,0,2120.889459,5.000000,12
666,250,66.186304,19352,8.075470145,8.083500000,8.029855,0,2120.889459,5.000000,12
667,250,60.908465,19352,8.092834172,8.098000000,5.165828,0,2120.889459,5.000000,12
668,250,53.503030,19352,8.106760648,8.112000000,5.239352,0,2120.889459,5.000000,14
669,250,51.247683,19352,8.120023271,8.122500000,2.476729,1,51.247683,5.000000,14
670,250,50.359960,19352,8.133275704,8.135500000,2.224296,1,50.359960,5.000000,14
671,250,51.336466,19352,8.146549797,8.149000000,2.450203,1,51.336466,5.000000,14
672,250,53.481631,19352,8.159333475,8.161500000,2.166525,1,53.481631,5.000000,14
673,250,52.634359,19352,8.172176166,8.174500000,2.323834,1,52.634359,5.000000,14
674,250,52.908286,19352,8.186610734,8.189000000,2.389266,1,52.908286,5.000000,14
675,250,50.863333,19352,8.199735209,8.205000000,5.264791,0,2120.889459,5.000000,14
677,250,47.906570,19352,8.214200406,8.216500000,2.299594,1,47.906570,5.000000,14
678,250,48.124978,19352,8.227945279,8.233000000,5.054721,0,2120.889459,5.000000,14
679,250,45.202081,19352,8.242063867,8.244500000,2.436133,1,45.202081,5.000000,14
680,250,43.422795,19352,8.256246710,8.258500000,2.253290,1,43.422795,5.000000,14
681,250,39.958183,19352,8.271539019,8.274000000,2.460981,1,39.958183,5.000000,14
684,250,36.541303,19352,8.285541355,8.288000000,2.458645,1,36.541303,5.000000,14
685,250,34.886737,19352,8.299248422,8.304500000,5.251578,0,2120.889459,5.000000,14
686,250,35.627401,19352,8.313860116,8.316000000,2.139884,1,35.627401,5.000000,14
687,250,35.128110,19352,8.327166635,8.329500000,2.333365,1,35.128110,5.000000,14
688,250,35.594929,19352,8.342276866,8.344500000,2.223134,1,35.594929,5.000000,14
689,250,35.180689,19352,8.355191384,8.357500000,2.308616,1,35.180689,5.000000,14
690,250,35.636108,19352,8.369725163,8.372000000,2.274837,1,35.636108,5.000000,14
691,250,33.629840,19352,8.384209977,8.386500000,2.290023,1,33.629840,5.000000,14
692,250,32.581365,19352,8.397720621,8.400000000,2.279379,1,32.581365,5.000000,14
693,250,32.053865,19352,8.410480161,8.419000000,8.519839,0,2120.889459,5.000000,14
695,250,30.957670,19352,8.425220157,8.427500000,2.279843,1,30.957670,5.000000,14
697,250,32.213139,19352,8.439496784,8.442000000,2.503216,1,32.213139,5.000000,14
698,250,32.979647,19352,8.453284038,8.455500000,2.215962,1,32.979647,5.000000,14
699,250,32.727454,19352,8.466722088,8.469000000,2.277912,1,32.727454,5.000000,14
700,250,31.774978,19352,8.482234216,8.484500000,2.265784,1,31.774978,5.000000,14
701,250,32.121902,19352,8.497486247,8.500000000,2.513753,1,32.121902,5.000000,14
702,250,30.803368,19352,8.513193256,8.518500000,5.306744,0,2120.889459,5.000000,14
703,250,30.830099,19352,8.527113140,8.529500000,2.386860,1,30.830099,5.000000,14
704,250,29.794538,19352,8.540017820,8.542500000,2.482180,1,29.794538,5.000000,14
705,250,30.270572,19352,8.555278140,8.557500000,2.221860,1,30.270572,5.000000,14
707,250,29.584334,19352,8.569078192,8.571500000,2.421808,1,29.584334,5.000000,14
708,250,29.279380,19352,8.582669207,8.585000000,2.330793,1,29.279380,5.000000,14
709,250,29.972291,19352,8.596357350,8.598500000,2.142650,1,29.972291,5.000000,14
713,250,35.056858,19352,8.610024434,8.615500000,5.475566,0,2120.889459,5.000000,14
714,250,38.141676,19352,8.623105447,8.625500000,2.394553,1,38.141676,5.000000,14
715,250,41.624625,19352,8.639074651,8.641500000,2.425349,1,41.624625,5.000000,14
716,250,43.144186,19352,8.651806650,8.654500000,2.693350,1,43.144186,5.000000,14
717,250,46.954314,19352,8.664768355,8.667000000,2.231645,1,46.954314,5.000000,14
718,250,48.629029,19352,8.681356235,8.684000000,2.643765,1,48.629029,5.000000,14
719,250,50.414291,19352,8.694191151,8.697000000,2.808849,1,50.414291,5.000000,14
720,250,48.948260,19352,8.709314456,8.714500000,5.185544,0,2120.889459,5.000000,13
721,250,52.141224,19352,8.724320595,8.729500000,5.179405,0,2120.889459,5.000000,13
722,250,49.504294,19352,8.737895994,8.740000000,2.104006,1,49.504294,5.000000,13
723,250,50.597678,19352,8.751495095,8.757000000,5.504905,0,2120.889459,5.000000,13
724,250,48.047847,19352,8.764291652,8.766500000,2.208348,1,48.047847,5.000000,13
725,250,46.535682,19352,8.778489570,8.784000000,5.510430,0,2120.889459,5.000000,13
726,250,43.956742,19352,8.792309035,8.794500000,2.190965,1,43.956742,5.000000,13
727,250,44.493359,19352,8.809443179,8.814500000,5.056821,0,2120.889459,5.000000,13
728,250,42.305150,19352,8.823311463,8.825500000,2.188537,1,42.305150,5.000000,13
729,250,40.478695,19352,8.839462009,8.841500000,2.037991,1,40.478695,5.000000,13
731,250,37.894165,19352,8.854056426,8.859500000,5.443574,0,2120.889459,5.000000,13
732,250,36.191172,19352,8.869778814,8.873500000,3.721186,1,36.191172,5.000000,13
734,250,31.467724,19352,8.884148752,8.887000000,2.851248,1,31.467724,5.000000,13
735,250,28.866579,19352,8.898280053,8.900500000,2.219947,1,28.866579,5.000000,13
738,250,26.630341,19352,8.912247613,8.917500000,5.252387,0,2120.889459,5.000000,13
739,250,28.533442,19352,8.928294947,8.930500000,2.205053,1,28.533442,5.000000,13
740,250,33.115739,19352,8.945469343,8.947500000,2.030657,1,33.115739,5.000000,13
741,250,32.771305,19352,8.958756432,8.961000000,2.243568,1,32.771305,5.000000,13
744,250,45.385104,19352,8.973212834,8.975500000,2.287166,1,45.385104,5.000000,13
745,250,50.596332,19352,8.987080533,8.989500000,2.419467,1,50.596332,5.000000,13
746,250,63.573067,19352,9.000764852,9.006500000,5.735148,0,2120.889459,5.000000,14
747,250,75.352930,19352,9.016173986,9.019000000,2.826014,1,75.352930,5.000000,14
749,250,126.658730,19352,9.030784740,9.033000000,2.215260,1,126.658730,5.000000,14
750,250,123.553363,19352,9.044388735,9.046500000,2.111265,1,123.553363,5.000000,14
752,250,149.527365,19352,9.058333439,9.060500000,2.166561,1,149.527365,5.000000,14
753,250,164.053201,19352,9.072316079,9.074500000,2.183921,1,164.053201,5.000000,14
754,250,154.665845,19352,9.086569786,9.089000000,2.430214,1,154.665845,5.000000,14
755,250,147.694019,19352,9.102527556,9.108000000,5.472444,0,2120.889459,5.000000,14
756,250,131.584746,19352,9.115892873,9.118000000,2.107127,1,131.584746,5.000000,14
757,250,115.908188,19352,9.131813225,9.134000000,2.186775,1,115.908188,5.000000,14
758,250,106.347266,19352,9.146665101,9.149000000,2.334899,1,106.347266,5.000000,14
759,250,97.221525,19352,9.159782398,9.162000000,2.217602,1,97.221525,5.000000,14
760,250,92.177878,19352,9.173616195,9.176000000,2.383805,1,92.177878,5.000000,14
761,250,91.621325,19352,9.186806476,9.189000000,2.193524,1,91.621325,5.000000,14
762,250,88.942952,19352,9.200113118,9.208500000,8.386882,0,2120.889459,5.000000,14
764,250,81.986037,19352,9.215578595,9.218500000,2.921405,1,81.986037,5.000000,14
765,250,78.409382,19352,9.228725526,9.231000000,2.274474,1,78.409382,5.000000,14
766,250,72.469641,19352,9.243645242,9.246000000,2.354758,1,72.469641,5.000000,14
767,250,68.364684,19352,9.256785169,9.259000000,2.214831,1,68.364684,5.000000,14
768,250,63.015051,19352,9.272848897,9.275000000,2.151103,1,63.015051,5.000000,14
769,250,59.344585,19352,9.286015902,9.288500000,2.484098,1,59.344585,5.000000,14
770,250,58.708206,19352,9.298853089,9.301000000,2.146911,1,58.708206,5.000000,14
771,250,55.386248,19352,9.312974188,9.318500000,5.525812,0,2120.889459,5.000000,13
772,250,53.664505,19352,9.325929650,9.328000000,2.070350,1,53.664505,5.000000,13
774,250,50.506104,19352,9.338695927,9.341000000,2.304073,1,50.506104,5.000000,13
775,250,48.725682,19352,9.353511420,9.356000000,2.488580,1,48.725682,5.000000,13
776,250,48.286482,19352,9.366579522,9.369000000,2.420478,1,48.286482,5.000000,13
777,250,45.267938,19352,9.379853863,9.382000000,2.146137,1,45.267938,5.000000,13
778,250,44.772475,19352,9.394062671,9.396500000,2.437329,1,44.772475,5.000000,13
779,250,44.633066,19352,9.407029355,9.412500000,5.470645,0,2120.889459,5.000000,13
780,250,41.760845,19352,9.421596830,9.424000000,2.403170,1,41.760845,5.000000,13
781,250,42.939802,19352,9.435293723,9.437500000,2.206277,1,42.939802,5.000000,13
782,250,39.764661,19352,9.448928650,9.454000000,5.071350,0,2120.889459,5.000000,13
783,250,38.231909,19352,9.462439542,9.464500000,2.060458,1,38.231909,5.000000,13
784,250,34.442970,19352,9.475896159,9.478000000,2.103841,1,34.442970,5.000000,13
785,250,33.445356,19352,9.489705621,9.492000000,2.294379,1,33.445356,5.000000,13
787,250,29.978008,19352,9.503884143,9.509000000,5.115857,0,2120.889459,5.000000,13
788,250,29.075943,19352,9.516693450,9.519000000,2.306550,1,29.075943,5.000000,13
790,250,28.607091,19352,9.531535791,9.534000000,2.464209,1,28.607091,5.000000,13
791,250,29.102514,19352,9.546270667,9.548500000,2.229333,1,29.102514,5.000000,13
792,250,31.174551,19352,9.560018215,9.562500000,2.481785,1,31.174551,5.000000,13
793,250,32.985121,19352,9.572868158,9.575000000,2.131842,1,32.985121,5.000000,13
795,250,38.691652,19352,9.585997233,9.588500000,2.502767,1,38.691652,5.000000,13
796,250,38.611770,19352,9.601030576,9.603500000,2.469424,1,38.611770,5.000000,13
797,250,39.425454,19352,9.615759416,9.621000000,5.240584,0,2120.889459,5.000000,14
798,250,36.292448,19352,9.631487641,9.634000000,2.512359,1,36.292448,5.000000,14
799,250,32.130481,19352,9.645621347,9.648000000,2.378653,1,32.130481,5.000000,14
801,250,34.806911,19352,9.660081625,9.662500000,2.418375,1,34.806911,5.000000,14
802,250,39.182192,19352,9.674964671,9.677000000,2.035329,1,39.182192,5.000000,14
803,250,49.121208,19352,9.690746125,9.693000000,2.253875,1,49.121208,5.000000,14
804,250,66.631260,19352,9.703829145,9.709000000,5.170855,0,2120.889459,5.000000,14
806,250,121.894030,19352,9.717872641,9.720000000,2.127359,1,121.894030,5.000000,14
807,250,144.957979,19352,9.731438739,9.733500000,2.061261,1,144.957979,5.000000,14
808,250,176.833031,19352,9.745177115,9.747500000,2.322885,1,176.833031,5.000000,14
809,250,215.942480,19352,9.758204196,9.760500000,2.295804,1,215.942480,5.000000,14
810,250,236.517232,19352,9.773925781,9.776000000,2.074219,1,236.517232,5.000000,14
812,250,305.703102,19352,9.787468416,9.789500000,2.031584,1,305.703102,5.000000,14
813,250,341.217325,19352,9.800953116,9.806000000,5.046884,0,2120.889459,5.000000,14
814,250,381.385157,19352,9.814704981,9.817000000,2.295019,1,381.385157,5.000000,14
815,250,436.862912,19352,9.829674245,9.832000000,2.325755,1,436.862912,5.000000,14
816,250,478.273108,19352,9.846009491,9.851500000,5.490509,0,2120.889459,5.000000,14
817,250,515.193342,19352,9.860753376,9.863000000,2.246624,1,515.193342,5.000000,14
818,250,554.630445,19352,9.874700317,9.877000000,2.299683,1,554.630445,5.000000,14
819,250,561.205801,19352,9.887449358,9.889500000,2.050642,1,561.205801,5.000000,14
820,250,578.857214,19352,9.900734255,9.906000000,5.265745,0,2120.889459,5.000000,14
821,250,593.666734,19352,9.914468911,9.916500000,2.031089,1,593.666734,5.000000,14
822,250,570.143412,19352,9.928119858,9.930500000,2.380142,1,570.143412,5.000000,14
823,250,534.656923,19352,9.941105966,9.943500000,2.394034,1,534.656923,5.000000,14
824,250,509.243197,19352,9.957427667,9.959500000,2.072333,1,509.243197,5.000000,14
825,250,436.456226,19352,9.972478818,9.975000000,2.521182,1,436.456226,5.000000,14
826,250,341.264997,19352,9.985700472,9.988000000,2.299528,1,341.264997,5.000000,14
827,250,197.428980,19352,9.999769003,10.005000000,5.230997,0,2120.889459,5.000000,14
829,250,185.885404,19352,10.013584122,10.016500000,2.915878,1,185.885404,5.000000,14
830,250,346.393667,19352,10.026717560,10.029000000,2.282440,1,346.393667,5.000000,14
831,250,403.354622,19352,10.040726676,10.043000000,2.273324,1,403.354622,5.000000,14
832,250,406.895218,19352,10.059007825,10.061500000,2.492175,1,406.895218,5.000000,14
833,250,368.200741,19352,10.073688727,10.076000000,2.311273,1,368.200741,5.000000,14
834,250,224.066820,19352,10.086787861,10.089000000,2.212139,1,224.066820,5.000000,14
836,250,258.042923,19352,10.100294005,10.105500000,5.205995,0,2120.889459,5.000000,14
837,250,468.092318,19352,10.113557518,10.116000000,2.442482,1,468.092318,5.000000,14
838,250,622.765982,19352,10.127652733,10.130000000,2.347267,1,622.765982,5.000000,14
839,250,735.395448,19352,10.143040245,10.145500000,2.459755,1,735.395448,5.000000,14
840,250,823.631545,19352,10.157402225,10.159500000,2.097775,1,823.631545,5.000000,14
841,250,909.972336,19352,10.174382541,10.176500000,2.117459,1,909.972336,5.000000,14
842,250,958.220598,19352,10.187760615,10.190500000,2.739385,1,958.220598,5.000000,14
843,250,998.646192,19352,10.201973766,10.207000000,5.026234,0,2120.889459,5.000000,14
844,250,1041.213087,19352,10.216222972,10.218500000,2.277028,1,1041.213087,5.000000,14
845,250,1033.492747,19352,10.232803829,10.235000000,2.196171,1,1033.492747,5.000000,14
846,250,1001.025912,19352,10.245659565,10.248000000,2.340435,1,1001.025912,5.000000,14
847,250,962.253313,19352,10.259079544,10.261500000,2.420456,1,962.253313,5.000000,14
848,250,890.616176,19352,10.274315347,10.276500000,2.184653,1,890.616176,5.000000,14
849,250,819.004371,19352,10.288614227,10.294000000,5.385773,0,2120.889459,5.000000,14
850,250,667.014924,19352,10.301507564,10.307000000,5.492436,0,2120.889459,5.000000,14
851,250,414.109229,19352,10.316775956,10.319000000,2.224044,1,414.109229,5.000000,14
853,250,367.619147,19352,10.330221708,10.332500000,2.278292,1,367.619147,5.000000,14
854,250,512.530550,19352,10.344467461,10.346500000,2.032539,1,512.530550,5.000000,14
855,250,468.502094,19352,10.358999292,10.361500000,2.500708,1,468.502094,5.000000,14
857,250,259.411735,19352,10.372450117,10.374500000,2.049883,1,259.411735,5.000000,14
859,250,544.388462,19352,10.385401268,10.387500000,2.098732,1,544.388462,5.000000,14
860,250,745.322202,19352,10.400544630,10.406000000,5.455370,0,2120.889459,5.000000,14
861,250,856.387553,19352,10.413770297,10.416000000,2.229703,1,856.387553,5.000000,14
862,250,886.267366,19352,10.427476570,10.430000000,2.523430,1,886.267366,5.000000,14
863,250,863.928143,19352,10.443379029,10.445500000,2.120971,1,863.928143,5.000000,14
864,250,735.623790,19352,10.456688472,10.459000000,2.311528,1,735.623790,5.000000,14
865,250,477.339131,19352,10.471348712,10.473500000,2.151288,1,477.339131,5.000000,14
867,250,447.532495,19352,10.486034121,10.488500000,2.465879,1,447.532495,5.000000,14
868,250,723.191227,19352,10.498964670,10.501000000,2.035330,1,723.191227,5.000000,14
869,250,889.839258,19352,10.511750697,10.517000000,5.249303,0,2120.889459,5.000000,13
870,250,920.924022,19352,10.525779963,10.528000000,2.220037,1,920.924022,5.000000,13
871,250,980.519359,19352,10.540009858,10.542500000,2.490142,1,980.519359,5.000000,13
872,250,989.732169,19352,10.553339908,10.558500000,5.160092,0,2120.889459,5.000000,13
873,250,997.724960,19352,10.566618621,10.572000000,5.381379,0,2120.889459,5.000000,13
874,250,964.724166,19352,10.581363465,10.583500000,2.136535,1,964.724166,5.000000,13
875,250,909.192862,19352,10.595298297,10.598000000,2.701703,1,909.192862,5.000000,13
876,250,836.247891,19352,10.608492800,10.614000000,5.507200,0,2120.889459,5.000000,13
877,250,757.634055,19352,10.624531836,10.627000000,2.468164,1,757.634055,5.000000,13
878,250,486.466860,19352,10.637319337,10.639500000,2.180663,1,486.466860,5.000000,13
880,250,519.278657,19352,10.650659651,10.653000000,2.340349,1,519.278657,5.000000,13
881,250,787.255055,19352,10.664961083,10.667000000,2.038917,1,787.255055,5.000000,13
882,250,874.169210,19352,10.678139481,10.683500000,5.360519,0,2120.889459,5.000000,13
883,250,940.274384,19352,10.694457334,10.696500000,2.042666,1,940.274384,5.000000,13
884,250,1002.693528,19352,10.708557863,10.717500000,8.942137,0,2120.889459,5.000000,13
885,250,1080.580144,19352,10.722824921,10.725000000,2.175079,1,1080.580144,5.000000,13
886,250,1093.599622,19352,10.737874725,10.740000000,2.125275,1,1093.599622,5.000000,13
887,250,1129.289734,19352,10.751198279,10.754000000,2.801721,1,1129.289734,5.000000,13
888,250,1134.669312,19352,10.764215868,10.767500000,3.284132,1,1134.669312,5.000000,13
889,250,1160.922010,19352,10.778522688,10.781000000,2.477312,1,1160.922010,5.000000,13
890,250,1153.826915,19352,10.793757477,10.796000000,2.242523,1,1153.826915,5.000000,13
891,250,1146.515992,19352,10.808719686,10.814000000,5.280314,0,2120.889459,5.000000,14
892,250,1164.424025,19352,10.824057258,10.826500000,2.442742,1,1164.424025,5.000000,14
893,250,1168.826695,19352,10.837620445,10.846000000,8.379555,0,2120.889459,5.000000,14
894,250,1193.296227,19352,10.852330075,10.854500000,2.169925,1,1193.296227,5.000000,14
895,250,1213.055504,19352,10.865418361,10.868000000,2.581639,1,1213.055504,5.000000,14
896,250,1222.125988,19352,10.880286884,10.882500000,2.213116,1,1222.125988,5.000000,14
897,250,1213.883291,19352,10.893403915,10.895500000,2.096085,1,1213.883291,5.000000,14
898,250,1220.841088,19352,10.906796057,10.912500000,5.703943,0,2120.889459,5.000000,14
899,250,1211.916939,19352,10.920529430,10.923000000,2.470570,1,1211.916939,5.000000,14
900,250,1219.886848,19352,10.935254930,10.937500000,2.245070,1,1219.886848,5.000000,14
901,250,1200.791777,19352,10.951436263,10.953500000,2.063737,1,1200.791777,5.000000,14
902,250,1190.795878,19352,10.965799295,10.968000000,2.200705,1,1190.795878,5.000000,14
903,250,1168.631317,19352,10.980452371,10.982500000,2.047629,1,1168.631317,5.000000,14
904,250,1155.653792,19352,10.993766050,10.996000000,2.233950,1,1155.653792,5.000000,14
905,250,1086.995433,19352,11.007448388,11.012500000,5.051612,0,2120.889459,5.000000,14
906,250,987.818402,19352,11.020550640,11.023000000,2.449360,1,987.818402,5.000000,14
907,250,785.976273,19352,11.034964007,11.037000000,2.035993,1,785.976273,5.000000,14
909,250,887.193286,19352,11.048364976,11.050500000,2.135024,1,887.193286,5.000000,14
910,250,1100.222056,19352,11.061939953,11.064000000,2.060047,1,1100.222056,5.000000,14
911,250,1211.910964,19352,11.075391686,11.077500000,2.108314,1,1211.910964,5.000000,14
912,250,1252.467130,19352,11.090044951,11.092500000,2.455049,1,1252.467130,5.000000,14
913,250,1313.550633,19352,11.105124506,11.110500000,5.375494,0,2120.889459,5.000000,14
914,250,1348.196734,19352,11.120293554,11.122500000,2.206446,1,1348.196734,5.000000,14
915,250,1395.319007,19352,11.135621683,11.138500000,2.878317,1,1395.319007,5.000000,14
916,250,1442.112531,19352,11.148864769,11.151000000,2.135231,1,1442.112531,5.000000,14
917,250,1480.544766,19352,11.162033857,11.164500000,2.466143,1,1480.544766,5.000000,14
918,250,1447.225942,19352,11.177023234,11.179500000,2.476766,1,1447.225942,5.000000,14
919,250,1414.932653,19352,11.191249148,11.193500000,2.250852,1,1414.932653,5.000000,14
920,250,1349.697737,19352,11.204318634,11.212500000,8.181366,0,2120.889459,5.000000,14
921,250,1293.831629,19352,11.219917529,11.222000000,2.082471,1,1293.831629,5.000000,14
922,250,1176.444761,19352,11.235549844,11.238000000,2.450156,1,1176.444761,5.000000,14
923,250,1121.721123,19352,11.249387405,11.251500000,2.112595,1,1121.721123,5.000000,14
924,250,1096.890962,19352,11.266507077,11.269000000,2.492923,1,1096.890962,5.000000,14
925,250,1061.073714,19352,11.282310798,11.284500000,2.189202,1,1061.073714,5.000000,14
926,250,852.083843,19352,11.297170023,11.299500000,2.329977,1,852.083843,5.000000,14
928,250,961.181159,19352,11.311259629,11.316500000,5.240371,0,2120.889459,5.000000,14
929,250,1227.841849,19352,11.325430749,11.327500000,2.069251,1,1227.841849,5.000000,14
930,250,1208.522060,19352,11.338367976,11.341000000,2.632024,1,1208.522060,5.000000,14
931,250,985.132994,19352,11.351494237,11.354000000,2.505763,1,985.132994,5.000000,14
933,250,1011.821945,19352,11.366079408,11.368500000,2.420592,1,1011.821945,5.000000,14
934,250,1222.865850,19352,11.380335378,11.382500000,2.164622,1,1222.865850,5.000000,14
935,250,1242.261195,19352,11.396252577,11.398500000,2.247423,1,1242.261195,5.000000,14
936,250,1124.313445,19352,11.410868122,11.416000000,5.131878,0,2120.889459,5.000000,14
937,250,1070.118301,19352,11.424088922,11.426500000,2.411078,1,1070.118301,5.000000,14
938,250,995.261251,19352,11.438093207,11.440500000,2.406793,1,995.261251,5.000000,14
939,250,816.826404,19352,11.452652696,11.455000000,2.347304,1,816.826404,5.000000,14
941,250,804.915339,19352,11.468292307,11.470500000,2.207693,1,804.915339,5.000000,14
942,250,994.446075,19352,11.481770681,11.484000000,2.229319,1,994.446075,5.000000,14
943,250,1036.769180,19352,11.495328324,11.497500000,2.171676,1,1036.769180,5.000000,14
944,250,1061.678637,19352,11.508642119,11.514000000,5.357881,0,2120.889459,5.000000,14
945,250,1112.611823,19352,11.521678952,11.524000000,2.321048,1,1112.611823,5.000000,14
946,250,1105.167112,19352,11.538665292,11.541000000,2.334708,1,1105.167112,5.000000,14
947,250,1119.427237,19352,11.552306249,11.557500000,5.193751,0,2120.889459,5.000000,14
948,250,1108.419732,19352,11.567904864,11.570000000,2.095136,1,1108.419732,5.000000,14
949,250,1128.621830,19352,11.581774954,11.584000000,2.225046,1,1128.621830,5.000000,14
950,250,1114.261494,19352,11.596783066,11.599000000,2.216934,1,1114.261494,5.000000,14
951,250,1112.493783,19352,11.613577483,11.619000000,5.422517,0,2120.889459,5.000000,14
952,250,1062.334166,19352,11.626387489,11.631500000,5.112511,0,2120.889459,5.000000,14
953,250,1066.060964,19352,11.640909477,11.643000000,2.090523,1,1066.060964,5.000000,14
954,250,1038.264993,19352,11.653997959,11.656500000,2.502041,1,1038.264993,5.000000,14
955,250,984.713377,19352,11.668764726,11.671000000,2.235274,1,984.713377,5.000000,14
956,250,858.746371,19352,11.682158817,11.684500000,2.341183,1,858.746371,5.000000,14
958,250,829.153006,19352,11.695852405,11.698000000,2.147595,1,829.153006,5.000000,14
959,250,911.966784,19352,11.708953456,11.717000000,8.046544,0,2120.889459,5.000000,13
960,250,944.174547,19352,11.723710322,11.726000000,2.289678,1,944.174547,5.000000,13
961,250,911.853024,19352,11.736591564,11.739000000,2.408436,1,911.853024,5.000000,13
962,250,925.116588,19352,11.750047963,11.753000000,2.952037,1,925.116588,5.000000,13
963,250,926.130662,19352,11.763481549,11.769500000,6.018451,0,2120.889459,5.000000,13
964,250,781.798066,19352,11.776314838,11.781500000,5.185162,0,2120.889459,5.000000,13
966,250,769.937407,19352,11.790896565,11.793000000,2.103435,1,769.937407,5.000000,13
967,250,865.922648,19352,11.804639673,11.810000000,5.360327,0,2120.889459,5.000000,13
968,250,859.187454,19352,11.820374882,11.825500000,5.125118,0,2120.889459,5.000000,13
969,250,771.336776,19352,11.835750182,11.838000000,2.249818,1,771.336776,5.000000,13
971,250,795.660393,19352,11.850372348,11.852500000,2.127652,1,795.660393,5.000000,13
972,250,921.413301,19352,11.865378605,11.867500000,2.121395,1,921.413301,5.000000,13
973,250,950.040989,19352,11.878171244,11.886500000,8.328756,0,2120.889459,5.000000,13
974,250,1000.096875,19352,11.892145428,11.894500000,2.354572,1,1000.096875,5.000000,13
975,250,1009.183187,19352,11.906076652,11.911500000,5.423348,0,2120.889459,5.000000,13
976,250,1038.756229,19352,11.922272924,11.924500000,2.227076,1,1038.756229,5.000000,13
977,250,1042.686063,19352,11.935842574,11.938000000,2.157426,1,1042.686063,5.000000,13
978,250,1011.058423,19352,11.949335049,11.951500000,2.164951,1,1011.058423,5.000000,13
979,250,1004.866972,19352,11.964569380,11.970000000,5.430620,0,2120.889459,5.000000,13
980,250,959.498697,19352,11.980432627,11.982500000,2.067373,1,959.498697,5.000000,13
981,250,773.268548,19352,11.997421027,12.000000000,2.578973,1,773.268548,5.000000,13
983,250,770.977429,19352,12.010492390,12.019500000,9.007610,0,2120.889459,5.000000,13
984,250,958.187106,19352,12.023558080,12.032000000,8.441920,0,2120.889459,5.000000,13
985,250,1042.494681,19352,12.036232860,12.041500000,5.267140,0,2120.889459,5.000000,13
986,250,1031.299211,19352,12.051848356,12.057500000,5.651644,0,2120.889459,5.000000,13
987,250,1117.740385,19352,12.067260137,12.069500000,2.239863,1,1117.740385,5.000000,13
988,250,1074.763989,19352,12.083447072,12.088500000,5.052928,0,2120.889459,5.000000,13
989,250,1080.192544,19352,12.097622249,12.103000000,5.377751,0,2120.889459,5.000000,13
990,250,1059.333487,19352,12.110520595,12.116000000,5.479405,0,2120.889459,5.000000,13
991,250,1004.510956,19352,12.126246819,12.129000000,2.753181,1,1004.510956,5.000000,13
992,250,957.714005,19352,12.140547238,12.143000000,2.452762,1,957.714005,5.000000,13
993,250,810.578553,19352,12.155550435,12.158000000,2.449565,1,810.578553,5.000000,13
995,250,711.608630,19352,12.168483342,12.171500000,3.016658,1,711.608630,5.000000,13
998,250,792.922084,19352,12.181719354,12.184500000,2.780646,1,792.922084,5.000000,13
999,250,911.766657,19352,12.196460338,12.204500000,8.039662,0,2120.889459,5.000000,13
1000,250,942.922293,19352,12.209694384,12.215000000,5.305616,0,2120.889459,5.000000,13
1001,250,818.879973,19352,12.222553446,12.225000000,2.446554,1,818.879973,5.000000,13
1003,250,792.964915,19352,12.239109251,12.241500000,2.390749,1,792.964915,5.000000,13
1004,250,825.326777,19352,12.253635780,12.256000000,2.364220,1,825.326777,5.000000,13
1006,250,846.649277,19352,12.266925933,12.269000000,2.074067,1,846.649277,5.000000,13
1007,250,899.831024,19352,12.281052085,12.283500000,2.447915,1,899.831024,5.000000,13
1008,250,815.468180,19352,12.297230501,12.299500000,2.269499,1,815.468180,5.000000,13
1011,250,870.068669,19352,12.310826802,12.319500000,8.673198,0,2120.889459,5.000000,14
1012,250,997.588930,19352,12.324955059,12.327000000,2.044941,1,997.588930,5.000000,14
1013,250,1061.080732,19352,12.337714749,12.340000000,2.285251,1,1061.080732,5.000000,14
1014,250,1065.519975,19352,12.350546848,12.353000000,2.453152,1,1065.519975,5.000000,14
1015,250,996.573127,19352,12.364269877,12.366500000,2.230123,1,996.573127,5.000000,14
1016,250,856.022105,19352,12.378884561,12.381000000,2.115439,1,856.022105,5.000000,14
1019,250,821.636031,19352,12.391780101,12.394000000,2.219899,1,821.636031,5.000000,14
1020,250,921.288892,19352,12.405705058,12.411000000,5.294942,0,2120.889459,5.000000,14
1021,250,809.515376,19352,12.419569114,12.422000000,2.430886,1,809.515376,5.000000,14
1023,250,767.220431,19352,12.433266155,12.436000000,2.733845,1,767.220431,5.000000,14
1024,250,769.125672,19352,12.446190788,12.454500000,8.309212,0,2120.889459,5.000000,14
1026,250,679.195707,19352,12.460695829,12.463000000,2.304171,1,679.195707,5.000000,14
1028,250,753.084125,19352,12.473669906,12.476500000,2.830094,1,753.084125,5.000000,14
1029,250,874.128059,19352,12.488722896,12.491000000,2.277104,1,874.128059,5.000000,14
1030,250,943.099627,19352,12.502937414,12.505000000,2.062586,1,943.099627,5.000000,14
1031,250,994.395368,19352,12.515659446,12.521000000,5.340554,0,2120.889459,5.000000,14
1032,250,979.516457,19352,12.528337477,12.530500000,2.162523,1,979.516457,5.000000,14
1033,250,810.043181,19352,12.541126442,12.543500000,2.373558,1,810.043181,5.000000,14
1035,250,871.232006,19352,12.554790217,12.557000000,2.209783,1,871.232006,5.000000,14
1036,250,1142.732734,19352,12.568364659,12.571000000,2.635341,1,1142.732734,5.000000,14
1037,250,1211.926604,19352,12.583606749,12.586000000,2.393251,1,1211.926604,5.000000,14
1038,250,1238.169432,19352,12.596941126,12.599000000,2.058874,1,1238.169432,5.000000,14
1039,250,1241.128893,19352,12.610723518,12.619000000,8.276482,0,2120.889459,5.000000,14
1040,250,1219.588783,19352,12.624537881,12.627000000,2.462119,1,1219.588783,5.000000,14
1041,250,994.606369,19352,12.637639838,12.640000000,2.360162,1,994.606369,5.000000,14
1043,250,763.536859,19352,12.651109237,12.653500000,2.390763,1,763.536859,5.000000,14
1045,250,694.819852,19352,12.665735520,12.671000000,5.264480,0,2120.889459,5.000000,14
1047,250,822.762575,19352,12.679174967,12.684500000,5.325033,0,2120.889459,5.000000,14
1048,250,989.959122,19352,12.693921196,12.696000000,2.078804,1,989.959122,5.000000,14
1049,250,990.921681,19352,12.707689613,12.713000000,5.310387,0,2120.889459,5.000000,14
1050,250,964.387687,19352,12.721774017,12.724000000,2.225983,1,964.387687,5.000000,14
1051,250,913.853246,19352,12.734891672,12.737000000,2.108328,1,913.853246,5.000000,14
1052,250,755.677928,19352,12.748537261,12.751000000,2.462739,1,755.677928,5.000000,14
1054,250,701.369567,19352,12.762504531,12.765000000,2.495469,1,701.369567,5.000000,14
1058,250,812.979991,19352,12.776996418,12.779500000,2.503582,1,812.979991,5.000000,14
1059,250,900.690808,19352,12.792753678,12.795000000,2.246322,1,900.690808,5.000000,14
1060,250,702.717482,19352,12.806406127,12.812000000,5.593873,0,2120.889459,5.000000,14
1062,250,725.334578,19352,12.820307356,12.822500000,2.192644,1,725.334578,5.000000,14
1063,250,966.918020,19352,12.835702164,12.838000000,2.297836,1,966.918020,5.000000,14
1064,250,1075.537888,19352,12.848758099,12.854500000,5.741901,0,2120.889459,5.000000,14
1065,250,1124.405391,19352,12.861866987,12.864000000,2.133013,1,1124.405391,5.000000,14
1066,250,1106.429935,19352,12.874542685,12.877000000,2.457315,1,1106.429935,5.000000,14
1067,250,1110.118447,19352,12.888090771,12.890500000,2.409229,1,1110.118447,5.000000,14
1068,250,1084.585769,19352,12.902379401,12.907500000,5.120599,0,2120.889459,5.000000,14
1069,250,1042.500427,19352,12.915666310,12.918500000,2.833690,1,1042.500427,5.000000,14
1070,250,964.435526,19352,12.928415635,12.931000000,2.584365,1,964.435526,5.000000,14
1071,250,888.607251,19352,12.943068947,12.945500000,2.431053,1,888.607251,5.000000,14
1072,250,763.781873,19352,12.958354232,12.960500000,2.145768,1,763.781873,5.000000,14
1073,250,590.411048,19352,12.972278711,12.975000000,2.721289,1,590.411048,5.000000,14
1076,250,464.036327,19352,12.988269280,12.990500000,2.230720,1,464.036327,5.000000,14
1077,250,455.857473,19352,13.003602085,13.006000000,2.397915,1,455.857473,5.000000,14
1079,250,448.389144,19352,13.016808679,13.019000000,2.191321,1,448.389144,5.000000,14
1080,250,580.079637,19352,13.030648964,13.033000000,2.351036,1,580.079637,5.000000,14
1081,250,624.883105,19352,13.044323399,13.046500000,2.176601,1,624.883105,5.000000,14
1082,250,564.891302,19352,13.059095747,13.062000000,2.904253,1,564.891302,5.000000,14
1083,250,446.942330,19352,13.073111937,13.075500000,2.388063,1,446.942330,5.000000,14
1085,250,378.256938,19352,13.086928672,13.089000000,2.071328,1,378.256938,5.000000,14
1086,250,348.320025,19352,13.101043258,13.109500000,8.456742,0,2120.889459,5.000000,14
1088,250,466.354823,19352,13.117124580,13.120000000,2.875420,1,466.354823,5.000000,14
1089,250,597.800057,19352,13.132151045,13.134500000,2.348955,1,597.800057,5.000000,14
1090,250,659.874320,19352,13.147205449,13.149500000,2.294551,1,659.874320,5.000000,14
1091,250,698.279728,19352,13.161748117,13.164000000,2.251883,1,698.279728,5.000000,14
1092,250,744.502534,19352,13.175457596,13.177500000,2.042404,1,744.502534,5.000000,14
1093,250,768.815040,19352,13.190792574,13.193000000,2.207426,1,768.815040,5.000000,14
1094,250,779.982160,19352,13.204194420,13.212500000,8.305580,0,2120.889459,5.000000,14
1095,250,771.062090,19352,13.219867916,13.222000000,2.132084,1,771.062090,5.000000,14
1096,250,772.614877,19352,13.233158888,13.235500000,2.341112,1,772.614877,5.000000,14
1097,250,739.472330,19352,13.246310971,13.248500000,2.189029,1,739.472330,5.000000,14
1098,250,698.452973,19352,13.262639023,13.265000000,2.360977,1,698.452973,5.000000,14
1099,250,665.665460,19352,13.277174995,13.280000000,2.825005,1,665.665460,5.000000,14
1100,250,625.968054,19352,13.290853724,13.293000000,2.146276,1,625.968054,5.000000,14
1101,250,534.829795,19352,13.303963921,13.309000000,5.036079,0,2120.889459,5.000000,14
1102,250,373.301864,19352,13.318828496,13.321000000,2.171504,1,373.301864,5.000000,14
1104,250,378.116724,19352,13.331972960,13.334000000,2.027040,1,378.116724,5.000000,14
1105,250,568.119631,19352,13.345074380,13.347500000,2.425620,1,568.119631,5.000000,14
1106,250,644.255434,19352,13.360379328,13.362500000,2.120672,1,644.255434,5.000000,14
1107,250,707.859917,19352,13.373228748,13.375500000,2.271252,1,707.859917,5.000000,14
1108,250,731.589228,19352,13.387004940,13.389500000,2.495060,1,731.589228,5.000000,14
1109,250,785.721609,19352,13.400168233,13.405500000,5.331767,0,2120.889459,5.000000,14
1110,250,797.661369,19352,13.415330369,13.417500000,2.169631,1,797.661369,5.000000,14
1111,250,814.910846,19352,13.430227272,13.432500000,2.272728,1,814.910846,5.000000,14
1112,250,802.484449,19352,13.444628562,13.447000000,2.371438,1,802.484449,5.000000,14
1113,250,826.563174,19352,13.458509442,13.461000000,2.490558,1,826.563174,5.000000,14
1114,250,817.575289,19352,13.473364379,13.475500000,2.135621,1,817.575289,5.000000,14
1115,250,823.667292,19352,13.486300744,13.488500000,2.199256,1,823.667292,5.000000,14
1116,250,814.114157,19352,13.501320746,13.506500000,5.179254,0,2120.889459,5.000000,14
1117,250,814.156675,19352,13.517359692,13.519500000,2.140308,1,814.156675,5.000000,14
1118,250,763.376420,19352,13.531542942,13.534000000,2.457058,1,763.376420,5.000000,14
1119,250,741.356457,19352,13.544589112,13.547000000,2.410888,1,741.356457,5.000000,14
1120,250,680.521251,19352,13.557442853,13.559500000,2.057147,1,680.521251,5.000000,14
1121,250,620.171139,19352,13.573079677,13.575500000,2.420323,1,620.171139,5.000000,14
1122,250,455.885681,19352,13.586840301,13.589000000,2.159699,1,455.885681,5.000000,14
1124,250,435.165940,19352,13.602025740,13.607500000,5.474260,0,2120.889459,5.000000,14
1125,250,544.477019,19352,13.617203533,13.619500000,2.296467,1,544.477019,5.000000,14
1126,250,483.710800,19352,13.630237357,13.632500000,2.262643,1,483.710800,5.000000,14
1128,250,589.548996,19352,13.643901537,13.646000000,2.098463,1,589.548996,5.000000,14
1129,250,815.350863,19352,13.659116759,13.661500000,2.383241,1,815.350863,5.000000,14
1130,250,919.780129,19352,13.678685988,13.681500000,2.814012,1,919.780129,5.000000,14
1131,250,976.502785,19352,13.691857111,13.694000000,2.142889,1,976.502785,5.000000,14
1132,250,1078.661560,19352,13.706069876,13.711500000,5.430124,0,2120.889459,5.000000,14
1133,250,1150.080449,19352,13.720599598,13.726000000,5.400402,0,2120.889459,5.000000,14
1134,250,1204.869000,19352,13.733304844,13.735500000,2.195156,1,1204.869000,5.000000,14
1135,250,1234.738833,19352,13.748319307,13.750500000,2.180693,1,1234.738833,5.000000,14
1136,250,1270.307040,19352,13.761963679,13.764000000,2.036321,1,1270.307040,5.000000,14
1137,250,1238.848274,19352,13.777612817,13.780000000,2.387183,1,1238.848274,5.000000,14
1138,250,1245.726226,19352,13.791201446,13.793500000,2.298554,1,1245.726226,5.000000,14
1139,250,1216.827437,19352,13.808887888,13.814000000,5.112112,0,2120.889459,5.000000,14
1140,250,1146.041290,19352,13.822675786,13.825000000,2.324214,1,1146.041290,5.000000,14
1141,250,829.789661,19352,13.836811481,13.839000000,2.188519,1,829.789661,5.000000,14
1143,250,650.108641,19352,13.850392085,13.852500000,2.107915,1,650.108641,5.000000,14
1145,250,908.552092,19352,13.865861636,13.868000000,2.138364,1,908.552092,5.000000,14
1146,250,1223.793424,19352,13.878642211,13.881000000,2.357789,1,1223.793424,5.000000,14
1147,250,1373.312311,19352,13.892352947,13.894500000,2.147053,1,1373.312311,5.000000,14
1148,250,1422.962301,19352,13.905213767,13.910500000,5.286233,0,2120.889459,5.000000,14
1149,250,1479.465738,19352,13.918152238,13.920500000,2.347762,1,1479.465738,5.000000,14
1150,250,1500.177050,19352,13.931406549,13.933500000,2.093451,1,1500.177050,5.000000,14
1151,250,1551.218197,19352,13.945874558,13.948000000,2.125442,1,1551.218197,5.000000,14
1152,250,1528.258606,19352,13.960132026,13.962500000,2.367974,1,1528.258606,5.000000,14
1153,250,1528.829052,19352,13.973284288,13.975500000,2.215712,1,1528.829052,5.000000,14
1154,250,1482.052827,19352,13.987556776,13.990000000,2.443224,1,1482.052827,5.000000,14
1155,250,1460.712029,19352,14.003961957,14.009000000,5.038043,0,2120.889459,5.000000,14
1156,250,1439.375940,19352,14.021465599,14.023500000,2.034401,1,1439.375940,5.000000,14
1157,250,1439.510542,19352,14.037893257,14.040000000,2.106743,1,1439.510542,5.000000,14
1158,250,1373.810998,19352,14.051903566,14.054000000,2.096434,1,1373.810998,5.000000,14
1159,250,1329.529822,19352,14.066769849,14.069000000,2.230151,1,1329.529822,5.000000,14
1160,250,1244.613371,19352,14.079844496,14.082000000,2.155504,1,1244.613371,5.000000,14
1161,250,1100.073629,19352,14.092867479,14.095500000,2.632521,1,1100.073629,5.000000,14
1162,250,762.169432,19352,14.106810691,14.112000000,5.189309,0,2120.889459,5.000000,14
1164,250,729.786855,19352,14.122008774,14.124500000,2.491226,1,729.786855,5.000000,14
1165,250,975.693985,19352,14.137624971,14.143000000,5.375029,0,2120.889459,5.000000,14
1166,250,938.555773,19352,14.151752657,14.154000000,2.247343,1,938.555773,5.000000,14
1167,250,728.308962,19352,14.164546965,14.167000000,2.453035,1,728.308962,5.000000,14
1169,250,719.927388,19352,14.177406341,14.179500000,2.093659,1,719.927388,5.000000,14
1170,250,904.159260,19352,14.190481550,14.193000000,2.518450,1,904.159260,5.000000,14
1171,250,686.411739,19352,14.203177451,14.208500000,5.322549,0,2120.889459,5.000000,14
1173,250,649.524198,19352,14.217405954,14.220000000,2.594046,1,649.524198,5.000000,14
1174,250,847.556095,19352,14.232263072,14.234500000,2.236928,1,847.556095,5.000000,14
1175,250,669.858476,19352,14.245012397,14.247500000,2.487603,1,669.858476,5.000000,14
1177,250,698.202742,19352,14.261008202,14.263500000,2.491798,1,698.202742,5.000000,14
1178,250,804.542334,19352,14.274425735,14.276500000,2.074265,1,804.542334,5.000000,14
1179,250,617.032316,19352,14.287611457,14.290000000,2.388543,1,617.032316,5.000000,14
1181,250,587.914830,19352,14.301158224,14.309500000,8.341776,0,2120.889459,5.000000,13
1182,250,581.414581,19352,14.314768547,14.317500000,2.731453,1,581.414581,5.000000,14
1184,250,612.560203,19352,14.331388627,14.333500000,2.111373,1,612.560203,5.000000,14
1185,250,870.928335,19352,14.346375452,14.348500000,2.124548,1,870.928335,5.000000,14
1186,250,964.005534,19352,14.361177794,14.363500000,2.322206,1,964.005534,5.000000,14
1187,250,1020.867877,19352,14.375880618,14.378000000,2.119382,1,1020.867877,5.000000,14
1188,250,1021.138907,19352,14.390129193,14.392500000,2.370807,1,1021.138907,5.000000,14
1189,250,1020.554227,19352,14.403010487,14.408500000,5.489513,0,2120.889459,5.000000,13
1190,250,948.428900,19352,14.417690096,14.420000000,2.309904,1,948.428900,5.000000,13
1191,250,839.737272,19352,14.430769943,14.433000000,2.230057,1,839.737272,5.000000,13
1192,250,558.195599,19352,14.449762462,14.452000000,2.237538,1,558.195599,5.000000,13
1194,250,508.306003,19352,14.463970341,14.466000000,2.029659,1,508.306003,5.000000,13
1195,250,647.386879,19352,14.477845975,14.480000000,2.154025,1,647.386879,5.000000,13
1196,250,541.280330,19352,14.492895052,14.495000000,2.104948,1,541.280330,5.000000,13
1198,250,361.679964,19352,14.508662362,14.517000000,8.337638,0,2120.889459,5.000000,13
1200,250,521.781156,19352,14.522056683,14.524500000,2.443317,1,521.781156,5.000000,13
1201,250,615.623973,19352,14.536212087,14.538500000,2.287913,1,615.623973,5.000000,13
1202,250,464.154650,19352,14.550143726,14.558500000,8.356274,0,2120.889459,5.000000,13
1204,250,512.689257,19352,14.565036185,14.567500000,2.463815,1,512.689257,5.000000,13
1205,250,773.876444,19352,14.577988711,14.580500000,2.511289,1,773.876444,5.000000,13
1206,250,894.268815,19352,14.593678818,14.596000000,2.321182,1,894.268815,5.000000,13
1207,250,1006.438365,19352,14.609809103,14.615000000,5.190897,0,2120.889459,5.000000,13
1208,250,1050.957092,19352,14.624623495,14.627500000,2.876505,1,1050.957092,5.000000,13
1209,250,1115.043260,19352,14.637900076,14.646000000,8.099924,0,2120.889459,5.000000,13
1210,250,1137.430531,19352,14.653574624,14.656000000,2.425376,1,1137.430531,5.000000,13
1211,250,1190.019911,19352,14.666806366,14.669000000,2.193634,1,1190.019911,5.000000,13
1212,250,1212.842062,19352,14.684350815,14.686500000,2.149185,1,1212.842062,5.000000,13
1213,250,1236.440845,19352,14.697203766,14.699500000,2.296234,1,1236.440845,5.000000,13
1214,250,1251.916990,19352,14.710695030,14.716000000,5.304970,0,2120.889459,5.000000,12
1215,250,1284.801677,19352,14.723382221,14.731500000,8.117779,0,2120.889459,5.000000,12
1216,250,1279.970396,19352,14.736533034,14.739000000,2.466966,1,1279.970396,5.000000,12
1217,250,1299.931587,19352,14.751041518,14.753500000,2.458482,1,1299.931587,5.000000,12
1218,250,1294.445342,19352,14.766175622,14.774500000,8.324378,0,2120.889459,5.000000,12
1219,250,1313.176175,19352,14.781470185,14.784500000,3.029815,1,1313.176175,5.000000,12
1220,250,1322.679379,19352,14.795386690,14.797500000,2.113310,1,1322.679379,5.000000,12
1221,250,1309.085855,19352,14.808062541,14.813500000,5.437459,0,2120.889459,5.000000,12
1222,250,1312.682060,19352,14.821281850,14.823500000,2.218150,1,1312.682060,5.000000,12
1223,250,1298.092950,19352,14.835561561,14.838500000,2.938439,1,1298.092950,5.000000,12
1224,250,1262.011564,19352,14.850160942,14.855500000,5.339058,0,2120.889459,5.000000,12
1225,250,1271.044049,19352,14.863241065,14.871500000,8.258935,0,2120.889459,5.000000,12
1226,250,1232.963605,19352,14.879063653,14.882500000,3.436347,1,1232.963605,5.000000,12
1227,250,1235.249341,19352,14.895687800,14.904000000,8.312200,0,2120.889459,5.000000,12
1228,250,1211.939461,19352,14.910162380,14.916500000,6.337620,0,2120.889459,5.000000,12
1229,250,1209.877958,19352,14.924916726,14.927000000,2.083274,1,1209.877958,5.000000,12
1230,250,1182.143494,19352,14.938078332,14.941000000,2.921668,1,1182.143494,5.000000,12
1231,250,1183.861310,19352,14.951861227,14.954000000,2.138773,1,1183.861310,5.000000,12
1232,250,1141.092299,19352,14.966007295,14.968500000,2.492705,1,1141.092299,5.000000,12
1233,250,1134.452196,19352,14.978897279,14.981000000,2.102721,1,1134.452196,5.000000,12
1234,250,1092.170916,19352,14.994835407,15.003000000,8.164593,0,2120.889459,5.000000,12
1235,250,1084.934115,19352,15.010334203,15.012500000,2.165797,1,1084.934115,5.000000,14
1236,250,1031.660459,19352,15.025043852,15.027500000,2.456148,1,1031.660459,5.000000,14
1237,250,993.290728,19352,15.038365093,15.040500000,2.134907,1,993.290728,5.000000,14
1238,250,934.454807,19352,15.052260037,15.055000000,2.739963,1,934.454807,5.000000,14
1239,250,860.968141,19352,15.067717265,15.070000000,2.282735,1,860.968141,5.000000,14
1240,250,720.831560,19352,15.080613630,15.083000000,2.386370,1,720.831560,5.000000,14
1241,250,535.927942,19352,15.094409462,15.096500000,2.090538,1,535.927942,5.000000,14
1243,250,283.909032,19352,15.108319919,15.110500000,2.180081,1,283.909032,5.000000,14
1245,250,543.271898,19352,15.122460239,15.124500000,2.039761,1,543.271898,5.000000,14
1246,250,720.549634,19352,15.135129898,15.137500000,2.370102,1,720.549634,5.000000,14
1247,250,848.439667,19352,15.149481817,15.152000000,2.518183,1,848.439667,5.000000,14
1248,250,892.803716,19352,15.162493741,15.165000000,2.506259,1,892.803716,5.000000,14
1249,250,941.841800,19352,15.176917690,15.179000000,2.082310,1,941.841800,5.000000,14
1250,250,959.221057,19352,15.190755205,15.193000000,2.244795,1,959.221057,5.000000,14
1251,250,980.406735,19352,15.205096605,15.210500000,5.403395,0,2120.889459,5.000000,14
1252,250,961.163612,19352,15.219968020,15.222000000,2.031980,1,961.163612,5.000000,14
1253,250,962.730299,19352,15.238945067,15.241000000,2.054933,1,962.730299,5.000000,14
1254,250,938.782912,19352,15.252558877,15.255000000,2.441123,1,938.782912,5.000000,14
1255,250,930.979472,19352,15.267337690,15.269500000,2.162310,1,930.979472,5.000000,14
1256,250,888.152273,19352,15.282817460,15.285000000,2.182540,1,888.152273,5.000000,14
1257,250,849.213623,19352,15.296455208,15.298500000,2.044792,1,849.213623,5.000000,14
1258,250,760.011737,19352,15.309567116,15.315000000,5.432884,0,2120.889459,5.000000,14
1259,250,666.922126,19352,15.323879449,15.326000000,2.120551,1,666.922126,5.000000,14
1260,250,481.335081,19352,15.336841220,15.339000000,2.158780,1,481.335081,5.000000,14
1262,250,263.197023,19352,15.349652758,15.352000000,2.347242,1,263.197023,5.000000,14
1264,250,455.627916,19352,15.366866764,15.369000000,2.133236,1,455.627916,5.000000,14
1265,250,612.635486,19352,15.379937129,15.382000000,2.062871,1,612.635486,5.000000,14
1266,250,690.383370,19352,15.393407520,15.401500000,8.092480,0,2120.889459,5.000000,14
1267,250,740.914866,19352,15.406798911,15.415000000,8.201089,0,2120.889459,5.000000,14
1268,250,760.933607,19352,15.419594845,15.422000000,2.405155,1,760.933607,5.000000,14
1269,250,781.601004,19352,15.432617415,15.435000000,2.382585,1,781.601004,5.000000,14
1270,250,772.135057,19352,15.446021021,15.448500000,2.478979,1,772.135057,5.000000,14
1271,250,761.369497,19352,15.460050878,15.462500000,2.449122,1,761.369497,5.000000,14
1272,250,725.870042,19352,15.475388420,15.477500000,2.111580,1,725.870042,5.000000,14
1273,250,714.000537,19352,15.489695399,15.492000000,2.304601,1,714.000537,5.000000,14
1274,250,642.991569,19352,15.503677161,15.509000000,5.322839,0,2120.889459,5.000000,14
1275,250,572.000035,19352,15.517244135,15.519500000,2.255865,1,572.000035,5.000000,14
1276,250,408.092075,19352,15.531463116,15.533500000,2.036884,1,408.092075,5.000000,14
1278,250,347.962326,19352,15.544586221,15.547000000,2.413779,1,347.962326,5.000000,14
1279,250,426.754200,19352,15.558832290,15.561000000,2.167710,1,426.754200,5.000000,14
1280,250,376.178002,19352,15.574276501,15.576500000,2.223499,1,376.178002,5.000000,14
1282,250,412.965662,19352,15.587610785,15.590000000,2.389215,1,412.965662,5.000000,14
1283,250,488.138538,19352,15.601913195,15.607000000,5.086805,0,2120.889459,5.000000,14
1284,250,517.477084,19352,15.614792166,15.617000000,2.207834,1,517.477084,5.000000,14
1285,250,470.680646,19352,15.627578431,15.630000000,2.421569,1,470.680646,5.000000,14
1286,250,347.419498,19352,15.642346267,15.644500000,2.153733,1,347.419498,5.000000,14
1288,250,374.995615,19352,15.657034401,15.659500000,2.465599,1,374.995615,5.000000,14
1289,250,529.987708,19352,15.670756309,15.673000000,2.243691,1,529.987708,5.000000,14
1290,250,597.206259,19352,15.686434913,15.688500000,2.065087,1,597.206259,5.000000,14
1291,250,603.704736,19352,15.699664331,15.705000000,5.335669,0,2120.889459,5.000000,14
1292,250,594.162285,19352,15.714102827,15.716500000,2.397173,1,594.162285,5.000000,14
1293,250,526.304465,19352,15.728686795,15.731000000,2.313205,1,526.304465,5.000000,14
1294,250,410.639494,19352,15.742512497,15.745000000,2.487503,1,410.639494,5.000000,14
1296,250,243.421101,19352,15.757205381,15.759500000,2.294619,1,243.421101,5.000000,14
1298,250,369.979603,19352,15.770189732,15.772500000,2.310268,1,369.979603,5.000000,14
1299,250,443.402173,19352,15.787048769,15.789500000,2.451231,1,443.402173,5.000000,14
1300,250,432.898507,19352,15.800155397,15.805500000,5.344603,0,2120.889459,5.000000,14
1301,250,323.123545,19352,15.814938929,15.817000000,2.061071,1,323.123545,5.000000,14
1303,250,324.008831,19352,15.830254617,15.832500000,2.245383,1,324.008831,5.000000,14
1304,250,497.824069,19352,15.843775837,15.846000000,2.224163,1,497.824069,5.000000,14
1305,250,570.040884,19352,15.857271168,15.859500000,2.228832,1,570.040884,5.000000,14
1306,250,628.092602,19352,15.871693622,15.874000000,2.306378,1,628.092602,5.000000,14
1307,250,628.935875,19352,15.884486296,15.887000000,2.513704,1,628.935875,5.000000,14
1308,250,638.029792,19352,15.900738534,15.906000000,5.261466,0,2120.889459,5.000000,14
1309,250,607.016519,19352,15.916551832,15.919500000,2.948168,1,607.016519,5.000000,14
1310,250,582.468644,19352,15.931275545,15.933500000,2.224455,1,582.468644,5.000000,14
1311,250,511.207468,19352,15.945258799,15.947500000,2.241201,1,511.207468,5.000000,14
1312,250,417.443443,19352,15.958619139,15.961000000,2.380861,1,417.443443,5.000000,14
1314,250,225.305035,19352,15.973424937,15.975500000,2.075063,1,225.305035,5.000000,14
1316,250,372.509131,19352,15.986594554,15.989000000,2.405446,1,372.509131,5.000000,14
1317,250,440.112724,19352,15.999682793,16.005000000,5.317207,0,2120.889459,5.000000,14
1318,250,453.821368,19352,16.014593272,16.017500000,2.906728,1,453.821368,5.000000,14
1319,250,399.306855,19352,16.030355932,16.035500000,5.144068,0,2120.889459,5.000000,14
1321,250,262.659197,19352,16.047304189,16.049500000,2.195811,1,262.659197,5.000000,14
1324,250,369.168904,19352,16.062951377,16.065000000,2.048623,1,369.168904,5.000000,14
1325,250,434.634942,19352,16.076226545,16.078500000,2.273455,1,434.634942,5.000000,14
1326,250,408.004626,19352,16.089239973,16.091500000,2.260027,1,408.004626,5.000000,14
1327,250,348.921599,19352,16.105634494,16.111000000,5.365506,0,2120.889459,5.000000,14
1329,250,219.230478,19352,16.121016904,16.123500000,2.483096,1,219.230478,5.000000,14
1331,250,345.081155,19352,16.136117935,16.138500000,2.382065,1,345.081155,5.000000,14
1332,250,426.108887,19352,16.149949847,16.152000000,2.050153,1,426.108887,5.000000,14
1333,250,489.391320,19352,16.162834115,16.165000000,2.165885,1,489.391320,5.000000,14
1334,250,489.563165,19352,16.175509389,16.178000000,2.490611,1,489.563165,5.000000,14
1335,250,504.476398,19352,16.188234485,16.190500000,2.265515,1,504.476398,5.000000,14
1336,250,486.102306,19352,16.202447515,16.207500000,5.052485,0,2120.889459,5.000000,14
1337,250,439.050524,19352,16.216287684,16.218500000,2.212316,1,439.050524,5.000000,14
1338,250,334.799997,19352,16.230816478,16.233000000,2.183522,1,334.799997,5.000000,14
1340,250,322.404296,19352,16.245457143,16.247500000,2.042857,1,322.404296,5.000000,14
1341,250,411.964380,19352,16.259397514,16.261500000,2.102486,1,411.964380,5.000000,14
1342,250,412.922429,19352,16.272564072,16.275000000,2.435928,1,412.922429,5.000000,14
1343,250,400.730458,19352,16.287102058,16.290000000,2.897942,1,400.730458,5.000000,14
1344,250,298.100265,19352,16.299896042,16.305000000,5.103958,0,2120.889459,5.000000,14
1347,250,326.411588,19352,16.312845725,16.315000000,2.154275,1,326.411588,5.000000,14
1348,250,430.914142,19352,16.326147108,16.328500000,2.352892,1,430.914142,5.000000,14
1349,250,509.068286,19352,16.341158720,16.343500000,2.341280,1,509.068286,5.000000,14
1350,250,569.531949,19352,16.354696478,16.357000000,2.303522,1,569.531949,5.000000,14
1351,250,608.186149,19352,16.370405884,16.372500000,2.094116,1,608.186149,5.000000,14
1352,250,643.127536,19352,16.386511579,16.389000000,2.488421,1,643.127536,5.000000,14
1353,250,661.222342,19352,16.399672018,16.405000000,5.327982,0,2120.889459,5.000000,14
1354,250,651.774218,19352,16.414310133,16.416500000,2.189867,1,651.774218,5.000000,14
1355,250,661.878912,19352,16.429082909,16.431500000,2.417091,1,661.878912,5.000000,14
1356,250,653.601510,19352,16.442029889,16.444500000,2.470111,1,653.601510,5.000000,14
1357,250,625.995945,19352,16.455989706,16.461500000,5.510294,0,2120.889459,5.000000,14
1358,250,590.710260,19352,16.471610952,16.474000000,2.389048,1,590.710260,5.000000,14
1359,250,574.200511,19352,16.487504009,16.490000000,2.495991,1,574.200511,5.000000,14
1360,250,551.513198,19352,16.505559414,16.511000000,5.440586,0,2120.889459,5.000000,13
1361,250,531.053577,19352,16.520942978,16.524000000,3.057022,1,531.053577,5.000000,13
1362,250,507.040817,19352,16.534031087,16.536500000,2.468913,1,507.040817,5.000000,13
1363,250,503.679444,19352,16.548873321,16.551000000,2.126679,1,503.679444,5.000000,13
1364,250,499.078515,19352,16.564240714,16.566500000,2.259286,1,499.078515,5.000000,13
1365,250,486.369759,19352,16.579388918,16.581500000,2.111082,1,486.369759,5.000000,13
1366,250,483.039083,19352,16.595514586,16.598000000,2.485414,1,483.039083,5.000000,13
1367,250,460.507290,19352,16.610372113,16.619000000,8.627887,0,2120.889459,5.000000,13
1368,250,449.483462,19352,16.623181893,16.625500000,2.318107,1,449.483462,5.000000,13
1369,250,426.549456,19352,16.637921511,16.640500000,2.578489,1,426.549456,5.000000,13
1370,250,403.370531,19352,16.651969633,16.654000000,2.030367,1,403.370531,5.000000,13
1371,250,343.441230,19352,16.665395488,16.667500000,2.104512,1,343.441230,5.000000,13
1372,250,273.510446,19352,16.678635766,16.681000000,2.364234,1,273.510446,5.000000,13
1375,250,263.918975,19352,16.691475805,16.694000000,2.524195,1,263.918975,5.000000,13
1376,250,331.232177,19352,16.704362498,16.712500000,8.137502,0,2120.889459,5.000000,13
1377,250,344.861322,19352,16.720908723,16.723000000,2.091277,1,344.861322,5.000000,13
1378,250,372.032364,19352,16.735326480,16.738000000,2.673520,1,372.032364,5.000000,13
1379,250,375.463374,19352,16.750329173,16.752500000,2.170827,1,375.463374,5.000000,13
1380,250,374.219048,19352,16.763434491,16.765500000,2.065509,1,374.219048,5.000000,13
1381,250,373.375308,19352,16.776912651,16.779000000,2.087349,1,373.375308,5.000000,13
1382,250,321.566467,19352,16.789748271,16.792000000,2.251729,1,321.566467,5.000000,13
1384,250,379.555815,19352,16.804896356,16.810000000,5.103644,0,2120.889459,5.000000,12
1385,250,415.443712,19352,16.820569719,16.824000000,3.430281,1,415.443712,5.000000,12
1386,250,386.421719,19352,16.834620395,16.837000000,2.379605,1,386.421719,5.000000,12
1387,250,395.314075,19352,16.849052591,16.851500000,2.447409,1,395.314075,5.000000,12
1388,250,386.656710,19352,16.862630857,16.865000000,2.369143,1,386.656710,5.000000,12
1389,250,391.312945,19352,16.876164420,16.878500000,2.335580,1,391.312945,5.000000,12
1390,250,392.082468,19352,16.891029174,16.893500000,2.470826,1,392.082468,5.000000,12
1391,250,397.540119,19352,16.903933352,16.909000000,5.066648,0,2120.889459,5.000000,12
1392,250,385.272348,19352,16.919323175,16.924500000,5.176825,0,2120.889459,5.000000,12
1393,250,370.327090,19352,16.933511595,16.936000000,2.488405,1,370.327090,5.000000,12
1394,250,345.708597,19352,16.946811403,16.952000000,5.188597,0,2120.889459,5.000000,12
1395,250,346.094195,19352,16.960188742,16.962500000,2.311258,1,346.094195,5.000000,12
1396,250,335.849667,19352,16.975730979,16.978000000,2.269021,1,335.849667,5.000000,12
1397,250,316.226616,19352,16.989052377,16.991500000,2.447623,1,316.226616,5.000000,12
1398,250,305.910525,19352,17.002610678,17.008000000,5.389322,0,2120.889459,5.000000,12
1399,250,244.589451,19352,17.018936407,17.021000000,2.063593,1,244.589451,5.000000,12
1401,250,201.365234,19352,17.031881529,17.034000000,2.118471,1,201.365234,5.000000,12
1403,250,214.598543,19352,17.046873600,17.049000000,2.126400,1,214.598543,5.000000,12
1404,250,224.072442,19352,17.060231828,17.065500000,5.268172,0,2120.889459,5.000000,12
1406,250,221.399443,19352,17.073713446,17.079000000,5.286554,0,2120.889459,5.000000,12
1408,250,254.929995,19352,17.087556583,17.090500000,2.943417,1,254.929995,5.000000,12
1409,250,287.808185,19352,17.102128236,17.108000000,5.871764,0,2120.889459,5.000000,13
1410,250,307.108406,19352,17.116951075,17.119000000,2.048925,1,307.108406,5.000000,13
1411,250,342.499376,19352,17.130443443,17.132500000,2.056557,1,342.499376,5.000000,13
1412,250,335.036065,19352,17.144104576,17.150500000,6.395424,0,2120.889459,5.000000,13
1413,250,317.198173,19352,17.156824642,17.159000000,2.175358,1,317.198173,5.000000,13
1415,250,277.206336,19352,17.169888150,17.172000000,2.111850,1,277.206336,5.000000,13
1416,250,260.326136,19352,17.182576764,17.185000000,2.423236,1,260.326136,5.000000,13
1418,250,244.152308,19352,17.196136962,17.201500000,5.363038,0,2120.889459,5.000000,13
1419,250,220.891927,19352,17.211537028,17.217000000,5.462972,0,2120.889459,5.000000,13
1422,250,216.351319,19352,17.227967727,17.230500000,2.532273,1,216.351319,5.000000,13
1423,250,261.063154,19352,17.243089289,17.248500000,5.410711,0,2120.889459,5.000000,13
1424,250,240.118577,19352,17.256290320,17.264500000,8.209680,0,2120.889459,5.000000,13
1425,250,224.963203,19352,17.270428870,17.272500000,2.071130,1,224.963203,5.000000,13
1428,250,185.991892,19352,17.284550431,17.287000000,2.449569,1,185.991892,5.000000,13
1431,250,259.449215,19352,17.297853392,17.303000000,5.146608,0,2120.889459,5.000000,13
1432,250,313.764200,19352,17.311790153,17.317000000,5.209847,0,2120.889459,5.000000,13
1433,250,337.326912,19352,17.324478106,17.329500000,5.021894,0,2120.889459,5.000000,13
1434,250,298.575868,19352,17.337919975,17.340000000,2.080025,1,298.575868,5.000000,13
1435,250,322.916631,19352,17.351354416,17.353500000,2.145584,1,322.916631,5.000000,13
1436,250,285.446772,19352,17.366726044,17.369000000,2.273956,1,285.446772,5.000000,13
1437,250,275.839898,19352,17.379942324,17.382500000,2.557676,1,275.839898,5.000000,13
1439,250,247.005996,19352,17.392998381,17.401500000,8.501619,0,2120.889459,5.000000,13
1440,250,264.982060,19352,17.406380485,17.411500000,5.119515,0,2120.889459,5.000000,13
1441,250,292.088806,19352,17.420323609,17.422500000,2.176391,1,292.088806,5.000000,13
1442,250,299.945988,19352,17.433335039,17.435500000,2.164961,1,299.945988,5.000000,13
1443,250,303.493997,19352,17.448823584,17.451000000,2.176416,1,303.493997,5.000000,13
1444,250,280.323038,19352,17.462951447,17.465000000,2.048553,1,280.323038,5.000000,13
1445,250,295.730183,19352,17.477020489,17.479500000,2.479511,1,295.730183,5.000000,13
1446,250,293.674528,19352,17.490305944,17.492500000,2.194056,1,293.674528,5.000000,13
1447,250,316.207715,19352,17.504113053,17.509500000,5.386947,0,2120.889459,5.000000,13
1448,250,345.342107,19352,17.518501748,17.524000000,5.498252,0,2120.889459,5.000000,13
1449,250,375.937206,19352,17.531221606,17.533500000,2.278394,1,375.937206,5.000000,13
1450,250,356.075234,19352,17.545084272,17.547500000,2.415728,1,356.075234,5.000000,13
1451,250,304.313424,19352,17.562758032,17.565000000,2.241968,1,304.313424,5.000000,13
1453,250,280.488024,19352,17.578898866,17.581000000,2.101134,1,280.488024,5.000000,13
1455,250,285.447070,19352,17.592003866,17.594500000,2.496134,1,285.447070,5.000000,13
1456,250,324.378897,19352,17.608107120,17.616500000,8.392880,0,2120.889459,5.000000,13
1457,250,356.541650,19352,17.623108594,17.625500000,2.391406,1,356.541650,5.000000,13
1458,250,338.089833,19352,17.636791739,17.639000000,2.208261,1,338.089833,5.000000,13
1459,250,353.069073,19352,17.649577905,17.655000000,5.422095,0,2120.889459,5.000000,13
1460,250,350.490433,19352,17.665356494,17.667500000,2.143506,1,350.490433,5.000000,13
1461,250,341.359783,19352,17.678234656,17.680500000,2.265344,1,341.359783,5.000000,13
1462,250,356.901513,19352,17.691445873,17.693500000,2.054127,1,356.901513,5.000000,13
1463,250,371.543050,19352,17.706902583,17.712000000,5.097417,0,2120.889459,5.000000,12
1464,250,373.075806,19352,17.721309154,17.723500000,2.190846,1,373.075806,5.000000,12
1466,250,318.824497,19352,17.734110359,17.736500000,2.389641,1,318.824497,5.000000,12
1467,250,332.721624,19352,17.747356038,17.749500000,2.143962,1,332.721624,5.000000,12
1468,250,316.714320,19352,17.760047679,17.762500000,2.452321,1,316.714320,5.000000,12
1469,250,315.407116,19352,17.776034215,17.778500000,2.465785,1,315.407116,5.000000,12
1470,250,317.189126,19352,17.789201381,17.791500000,2.298619,1,317.189126,5.000000,12
1471,250,335.052002,19352,17.803836092,17.812000000,8.163908,0,2120.889459,5.000000,12
1472,250,320.790310,19352,17.819488584,17.822000000,2.511416,1,320.790310,5.000000,12
1473,250,318.208799,19352,17.833465487,17.835500000,2.034513,1,318.208799,5.000000,12
1474,250,322.261992,19352,17.849757467,17.852500000,2.742533,1,322.261992,5.000000,12
1475,250,338.818339,19352,17.863778529,17.866000000,2.221471,1,338.818339,5.000000,12
1476,250,343.428501,19352,17.877422970,17.879500000,2.077030,1,343.428501,5.000000,12
1477,250,379.312246,19352,17.891886010,17.894000000,2.113990,1,379.312246,5.000000,12
1478,250,353.509445,19352,17.908112917,17.916500000,8.387083,0,2120.889459,5.000000,12
1481,250,282.416329,19352,17.921711062,17.924000000,2.288938,1,282.416329,5.000000,12
1482,250,269.993461,19352,17.934880634,17.937000000,2.119366,1,269.993461,5.000000,12
1484,250,271.584433,19352,17.948230085,17.951000000,2.769915,1,271.584433,5.000000,12
1485,250,297.420736,19352,17.964852626,17.970000000,5.147374,0,2120.889459,5.000000,12
1486,250,267.424293,19352,17.979134979,17.981500000,2.365021,1,267.424293,5.000000,12
1488,250,286.605967,19352,17.994360328,17.996500000,2.139672,1,286.605967,5.000000,12
1489,250,310.360598,19352,18.008866353,18.017000000,8.133647,0,2120.889459,5.000000,13
1490,250,335.941117,19352,18.024405356,18.026500000,2.094644,1,335.941117,5.000000,13
1491,250,359.888504,19352,18.037398142,18.042500000,5.101858,0,2120.889459,5.000000,13
1492,250,350.886770,19352,18.052638158,18.058000000,5.361842,0,2120.889459,5.000000,13
1493,250,316.108611,19352,18.066837041,18.069000000,2.162959,1,316.108611,5.000000,13
1494,250,319.594673,19352,18.080601246,18.083000000,2.398754,1,319.594673,5.000000,13
1495,250,337.319341,19352,18.094591906,18.097000000,2.408094,1,337.319341,5.000000,13
1496,250,306.413594,19352,18.108470695,18.117000000,8.529305,0,2120.889459,5.000000,13
1497,250,280.211048,19352,18.121498907,18.124000000,2.501093,1,280.211048,5.000000,13
1498,250,272.093863,19352,18.137241035,18.139500000,2.258965,1,272.093863,5.000000,13
1499,250,278.240443,19352,18.150311552,18.156000000,5.688448,0,2120.889459,5.000000,13
1500,250,215.164878,19352,18.165764966,18.168000000,2.235034,1,215.164878,5.000000,13
1503,250,225.158364,19352,18.178757861,18.181000000,2.242139,1,225.158364,5.000000,13
1504,250,263.067976,19352,18.194227496,18.199500000,5.272504,0,2120.889459,5.000000,13
1505,250,310.946659,19352,18.207448499,18.212500000,5.051501,0,2120.889459,5.000000,13
1506,250,285.900152,19352,18.224794289,18.230000000,5.205711,0,2120.889459,5.000000,13
1508,250,230.784257,19352,18.239683612,18.242000000,2.316388,1,230.784257,5.000000,13
1510,250,212.130262,19352,18.252736835,18.255500000,2.763165,1,212.130262,5.000000,13
1512,250,174.905433,19352,18.267389043,18.272500000,5.110957,0,2120.889459,5.000000,13
1514,250,212.252552,19352,18.282713248,18.288000000,5.286752,0,2120.889459,5.000000,13
1516,250,209.058300,19352,18.297894673,18.300000000,2.105327,1,209.058300,5.000000,13
1517,250,237.663573,19352,18.313203458,18.318500000,5.296542,0,2120.889459,5.000000,13
1518,250,282.042119,19352,18.327361946,18.332500000,5.138054,0,2120.889459,5.000000,13
1519,250,299.042275,19352,18.340570113,18.343000000,2.429887,1,299.042275,5.000000,13
1520,250,339.249892,19352,18.357628249,18.360000000,2.371751,1,339.249892,5.000000,13
1521,250,354.286970,19352,18.371405987,18.373500000,2.094013,1,354.286970,5.000000,13
1522,250,319.552357,19352,18.384396536,18.386500000,2.103464,1,319.552357,5.000000,13
1523,250,334.364414,19352,18.399835527,18.405000000,5.164473,0,2120.889459,5.000000,13
1524,250,338.244950,19352,18.413133967,18.419000000,5.866033,0,2120.889459,5.000000,13
1525,250,335.586489,19352,18.427516619,18.430000000,2.483381,1,335.586489,5.000000,13
1526,250,317.614763,19352,18.444107726,18.446500000,2.392274,1,317.614763,5.000000,13
1527,250,315.554505,19352,18.459085030,18.461500000,2.414970,1,315.554505,5.000000,13
1528,250,306.524883,19352,18.475373939,18.477500000,2.126061,1,306.524883,5.000000,13
1529,250,311.428235,19352,18.488200424,18.490500000,2.299576,1,311.428235,5.000000,13
1530,250,309.895839,19352,18.503217068,18.508500000,5.282932,0,2120.889459,5.000000,13
1531,250,296.703109,19352,18.519830839,18.522000000,2.169161,1,296.703109,5.000000,13
1532,250,289.354814,19352,18.533191890,18.536000000,2.808110,1,289.354814,5.000000,13
1533,250,275.377898,19352,18.547377194,18.549500000,2.122806,1,275.377898,5.000000,13
1534,250,279.078506,19352,18.560536254,18.563000000,2.463746,1,279.078506,5.000000,13
1536,250,316.930048,19352,18.576650445,18.579000000,2.349555,1,316.930048,5.000000,13
1537,250,349.448238,19352,18.590240699,18.592500000,2.259301,1,349.448238,5.000000,13
1538,250,311.516741,19352,18.604187912,18.609500000,5.312088,0,2120.889459,5.000000,14
1539,250,286.723207,19352,18.619485310,18.622000000,2.514690,1,286.723207,5.000000,14
1540,250,302.941814,19352,18.634441855,18.636500000,2.058145,1,302.941814,5.000000,14
1541,250,315.574619,19352,18.649589264,18.652000000,2.410736,1,315.574619,5.000000,14
1542,250,308.542615,19352,18.662709612,18.665000000,2.290388,1,308.542615,5.000000,14
1543,250,274.569929,19352,18.676690776,18.679000000,2.309224,1,274.569929,5.000000,14
1544,250,242.641196,19352,18.690634936,18.693000000,2.365064,1,242.641196,5.000000,14
1546,250,276.679588,19352,18.703851053,18.709000000,5.148947,0,2120.889459,5.000000,14
1547,250,278.306259,19352,18.716947782,18.719000000,2.052218,1,278.306259,5.000000,14
1548,250,281.828202,19352,18.731395475,18.739500000,8.104525,0,2120.889459,5.000000,14
1549,250,281.973348,19352,18.745289142,18.747500000,2.210858,1,281.973348,5.000000,14
1550,250,290.246037,19352,18.762638860,18.765000000,2.361140,1,290.246037,5.000000,14
1551,250,291.077027,19352,18.777681606,18.780000000,2.318394,1,291.077027,5.000000,14
1552,250,285.112409,19352,18.790928019,18.793000000,2.071981,1,285.112409,5.000000,14
1553,250,320.034897,19352,18.804973404,18.810500000,5.526597,0,2120.889459,5.000000,14
1554,250,346.253202,19352,18.818743735,18.821000000,2.256265,1,346.253202,5.000000,14
1555,250,293.922596,19352,18.832931822,18.836000000,3.068178,1,293.922596,5.000000,14
1556,250,259.230838,19352,18.846361112,18.848500000,2.138888,1,259.230838,5.000000,14
1558,250,264.929422,19352,18.861743488,18.867500000,5.756512,0,2120.889459,5.000000,14
1559,250,269.785183,19352,18.876887750,18.879000000,2.112250,1,269.785183,5.000000,14
1560,250,246.494966,19352,18.889889435,18.892000000,2.110565,1,246.494966,5.000000,14
1563,250,215.296807,19352,18.903020670,18.911500000,8.479330,0,2120.889459,5.000000,12
1564,250,279.520571,19352,18.917621212,18.920500000,2.878788,1,279.520571,5.000000,12
1565,250,284.684182,19352,18.931419679,18.933500000,2.080321,1,284.684182,5.000000,12
1566,250,288.006694,19352,18.947447637,18.950000000,2.552363,1,288.006694,5.000000,12
1567,250,302.709962,19352,18.960178904,18.962500000,2.321096,1,302.709962,5.000000,12
1568,250,301.846975,19352,18.974586024,18.977000000,2.413976,1,301.846975,5.000000,12
1569,250,329.914745,19352,18.989599645,18.995000000,5.400355,0,2120.889459,5.000000,12
1570,250,326.395589,19352,19.003553029,19.009000000,5.446971,0,2120.889459,5.000000,12
1571,250,357.191437,19352,19.018244101,19.021500000,3.255899,1,357.191437,5.000000,12
1572,250,384.802277,19352,19.031876802,19.034000000,2.123198,1,384.802277,5.000000,12
1573,250,385.373152,19352,19.045741523,19.051000000,5.258477,0,2120.889459,5.000000,12
1574,250,308.288815,19352,19.058558396,19.061000000,2.441604,1,308.288815,5.000000,12
1576,250,320.726545,19352,19.072543206,19.078000000,5.456794,0,2120.889459,5.000000,12
1577,250,377.776897,19352,19.085937402,19.091000000,5.062598,0,2120.889459,5.000000,12
1578,250,380.985938,19352,19.099301950,19.104500000,5.198050,0,2120.889459,5.000000,12
1579,250,389.685472,19352,19.113294818,19.115500000,2.205182,1,389.685472,5.000000,12
1580,250,380.814953,19352,19.126205213,19.128500000,2.294787,1,380.814953,5.000000,12
1581,250,389.728913,19352,19.138880550,19.144000000,5.119450,0,2120.889459,5.000000,12
1582,250,384.618671,19352,19.155165040,19.160500000,5.334960,0,2120.889459,5.000000,12
1583,250,398.440518,19352,19.168546831,19.171000000,2.453169,1,398.440518,5.000000,12
1584,250,394.200602,19352,19.182149680,19.187500000,5.350320,0,2120.889459,5.000000,12
1585,250,388.296860,19352,19.195327906,19.200500000,5.172094,0,2120.889459,5.000000,12
1586,250,389.772677,19352,19.210090080,19.218500000,8.409920,0,2120.889459,5.000000,12
1587,250,378.878425,19352,19.224509365,19.230500000,5.990635,0,2120.889459,5.000000,12
1588,250,365.719129,19352,19.238696693,19.241500000,2.803307,1,365.719129,5.000000,12
1589,250,370.298530,19352,19.252438266,19.257500000,5.061734,0,2120.889459,5.000000,12
1590,250,384.239385,19352,19.267700293,19.270500000,2.799707,1,384.239385,5.000000,12
1591,250,365.535592,19352,19.282221767,19.290500000,8.278233,0,2120.889459,5.000000,12
1592,250,335.440324,19352,19.295680098,19.301000000,5.319902,0,2120.889459,5.000000,12
1594,250,240.425290,19352,19.309985821,19.315500000,5.514179,0,2120.889459,5.000000,12
1596,250,307.073129,19352,19.324176240,19.329500000,5.323760,0,2120.889459,5.000000,12
1597,250,327.527106,19352,19.339194160,19.344500000,5.305840,0,2120.889459,5.000000,12
1598,250,350.743824,19352,19.353488446,19.356000000,2.511554,1,350.743824,5.000000,12
1599,250,330.118615,19352,19.366889423,19.369000000,2.110577,1,330.118615,5.000000,12
1600,250,346.688028,19352,19.380071779,19.382500000,2.428221,1,346.688028,5.000000,12
1601,250,328.327965,19352,19.394246399,19.399500000,5.253601,0,2120.889459,5.000000,12
1602,250,339.022562,19352,19.407596256,19.416500000,8.903744,0,2120.889459,5.000000,12
1603,250,331.152873,19352,19.422136497,19.424500000,2.363503,1,331.152873,5.000000,12
1604,250,311.686167,19352,19.435828176,19.438000000,2.171824,1,311.686167,5.000000,12
1605,250,269.553815,19352,19.448770110,19.454000000,5.229890,0,2120.889459,5.000000,12
1607,250,224.073517,19352,19.463046514,19.465500000,2.453486,1,224.073517,5.000000,12
1609,250,270.963734,19352,19.479079264,19.487500000,8.420736,0,2120.889459,5.000000,12
1610,250,303.723873,19352,19.492208904,19.497500000,5.291096,0,2120.889459,5.000000,12
1611,250,318.226845,19352,19.505749254,19.512000000,6.250746,0,2120.889459,5.000000,10
1612,250,304.386756,19352,19.519287171,19.524500000,5.212829,0,2120.889459,5.000000,10
1613,250,296.818525,19352,19.534121854,19.537500000,3.378146,1,296.818525,5.000000,10
1614,250,277.231564,19352,19.548296768,19.551500000,3.203232,1,277.231564,5.000000,10
1615,250,247.298893,19352,19.561401944,19.564500000,3.098056,1,247.298893,5.000000,10
1618,250,249.983706,19352,19.575629479,19.578500000,2.870521,1,249.983706,5.000000,10
1619,250,279.701532,19352,19.589831492,19.592500000,2.668508,1,279.701532,5.000000,10
1620,250,296.488897,19352,19.606404351,19.615000000,8.595649,0,2120.889459,5.000000,10
1621,250,303.140048,19352,19.622590169,19.625500000,2.909831,1,303.140048,5.000000,10
1622,250,298.822267,19352,19.636265903,19.644500000,8.234097,0,2120.889459,5.000000,10
1623,250,278.257469,19352,19.649325959,19.654500000,5.174041,0,2120.889459,5.000000,10
1624,250,284.092692,19352,19.662800901,19.668000000,5.199099,0,2120.889459,5.000000,10
1625,250,252.282069,19352,19.677110133,19.680000000,2.889867,1,252.282069,5.000000,10
1627,250,269.896923,19352,19.690030743,19.693000000,2.969257,1,269.896923,5.000000,10
1628,250,296.961570,19352,19.703510102,19.709500000,5.989898,0,2120.889459,5.000000,10
1629,250,311.190120,19352,19.718563037,19.721500000,2.936963,1,311.190120,5.000000,10
1630,250,310.757656,19352,19.731493491,19.737500000,6.006509,0,2120.889459,5.000000,10
1631,250,265.674092,19352,19.744697248,19.750000000,5.302752,0,2120.889459,5.000000,10
1633,250,287.802898,19352,19.760252082,19.763000000,2.747918,1,287.802898,5.000000,10
1634,250,298.114312,19352,19.774555410,19.778000000,3.444590,1,298.114312,5.000000,10
1635,250,294.533766,19352,19.787701376,19.791000000,3.298624,1,294.533766,5.000000,10
1636,250,308.915140,19352,19.802690706,19.808000000,5.309294,0,2120.889459,5.000000,13
1637,250,306.776823,19352,19.816078783,19.819000000,2.921217,1,306.776823,5.000000,13
1638,250,311.095464,19352,19.829881449,19.832000000,2.118551,1,311.095464,5.000000,13
1639,250,320.260424,19352,19.847517907,19.850000000,2.482093,1,320.260424,5.000000,13
1640,250,317.888963,19352,19.860348789,19.862500000,2.151211,1,317.888963,5.000000,13
1641,250,281.366155,19352,19.875596805,19.878000000,2.403195,1,281.366155,5.000000,13
1642,250,290.904247,19352,19.889141491,19.891500000,2.358509,1,290.904247,5.000000,13
1644,250,303.318548,19352,19.903832056,19.909000000,5.167944,0,2120.889459,5.000000,13
1645,250,324.548870,19352,19.920655264,19.923000000,2.344736,1,324.548870,5.000000,13
1646,250,335.608254,19352,19.934523875,19.937000000,2.476125,1,335.608254,5.000000,13
1647,250,354.083808,19352,19.948947394,19.951000000,2.052606,1,354.083808,5.000000,13
1648,250,361.821355,19352,19.962384637,19.964500000,2.115363,1,361.821355,5.000000,13
1651,250,350.601588,19352,19.976564919,19.979000000,2.435081,1,350.601588,5.000000,13
1652,250,372.279761,19352,19.991216290,19.993500000,2.283710,1,372.279761,5.000000,13
1653,250,385.516089,19352,20.005354324,20.013500000,8.145676,0,2120.889459,5.000000,13
1654,250,388.412976,19352,20.018436878,20.020500000,2.063122,1,388.412976,5.000000,13
1655,250,403.155136,19352,20.031674516,20.040000000,8.325484,0,2120.889459,5.000000,13
1656,250,410.712755,19352,20.046306270,20.048500000,2.193730,1,410.712755,5.000000,13
1657,250,399.989152,19352,20.061933687,20.064000000,2.066313,1,399.989152,5.000000,13
1658,250,426.427297,19352,20.076605366,20.079000000,2.394634,1,426.427297,5.000000,13
1659,250,416.228583,19352,20.089509253,20.092000000,2.490747,1,416.228583,5.000000,13
1660,250,425.775644,19352,20.103911048,20.109000000,5.088952,0,2120.889459,5.000000,13
1661,250,359.017110,19352,20.117189483,20.119500000,2.310517,1,359.017110,5.000000,13
1663,250,359.835182,19352,20.133792300,20.139000000,5.207700,0,2120.889459,5.000000,13
1664,250,363.278682,19352,20.147965746,20.150000000,2.034254,1,363.278682,5.000000,13
1666,250,389.901334,19352,20.163478689,20.166000000,2.521311,1,389.901334,5.000000,13
1667,250,398.651139,19352,20.176832176,20.182500000,5.667824,0,2120.889459,5.000000,13
1668,250,385.024518,19352,20.191403630,20.193500000,2.096370,1,385.024518,5.000000,13
1669,250,350.869137,19352,20.208437382,20.214000000,5.562618,0,2120.889459,5.000000,13
1673,250,293.831523,19352,20.223323837,20.231500000,8.176163,0,2120.889459,5.000000,13
1674,250,328.765675,19352,20.238838693,20.244000000,5.161307,0,2120.889459,5.000000,13
1675,250,329.557504,19352,20.251856175,20.257000000,5.143825,0,2120.889459,5.000000,13
1676,250,309.924600,19352,20.264902492,20.267000000,2.097508,1,309.924600,5.000000,13
1678,250,303.496456,19352,20.278243085,20.280500000,2.256915,1,303.496456,5.000000,13
1679,250,319.797277,19352,20.293488502,20.299000000,5.511498,0,2120.889459,5.000000,13
1680,250,330.505803,19352,20.306891912,20.312500000,5.608088,0,2120.889459,5.000000,13
1681,250,359.264121,19352,20.319681801,20.325000000,5.318199,0,2120.889459,5.000000,13
1682,250,361.805938,19352,20.334440308,20.336500000,2.059692,1,361.805938,5.000000,13
1683,250,377.684760,19352,20.347412653,20.350000000,2.587347,1,377.684760,5.000000,13
1684,250,374.892387,19352,20.362073217,20.370500000,8.426783,0,2120.889459,5.000000,13
1685,250,382.876352,19352,20.376030716,20.378500000,2.469284,1,382.876352,5.000000,13
1686,250,348.622345,19352,20.393002578,20.395500000,2.497422,1,348.622345,5.000000,13
1687,250,362.763085,19352,20.406759790,20.412000000,5.240210,0,2120.889459,5.000000,13
1688,250,335.818373,19352,20.419834226,20.422000000,2.165774,1,335.818373,5.000000,13
1689,250,342.397189,19352,20.435283379,20.437500000,2.216621,1,342.397189,5.000000,13
1690,250,318.653197,19352,20.449108505,20.451500000,2.391495,1,318.653197,5.000000,13
1692,250,309.029281,19352,20.463068067,20.465500000,2.431933,1,309.029281,5.000000,13
1693,250,340.745145,19352,20.477578720,20.480000000,2.421280,1,340.745145,5.000000,13
1694,250,351.335571,19352,20.491893503,20.494000000,2.106497,1,351.335571,5.000000,13
1695,250,353.576576,19352,20.505133158,20.510500000,5.366842,0,2120.889459,5.000000,13
1696,250,351.859804,19352,20.519012564,20.524500000,5.487436,0,2120.889459,5.000000,13
1697,250,361.242257,19352,20.534603476,20.537000000,2.396524,1,361.242257,5.000000,13
1698,250,368.905075,19352,20.547347336,20.549500000,2.152664,1,368.905075,5.000000,13
1699,250,381.693474,19352,20.562706176,20.565000000,2.293824,1,381.693474,5.000000,13
1700,250,380.658835,19352,20.575951564,20.578000000,2.048436,1,380.658835,5.000000,13
1701,250,366.031771,19352,20.590075333,20.592500000,2.424667,1,366.031771,5.000000,13
1702,250,367.010151,19352,20.604022008,20.609500000,5.477992,0,2120.889459,5.000000,13
1703,250,354.638011,19352,20.618594774,20.621000000,2.405226,1,354.638011,5.000000,13
1704,250,372.377139,19352,20.631596319,20.634000000,2.403681,1,372.377139,5.000000,13
1705,250,378.318091,19352,20.645150688,20.647500000,2.349312,1,378.318091,5.000000,13
1706,250,381.277228,19352,20.657904385,20.660000000,2.095615,1,381.277228,5.000000,13
1707,250,386.837778,19352,20.673457028,20.675500000,2.042972,1,386.837778,5.000000,13
1708,250,381.543768,19352,20.689336989,20.691500000,2.163011,1,381.543768,5.000000,13
1709,250,391.624151,19352,20.705559762,20.711000000,5.440238,0,2120.889459,5.000000,14
1710,250,391.179776,19352,20.718534553,20.721000000,2.465447,1,391.179776,5.000000,14
1711,250,403.874438,19352,20.731552496,20.734000000,2.447504,1,403.874438,5.000000,14
1712,250,392.278889,19352,20.747614498,20.750000000,2.385502,1,392.278889,5.000000,14
1713,250,389.815366,19352,20.762080305,20.764500000,2.419695,1,389.815366,5.000000,14
1714,250,362.896127,19352,20.775846917,20.778000000,2.153083,1,362.896127,5.000000,14
1715,250,354.349754,19352,20.793017633,20.795500000,2.482367,1,354.349754,5.000000,14
1716,250,350.555038,19352,20.806875164,20.812000000,5.124836,0,2120.889459,5.000000,14
1717,250,280.614952,19352,20.820447850,20.822500000,2.052150,1,280.614952,5.000000,14
1719,250,207.449848,19352,20.834439328,20.837000000,2.560672,1,207.449848,5.000000,14
1721,250,242.766241,19352,20.847243530,20.849500000,2.256470,1,242.766241,5.000000,14
1722,250,295.551966,19352,20.861989723,20.864500000,2.510277,1,295.551966,5.000000,14
1723,250,305.214414,19352,20.875703803,20.878000000,2.296197,1,305.214414,5.000000,14
1724,250,285.690983,19352,20.889648599,20.892000000,2.351401,1,285.690983,5.000000,14
1725,250,249.420254,19352,20.904452369,20.909500000,5.047631,0,2120.889459,5.000000,14
1727,250,189.598696,19352,20.918318544,20.920500000,2.181456,1,189.598696,5.000000,14
1732,250,213.780878,19352,20.935345797,20.937500000,2.154203,1,213.780878,5.000000,14
1733,250,231.404457,19352,20.948826035,20.951000000,2.173965,1,231.404457,5.000000,14
1734,250,245.588832,19352,20.962359665,20.964500000,2.140335,1,245.588832,5.000000,14
1735,250,243.034221,19352,20.978381739,20.980500000,2.118261,1,243.034221,5.000000,14
1736,250,216.809320,19352,20.992359569,20.994500000,2.140431,1,216.809320,5.000000,14
1738,250,184.735840,19352,21.005991968,21.011500000,5.508032,0,2120.889459,5.000000,13
1741,250,203.293939,19352,21.020368414,21.022500000,2.131586,1,203.293939,5.000000,13
1742,250,225.406336,19352,21.033253107,21.035500000,2.246893,1,225.406336,5.000000,13
1743,250,198.529328,19352,21.047940433,21.050000000,2.059567,1,198.529328,5.000000,13
1745,250,188.709796,19352,21.064063964,21.066500000,2.436036,1,188.709796,5.000000,13
1748,250,263.396489,19352,21.078975053,21.081500000,2.524947,1,263.396489,5.000000,13
1749,250,300.361469,19352,21.093398844,21.095500000,2.101156,1,300.361469,5.000000,13
1750,250,318.768266,19352,21.106194339,21.112000000,5.805661,0,2120.889459,5.000000,13
1751,250,349.775842,19352,21.120152037,21.122500000,2.347963,1,349.775842,5.000000,13
1752,250,373.653571,19352,21.134433209,21.136500000,2.066791,1,373.653571,5.000000,13
1753,250,391.954980,19352,21.152793740,21.155000000,2.206260,1,391.954980,5.000000,13
1754,250,411.464564,19352,21.169416909,21.171500000,2.083091,1,411.464564,5.000000,13
1755,250,408.374142,19352,21.184288813,21.186500000,2.211187,1,408.374142,5.000000,13
1756,250,375.269369,19352,21.197184670,21.199500000,2.315330,1,375.269369,5.000000,13
1757,250,320.258756,19352,21.210086238,21.218500000,8.413762,0,2120.889459,5.000000,13
1759,250,334.725037,19352,21.224065497,21.226500000,2.434503,1,334.725037,5.000000,13
1760,250,357.955386,19352,21.238439144,21.240500000,2.060856,1,357.955386,5.000000,13
1761,250,333.634951,19352,21.253253586,21.258500000,5.246414,0,2120.889459,5.000000,13
1762,250,315.449551,19352,21.267537067,21.276000000,8.462933,0,2120.889459,5.000000,13
1763,250,333.332699,19352,21.281972482,21.287000000,5.027518,0,2120.889459,5.000000,13
1764,250,299.754932,19352,21.297944862,21.300000000,2.055138,1,299.754932,5.000000,13
1766,250,304.564118,19352,21.313137815,21.318500000,5.362185,0,2120.889459,5.000000,12
1767,250,301.343741,19352,21.329593218,21.335000000,5.406782,0,2120.889459,5.000000,12
1768,250,307.499838,19352,21.343288120,21.351500000,8.211880,0,2120.889459,5.000000,12
1769,250,295.951146,19352,21.356176895,21.358500000,2.323105,1,295.951146,5.000000,12
1770,250,297.217102,19352,21.370071077,21.372500000,2.428923,1,297.217102,5.000000,12
1771,250,277.121382,19352,21.384282364,21.386500000,2.217636,1,277.121382,5.000000,12
1772,250,247.604205,19352,21.399202315,21.404500000,5.297685,0,2120.889459,5.000000,12
1773,250,247.757644,19352,21.412810630,21.418000000,5.189370,0,2120.889459,5.000000,12
1774,250,230.251197,19352,21.426112230,21.428500000,2.387770,1,230.251197,5.000000,12
1776,250,230.736197,19352,21.441633517,21.444000000,2.366483,1,230.736197,5.000000,12
1777,250,240.420363,19352,21.456725237,21.459000000,2.274763,1,240.420363,5.000000,12
1778,250,235.241713,19352,21.470911116,21.473000000,2.088884,1,235.241713,5.000000,12
1779,250,222.137076,19352,21.483920903,21.486000000,2.079097,1,222.137076,5.000000,12
1780,250,225.151188,19352,21.497804538,21.500000000,2.195462,1,225.151188,5.000000,12
1781,250,212.817524,19352,21.511869680,21.517500000,5.630320,0,2120.889459,5.000000,12
1782,250,211.668927,19352,21.525823869,21.528500000,2.676131,1,211.668927,5.000000,12
1784,250,199.123587,19352,21.541097200,21.543500000,2.402800,1,199.123587,5.000000,12
1785,250,203.087011,19352,21.553861416,21.559000000,5.138584,0,2120.889459,5.000000,12
1786,250,214.136319,19352,21.567577070,21.570000000,2.422930,1,214.136319,5.000000,12
1787,250,216.270022,19352,21.580558501,21.583000000,2.441499,1,216.270022,5.000000,12
1788,250,222.428261,19352,21.595822667,21.599000000,3.177333,1,222.428261,5.000000,12
1789,250,219.316628,19352,21.609894827,21.615000000,5.105173,0,2120.889459,5.000000,14
1790,250,208.321564,19352,21.624668246,21.627000000,2.331754,1,208.321564,5.000000,14
1791,250,211.378350,19352,21.637966925,21.640000000,2.033075,1,211.378350,5.000000,14
1792,250,211.697868,19352,21.652142805,21.654500000,2.357195,1,211.697868,5.000000,14
1794,250,198.719160,19352,21.665830298,21.668000000,2.169702,1,198.719160,5.000000,14
1795,250,199.215254,19352,21.680301398,21.682500000,2.198602,1,199.215254,5.000000,14
1796,250,201.551098,19352,21.694581863,21.703000000,8.418137,0,2120.889459,5.000000,14
1797,250,189.988589,19352,21.708911225,21.714000000,5.088775,0,2120.889459,5.000000,14
1798,250,204.493334,19352,21.723251214,21.725500000,2.248786,1,204.493334,5.000000,14
1799,250,210.780138,19352,21.736544329,21.739000000,2.455671,1,210.780138,5.000000,14
1800,250,191.828352,19352,21.749454047,21.751500000,2.045953,1,191.828352,5.000000,14
1801,250,191.180154,19352,21.764010633,21.766500000,2.489367,1,191.180154,5.000000,14
1802,250,192.502602,19352,21.777187131,21.779500000,2.312869,1,192.502602,5.000000,14
1804,250,209.177989,19352,21.793913863,21.796000000,2.086137,1,209.177989,5.000000,14
1805,250,211.572257,19352,21.807516895,21.813500000,5.983105,0,2120.889459,5.000000,14
1806,250,209.288913,19352,21.822495681,21.825000000,2.504319,1,209.288913,5.000000,14
1807,250,213.132300,19352,21.836663517,21.842000000,5.336483,0,2120.889459,5.000000,14
1808,250,220.708591,19352,21.850035322,21.852500000,2.464678,1,220.708591,5.000000,14
1809,250,218.841728,19352,21.864793912,21.867000000,2.206088,1,218.841728,5.000000,14
1810,250,224.450576,19352,21.877550094,21.880000000,2.449906,1,224.450576,5.000000,14
1811,250,214.856033,19352,21.890310560,21.892500000,2.189440,1,214.856033,5.000000,14
1812,250,226.874851,19352,21.903493199,21.910500000,7.006801,0,2120.889459,5.000000,14
1813,250,234.612404,19352,21.917166982,21.919500000,2.333018,1,234.612404,5.000000,14
1814,250,228.917849,19352,21.931536986,21.934000000,2.463014,1,228.917849,5.000000,14
1815,250,242.869260,19352,21.945676705,21.951000000,5.323295,0,2120.889459,5.000000,14
1816,250,231.494285,19352,21.958626155,21.967000000,8.373845,0,2120.889459,5.000000,14
1817,250,216.893803,19352,21.972856264,21.975000000,2.143736,1,216.893803,5.000000,14
1818,250,216.300806,19352,21.986372596,21.988500000,2.127404,1,216.300806,5.000000,14
1819,250,211.438446,19352,22.000745823,22.006000000,5.254177,0,2120.889459,5.000000,14
1821,250,209.165288,19352,22.014679617,22.017000000,2.320383,1,209.165288,5.000000,14
1822,250,237.066502,19352,22.028044027,22.030500000,2.455973,1,237.066502,5.000000,14
1823,250,256.825621,19352,22.041556436,22.044000000,2.443564,1,256.825621,5.000000,14
1824,250,275.838631,19352,22.055586124,22.058000000,2.413876,1,275.838631,5.000000,14
1825,250,282.024156,19352,22.071437943,22.073500000,2.062057,1,282.024156,5.000000,14
1826,250,276.395103,19352,22.084475805,22.087000000,2.524195,1,276.395103,5.000000,14
1827,250,285.717225,19352,22.097690855,22.100000000,2.309145,1,285.717225,5.000000,14
1828,250,261.602468,19352,22.112708330,22.118000000,5.291670,0,2120.889459,5.000000,14
1829,250,259.610117,19352,22.126158865,22.128500000,2.341135,1,259.610117,5.000000,14
1830,250,264.748254,19352,22.139032582,22.141500000,2.467418,1,264.748254,5.000000,14
1831,250,273.970394,19352,22.153344242,22.155500000,2.155758,1,273.970394,5.000000,14
1832,250,263.844354,19352,22.166430937,22.168500000,2.069063,1,263.844354,5.000000,14
1833,250,265.680233,19352,22.181515109,22.184000000,2.484891,1,265.680233,5.000000,14
1834,250,252.107147,19352,22.195187204,22.197500000,2.312796,1,252.107147,5.000000,14
1836,250,232.085620,19352,22.209122590,22.214500000,5.377410,0,2120.889459,5.000000,12
1837,250,240.560599,19352,22.225532583,22.231000000,5.467417,0,2120.889459,5.000000,12
1838,250,255.648054,19352,22.238428114,22.240500000,2.071886,1,255.648054,5.000000,12
1839,250,259.421132,19352,22.251182285,22.253500000,2.317715,1,259.421132,5.000000,12
1840,250,275.592341,19352,22.264356530,22.267000000,2.643470,1,275.592341,5.000000,12
1841,250,293.776765,19352,22.279722933,22.282000000,2.277067,1,293.776765,5.000000,12
1842,250,305.244345,19352,22.294668600,22.300000000,5.331400,0,2120.889459,5.000000,12
1843,250,280.388803,19352,22.308986063,22.317500000,8.513937,0,2120.889459,5.000000,12
1845,250,280.359866,19352,22.321756309,22.330000000,8.243691,0,2120.889459,5.000000,12
1846,250,299.812790,19352,22.334757992,22.343000000,8.242008,0,2120.889459,5.000000,12
1847,250,311.978147,19352,22.350096684,22.355500000,5.403316,0,2120.889459,5.000000,12
1848,250,312.053481,19352,22.362923901,22.365000000,2.076099,1,312.053481,5.000000,12
1849,250,321.918034,19352,22.376291498,22.381500000,5.208502,0,2120.889459,5.000000,12
1850,250,315.901159,19352,22.390443606,22.395500000,5.056394,0,2120.889459,5.000000,12
1851,250,311.558489,19352,22.404926921,22.410000000,5.073079,0,2120.889459,5.000000,12
1852,250,297.765388,19352,22.418811155,22.424000000,5.188845,0,2120.889459,5.000000,12
1853,250,292.567710,19352,22.433651619,22.439000000,5.348381,0,2120.889459,5.000000,12
1854,250,286.082516,19352,22.448806414,22.451000000,2.193586,1,286.082516,5.000000,12
1855,250,293.763538,19352,22.462834638,22.465000000,2.165362,1,293.763538,5.000000,12
1856,250,307.175983,19352,22.477971787,22.480000000,2.028213,1,307.175983,5.000000,12
1857,250,313.247167,19352,22.491963909,22.494500000,2.536091,1,313.247167,5.000000,12
1858,250,319.692145,19352,22.505117301,22.510500000,5.382699,0,2120.889459,5.000000,13
1859,250,308.502930,19352,22.518627448,22.521000000,2.372552,1,308.502930,5.000000,13
1860,250,331.207628,19352,22.531356495,22.533500000,2.143505,1,331.207628,5.000000,13
1861,250,284.093620,19352,22.544381623,22.546500000,2.118377,1,284.093620,5.000000,13
1863,250,301.263693,19352,22.558935580,22.561000000,2.064420,1,301.263693,5.000000,13
1864,250,307.978937,19352,22.571777484,22.574500000,2.722516,1,307.978937,5.000000,13
1865,250,308.907039,19352,22.584449662,22.586500000,2.050338,1,308.907039,5.000000,13
1866,250,304.694395,19352,22.597909643,22.600000000,2.090357,1,304.694395,5.000000,13
1867,250,305.969297,19352,22.612229800,22.617500000,5.270200,0,2120.889459,5.000000,13
1868,250,291.508246,19352,22.627871029,22.630000000,2.128971,1,291.508246,5.000000,13
1869,250,272.862818,19352,22.642430006,22.644500000,2.069994,1,272.862818,5.000000,13
1872,250,242.598485,19352,22.655916220,22.658000000,2.083780,1,242.598485,5.000000,13
1873,250,270.188918,19352,22.670642222,22.673000000,2.357778,1,270.188918,5.000000,13
1874,250,270.782632,19352,22.684668693,22.687000000,2.331307,1,270.782632,5.000000,13
1875,250,283.008698,19352,22.698706376,22.701000000,2.293624,1,283.008698,5.000000,13
1876,250,271.586950,19352,22.713286794,22.722000000,8.713206,0,2120.889459,5.000000,13
1878,250,260.683374,19352,22.726270582,22.728500000,2.229418,1,260.683374,5.000000,13
1879,250,252.815096,19352,22.740170859,22.742500000,2.329141,1,252.815096,5.000000,13
1880,250,245.317947,19352,22.754759953,22.757000000,2.240047,1,245.317947,5.000000,13
1881,250,226.938759,19352,22.768182935,22.770500000,2.317065,1,226.938759,5.000000,13
1884,250,228.561453,19352,22.782367650,22.785000000,2.632350,1,228.561453,5.000000,13
1885,250,240.725829,19352,22.795227621,22.797500000,2.272379,1,240.725829,5.000000,13
1886,250,260.852845,19352,22.810726662,22.819500000,8.773338,0,2120.889459,5.000000,12
1887,250,253.172855,19352,22.825394166,22.827500000,2.105834,1,253.172855,5.000000,12
1889,250,276.136308,19352,22.838846869,22.841000000,2.153131,1,276.136308,5.000000,12
1890,250,291.582162,19352,22.854859686,22.857000000,2.140314,1,291.582162,5.000000,12
1891,250,291.852983,19352,22.868806053,22.871000000,2.193947,1,291.852983,5.000000,12
1892,250,305.613177,19352,22.883312429,22.888500000,5.187571,0,2120.889459,5.000000,12
1893,250,293.886707,19352,22.897500160,22.900000000,2.499840,1,293.886707,5.000000,12
1895,250,308.924089,19352,22.911436327,22.916500000,5.063673,0,2120.889459,5.000000,12
1896,250,353.019762,19352,22.924278623,22.926500000,2.221377,1,353.019762,5.000000,12
1897,250,382.418289,19352,22.938219115,22.943500000,5.280885,0,2120.889459,5.000000,12
1898,250,388.663443,19352,22.954477582,22.957000000,2.522418,1,388.663443,5.000000,12
1899,250,421.005670,19352,22.969471249,22.971500000,2.028751,1,421.005670,5.000000,12
1900,250,424.458175,19352,22.983203327,22.986000000,2.796673,1,424.458175,5.000000,12
1901,250,408.926837,19352,22.996065739,22.998500000,2.434261,1,408.926837,5.000000,12
1902,250,392.934740,19352,23.011551824,23.021500000,9.948176,0,2120.889459,5.000000,12
1903,250,391.183740,19352,23.026902323,23.032500000,5.597677,0,2120.889459,5.000000,12
1904,250,315.770026,19352,23.040410600,23.042500000,2.089400,1,315.770026,5.000000,12
1906,250,316.465516,19352,23.054169995,23.062500000,8.330005,0,2120.889459,5.000000,12
1907,250,423.506448,19352,23.068553292,23.077000000,8.446708,0,2120.889459,5.000000,12
1908,250,456.940036,19352,23.081426162,23.083500000,2.073838,1,456.940036,5.000000,12
1909,250,488.726688,19352,23.097115273,23.102500000,5.384727,0,2120.889459,5.000000,12
1910,250,555.494321,19352,23.111078411,23.116500000,5.421589,0,2120.889459,5.000000,14
1911,250,568.191219,19352,23.125981613,23.128500000,2.518387,1,568.191219,5.000000,14
1912,250,544.007778,19352,23.139055732,23.141500000,2.444268,1,544.007778,5.000000,14
1913,250,538.700541,19352,23.153949413,23.156000000,2.050587,1,538.700541,5.000000,14
1914,250,495.930857,19352,23.168571074,23.171000000,2.428926,1,495.930857,5.000000,14
1915,250,395.862580,19352,23.182820006,23.185000000,2.179994,1,395.862580,5.000000,14
1917,250,282.284734,19352,23.196928127,23.202000000,5.071873,0,2120.889459,5.000000,14
1919,250,440.121118,19352,23.212115922,23.220500000,8.384078,0,2120.889459,5.000000,14
1920,250,545.365683,19352,23.225947713,23.228000000,2.052287,1,545.365683,5.000000,14
1921,250,442.300803,19352,23.239391298,23.241500000,2.108702,1,442.300803,5.000000,14
1923,250,531.202873,19352,23.253764618,23.259000000,5.235382,0,2120.889459,5.000000,14
1924,250,786.728871,19352,23.266936473,23.269000000,2.063527,1,786.728871,5.000000,14
1925,250,680.863118,19352,23.279830419,23.282000000,2.169581,1,680.863118,5.000000,14
1927,250,800.861080,19352,23.292832510,23.295000000,2.167490,1,800.861080,5.000000,14
1928,250,1140.577250,19352,23.306987057,23.312500000,5.512943,0,2120.889459,5.000000,14
1929,250,1373.839252,19352,23.319795688,23.322000000,2.204312,1,1373.839252,5.000000,14
1930,250,1296.932865,19352,23.333332392,23.335500000,2.167608,1,1296.932865,5.000000,14
1931,250,1235.696121,19352,23.348556224,23.351000000,2.443776,1,1235.696121,5.000000,14
1932,250,1205.636629,19352,23.362578958,23.365000000,2.421042,1,1205.636629,5.000000,14
1933,250,1133.538826,19352,23.375716279,23.378000000,2.283721,1,1133.538826,5.000000,14
1934,250,1073.337654,19352,23.388740464,23.391000000,2.259536,1,1073.337654,5.000000,14
1935,250,1024.635582,19352,23.402006360,23.410500000,8.493640,0,2120.889459,5.000000,14
1936,250,981.788251,19352,23.417732520,23.420000000,2.267480,1,981.788251,5.000000,14
1937,250,929.033824,19352,23.431161398,23.434000000,2.838602,1,929.033824,5.000000,14
1938,250,866.671130,19352,23.445690026,23.448000000,2.309974,1,866.671130,5.000000,14
1939,250,835.868012,19352,23.458766778,23.461000000,2.233222,1,835.868012,5.000000,14
1940,250,781.426262,19352,23.472082509,23.474500000,2.417491,1,781.426262,5.000000,14
1941,250,670.453008,19352,23.487323787,23.489500000,2.176213,1,670.453008,5.000000,14
1942,250,583.205519,19352,23.502232692,23.510500000,8.267308,0,2120.889459,5.000000,14
1943,250,506.029822,19352,23.516277181,23.519000000,2.722819,1,506.029822,5.000000,14
1944,250,370.293781,19352,23.532459659,23.535000000,2.540341,1,370.293781,5.000000,14
1946,250,318.459251,19352,23.548462131,23.550500000,2.037869,1,318.459251,5.000000,14
1947,250,398.254523,19352,23.562445612,23.564500000,2.054388,1,398.254523,5.000000,14
1948,250,407.131428,19352,23.575267176,23.577500000,2.232824,1,407.131428,5.000000,14
1949,250,396.934821,19352,23.588196139,23.590500000,2.303861,1,396.934821,5.000000,14
1950,250,383.046958,19352,23.601973622,23.607000000,5.026378,0,2120.889459,5.000000,14
1951,250,373.135610,19352,23.616762969,23.619000000,2.237031,1,373.135610,5.000000,14
1952,250,335.453400,19352,23.631025785,23.633500000,2.474215,1,335.453400,5.000000,14
1953,250,273.950518,19352,23.644683367,23.647000000,2.316633,1,273.950518,5.000000,14
1955,250,276.639921,19352,23.658470931,23.660500000,2.029069,1,276.639921,5.000000,14
1956,250,279.914075,19352,23.672133716,23.674500000,2.366284,1,279.914075,5.000000,14
1957,250,246.818888,19352,23.685025057,23.687500000,2.474943,1,246.818888,5.000000,14
1958,250,251.052653,19352,23.697713889,23.700000000,2.286111,1,251.052653,5.000000,14
1959,250,266.936969,19352,23.710833861,23.716000000,5.166139,0,2120.889459,5.000000,14
1960,250,252.191000,19352,23.724329722,23.727000000,2.670278,1,252.191000,5.000000,14
1961,250,205.134763,19352,23.738342725,23.740500000,2.157275,1,205.134763,5.000000,14
1962,250,208.941769,19352,23.751888926,23.754000000,2.111074,1,208.941769,5.000000,14
1963,250,206.965039,19352,23.765614892,23.768000000,2.385108,1,206.965039,5.000000,14
1964,250,173.669760,19352,23.779543255,23.782000000,2.456745,1,173.669760,5.000000,14
1966,250,170.412952,19352,23.793399270,23.795500000,2.100730,1,170.412952,5.000000,14
1967,250,174.683497,19352,23.807044294,23.812500000,5.455706,0,2120.889459,5.000000,14
1968,250,162.338116,19352,23.820801091,23.823000000,2.198909,1,162.338116,5.000000,14
1969,250,157.192519,19352,23.834932526,23.837000000,2.067474,1,157.192519,5.000000,14
1970,250,162.097874,19352,23.849654403,23.852000000,2.345597,1,162.097874,5.000000,14
1972,250,143.260883,19352,23.864129010,23.866500000,2.370990,1,143.260883,5.000000,14
1973,250,164.682773,19352,23.879759664,23.882000000,2.240336,1,164.682773,5.000000,14
1974,250,161.439602,19352,23.893963346,23.896000000,2.036654,1,161.439602,5.000000,14
1975,250,155.540030,19352,23.907437437,23.912500000,5.062563,0,2120.889459,5.000000,14
1976,250,162.447598,19352,23.921184757,23.923500000,2.315243,1,162.447598,5.000000,14
1977,250,166.878158,19352,23.935130263,23.937500000,2.369737,1,166.878158,5.000000,14
1978,250,157.819560,19352,23.952217040,23.954500000,2.282960,1,157.819560,5.000000,14
1980,250,157.028147,19352,23.965800611,23.968000000,2.199389,1,157.028147,5.000000,14
1981,250,169.198760,19352,23.980140053,23.982500000,2.359947,1,169.198760,5.000000,14
1982,250,159.706101,19352,23.993762536,23.996000000,2.237464,1,159.706101,5.000000,14
1983,250,160.235911,19352,24.007658604,24.013000000,5.341396,0,2120.889459,5.000000,14
1984,250,164.856483,19352,24.024200556,24.026500000,2.299444,1,164.856483,5.000000,14
1985,250,163.870651,19352,24.037713400,24.040000000,2.286600,1,163.870651,5.000000,14
1986,250,160.860800,19352,24.051351316,24.053500000,2.148684,1,160.860800,5.000000,14
1987,250,160.688656,19352,24.064078307,24.066500000,2.421693,1,160.688656,5.000000,14
1988,250,164.333970,19352,24.078103786,24.080500000,2.396214,1,164.333970,5.000000,14
1989,250,155.953107,19352,24.092823448,24.095000000,2.176552,1,155.953107,5.000000,14
1990,250,151.507585,19352,24.107981572,24.110500000,2.518428,1,151.507585,5.000000,14
1991,250,157.047263,19352,24.124215097,24.126500000,2.284903,1,157.047263,5.000000,14
1992,250,150.752380,19352,24.137632191,24.140000000,2.367809,1,150.752380,5.000000,14
1993,250,145.981476,19352,24.152672491,24.155000000,2.327509,1,145.981476,5.000000,14
1994,250,144.764924,19352,24.166271364,24.168500000,2.228636,1,144.764924,5.000000,14
1996,250,136.428169,19352,24.180200602,24.182500000,2.299398,1,136.428169,5.000000,14
1997,250,144.037499,19352,24.194743625,24.197000000,2.256375,1,144.037499,5.000000,14
1998,250,147.509469,19352,24.207522439,24.213000000,5.477561,0,2120.889459,5.000000,14
1999,250,157.114437,19352,24.220532325,24.223000000,2.467675,1,157.114437,5.000000,14
2000,250,150.873635,19352,24.234488696,24.237000000,2.511304,1,150.873635,5.000000,14
2001,250,153.577415,19352,24.247649210,24.250000000,2.350790,1,153.577415,5.000000,14
2002,250,168.155236,19352,24.260631440,24.263000000,2.368560,1,168.155236,5.000000,14
2003,250,158.532066,19352,24.275636431,24.278000000,2.363569,1,158.532066,5.000000,14
2004,250,157.623051,19352,24.288741955,24.291000000,2.258045,1,157.623051,5.000000,14
2005,250,164.329890,19352,24.302094482,24.307500000,5.405518,0,2120.889459,5.000000,14
2006,250,157.272684,19352,24.315900998,24.318500000,2.599002,1,157.272684,5.000000,14
2007,250,158.756741,19352,24.329197042,24.331500000,2.302958,1,158.756741,5.000000,14
2008,250,165.329202,19352,24.342983771,24.345500000,2.516229,1,165.329202,5.000000,14
2009,250,165.915730,19352,24.359147973,24.364500000,5.352027,0,2120.889459,5.000000,14
2010,250,160.649056,19352,24.372393578,24.374500000,2.106422,1,160.649056,5.000000,14
2011,250,159.022934,19352,24.386993710,24.389500000,2.506290,1,159.022934,5.000000,14
2012,250,156.581512,19352,24.399673410,24.405000000,5.326590,0,2120.889459,5.000000,14
2013,250,149.098339,19352,24.414638956,24.417000000,2.361044,1,149.098339,5.000000,14
2014,250,140.400879,19352,24.429690281,24.432000000,2.309719,1,140.400879,5.000000,14
2015,250,133.797559,19352,24.443558883,24.446000000,2.441117,1,133.797559,5.000000,14
2016,250,142.962682,19352,24.461119749,24.466500000,5.380251,0,2120.889459,5.000000,14
2017,250,132.672442,19352,24.479064318,24.481500000,2.435682,1,132.672442,5.000000,14
2019,250,119.493086,19352,24.494761393,24.497000000,2.238607,1,119.493086,5.000000,14
2020,250,124.917280,19352,24.507727686,24.513000000,5.272314,0,2120.889459,5.000000,14
2021,250,115.096012,19352,24.522552328,24.525000000,2.447672,1,115.096012,5.000000,14
2023,250,118.024357,19352,24.536429164,24.538500000,2.070836,1,118.024357,5.000000,14
2024,250,126.695173,19352,24.550449968,24.553000000,2.550032,1,126.695173,5.000000,14
2025,250,118.407651,19352,24.564536595,24.567000000,2.463405,1,118.407651,5.000000,14
2026,250,118.944061,19352,24.578424767,24.580500000,2.075233,1,118.944061,5.000000,14
2027,250,123.340016,19352,24.592864603,24.595000000,2.135397,1,123.340016,5.000000,14
2028,250,122.387356,19352,24.605734761,24.611000000,5.265239,0,2120.889459,5.000000,14
2030,250,120.912097,19352,24.619666575,24.622000000,2.333425,1,120.912097,5.000000,14
2031,250,134.506363,19352,24.636810609,24.639000000,2.189391,1,134.506363,5.000000,14
2032,250,116.016780,19352,24.650208173,24.652500000,2.291827,1,116.016780,5.000000,14
2033,250,114.221406,19352,24.665829789,24.668000000,2.170211,1,114.221406,5.000000,14
2035,250,125.479588,19352,24.680062961,24.683000000,2.937039,1,125.479588,5.000000,14
2037,250,126.165997,19352,24.694060124,24.696500000,2.439876,1,126.165997,5.000000,14
2038,250,140.021850,19352,24.707901876,24.716000000,8.098124,0,2120.889459,5.000000,14
2039,250,136.693077,19352,24.721941603,24.724000000,2.058397,1,136.693077,5.000000,14
2040,250,134.903805,19352,24.735273660,24.737500000,2.226340,1,134.903805,5.000000,14
2041,250,145.222815,19352,24.748377729,24.750500000,2.122271,1,145.222815,5.000000,14
2042,250,152.279964,19352,24.765012872,24.767500000,2.487128,1,152.279964,5.000000,14
2043,250,147.481285,19352,24.778405514,24.780500000,2.094486,1,147.481285,5.000000,14
2044,250,150.964305,19352,24.791797609,24.794000000,2.202391,1,150.964305,5.000000,14
2045,250,153.732837,19352,24.807018714,24.815500000,8.481286,0,2120.889459,5.000000,14
2046,250,153.314981,19352,24.821807839,24.824000000,2.192161,1,153.314981,5.000000,14
2047,250,148.379941,19352,24.834796745,24.837000000,2.203255,1,148.379941,5.000000,14
2048,250,154.963155,19352,24.848312987,24.850500000,2.187013,1,154.963155,5.000000,14
2049,250,160.256130,19352,24.862741477,24.865000000,2.258523,1,160.256130,5.000000,14
2050,250,152.152639,19352,24.875519905,24.878000000,2.480095,1,152.152639,5.000000,14
2051,250,153.303452,19352,24.888314706,24.890500000,2.185294,1,153.303452,5.000000,14
2052,250,160.500023,19352,24.904790811,24.910000000,5.209189,0,2120.889459,5.000000,14
2053,250,155.201397,19352,24.921417584,24.923500000,2.082416,1,155.201397,5.000000,14
2054,250,148.869978,19352,24.934375108,24.936500000,2.124892,1,148.869978,5.000000,14
2055,250,166.655120,19352,24.947971742,24.953000000,5.028258,0,2120.889459,5.000000,14
2056,250,171.603138,19352,24.962640681,24.965000000,2.359319,1,171.603138,5.000000,14
2057,250,165.263609,19352,24.975354909,24.977500000,2.145091,1,165.263609,5.000000,14
2058,250,167.453317,19352,24.988221836,24.990500000,2.278164,1,167.453317,5.000000,14
2059,250,174.561425,19352,25.002815855,25.008000000,5.184145,0,2120.889459,5.000000,14
2060,250,167.830180,19352,25.015975421,25.018500000,2.524579,1,167.830180,5.000000,14
2062,250,180.603725,19352,25.029010924,25.031500000,2.489076,1,180.603725,5.000000,14
2064,250,190.827219,19352,25.044236668,25.046500000,2.263332,1,190.827219,5.000000,14
2065,250,195.798948,19352,25.059664460,25.062000000,2.335540,1,195.798948,5.000000,14
2066,250,213.899061,19352,25.073158481,25.075500000,2.341519,1,213.899061,5.000000,14
2067,250,210.561813,19352,25.086434876,25.088500000,2.065124,1,210.561813,5.000000,14
2068,250,224.025276,19352,25.101586790,25.107000000,5.413210,0,2120.889459,5.000000,14
2069,250,220.611658,19352,25.114640015,25.120000000,5.359985,0,2120.889459,5.000000,14
2070,250,241.132354,19352,25.129274686,25.131500000,2.225314,1,241.132354,5.000000,14
2071,250,231.426914,19352,25.142063752,25.144500000,2.436248,1,231.426914,5.000000,14
2072,250,223.668014,19352,25.155665161,25.158000000,2.334839,1,223.668014,5.000000,14
2073,250,216.105229,19352,25.170005997,25.172500000,2.494003,1,216.105229,5.000000,14
2074,250,222.071452,19352,25.182718181,25.185000000,2.281819,1,222.071452,5.000000,14
2075,250,214.192930,19352,25.196899744,25.202000000,5.100256,0,2120.889459,5.000000,14
2076,250,214.166490,19352,25.209880684,25.215000000,5.119316,0,2120.889459,5.000000,13
2077,250,211.239118,19352,25.223519240,25.226000000,2.480760,1,211.239118,5.000000,13
2078,250,223.744620,19352,25.237065451,25.239500000,2.434549,1,223.744620,5.000000,13
2079,250,207.575567,19352,25.252269115,25.260500000,8.230885,0,2120.889459,5.000000,13
2081,250,205.016006,19352,25.266983459,25.269500000,2.516541,1,205.016006,5.000000,13
2082,250,232.920476,19352,25.282591359,25.285000000,2.408641,1,232.920476,5.000000,13
2083,250,228.490828,19352,25.296379421,25.298500000,2.120579,1,228.490828,5.000000,13
2084,250,225.746050,19352,25.313713957,25.319000000,5.286043,0,2120.889459,5.000000,13
2085,250,237.689766,19352,25.328138016,25.331000000,2.861984,1,237.689766,5.000000,13
2086,250,239.687110,19352,25.341113568,25.343500000,2.386432,1,239.687110,5.000000,13
2087,250,225.607947,19352,25.354507582,25.357000000,2.492418,1,225.607947,5.000000,13
2089,250,235.516860,19352,25.368512149,25.371000000,2.487851,1,235.516860,5.000000,13
2090,250,243.721364,19352,25.382379248,25.384500000,2.120752,1,243.721364,5.000000,13
2091,250,244.133913,19352,25.396719795,25.399000000,2.280205,1,244.133913,5.000000,13
2092,250,252.036738,19352,25.410761358,25.419000000,8.238642,0,2120.889459,5.000000,13
2093,250,248.456149,19352,25.424571221,25.427000000,2.428779,1,248.456149,5.000000,13
2094,250,246.317124,19352,25.438661924,25.441000000,2.338076,1,246.317124,5.000000,13
2095,250,258.385522,19352,25.453631079,25.456000000,2.368921,1,258.385522,5.000000,13
2096,250,268.826025,19352,25.466863470,25.469000000,2.136530,1,268.826025,5.000000,13
2097,250,255.711896,19352,25.484382267,25.486500000,2.117733,1,255.711896,5.000000,13
2099,250,221.501231,19352,25.500017072,25.506500000,6.482928,0,2120.889459,5.000000,13
2100,250,211.020627,19352,25.512718982,25.521000000,8.281018,0,2120.889459,5.000000,13
2101,250,212.717738,19352,25.526218638,25.528500000,2.281362,1,212.717738,5.000000,13
2102,250,205.996427,19352,25.539901918,25.542000000,2.098082,1,205.996427,5.000000,13
2103,250,191.309213,19352,25.552775592,25.555000000,2.224408,1,191.309213,5.000000,13
2104,250,182.481405,19352,25.567531352,25.570000000,2.468648,1,182.481405,5.000000,13
2105,250,177.098384,19352,25.583551447,25.592000000,8.448553,0,2120.889459,5.000000,13
2106,250,168.457553,19352,25.597456087,25.600000000,2.543913,1,168.457553,5.000000,13
2108,250,145.938419,19352,25.612850207,25.618000000,5.149793,0,2120.889459,5.000000,13
2109,250,149.003668,19352,25.627451451,25.629500000,2.048549,1,149.003668,5.000000,13
2110,250,145.434163,19352,25.644015044,25.646500000,2.484956,1,145.434163,5.000000,13
2111,250,143.192277,19352,25.657184971,25.662500000,5.315029,0,2120.889459,5.000000,13
2112,250,144.633972,19352,25.670892437,25.673000000,2.107563,1,144.633972,5.000000,13
2113,250,132.720241,19352,25.685805003,25.688000000,2.194997,1,132.720241,5.000000,13
2114,250,127.177149,19352,25.698690586,25.701000000,2.309414,1,127.177149,5.000000,13
2116,250,121.267377,19352,25.712705711,25.718000000,5.294289,0,2120.889459,5.000000,13
2117,250,117.260837,19352,25.725432149,25.727500000,2.067851,1,117.260837,5.000000,13
2118,250,114.038895,19352,25.743053430,25.745500000,2.446570,1,114.038895,5.000000,13
2119,250,117.243331,19352,25.757778155,25.763000000,5.221845,0,2120.889459,5.000000,13
2120,250,110.221293,19352,25.771953410,25.774000000,2.046590,1,110.221293,5.000000,13
2121,250,104.806218,19352,25.786207347,25.788500000,2.292653,1,104.806218,5.000000,13
2122,250,96.690832,19352,25.799007696,25.804500000,5.492304,0,2120.889459,5.000000,13
2123,250,89.185411,19352,25.814164799,25.819500000,5.335201,0,2120.889459,5.000000,12
2125,250,80.663020,19352,25.827941890,25.830000000,2.058110,1,80.663020,5.000000,12
2128,250,87.407936,19352,25.841821269,25.844000000,2.178731,1,87.407936,5.000000,12
2129,250,93.379949,19352,25.855348472,25.860500000,5.151528,0,2120.889459,5.000000,12
2130,250,97.891110,19352,25.868585755,25.871000000,2.414245,1,97.891110,5.000000,12
2131,250,98.723045,19352,25.883749555,25.889000000,5.250445,0,2120.889459,5.000000,12
2132,250,99.423658,19352,25.899468394,25.904500000,5.031606,0,2120.889459,5.000000,12
2134,250,100.602454,19352,25.914154264,25.917000000,2.845736,1,100.602454,5.000000,12
2135,250,104.551096,19352,25.927115875,25.930000000,2.884125,1,104.551096,5.000000,12
2136,250,102.170941,19352,25.942114595,25.944500000,2.385405,1,102.170941,5.000000,12
2137,250,101.322763,19352,25.956814633,25.959000000,2.185367,1,101.322763,5.000000,12
2138,250,103.533482,19352,25.969890467,25.972000000,2.109533,1,103.533482,5.000000,12
2139,250,102.292740,19352,25.985096563,25.987500000,2.403437,1,102.292740,5.000000,12
2140,250,104.483988,19352,25.999222169,26.004500000,5.277831,0,2120.889459,5.000000,12
2141,250,100.742063,19352,26.012421957,26.014500000,2.078043,1,100.742063,5.000000,12
2143,250,102.925980,19352,26.026142355,26.028500000,2.357645,1,102.925980,5.000000,12
2144,250,108.287466,19352,26.041914506,26.044000000,2.085494,1,108.287466,5.000000,12
2145,250,106.726467,19352,26.055574257,26.058000000,2.425743,1,106.726467,5.000000,12
2146,250,112.596746,19352,26.069036042,26.071500000,2.463958,1,112.596746,5.000000,12
2147,250,117.851189,19352,26.082369767,26.087500000,5.130233,0,2120.889459,5.000000,12
2148,250,115.598481,19352,26.096431218,26.098500000,2.068782,1,115.598481,5.000000,12
2149,250,114.984431,19352,26.109571849,26.115000000,5.428151,0,2120.889459,5.000000,14
2150,250,118.905364,19352,26.123532188,26.126000000,2.467812,1,118.905364,5.000000,14
2151,250,116.552098,19352,26.137176369,26.139500000,2.323631,1,116.552098,5.000000,14
2152,250,115.910443,19352,26.150099505,26.152500000,2.400495,1,115.910443,5.000000,14
2153,250,121.275305,19352,26.163388634,26.165500000,2.111366,1,121.275305,5.000000,14
2154,250,116.121264,19352,26.176349582,26.178500000,2.150418,1,116.121264,5.000000,14
2155,250,117.730187,19352,26.190808798,26.193000000,2.191202,1,117.730187,5.000000,14
2156,250,118.283585,19352,26.203802394,26.209000000,5.197606,0,2120.889459,5.000000,14
2157,250,115.450116,19352,26.216573265,26.219000000,2.426735,1,115.450116,5.000000,14
2158,250,115.382813,19352,26.230125138,26.232500000,2.374862,1,115.382813,5.000000,14
2159,250,114.047762,19352,26.244540599,26.247000000,2.459401,1,114.047762,5.000000,14
2160,250,110.789512,19352,26.258685072,26.261000000,2.314928,1,110.789512,5.000000,14
2161,250,110.892913,19352,26.271466089,26.273500000,2.033911,1,110.892913,5.000000,14
2162,250,109.244151,19352,26.285511850,26.288000000,2.488150,1,109.244151,5.000000,14
2163,250,105.643400,19352,26.299118414,26.304500000,5.381586,0,2120.889459,5.000000,14
2164,250,108.704634,19352,26.315154759,26.318500000,3.345241,1,108.704634,5.000000,14
2165,250,106.104797,19352,26.331393237,26.333500000,2.106763,1,106.104797,5.000000,14
2167,250,98.795441,19352,26.347356556,26.349500000,2.143444,1,98.795441,5.000000,14
2168,250,104.427663,19352,26.360588236,26.369000000,8.411764,0,2120.889459,5.000000,14
2169,250,99.843518,19352,26.377080981,26.379500000,2.419019,1,99.843518,5.000000,14
2170,250,98.558927,19352,26.391468169,26.393500000,2.031831,1,98.558927,5.000000,14
2171,250,98.147499,19352,26.405786171,26.411000000,5.213829,0,2120.889459,5.000000,14
2172,250,97.483330,19352,26.418473258,26.421000000,2.526742,1,97.483330,5.000000,14
2173,250,97.111395,19352,26.431834426,26.434000000,2.165574,1,97.111395,5.000000,14
2174,250,87.777065,19352,26.444966807,26.447000000,2.033193,1,87.777065,5.000000,14
2175,250,85.026996,19352,26.461567442,26.464000000,2.432558,1,85.026996,5.000000,14
2176,250,83.788256,19352,26.474735164,26.477000000,2.264836,1,83.788256,5.000000,14
2177,250,72.907103,19352,26.489588848,26.492000000,2.411152,1,72.907103,5.000000,14
2179,250,76.801698,19352,26.502750462,26.508000000,5.249538,0,2120.889459,5.000000,14
2180,250,78.983668,19352,26.517057932,26.519500000,2.442068,1,78.983668,5.000000,14
2182,250,72.137952,19352,26.532239835,26.534500000,2.260165,1,72.137952,5.000000,14
2183,250,75.419584,19352,26.546129389,26.549000000,2.870611,1,75.419584,5.000000,14
2184,250,71.948885,19352,26.560779657,26.563500000,2.720343,1,71.948885,5.000000,14
2185,250,71.805946,19352,26.573583999,26.576000000,2.416001,1,71.805946,5.000000,14
2186,250,71.316058,19352,26.586724458,26.589000000,2.275542,1,71.316058,5.000000,14
2187,250,70.132973,19352,26.600304931,26.605500000,5.195069,0,2120.889459,5.000000,14
2188,250,71.240759,19352,26.614563909,26.617000000,2.436091,1,71.240759,5.000000,14
2190,250,70.452568,19352,26.627763475,26.630000000,2.236525,1,70.452568,5.000000,14
2192,250,74.733578,19352,26.641423694,26.643500000,2.076306,1,74.733578,5.000000,14
2193,250,75.131612,19352,26.655168686,26.657500000,2.331314,1,75.131612,5.000000,14
2194,250,76.069766,19352,26.668679810,26.671500000,2.820190,1,76.069766,5.000000,14
2195,250,83.424886,19352,26.683061942,26.685500000,2.438058,1,83.424886,5.000000,14
2196,250,86.353519,19352,26.697817624,26.700000000,2.182376,1,86.353519,5.000000,14
2197,250,90.199516,19352,26.710672535,26.716000000,5.327465,0,2120.889459,5.000000,14
2198,250,97.410957,19352,26.729779577,26.732000000,2.220423,1,97.410957,5.000000,14
2199,250,105.976427,19352,26.746264248,26.748500000,2.235752,1,105.976427,5.000000,14
2200,250,115.726379,19352,26.759848657,26.762000000,2.151343,1,115.726379,5.000000,14
2201,250,117.316669,19352,26.772863412,26.775000000,2.136588,1,117.316669,5.000000,14
2202,250,104.648404,19352,26.789182934,26.791500000,2.317066,1,104.648404,5.000000,14
2203,250,97.412523,19352,26.801939796,26.804000000,2.060204,1,97.412523,5.000000,14
2204,250,99.375908,19352,26.816265222,26.821500000,5.234778,0,2120.889459,5.000000,14
2205,250,101.690262,19352,26.831058390,26.833500000,2.441610,1,101.690262,5.000000,14
2206,250,95.024126,19352,26.846424354,26.848500000,2.075646,1,95.024126,5.000000,14
2207,250,83.522546,19352,26.861037126,26.863500000,2.462874,1,83.522546,5.000000,14
2209,250,80.328203,19352,26.874271927,26.876500000,2.228073,1,80.328203,5.000000,14
2211,250,84.209546,19352,26.887046115,26.889500000,2.453885,1,84.209546,5.000000,14
2212,250,81.070952,19352,26.901322547,26.906500000,5.177453,0,2120.889459,5.000000,14
2213,250,78.690382,19352,26.914144679,26.916500000,2.355321,1,78.690382,5.000000,14
2214,250,78.320809,19352,26.927581472,26.930000000,2.418528,1,78.320809,5.000000,14
2216,250,72.646141,19352,26.942000915,26.944500000,2.499085,1,72.646141,5.000000,14
2217,250,69.894041,19352,26.957604685,26.960500000,2.895315,1,69.894041,5.000000,14
2218,250,70.583705,19352,26.970701086,26.973000000,2.298914,1,70.583705,5.000000,14
2219,250,68.630521,19352,26.986414037,26.988500000,2.085963,1,68.630521,5.000000,14
2220,250,63.068239,19352,27.001130141,27.006500000,5.369859,0,2120.889459,5.000000,14
2222,250,60.352995,19352,27.015591998,27.018000000,2.408002,1,60.352995,5.000000,14
2224,250,57.347228,19352,27.029478207,27.032000000,2.521793,1,57.347228,5.000000,14
2226,250,58.789638,19352,27.043059230,27.045500000,2.440770,1,58.789638,5.000000,14
2228,250,67.362945,19352,27.056700488,27.059000000,2.299512,1,67.362945,5.000000,14
2229,250,73.246814,19352,27.070788073,27.073000000,2.211927,1,73.246814,5.000000,14
2230,250,76.057471,19352,27.084454890,27.089500000,5.045110,0,2120.889459,5.000000,14
2231,250,78.500017,19352,27.100577898,27.106000000,5.422102,0,2120.889459,5.000000,14
2232,250,78.661569,19352,27.113933604,27.116000000,2.066396,1,78.661569,5.000000,14
2234,250,92.450408,19352,27.126772918,27.135000000,8.227082,0,2120.889459,5.000000,14
2235,250,93.197140,19352,27.139596123,27.142500000,2.903877,1,93.197140,5.000000,14
2236,250,99.294137,19352,27.153525025,27.156000000,2.474975,1,99.294137,5.000000,14
2237,250,112.204094,19352,27.167020212,27.169500000,2.479788,1,112.204094,5.000000,14
2238,250,110.444504,19352,27.179797282,27.185000000,5.202718,0,2120.889459,5.000000,14
2239,250,115.462477,19352,27.192529802,27.195000000,2.470198,1,115.462477,5.000000,14
2240,250,119.057852,19352,27.206279123,27.214500000,8.220877,0,2120.889459,5.000000,14
2241,250,115.468281,19352,27.219777191,27.222500000,2.722809,1,115.468281,5.000000,14
2242,250,115.330455,19352,27.235417477,27.237500000,2.082523,1,115.330455,5.000000,14
2243,250,113.085592,19352,27.252073513,27.254500000,2.426487,1,113.085592,5.000000,14
2244,250,103.096342,19352,27.267332883,27.269500000,2.167117,1,103.096342,5.000000,14
2247,250,101.629458,19352,27.281735154,27.287000000,5.264846,0,2120.889459,5.000000,14
2248,250,111.047678,19352,27.295495745,27.304000000,8.504255,0,2120.889459,5.000000,14
2249,250,118.609318,19352,27.309926928,27.315000000,5.073072,0,2120.889459,5.000000,13
2250,250,118.845348,19352,27.323759863,27.326500000,2.740137,1,118.845348,5.000000,13
2252,250,128.795482,19352,27.338851318,27.341000000,2.148682,1,128.795482,5.000000,13
2253,250,129.524416,19352,27.352718432,27.355500000,2.781568,1,129.524416,5.000000,13
2254,250,134.959713,19352,27.366000989,27.368500000,2.499011,1,134.959713,5.000000,13
2255,250,145.915670,19352,27.378688235,27.381500000,2.811765,1,145.915670,5.000000,13
2256,250,146.868883,19352,27.391636544,27.394000000,2.363456,1,146.868883,5.000000,13
2257,250,150.181526,19352,27.405760641,27.411000000,5.239359,0,2120.889459,5.000000,13
2258,250,150.286301,19352,27.419520347,27.422000000,2.479653,1,150.286301,5.000000,13
2259,250,148.867729,19352,27.433988282,27.436500000,2.511718,1,148.867729,5.000000,13
2261,250,156.629042,19352,27.449170578,27.451500000,2.329422,1,156.629042,5.000000,13
2262,250,160.320877,19352,27.463010736,27.465500000,2.489264,1,160.320877,5.000000,13
2263,250,164.193189,19352,27.478069019,27.481000000,2.930981,1,164.193189,5.000000,13
2264,250,168.264793,19352,27.492352680,27.494500000,2.147320,1,168.264793,5.000000,13
2265,250,165.306356,19352,27.506545460,27.512000000,5.454540,0,2120.889459,5.000000,13
2266,250,160.511705,19352,27.520316030,27.523500000,3.183970,1,160.511705,5.000000,13
2267,250,159.074736,19352,27.534863806,27.537000000,2.136194,1,159.074736,5.000000,13
2268,250,151.563033,19352,27.547717709,27.550000000,2.282291,1,151.563033,5.000000,13
2269,250,141.072465,19352,27.564450802,27.566500000,2.049198,1,141.072465,5.000000,13
2270,250,132.115530,19352,27.579877429,27.591000000,11.122571,0,2120.889459,5.000000,13
2271,250,107.421177,19352,27.592576458,27.595000000,2.423542,1,107.421177,5.000000,13
2274,250,84.929184,19352,27.605570589,27.611000000,5.429411,0,2120.889459,5.000000,14
2276,250,99.316128,19352,27.620415267,27.622500000,2.084733,1,99.316128,5.000000,14
2277,250,112.472750,19352,27.635647954,27.638000000,2.352046,1,112.472750,5.000000,14
2278,250,116.873486,19352,27.650318643,27.652500000,2.181357,1,116.873486,5.000000,14
2279,250,112.452674,19352,27.663693804,27.666000000,2.306196,1,112.452674,5.000000,14
2281,250,120.039321,19352,27.678309885,27.683500000,5.190115,0,2120.889459,5.000000,14
2282,250,124.280795,19352,27.693015969,27.695500000,2.484031,1,124.280795,5.000000,14
2284,250,121.743122,19352,27.706900494,27.715000000,8.099506,0,2120.889459,5.000000,14
2285,250,129.235465,19352,27.723250177,27.725500000,2.249823,1,129.235465,5.000000,14
2286,250,116.397938,19352,27.736514721,27.739000000,2.485279,1,116.397938,5.000000,14
2289,250,112.937157,19352,27.753202283,27.755500000,2.297717,1,112.937157,5.000000,14
2290,250,125.714147,19352,27.768332172,27.770500000,2.167828,1,125.714147,5.000000,14
2292,250,159.556055,19352,27.781377532,27.783500000,2.122468,1,159.556055,5.000000,14
2293,250,180.395600,19352,27.794316864,27.796500000,2.183136,1,180.395600,5.000000,14
2294,250,204.643512,19352,27.808940748,27.814000000,5.059252,0,2120.889459,5.000000,14
2295,250,216.791868,19352,27.822637715,27.825000000,2.362285,1,216.791868,5.000000,14
2296,250,220.924145,19352,27.836351615,27.838500000,2.148385,1,220.924145,5.000000,14
2297,250,229.277823,19352,27.850571285,27.856000000,5.428715,0,2120.889459,5.000000,14
2298,250,233.769080,19352,27.865870552,27.868000000,2.129448,1,233.769080,5.000000,14
2299,250,237.638474,19352,27.878885249,27.881000000,2.114751,1,237.638474,5.000000,14
2300,250,241.200838,19352,27.891970919,27.894000000,2.029081,1,241.200838,5.000000,14
2301,250,234.511840,19352,27.904686449,27.910000000,5.313551,0,2120.889459,5.000000,14
2302,250,228.421785,19352,27.917420466,27.919500000,2.079534,1,228.421785,5.000000,14
2303,250,226.842413,19352,27.930855029,27.933000000,2.144971,1,226.842413,5.000000,14
2304,250,223.577385,19352,27.944877745,27.947000000,2.122255,1,223.577385,5.000000,14
2305,250,212.347726,19352,27.958372559,27.960500000,2.127441,1,212.347726,5.000000,14
2307,250,190.637144,19352,27.972725899,27.975000000,2.274101,1,190.637144,5.000000,14
2308,250,180.066476,19352,27.988530169,27.991000000,2.469831,1,180.066476,5.000000,14
2309,250,173.167679,19352,28.001682307,28.007000000,5.317693,0,2120.889459,5.000000,14
2310,250,158.739226,19352,28.015961560,28.018000000,2.038440,1,158.739226,5.000000,14
2311,250,141.126804,19352,28.031224639,28.034000000,2.775361,1,141.126804,5.000000,14
2313,250,110.548175,19352,28.046124268,28.048500000,2.375732,1,110.548175,5.000000,14
2314,250,100.098194,19352,28.061539325,28.064000000,2.460675,1,100.098194,5.000000,14
2315,250,83.225242,19352,28.074991306,28.077500000,2.508694,1,83.225242,5.000000,14
2320,250,78.739605,19352,28.087971947,28.090000000,2.028053,1,78.739605,5.000000,14
2322,250,131.792087,19352,28.101402697,28.106500000,5.097303,0,2120.889459,5.000000,14
2323,250,162.522884,19352,28.117289769,28.119500000,2.210231,1,162.522884,5.000000,14
2324,250,173.514099,19352,28.130175265,28.133000000,2.824735,1,173.514099,5.000000,14
2325,250,182.957686,19352,28.145011776,28.147500000,2.488224,1,182.957686,5.000000,14
2326,250,191.614601,19352,28.157938406,28.160000000,2.061594,1,191.614601,5.000000,14
2327,250,194.773896,19352,28.173493595,28.176000000,2.506405,1,194.773896,5.000000,14
2328,250,199.259969,19352,28.186361560,28.188500000,2.138440,1,199.259969,5.000000,14
2329,250,200.948810,19352,28.199297156,28.204500000,5.202844,0,2120.889459,5.000000,14
2330,250,193.995094,19352,28.214712981,28.217000000,2.287019,1,193.995094,5.000000,14
2331,250,184.592417,19352,28.227460959,28.229500000,2.039041,1,184.592417,5.000000,14
2332,250,171.859864,19352,28.240764537,28.243000000,2.235463,1,171.859864,5.000000,14
2333,250,159.337668,19352,28.254706741,28.257000000,2.293259,1,159.337668,5.000000,14
2334,250,146.001297,19352,28.268515493,28.271000000,2.484507,1,146.001297,5.000000,14
2335,250,128.999228,19352,28.284197191,28.287000000,2.802809,1,128.999228,5.000000,14
2336,250,107.677815,19352,28.296920255,28.300000000,3.079745,1,107.677815,5.000000,14
2339,250,101.816871,19352,28.312397848,28.317500000,5.102152,0,2120.889459,5.000000,14
2340,250,122.562814,19352,28.326232547,28.328500000,2.267453,1,122.562814,5.000000,14
2341,250,136.804734,19352,28.339705599,28.342500000,2.794401,1,136.804734,5.000000,14
2342,250,147.544477,19352,28.353380620,28.355500000,2.119380,1,147.544477,5.000000,14
2343,250,157.995891,19352,28.369212987,28.371500000,2.287013,1,157.995891,5.000000,14
2344,250,167.346317,19352,28.382246818,28.384500000,2.253182,1,167.346317,5.000000,14
2345,250,168.813945,19352,28.395015696,28.397500000,2.484304,1,168.813945,5.000000,14
2346,250,169.196820,19352,28.408332167,28.413500000,5.167833,0,2120.889459,5.000000,14
17,0,0,0,0,0,-1,0,2120.889459,5.000000,0
19,0,0,0,0,0,-1,0,2120.889459,5.000000,0
23,0,0,0,0,0,-1,0,2120.889459,5.000000,0
26,0,0,0,0,0,-1,0,2120.889459,5.000000,0
31,0,0,0,0,0,-1,0,2120.889459,5.000000,0
33,0,0,0,0,0,-1,0,2120.889459,5.000000,0
37,0,0,0,0,0,-1,0,2120.889459,5.000000,0
41,0,0,0,0,0,-1,0,2120.889459,5.000000,0
48,0,0,0,0,0,-1,0,2120.889459,5.000000,0
49,0,0,0,0,0,-1,0,2120.889459,5.000000,0
50,0,0,0,0,0,-1,0,2120.889459,5.000000,0
56,0,0,0,0,0,-1,0,2120.889459,5.000000,0
61,0,0,0,0,0,-1,0,2120.889459,5.000000,0
65,0,0,0,0,0,-1,0,2120.889459,5.000000,0
69,0,0,0,0,0,-1,0,2120.889459,5.000000,0
73,0,0,0,0,0,-1,0,2120.889459,5.000000,0
79,0,0,0,0,0,-1,0,2120.889459,5.000000,0
80,0,0,0,0,0,-1,0,2120.889459,5.000000,0
87,0,0,0,0,0,-1,0,2120.889459,5.000000,0
91,0,0,0,0,0,-1,0,2120.889459,5.000000,0
93,0,0,0,0,0,-1,0,2120.889459,5.000000,0
95,0,0,0,0,0,-1,0,2120.889459,5.000000,0
101,0,0,0,0,0,-1,0,2120.889459,5.000000,0
106,0,0,0,0,0,-1,0,2120.889459,5.000000,0
118,0,0,0,0,0,-1,0,2120.889459,5.000000,0
131,0,0,0,0,0,-1,0,2120.889459,5.000000,0
132,0,0,0,0,0,-1,0,2120.889459,5.000000,0
149,0,0,0,0,0,-1,0,2120.889459,5.000000,0
157,0,0,0,0,0,-1,0,2120.889459,5.000000,0
167,0,0,0,0,0,-1,0,2120.889459,5.000000,0
168,0,0,0,0,0,-1,0,2120.889459,5.000000,0
169,0,0,0,0,0,-1,0,2120.889459,5.000000,0
176,0,0,0,0,0,-1,0,2120.889459,5.000000,0
177,0,0,0,0,0,-1,0,2120.889459,5.000000,0
179,0,0,0,0,0,-1,0,2120.889459,5.000000,0
181,0,0,0,0,0,-1,0,2120.889459,5.000000,0
185,0,0,0,0,0,-1,0,2120.889459,5.000000,0
199,0,0,0,0,0,-1,0,2120.889459,5.000000,0
217,0,0,0,0,0,-1,0,2120.889459,5.000000,0
222,0,0,0,0,0,-1,0,2120.889459,5.000000,0
230,0,0,0,0,0,-1,0,2120.889459,5.000000,0
233,0,0,0,0,0,-1,0,2120.889459,5.000000,0
239,0,0,0,0,0,-1,0,2120.889459,5.000000,0
245,0,0,0,0,0,-1,0,2120.889459,5.000000,0
251,0,0,0,0,0,-1,0,2120.889459,5.000000,0
257,0,0,0,0,0,-1,0,2120.889459,5.000000,0
263,0,0,0,0,0,-1,0,2120.889459,5.000000,0
308,0,0,0,0,0,-1,0,2120.889459,5.000000,0
315,0,0,0,0,0,-1,0,2120.889459,5.000000,0
318,0,0,0,0,0,-1,0,2120.889459,5.000000,0
319,0,0,0,0,0,-1,0,2120.889459,5.000000,0
321,0,0,0,0,0,-1,0,2120.889459,5.000000,0
328,0,0,0,0,0,-1,0,2120.889459,5.000000,0
332,0,0,0,0,0,-1,0,2120.889459,5.000000,0
334,0,0,0,0,0,-1,0,2120.889459,5.000000,0
349,0,0,0,0,0,-1,0,2120.889459,5.000000,0
353,0,0,0,0,0,-1,0,2120.889459,5.000000,0
354,0,0,0,0,0,-1,0,2120.889459,5.000000,0
367,0,0,0,0,0,-1,0,2120.889459,5.000000,0
381,0,0,0,0,0,-1,0,2120.889459,5.000000,0
393,0,0,0,0,0,-1,0,2120.889459,5.000000,0
408,0,0,0,0,0,-1,0,2120.889459,5.000000,0
429,0,0,0,0,0,-1,0,2120.889459,5.000000,0
435,0,0,0,0,0,-1,0,2120.889459,5.000000,0
437,0,0,0,0,0,-1,0,2120.889459,5.000000,0
445,0,0,0,0,0,-1,0,2120.889459,5.000000,0
453,0,0,0,0,0,-1,0,2120.889459,5.000000,0
457,0,0,0,0,0,-1,0,2120.889459,5.000000,0
461,0,0,0,0,0,-1,0,2120.889459,5.000000,0
465,0,0,0,0,0,-1,0,2120.889459,5.000000,0
468,0,0,0,0,0,-1,0,2120.889459,5.000000,0
472,0,0,0,0,0,-1,0,2120.889459,5.000000,0
476,0,0,0,0,0,-1,0,2120.889459,5.000000,0
483,0,0,0,0,0,-1,0,2120.889459,5.000000,0
486,0,0,0,0,0,-1,0,2120.889459,5.000000,0
487,0,0,0,0,0,-1,0,2120.889459,5.000000,0
491,0,0,0,0,0,-1,0,2120.889459,5.000000,0
496,0,0,0,0,0,-1,0,2120.889459,5.000000,0
500,0,0,0,0,0,-1,0,2120.889459,5.000000,0
503,0,0,0,0,0,-1,0,2120.889459,5.000000,0
509,0,0,0,0,0,-1,0,2120.889459,5.000000,0
511,0,0,0,0,0,-1,0,2120.889459,5.000000,0
518,0,0,0,0,0,-1,0,2120.889459,5.000000,0
530,0,0,0,0,0,-1,0,2120.889459,5.000000,0
533,0,0,0,0,0,-1,0,2120.889459,5.000000,0
534,0,0,0,0,0,-1,0,2120.889459,5.000000,0
538,0,0,0,0,0,-1,0,2120.889459,5.000000,0
540,0,0,0,0,0,-1,0,2120.889459,5.000000,0
543,0,0,0,0,0,-1,0,2120.889459,5.000000,0
544,0,0,0,0,0,-1,0,2120.889459,5.000000,0
554,0,0,0,0,0,-1,0,2120.889459,5.000000,0
576,0,0,0,0,0,-1,0,2120.889459,5.000000,0
585,0,0,0,0,0,-1,0,2120.889459,5.000000,0
586,0,0,0,0,0,-1,0,2120.889459,5.000000,0
601,0,0,0,0,0,-1,0,2120.889459,5.000000,0
618,0,0,0,0,0,-1,0,2120.889459,5.000000,0
625,0,0,0,0,0,-1,0,2120.889459,5.000000,0
641,0,0,0,0,0,-1,0,2120.889459,5.000000,0
642,0,0,0,0,0,-1,0,2120.889459,5.000000,0
647,0,0,0,0,0,-1,0,2120.889459,5.000000,0
665,0,0,0,0,0,-1,0,2120.889459,5.000000,0
676,0,0,0,0,0,-1,0,2120.889459,5.000000,0
682,0,0,0,0,0,-1,0,2120.889459,5.000000,0
683,0,0,0,0,0,-1,0,2120.889459,5.000000,0
694,0,0,0,0,0,-1,0,2120.889459,5.000000,0
696,0,0,0,0,0,-1,0,2120.889459,5.000000,0
706,0,0,0,0,0,-1,0,2120.889459,5.000000,0
710,0,0,0,0,0,-1,0,2120.889459,5.000000,0
711,0,0,0,0,0,-1,0,2120.889459,5.000000,0
712,0,0,0,0,0,-1,0,2120.889459,5.000000,0
730,0,0,0,0,0,-1,0,2120.889459,5.000000,0
733,0,0,0,0,0,-1,0,2120.889459,5.000000,0
736,0,0,0,0,0,-1,0,2120.889459,5.000000,0
737,0,0,0,0,0,-1,0,2120.889459,5.000000,0
742,0,0,0,0,0,-1,0,2120.889459,5.000000,0
743,0,0,0,0,0,-1,0,2120.889459,5.000000,0
748,0,0,0,0,0,-1,0,2120.889459,5.000000,0
751,0,0,0,0,0,-1,0,2120.889459,5.000000,0
763,0,0,0,0,0,-1,0,2120.889459,5.000000,0
773,0,0,0,0,0,-1,0,2120.889459,5.000000,0
786,0,0,0,0,0,-1,0,2120.889459,5.000000,0
789,0,0,0,0,0,-1,0,2120.889459,5.000000,0
794,0,0,0,0,0,-1,0,2120.889459,5.000000,0
800,0,0,0,0,0,-1,0,2120.889459,5.000000,0
805,0,0,0,0,0,-1,0,2120.889459,5.000000,0
811,0,0,0,0,0,-1,0,2120.889459,5.000000,0
828,0,0,0,0,0,-1,0,2120.889459,5.000000,0
835,0,0,0,0,0,-1,0,2120.889459,5.000000,0
852,0,0,0,0,0,-1,0,2120.889459,5.000000,0
856,0,0,0,0,0,-1,0,2120.889459,5.000000,0
858,0,0,0,0,0,-1,0,2120.889459,5.000000,0
866,0,0,0,0,0,-1,0,2120.889459,5.000000,0
879,0,0,0,0,0,-1,0,2120.889459,5.000000,0
908,0,0,0,0,0,-1,0,2120.889459,5.000000,0
927,0,0,0,0,0,-1,0,2120.889459,5.000000,0
932,0,0,0,0,0,-1,0,2120.889459,5.000000,0
940,0,0,0,0,0,-1,0,2120.889459,5.000000,0
957,0,0,0,0,0,-1,0,2120.889459,5.000000,0
965,0,0,0,0,0,-1,0,2120.889459,5.000000,0
970,0,0,0,0,0,-1,0,2120.889459,5.000000,0
982,0,0,0,0,0,-1,0,2120.889459,5.000000,0
994,0,0,0,0,0,-1,0,2120.889459,5.000000,0
996,0,0,0,0,0,-1,0,2120.889459,5.000000,0
997,0,0,0,0,0,-1,0,2120.889459,5.000000,0
1002,0,0,0,0,0,-1,0,2120.889459,5.000000,0
1005,0,0,0,0,0,-1,0,2120.889459,5.000000,0
1009,0,0,0,0,0,-1,0,2120.889459,5.000000,0
1010,0,0,0,0,0,-1,0,2120.889459,5.000000,0
1017,0,0,0,0,0,-1,0,2120.889459,5.000000,0
1018,0,0,0,0,0,-1,0,2120.889459,5.000000,0
1022,0,0,0,0,0,-1,0,2120.889459,5.000000,0
1025,0,0,0,0,0,-1,0,2120.889459,5.000000,0
1027,0,0,0,0,0,-1,0,2120.889459,5.000000,0
1034,0,0,0,0,0,-1,0,2120.889459,5.000000,0
1042,0,0,0,0,0,-1,0,2120.889459,5.000000,0
1044,0,0,0,0,0,-1,0,2120.889459,5.000000,0
1046,0,0,0,0,0,-1,0,2120.889459,5.000000,0
1053,0,0,0,0,0,-1,0,2120.889459,5.000000,0
1055,0,0,0,0,0,-1,0,2120.889459,5.000000,0
1056,0,0,0,0,0,-1,0,2120.889459,5.000000,0
1057,0,0,0,0,0,-1,0,2120.889459,5.000000,0
1061,0,0,0,0,0,-1,0,2120.889459,5.000000,0
1074,0,0,0,0,0,-1,0,2120.889459,5.000000,0
1075,0,0,0,0,0,-1,0,2120.889459,5.000000,0
1078,0,0,0,0,0,-1,0,2120.889459,5.000000,0
1084,0,0,0,0,0,-1,0,2120.889459,5.000000,0
1087,0,0,0,0,0,-1,0,2120.889459,5.000000,0
1103,0,0,0,0,0,-1,0,2120.889459,5.000000,0
1123,0,0,0,0,0,-1,0,2120.889459,5.000000,0
1127,0,0,0,0,0,-1,0,2120.889459,5.000000,0
1142,0,0,0,0,0,-1,0,2120.889459,5.000000,0
1144,0,0,0,0,0,-1,0,2120.889459,5.000000,0
1163,0,0,0,0,0,-1,0,2120.889459,5.000000,0
1168,0,0,0,0,0,-1,0,2120.889459,5.000000,0
1172,0,0,0,0,0,-1,0,2120.889459,5.000000,0
1176,0,0,0,0,0,-1,0,2120.889459,5.000000,0
1180,0,0,0,0,0,-1,0,2120.889459,5.000000,0
1183,0,0,0,0,0,-1,0,2120.889459,5.000000,0
1193,0,0,0,0,0,-1,0,2120.889459,5.000000,0
1197,0,0,0,0,0,-1,0,2120.889459,5.000000,0
1199,0,0,0,0,0,-1,0,2120.889459,5.000000,0
1203,0,0,0,0,0,-1,0,2120.889459,5.000000,0
1242,0,0,0,0,0,-1,0,2120.889459,5.000000,0
1244,0,0,0,0,0,-1,0,2120.889459,5.000000,0
1261,0,0,0,0,0,-1,0,2120.889459,5.000000,0
1263,0,0,0,0,0,-1,0,2120.889459,5.000000,0
1277,0,0,0,0,0,-1,0,2120.889459,5.000000,0
1281,0,0,0,0,0,-1,0,2120.889459,5.000000,0
1287,0,0,0,0,0,-1,0,2120.889459,5.000000,0
1295,0,0,0,0,0,-1,0,2120.889459,5.000000,0
1297,0,0,0,0,0,-1,0,2120.889459,5.000000,0
1302,0,0,0,0,0,-1,0,2120.889459,5.000000,0
1313,0,0,0,0,0,-1,0,2120.889459,5.000000,0
1315,0,0,0,0,0,-1,0,2120.889459,5.000000,0
1320,0,0,0,0,0,-1,0,2120.889459,5.000000,0
1322,0,0,0,0,0,-1,0,2120.889459,5.000000,0
1323,0,0,0,0,0,-1,0,2120.889459,5.000000,0
1328,0,0,0,0,0,-1,0,2120.889459,5.000000,0
1330,0,0,0,0,0,-1,0,2120.889459,5.000000,0
1339,0,0,0,0,0,-1,0,2120.889459,5.000000,0
1345,0,0,0,0,0,-1,0,2120.889459,5.000000,0
1346,0,0,0,0,0,-1,0,2120.889459,5.000000,0
1373,0,0,0,0,0,-1,0,2120.889459,5.000000,0
1374,0,0,0,0,0,-1,0,2120.889459,5.000000,0
1383,0,0,0,0,0,-1,0,2120.889459,5.000000,0
1400,0,0,0,0,0,-1,0,2120.889459,5.000000,0
1402,0,0,0,0,0,-1,0,2120.889459,5.000000,0
1405,0,0,0,0,0,-1,0,2120.889459,5.000000,0
1407,0,0,0,0,0,-1,0,2120.889459,5.000000,0
1414,0,0,0,0,0,-1,0,2120.889459,5.000000,0
1417,0,0,0,0,0,-1,0,2120.889459,5.000000,0
1420,0,0,0,0,0,-1,0,2120.889459,5.000000,0
1421,0,0,0,0,0,-1,0,2120.889459,5.000000,0
1426,0,0,0,0,0,-1,0,2120.889459,5.000000,0
1427,0,0,0,0,0,-1,0,2120.889459,5.000000,0
1429,0,0,0,0,0,-1,0,2120.889459,5.000000,0
1430,0,0,0,0,0,-1,0,2120.889459,5.000000,0
1438,0,0,0,0,0,-1,0,2120.889459,5.000000,0
1452,0,0,0,0,0,-1,0,2120.889459,5.000000,0
1454,0,0,0,0,0,-1,0,2120.889459,5.000000,0
1465,0,0,0,0,0,-1,0,2120.889459,5.000000,0
1479,0,0,0,0,0,-1,0,2120.889459,5.000000,0
1480,0,0,0,0,0,-1,0,2120.889459,5.000000,0
1483,0,0,0,0,0,-1,0,2120.889459,5.000000,0
1487,0,0,0,0,0,-1,0,2120.889459,5.000000,0
1501,0,0,0,0,0,-1,0,2120.889459,5.000000,0
1502,0,0,0,0,0,-1,0,2120.889459,5.000000,0
1507,0,0,0,0,0,-1,0,2120.889459,5.000000,0
1509,0,0,0,0,0,-1,0,2120.889459,5.000000,0
1511,0,0,0,0,0,-1,0,2120.889459,5.000000,0
1513,0,0,0,0,0,-1,0,2120.889459,5.000000,0
1515,0,0,0,0,0,-1,0,2120.889459,5.000000,0
1535,0,0,0,0,0,-1,0,2120.889459,5.000000,0
1545,0,0,0,0,0,-1,0,2120.889459,5.000000,0
1557,0,0,0,0,0,-1,0,2120.889459,5.000000,0
1561,0,0,0,0,0,-1,0,2120.889459,5.000000,0
1562,0,0,0,0,0,-1,0,2120.889459,5.000000,0
1575,0,0,0,0,0,-1,0,2120.889459,5.000000,0
1593,0,0,0,0,0,-1,0,2120.889459,5.000000,0
1595,0,0,0,0,0,-1,0,2120.889459,5.000000,0
1606,0,0,0,0,0,-1,0,2120.889459,5.000000,0
1608,0,0,0,0,0,-1,0,2120.889459,5.000000,0
1616,0,0,0,0,0,-1,0,2120.889459,5.000000,0
1617,0,0,0,0,0,-1,0,2120.889459,5.000000,0
1626,0,0,0,0,0,-1,0,2120.889459,5.000000,0
1632,0,0,0,0,0,-1,0,2120.889459,5.000000,0
1643,0,0,0,0,0,-1,0,2120.889459,5.000000,0
1649,0,0,0,0,0,-1,0,2120.889459,5.000000,0
1650,0,0,0,0,0,-1,0,2120.889459,5.000000,0
1662,0,0,0,0,0,-1,0,2120.889459,5.000000,0
1665,0,0,0,0,0,-1,0,2120.889459,5.000000,0
1670,0,0,0,0,0,-1,0,2120.889459,5.000000,0
1671,0,0,0,0,0,-1,0,2120.889459,5.000000,0
1672,0,0,0,0,0,-1,0,2120.889459,5.000000,0
1677,0,0,0,0,0,-1,0,2120.889459,5.000000,0
1691,0,0,0,0,0,-1,0,2120.889459,5.000000,0
1718,0,0,0,0,0,-1,0,2120.889459,5.000000,0
1720,0,0,0,0,0,-1,0,2120.889459,5.000000,0
1726,0,0,0,0,0,-1,0,2120.889459,5.000000,0
1728,0,0,0,0,0,-1,0,2120.889459,5.000000,0
1729,0,0,0,0,0,-1,0,2120.889459,5.000000,0
1730,0,0,0,0,0,-1,0,2120.889459,5.000000,0
1731,0,0,0,0,0,-1,0,2120.889459,5.000000,0
1737,0,0,0,0,0,-1,0,2120.889459,5.000000,0
1739,0,0,0,0,0,-1,0,2120.889459,5.000000,0
1740,0,0,0,0,0,-1,0,2120.889459,5.000000,0
1744,0,0,0,0,0,-1,0,2120.889459,5.000000,0
1746,0,0,0,0,0,-1,0,2120.889459,5.000000,0
1747,0,0,0,0,0,-1,0,2120.889459,5.000000,0
1758,0,0,0,0,0,-1,0,2120.889459,5.000000,0
1765,0,0,0,0,0,-1,0,2120.889459,5.000000,0
1775,0,0,0,0,0,-1,0,2120.889459,5.000000,0
1783,0,0,0,0,0,-1,0,2120.889459,5.000000,0
1793,0,0,0,0,0,-1,0,2120.889459,5.000000,0
1803,0,0,0,0,0,-1,0,2120.889459,5.000000,0
1820,0,0,0,0,0,-1,0,2120.889459,5.000000,0
1835,0,0,0,0,0,-1,0,2120.889459,5.000000,0
1844,0,0,0,0,0,-1,0,2120.889459,5.000000,0
1862,0,0,0,0,0,-1,0,2120.889459,5.000000,0
1870,0,0,0,0,0,-1,0,2120.889459,5.000000,0
1871,0,0,0,0,0,-1,0,2120.889459,5.000000,0
1877,0,0,0,0,0,-1,0,2120.889459,5.000000,0
1882,0,0,0,0,0,-1,0,2120.889459,5.000000,0
1883,0,0,0,0,0,-1,0,2120.889459,5.000000,0
1888,0,0,0,0,0,-1,0,2120.889459,5.000000,0
1894,0,0,0,0,0,-1,0,2120.889459,5.000000,0
1905,0,0,0,0,0,-1,0,2120.889459,5.000000,0
1916,0,0,0,0,0,-1,0,2120.889459,5.000000,0
1918,0,0,0,0,0,-1,0,2120.889459,5.000000,0
1922,0,0,0,0,0,-1,0,2120.889459,5.000000,0
1926,0,0,0,0,0,-1,0,2120.889459,5.000000,0
1945,0,0,0,0,0,-1,0,2120.889459,5.000000,0
1954,0,0,0,0,0,-1,0,2120.889459,5.000000,0
1965,0,0,0,0,0,-1,0,2120.889459,5.000000,0
1971,0,0,0,0,0,-1,0,2120.889459,5.000000,0
1979,0,0,0,0,0,-1,0,2120.889459,5.000000,0
1995,0,0,0,0,0,-1,0,2120.889459,5.000000,0
