frameNumber,components,mse,sizeBytes,genTime,recvTime,delay_ms,receivedOnTime,effectiveError,deadline_ms,cqi
0,250,2.88701,59782,0.017133605,0.022500000,5.366395,0,10.219905,5.000000,13
1,250,2.350469,59782,0.030423848,0.036000000,5.576152,0,10.219905,5.000000,13
2,250,2.132944,59782,0.041432956,0.046500000,5.067044,0,10.219905,5.000000,13
3,250,2.340850,59782,0.051335897,0.057500000,6.164103,0,10.219905,5.000000,13
4,250,2.068207,59782,0.063480216,0.067000000,3.519784,1,2.068207,5.000000,13
5,250,1.998934,59782,0.076494075,0.080000000,3.505925,1,1.998934,5.000000,13
6,250,2.210182,59782,0.091949898,0.095000000,3.050102,1,2.210182,5.000000,13
7,250,1.928833,59782,0.103508527,0.110500000,6.991473,0,10.219905,5.000000,13
8,250,1.939297,59782,0.115825813,0.121500000,5.674187,0,10.219905,5.000000,13
9,250,2.129544,59782,0.126795979,0.132000000,5.204021,0,10.219905,5.000000,13
10,250,1.863374,59782,0.137794199,0.147000000,9.205801,0,10.219905,5.000000,13
11,250,1.879701,59782,0.149571834,0.155000000,5.428166,0,10.219905,5.000000,13
12,250,2.296723,59782,0.162844049,0.172500000,9.655951,0,10.219905,5.000000,13
13,250,1.862413,59782,0.174039180,0.179500000,5.460820,0,10.219905,5.000000,13
14,250,1.648925,59782,0.184171731,0.197000000,12.828269,0,10.219905,5.000000,13
15,250,1.762592,59782,0.195851851,0.204500000,8.648149,0,10.219905,5.000000,13
16,250,1.378522,59782,0.208198142,0.217000000,8.801858,0,10.219905,5.000000,11
17,250,0.752891,59782,0.220793702,0.227000000,6.206298,0,10.219905,5.000000,11
19,250,0.790895,59782,0.231855508,0.237500000,5.644492,0,10.219905,5.000000,11
20,250,1.187917,59782,0.242607123,0.246000000,3.392877,1,1.187917,5.000000,11
21,250,1.425707,59782,0.252878167,0.258500000,5.621833,0,10.219905,5.000000,11
22,250,1.152349,59782,0.265418374,0.271500000,6.081626,0,10.219905,5.000000,11
24,250,0.756589,59782,0.278608712,0.284000000,5.391288,0,10.219905,5.000000,11
26,250,1.096361,59782,0.289390619,0.295500000,6.109381,0,10.219905,5.000000,11
27,250,1.360232,59782,0.303097167,0.315000000,11.902833,0,10.219905,5.000000,11
28,250,1.403300,59782,0.314429490,0.325000000,10.570510,0,10.219905,5.000000,11
31,250,0.482477,59782,0.325635688,0.334500000,8.864312,0,10.219905,5.000000,11
32,250,0.373098,59782,0.337197567,0.346000000,8.802433,0,10.219905,5.000000,11
33,250,0.355099,59782,0.347880064,0.354500000,6.619936,0,10.219905,5.000000,11
34,250,0.308195,59782,0.361304818,0.366500000,5.195182,0,10.219905,5.000000,11
35,250,0.303280,59782,0.377964474,0.381500000,3.535526,1,0.303280,5.000000,11
36,250,0.314741,59782,0.388525352,0.392000000,3.474648,1,0.314741,5.000000,11
37,250,0.292409,59782,0.399715944,0.406000000,6.284056,0,10.219905,5.000000,11
38,250,0.280237,59782,0.410978095,0.420500000,9.521905,0,10.219905,5.000000,11
39,250,0.296456,59782,0.423999813,0.432500000,8.500187,0,10.219905,5.000000,11
40,250,0.240222,59782,0.435804785,0.439500000,3.695215,1,0.240222,5.000000,11
41,250,0.200698,59782,0.446906383,0.453000000,6.093617,0,10.219905,5.000000,11
42,250,0.201114,59782,0.459564763,0.466500000,6.935237,0,10.219905,5.000000,11
45,250,0.137042,59782,0.472484763,0.479000000,6.515237,0,10.219905,5.000000,11
46,250,0.116657,59782,0.483765235,0.494000000,10.234765,0,10.219905,5.000000,11
47,250,0.107212,59782,0.495756771,0.499000000,3.243229,1,0.107212,5.000000,11
52,250,0.134869,59782,0.524544874,0.568500000,43.955126,0,10.219905,5.000000,11
53,250,0.168167,59782,0.537831524,0.568500000,30.668476,0,10.219905,5.000000,11
54,250,0.191195,59782,0.551377671,0.568500000,17.122329,0,10.219905,5.000000,11
55,250,0.173378,59782,0.563981097,0.570000000,6.018903,0,10.219905,5.000000,11
58,250,0.185599,59782,0.573872906,0.580000000,6.127094,0,10.219905,5.000000,11
59,250,0.182499,59782,0.584163762,0.590500000,6.336238,0,10.219905,5.000000,11
62,250,0.188340,59782,0.620600076,0.660500000,39.899924,0,10.219905,5.000000,11
63,250,0.212204,59782,0.631006531,0.660500000,29.493469,0,10.219905,5.000000,11
64,250,0.177004,59782,0.641867276,0.660500000,18.632724,0,10.219905,5.000000,11
66,250,0.154653,59782,0.652662663,0.660500000,7.837337,0,10.219905,5.000000,11
68,250,0.111230,59782,0.665439912,0.676000000,10.560088,0,10.219905,5.000000,11
71,250,0.122135,59782,0.675889724,0.681000000,5.110276,0,10.219905,5.000000,11
72,250,0.138876,59782,0.687685968,0.699000000,11.314032,0,10.219905,5.000000,11
74,250,0.165116,59782,0.697979436,0.706500000,8.520564,0,10.219905,5.000000,14
75,250,0.174831,59782,0.709197021,0.717500000,8.302979,0,10.219905,5.000000,14
77,250,0.217293,59782,0.719716171,0.725500000,5.783829,0,10.219905,5.000000,14
78,250,0.237123,59782,0.732609803,0.736500000,3.890197,1,0.237123,5.000000,14
79,250,0.218746,59782,0.743812793,0.752500000,8.687207,0,10.219905,5.000000,14
80,250,0.236601,59782,0.759148871,0.762500000,3.351129,1,0.236601,5.000000,14
81,250,0.274019,59782,0.770434268,0.773500000,3.065732,1,0.274019,5.000000,14
82,250,0.245063,59782,0.781686141,0.786000000,4.313859,1,0.245063,5.000000,14
83,250,0.254455,59782,0.792295530,0.795500000,3.204470,1,0.254455,5.000000,14
85,250,0.293124,59782,0.804539703,0.814000000,9.460297,0,10.219905,5.000000,14
86,250,0.288485,59782,0.817094326,0.820500000,3.405674,1,0.288485,5.000000,14
87,250,0.310994,59782,0.830435279,0.833500000,3.064721,1,0.310994,5.000000,14
88,250,0.304006,59782,0.840924667,0.846000000,5.075333,0,10.219905,5.000000,14
89,250,0.274528,59782,0.852876936,0.856500000,3.623064,1,0.274528,5.000000,14
90,250,0.286070,59782,0.863395448,0.869000000,5.604552,0,10.219905,5.000000,14
91,250,0.239425,59782,0.874128713,0.877500000,3.371287,1,0.239425,5.000000,14
92,250,0.230233,59782,0.884148395,0.888000000,3.851605,1,0.230233,5.000000,14
94,250,0.193285,59782,0.894579551,0.899000000,4.420449,1,0.193285,5.000000,14
95,250,0.181195,59782,0.905394089,0.913500000,8.105911,0,10.219905,5.000000,14
97,250,0.158879,59782,0.917916165,0.921000000,3.083835,1,0.158879,5.000000,14
98,250,0.153159,59782,0.930572747,0.936000000,5.427253,0,10.219905,5.000000,14
101,250,0.199870,59782,0.941275542,0.944500000,3.224458,1,0.199870,5.000000,14
102,250,0.239525,59782,0.951276771,0.957000000,5.723229,0,10.219905,5.000000,14
103,250,0.235024,59782,0.961732950,0.965000000,3.267050,1,0.235024,5.000000,14
104,250,0.247745,59782,0.971721833,0.976000000,4.278167,1,0.247745,5.000000,14
105,250,0.277069,59782,0.982532548,0.988500000,5.967452,0,10.219905,5.000000,14
106,250,0.263651,59782,0.994906947,0.998000000,3.093053,1,0.263651,5.000000,14
108,250,0.310813,59782,1.016465908,1.065000000,48.534092,0,10.219905,5.000000,14
110,250,0.281622,59782,1.028336700,1.065000000,36.663300,0,10.219905,5.000000,14
112,250,0.278849,59782,1.039292909,1.065000000,25.707091,0,10.219905,5.000000,14
113,250,0.307939,59782,1.049580023,1.065000000,15.419977,0,10.219905,5.000000,14
114,250,0.371113,59782,1.060827554,1.065000000,4.172446,1,0.371113,5.000000,14
115,250,0.313756,59782,1.070894745,1.076500000,5.605255,0,10.219905,5.000000,14
116,250,0.313377,59782,1.081875454,1.087000000,5.124546,0,10.219905,5.000000,14
117,250,0.349746,59782,1.092428655,1.095500000,3.071345,1,0.349746,5.000000,14
119,250,0.203729,59782,1.103046578,1.110000000,6.953422,0,10.219905,5.000000,14
121,250,0.187396,59782,1.113084875,1.116500000,3.415125,1,0.187396,5.000000,14
122,250,0.169270,59782,1.124513221,1.127500000,2.986779,1,0.169270,5.000000,14
125,250,0.199782,59782,1.136987245,1.140000000,3.012755,1,0.199782,5.000000,14
126,250,0.242280,59782,1.148052077,1.155000000,6.947923,0,10.219905,5.000000,14
127,250,0.233251,59782,1.160378807,1.163500000,3.121193,1,0.233251,5.000000,14
129,250,0.249983,59782,1.172587809,1.175500000,2.912191,1,0.249983,5.000000,14
130,250,0.238635,59782,1.185384049,1.190500000,5.115951,0,10.219905,5.000000,14
131,250,0.246569,59782,1.196188618,1.199000000,2.811382,1,0.246569,5.000000,14
132,250,0.287149,59782,1.207844282,1.217000000,9.155718,0,10.219905,5.000000,14
133,250,0.243456,59782,1.219220699,1.223000000,3.779301,1,0.243456,5.000000,14
136,250,0.239232,59782,1.231615820,1.236000000,4.384180,1,0.239232,5.000000,14
137,250,0.278926,59782,1.241956540,1.244500000,2.543460,1,0.278926,5.000000,14
138,250,0.324244,59782,1.253724341,1.257000000,3.275659,1,0.324244,5.000000,14
139,250,0.306164,59782,1.264491927,1.267500000,3.008073,1,0.306164,5.000000,14
140,250,0.319595,59782,1.275622148,1.280000000,4.377852,1,0.319595,5.000000,14
142,250,0.317803,59782,1.285863208,1.288500000,2.636792,1,0.317803,5.000000,14
143,250,0.331546,59782,1.297376815,1.300000000,2.623185,1,0.331546,5.000000,14
144,250,0.372429,59782,1.310578250,1.316500000,5.921750,0,10.219905,5.000000,14
145,250,0.330735,59782,1.322254033,1.325000000,2.745967,1,0.330735,5.000000,14
146,250,0.314068,59782,1.332617273,1.336000000,3.382727,1,0.314068,5.000000,14
147,250,0.353271,59782,1.343134253,1.346000000,2.865747,1,0.353271,5.000000,14
148,250,0.298830,59782,1.353578247,1.356500000,2.921753,1,0.298830,5.000000,14
150,250,0.299879,59782,1.366268904,1.369000000,2.731096,1,0.299879,5.000000,14
152,250,0.294969,59782,1.377707571,1.380500000,2.792429,1,0.294969,5.000000,14
153,250,0.319070,59782,1.389468678,1.392500000,3.031322,1,0.319070,5.000000,14
154,250,0.287525,59782,1.399705581,1.405500000,5.794419,0,10.219905,5.000000,14
155,250,0.271852,59782,1.411547088,1.420000000,8.452912,0,10.219905,5.000000,14
156,250,0.321259,59782,1.424152473,1.428000000,3.847527,1,0.321259,5.000000,14
159,250,0.294621,59782,1.435571123,1.438500000,2.928877,1,0.294621,5.000000,14
160,250,0.266037,59782,1.448837964,1.451500000,2.662036,1,0.266037,5.000000,14
161,250,0.265665,59782,1.461364398,1.464000000,2.635602,1,0.265665,5.000000,14
162,250,0.289575,59782,1.472982647,1.476000000,3.017353,1,0.289575,5.000000,14
164,250,0.242780,59782,1.484823563,1.488000000,3.176437,1,0.242780,5.000000,14
165,250,0.296602,59782,1.494796411,1.497500000,2.703589,1,0.296602,5.000000,14
167,250,0.221897,59782,1.504755621,1.510500000,5.744379,0,10.219905,5.000000,14
169,250,0.228224,59782,1.518977289,1.522000000,3.022711,1,0.228224,5.000000,14
171,250,0.228322,59782,1.531047546,1.537000000,5.952454,0,10.219905,5.000000,14
172,250,0.253527,59782,1.544751851,1.547500000,2.748149,1,0.253527,5.000000,14
176,250,0.167777,59782,1.556158663,1.559000000,2.841337,1,0.167777,5.000000,14
180,250,0.249239,59782,1.567909574,1.570500000,2.590426,1,0.249239,5.000000,14
181,250,0.210937,59782,1.578014430,1.581000000,2.985570,1,0.210937,5.000000,14
182,250,0.208562,59782,1.589222751,1.592000000,2.777249,1,0.208562,5.000000,14
183,250,0.242784,59782,1.602377250,1.609500000,7.122750,0,10.219905,5.000000,14
186,250,0.203706,59782,1.614124687,1.619500000,5.375313,0,10.219905,5.000000,14
187,250,0.165749,59782,1.627346913,1.630500000,3.153087,1,0.165749,5.000000,14
189,250,0.158586,59782,1.639744435,1.642500000,2.755565,1,0.158586,5.000000,14
190,250,0.136001,59782,1.651758956,1.655000000,3.241044,1,0.136001,5.000000,14
191,250,0.113943,59782,1.662526617,1.665500000,2.973383,1,0.113943,5.000000,14
193,250,0.091827,59782,1.674506742,1.677500000,2.993258,1,0.091827,5.000000,14
195,250,0.090167,59782,1.687905315,1.690500000,2.594685,1,0.090167,5.000000,14
197,250,0.114735,59782,1.698237554,1.701000000,2.762446,1,0.114735,5.000000,14
200,250,2.207782,59782,1.721708137,1.786500000,64.791863,0,10.219905,5.000000,14
201,250,1.485751,59782,1.737556238,1.786500000,48.943762,0,10.219905,5.000000,14
202,250,0.981558,59782,1.748758894,1.786500000,37.741106,0,10.219905,5.000000,14
204,250,1.513262,59782,1.759566987,1.786500000,26.933013,0,10.219905,5.000000,14
205,250,1.341783,59782,1.770869920,1.786500000,15.630080,0,10.219905,5.000000,14
206,250,1.500194,59782,1.782354696,1.786500000,4.145304,1,1.500194,5.000000,14
207,250,1.189906,59782,1.792691911,1.798000000,5.308089,0,10.219905,5.000000,14
209,250,0.750491,59782,1.805278590,1.811500000,6.221410,0,10.219905,5.000000,14
213,250,0.903563,59782,1.816099551,1.819000000,2.900449,1,0.903563,5.000000,14
214,250,1.201725,59782,1.827618096,1.830500000,2.881904,1,1.201725,5.000000,14
215,250,1.442865,59782,1.837945326,1.844500000,6.554674,0,10.219905,5.000000,14
216,250,1.206206,59782,1.849537586,1.852500000,2.962414,1,1.206206,5.000000,14
217,250,0.813507,59782,1.859776755,1.862500000,2.723245,1,0.813507,5.000000,14
222,250,0.995766,59782,1.870920637,1.874000000,3.079363,1,0.995766,5.000000,14
223,250,1.314088,59782,1.882824260,1.889500000,6.675740,0,10.219905,5.000000,14
224,250,1.658263,59782,1.894103247,1.897000000,2.896753,1,1.658263,5.000000,14
226,250,1.359638,59782,1.922790935,1.972000000,49.209065,0,10.219905,5.000000,13
227,250,1.495450,59782,1.933047519,1.972000000,38.952481,0,10.219905,5.000000,13
228,250,1.188977,59782,1.946241221,1.972000000,25.758779,0,10.219905,5.000000,13
232,250,0.214476,59782,1.957236380,1.972000000,14.763620,0,10.219905,5.000000,13
234,250,0.147399,59782,1.968788284,1.972000000,3.211716,1,0.147399,5.000000,13
235,250,0.143435,59782,1.981296936,1.984500000,3.203064,1,0.143435,5.000000,13
236,250,0.176832,59782,1.993761728,1.999000000,5.238272,0,10.219905,5.000000,13
238,250,0.140164,59782,2.004984138,2.013000000,8.015862,0,10.219905,5.000000,13
241,250,0.146919,59782,2.015169954,2.020500000,5.330046,0,10.219905,5.000000,13
242,250,0.182571,59782,2.026143214,2.031500000,5.356786,0,10.219905,5.000000,13
243,250,0.157137,59782,2.037240529,2.041000000,3.759471,1,0.157137,5.000000,13
244,250,0.145556,59782,2.048184586,2.052000000,3.815414,1,0.145556,5.000000,13
245,250,0.157692,59782,2.058156909,2.061500000,3.343091,1,0.157692,5.000000,13
248,250,0.150015,59782,2.069922609,2.079000000,9.077391,0,10.219905,5.000000,13
249,250,0.140583,59782,2.082755740,2.086500000,3.744260,1,0.140583,5.000000,13
250,250,0.137206,59782,2.094069347,2.100000000,5.930653,0,10.219905,5.000000,13
255,250,0.124006,59782,2.114905366,2.161500000,46.594634,0,10.219905,5.000000,13
256,250,0.125153,59782,2.126506966,2.161500000,34.993034,0,10.219905,5.000000,13
258,250,0.140584,59782,2.138019797,2.161500000,23.480203,0,10.219905,5.000000,13
260,250,0.168752,59782,2.148288860,2.161500000,13.211140,0,10.219905,5.000000,13
262,250,0.188971,59782,2.158801683,2.162000000,3.198317,1,0.188971,5.000000,13
263,250,0.208870,59782,2.169701202,2.173000000,3.298798,1,0.208870,5.000000,13
264,250,0.198060,59782,2.182915849,2.188500000,5.584151,0,10.219905,5.000000,13
265,250,0.201564,59782,2.193213648,2.202000000,8.786352,0,10.219905,5.000000,13
267,250,0.224363,59782,2.203656596,2.214500000,10.843404,0,10.219905,5.000000,14
268,250,0.276005,59782,2.216297961,2.225000000,8.702039,0,10.219905,5.000000,14
269,250,0.295846,59782,2.227585002,2.230500000,2.914998,1,0.295846,5.000000,14
270,250,0.264156,59782,2.237666466,2.244500000,6.833534,0,10.219905,5.000000,14
271,250,0.256902,59782,2.250017617,2.256000000,5.982383,0,10.219905,5.000000,14
272,250,0.294959,59782,2.262427837,2.265500000,3.072163,1,0.294959,5.000000,14
273,250,0.247480,59782,2.273291433,2.276000000,2.708567,1,0.247480,5.000000,14
274,250,0.241792,59782,2.284416332,2.287000000,2.583668,1,0.241792,5.000000,14
276,250,0.216583,59782,2.295988098,2.302500000,6.511902,0,10.219905,5.000000,14
277,250,0.183368,59782,2.306103298,2.313500000,7.396702,0,10.219905,5.000000,14
280,250,0.143414,59782,2.316622783,2.320000000,3.377217,1,0.143414,5.000000,14
284,250,0.336660,59782,2.327162941,2.330000000,2.837059,1,0.336660,5.000000,14
285,250,0.326024,59782,2.340595388,2.343500000,2.904612,1,0.326024,5.000000,14
287,250,0.648518,59782,2.353821171,2.359500000,5.678829,0,10.219905,5.000000,14
288,250,0.530918,59782,2.363908924,2.366500000,2.591076,1,0.530918,5.000000,14
292,250,0.509425,59782,2.375135533,2.379500000,4.364467,1,0.509425,5.000000,14
293,250,0.853338,59782,2.386789280,2.395500000,8.710720,0,10.219905,5.000000,14
294,250,0.711107,59782,2.398345278,2.405000000,6.654722,0,10.219905,5.000000,14
295,250,0.691520,59782,2.409495136,2.412500000,3.004864,1,0.691520,5.000000,14
300,250,0.779633,59782,2.420046762,2.423000000,2.953238,1,0.779633,5.000000,14
301,250,1.304277,59782,2.432505398,2.441000000,8.494602,0,10.219905,5.000000,14
302,250,1.063096,59782,2.444798343,2.449000000,4.201657,1,1.063096,5.000000,14
304,250,0.929179,59782,2.455810741,2.460500000,4.689259,1,0.929179,5.000000,14
305,250,1.099156,59782,2.466251229,2.469000000,2.748771,1,1.099156,5.000000,14
306,250,1.061231,59782,2.476376735,2.479000000,2.623265,1,1.061231,5.000000,14
308,250,1.241273,59782,2.487570393,2.493500000,5.929607,0,10.219905,5.000000,14
309,250,1.145936,59782,2.497687641,2.501000000,3.312359,1,1.145936,5.000000,14
310,250,2.082691,59782,2.508333210,2.514000000,5.666790,0,10.219905,5.000000,14
311,250,2.246814,59782,2.520307486,2.523000000,2.692514,1,2.246814,5.000000,14
312,250,1.313542,59782,2.530362206,2.533000000,2.637794,1,1.313542,5.000000,14
313,250,1.259724,59782,2.540487479,2.545500000,5.012521,0,10.219905,5.000000,14
314,250,1.455846,59782,2.552214029,2.555500000,3.285971,1,1.455846,5.000000,14
316,250,0.842533,59782,2.564496623,2.573000000,8.503377,0,10.219905,5.000000,14
317,250,0.919346,59782,2.575254041,2.578000000,2.745959,1,0.919346,5.000000,14
319,250,0.677644,59782,2.588591307,2.591500000,2.908693,1,0.677644,5.000000,14
320,250,1.239937,59782,2.602211965,2.608000000,5.788035,0,10.219905,5.000000,14
323,250,0.748765,59782,2.613270151,2.617500000,4.229849,1,0.748765,5.000000,14
325,250,1.121170,59782,2.626089162,2.629000000,2.910838,1,1.121170,5.000000,14
326,250,1.205507,59782,2.640254883,2.643000000,2.745117,1,1.205507,5.000000,14
327,250,0.977074,59782,2.650740502,2.653500000,2.759498,1,0.977074,5.000000,14
328,250,1.059029,59782,2.663069346,2.671500000,8.430654,0,10.219905,5.000000,14
329,250,1.014986,59782,2.675615530,2.681000000,5.384470,0,10.219905,5.000000,14
330,250,0.902292,59782,2.688538922,2.692500000,3.961078,1,0.902292,5.000000,14
333,250,0.716574,59782,2.701079600,2.710500000,9.420400,0,10.219905,5.000000,14
334,250,0.820905,59782,2.711216038,2.715000000,3.783962,1,0.820905,5.000000,14
335,250,0.868345,59782,2.724896756,2.727500000,2.603244,1,0.868345,5.000000,14
336,250,0.758841,59782,2.735843183,2.739000000,3.156817,1,0.758841,5.000000,14
337,250,0.643962,59782,2.748963680,2.751500000,2.536320,1,0.643962,5.000000,14
338,250,0.638561,59782,2.759687605,2.763500000,3.812395,1,0.638561,5.000000,14
339,250,0.520742,59782,2.769658572,2.772500000,2.841428,1,0.520742,5.000000,14
341,250,0.286661,59782,2.779782800,2.784000000,4.217200,1,0.286661,5.000000,14
343,250,0.341194,59782,2.790023142,2.793500000,3.476858,1,0.341194,5.000000,14
345,250,0.358883,59782,2.799956755,2.805500000,5.543245,0,10.219905,5.000000,14
346,250,0.394319,59782,2.810039038,2.814000000,3.960962,1,0.394319,5.000000,14
348,250,0.521174,59782,2.820877107,2.823500000,2.622893,1,0.521174,5.000000,14
349,250,0.413186,59782,2.830771292,2.833500000,2.728708,1,0.413186,5.000000,14
351,250,0.283463,59782,2.842870102,2.845500000,2.629898,1,0.283463,5.000000,14
352,250,0.212446,59782,2.855725534,2.859000000,3.274466,1,0.212446,5.000000,14
355,250,0.418354,59782,2.865700498,2.868500000,2.799502,1,0.418354,5.000000,14
356,250,0.581659,59782,2.875736934,2.879500000,3.763066,1,0.581659,5.000000,14
357,250,0.509939,59782,2.887784522,2.890500000,2.715478,1,0.509939,5.000000,14
358,250,0.465960,59782,2.898631763,2.904500000,5.868237,0,10.219905,5.000000,14
359,250,0.498131,59782,2.909502314,2.916500000,6.997686,0,10.219905,5.000000,14
362,250,0.466271,59782,2.921951447,2.924500000,2.548553,1,0.466271,5.000000,14
363,250,0.406140,59782,2.933512134,2.937000000,3.487866,1,0.406140,5.000000,14
364,250,0.384821,59782,2.944462658,2.947000000,2.537342,1,0.384821,5.000000,14
365,250,0.328346,59782,2.956728020,2.960500000,3.771980,1,0.328346,5.000000,14
369,250,0.803927,59782,2.968156195,2.971000000,2.843805,1,0.803927,5.000000,14
370,250,0.725759,59782,2.980040165,2.985500000,5.459835,0,10.219905,5.000000,14
371,250,0.823721,59782,2.991832930,2.994500000,2.667070,1,0.823721,5.000000,14
372,250,0.689174,59782,3.002637809,3.008500000,5.862191,0,10.219905,5.000000,14
373,250,0.454622,59782,3.015087957,3.018500000,3.412043,1,0.454622,5.000000,14
375,250,0.376391,59782,3.028526878,3.034000000,5.473122,0,10.219905,5.000000,14
376,250,0.411779,59782,3.041124214,3.049500000,8.375786,0,10.219905,5.000000,14
377,250,0.465214,59782,3.053022287,3.056000000,2.977713,1,0.465214,5.000000,14
378,250,0.426792,59782,3.066029635,3.069000000,2.970365,1,0.426792,5.000000,14
379,250,0.446022,59782,3.077135251,3.085500000,8.364749,0,10.219905,5.000000,14
380,250,0.394227,59782,3.088202855,3.092500000,4.297145,1,0.394227,5.000000,14
381,250,0.315589,59782,3.099561206,3.109000000,9.438794,0,10.219905,5.000000,14
382,250,0.325481,59782,3.110591713,3.113500000,2.908287,1,0.325481,5.000000,14
384,250,0.298669,59782,3.121803323,3.127500000,5.696677,0,10.219905,5.000000,14
385,250,0.355481,59782,3.132107470,3.136500000,4.392530,1,0.355481,5.000000,14
386,250,0.396632,59782,3.144165280,3.147000000,2.834720,1,0.396632,5.000000,14
388,250,0.444557,59782,3.154976694,3.158500000,3.523306,1,0.444557,5.000000,14
389,250,0.444706,59782,3.166849507,3.172000000,5.150493,0,10.219905,5.000000,14
390,250,0.437123,59782,3.180346092,3.183000000,2.653908,1,0.437123,5.000000,14
391,250,0.507147,59782,3.192084870,3.195000000,2.915130,1,0.507147,5.000000,14
392,250,0.523559,59782,3.205552861,3.214000000,8.447139,0,10.219905,5.000000,14
394,250,0.643829,59782,3.217957325,3.223500000,5.542675,0,10.219905,5.000000,14
395,250,0.638109,59782,3.228584035,3.231500000,2.915965,1,0.638109,5.000000,14
396,250,0.591432,59782,3.240359091,3.243000000,2.640909,1,0.591432,5.000000,14
397,250,0.641784,59782,3.250961838,3.253500000,2.538162,1,0.641784,5.000000,14
398,250,0.638349,59782,3.261625273,3.265000000,3.374727,1,0.638349,5.000000,14
399,250,0.638520,59782,3.272008631,3.275000000,2.991369,1,0.638520,5.000000,14
400,250,2.106666,59782,3.284332229,3.287000000,2.667771,1,2.106666,5.000000,14
401,250,1.418381,59782,3.295012891,3.301000000,5.987109,0,10.219905,5.000000,14
403,250,1.185972,59782,3.306006347,3.314500000,8.493653,0,10.219905,5.000000,14
404,250,1.147831,59782,3.316593826,3.320000000,3.406174,1,1.147831,5.000000,14
405,250,0.883492,59782,3.328315681,3.336500000,8.184319,0,10.219905,5.000000,14
409,250,1.422536,59782,3.339531254,3.343000000,3.468746,1,1.422536,5.000000,14
412,250,1.217439,59782,3.350065965,3.354000000,3.934035,1,1.217439,5.000000,14
413,250,1.135902,59782,3.365734786,3.374500000,8.765214,0,10.219905,5.000000,14
415,250,0.814409,59782,3.377663858,3.381000000,3.336142,1,0.814409,5.000000,14
417,250,1.159010,59782,3.388370419,3.391500000,3.129581,1,1.159010,5.000000,14
419,250,1.140567,59782,3.409553717,3.446000000,36.446283,0,10.219905,5.000000,12
421,250,0.834493,59782,3.419957022,3.446000000,26.042978,0,10.219905,5.000000,12
424,250,1.257511,59782,3.430952247,3.446000000,15.047753,0,10.219905,5.000000,12
425,250,1.760991,59782,3.442034796,3.448500000,6.465204,0,10.219905,5.000000,12
427,250,1.472954,59782,3.452329174,3.458500000,6.170826,0,10.219905,5.000000,12
428,250,1.350783,59782,3.463697824,3.469500000,5.802176,0,10.219905,5.000000,12
429,250,1.191045,59782,3.476196782,3.482000000,5.803218,0,10.219905,5.000000,12
431,250,0.978446,59782,3.487452714,3.490500000,3.047286,1,0.978446,5.000000,12
434,250,0.588378,59782,3.498929703,3.506000000,7.070297,0,10.219905,5.000000,12
437,250,1.043744,59782,3.511054560,3.518000000,6.945440,0,10.219905,5.000000,12
439,250,0.978914,59782,3.524264241,3.531000000,6.735759,0,10.219905,5.000000,12
441,250,0.731401,59782,3.534208841,3.541000000,6.791159,0,10.219905,5.000000,12
442,250,0.799179,59782,3.546078541,3.551500000,5.421459,0,10.219905,5.000000,12
444,250,0.853139,59782,3.557538368,3.566000000,8.461632,0,10.219905,5.000000,12
446,250,1.594101,59782,3.570690792,3.580000000,9.309208,0,10.219905,5.000000,12
447,250,1.798752,59782,3.583183296,3.589000000,5.816704,0,10.219905,5.000000,12
448,250,1.231322,59782,3.595487062,3.601000000,5.512938,0,10.219905,5.000000,12
449,250,1.288590,59782,3.611108419,3.619000000,7.891581,0,10.219905,5.000000,12
451,250,1.135603,59782,3.621937569,3.628000000,6.062431,0,10.219905,5.000000,12
452,250,1.201087,59782,3.636660082,3.643000000,6.339918,0,10.219905,5.000000,12
453,250,1.116096,59782,3.647309907,3.654000000,6.690093,0,10.219905,5.000000,12
454,250,1.193671,59782,3.659019790,3.671500000,12.480210,0,10.219905,5.000000,12
455,250,1.131373,59782,3.671141241,3.677000000,5.858759,0,10.219905,5.000000,12
456,250,1.123193,59782,3.683138395,3.689500000,6.361605,0,10.219905,5.000000,12
458,250,1.203572,59782,3.696320836,3.699500000,3.179164,1,1.203572,5.000000,12
459,250,0.905344,59782,3.710359670,3.720000000,9.640330,0,10.219905,5.000000,12
460,250,0.864921,59782,3.720775977,3.726500000,5.724023,0,10.219905,5.000000,12
462,250,0.611413,59782,3.733162739,3.741500000,8.337261,0,10.219905,5.000000,12
465,250,0.625072,59782,3.743096951,3.752000000,8.903049,0,10.219905,5.000000,12
466,250,0.799063,59782,3.754290565,3.764000000,9.709435,0,10.219905,5.000000,12
467,250,0.763386,59782,3.764895512,3.771000000,6.104488,0,10.219905,5.000000,12
468,250,0.698509,59782,3.776196152,3.779500000,3.303848,1,0.698509,5.000000,12
469,250,0.896688,59782,3.787526314,3.792000000,4.473686,1,0.896688,5.000000,12
470,250,0.783527,59782,3.799779220,3.806500000,6.720780,0,10.219905,5.000000,12
473,250,0.531392,59782,3.813829816,3.817000000,3.170184,1,0.531392,5.000000,14
474,250,0.562698,59782,3.825647414,3.828500000,2.852586,1,0.562698,5.000000,14
475,250,0.595523,59782,3.835772575,3.838500000,2.727425,1,0.595523,5.000000,14
476,250,0.420346,59782,3.848300869,3.851000000,2.699131,1,0.420346,5.000000,14
477,250,0.283712,59782,3.859381594,3.862500000,3.118406,1,0.283712,5.000000,14
481,250,0.262533,59782,3.871469086,3.875000000,3.530914,1,0.262533,5.000000,14
483,250,0.280140,59782,3.883439188,3.889500000,6.060812,0,10.219905,5.000000,14
484,250,0.301675,59782,3.893526344,3.896500000,2.973656,1,0.301675,5.000000,14
487,250,0.323737,59782,3.904297916,3.913000000,8.702084,0,10.219905,5.000000,14
488,250,0.346472,59782,3.917015416,3.920000000,2.984584,1,0.346472,5.000000,14
490,250,0.363076,59782,3.928489248,3.933000000,4.510752,1,0.363076,5.000000,14
491,250,0.338038,59782,3.940559525,3.949000000,8.440475,0,10.219905,5.000000,14
492,250,0.329039,59782,3.950762637,3.953500000,2.737363,1,0.329039,5.000000,14
493,250,0.391360,59782,3.961665628,3.964500000,2.834372,1,0.391360,5.000000,14
494,250,0.309307,59782,3.971985756,3.975000000,3.014244,1,0.309307,5.000000,14
496,250,0.272080,59782,3.982640668,3.986000000,3.359332,1,0.272080,5.000000,14
499,250,0.350370,59782,3.993429467,3.996000000,2.570533,1,0.350370,5.000000,14
500,250,0.334564,59782,4.004707795,4.014500000,9.792205,0,10.219905,5.000000,14
501,250,0.372811,59782,4.015497837,4.022000000,6.502163,0,10.219905,5.000000,14
502,250,0.429218,59782,4.028100727,4.031000000,2.899273,1,0.429218,5.000000,14
503,250,0.391825,59782,4.040562375,4.049000000,8.437625,0,10.219905,5.000000,14
504,250,0.415357,59782,4.051298675,4.054000000,2.701325,1,0.415357,5.000000,14
505,250,0.462147,59782,4.061348785,4.064000000,2.651215,1,0.462147,5.000000,14
506,250,0.356401,59782,4.072464678,4.075000000,2.535322,1,0.356401,5.000000,14
510,250,0.213193,59782,4.084431129,4.087000000,2.568871,1,0.213193,5.000000,14
512,250,0.281982,59782,4.095762647,4.098500000,2.737353,1,0.281982,5.000000,14
513,250,0.342401,59782,4.106736610,4.115000000,8.263390,0,10.219905,5.000000,14
514,250,0.391109,59782,4.118956296,4.122500000,3.543704,1,0.391109,5.000000,14
515,250,0.372256,59782,4.129983541,4.133000000,3.016459,1,0.372256,5.000000,14
516,250,0.371958,59782,4.142011602,4.145000000,2.988398,1,0.371958,5.000000,14
517,250,0.402256,59782,4.154317399,4.157500000,3.182601,1,0.402256,5.000000,14
519,250,0.366482,59782,4.166570011,4.170000000,3.429989,1,0.366482,5.000000,14
520,250,0.408262,59782,4.176875826,4.179500000,2.624174,1,0.408262,5.000000,14
523,250,0.385353,59782,4.187085516,4.190500000,3.414484,1,0.385353,5.000000,14
524,250,0.324550,59782,4.201246926,4.210000000,8.753074,0,10.219905,5.000000,14
525,250,0.263601,59782,4.214946423,4.219000000,4.053577,1,0.263601,5.000000,14
526,250,0.278743,59782,4.227154194,4.230000000,2.845806,1,0.278743,5.000000,14
531,250,0.257852,59782,4.237676652,4.240500000,2.823348,1,0.257852,5.000000,14
533,250,0.356644,59782,4.249644955,4.252500000,2.855045,1,0.356644,5.000000,14
534,250,0.450304,59782,4.261273480,4.264500000,3.226520,1,0.450304,5.000000,14
535,250,0.540576,59782,4.271616342,4.275000000,3.383658,1,0.540576,5.000000,14
536,250,0.498772,59782,4.282577614,4.288000000,5.422386,0,10.219905,5.000000,14
537,250,0.585580,59782,4.294863326,4.297500000,2.636674,1,0.585580,5.000000,14
538,250,0.606042,59782,4.307348748,4.316000000,8.651252,0,10.219905,5.000000,14
539,250,0.551649,59782,4.317748718,4.320500000,2.751282,1,0.551649,5.000000,14
540,250,0.554786,59782,4.328178818,4.331500000,3.321182,1,0.554786,5.000000,14
541,250,0.629621,59782,4.342383174,4.345500000,3.116826,1,0.629621,5.000000,14
542,250,0.573341,59782,4.353573820,4.356500000,2.926180,1,0.573341,5.000000,14
543,250,0.552453,59782,4.364649810,4.368000000,3.350190,1,0.552453,5.000000,14
545,250,0.561059,59782,4.376125183,4.379500000,3.374817,1,0.561059,5.000000,14
546,250,0.589202,59782,4.390017675,4.393500000,3.482325,1,0.589202,5.000000,14
547,250,0.638008,59782,4.400489557,4.406500000,6.010443,0,10.219905,5.000000,14
548,250,0.580102,59782,4.411120921,4.417000000,5.879079,0,10.219905,5.000000,14
549,250,0.575927,59782,4.423841962,4.426500000,2.658038,1,0.575927,5.000000,14
550,250,0.625693,59782,4.437022951,4.440000000,2.977049,1,0.625693,5.000000,14
551,250,0.536317,59782,4.450360619,4.453000000,2.639381,1,0.536317,5.000000,14
552,250,0.524363,59782,4.461847890,4.467000000,5.152110,0,10.219905,5.000000,14
553,250,0.586908,59782,4.472259131,4.477500000,5.240869,0,10.219905,5.000000,14
556,250,0.514525,59782,4.483128710,4.487500000,4.371290,1,0.514525,5.000000,14
557,250,0.465302,59782,4.494276470,4.497500000,3.223530,1,0.465302,5.000000,14
558,250,0.449781,59782,4.505494933,4.515500000,10.005067,0,10.219905,5.000000,14
559,250,0.501214,59782,4.517771802,4.520500000,2.728198,1,0.501214,5.000000,14
560,250,0.439211,59782,4.529343133,4.532000000,2.656867,1,0.439211,5.000000,14
561,250,0.379343,59782,4.539797788,4.542500000,2.702212,1,0.379343,5.000000,14
562,250,0.404222,59782,4.552724987,4.558500000,5.775013,0,10.219905,5.000000,14
563,250,0.331095,59782,4.563644947,4.566500000,2.855053,1,0.331095,5.000000,14
566,250,0.192982,59782,4.574422948,4.579500000,5.077052,0,10.219905,5.000000,14
569,250,0.316787,59782,4.585429651,4.589500000,4.070349,1,0.316787,5.000000,14
570,250,0.301382,59782,4.597374752,4.600500000,3.125248,1,0.301382,5.000000,14
571,250,0.359248,59782,4.607876039,4.617500000,9.623961,0,10.219905,5.000000,14
573,250,0.362685,59782,4.618378706,4.624000000,5.621294,0,10.219905,5.000000,14
574,250,0.400806,59782,4.630913306,4.633500000,2.586694,1,0.400806,5.000000,14
576,250,0.387645,59782,4.644084613,4.647000000,2.915387,1,0.387645,5.000000,14
577,250,0.434456,59782,4.657646230,4.660500000,2.853770,1,0.434456,5.000000,14
578,250,0.386333,59782,4.669264168,4.672500000,3.235832,1,0.386333,5.000000,14
579,250,0.355009,59782,4.680414959,4.683000000,2.585041,1,0.355009,5.000000,14
580,250,0.385262,59782,4.691569014,4.694500000,2.930986,1,0.385262,5.000000,14
583,250,0.372825,59782,4.702802516,4.712500000,9.697484,0,10.219905,5.000000,14
584,250,0.335710,59782,4.714404379,4.717000000,2.595621,1,0.335710,5.000000,14
585,250,0.387873,59782,4.725158194,4.728000000,2.841806,1,0.387873,5.000000,14
586,250,0.363270,59782,4.735211687,4.738500000,3.288313,1,0.363270,5.000000,14
587,250,0.344301,59782,4.746210040,4.751500000,5.289960,0,10.219905,5.000000,14
588,250,0.306380,59782,4.759060327,4.765000000,5.939673,0,10.219905,5.000000,14
589,250,0.331837,59782,4.768975558,4.772000000,3.024442,1,0.331837,5.000000,14
590,250,0.285160,59782,4.781014842,4.784000000,2.985158,1,0.285160,5.000000,14
591,250,0.231651,59782,4.791348378,4.795000000,3.651622,1,0.231651,5.000000,14
592,250,0.258036,59782,4.804009571,4.813000000,8.990429,0,10.219905,5.000000,14
593,250,0.199594,59782,4.815189070,4.818000000,2.810930,1,0.199594,5.000000,14
594,250,0.157070,59782,4.826520730,4.830000000,3.479270,1,0.157070,5.000000,14
595,250,0.139785,59782,4.838038675,4.841000000,2.961325,1,0.139785,5.000000,14
597,250,0.123865,59782,4.849806120,4.852500000,2.693880,1,0.123865,5.000000,14
600,250,1.840313,59782,4.859800396,4.862500000,2.699604,1,1.840313,5.000000,14
603,250,0.981751,59782,4.871336305,4.878500000,7.163695,0,10.219905,5.000000,14
604,250,0.902562,59782,4.881898730,4.885000000,3.101270,1,0.902562,5.000000,14
606,250,0.611375,59782,4.892223867,4.895000000,2.776133,1,0.611375,5.000000,14
608,250,0.728275,59782,4.903278702,4.912500000,9.221298,0,10.219905,5.000000,14
609,250,0.743082,59782,4.913212475,4.916500000,3.287525,1,0.743082,5.000000,14
612,250,0.504306,59782,4.925477769,4.928500000,3.022231,1,0.504306,5.000000,14
614,250,0.792054,59782,4.937566187,4.943500000,5.933813,0,10.219905,5.000000,14
615,250,0.931136,59782,4.949052898,4.954500000,5.447102,0,10.219905,5.000000,14
616,250,0.893925,59782,4.959846231,4.962500000,2.653769,1,0.893925,5.000000,14
619,250,0.583967,59782,4.971799039,4.977500000,5.700961,0,10.219905,5.000000,14
622,250,0.898970,59782,4.984927790,4.987500000,2.572210,1,0.898970,5.000000,14
623,250,1.689161,59782,4.994949384,4.997500000,2.550616,1,1.689161,5.000000,14
625,250,1.685686,59782,5.017512229,5.069000000,51.487771,0,10.219905,5.000000,13
626,250,1.536950,59782,5.028662767,5.069000000,40.337233,0,10.219905,5.000000,13
627,250,1.605359,59782,5.040970947,5.069000000,28.029053,0,10.219905,5.000000,13
628,250,1.293722,59782,5.054085091,5.069000000,14.914909,0,10.219905,5.000000,13
630,250,0.586683,59782,5.064364029,5.071500000,7.135971,0,10.219905,5.000000,13
631,250,0.582996,59782,5.074289064,5.078000000,3.710936,1,0.582996,5.000000,13
633,250,0.402616,59782,5.086112122,5.089500000,3.387878,1,0.402616,5.000000,13
634,250,0.322522,59782,5.097672925,5.103000000,5.327075,0,10.219905,5.000000,13
635,250,0.240517,59782,5.109050969,5.120000000,10.949031,0,10.219905,5.000000,13
638,250,0.407612,59782,5.119258941,5.124500000,5.241059,0,10.219905,5.000000,13
639,250,0.551937,59782,5.132229443,5.135500000,3.270557,1,0.551937,5.000000,13
640,250,0.508031,59782,5.143240758,5.146500000,3.259242,1,0.508031,5.000000,13
641,250,0.531996,59782,5.156744641,5.167000000,10.255359,0,10.219905,5.000000,13
642,250,0.520420,59782,5.168532225,5.173500000,4.967775,1,0.520420,5.000000,13
644,250,0.455382,59782,5.180462725,5.183500000,3.037275,1,0.455382,5.000000,13
645,250,0.541681,59782,5.192541553,5.198500000,5.958447,0,10.219905,5.000000,13
646,250,0.489245,59782,5.205988707,5.212500000,6.511293,0,10.219905,5.000000,13
648,250,0.343047,59782,5.216562258,5.222000000,5.437742,0,10.219905,5.000000,13
652,250,0.422744,59782,5.227540107,5.231000000,3.459893,1,0.422744,5.000000,13
653,250,0.525023,59782,5.240335228,5.249000000,8.664772,0,10.219905,5.000000,13
655,250,1.098900,59782,5.250757006,5.254000000,3.242994,1,1.098900,5.000000,13
656,250,0.993969,59782,5.264430872,5.269500000,5.069128,0,10.219905,5.000000,13
658,250,0.727511,59782,5.276201874,5.283000000,6.798126,0,10.219905,5.000000,13
659,250,1.135023,59782,5.288237380,5.293500000,5.262620,0,10.219905,5.000000,13
660,250,1.699321,59782,5.299727199,5.308500000,8.772801,0,10.219905,5.000000,13
663,250,1.306659,59782,5.321146120,5.366500000,45.353880,0,10.219905,5.000000,13
664,250,1.388467,59782,5.331650153,5.366500000,34.849847,0,10.219905,5.000000,13
665,250,1.637141,59782,5.341567999,5.366500000,24.932001,0,10.219905,5.000000,13
666,250,1.600403,59782,5.352527675,5.366500000,13.972325,0,10.219905,5.000000,13
667,250,1.522594,59782,5.363934331,5.369000000,5.065669,0,10.219905,5.000000,13
669,250,0.822246,59782,5.374722007,5.380000000,5.277993,0,10.219905,5.000000,13
671,250,1.691436,59782,5.386542336,5.390000000,3.457664,1,1.691436,5.000000,13
672,250,2.347992,59782,5.396713682,5.402000000,5.286318,0,10.219905,5.000000,13
673,250,2.056403,59782,5.407633903,5.413000000,5.366097,0,10.219905,5.000000,11
674,250,1.778935,59782,5.417532019,5.428000000,10.467981,0,10.219905,5.000000,11
675,250,1.732249,59782,5.429583820,5.437500000,7.916180,0,10.219905,5.000000,11
676,250,1.632114,59782,5.440081009,5.445000000,4.918991,1,1.632114,5.000000,11
677,250,1.040843,59782,5.451805061,5.459000000,7.194939,0,10.219905,5.000000,11
681,250,1.560041,59782,5.462156606,5.469000000,6.843394,0,10.219905,5.000000,11
682,250,1.392943,59782,5.472810051,5.476000000,3.189949,1,1.392943,5.000000,11
683,250,1.625536,59782,5.485116690,5.491000000,5.883310,0,10.219905,5.000000,11
684,250,2.048012,59782,5.496163303,5.500500000,4.336697,1,2.048012,5.000000,11
686,250,1.629155,59782,5.518222325,5.556500000,38.277675,0,10.219905,5.000000,11
687,250,2.252846,59782,5.528979880,5.556500000,27.520120,0,10.219905,5.000000,11
688,250,2.047662,59782,5.542660992,5.556500000,13.839008,0,10.219905,5.000000,11
689,250,1.711588,59782,5.553827980,5.557000000,3.172020,1,1.711588,5.000000,11
690,250,1.710225,59782,5.565481005,5.569000000,3.518995,1,1.710225,5.000000,11
691,250,1.296629,59782,5.578043958,5.585500000,7.456042,0,10.219905,5.000000,11
692,250,0.683377,59782,5.590948977,5.595500000,4.551023,1,0.683377,5.000000,11
696,250,0.905537,59782,5.618009669,5.670000000,51.990331,0,10.219905,5.000000,11
697,250,0.719439,59782,5.628522166,5.670000000,41.477834,0,10.219905,5.000000,11
698,250,0.630814,59782,5.638749914,5.670000000,31.250086,0,10.219905,5.000000,11
699,250,0.642230,59782,5.651871716,5.670000000,18.128284,0,10.219905,5.000000,11
701,250,0.626200,59782,5.667335507,5.670500000,3.164493,1,0.626200,5.000000,11
702,250,0.675264,59782,5.677296757,5.683000000,5.703243,0,10.219905,5.000000,11
703,250,0.610952,59782,5.687952794,5.691500000,3.547206,1,0.610952,5.000000,11
704,250,0.421503,59782,5.700040772,5.706000000,5.959228,0,10.219905,5.000000,11
706,250,0.361599,59782,5.710534520,5.718000000,7.465480,0,10.219905,5.000000,11
708,250,0.634151,59782,5.721089782,5.728500000,7.410218,0,10.219905,5.000000,11
709,250,0.669001,59782,5.733185600,5.741500000,8.314400,0,10.219905,5.000000,11
710,250,0.862727,59782,5.745376909,5.750500000,5.123091,0,10.219905,5.000000,11
711,250,1.133997,59782,5.755797403,5.760000000,4.202597,1,1.133997,5.000000,11
712,250,1.039300,59782,5.768605100,5.772500000,3.894900,1,1.039300,5.000000,11
713,250,1.049992,59782,5.779726272,5.784000000,4.273728,1,1.049992,5.000000,11
714,250,1.161026,59782,5.793349395,5.797000000,3.650605,1,1.161026,5.000000,11
716,250,0.879996,59782,5.814931820,5.854000000,39.068180,0,10.219905,5.000000,10
717,250,0.917756,59782,5.826223583,5.854000000,27.776417,0,10.219905,5.000000,10
718,250,0.791443,59782,5.839675625,5.854000000,14.324375,0,10.219905,5.000000,10
720,250,0.714804,59782,5.850111081,5.856500000,6.388919,0,10.219905,5.000000,10
721,250,0.621640,59782,5.860411846,5.868500000,8.088154,0,10.219905,5.000000,10
724,250,0.554130,59782,5.896163818,5.926000000,29.836182,0,10.219905,5.000000,10
749,250,0.546566,59782,6.103174668,6.140000000,36.825332,0,10.219905,5.000000,10
770,250,0.750983,59782,6.265015028,6.301000000,35.984972,0,10.219905,5.000000,10
877,250,0.392061,59782,7.115010636,7.160000000,44.989364,0,10.219905,5.000000,13
878,250,0.336105,59782,7.124906510,7.160000000,35.093490,0,10.219905,5.000000,13
880,250,0.380698,59782,7.135694504,7.160000000,24.305496,0,10.219905,5.000000,13
882,250,0.403203,59782,7.146429860,7.160000000,13.570140,0,10.219905,5.000000,13
883,250,0.462269,59782,7.157005481,7.160500000,3.494519,1,0.462269,5.000000,13
884,250,0.416923,59782,7.168849205,7.172500000,3.650795,1,0.416923,5.000000,13
885,250,0.361325,59782,7.180503061,7.186500000,5.996939,0,10.219905,5.000000,13
886,250,0.387639,59782,7.191103631,7.195500000,4.396369,1,0.387639,5.000000,13
887,250,0.292442,59782,7.206095557,7.216000000,9.904443,0,10.219905,5.000000,13
891,250,0.320516,59782,7.217528019,7.221000000,3.471981,1,0.320516,5.000000,13
892,250,0.406211,59782,7.230117220,7.233500000,3.382780,1,0.406211,5.000000,13
893,250,0.414182,59782,7.241644035,7.245000000,3.355965,1,0.414182,5.000000,13
894,250,0.435716,59782,7.252996133,7.258500000,5.503867,0,10.219905,5.000000,13
895,250,0.495433,59782,7.264940354,7.268000000,3.059646,1,0.495433,5.000000,13
896,250,0.451842,59782,7.275453411,7.281000000,5.546589,0,10.219905,5.000000,13
897,250,0.486095,59782,7.288417542,7.291500000,3.082458,1,0.486095,5.000000,13
898,250,0.511198,59782,7.298399307,7.307000000,8.600693,0,10.219905,5.000000,14
899,250,0.403643,59782,7.311588780,7.318500000,6.911220,0,10.219905,5.000000,14
901,250,0.303148,59782,7.322204850,7.325500000,3.295150,1,0.303148,5.000000,14
904,250,0.302215,59782,7.333527092,7.337000000,3.472908,1,0.302215,5.000000,14
905,250,0.274809,59782,7.348028316,7.354000000,5.971684,0,10.219905,5.000000,14
906,250,0.266702,59782,7.359468563,7.363000000,3.531437,1,0.266702,5.000000,14
908,250,0.284839,59782,7.369400046,7.372500000,3.099954,1,0.284839,5.000000,14
909,250,0.296840,59782,7.380280984,7.383500000,3.219016,1,0.296840,5.000000,14
910,250,0.338411,59782,7.390359465,7.394000000,3.640535,1,0.338411,5.000000,14
913,250,0.462767,59782,7.404600283,7.410500000,5.899717,0,10.219905,5.000000,13
914,250,0.447124,59782,7.416949867,7.420500000,3.550133,1,0.447124,5.000000,14
915,250,0.413570,59782,7.429020187,7.435500000,6.479813,0,10.219905,5.000000,14
917,250,0.444404,59782,7.439868414,7.443500000,3.631586,1,0.444404,5.000000,14
918,250,0.486724,59782,7.450453899,7.453500000,3.046101,1,0.486724,5.000000,14
919,250,0.597374,59782,7.461026168,7.464500000,3.473832,1,0.597374,5.000000,14
920,250,0.528264,59782,7.472574283,7.476000000,3.425717,1,0.528264,5.000000,14
921,250,0.488507,59782,7.485375767,7.489000000,3.624233,1,0.488507,5.000000,14
922,250,0.554710,59782,7.497082322,7.500500000,3.417678,1,0.554710,5.000000,14
924,250,0.464055,59782,7.508256215,7.514500000,6.243785,0,10.219905,5.000000,14
925,250,0.538303,59782,7.520875013,7.524000000,3.124987,1,0.538303,5.000000,14
926,250,0.439921,59782,7.531127044,7.534500000,3.372956,1,0.439921,5.000000,14
927,250,0.401470,59782,7.543522338,7.550500000,6.977662,0,10.219905,5.000000,14
928,250,0.485994,59782,7.554132718,7.559500000,5.367282,0,10.219905,5.000000,14
932,250,0.642008,59782,7.566213431,7.569500000,3.286569,1,0.642008,5.000000,14
933,250,0.824781,59782,7.577225976,7.580500000,3.274024,1,0.824781,5.000000,14
934,250,0.790715,59782,7.587707010,7.591000000,3.292990,1,0.790715,5.000000,14
935,250,0.646849,59782,7.598011655,7.601500000,3.488345,1,0.646849,5.000000,14
936,250,0.566315,59782,7.608214382,7.617500000,9.285618,0,10.219905,5.000000,14
938,250,0.704930,59782,7.620263126,7.623500000,3.236874,1,0.704930,5.000000,14
939,250,0.627409,59782,7.632275458,7.635000000,2.724542,1,0.627409,5.000000,14
943,250,0.844469,59782,7.643270252,7.646000000,2.729748,1,0.844469,5.000000,14
944,250,1.117028,59782,7.654201090,7.658000000,3.798910,1,1.117028,5.000000,14
946,250,1.249475,59782,7.664205758,7.667000000,2.794242,1,1.249475,5.000000,14
947,250,0.915130,59782,7.678058795,7.683500000,5.441205,0,10.219905,5.000000,14
948,250,0.796400,59782,7.692106631,7.695000000,2.893369,1,0.796400,5.000000,14
950,250,0.775575,59782,7.702673084,7.714500000,11.826916,0,10.219905,5.000000,14
951,250,0.875530,59782,7.713104611,7.716000000,2.895389,1,0.875530,5.000000,14
953,250,1.116490,59782,7.723022978,7.729500000,6.477022,0,10.219905,5.000000,14
954,250,1.139342,59782,7.734115831,7.737000000,2.884169,1,1.139342,5.000000,14
955,250,2.280379,59782,7.748431765,7.751000000,2.568235,1,2.280379,5.000000,14
956,250,2.306178,59782,7.758662404,7.765500000,6.837596,0,10.219905,5.000000,14
957,250,1.436964,59782,7.770210363,7.774000000,3.789637,1,1.436964,5.000000,14
958,250,1.650925,59782,7.782908780,7.785500000,2.591220,1,1.650925,5.000000,14
959,250,1.537670,59782,7.794052536,7.797000000,2.947464,1,1.537670,5.000000,14
960,250,1.114978,59782,7.806654311,7.816000000,9.345689,0,10.219905,5.000000,14
961,250,1.043391,59782,7.818282594,7.821000000,2.717406,1,1.043391,5.000000,14
963,250,1.025758,59782,7.829694695,7.833000000,3.305305,1,1.025758,5.000000,14
966,250,0.923558,59782,7.840781681,7.843500000,2.718319,1,0.923558,5.000000,14
967,250,0.927023,59782,7.852509455,7.857000000,4.490545,1,0.927023,5.000000,14
968,250,1.114871,59782,7.863277418,7.866000000,2.722582,1,1.114871,5.000000,14
970,250,1.220701,59782,7.875194464,7.878000000,2.805536,1,1.220701,5.000000,14
971,250,1.068283,59782,7.887112997,7.890500000,3.387003,1,1.068283,5.000000,14
972,250,0.707095,59782,7.897015494,7.900000000,2.984506,1,0.707095,5.000000,14
975,250,0.606788,59782,7.918764583,7.988000000,69.235417,0,10.219905,5.000000,14
977,250,0.985454,59782,7.929746668,7.988000000,58.253332,0,10.219905,5.000000,14
978,250,0.690868,59782,7.939794779,7.988000000,48.205221,0,10.219905,5.000000,14
980,250,0.565383,59782,7.950251102,7.988000000,37.748898,0,10.219905,5.000000,14
981,250,0.689681,59782,7.961962181,7.988000000,26.037819,0,10.219905,5.000000,14
982,250,0.723312,59782,7.973993715,7.988000000,14.006285,0,10.219905,5.000000,14
983,250,0.585876,59782,7.985024536,7.988000000,2.975464,1,0.585876,5.000000,14
984,250,0.526932,59782,7.998640237,8.005500000,6.859763,0,10.219905,5.000000,14
987,250,0.475800,59782,8.021860170,8.090500000,68.639830,0,10.219905,5.000000,14
988,250,0.487677,59782,8.033701561,8.090500000,56.798439,0,10.219905,5.000000,14
989,250,0.464858,59782,8.044130716,8.090500000,46.369284,0,10.219905,5.000000,14
991,250,0.517159,59782,8.054428001,8.090500000,36.071999,0,10.219905,5.000000,14
992,250,0.596458,59782,8.066033924,8.090500000,24.466076,0,10.219905,5.000000,14
993,250,0.906877,59782,8.077091485,8.090500000,13.408515,0,10.219905,5.000000,14
994,250,1.032050,59782,8.087819184,8.090500000,2.680816,1,1.032050,5.000000,14
995,250,1.015595,59782,8.099793372,8.107000000,7.206628,0,10.219905,5.000000,14
996,250,1.077728,59782,8.110095896,8.113000000,2.904104,1,1.077728,5.000000,14
997,250,1.154872,59782,8.121812388,8.124500000,2.687612,1,1.154872,5.000000,14
998,250,1.148630,59782,8.133460723,8.136000000,2.539277,1,1.148630,5.000000,14
999,250,1.244146,59782,8.144574580,8.147500000,2.925420,1,1.244146,5.000000,14
1000,250,1.521624,59782,8.154504523,8.157500000,2.995477,1,1.521624,5.000000,14
1002,250,1.069900,59782,8.168914635,8.177500000,8.585365,0,10.219905,5.000000,14
1003,250,1.063057,59782,8.179107178,8.182000000,2.892822,1,1.063057,5.000000,14
1006,250,1.193530,59782,8.189822506,8.195500000,5.677494,0,10.219905,5.000000,14
1007,250,1.247262,59782,8.200116457,8.207000000,6.883543,0,10.219905,5.000000,14
1008,250,1.484043,59782,8.212727961,8.216000000,3.272039,1,1.484043,5.000000,14
1009,250,1.476782,59782,8.224824375,8.227500000,2.675625,1,1.476782,5.000000,14
1011,250,1.262466,59782,8.234974325,8.240500000,5.525675,0,10.219905,5.000000,14
1012,250,1.450275,59782,8.245761775,8.250000000,4.238225,1,1.450275,5.000000,14
1013,250,1.197142,59782,8.259282121,8.264500000,5.217879,0,10.219905,5.000000,14
1015,250,1.023227,59782,8.269337764,8.272500000,3.162236,1,1.023227,5.000000,14
1016,250,1.034855,59782,8.281026893,8.285500000,4.473107,1,1.034855,5.000000,14
1018,250,1.159515,59782,8.294548286,8.298500000,3.951714,1,1.159515,5.000000,14
1019,250,1.169450,59782,8.304926714,8.310500000,5.573286,0,10.219905,5.000000,14
1020,250,1.346993,59782,8.316937188,8.325500000,8.562812,0,10.219905,5.000000,14
1021,250,1.466734,59782,8.328570963,8.331500000,2.929037,1,1.466734,5.000000,14
1022,250,1.278421,59782,8.339280188,8.342000000,2.719812,1,1.278421,5.000000,14
1024,250,1.037673,59782,8.350436846,8.353000000,2.563154,1,1.037673,5.000000,14
1026,250,0.963516,59782,8.361049759,8.364000000,2.950241,1,0.963516,5.000000,14
1028,250,0.861650,59782,8.374246476,8.377000000,2.753524,1,0.861650,5.000000,14
1030,250,0.341449,59782,8.384956158,8.387500000,2.543842,1,0.341449,5.000000,14
1031,250,0.488968,59782,8.398666234,8.411000000,12.333766,0,10.219905,5.000000,14
1032,250,0.295235,59782,8.410157682,8.413000000,2.842318,1,0.295235,5.000000,14
1035,250,0.189406,59782,8.423124179,8.426000000,2.875821,1,0.189406,5.000000,14
1037,250,0.210382,59782,8.433871992,8.436500000,2.628008,1,0.210382,5.000000,14
1038,250,0.199253,59782,8.445564134,8.448500000,2.935866,1,0.199253,5.000000,14
1039,250,0.218554,59782,8.455667425,8.459000000,3.332575,1,0.218554,5.000000,14
1040,250,0.206155,59782,8.468733182,8.471500000,2.766818,1,0.206155,5.000000,14
1042,250,0.214770,59782,8.479691376,8.482500000,2.808624,1,0.214770,5.000000,14
1043,250,0.194691,59782,8.490311314,8.493000000,2.688686,1,0.194691,5.000000,14
1045,250,0.197302,59782,8.502687418,8.516500000,13.812582,0,10.219905,5.000000,14
1046,250,0.161471,59782,8.513276613,8.519500000,6.223387,0,10.219905,5.000000,14
1049,250,0.162052,59782,8.525324478,8.530000000,4.675522,1,0.162052,5.000000,14
1051,250,0.215099,59782,8.537282295,8.541000000,3.717705,1,0.215099,5.000000,14
1052,250,0.215568,59782,8.547462616,8.550000000,2.537384,1,0.215568,5.000000,14
1053,250,0.235569,59782,8.561433418,8.564000000,2.566582,1,0.235569,5.000000,14
1054,250,0.244833,59782,8.571719778,8.575500000,3.780222,1,0.244833,5.000000,14
1057,250,0.317172,59782,8.583815055,8.586500000,2.684945,1,0.317172,5.000000,14
1058,250,0.642188,59782,8.594283545,8.597000000,2.716455,1,0.642188,5.000000,14
1059,250,0.553697,59782,8.609679288,8.619500000,9.820712,0,10.219905,5.000000,14
1060,250,0.604370,59782,8.619750560,8.622500000,2.749440,1,0.604370,5.000000,14
1062,250,0.441121,59782,8.629704691,8.641000000,11.295309,0,10.219905,5.000000,14
1063,250,0.468510,59782,8.641628914,8.645000000,3.371086,1,0.468510,5.000000,14
1064,250,0.408280,59782,8.652329820,8.657000000,4.670180,1,0.408280,5.000000,14
1065,250,0.377688,59782,8.662483245,8.666000000,3.516755,1,0.377688,5.000000,14
1066,250,0.390112,59782,8.672395205,8.677000000,4.604795,1,0.390112,5.000000,14
1067,250,0.327951,59782,8.685906910,8.689000000,3.093090,1,0.327951,5.000000,14
1069,250,0.453451,59782,8.698661719,8.705000000,6.338281,0,10.219905,5.000000,14
1070,250,0.388188,59782,8.709324739,8.712500000,3.175261,1,0.388188,5.000000,14
1071,250,0.373811,59782,8.721075460,8.724500000,3.424540,1,0.373811,5.000000,14
1072,250,0.290284,59782,8.731267373,8.734500000,3.232627,1,0.290284,5.000000,14
1074,250,0.227025,59782,8.743085282,8.746000000,2.914718,1,0.227025,5.000000,14
1076,250,0.238699,59782,8.754513686,8.757500000,2.986314,1,0.238699,5.000000,14
1077,250,0.288156,59782,8.765231292,8.768500000,3.268708,1,0.288156,5.000000,14
1078,250,0.278297,59782,8.776707170,8.779500000,2.792830,1,0.278297,5.000000,14
1079,250,0.264814,59782,8.789651468,8.793000000,3.348532,1,0.264814,5.000000,14
1081,250,0.249681,59782,8.800260304,8.806000000,5.739696,0,10.219905,5.000000,14
1082,250,0.211447,59782,8.812015911,8.815000000,2.984089,1,0.211447,5.000000,14
1085,250,0.362400,59782,8.824885096,8.827500000,2.614904,1,0.362400,5.000000,14
1086,250,0.409387,59782,8.835977159,8.839000000,3.022841,1,0.409387,5.000000,14
1087,250,0.337087,59782,8.845921062,8.848500000,2.578938,1,0.337087,5.000000,14
1088,250,0.306380,59782,8.857655260,8.860500000,2.844740,1,0.306380,5.000000,14
1090,250,0.307929,59782,8.868085512,8.871000000,2.914488,1,0.307929,5.000000,14
1092,250,0.399552,59782,8.879366758,8.882000000,2.633242,1,0.399552,5.000000,14
1093,250,0.352648,59782,8.890668603,8.896500000,5.831397,0,10.219905,5.000000,14
1095,250,0.503371,59782,8.902322205,8.911000000,8.677795,0,10.219905,5.000000,14
1096,250,0.433808,59782,8.914876285,8.919000000,4.123715,1,0.433808,5.000000,14
1098,250,0.311328,59782,8.924841911,8.927500000,2.658089,1,0.311328,5.000000,14
1101,250,0.213284,59782,8.938539596,8.941500000,2.960404,1,0.213284,5.000000,14
1104,250,0.324583,59782,8.950185826,8.953500000,3.314174,1,0.324583,5.000000,14
1106,250,0.587931,59782,8.964241751,8.970000000,5.758249,0,10.219905,5.000000,14
1107,250,0.872752,59782,8.977323135,8.980500000,3.176865,1,0.872752,5.000000,14
1108,250,1.266296,59782,8.989423492,8.992000000,2.576508,1,1.266296,5.000000,14
1109,250,0.707933,59782,8.999702737,9.004000000,4.297263,1,0.707933,5.000000,14
1111,250,0.716493,59782,9.009702154,9.013500000,3.797846,1,0.716493,5.000000,14
1112,250,0.774486,59782,9.020090887,9.023000000,2.909113,1,0.774486,5.000000,14
1115,250,0.725721,59782,9.031028900,9.034500000,3.471100,1,0.725721,5.000000,14
1118,250,0.756413,59782,9.042440511,9.045000000,2.559489,1,0.756413,5.000000,14
1119,250,0.918065,59782,9.053717599,9.057000000,3.282401,1,0.918065,5.000000,14
1120,250,1.402891,59782,9.065935473,9.068500000,2.564527,1,1.402891,5.000000,14
1121,250,0.890807,59782,9.076584126,9.079500000,2.915874,1,0.890807,5.000000,14
1122,250,1.307373,59782,9.088491044,9.092500000,4.008956,1,1.307373,5.000000,14
1123,250,0.800302,59782,9.101077750,9.115500000,14.422250,0,10.219905,5.000000,14
1126,250,0.883040,59782,9.113799605,9.116500000,2.700395,1,0.883040,5.000000,14
1129,250,1.751080,59782,9.124888564,9.127500000,2.611436,1,1.751080,5.000000,14
1130,250,1.826438,59782,9.135068951,9.139000000,3.931049,1,1.826438,5.000000,14
1131,250,1.200130,59782,9.146922497,9.150000000,3.077503,1,1.200130,5.000000,14
1132,250,1.228336,59782,9.157102873,9.160000000,2.897127,1,1.228336,5.000000,14
1133,250,0.969393,59782,9.170110818,9.173000000,2.889182,1,0.969393,5.000000,14
1134,250,0.975542,59782,9.181226973,9.184000000,2.773027,1,0.975542,5.000000,14
1136,250,0.778591,59782,9.191568484,9.194500000,2.931516,1,0.778591,5.000000,14
1138,250,0.966842,59782,9.201706586,9.207500000,5.793414,0,10.219905,5.000000,14
1139,250,1.706933,59782,9.213051052,9.216000000,2.948948,1,1.706933,5.000000,14
1140,250,1.380219,59782,9.223802354,9.227000000,3.197646,1,1.380219,5.000000,14
1141,250,1.586274,59782,9.234307314,9.237000000,2.692686,1,1.586274,5.000000,14
1142,250,1.303912,59782,9.246096711,9.249000000,2.903289,1,1.303912,5.000000,14
1143,250,1.262086,59782,9.259032535,9.262000000,2.967465,1,1.262086,5.000000,14
1144,250,0.884336,59782,9.269287676,9.272000000,2.712324,1,0.884336,5.000000,14
1145,250,0.891217,59782,9.280193241,9.283000000,2.806759,1,0.891217,5.000000,14
1147,250,0.803969,59782,9.290686588,9.293500000,2.813412,1,0.803969,5.000000,14
1148,250,0.396452,59782,9.301633412,9.308500000,6.866588,0,10.219905,5.000000,14
1150,250,0.465942,59782,9.311912837,9.315500000,3.587163,1,0.465942,5.000000,14
1152,250,0.767568,59782,9.323308657,9.326000000,2.691343,1,0.767568,5.000000,14
1153,250,0.927112,59782,9.334570297,9.337500000,2.929703,1,0.927112,5.000000,14
1154,250,0.856443,59782,9.345489125,9.348500000,3.010875,1,0.856443,5.000000,14
1155,250,0.888379,59782,9.357495401,9.361500000,4.004599,1,0.888379,5.000000,14
1156,250,0.874406,59782,9.367938985,9.370500000,2.561015,1,0.874406,5.000000,14
1157,250,0.730927,59782,9.380220506,9.384000000,3.779494,1,0.730927,5.000000,14
1158,250,0.747129,59782,9.390839602,9.393500000,2.660398,1,0.747129,5.000000,14
1159,250,0.554700,59782,9.400805186,9.413000000,12.194814,0,10.219905,5.000000,14
1160,250,0.421974,59782,9.412045542,9.416000000,3.954458,1,0.421974,5.000000,14
1162,250,0.295304,59782,9.423773108,9.427500000,3.726892,1,0.295304,5.000000,14
1164,250,0.267616,59782,9.434105154,9.437000000,2.894846,1,0.267616,5.000000,14
1166,250,0.439425,59782,9.446574653,9.449500000,2.925347,1,0.439425,5.000000,14
1167,250,0.504057,59782,9.458184593,9.461000000,2.815407,1,0.504057,5.000000,14
1168,250,0.446987,59782,9.471079505,9.475000000,3.920495,1,0.446987,5.000000,14
1169,250,0.498833,59782,9.482455841,9.485500000,3.044159,1,0.498833,5.000000,14
1170,250,0.574042,59782,9.492774168,9.495500000,2.725832,1,0.574042,5.000000,14
1172,250,0.482393,59782,9.514238184,9.584000000,69.761816,0,10.219905,5.000000,14
1174,250,0.366352,59782,9.525700726,9.584000000,58.299274,0,10.219905,5.000000,14
1175,250,0.336275,59782,9.536929504,9.584000000,47.070496,0,10.219905,5.000000,14
1176,250,0.351463,59782,9.547261582,9.584000000,36.738418,0,10.219905,5.000000,14
1180,250,0.257542,59782,9.559372602,9.584000000,24.627398,0,10.219905,5.000000,14
1181,250,0.275689,59782,9.569642651,9.584000000,14.357349,0,10.219905,5.000000,14
1182,250,0.323362,59782,9.580650313,9.584000000,3.349687,1,0.323362,5.000000,14
1183,250,0.273251,59782,9.590641951,9.594000000,3.358049,1,0.273251,5.000000,14
1184,250,0.238283,59782,9.602864036,9.613000000,10.135964,0,10.219905,5.000000,14
1188,250,0.277958,59782,9.613946640,9.619000000,5.053360,0,10.219905,5.000000,14
1191,250,0.320559,59782,9.625231642,9.628000000,2.768358,1,0.320559,5.000000,14
1192,250,0.309313,59782,9.635770969,9.639000000,3.229031,1,0.309313,5.000000,14
1193,250,0.281729,59782,9.647292685,9.656000000,8.707315,0,10.219905,5.000000,14
1197,250,0.759480,59782,9.657185948,9.662000000,4.814052,1,0.759480,5.000000,14
1198,250,0.802102,59782,9.667559586,9.670500000,2.940414,1,0.802102,5.000000,14
1199,250,0.827584,59782,9.680822055,9.683500000,2.677945,1,0.827584,5.000000,14
1201,250,0.919912,59782,9.692740536,9.695500000,2.759464,1,0.919912,5.000000,14
1203,250,1.021580,59782,9.713404498,9.797500000,84.095502,0,10.219905,5.000000,14
1204,250,1.053012,59782,9.723556290,9.797500000,73.943710,0,10.219905,5.000000,14
1205,250,1.022000,59782,9.736081847,9.797500000,61.418153,0,10.219905,5.000000,14
1206,250,0.659886,59782,9.746095626,9.797500000,51.404374,0,10.219905,5.000000,14
1209,250,0.636687,59782,9.756906102,9.797500000,40.593898,0,10.219905,5.000000,14
1212,250,1.088162,59782,9.769511689,9.797500000,27.988311,0,10.219905,5.000000,14
1214,250,1.010912,59782,9.783372761,9.797500000,14.127239,0,10.219905,5.000000,14
1215,250,0.971887,59782,9.794640356,9.798500000,3.859644,1,0.971887,5.000000,14
1217,250,0.907417,59782,9.806082747,9.814000000,7.917253,0,10.219905,5.000000,14
1218,250,1.103049,59782,9.820042294,9.824000000,3.957706,1,1.103049,5.000000,14
1219,250,1.209627,59782,9.831361872,9.834000000,2.638128,1,1.209627,5.000000,14
1221,250,0.844288,59782,9.841347861,9.844000000,2.652139,1,0.844288,5.000000,14
1223,250,0.864381,59782,9.853739253,9.856500000,2.760747,1,0.864381,5.000000,14
1224,250,0.931477,59782,9.864436173,9.870000000,5.563827,0,10.219905,5.000000,14
1226,250,1.007668,59782,9.875302719,9.880000000,4.697281,1,1.007668,5.000000,14
1227,250,1.202809,59782,9.886306483,9.889000000,2.693517,1,1.202809,5.000000,14
1228,250,1.426298,59782,9.897672484,9.904500000,6.827516,0,10.219905,5.000000,11
1230,250,0.990509,59782,9.907599698,9.921500000,13.900302,0,10.219905,5.000000,11
1231,250,0.605920,59782,9.917510693,9.923000000,5.489307,0,10.219905,5.000000,11
1232,250,0.669631,59782,9.928814078,9.936000000,7.185922,0,10.219905,5.000000,11
1233,250,0.474132,59782,9.941020779,9.948000000,6.979221,0,10.219905,5.000000,11
1235,250,0.365342,59782,9.953036631,9.961500000,8.463369,0,10.219905,5.000000,11
1236,250,0.337948,59782,9.963635907,9.970000000,6.364093,0,10.219905,5.000000,11
1237,250,0.347277,59782,9.975402296,9.979000000,3.597704,1,0.347277,5.000000,11
1238,250,0.297171,59782,9.986514144,9.990500000,3.985856,1,0.297171,5.000000,11
1239,250,0.254116,59782,9.996637466,10.008000000,11.362534,0,10.219905,5.000000,13
1240,250,0.257169,59782,10.009790575,10.017500000,7.709425,0,10.219905,5.000000,13
1243,250,0.240702,59782,10.024811845,10.028000000,3.188155,1,0.240702,5.000000,13
1244,250,0.213515,59782,10.037016075,10.042500000,5.483925,0,10.219905,5.000000,13
1245,250,0.237220,59782,10.052309604,10.055500000,3.190396,1,0.237220,5.000000,13
1246,250,0.264447,59782,10.062404682,10.067000000,4.595318,1,0.264447,5.000000,13
1248,250,0.248260,59782,10.072970410,10.076500000,3.529590,1,0.248260,5.000000,13
1249,250,0.262924,59782,10.084905951,10.088000000,3.094048,1,0.262924,5.000000,13
1250,250,0.231944,59782,10.099153427,10.105000000,5.846573,0,10.219905,5.000000,13
1254,250,0.226378,59782,10.121226004,10.168500000,47.273996,0,10.219905,5.000000,13
1256,250,0.254197,59782,10.132390268,10.168500000,36.109732,0,10.219905,5.000000,13
1257,250,0.263053,59782,10.143085902,10.168500000,25.414098,0,10.219905,5.000000,13
1258,250,0.303572,59782,10.153909840,10.168500000,14.590160,0,10.219905,5.000000,13
1260,250,0.314732,59782,10.164591571,10.169000000,4.408429,1,0.314732,5.000000,13
1261,250,0.378031,59782,10.174513493,10.181000000,6.486507,0,10.219905,5.000000,13
1262,250,0.328038,59782,10.186863537,10.191500000,4.636463,1,0.328038,5.000000,13
1263,250,0.321137,59782,10.196969479,10.201000000,4.030521,1,0.321137,5.000000,13
1265,250,0.300557,59782,10.208504571,10.217500000,8.995429,0,10.219905,5.000000,13
1266,250,0.317018,59782,10.218690319,10.222000000,3.309681,1,0.317018,5.000000,13
1267,250,0.359613,59782,10.229434836,10.233500000,4.065164,1,0.359613,5.000000,13
1268,250,0.297783,59782,10.241031823,10.248000000,6.968177,0,10.219905,5.000000,13
1271,250,0.249204,59782,10.252600839,10.256000000,3.399161,1,0.249204,5.000000,13
1272,250,0.314221,59782,10.264556209,10.270500000,5.943791,0,10.219905,5.000000,13
1273,250,0.352058,59782,10.276026347,10.279500000,3.473653,1,0.352058,5.000000,13
1274,250,0.323046,59782,10.287923384,10.296500000,8.576616,0,10.219905,5.000000,13
1275,250,0.340509,59782,10.300449375,10.311000000,10.550625,0,10.219905,5.000000,13
1276,250,0.387314,59782,10.311867172,10.315000000,3.132828,1,0.387314,5.000000,13
1277,250,0.363180,59782,10.323964687,10.329000000,5.035313,0,10.219905,5.000000,13
1279,250,0.363911,59782,10.335292016,10.338500000,3.207984,1,0.363911,5.000000,13
1280,250,0.346905,59782,10.345671511,10.349000000,3.328489,1,0.346905,5.000000,13
1281,250,0.326071,59782,10.356325951,10.361500000,5.174049,0,10.219905,5.000000,13
1282,250,0.379648,59782,10.366865087,10.370000000,3.134913,1,0.379648,5.000000,13
1283,250,0.326893,59782,10.378761489,10.382000000,3.238511,1,0.326893,5.000000,13
1284,250,0.315650,59782,10.389272771,10.392500000,3.227229,1,0.315650,5.000000,13
1286,250,0.314218,59782,10.399914748,10.412500000,12.585252,0,10.219905,5.000000,14
1288,250,0.349641,59782,10.421979083,10.494000000,72.020917,0,10.219905,5.000000,14
1290,250,0.341840,59782,10.432337706,10.494000000,61.662294,0,10.219905,5.000000,14
1291,250,0.378635,59782,10.444388831,10.494000000,49.611169,0,10.219905,5.000000,14
1292,250,0.333015,59782,10.456511694,10.494000000,37.488306,0,10.219905,5.000000,14
1294,250,0.377237,59782,10.467290794,10.494000000,26.709206,0,10.219905,5.000000,14
1295,250,0.352276,59782,10.478951732,10.494000000,15.048268,0,10.219905,5.000000,14
1296,250,0.336513,59782,10.490849919,10.497500000,6.650081,0,10.219905,5.000000,14
1297,250,0.398472,59782,10.501738178,10.513500000,11.761822,0,10.219905,5.000000,14
1298,250,0.350134,59782,10.512828923,10.516000000,3.171077,1,0.350134,5.000000,14
1300,250,0.329973,59782,10.524178170,10.527000000,2.821830,1,0.329973,5.000000,14
1301,250,0.305019,59782,10.536812902,10.539500000,2.687098,1,0.305019,5.000000,14
1303,250,0.326040,59782,10.547043767,10.550000000,2.956233,1,0.326040,5.000000,14
1304,250,0.300275,59782,10.559682776,10.568000000,8.317224,0,10.219905,5.000000,14
1305,250,0.296425,59782,10.574005912,10.577000000,2.994088,1,0.296425,5.000000,14
1306,250,0.351279,59782,10.584496093,10.587500000,3.003907,1,0.351279,5.000000,14
1308,250,0.343292,59782,10.597014003,10.600000000,2.985997,1,0.343292,5.000000,14
1311,250,0.382945,59782,10.619063575,10.695500000,76.436425,0,10.219905,5.000000,14
1312,250,0.433344,59782,10.633579125,10.695500000,61.920875,0,10.219905,5.000000,14
1313,250,0.405077,59782,10.644233907,10.695500000,51.266093,0,10.219905,5.000000,14
1314,250,0.417412,59782,10.656507207,10.695500000,38.992793,0,10.219905,5.000000,14
1315,250,0.458974,59782,10.666964453,10.695500000,28.535547,0,10.219905,5.000000,14
1316,250,0.413681,59782,10.679095390,10.695500000,16.404610,0,10.219905,5.000000,14
1318,250,0.401267,59782,10.691770814,10.695500000,3.729186,1,0.401267,5.000000,14
1319,250,0.403874,59782,10.701666356,10.707000000,5.333644,0,10.219905,5.000000,14
1320,250,0.356878,59782,10.711704200,10.717000000,5.295800,0,10.219905,5.000000,14
1321,250,0.382766,59782,10.723642669,10.726500000,2.857331,1,0.382766,5.000000,14
1323,250,0.354094,59782,10.733760517,10.736500000,2.739483,1,0.354094,5.000000,14
1324,250,0.397959,59782,10.743748657,10.749000000,5.251343,0,10.219905,5.000000,14
1326,250,0.404947,59782,10.754195993,10.757000000,2.804007,1,0.404947,5.000000,14
1327,250,0.430785,59782,10.767054354,10.770000000,2.945646,1,0.430785,5.000000,14
1328,250,0.378681,59782,10.777307064,10.781000000,3.692936,1,0.378681,5.000000,14
1329,250,0.360729,59782,10.791461842,10.795000000,3.538158,1,0.360729,5.000000,14
1331,250,0.318722,59782,10.802787827,10.812500000,9.712173,0,10.219905,5.000000,14
1332,250,0.299649,59782,10.813517504,10.817000000,3.482496,1,0.299649,5.000000,14
1334,250,0.264993,59782,10.824667309,10.828000000,3.332691,1,0.264993,5.000000,14
1335,250,0.230543,59782,10.837041261,10.843000000,5.958739,0,10.219905,5.000000,14
1339,250,0.392596,59782,10.848745643,10.853000000,4.254357,1,0.392596,5.000000,14
1340,250,0.449313,59782,10.859506804,10.863000000,3.493196,1,0.449313,5.000000,14
1341,250,0.719506,59782,10.869515756,10.875500000,5.984244,0,10.219905,5.000000,14
1342,250,0.751007,59782,10.884082295,10.887500000,3.417705,1,0.751007,5.000000,14
1343,250,0.680690,59782,10.894162193,10.897500000,3.337807,1,0.680690,5.000000,14
1345,250,0.828633,59782,10.915626789,10.966000000,50.373211,0,10.219905,5.000000,14
1346,250,0.813109,59782,10.926447040,10.966000000,39.552960,0,10.219905,5.000000,14
1347,250,0.805849,59782,10.938774312,10.966000000,27.225688,0,10.219905,5.000000,14
1348,250,0.972894,59782,10.950075672,10.966000000,15.924328,0,10.219905,5.000000,14
1349,250,0.991251,59782,10.962589424,10.966000000,3.410576,1,0.991251,5.000000,14
1353,250,0.544582,59782,10.973912173,10.977000000,3.087827,1,0.544582,5.000000,14
1354,250,0.728053,59782,10.988161902,10.991500000,3.338098,1,0.728053,5.000000,14
1358,250,0.568823,59782,10.998486360,11.004500000,6.013640,0,10.219905,5.000000,14
1359,250,1.070501,59782,11.008658501,11.017500000,8.841499,0,10.219905,5.000000,14
1361,250,1.258644,59782,11.018950450,11.021500000,2.549550,1,1.258644,5.000000,14
1362,250,1.379734,59782,11.029312815,11.032500000,3.187185,1,1.379734,5.000000,14
1363,250,1.441547,59782,11.040391354,11.044500000,4.108646,1,1.441547,5.000000,14
1365,250,0.878285,59782,11.053897736,11.056500000,2.602264,1,0.878285,5.000000,14
1367,250,0.870287,59782,11.064671178,11.067500000,2.828822,1,0.870287,5.000000,14
1369,250,0.790472,59782,11.077115529,11.080000000,2.884471,1,0.790472,5.000000,14
1371,250,1.796595,59782,11.087780858,11.091500000,3.719142,1,1.796595,5.000000,14
1372,250,2.228744,59782,11.098542291,11.110500000,11.957709,0,10.219905,5.000000,14
1373,250,1.491899,59782,11.108890935,11.112500000,3.609065,1,1.491899,5.000000,14
1375,250,1.251966,59782,11.122565078,11.127000000,4.434922,1,1.251966,5.000000,14
1381,250,1.863063,59782,11.133235113,11.136000000,2.764887,1,1.863063,5.000000,14
1382,250,1.119911,59782,11.144997011,11.148500000,3.502989,1,1.119911,5.000000,14
1383,250,1.403727,59782,11.154989350,11.158000000,3.010650,1,1.403727,5.000000,14
1384,250,1.539215,59782,11.165627572,11.169000000,3.372428,1,1.539215,5.000000,14
1385,250,1.160874,59782,11.176548574,11.179500000,2.951426,1,1.160874,5.000000,14
1386,250,1.370568,59782,11.187032100,11.190500000,3.467900,1,1.370568,5.000000,14
1388,250,1.203875,59782,11.202078352,11.207500000,5.421648,0,10.219905,5.000000,14
1389,250,1.387959,59782,11.212282639,11.217000000,4.717361,1,1.387959,5.000000,14
1390,250,1.455077,59782,11.222819054,11.225500000,2.680946,1,1.455077,5.000000,14
1391,250,1.060285,59782,11.233938515,11.236500000,2.561485,1,1.060285,5.000000,14
1392,250,0.984453,59782,11.244135198,11.247500000,3.364802,1,0.984453,5.000000,14
1393,250,0.981403,59782,11.254343364,11.257000000,2.656636,1,0.981403,5.000000,14
1394,250,0.773109,59782,11.264342974,11.267000000,2.657026,1,0.773109,5.000000,14
1396,250,0.367771,59782,11.276943386,11.279500000,2.556614,1,0.367771,5.000000,14
1397,250,0.345193,59782,11.287337126,11.291500000,4.162874,1,0.345193,5.000000,14
1399,250,0.389980,59782,11.299764899,11.314500000,14.735101,0,10.219905,5.000000,14
1400,250,2.597886,59782,11.309864231,11.318500000,8.635769,0,10.219905,5.000000,14
1401,250,1.934247,59782,11.320337209,11.326000000,5.662791,0,10.219905,5.000000,14
1402,250,1.434616,59782,11.330944179,11.334500000,3.555821,1,1.434616,5.000000,14
1403,250,1.305569,59782,11.342867478,11.345500000,2.632522,1,1.305569,5.000000,14
1407,250,1.049317,59782,11.355034600,11.358000000,2.965400,1,1.049317,5.000000,14
1408,250,1.237734,59782,11.365425033,11.368000000,2.574967,1,1.237734,5.000000,14
1409,250,1.170582,59782,11.376645705,11.381000000,4.354295,1,1.170582,5.000000,14
1411,250,1.175158,59782,11.388805551,11.393500000,4.694449,1,1.175158,5.000000,14
1412,250,1.405800,59782,11.398817454,11.407500000,8.682546,0,10.219905,5.000000,13
1413,250,1.211207,59782,11.409863839,11.413500000,3.636161,1,1.211207,5.000000,13
1415,250,1.254153,59782,11.420690960,11.424000000,3.309040,1,1.254153,5.000000,13
1416,250,1.181110,59782,11.433413680,11.438500000,5.086320,0,10.219905,5.000000,13
1417,250,0.846604,59782,11.444414580,11.449500000,5.085420,0,10.219905,5.000000,13
1420,250,1.199240,59782,11.456360696,11.468000000,11.639304,0,10.219905,5.000000,13
1423,250,1.362948,59782,11.466624237,11.470000000,3.375763,1,1.362948,5.000000,13
1424,250,1.763517,59782,11.478280680,11.484000000,5.719320,0,10.219905,5.000000,13
1425,250,1.342186,59782,11.488258189,11.491500000,3.241811,1,1.342186,5.000000,13
1426,250,0.970982,59782,11.499930282,11.506500000,6.569718,0,10.219905,5.000000,13
18,0,0,0,0,0,-1,0,10.219905,5.000000,0
23,0,0,0,0,0,-1,0,10.219905,5.000000,0
25,0,0,0,0,0,-1,0,10.219905,5.000000,0
29,0,0,0,0,0,-1,0,10.219905,5.000000,0
30,0,0,0,0,0,-1,0,10.219905,5.000000,0
43,0,0,0,0,0,-1,0,10.219905,5.000000,0
44,0,0,0,0,0,-1,0,10.219905,5.000000,0
48,0,0,0,0,0,-1,0,10.219905,5.000000,0
49,0,0,0,0,0,-1,0,10.219905,5.000000,0
50,0,0,0,0,0,-1,0,10.219905,5.000000,0
51,0,0,0,0,0,-1,0,10.219905,5.000000,0
56,0,0,0,0,0,-1,0,10.219905,5.000000,0
57,0,0,0,0,0,-1,0,10.219905,5.000000,0
60,0,0,0,0,0,-1,0,10.219905,5.000000,0
61,0,0,0,0,0,-1,0,10.219905,5.000000,0
65,0,0,0,0,0,-1,0,10.219905,5.000000,0
67,0,0,0,0,0,-1,0,10.219905,5.000000,0
69,0,0,0,0,0,-1,0,10.219905,5.000000,0
70,0,0,0,0,0,-1,0,10.219905,5.000000,0
73,0,0,0,0,0,-1,0,10.219905,5.000000,0
76,0,0,0,0,0,-1,0,10.219905,5.000000,0
84,0,0,0,0,0,-1,0,10.219905,5.000000,0
93,0,0,0,0,0,-1,0,10.219905,5.000000,0
96,0,0,0,0,0,-1,0,10.219905,5.000000,0
99,0,0,0,0,0,-1,0,10.219905,5.000000,0
100,0,0,0,0,0,-1,0,10.219905,5.000000,0
107,0,0,0,0,0,-1,0,10.219905,5.000000,0
109,0,0,0,0,0,-1,0,10.219905,5.000000,0
111,0,0,0,0,0,-1,0,10.219905,5.000000,0
118,0,0,0,0,0,-1,0,10.219905,5.000000,0
120,0,0,0,0,0,-1,0,10.219905,5.000000,0
123,0,0,0,0,0,-1,0,10.219905,5.000000,0
124,0,0,0,0,0,-1,0,10.219905,5.000000,0
128,0,0,0,0,0,-1,0,10.219905,5.000000,0
134,0,0,0,0,0,-1,0,10.219905,5.000000,0
135,0,0,0,0,0,-1,0,10.219905,5.000000,0
141,0,0,0,0,0,-1,0,10.219905,5.000000,0
149,0,0,0,0,0,-1,0,10.219905,5.000000,0
151,0,0,0,0,0,-1,0,10.219905,5.000000,0
157,0,0,0,0,0,-1,0,10.219905,5.000000,0
158,0,0,0,0,0,-1,0,10.219905,5.000000,0
163,0,0,0,0,0,-1,0,10.219905,5.000000,0
166,0,0,0,0,0,-1,0,10.219905,5.000000,0
168,0,0,0,0,0,-1,0,10.219905,5.000000,0
170,0,0,0,0,0,-1,0,10.219905,5.000000,0
173,0,0,0,0,0,-1,0,10.219905,5.000000,0
174,0,0,0,0,0,-1,0,10.219905,5.000000,0
175,0,0,0,0,0,-1,0,10.219905,5.000000,0
177,0,0,0,0,0,-1,0,10.219905,5.000000,0
178,0,0,0,0,0,-1,0,10.219905,5.000000,0
179,0,0,0,0,0,-1,0,10.219905,5.000000,0
184,0,0,0,0,0,-1,0,10.219905,5.000000,0
185,0,0,0,0,0,-1,0,10.219905,5.000000,0
188,0,0,0,0,0,-1,0,10.219905,5.000000,0
192,0,0,0,0,0,-1,0,10.219905,5.000000,0
194,0,0,0,0,0,-1,0,10.219905,5.000000,0
196,0,0,0,0,0,-1,0,10.219905,5.000000,0
198,0,0,0,0,0,-1,0,10.219905,5.000000,0
199,0,0,0,0,0,-1,0,10.219905,5.000000,0
203,0,0,0,0,0,-1,0,10.219905,5.000000,0
208,0,0,0,0,0,-1,0,10.219905,5.000000,0
210,0,0,0,0,0,-1,0,10.219905,5.000000,0
211,0,0,0,0,0,-1,0,10.219905,5.000000,0
212,0,0,0,0,0,-1,0,10.219905,5.000000,0
218,0,0,0,0,0,-1,0,10.219905,5.000000,0
219,0,0,0,0,0,-1,0,10.219905,5.000000,0
220,0,0,0,0,0,-1,0,10.219905,5.000000,0
221,0,0,0,0,0,-1,0,10.219905,5.000000,0
225,0,0,0,0,0,-1,0,10.219905,5.000000,0
229,0,0,0,0,0,-1,0,10.219905,5.000000,0
230,0,0,0,0,0,-1,0,10.219905,5.000000,0
231,0,0,0,0,0,-1,0,10.219905,5.000000,0
233,0,0,0,0,0,-1,0,10.219905,5.000000,0
237,0,0,0,0,0,-1,0,10.219905,5.000000,0
239,0,0,0,0,0,-1,0,10.219905,5.000000,0
240,0,0,0,0,0,-1,0,10.219905,5.000000,0
246,0,0,0,0,0,-1,0,10.219905,5.000000,0
247,0,0,0,0,0,-1,0,10.219905,5.000000,0
251,0,0,0,0,0,-1,0,10.219905,5.000000,0
252,0,0,0,0,0,-1,0,10.219905,5.000000,0
253,0,0,0,0,0,-1,0,10.219905,5.000000,0
254,0,0,0,0,0,-1,0,10.219905,5.000000,0
257,0,0,0,0,0,-1,0,10.219905,5.000000,0
259,0,0,0,0,0,-1,0,10.219905,5.000000,0
261,0,0,0,0,0,-1,0,10.219905,5.000000,0
266,0,0,0,0,0,-1,0,10.219905,5.000000,0
275,0,0,0,0,0,-1,0,10.219905,5.000000,0
278,0,0,0,0,0,-1,0,10.219905,5.000000,0
279,0,0,0,0,0,-1,0,10.219905,5.000000,0
281,0,0,0,0,0,-1,0,10.219905,5.000000,0
282,0,0,0,0,0,-1,0,10.219905,5.000000,0
283,0,0,0,0,0,-1,0,10.219905,5.000000,0
286,0,0,0,0,0,-1,0,10.219905,5.000000,0
289,0,0,0,0,0,-1,0,10.219905,5.000000,0
290,0,0,0,0,0,-1,0,10.219905,5.000000,0
291,0,0,0,0,0,-1,0,10.219905,5.000000,0
296,0,0,0,0,0,-1,0,10.219905,5.000000,0
297,0,0,0,0,0,-1,0,10.219905,5.000000,0
298,0,0,0,0,0,-1,0,10.219905,5.000000,0
299,0,0,0,0,0,-1,0,10.219905,5.000000,0
303,0,0,0,0,0,-1,0,10.219905,5.000000,0
307,0,0,0,0,0,-1,0,10.219905,5.000000,0
315,0,0,0,0,0,-1,0,10.219905,5.000000,0
318,0,0,0,0,0,-1,0,10.219905,5.000000,0
321,0,0,0,0,0,-1,0,10.219905,5.000000,0
322,0,0,0,0,0,-1,0,10.219905,5.000000,0
324,0,0,0,0,0,-1,0,10.219905,5.000000,0
331,0,0,0,0,0,-1,0,10.219905,5.000000,0
332,0,0,0,0,0,-1,0,10.219905,5.000000,0
340,0,0,0,0,0,-1,0,10.219905,5.000000,0
342,0,0,0,0,0,-1,0,10.219905,5.000000,0
344,0,0,0,0,0,-1,0,10.219905,5.000000,0
347,0,0,0,0,0,-1,0,10.219905,5.000000,0
350,0,0,0,0,0,-1,0,10.219905,5.000000,0
353,0,0,0,0,0,-1,0,10.219905,5.000000,0
354,0,0,0,0,0,-1,0,10.219905,5.000000,0
360,0,0,0,0,0,-1,0,10.219905,5.000000,0
361,0,0,0,0,0,-1,0,10.219905,5.000000,0
366,0,0,0,0,0,-1,0,10.219905,5.000000,0
367,0,0,0,0,0,-1,0,10.219905,5.000000,0
368,0,0,0,0,0,-1,0,10.219905,5.000000,0
374,0,0,0,0,0,-1,0,10.219905,5.000000,0
383,0,0,0,0,0,-1,0,10.219905,5.000000,0
387,0,0,0,0,0,-1,0,10.219905,5.000000,0
393,0,0,0,0,0,-1,0,10.219905,5.000000,0
402,0,0,0,0,0,-1,0,10.219905,5.000000,0
406,0,0,0,0,0,-1,0,10.219905,5.000000,0
407,0,0,0,0,0,-1,0,10.219905,5.000000,0
408,0,0,0,0,0,-1,0,10.219905,5.000000,0
410,0,0,0,0,0,-1,0,10.219905,5.000000,0
411,0,0,0,0,0,-1,0,10.219905,5.000000,0
414,0,0,0,0,0,-1,0,10.219905,5.000000,0
416,0,0,0,0,0,-1,0,10.219905,5.000000,0
418,0,0,0,0,0,-1,0,10.219905,5.000000,0
420,0,0,0,0,0,-1,0,10.219905,5.000000,0
422,0,0,0,0,0,-1,0,10.219905,5.000000,0
423,0,0,0,0,0,-1,0,10.219905,5.000000,0
426,0,0,0,0,0,-1,0,10.219905,5.000000,0
430,0,0,0,0,0,-1,0,10.219905,5.000000,0
432,0,0,0,0,0,-1,0,10.219905,5.000000,0
433,0,0,0,0,0,-1,0,10.219905,5.000000,0
435,0,0,0,0,0,-1,0,10.219905,5.000000,0
436,0,0,0,0,0,-1,0,10.219905,5.000000,0
438,0,0,0,0,0,-1,0,10.219905,5.000000,0
440,0,0,0,0,0,-1,0,10.219905,5.000000,0
443,0,0,0,0,0,-1,0,10.219905,5.000000,0
445,0,0,0,0,0,-1,0,10.219905,5.000000,0
450,0,0,0,0,0,-1,0,10.219905,5.000000,0
457,0,0,0,0,0,-1,0,10.219905,5.000000,0
461,0,0,0,0,0,-1,0,10.219905,5.000000,0
463,0,0,0,0,0,-1,0,10.219905,5.000000,0
464,0,0,0,0,0,-1,0,10.219905,5.000000,0
471,0,0,0,0,0,-1,0,10.219905,5.000000,0
472,0,0,0,0,0,-1,0,10.219905,5.000000,0
478,0,0,0,0,0,-1,0,10.219905,5.000000,0
479,0,0,0,0,0,-1,0,10.219905,5.000000,0
480,0,0,0,0,0,-1,0,10.219905,5.000000,0
482,0,0,0,0,0,-1,0,10.219905,5.000000,0
485,0,0,0,0,0,-1,0,10.219905,5.000000,0
486,0,0,0,0,0,-1,0,10.219905,5.000000,0
489,0,0,0,0,0,-1,0,10.219905,5.000000,0
495,0,0,0,0,0,-1,0,10.219905,5.000000,0
497,0,0,0,0,0,-1,0,10.219905,5.000000,0
498,0,0,0,0,0,-1,0,10.219905,5.000000,0
507,0,0,0,0,0,-1,0,10.219905,5.000000,0
508,0,0,0,0,0,-1,0,10.219905,5.000000,0
509,0,0,0,0,0,-1,0,10.219905,5.000000,0
511,0,0,0,0,0,-1,0,10.219905,5.000000,0
518,0,0,0,0,0,-1,0,10.219905,5.000000,0
521,0,0,0,0,0,-1,0,10.219905,5.000000,0
522,0,0,0,0,0,-1,0,10.219905,5.000000,0
527,0,0,0,0,0,-1,0,10.219905,5.000000,0
528,0,0,0,0,0,-1,0,10.219905,5.000000,0
529,0,0,0,0,0,-1,0,10.219905,5.000000,0
530,0,0,0,0,0,-1,0,10.219905,5.000000,0
532,0,0,0,0,0,-1,0,10.219905,5.000000,0
544,0,0,0,0,0,-1,0,10.219905,5.000000,0
554,0,0,0,0,0,-1,0,10.219905,5.000000,0
555,0,0,0,0,0,-1,0,10.219905,5.000000,0
564,0,0,0,0,0,-1,0,10.219905,5.000000,0
565,0,0,0,0,0,-1,0,10.219905,5.000000,0
567,0,0,0,0,0,-1,0,10.219905,5.000000,0
568,0,0,0,0,0,-1,0,10.219905,5.000000,0
572,0,0,0,0,0,-1,0,10.219905,5.000000,0
575,0,0,0,0,0,-1,0,10.219905,5.000000,0
581,0,0,0,0,0,-1,0,10.219905,5.000000,0
582,0,0,0,0,0,-1,0,10.219905,5.000000,0
596,0,0,0,0,0,-1,0,10.219905,5.000000,0
598,0,0,0,0,0,-1,0,10.219905,5.000000,0
599,0,0,0,0,0,-1,0,10.219905,5.000000,0
601,0,0,0,0,0,-1,0,10.219905,5.000000,0
602,0,0,0,0,0,-1,0,10.219905,5.000000,0
605,0,0,0,0,0,-1,0,10.219905,5.000000,0
607,0,0,0,0,0,-1,0,10.219905,5.000000,0
610,0,0,0,0,0,-1,0,10.219905,5.000000,0
611,0,0,0,0,0,-1,0,10.219905,5.000000,0
613,0,0,0,0,0,-1,0,10.219905,5.000000,0
617,0,0,0,0,0,-1,0,10.219905,5.000000,0
618,0,0,0,0,0,-1,0,10.219905,5.000000,0
620,0,0,0,0,0,-1,0,10.219905,5.000000,0
621,0,0,0,0,0,-1,0,10.219905,5.000000,0
624,0,0,0,0,0,-1,0,10.219905,5.000000,0
629,0,0,0,0,0,-1,0,10.219905,5.000000,0
632,0,0,0,0,0,-1,0,10.219905,5.000000,0
636,0,0,0,0,0,-1,0,10.219905,5.000000,0
637,0,0,0,0,0,-1,0,10.219905,5.000000,0
643,0,0,0,0,0,-1,0,10.219905,5.000000,0
647,0,0,0,0,0,-1,0,10.219905,5.000000,0
649,0,0,0,0,0,-1,0,10.219905,5.000000,0
650,0,0,0,0,0,-1,0,10.219905,5.000000,0
651,0,0,0,0,0,-1,0,10.219905,5.000000,0
654,0,0,0,0,0,-1,0,10.219905,5.000000,0
657,0,0,0,0,0,-1,0,10.219905,5.000000,0
661,0,0,0,0,0,-1,0,10.219905,5.000000,0
662,0,0,0,0,0,-1,0,10.219905,5.000000,0
668,0,0,0,0,0,-1,0,10.219905,5.000000,0
670,0,0,0,0,0,-1,0,10.219905,5.000000,0
678,0,0,0,0,0,-1,0,10.219905,5.000000,0
679,0,0,0,0,0,-1,0,10.219905,5.000000,0
680,0,0,0,0,0,-1,0,10.219905,5.000000,0
685,0,0,0,0,0,-1,0,10.219905,5.000000,0
693,0,0,0,0,0,-1,0,10.219905,5.000000,0
694,0,0,0,0,0,-1,0,10.219905,5.000000,0
695,0,0,0,0,0,-1,0,10.219905,5.000000,0
700,0,0,0,0,0,-1,0,10.219905,5.000000,0
705,0,0,0,0,0,-1,0,10.219905,5.000000,0
707,0,0,0,0,0,-1,0,10.219905,5.000000,0
715,0,0,0,0,0,-1,0,10.219905,5.000000,0
719,0,0,0,0,0,-1,0,10.219905,5.000000,0
722,0,0,0,0,0,-1,0,10.219905,5.000000,0
723,0,0,0,0,0,-1,0,10.219905,5.000000,0
725,0,0,0,0,0,-1,0,10.219905,5.000000,0
726,0,0,0,0,0,-1,0,10.219905,5.000000,0
727,0,0,0,0,0,-1,0,10.219905,5.000000,0
728,0,0,0,0,0,-1,0,10.219905,5.000000,0
729,0,0,0,0,0,-1,0,10.219905,5.000000,0
730,0,0,0,0,0,-1,0,10.219905,5.000000,0
731,0,0,0,0,0,-1,0,10.219905,5.000000,0
732,0,0,0,0,0,-1,0,10.219905,5.000000,0
733,0,0,0,0,0,-1,0,10.219905,5.000000,0
734,0,0,0,0,0,-1,0,10.219905,5.000000,0
735,0,0,0,0,0,-1,0,10.219905,5.000000,0
736,0,0,0,0,0,-1,0,10.219905,5.000000,0
737,0,0,0,0,0,-1,0,10.219905,5.000000,0
738,0,0,0,0,0,-1,0,10.219905,5.000000,0
739,0,0,0,0,0,-1,0,10.219905,5.000000,0
740,0,0,0,0,0,-1,0,10.219905,5.000000,0
741,0,0,0,0,0,-1,0,10.219905,5.000000,0
742,0,0,0,0,0,-1,0,10.219905,5.000000,0
743,0,0,0,0,0,-1,0,10.219905,5.000000,0
744,0,0,0,0,0,-1,0,10.219905,5.000000,0
745,0,0,0,0,0,-1,0,10.219905,5.000000,0
746,0,0,0,0,0,-1,0,10.219905,5.000000,0
747,0,0,0,0,0,-1,0,10.219905,5.000000,0
748,0,0,0,0,0,-1,0,10.219905,5.000000,0
750,0,0,0,0,0,-1,0,10.219905,5.000000,0
751,0,0,0,0,0,-1,0,10.219905,5.000000,0
752,0,0,0,0,0,-1,0,10.219905,5.000000,0
753,0,0,0,0,0,-1,0,10.219905,5.000000,0
754,0,0,0,0,0,-1,0,10.219905,5.000000,0
755,0,0,0,0,0,-1,0,10.219905,5.000000,0
756,0,0,0,0,0,-1,0,10.219905,5.000000,0
757,0,0,0,0,0,-1,0,10.219905,5.000000,0
758,0,0,0,0,0,-1,0,10.219905,5.000000,0
759,0,0,0,0,0,-1,0,10.219905,5.000000,0
760,0,0,0,0,0,-1,0,10.219905,5.000000,0
761,0,0,0,0,0,-1,0,10.219905,5.000000,0
762,0,0,0,0,0,-1,0,10.219905,5.000000,0
763,0,0,0,0,0,-1,0,10.219905,5.000000,0
764,0,0,0,0,0,-1,0,10.219905,5.000000,0
765,0,0,0,0,0,-1,0,10.219905,5.000000,0
766,0,0,0,0,0,-1,0,10.219905,5.000000,0
767,0,0,0,0,0,-1,0,10.219905,5.000000,0
768,0,0,0,0,0,-1,0,10.219905,5.000000,0
769,0,0,0,0,0,-1,0,10.219905,5.000000,0
771,0,0,0,0,0,-1,0,10.219905,5.000000,0
772,0,0,0,0,0,-1,0,10.219905,5.000000,0
773,0,0,0,0,0,-1,0,10.219905,5.000000,0
774,0,0,0,0,0,-1,0,10.219905,5.000000,0
775,0,0,0,0,0,-1,0,10.219905,5.000000,0
776,0,0,0,0,0,-1,0,10.219905,5.000000,0
777,0,0,0,0,0,-1,0,10.219905,5.000000,0
778,0,0,0,0,0,-1,0,10.219905,5.000000,0
779,0,0,0,0,0,-1,0,10.219905,5.000000,0
780,0,0,0,0,0,-1,0,10.219905,5.000000,0
781,0,0,0,0,0,-1,0,10.219905,5.000000,0
782,0,0,0,0,0,-1,0,10.219905,5.000000,0
783,0,0,0,0,0,-1,0,10.219905,5.000000,0
784,0,0,0,0,0,-1,0,10.219905,5.000000,0
785,0,0,0,0,0,-1,0,10.219905,5.000000,0
786,0,0,0,0,0,-1,0,10.219905,5.000000,0
787,0,0,0,0,0,-1,0,10.219905,5.000000,0
788,0,0,0,0,0,-1,0,10.219905,5.000000,0
789,0,0,0,0,0,-1,0,10.219905,5.000000,0
790,0,0,0,0,0,-1,0,10.219905,5.000000,0
791,0,0,0,0,0,-1,0,10.219905,5.000000,0
792,0,0,0,0,0,-1,0,10.219905,5.000000,0
793,0,0,0,0,0,-1,0,10.219905,5.000000,0
794,0,0,0,0,0,-1,0,10.219905,5.000000,0
795,0,0,0,0,0,-1,0,10.219905,5.000000,0
796,0,0,0,0,0,-1,0,10.219905,5.000000,0
797,0,0,0,0,0,-1,0,10.219905,5.000000,0
798,0,0,0,0,0,-1,0,10.219905,5.000000,0
799,0,0,0,0,0,-1,0,10.219905,5.000000,0
800,0,0,0,0,0,-1,0,10.219905,5.000000,0
801,0,0,0,0,0,-1,0,10.219905,5.000000,0
802,0,0,0,0,0,-1,0,10.219905,5.000000,0
803,0,0,0,0,0,-1,0,10.219905,5.000000,0
804,0,0,0,0,0,-1,0,10.219905,5.000000,0
805,0,0,0,0,0,-1,0,10.219905,5.000000,0
806,0,0,0,0,0,-1,0,10.219905,5.000000,0
807,0,0,0,0,0,-1,0,10.219905,5.000000,0
808,0,0,0,0,0,-1,0,10.219905,5.000000,0
809,0,0,0,0,0,-1,0,10.219905,5.000000,0
810,0,0,0,0,0,-1,0,10.219905,5.000000,0
811,0,0,0,0,0,-1,0,10.219905,5.000000,0
812,0,0,0,0,0,-1,0,10.219905,5.000000,0
813,0,0,0,0,0,-1,0,10.219905,5.000000,0
814,0,0,0,0,0,-1,0,10.219905,5.000000,0
815,0,0,0,0,0,-1,0,10.219905,5.000000,0
816,0,0,0,0,0,-1,0,10.219905,5.000000,0
817,0,0,0,0,0,-1,0,10.219905,5.000000,0
818,0,0,0,0,0,-1,0,10.219905,5.000000,0
819,0,0,0,0,0,-1,0,10.219905,5.000000,0
820,0,0,0,0,0,-1,0,10.219905,5.000000,0
821,0,0,0,0,0,-1,0,10.219905,5.000000,0
822,0,0,0,0,0,-1,0,10.219905,5.000000,0
823,0,0,0,0,0,-1,0,10.219905,5.000000,0
824,0,0,0,0,0,-1,0,10.219905,5.000000,0
825,0,0,0,0,0,-1,0,10.219905,5.000000,0
826,0,0,0,0,0,-1,0,10.219905,5.000000,0
827,0,0,0,0,0,-1,0,10.219905,5.000000,0
828,0,0,0,0,0,-1,0,10.219905,5.000000,0
829,0,0,0,0,0,-1,0,10.219905,5.000000,0
830,0,0,0,0,0,-1,0,10.219905,5.000000,0
831,0,0,0,0,0,-1,0,10.219905,5.000000,0
832,0,0,0,0,0,-1,0,10.219905,5.000000,0
833,0,0,0,0,0,-1,0,10.219905,5.000000,0
834,0,0,0,0,0,-1,0,10.219905,5.000000,0
835,0,0,0,0,0,-1,0,10.219905,5.000000,0
836,0,0,0,0,0,-1,0,10.219905,5.000000,0
837,0,0,0,0,0,-1,0,10.219905,5.000000,0
838,0,0,0,0,0,-1,0,10.219905,5.000000,0
839,0,0,0,0,0,-1,0,10.219905,5.000000,0
840,0,0,0,0,0,-1,0,10.219905,5.000000,0
841,0,0,0,0,0,-1,0,10.219905,5.000000,0
842,0,0,0,0,0,-1,0,10.219905,5.000000,0
843,0,0,0,0,0,-1,0,10.219905,5.000000,0
844,0,0,0,0,0,-1,0,10.219905,5.000000,0
845,0,0,0,0,0,-1,0,10.219905,5.000000,0
846,0,0,0,0,0,-1,0,10.219905,5.000000,0
847,0,0,0,0,0,-1,0,10.219905,5.000000,0
848,0,0,0,0,0,-1,0,10.219905,5.000000,0
849,0,0,0,0,0,-1,0,10.219905,5.000000,0
850,0,0,0,0,0,-1,0,10.219905,5.000000,0
851,0,0,0,0,0,-1,0,10.219905,5.000000,0
852,0,0,0,0,0,-1,0,10.219905,5.000000,0
853,0,0,0,0,0,-1,0,10.219905,5.000000,0
854,0,0,0,0,0,-1,0,10.219905,5.000000,0
855,0,0,0,0,0,-1,0,10.219905,5.000000,0
856,0,0,0,0,0,-1,0,10.219905,5.000000,0
857,0,0,0,0,0,-1,0,10.219905,5.000000,0
858,0,0,0,0,0,-1,0,10.219905,5.000000,0
859,0,0,0,0,0,-1,0,10.219905,5.000000,0
860,0,0,0,0,0,-1,0,10.219905,5.000000,0
861,0,0,0,0,0,-1,0,10.219905,5.000000,0
862,0,0,0,0,0,-1,0,10.219905,5.000000,0
863,0,0,0,0,0,-1,0,10.219905,5.000000,0
864,0,0,0,0,0,-1,0,10.219905,5.000000,0
865,0,0,0,0,0,-1,0,10.219905,5.000000,0
866,0,0,0,0,0,-1,0,10.219905,5.000000,0
867,0,0,0,0,0,-1,0,10.219905,5.000000,0
868,0,0,0,0,0,-1,0,10.219905,5.000000,0
869,0,0,0,0,0,-1,0,10.219905,5.000000,0
870,0,0,0,0,0,-1,0,10.219905,5.000000,0
871,0,0,0,0,0,-1,0,10.219905,5.000000,0
872,0,0,0,0,0,-1,0,10.219905,5.000000,0
873,0,0,0,0,0,-1,0,10.219905,5.000000,0
874,0,0,0,0,0,-1,0,10.219905,5.000000,0
875,0,0,0,0,0,-1,0,10.219905,5.000000,0
876,0,0,0,0,0,-1,0,10.219905,5.000000,0
879,0,0,0,0,0,-1,0,10.219905,5.000000,0
881,0,0,0,0,0,-1,0,10.219905,5.000000,0
888,0,0,0,0,0,-1,0,10.219905,5.000000,0
889,0,0,0,0,0,-1,0,10.219905,5.000000,0
890,0,0,0,0,0,-1,0,10.219905,5.000000,0
900,0,0,0,0,0,-1,0,10.219905,5.000000,0
902,0,0,0,0,0,-1,0,10.219905,5.000000,0
903,0,0,0,0,0,-1,0,10.219905,5.000000,0
907,0,0,0,0,0,-1,0,10.219905,5.000000,0
911,0,0,0,0,0,-1,0,10.219905,5.000000,0
912,0,0,0,0,0,-1,0,10.219905,5.000000,0
916,0,0,0,0,0,-1,0,10.219905,5.000000,0
923,0,0,0,0,0,-1,0,10.219905,5.000000,0
929,0,0,0,0,0,-1,0,10.219905,5.000000,0
930,0,0,0,0,0,-1,0,10.219905,5.000000,0
931,0,0,0,0,0,-1,0,10.219905,5.000000,0
937,0,0,0,0,0,-1,0,10.219905,5.000000,0
940,0,0,0,0,0,-1,0,10.219905,5.000000,0
941,0,0,0,0,0,-1,0,10.219905,5.000000,0
942,0,0,0,0,0,-1,0,10.219905,5.000000,0
945,0,0,0,0,0,-1,0,10.219905,5.000000,0
949,0,0,0,0,0,-1,0,10.219905,5.000000,0
952,0,0,0,0,0,-1,0,10.219905,5.000000,0
962,0,0,0,0,0,-1,0,10.219905,5.000000,0
964,0,0,0,0,0,-1,0,10.219905,5.000000,0
965,0,0,0,0,0,-1,0,10.219905,5.000000,0
969,0,0,0,0,0,-1,0,10.219905,5.000000,0
973,0,0,0,0,0,-1,0,10.219905,5.000000,0
974,0,0,0,0,0,-1,0,10.219905,5.000000,0
976,0,0,0,0,0,-1,0,10.219905,5.000000,0
979,0,0,0,0,0,-1,0,10.219905,5.000000,0
985,0,0,0,0,0,-1,0,10.219905,5.000000,0
986,0,0,0,0,0,-1,0,10.219905,5.000000,0
990,0,0,0,0,0,-1,0,10.219905,5.000000,0
1001,0,0,0,0,0,-1,0,10.219905,5.000000,0
1004,0,0,0,0,0,-1,0,10.219905,5.000000,0
1005,0,0,0,0,0,-1,0,10.219905,5.000000,0
1010,0,0,0,0,0,-1,0,10.219905,5.000000,0
1014,0,0,0,0,0,-1,0,10.219905,5.000000,0
1017,0,0,0,0,0,-1,0,10.219905,5.000000,0
1023,0,0,0,0,0,-1,0,10.219905,5.000000,0
1025,0,0,0,0,0,-1,0,10.219905,5.000000,0
1027,0,0,0,0,0,-1,0,10.219905,5.000000,0
1029,0,0,0,0,0,-1,0,10.219905,5.000000,0
1033,0,0,0,0,0,-1,0,10.219905,5.000000,0
1034,0,0,0,0,0,-1,0,10.219905,5.000000,0
1036,0,0,0,0,0,-1,0,10.219905,5.000000,0
1041,0,0,0,0,0,-1,0,10.219905,5.000000,0
1044,0,0,0,0,0,-1,0,10.219905,5.000000,0
1047,0,0,0,0,0,-1,0,10.219905,5.000000,0
1048,0,0,0,0,0,-1,0,10.219905,5.000000,0
1050,0,0,0,0,0,-1,0,10.219905,5.000000,0
1055,0,0,0,0,0,-1,0,10.219905,5.000000,0
1056,0,0,0,0,0,-1,0,10.219905,5.000000,0
1061,0,0,0,0,0,-1,0,10.219905,5.000000,0
1068,0,0,0,0,0,-1,0,10.219905,5.000000,0
1073,0,0,0,0,0,-1,0,10.219905,5.000000,0
1075,0,0,0,0,0,-1,0,10.219905,5.000000,0
1080,0,0,0,0,0,-1,0,10.219905,5.000000,0
1083,0,0,0,0,0,-1,0,10.219905,5.000000,0
1084,0,0,0,0,0,-1,0,10.219905,5.000000,0
1089,0,0,0,0,0,-1,0,10.219905,5.000000,0
1091,0,0,0,0,0,-1,0,10.219905,5.000000,0
1094,0,0,0,0,0,-1,0,10.219905,5.000000,0
1097,0,0,0,0,0,-1,0,10.219905,5.000000,0
1099,0,0,0,0,0,-1,0,10.219905,5.000000,0
1100,0,0,0,0,0,-1,0,10.219905,5.000000,0
1102,0,0,0,0,0,-1,0,10.219905,5.000000,0
1103,0,0,0,0,0,-1,0,10.219905,5.000000,0
1105,0,0,0,0,0,-1,0,10.219905,5.000000,0
1110,0,0,0,0,0,-1,0,10.219905,5.000000,0
1113,0,0,0,0,0,-1,0,10.219905,5.000000,0
1114,0,0,0,0,0,-1,0,10.219905,5.000000,0
1116,0,0,0,0,0,-1,0,10.219905,5.000000,0
1117,0,0,0,0,0,-1,0,10.219905,5.000000,0
1124,0,0,0,0,0,-1,0,10.219905,5.000000,0
1125,0,0,0,0,0,-1,0,10.219905,5.000000,0
1127,0,0,0,0,0,-1,0,10.219905,5.000000,0
1128,0,0,0,0,0,-1,0,10.219905,5.000000,0
1135,0,0,0,0,0,-1,0,10.219905,5.000000,0
1137,0,0,0,0,0,-1,0,10.219905,5.000000,0
1146,0,0,0,0,0,-1,0,10.219905,5.000000,0
1149,0,0,0,0,0,-1,0,10.219905,5.000000,0
1151,0,0,0,0,0,-1,0,10.219905,5.000000,0
1161,0,0,0,0,0,-1,0,10.219905,5.000000,0
1163,0,0,0,0,0,-1,0,10.219905,5.000000,0
1165,0,0,0,0,0,-1,0,10.219905,5.000000,0
1171,0,0,0,0,0,-1,0,10.219905,5.000000,0
1173,0,0,0,0,0,-1,0,10.219905,5.000000,0
1177,0,0,0,0,0,-1,0,10.219905,5.000000,0
1178,0,0,0,0,0,-1,0,10.219905,5.000000,0
1179,0,0,0,0,0,-1,0,10.219905,5.000000,0
1185,0,0,0,0,0,-1,0,10.219905,5.000000,0
1186,0,0,0,0,0,-1,0,10.219905,5.000000,0
1187,0,0,0,0,0,-1,0,10.219905,5.000000,0
1189,0,0,0,0,0,-1,0,10.219905,5.000000,0
1190,0,0,0,0,0,-1,0,10.219905,5.000000,0
1194,0,0,0,0,0,-1,0,10.219905,5.000000,0
1195,0,0,0,0,0,-1,0,10.219905,5.000000,0
1196,0,0,0,0,0,-1,0,10.219905,5.000000,0
1200,0,0,0,0,0,-1,0,10.219905,5.000000,0
1202,0,0,0,0,0,-1,0,10.219905,5.000000,0
1207,0,0,0,0,0,-1,0,10.219905,5.000000,0
1208,0,0,0,0,0,-1,0,10.219905,5.000000,0
1210,0,0,0,0,0,-1,0,10.219905,5.000000,0
1211,0,0,0,0,0,-1,0,10.219905,5.000000,0
1213,0,0,0,0,0,-1,0,10.219905,5.000000,0
1216,0,0,0,0,0,-1,0,10.219905,5.000000,0
1220,0,0,0,0,0,-1,0,10.219905,5.000000,0
1222,0,0,0,0,0,-1,0,10.219905,5.000000,0
1225,0,0,0,0,0,-1,0,10.219905,5.000000,0
1229,0,0,0,0,0,-1,0,10.219905,5.000000,0
1234,0,0,0,0,0,-1,0,10.219905,5.000000,0
1241,0,0,0,0,0,-1,0,10.219905,5.000000,0
1242,0,0,0,0,0,-1,0,10.219905,5.000000,0
1247,0,0,0,0,0,-1,0,10.219905,5.000000,0
1251,0,0,0,0,0,-1,0,10.219905,5.000000,0
1252,0,0,0,0,0,-1,0,10.219905,5.000000,0
1253,0,0,0,0,0,-1,0,10.219905,5.000000,0
1255,0,0,0,0,0,-1,0,10.219905,5.000000,0
1259,0,0,0,0,0,-1,0,10.219905,5.000000,0
1264,0,0,0,0,0,-1,0,10.219905,5.000000,0
1269,0,0,0,0,0,-1,0,10.219905,5.000000,0
1270,0,0,0,0,0,-1,0,10.219905,5.000000,0
1278,0,0,0,0,0,-1,0,10.219905,5.000000,0
1285,0,0,0,0,0,-1,0,10.219905,5.000000,0
1287,0,0,0,0,0,-1,0,10.219905,5.000000,0
1289,0,0,0,0,0,-1,0,10.219905,5.000000,0
1293,0,0,0,0,0,-1,0,10.219905,5.000000,0
1299,0,0,0,0,0,-1,0,10.219905,5.000000,0
1302,0,0,0,0,0,-1,0,10.219905,5.000000,0
1307,0,0,0,0,0,-1,0,10.219905,5.000000,0
1309,0,0,0,0,0,-1,0,10.219905,5.000000,0
1310,0,0,0,0,0,-1,0,10.219905,5.000000,0
1317,0,0,0,0,0,-1,0,10.219905,5.000000,0
1322,0,0,0,0,0,-1,0,10.219905,5.000000,0
1325,0,0,0,0,0,-1,0,10.219905,5.000000,0
1330,0,0,0,0,0,-1,0,10.219905,5.000000,0
1333,0,0,0,0,0,-1,0,10.219905,5.000000,0
1336,0,0,0,0,0,-1,0,10.219905,5.000000,0
1337,0,0,0,0,0,-1,0,10.219905,5.000000,0
1338,0,0,0,0,0,-1,0,10.219905,5.000000,0
1344,0,0,0,0,0,-1,0,10.219905,5.000000,0
1350,0,0,0,0,0,-1,0,10.219905,5.000000,0
1351,0,0,0,0,0,-1,0,10.219905,5.000000,0
1352,0,0,0,0,0,-1,0,10.219905,5.000000,0
1355,0,0,0,0,0,-1,0,10.219905,5.000000,0
1356,0,0,0,0,0,-1,0,10.219905,5.000000,0
1357,0,0,0,0,0,-1,0,10.219905,5.000000,0
1360,0,0,0,0,0,-1,0,10.219905,5.000000,0
1364,0,0,0,0,0,-1,0,10.219905,5.000000,0
1366,0,0,0,0,0,-1,0,10.219905,5.000000,0
1368,0,0,0,0,0,-1,0,10.219905,5.000000,0
1370,0,0,0,0,0,-1,0,10.219905,5.000000,0
1374,0,0,0,0,0,-1,0,10.219905,5.000000,0
1376,0,0,0,0,0,-1,0,10.219905,5.000000,0
1377,0,0,0,0,0,-1,0,10.219905,5.000000,0
1378,0,0,0,0,0,-1,0,10.219905,5.000000,0
1379,0,0,0,0,0,-1,0,10.219905,5.000000,0
1380,0,0,0,0,0,-1,0,10.219905,5.000000,0
1387,0,0,0,0,0,-1,0,10.219905,5.000000,0
1395,0,0,0,0,0,-1,0,10.219905,5.000000,0
1398,0,0,0,0,0,-1,0,10.219905,5.000000,0
1404,0,0,0,0,0,-1,0,10.219905,5.000000,0
1405,0,0,0,0,0,-1,0,10.219905,5.000000,0
1406,0,0,0,0,0,-1,0,10.219905,5.000000,0
1410,0,0,0,0,0,-1,0,10.219905,5.000000,0
1414,0,0,0,0,0,-1,0,10.219905,5.000000,0
1418,0,0,0,0,0,-1,0,10.219905,5.000000,0
1419,0,0,0,0,0,-1,0,10.219905,5.000000,0
1421,0,0,0,0,0,-1,0,10.219905,5.000000,0
1422,0,0,0,0,0,-1,0,10.219905,5.000000,0
1427,0,0,0,0,0,-1,0,10.219905,5.000000,0
1428,0,0,0,0,0,-1,0,10.219905,5.000000,0
1429,0,0,0,0,0,-1,0,10.219905,5.000000,0
1430,0,0,0,0,0,-1,0,10.219905,5.000000,0
1431,0,0,0,0,0,-1,0,10.219905,5.000000,0
1432,0,0,0,0,0,-1,0,10.219905,5.000000,0
1433,0,0,0,0,0,-1,0,10.219905,5.000000,0
1434,0,0,0,0,0,-1,0,10.219905,5.000000,0
1435,0,0,0,0,0,-1,0,10.219905,5.000000,0
1436,0,0,0,0,0,-1,0,10.219905,5.000000,0
1437,0,0,0,0,0,-1,0,10.219905,5.000000,0
1438,0,0,0,0,0,-1,0,10.219905,5.000000,0
1439,0,0,0,0,0,-1,0,10.219905,5.000000,0
1440,0,0,0,0,0,-1,0,10.219905,5.000000,0
1441,0,0,0,0,0,-1,0,10.219905,5.000000,0
1442,0,0,0,0,0,-1,0,10.219905,5.000000,0
1443,0,0,0,0,0,-1,0,10.219905,5.000000,0
1444,0,0,0,0,0,-1,0,10.219905,5.000000,0
1445,0,0,0,0,0,-1,0,10.219905,5.000000,0
1446,0,0,0,0,0,-1,0,10.219905,5.000000,0
1447,0,0,0,0,0,-1,0,10.219905,5.000000,0
1448,0,0,0,0,0,-1,0,10.219905,5.000000,0
1449,0,0,0,0,0,-1,0,10.219905,5.000000,0
1450,0,0,0,0,0,-1,0,10.219905,5.000000,0
1451,0,0,0,0,0,-1,0,10.219905,5.000000,0
1452,0,0,0,0,0,-1,0,10.219905,5.000000,0
1453,0,0,0,0,0,-1,0,10.219905,5.000000,0
1454,0,0,0,0,0,-1,0,10.219905,5.000000,0
1455,0,0,0,0,0,-1,0,10.219905,5.000000,0
1456,0,0,0,0,0,-1,0,10.219905,5.000000,0
1457,0,0,0,0,0,-1,0,10.219905,5.000000,0
1458,0,0,0,0,0,-1,0,10.219905,5.000000,0
1459,0,0,0,0,0,-1,0,10.219905,5.000000,0
1460,0,0,0,0,0,-1,0,10.219905,5.000000,0
1461,0,0,0,0,0,-1,0,10.219905,5.000000,0
1462,0,0,0,0,0,-1,0,10.219905,5.000000,0
1463,0,0,0,0,0,-1,0,10.219905,5.000000,0
1464,0,0,0,0,0,-1,0,10.219905,5.000000,0
1465,0,0,0,0,0,-1,0,10.219905,5.000000,0
1466,0,0,0,0,0,-1,0,10.219905,5.000000,0
1467,0,0,0,0,0,-1,0,10.219905,5.000000,0
1468,0,0,0,0,0,-1,0,10.219905,5.000000,0
1469,0,0,0,0,0,-1,0,10.219905,5.000000,0
1470,0,0,0,0,0,-1,0,10.219905,5.000000,0
1471,0,0,0,0,0,-1,0,10.219905,5.000000,0
1472,0,0,0,0,0,-1,0,10.219905,5.000000,0
1473,0,0,0,0,0,-1,0,10.219905,5.000000,0
1474,0,0,0,0,0,-1,0,10.219905,5.000000,0
1475,0,0,0,0,0,-1,0,10.219905,5.000000,0
1476,0,0,0,0,0,-1,0,10.219905,5.000000,0
1477,0,0,0,0,0,-1,0,10.219905,5.000000,0
1478,0,0,0,0,0,-1,0,10.219905,5.000000,0
1479,0,0,0,0,0,-1,0,10.219905,5.000000,0
1480,0,0,0,0,0,-1,0,10.219905,5.000000,0
1481,0,0,0,0,0,-1,0,10.219905,5.000000,0
1482,0,0,0,0,0,-1,0,10.219905,5.000000,0
1483,0,0,0,0,0,-1,0,10.219905,5.000000,0
1484,0,0,0,0,0,-1,0,10.219905,5.000000,0
1485,0,0,0,0,0,-1,0,10.219905,5.000000,0
1486,0,0,0,0,0,-1,0,10.219905,5.000000,0
1487,0,0,0,0,0,-1,0,10.219905,5.000000,0
1488,0,0,0,0,0,-1,0,10.219905,5.000000,0
1489,0,0,0,0,0,-1,0,10.219905,5.000000,0
1490,0,0,0,0,0,-1,0,10.219905,5.000000,0
1491,0,0,0,0,0,-1,0,10.219905,5.000000,0
1492,0,0,0,0,0,-1,0,10.219905,5.000000,0
1493,0,0,0,0,0,-1,0,10.219905,5.000000,0
1494,0,0,0,0,0,-1,0,10.219905,5.000000,0
1495,0,0,0,0,0,-1,0,10.219905,5.000000,0
1496,0,0,0,0,0,-1,0,10.219905,5.000000,0
1497,0,0,0,0,0,-1,0,10.219905,5.000000,0
1498,0,0,0,0,0,-1,0,10.219905,5.000000,0
1499,0,0,0,0,0,-1,0,10.219905,5.000000,0
1500,0,0,0,0,0,-1,0,10.219905,5.000000,0
1501,0,0,0,0,0,-1,0,10.219905,5.000000,0
1502,0,0,0,0,0,-1,0,10.219905,5.000000,0
1503,0,0,0,0,0,-1,0,10.219905,5.000000,0
1504,0,0,0,0,0,-1,0,10.219905,5.000000,0
1505,0,0,0,0,0,-1,0,10.219905,5.000000,0
1506,0,0,0,0,0,-1,0,10.219905,5.000000,0
1507,0,0,0,0,0,-1,0,10.219905,5.000000,0
1508,0,0,0,0,0,-1,0,10.219905,5.000000,0
1509,0,0,0,0,0,-1,0,10.219905,5.000000,0
1510,0,0,0,0,0,-1,0,10.219905,5.000000,0
1511,0,0,0,0,0,-1,0,10.219905,5.000000,0
1512,0,0,0,0,0,-1,0,10.219905,5.000000,0
1513,0,0,0,0,0,-1,0,10.219905,5.000000,0
1514,0,0,0,0,0,-1,0,10.219905,5.000000,0
1515,0,0,0,0,0,-1,0,10.219905,5.000000,0
1516,0,0,0,0,0,-1,0,10.219905,5.000000,0
1517,0,0,0,0,0,-1,0,10.219905,5.000000,0
1518,0,0,0,0,0,-1,0,10.219905,5.000000,0
1519,0,0,0,0,0,-1,0,10.219905,5.000000,0
1520,0,0,0,0,0,-1,0,10.219905,5.000000,0
1521,0,0,0,0,0,-1,0,10.219905,5.000000,0
1522,0,0,0,0,0,-1,0,10.219905,5.000000,0
1523,0,0,0,0,0,-1,0,10.219905,5.000000,0
1524,0,0,0,0,0,-1,0,10.219905,5.000000,0
1525,0,0,0,0,0,-1,0,10.219905,5.000000,0
1526,0,0,0,0,0,-1,0,10.219905,5.000000,0
1527,0,0,0,0,0,-1,0,10.219905,5.000000,0
1528,0,0,0,0,0,-1,0,10.219905,5.000000,0
1529,0,0,0,0,0,-1,0,10.219905,5.000000,0
1530,0,0,0,0,0,-1,0,10.219905,5.000000,0
1531,0,0,0,0,0,-1,0,10.219905,5.000000,0
1532,0,0,0,0,0,-1,0,10.219905,5.000000,0
1533,0,0,0,0,0,-1,0,10.219905,5.000000,0
1534,0,0,0,0,0,-1,0,10.219905,5.000000,0
1535,0,0,0,0,0,-1,0,10.219905,5.000000,0
1536,0,0,0,0,0,-1,0,10.219905,5.000000,0
1537,0,0,0,0,0,-1,0,10.219905,5.000000,0
1538,0,0,0,0,0,-1,0,10.219905,5.000000,0
1539,0,0,0,0,0,-1,0,10.219905,5.000000,0
1540,0,0,0,0,0,-1,0,10.219905,5.000000,0
1541,0,0,0,0,0,-1,0,10.219905,5.000000,0
1542,0,0,0,0,0,-1,0,10.219905,5.000000,0
1543,0,0,0,0,0,-1,0,10.219905,5.000000,0
1544,0,0,0,0,0,-1,0,10.219905,5.000000,0
1545,0,0,0,0,0,-1,0,10.219905,5.000000,0
1546,0,0,0,0,0,-1,0,10.219905,5.000000,0
1547,0,0,0,0,0,-1,0,10.219905,5.000000,0
1548,0,0,0,0,0,-1,0,10.219905,5.000000,0
1549,0,0,0,0,0,-1,0,10.219905,5.000000,0
1550,0,0,0,0,0,-1,0,10.219905,5.000000,0
1551,0,0,0,0,0,-1,0,10.219905,5.000000,0
1552,0,0,0,0,0,-1,0,10.219905,5.000000,0
1553,0,0,0,0,0,-1,0,10.219905,5.000000,0
1554,0,0,0,0,0,-1,0,10.219905,5.000000,0
1555,0,0,0,0,0,-1,0,10.219905,5.000000,0
1556,0,0,0,0,0,-1,0,10.219905,5.000000,0
1557,0,0,0,0,0,-1,0,10.219905,5.000000,0
1558,0,0,0,0,0,-1,0,10.219905,5.000000,0
1559,0,0,0,0,0,-1,0,10.219905,5.000000,0
1560,0,0,0,0,0,-1,0,10.219905,5.000000,0
1561,0,0,0,0,0,-1,0,10.219905,5.000000,0
1562,0,0,0,0,0,-1,0,10.219905,5.000000,0
1563,0,0,0,0,0,-1,0,10.219905,5.000000,0
1564,0,0,0,0,0,-1,0,10.219905,5.000000,0
1565,0,0,0,0,0,-1,0,10.219905,5.000000,0
1566,0,0,0,0,0,-1,0,10.219905,5.000000,0
1567,0,0,0,0,0,-1,0,10.219905,5.000000,0
1568,0,0,0,0,0,-1,0,10.219905,5.000000,0
1569,0,0,0,0,0,-1,0,10.219905,5.000000,0
1570,0,0,0,0,0,-1,0,10.219905,5.000000,0
1571,0,0,0,0,0,-1,0,10.219905,5.000000,0
1572,0,0,0,0,0,-1,0,10.219905,5.000000,0
1573,0,0,0,0,0,-1,0,10.219905,5.000000,0
1574,0,0,0,0,0,-1,0,10.219905,5.000000,0
1575,0,0,0,0,0,-1,0,10.219905,5.000000,0
1576,0,0,0,0,0,-1,0,10.219905,5.000000,0
1577,0,0,0,0,0,-1,0,10.219905,5.000000,0
1578,0,0,0,0,0,-1,0,10.219905,5.000000,0
1579,0,0,0,0,0,-1,0,10.219905,5.000000,0
1580,0,0,0,0,0,-1,0,10.219905,5.000000,0
1581,0,0,0,0,0,-1,0,10.219905,5.000000,0
1582,0,0,0,0,0,-1,0,10.219905,5.000000,0
1583,0,0,0,0,0,-1,0,10.219905,5.000000,0
1584,0,0,0,0,0,-1,0,10.219905,5.000000,0
1585,0,0,0,0,0,-1,0,10.219905,5.000000,0
1586,0,0,0,0,0,-1,0,10.219905,5.000000,0
1587,0,0,0,0,0,-1,0,10.219905,5.000000,0
1588,0,0,0,0,0,-1,0,10.219905,5.000000,0
1589,0,0,0,0,0,-1,0,10.219905,5.000000,0
1590,0,0,0,0,0,-1,0,10.219905,5.000000,0
1591,0,0,0,0,0,-1,0,10.219905,5.000000,0
1592,0,0,0,0,0,-1,0,10.219905,5.000000,0
1593,0,0,0,0,0,-1,0,10.219905,5.000000,0
1594,0,0,0,0,0,-1,0,10.219905,5.000000,0
1595,0,0,0,0,0,-1,0,10.219905,5.000000,0
1596,0,0,0,0,0,-1,0,10.219905,5.000000,0
1597,0,0,0,0,0,-1,0,10.219905,5.000000,0
1598,0,0,0,0,0,-1,0,10.219905,5.000000,0
1599,0,0,0,0,0,-1,0,10.219905,5.000000,0
1600,0,0,0,0,0,-1,0,10.219905,5.000000,0
1601,0,0,0,0,0,-1,0,10.219905,5.000000,0
1602,0,0,0,0,0,-1,0,10.219905,5.000000,0
1603,0,0,0,0,0,-1,0,10.219905,5.000000,0
1604,0,0,0,0,0,-1,0,10.219905,5.000000,0
1605,0,0,0,0,0,-1,0,10.219905,5.000000,0
1606,0,0,0,0,0,-1,0,10.219905,5.000000,0
1607,0,0,0,0,0,-1,0,10.219905,5.000000,0
1608,0,0,0,0,0,-1,0,10.219905,5.000000,0
1609,0,0,0,0,0,-1,0,10.219905,5.000000,0
1610,0,0,0,0,0,-1,0,10.219905,5.000000,0
1611,0,0,0,0,0,-1,0,10.219905,5.000000,0
1612,0,0,0,0,0,-1,0,10.219905,5.000000,0
1613,0,0,0,0,0,-1,0,10.219905,5.000000,0
1614,0,0,0,0,0,-1,0,10.219905,5.000000,0
1615,0,0,0,0,0,-1,0,10.219905,5.000000,0
1616,0,0,0,0,0,-1,0,10.219905,5.000000,0
1617,0,0,0,0,0,-1,0,10.219905,5.000000,0
1618,0,0,0,0,0,-1,0,10.219905,5.000000,0
1619,0,0,0,0,0,-1,0,10.219905,5.000000,0
1620,0,0,0,0,0,-1,0,10.219905,5.000000,0
1621,0,0,0,0,0,-1,0,10.219905,5.000000,0
1622,0,0,0,0,0,-1,0,10.219905,5.000000,0
1623,0,0,0,0,0,-1,0,10.219905,5.000000,0
1624,0,0,0,0,0,-1,0,10.219905,5.000000,0
1625,0,0,0,0,0,-1,0,10.219905,5.000000,0
1626,0,0,0,0,0,-1,0,10.219905,5.000000,0
1627,0,0,0,0,0,-1,0,10.219905,5.000000,0
1628,0,0,0,0,0,-1,0,10.219905,5.000000,0
1629,0,0,0,0,0,-1,0,10.219905,5.000000,0
1630,0,0,0,0,0,-1,0,10.219905,5.000000,0
1631,0,0,0,0,0,-1,0,10.219905,5.000000,0
1632,0,0,0,0,0,-1,0,10.219905,5.000000,0
1633,0,0,0,0,0,-1,0,10.219905,5.000000,0
1634,0,0,0,0,0,-1,0,10.219905,5.000000,0
1635,0,0,0,0,0,-1,0,10.219905,5.000000,0
1636,0,0,0,0,0,-1,0,10.219905,5.000000,0
1637,0,0,0,0,0,-1,0,10.219905,5.000000,0
1638,0,0,0,0,0,-1,0,10.219905,5.000000,0
1639,0,0,0,0,0,-1,0,10.219905,5.000000,0
1640,0,0,0,0,0,-1,0,10.219905,5.000000,0
1641,0,0,0,0,0,-1,0,10.219905,5.000000,0
1642,0,0,0,0,0,-1,0,10.219905,5.000000,0
1643,0,0,0,0,0,-1,0,10.219905,5.000000,0
1644,0,0,0,0,0,-1,0,10.219905,5.000000,0
1645,0,0,0,0,0,-1,0,10.219905,5.000000,0
1646,0,0,0,0,0,-1,0,10.219905,5.000000,0
1647,0,0,0,0,0,-1,0,10.219905,5.000000,0
1648,0,0,0,0,0,-1,0,10.219905,5.000000,0
1649,0,0,0,0,0,-1,0,10.219905,5.000000,0
1650,0,0,0,0,0,-1,0,10.219905,5.000000,0
1651,0,0,0,0,0,-1,0,10.219905,5.000000,0
1652,0,0,0,0,0,-1,0,10.219905,5.000000,0
1653,0,0,0,0,0,-1,0,10.219905,5.000000,0
1654,0,0,0,0,0,-1,0,10.219905,5.000000,0
1655,0,0,0,0,0,-1,0,10.219905,5.000000,0
1656,0,0,0,0,0,-1,0,10.219905,5.000000,0
1657,0,0,0,0,0,-1,0,10.219905,5.000000,0
1658,0,0,0,0,0,-1,0,10.219905,5.000000,0
1659,0,0,0,0,0,-1,0,10.219905,5.000000,0
1660,0,0,0,0,0,-1,0,10.219905,5.000000,0
1661,0,0,0,0,0,-1,0,10.219905,5.000000,0
1662,0,0,0,0,0,-1,0,10.219905,5.000000,0
1663,0,0,0,0,0,-1,0,10.219905,5.000000,0
1664,0,0,0,0,0,-1,0,10.219905,5.000000,0
1665,0,0,0,0,0,-1,0,10.219905,5.000000,0
1666,0,0,0,0,0,-1,0,10.219905,5.000000,0
1667,0,0,0,0,0,-1,0,10.219905,5.000000,0
1668,0,0,0,0,0,-1,0,10.219905,5.000000,0
1669,0,0,0,0,0,-1,0,10.219905,5.000000,0
1670,0,0,0,0,0,-1,0,10.219905,5.000000,0
1671,0,0,0,0,0,-1,0,10.219905,5.000000,0
1672,0,0,0,0,0,-1,0,10.219905,5.000000,0
1673,0,0,0,0,0,-1,0,10.219905,5.000000,0
1674,0,0,0,0,0,-1,0,10.219905,5.000000,0
1675,0,0,0,0,0,-1,0,10.219905,5.000000,0
1676,0,0,0,0,0,-1,0,10.219905,5.000000,0
1677,0,0,0,0,0,-1,0,10.219905,5.000000,0
1678,0,0,0,0,0,-1,0,10.219905,5.000000,0
1679,0,0,0,0,0,-1,0,10.219905,5.000000,0
1680,0,0,0,0,0,-1,0,10.219905,5.000000,0
1681,0,0,0,0,0,-1,0,10.219905,5.000000,0
1682,0,0,0,0,0,-1,0,10.219905,5.000000,0
1683,0,0,0,0,0,-1,0,10.219905,5.000000,0
1684,0,0,0,0,0,-1,0,10.219905,5.000000,0
1685,0,0,0,0,0,-1,0,10.219905,5.000000,0
1686,0,0,0,0,0,-1,0,10.219905,5.000000,0
1687,0,0,0,0,0,-1,0,10.219905,5.000000,0
1688,0,0,0,0,0,-1,0,10.219905,5.000000,0
1689,0,0,0,0,0,-1,0,10.219905,5.000000,0
1690,0,0,0,0,0,-1,0,10.219905,5.000000,0
1691,0,0,0,0,0,-1,0,10.219905,5.000000,0
1692,0,0,0,0,0,-1,0,10.219905,5.000000,0
1693,0,0,0,0,0,-1,0,10.219905,5.000000,0
1694,0,0,0,0,0,-1,0,10.219905,5.000000,0
1695,0,0,0,0,0,-1,0,10.219905,5.000000,0
1696,0,0,0,0,0,-1,0,10.219905,5.000000,0
1697,0,0,0,0,0,-1,0,10.219905,5.000000,0
1698,0,0,0,0,0,-1,0,10.219905,5.000000,0
1699,0,0,0,0,0,-1,0,10.219905,5.000000,0
1700,0,0,0,0,0,-1,0,10.219905,5.000000,0
1701,0,0,0,0,0,-1,0,10.219905,5.000000,0
1702,0,0,0,0,0,-1,0,10.219905,5.000000,0
1703,0,0,0,0,0,-1,0,10.219905,5.000000,0
1704,0,0,0,0,0,-1,0,10.219905,5.000000,0
1705,0,0,0,0,0,-1,0,10.219905,5.000000,0
1706,0,0,0,0,0,-1,0,10.219905,5.000000,0
1707,0,0,0,0,0,-1,0,10.219905,5.000000,0
1708,0,0,0,0,0,-1,0,10.219905,5.000000,0
1709,0,0,0,0,0,-1,0,10.219905,5.000000,0
1710,0,0,0,0,0,-1,0,10.219905,5.000000,0
1711,0,0,0,0,0,-1,0,10.219905,5.000000,0
1712,0,0,0,0,0,-1,0,10.219905,5.000000,0
1713,0,0,0,0,0,-1,0,10.219905,5.000000,0
1714,0,0,0,0,0,-1,0,10.219905,5.000000,0
1715,0,0,0,0,0,-1,0,10.219905,5.000000,0
1716,0,0,0,0,0,-1,0,10.219905,5.000000,0
1717,0,0,0,0,0,-1,0,10.219905,5.000000,0
1718,0,0,0,0,0,-1,0,10.219905,5.000000,0
1719,0,0,0,0,0,-1,0,10.219905,5.000000,0
1720,0,0,0,0,0,-1,0,10.219905,5.000000,0
1721,0,0,0,0,0,-1,0,10.219905,5.000000,0
1722,0,0,0,0,0,-1,0,10.219905,5.000000,0
1723,0,0,0,0,0,-1,0,10.219905,5.000000,0
1724,0,0,0,0,0,-1,0,10.219905,5.000000,0
1725,0,0,0,0,0,-1,0,10.219905,5.000000,0
1726,0,0,0,0,0,-1,0,10.219905,5.000000,0
1727,0,0,0,0,0,-1,0,10.219905,5.000000,0
1728,0,0,0,0,0,-1,0,10.219905,5.000000,0
1729,0,0,0,0,0,-1,0,10.219905,5.000000,0
1730,0,0,0,0,0,-1,0,10.219905,5.000000,0
1731,0,0,0,0,0,-1,0,10.219905,5.000000,0
1732,0,0,0,0,0,-1,0,10.219905,5.000000,0
1733,0,0,0,0,0,-1,0,10.219905,5.000000,0
1734,0,0,0,0,0,-1,0,10.219905,5.000000,0
1735,0,0,0,0,0,-1,0,10.219905,5.000000,0
1736,0,0,0,0,0,-1,0,10.219905,5.000000,0
1737,0,0,0,0,0,-1,0,10.219905,5.000000,0
1738,0,0,0,0,0,-1,0,10.219905,5.000000,0
1739,0,0,0,0,0,-1,0,10.219905,5.000000,0
1740,0,0,0,0,0,-1,0,10.219905,5.000000,0
1741,0,0,0,0,0,-1,0,10.219905,5.000000,0
1742,0,0,0,0,0,-1,0,10.219905,5.000000,0
1743,0,0,0,0,0,-1,0,10.219905,5.000000,0
1744,0,0,0,0,0,-1,0,10.219905,5.000000,0
1745,0,0,0,0,0,-1,0,10.219905,5.000000,0
1746,0,0,0,0,0,-1,0,10.219905,5.000000,0
1747,0,0,0,0,0,-1,0,10.219905,5.000000,0
1748,0,0,0,0,0,-1,0,10.219905,5.000000,0
1749,0,0,0,0,0,-1,0,10.219905,5.000000,0
1750,0,0,0,0,0,-1,0,10.219905,5.000000,0
1751,0,0,0,0,0,-1,0,10.219905,5.000000,0
1752,0,0,0,0,0,-1,0,10.219905,5.000000,0
1753,0,0,0,0,0,-1,0,10.219905,5.000000,0
1754,0,0,0,0,0,-1,0,10.219905,5.000000,0
1755,0,0,0,0,0,-1,0,10.219905,5.000000,0
1756,0,0,0,0,0,-1,0,10.219905,5.000000,0
1757,0,0,0,0,0,-1,0,10.219905,5.000000,0
1758,0,0,0,0,0,-1,0,10.219905,5.000000,0
1759,0,0,0,0,0,-1,0,10.219905,5.000000,0
1760,0,0,0,0,0,-1,0,10.219905,5.000000,0
1761,0,0,0,0,0,-1,0,10.219905,5.000000,0
1762,0,0,0,0,0,-1,0,10.219905,5.000000,0
1763,0,0,0,0,0,-1,0,10.219905,5.000000,0
1764,0,0,0,0,0,-1,0,10.219905,5.000000,0
1765,0,0,0,0,0,-1,0,10.219905,5.000000,0
1766,0,0,0,0,0,-1,0,10.219905,5.000000,0
1767,0,0,0,0,0,-1,0,10.219905,5.000000,0
1768,0,0,0,0,0,-1,0,10.219905,5.000000,0
1769,0,0,0,0,0,-1,0,10.219905,5.000000,0
1770,0,0,0,0,0,-1,0,10.219905,5.000000,0
1771,0,0,0,0,0,-1,0,10.219905,5.000000,0
1772,0,0,0,0,0,-1,0,10.219905,5.000000,0
1773,0,0,0,0,0,-1,0,10.219905,5.000000,0
1774,0,0,0,0,0,-1,0,10.219905,5.000000,0
1775,0,0,0,0,0,-1,0,10.219905,5.000000,0
1776,0,0,0,0,0,-1,0,10.219905,5.000000,0
1777,0,0,0,0,0,-1,0,10.219905,5.000000,0
1778,0,0,0,0,0,-1,0,10.219905,5.000000,0
1779,0,0,0,0,0,-1,0,10.219905,5.000000,0
1780,0,0,0,0,0,-1,0,10.219905,5.000000,0
1781,0,0,0,0,0,-1,0,10.219905,5.000000,0
1782,0,0,0,0,0,-1,0,10.219905,5.000000,0
1783,0,0,0,0,0,-1,0,10.219905,5.000000,0
1784,0,0,0,0,0,-1,0,10.219905,5.000000,0
1785,0,0,0,0,0,-1,0,10.219905,5.000000,0
1786,0,0,0,0,0,-1,0,10.219905,5.000000,0
1787,0,0,0,0,0,-1,0,10.219905,5.000000,0
1788,0,0,0,0,0,-1,0,10.219905,5.000000,0
1789,0,0,0,0,0,-1,0,10.219905,5.000000,0
1790,0,0,0,0,0,-1,0,10.219905,5.000000,0
1791,0,0,0,0,0,-1,0,10.219905,5.000000,0
1792,0,0,0,0,0,-1,0,10.219905,5.000000,0
1793,0,0,0,0,0,-1,0,10.219905,5.000000,0
1794,0,0,0,0,0,-1,0,10.219905,5.000000,0
1795,0,0,0,0,0,-1,0,10.219905,5.000000,0
1796,0,0,0,0,0,-1,0,10.219905,5.000000,0
1797,0,0,0,0,0,-1,0,10.219905,5.000000,0
1798,0,0,0,0,0,-1,0,10.219905,5.000000,0
1799,0,0,0,0,0,-1,0,10.219905,5.000000,0
1800,0,0,0,0,0,-1,0,10.219905,5.000000,0
1801,0,0,0,0,0,-1,0,10.219905,5.000000,0
1802,0,0,0,0,0,-1,0,10.219905,5.000000,0
1803,0,0,0,0,0,-1,0,10.219905,5.000000,0
1804,0,0,0,0,0,-1,0,10.219905,5.000000,0
1805,0,0,0,0,0,-1,0,10.219905,5.000000,0
1806,0,0,0,0,0,-1,0,10.219905,5.000000,0
1807,0,0,0,0,0,-1,0,10.219905,5.000000,0
1808,0,0,0,0,0,-1,0,10.219905,5.000000,0
1809,0,0,0,0,0,-1,0,10.219905,5.000000,0
1810,0,0,0,0,0,-1,0,10.219905,5.000000,0
1811,0,0,0,0,0,-1,0,10.219905,5.000000,0
1812,0,0,0,0,0,-1,0,10.219905,5.000000,0
1813,0,0,0,0,0,-1,0,10.219905,5.000000,0
1814,0,0,0,0,0,-1,0,10.219905,5.000000,0
1815,0,0,0,0,0,-1,0,10.219905,5.000000,0
1816,0,0,0,0,0,-1,0,10.219905,5.000000,0
1817,0,0,0,0,0,-1,0,10.219905,5.000000,0
1818,0,0,0,0,0,-1,0,10.219905,5.000000,0
1819,0,0,0,0,0,-1,0,10.219905,5.000000,0
1820,0,0,0,0,0,-1,0,10.219905,5.000000,0
1821,0,0,0,0,0,-1,0,10.219905,5.000000,0
1822,0,0,0,0,0,-1,0,10.219905,5.000000,0
1823,0,0,0,0,0,-1,0,10.219905,5.000000,0
1824,0,0,0,0,0,-1,0,10.219905,5.000000,0
1825,0,0,0,0,0,-1,0,10.219905,5.000000,0
1826,0,0,0,0,0,-1,0,10.219905,5.000000,0
1827,0,0,0,0,0,-1,0,10.219905,5.000000,0
1828,0,0,0,0,0,-1,0,10.219905,5.000000,0
1829,0,0,0,0,0,-1,0,10.219905,5.000000,0
1830,0,0,0,0,0,-1,0,10.219905,5.000000,0
1831,0,0,0,0,0,-1,0,10.219905,5.000000,0
1832,0,0,0,0,0,-1,0,10.219905,5.000000,0
1833,0,0,0,0,0,-1,0,10.219905,5.000000,0
1834,0,0,0,0,0,-1,0,10.219905,5.000000,0
1835,0,0,0,0,0,-1,0,10.219905,5.000000,0
1836,0,0,0,0,0,-1,0,10.219905,5.000000,0
1837,0,0,0,0,0,-1,0,10.219905,5.000000,0
1838,0,0,0,0,0,-1,0,10.219905,5.000000,0
1839,0,0,0,0,0,-1,0,10.219905,5.000000,0
1840,0,0,0,0,0,-1,0,10.219905,5.000000,0
1841,0,0,0,0,0,-1,0,10.219905,5.000000,0
1842,0,0,0,0,0,-1,0,10.219905,5.000000,0
1843,0,0,0,0,0,-1,0,10.219905,5.000000,0
1844,0,0,0,0,0,-1,0,10.219905,5.000000,0
1845,0,0,0,0,0,-1,0,10.219905,5.000000,0
1846,0,0,0,0,0,-1,0,10.219905,5.000000,0
1847,0,0,0,0,0,-1,0,10.219905,5.000000,0
1848,0,0,0,0,0,-1,0,10.219905,5.000000,0
1849,0,0,0,0,0,-1,0,10.219905,5.000000,0
1850,0,0,0,0,0,-1,0,10.219905,5.000000,0
1851,0,0,0,0,0,-1,0,10.219905,5.000000,0
1852,0,0,0,0,0,-1,0,10.219905,5.000000,0
1853,0,0,0,0,0,-1,0,10.219905,5.000000,0
1854,0,0,0,0,0,-1,0,10.219905,5.000000,0
1855,0,0,0,0,0,-1,0,10.219905,5.000000,0
1856,0,0,0,0,0,-1,0,10.219905,5.000000,0
1857,0,0,0,0,0,-1,0,10.219905,5.000000,0
1858,0,0,0,0,0,-1,0,10.219905,5.000000,0
1859,0,0,0,0,0,-1,0,10.219905,5.000000,0
1860,0,0,0,0,0,-1,0,10.219905,5.000000,0
1861,0,0,0,0,0,-1,0,10.219905,5.000000,0
1862,0,0,0,0,0,-1,0,10.219905,5.000000,0
1863,0,0,0,0,0,-1,0,10.219905,5.000000,0
1864,0,0,0,0,0,-1,0,10.219905,5.000000,0
1865,0,0,0,0,0,-1,0,10.219905,5.000000,0
1866,0,0,0,0,0,-1,0,10.219905,5.000000,0
1867,0,0,0,0,0,-1,0,10.219905,5.000000,0
1868,0,0,0,0,0,-1,0,10.219905,5.000000,0
1869,0,0,0,0,0,-1,0,10.219905,5.000000,0
1870,0,0,0,0,0,-1,0,10.219905,5.000000,0
1871,0,0,0,0,0,-1,0,10.219905,5.000000,0
1872,0,0,0,0,0,-1,0,10.219905,5.000000,0
1873,0,0,0,0,0,-1,0,10.219905,5.000000,0
1874,0,0,0,0,0,-1,0,10.219905,5.000000,0
1875,0,0,0,0,0,-1,0,10.219905,5.000000,0
1876,0,0,0,0,0,-1,0,10.219905,5.000000,0
1877,0,0,0,0,0,-1,0,10.219905,5.000000,0
1878,0,0,0,0,0,-1,0,10.219905,5.000000,0
1879,0,0,0,0,0,-1,0,10.219905,5.000000,0
1880,0,0,0,0,0,-1,0,10.219905,5.000000,0
1881,0,0,0,0,0,-1,0,10.219905,5.000000,0
1882,0,0,0,0,0,-1,0,10.219905,5.000000,0
1883,0,0,0,0,0,-1,0,10.219905,5.000000,0
1884,0,0,0,0,0,-1,0,10.219905,5.000000,0
1885,0,0,0,0,0,-1,0,10.219905,5.000000,0
1886,0,0,0,0,0,-1,0,10.219905,5.000000,0
1887,0,0,0,0,0,-1,0,10.219905,5.000000,0
1888,0,0,0,0,0,-1,0,10.219905,5.000000,0
1889,0,0,0,0,0,-1,0,10.219905,5.000000,0
1890,0,0,0,0,0,-1,0,10.219905,5.000000,0
1891,0,0,0,0,0,-1,0,10.219905,5.000000,0
1892,0,0,0,0,0,-1,0,10.219905,5.000000,0
1893,0,0,0,0,0,-1,0,10.219905,5.000000,0
1894,0,0,0,0,0,-1,0,10.219905,5.000000,0
1895,0,0,0,0,0,-1,0,10.219905,5.000000,0
1896,0,0,0,0,0,-1,0,10.219905,5.000000,0
1897,0,0,0,0,0,-1,0,10.219905,5.000000,0
1898,0,0,0,0,0,-1,0,10.219905,5.000000,0
1899,0,0,0,0,0,-1,0,10.219905,5.000000,0
1900,0,0,0,0,0,-1,0,10.219905,5.000000,0
1901,0,0,0,0,0,-1,0,10.219905,5.000000,0
1902,0,0,0,0,0,-1,0,10.219905,5.000000,0
1903,0,0,0,0,0,-1,0,10.219905,5.000000,0
1904,0,0,0,0,0,-1,0,10.219905,5.000000,0
1905,0,0,0,0,0,-1,0,10.219905,5.000000,0
1906,0,0,0,0,0,-1,0,10.219905,5.000000,0
1907,0,0,0,0,0,-1,0,10.219905,5.000000,0
1908,0,0,0,0,0,-1,0,10.219905,5.000000,0
1909,0,0,0,0,0,-1,0,10.219905,5.000000,0
1910,0,0,0,0,0,-1,0,10.219905,5.000000,0
1911,0,0,0,0,0,-1,0,10.219905,5.000000,0
1912,0,0,0,0,0,-1,0,10.219905,5.000000,0
1913,0,0,0,0,0,-1,0,10.219905,5.000000,0
1914,0,0,0,0,0,-1,0,10.219905,5.000000,0
1915,0,0,0,0,0,-1,0,10.219905,5.000000,0
1916,0,0,0,0,0,-1,0,10.219905,5.000000,0
1917,0,0,0,0,0,-1,0,10.219905,5.000000,0
1918,0,0,0,0,0,-1,0,10.219905,5.000000,0
1919,0,0,0,0,0,-1,0,10.219905,5.000000,0
1920,0,0,0,0,0,-1,0,10.219905,5.000000,0
1921,0,0,0,0,0,-1,0,10.219905,5.000000,0
1922,0,0,0,0,0,-1,0,10.219905,5.000000,0
1923,0,0,0,0,0,-1,0,10.219905,5.000000,0
1924,0,0,0,0,0,-1,0,10.219905,5.000000,0
1925,0,0,0,0,0,-1,0,10.219905,5.000000,0
1926,0,0,0,0,0,-1,0,10.219905,5.000000,0
1927,0,0,0,0,0,-1,0,10.219905,5.000000,0
1928,0,0,0,0,0,-1,0,10.219905,5.000000,0
1929,0,0,0,0,0,-1,0,10.219905,5.000000,0
1930,0,0,0,0,0,-1,0,10.219905,5.000000,0
1931,0,0,0,0,0,-1,0,10.219905,5.000000,0
1932,0,0,0,0,0,-1,0,10.219905,5.000000,0
1933,0,0,0,0,0,-1,0,10.219905,5.000000,0
1934,0,0,0,0,0,-1,0,10.219905,5.000000,0
1935,0,0,0,0,0,-1,0,10.219905,5.000000,0
1936,0,0,0,0,0,-1,0,10.219905,5.000000,0
1937,0,0,0,0,0,-1,0,10.219905,5.000000,0
1938,0,0,0,0,0,-1,0,10.219905,5.000000,0
1939,0,0,0,0,0,-1,0,10.219905,5.000000,0
1940,0,0,0,0,0,-1,0,10.219905,5.000000,0
1941,0,0,0,0,0,-1,0,10.219905,5.000000,0
1942,0,0,0,0,0,-1,0,10.219905,5.000000,0
1943,0,0,0,0,0,-1,0,10.219905,5.000000,0
1944,0,0,0,0,0,-1,0,10.219905,5.000000,0
1945,0,0,0,0,0,-1,0,10.219905,5.000000,0
1946,0,0,0,0,0,-1,0,10.219905,5.000000,0
1947,0,0,0,0,0,-1,0,10.219905,5.000000,0
1948,0,0,0,0,0,-1,0,10.219905,5.000000,0
1949,0,0,0,0,0,-1,0,10.219905,5.000000,0
1950,0,0,0,0,0,-1,0,10.219905,5.000000,0
1951,0,0,0,0,0,-1,0,10.219905,5.000000,0
1952,0,0,0,0,0,-1,0,10.219905,5.000000,0
1953,0,0,0,0,0,-1,0,10.219905,5.000000,0
1954,0,0,0,0,0,-1,0,10.219905,5.000000,0
1955,0,0,0,0,0,-1,0,10.219905,5.000000,0
1956,0,0,0,0,0,-1,0,10.219905,5.000000,0
1957,0,0,0,0,0,-1,0,10.219905,5.000000,0
1958,0,0,0,0,0,-1,0,10.219905,5.000000,0
1959,0,0,0,0,0,-1,0,10.219905,5.000000,0
1960,0,0,0,0,0,-1,0,10.219905,5.000000,0
1961,0,0,0,0,0,-1,0,10.219905,5.000000,0
1962,0,0,0,0,0,-1,0,10.219905,5.000000,0
1963,0,0,0,0,0,-1,0,10.219905,5.000000,0
1964,0,0,0,0,0,-1,0,10.219905,5.000000,0
1965,0,0,0,0,0,-1,0,10.219905,5.000000,0
1966,0,0,0,0,0,-1,0,10.219905,5.000000,0
1967,0,0,0,0,0,-1,0,10.219905,5.000000,0
1968,0,0,0,0,0,-1,0,10.219905,5.000000,0
1969,0,0,0,0,0,-1,0,10.219905,5.000000,0
1970,0,0,0,0,0,-1,0,10.219905,5.000000,0
1971,0,0,0,0,0,-1,0,10.219905,5.000000,0
1972,0,0,0,0,0,-1,0,10.219905,5.000000,0
1973,0,0,0,0,0,-1,0,10.219905,5.000000,0
1974,0,0,0,0,0,-1,0,10.219905,5.000000,0
1975,0,0,0,0,0,-1,0,10.219905,5.000000,0
1976,0,0,0,0,0,-1,0,10.219905,5.000000,0
1977,0,0,0,0,0,-1,0,10.219905,5.000000,0
1978,0,0,0,0,0,-1,0,10.219905,5.000000,0
1979,0,0,0,0,0,-1,0,10.219905,5.000000,0
1980,0,0,0,0,0,-1,0,10.219905,5.000000,0
1981,0,0,0,0,0,-1,0,10.219905,5.000000,0
1982,0,0,0,0,0,-1,0,10.219905,5.000000,0
1983,0,0,0,0,0,-1,0,10.219905,5.000000,0
1984,0,0,0,0,0,-1,0,10.219905,5.000000,0
1985,0,0,0,0,0,-1,0,10.219905,5.000000,0
1986,0,0,0,0,0,-1,0,10.219905,5.000000,0
1987,0,0,0,0,0,-1,0,10.219905,5.000000,0
1988,0,0,0,0,0,-1,0,10.219905,5.000000,0
1989,0,0,0,0,0,-1,0,10.219905,5.000000,0
1990,0,0,0,0,0,-1,0,10.219905,5.000000,0
1991,0,0,0,0,0,-1,0,10.219905,5.000000,0
1992,0,0,0,0,0,-1,0,10.219905,5.000000,0
1993,0,0,0,0,0,-1,0,10.219905,5.000000,0
1994,0,0,0,0,0,-1,0,10.219905,5.000000,0
1995,0,0,0,0,0,-1,0,10.219905,5.000000,0
1996,0,0,0,0,0,-1,0,10.219905,5.000000,0
1997,0,0,0,0,0,-1,0,10.219905,5.000000,0
1998,0,0,0,0,0,-1,0,10.219905,5.000000,0
1999,0,0,0,0,0,-1,0,10.219905,5.000000,0
2000,0,0,0,0,0,-1,0,10.219905,5.000000,0
