frameNumber,components,mse,sizeBytes,genTime,recvTime,delay_ms,receivedOnTime,effectiveError,deadline_ms,cqi
0,275,2.87604,65737,0.017133605,0.022500000,5.366395,0,10.219905,5.000000,13
1,275,2.339395,65737,0.030423848,0.039000000,8.576152,0,10.219905,5.000000,13
2,275,2.126167,65737,0.041432956,0.050000000,8.567044,0,10.219905,5.000000,13
3,275,2.332710,65737,0.051335897,0.054500000,3.164103,1,2.332710,5.000000,13
4,275,2.062618,65737,0.063480216,0.067500000,4.019784,1,2.062618,5.000000,13
5,275,1.994846,65737,0.076494075,0.083000000,6.505925,0,10.219905,5.000000,13
6,275,2.205018,65737,0.091949898,0.101000000,9.050102,0,10.219905,5.000000,13
7,275,1.924778,65737,0.103508527,0.111000000,7.491473,0,10.219905,5.000000,13
8,275,1.933191,65737,0.115825813,0.121000000,5.174187,0,10.219905,5.000000,13
9,275,2.125001,65737,0.126795979,0.132500000,5.704021,0,10.219905,5.000000,13
10,275,1.857830,65737,0.137794199,0.146500000,8.705801,0,10.219905,5.000000,13
11,275,1.876562,65737,0.149571834,0.159000000,9.428166,0,10.219905,5.000000,13
12,275,2.293269,65737,0.162844049,0.168500000,5.655951,0,10.219905,5.000000,13
13,275,1.859389,65737,0.174039180,0.178500000,4.460820,1,1.859389,5.000000,13
14,275,1.644892,65737,0.184171731,0.191000000,6.828269,0,10.219905,5.000000,13
15,275,1.757344,65737,0.195851851,0.204500000,8.648149,0,10.219905,5.000000,13
16,275,1.372643,65737,0.208198142,0.217500000,9.301858,0,10.219905,5.000000,13
17,275,0.738261,65737,0.220793702,0.233500000,12.706298,0,10.219905,5.000000,13
19,275,0.779780,65737,0.231855508,0.238500000,6.644492,0,10.219905,5.000000,13
20,275,1.183760,65737,0.242607123,0.246000000,3.392877,1,1.183760,5.000000,13
21,275,1.421329,65737,0.252878167,0.261500000,8.621833,0,10.219905,5.000000,13
22,275,1.148390,65737,0.265418374,0.268500000,3.081626,1,1.148390,5.000000,13
24,275,0.742931,65737,0.278608712,0.282000000,3.391288,1,0.742931,5.000000,13
26,275,1.093730,65737,0.289390619,0.295500000,6.109381,0,10.219905,5.000000,13
27,275,1.355742,65737,0.303097167,0.313500000,10.402833,0,10.219905,5.000000,13
28,275,1.394515,65737,0.314429490,0.317500000,3.070510,1,1.394515,5.000000,13
31,275,0.468408,65737,0.325635688,0.330000000,4.364312,1,0.468408,5.000000,13
32,275,0.361551,65737,0.337197567,0.340500000,3.302433,1,0.361551,5.000000,13
33,275,0.341495,65737,0.347880064,0.351000000,3.119936,1,0.341495,5.000000,13
34,275,0.296210,65737,0.361304818,0.368000000,6.695182,0,10.219905,5.000000,13
35,275,0.291972,65737,0.377964474,0.383000000,5.035526,0,10.219905,5.000000,13
36,275,0.303643,65737,0.388525352,0.392000000,3.474648,1,0.303643,5.000000,13
37,275,0.282241,65737,0.399715944,0.411500000,11.784056,0,10.219905,5.000000,13
38,275,0.271869,65737,0.410978095,0.416500000,5.521905,0,10.219905,5.000000,13
39,275,0.288566,65737,0.423999813,0.430000000,6.000187,0,10.219905,5.000000,13
40,275,0.234181,65737,0.435804785,0.439000000,3.195215,1,0.234181,5.000000,13
41,275,0.196280,65737,0.446906383,0.451000000,4.093617,1,0.196280,5.000000,13
42,275,0.195627,65737,0.459564763,0.467000000,7.435237,0,10.219905,5.000000,13
45,275,0.132393,65737,0.472484763,0.476000000,3.515237,1,0.132393,5.000000,13
46,275,0.112924,65737,0.483765235,0.487500000,3.734765,1,0.112924,5.000000,13
47,275,0.103462,65737,0.495756771,0.499000000,3.243229,1,0.103462,5.000000,13
50,275,0.141484,65737,0.508098561,0.518000000,9.901439,0,10.219905,5.000000,13
52,275,0.132070,65737,0.524544874,0.530500000,5.955126,0,10.219905,5.000000,13
53,275,0.164747,65737,0.537831524,0.543500000,5.668476,0,10.219905,5.000000,13
54,275,0.187874,65737,0.551377671,0.558500000,7.122329,0,10.219905,5.000000,13
55,275,0.170229,65737,0.563981097,0.568500000,4.518903,1,0.170229,5.000000,13
58,275,0.181606,65737,0.573872906,0.577000000,3.127094,1,0.181606,5.000000,13
59,275,0.178795,65737,0.584163762,0.590500000,6.336238,0,10.219905,5.000000,13
60,275,0.226056,65737,0.595926788,0.599000000,3.073212,1,0.226056,5.000000,13
61,275,0.193956,65737,0.608319528,0.618000000,9.680472,0,10.219905,5.000000,13
62,275,0.181510,65737,0.620600076,0.624000000,3.399924,1,0.181510,5.000000,13
63,275,0.203680,65737,0.631006531,0.637000000,5.993469,0,10.219905,5.000000,13
64,275,0.168076,65737,0.641867276,0.647500000,5.632724,0,10.219905,5.000000,13
66,275,0.139931,65737,0.652662663,0.659000000,6.337337,0,10.219905,5.000000,13
68,275,0.096516,65737,0.665439912,0.670500000,5.060088,0,10.219905,5.000000,13
71,275,0.108497,65737,0.675889724,0.685000000,9.110276,0,10.219905,5.000000,13
72,275,0.125577,65737,0.687685968,0.691000000,3.314032,1,0.125577,5.000000,13
74,275,0.156548,65737,0.697979436,0.707500000,9.520564,0,10.219905,5.000000,14
75,275,0.165469,65737,0.709197021,0.721000000,11.802979,0,10.219905,5.000000,14
77,275,0.211365,65737,0.719716171,0.723000000,3.283829,1,0.211365,5.000000,14
78,275,0.230249,65737,0.732609803,0.737500000,4.890197,1,0.230249,5.000000,14
79,275,0.213644,65737,0.743812793,0.747000000,3.187207,1,0.213644,5.000000,14
80,275,0.233003,65737,0.759148871,0.762500000,3.351129,1,0.233003,5.000000,14
81,275,0.270382,65737,0.770434268,0.773500000,3.065732,1,0.270382,5.000000,14
82,275,0.243020,65737,0.781686141,0.785000000,3.313859,1,0.243020,5.000000,14
83,275,0.253090,65737,0.792295530,0.795500000,3.204470,1,0.253090,5.000000,14
85,275,0.290233,65737,0.804539703,0.811500000,6.960297,0,10.219905,5.000000,14
86,275,0.285497,65737,0.817094326,0.821000000,3.905674,1,0.285497,5.000000,14
87,275,0.307468,65737,0.830435279,0.836500000,6.064721,0,10.219905,5.000000,14
88,275,0.300616,65737,0.840924667,0.844000000,3.075333,1,0.300616,5.000000,14
89,275,0.270920,65737,0.852876936,0.864000000,11.123064,0,10.219905,5.000000,14
90,275,0.282382,65737,0.863395448,0.870500000,7.104552,0,10.219905,5.000000,14
91,275,0.234247,65737,0.874128713,0.879000000,4.871287,1,0.234247,5.000000,14
92,275,0.221785,65737,0.884148395,0.887500000,3.351605,1,0.221785,5.000000,14
94,275,0.182844,65737,0.894579551,0.898000000,3.420449,1,0.182844,5.000000,14
95,275,0.167739,65737,0.905394089,0.917500000,12.105911,0,10.219905,5.000000,14
97,275,0.143258,65737,0.917916165,0.923000000,5.083835,0,10.219905,5.000000,14
98,275,0.136510,65737,0.930572747,0.934000000,3.427253,1,0.136510,5.000000,14
101,275,0.186153,65737,0.941275542,0.944500000,3.224458,1,0.186153,5.000000,14
102,275,0.227413,65737,0.951276771,0.955500000,4.223229,1,0.227413,5.000000,14
103,275,0.224225,65737,0.961732950,0.968500000,6.767050,0,10.219905,5.000000,14
104,275,0.237181,65737,0.971721833,0.980000000,8.278167,0,10.219905,5.000000,14
105,275,0.266792,65737,0.982532548,0.986000000,3.467452,1,0.266792,5.000000,14
106,275,0.255269,65737,0.994906947,1.001500000,6.593053,0,10.219905,5.000000,14
107,275,0.252358,65737,1.005615662,1.012000000,6.384338,0,10.219905,5.000000,14
108,275,0.301015,65737,1.016465908,1.019500000,3.034092,1,0.301015,5.000000,14
110,275,0.271727,65737,1.028336700,1.031000000,2.663300,1,0.271727,5.000000,14
112,275,0.268444,65737,1.039292909,1.042500000,3.207091,1,0.268444,5.000000,14
113,275,0.299528,65737,1.049580023,1.052500000,2.919977,1,0.299528,5.000000,14
114,275,0.363073,65737,1.060827554,1.063500000,2.672446,1,0.363073,5.000000,14
115,275,0.305591,65737,1.070894745,1.073500000,2.605255,1,0.305591,5.000000,14
116,275,0.303044,65737,1.081875454,1.087500000,5.624546,0,10.219905,5.000000,14
117,275,0.336166,65737,1.092428655,1.098500000,6.071345,0,10.219905,5.000000,14
119,275,0.183272,65737,1.103046578,1.109000000,5.953422,0,10.219905,5.000000,14
121,275,0.166074,65737,1.113084875,1.116500000,3.415125,1,0.166074,5.000000,14
122,275,0.149390,65737,1.124513221,1.130500000,5.986779,0,10.219905,5.000000,14
125,275,0.186719,65737,1.136987245,1.140000000,3.012755,1,0.186719,5.000000,14
126,275,0.230150,65737,1.148052077,1.151000000,2.947923,1,0.230150,5.000000,14
127,275,0.224187,65737,1.160378807,1.163000000,2.621193,1,0.224187,5.000000,14
129,275,0.241965,65737,1.172587809,1.175500000,2.912191,1,0.241965,5.000000,14
130,275,0.230909,65737,1.185384049,1.188500000,3.115951,1,0.230909,5.000000,14
131,275,0.238691,65737,1.196188618,1.200500000,4.311382,1,0.238691,5.000000,14
132,275,0.276188,65737,1.207844282,1.215500000,7.655718,0,10.219905,5.000000,14
133,275,0.232543,65737,1.219220699,1.222000000,2.779301,1,0.232543,5.000000,14
136,275,0.226255,65737,1.231615820,1.234500000,2.884180,1,0.226255,5.000000,14
137,275,0.269715,65737,1.241956540,1.244500000,2.543460,1,0.269715,5.000000,14
138,275,0.313366,65737,1.253724341,1.256500000,2.775659,1,0.313366,5.000000,14
139,275,0.295439,65737,1.264491927,1.267500000,3.008073,1,0.295439,5.000000,14
140,275,0.307362,65737,1.275622148,1.281500000,5.877852,0,10.219905,5.000000,14
142,275,0.304173,65737,1.285863208,1.290000000,4.136792,1,0.304173,5.000000,14
143,275,0.316599,65737,1.297376815,1.300000000,2.623185,1,0.316599,5.000000,14
144,275,0.354748,65737,1.310578250,1.316500000,5.921750,0,10.219905,5.000000,14
145,275,0.312072,65737,1.322254033,1.328000000,5.745967,0,10.219905,5.000000,14
146,275,0.292056,65737,1.332617273,1.335500000,2.882727,1,0.292056,5.000000,14
147,275,0.326140,65737,1.343134253,1.346000000,2.865747,1,0.326140,5.000000,14
148,275,0.269535,65737,1.353578247,1.356500000,2.921753,1,0.269535,5.000000,14
150,275,0.254534,65737,1.366268904,1.369000000,2.731096,1,0.254534,5.000000,14
152,275,0.256584,65737,1.377707571,1.380500000,2.792429,1,0.256584,5.000000,14
153,275,0.280650,65737,1.389468678,1.393500000,4.031322,1,0.280650,5.000000,14
154,275,0.250710,65737,1.399705581,1.406500000,6.794419,0,10.219905,5.000000,14
155,275,0.241130,65737,1.411547088,1.417500000,5.952912,0,10.219905,5.000000,13
156,275,0.287217,65737,1.424152473,1.427500000,3.347527,1,0.287217,5.000000,13
159,275,0.267789,65737,1.435571123,1.439000000,3.428877,1,0.267789,5.000000,13
160,275,0.244975,65737,1.448837964,1.452000000,3.162036,1,0.244975,5.000000,13
161,275,0.252019,65737,1.461364398,1.470000000,8.635602,0,10.219905,5.000000,13
162,275,0.278499,65737,1.472982647,1.480500000,7.517353,0,10.219905,5.000000,13
164,275,0.234408,65737,1.484823563,1.493000000,8.176437,0,10.219905,5.000000,13
165,275,0.287774,65737,1.494796411,1.498000000,3.203589,1,0.287774,5.000000,13
167,275,0.212860,65737,1.504755621,1.515000000,10.244379,0,10.219905,5.000000,13
169,275,0.217642,65737,1.518977289,1.522000000,3.022711,1,0.217642,5.000000,13
171,275,0.216420,65737,1.531047546,1.540000000,8.952454,0,10.219905,5.000000,13
172,275,0.241709,65737,1.544751851,1.548000000,3.248149,1,0.241709,5.000000,13
176,275,0.135200,65737,1.556158663,1.567000000,10.841337,0,10.219905,5.000000,13
180,275,0.232994,65737,1.567909574,1.573500000,5.590426,0,10.219905,5.000000,13
181,275,0.200978,65737,1.578014430,1.581500000,3.485570,1,0.200978,5.000000,13
182,275,0.204757,65737,1.589222751,1.594500000,5.277249,0,10.219905,5.000000,13
183,275,0.239782,65737,1.602377250,1.612000000,9.622750,0,10.219905,5.000000,13
186,275,0.199777,65737,1.614124687,1.624500000,10.375313,0,10.219905,5.000000,13
187,275,0.161905,65737,1.627346913,1.631000000,3.653087,1,0.161905,5.000000,13
189,275,0.148017,65737,1.639744435,1.645500000,5.755565,0,10.219905,5.000000,13
190,275,0.124840,65737,1.651758956,1.659500000,7.741044,0,10.219905,5.000000,13
191,275,0.098828,65737,1.662526617,1.666000000,3.473383,1,0.098828,5.000000,13
193,275,0.071854,65737,1.674506742,1.684500000,9.993258,0,10.219905,5.000000,13
195,275,0.068935,65737,1.687905315,1.692500000,4.594685,1,0.068935,5.000000,13
197,275,0.094666,65737,1.698237554,1.704500000,6.262446,0,10.219905,5.000000,13
198,275,0.074696,65737,1.710451215,1.720500000,10.048785,0,10.219905,5.000000,12
200,275,2.203652,65737,1.721708137,1.730500000,8.791863,0,10.219905,5.000000,12
201,275,1.481208,65737,1.737556238,1.743000000,5.443762,0,10.219905,5.000000,12
202,275,0.975142,65737,1.748758894,1.755500000,6.741106,0,10.219905,5.000000,12
204,275,1.507117,65737,1.759566987,1.765500000,5.933013,0,10.219905,5.000000,12
205,275,1.337735,65737,1.770869920,1.774000000,3.130080,1,1.337735,5.000000,12
206,275,1.489311,65737,1.782354696,1.788000000,5.645304,0,10.219905,5.000000,12
207,275,1.176514,65737,1.792691911,1.799000000,6.308089,0,10.219905,5.000000,12
209,275,0.714330,65737,1.805278590,1.813500000,8.221410,0,10.219905,5.000000,12
213,275,0.883936,65737,1.816099551,1.824500000,8.400449,0,10.219905,5.000000,12
214,275,1.194098,65737,1.827618096,1.834000000,6.381904,0,10.219905,5.000000,12
215,275,1.437949,65737,1.837945326,1.848000000,10.054674,0,10.219905,5.000000,12
216,275,1.202111,65737,1.849537586,1.856000000,6.462414,0,10.219905,5.000000,12
217,275,0.809842,65737,1.859776755,1.865500000,5.723245,0,10.219905,5.000000,12
222,275,0.991030,65737,1.870920637,1.878000000,7.079363,0,10.219905,5.000000,12
223,275,1.309901,65737,1.882824260,1.887000000,4.175740,1,1.309901,5.000000,12
224,275,1.653634,65737,1.894103247,1.898500000,4.396753,1,1.653634,5.000000,12
226,275,1.351855,65737,1.922790935,1.962000000,39.209065,0,10.219905,5.000000,12
227,275,1.482334,65737,1.933047519,1.962000000,28.952481,0,10.219905,5.000000,12
228,275,1.172815,65737,1.946241221,1.962000000,15.758779,0,10.219905,5.000000,12
232,275,0.194627,65737,1.957236380,1.964500000,7.263620,0,10.219905,5.000000,12
234,275,0.131137,65737,1.968788284,1.975500000,6.711716,0,10.219905,5.000000,12
235,275,0.131109,65737,1.981296936,1.989500000,8.203064,0,10.219905,5.000000,12
236,275,0.166070,65737,1.993761728,1.999000000,5.238272,0,10.219905,5.000000,12
238,275,0.135169,65737,2.004984138,2.014000000,9.015862,0,10.219905,5.000000,13
241,275,0.145476,65737,2.015169954,2.024000000,8.830046,0,10.219905,5.000000,12
242,275,0.180882,65737,2.026143214,2.030000000,3.856786,1,0.180882,5.000000,12
243,275,0.155178,65737,2.037240529,2.043500000,6.259471,0,10.219905,5.000000,12
244,275,0.141469,65737,2.048184586,2.054500000,6.315414,0,10.219905,5.000000,12
245,275,0.151724,65737,2.058156909,2.063500000,5.343091,0,10.219905,5.000000,12
248,275,0.137044,65737,2.069922609,2.076000000,6.077391,0,10.219905,5.000000,12
249,275,0.126484,65737,2.082755740,2.086000000,3.244260,1,0.126484,5.000000,12
250,275,0.119683,65737,2.094069347,2.100500000,6.430653,0,10.219905,5.000000,12
255,275,0.101828,65737,2.114905366,2.161000000,46.094634,0,10.219905,5.000000,13
256,275,0.105534,65737,2.126506966,2.161000000,34.493034,0,10.219905,5.000000,13
258,275,0.121727,65737,2.138019797,2.161000000,22.980203,0,10.219905,5.000000,13
260,275,0.149647,65737,2.148288860,2.161000000,12.711140,0,10.219905,5.000000,13
262,275,0.177309,65737,2.158801683,2.162000000,3.198317,1,0.177309,5.000000,13
263,275,0.196025,65737,2.169701202,2.173000000,3.298798,1,0.196025,5.000000,13
264,275,0.186682,65737,2.182915849,2.191500000,8.584151,0,10.219905,5.000000,13
265,275,0.190174,65737,2.193213648,2.197500000,4.286352,1,0.190174,5.000000,13
267,275,0.216665,65737,2.203656596,2.213000000,9.343404,0,10.219905,5.000000,13
268,275,0.269824,65737,2.216297961,2.225000000,8.702039,0,10.219905,5.000000,13
269,275,0.290092,65737,2.227585002,2.233500000,5.914998,0,10.219905,5.000000,13
270,275,0.258127,65737,2.237666466,2.242500000,4.833534,1,0.258127,5.000000,13
271,275,0.251244,65737,2.250017617,2.255500000,5.482383,0,10.219905,5.000000,13
272,275,0.287352,65737,2.262427837,2.268500000,6.072163,0,10.219905,5.000000,13
273,275,0.240842,65737,2.273291433,2.281500000,8.208567,0,10.219905,5.000000,13
274,275,0.233056,65737,2.284416332,2.288000000,3.583668,1,0.233056,5.000000,13
276,275,0.210704,65737,2.295988098,2.305000000,9.011902,0,10.219905,5.000000,13
277,275,0.176438,65737,2.306103298,2.314500000,8.396702,0,10.219905,5.000000,12
280,275,0.133217,65737,2.316622783,2.322500000,5.877217,0,10.219905,5.000000,12
284,275,0.324702,65737,2.327162941,2.335000000,7.837059,0,10.219905,5.000000,12
285,275,0.315487,65737,2.340595388,2.348000000,7.404612,0,10.219905,5.000000,12
287,275,0.605529,65737,2.353821171,2.359000000,5.178829,0,10.219905,5.000000,12
288,275,0.494054,65737,2.363908924,2.368500000,4.591076,1,0.494054,5.000000,12
292,275,0.503350,65737,2.375135533,2.381500000,6.364467,0,10.219905,5.000000,12
293,275,0.832543,65737,2.386789280,2.394000000,7.210720,0,10.219905,5.000000,12
294,275,0.697789,65737,2.398345278,2.412000000,13.654722,0,10.219905,5.000000,12
295,275,0.661277,65737,2.409495136,2.422500000,13.004864,0,10.219905,5.000000,12
300,275,0.769873,65737,2.420046762,2.426500000,6.453238,0,10.219905,5.000000,12
301,275,1.274518,65737,2.432505398,2.440500000,7.994602,0,10.219905,5.000000,12
302,275,1.010644,65737,2.444798343,2.455500000,10.701657,0,10.219905,5.000000,12
304,275,0.853051,65737,2.455810741,2.466000000,10.189259,0,10.219905,5.000000,12
305,275,1.015366,65737,2.466251229,2.470500000,4.248771,1,1.015366,5.000000,12
306,275,1.002925,65737,2.476376735,2.480000000,3.623265,1,1.002925,5.000000,12
308,275,1.172016,65737,2.487570393,2.493500000,5.929607,0,10.219905,5.000000,12
309,275,1.042052,65737,2.497687641,2.504000000,6.312359,0,10.219905,5.000000,12
310,275,1.991581,65737,2.508333210,2.520000000,11.666790,0,10.219905,5.000000,11
311,275,2.161686,65737,2.520307486,2.528500000,8.192514,0,10.219905,5.000000,11
312,275,1.219605,65737,2.530362206,2.534500000,4.137794,1,1.219605,5.000000,11
313,275,1.152189,65737,2.540487479,2.547500000,7.012521,0,10.219905,5.000000,11
314,275,1.308048,65737,2.552214029,2.560000000,7.785971,0,10.219905,5.000000,11
316,275,0.792511,65737,2.564496623,2.568500000,4.003377,1,0.792511,5.000000,11
317,275,0.875678,65737,2.575254041,2.581000000,5.745959,0,10.219905,5.000000,11
319,275,0.661485,65737,2.588591307,2.592500000,3.908693,1,0.661485,5.000000,11
320,275,1.186514,65737,2.602211965,2.608000000,5.788035,0,10.219905,5.000000,11
323,275,0.675333,65737,2.613270151,2.626500000,13.229849,0,10.219905,5.000000,11
325,275,1.031390,65737,2.626089162,2.635500000,9.410838,0,10.219905,5.000000,11
326,275,1.172053,65737,2.640254883,2.649000000,8.745117,0,10.219905,5.000000,11
327,275,0.945084,65737,2.650740502,2.656500000,5.759498,0,10.219905,5.000000,11
328,275,1.018797,65737,2.663069346,2.668500000,5.430654,0,10.219905,5.000000,11
329,275,0.995502,65737,2.675615530,2.683000000,7.384470,0,10.219905,5.000000,11
330,275,0.874065,65737,2.688538922,2.694000000,5.461078,0,10.219905,5.000000,11
333,275,0.696842,65737,2.701079600,2.708000000,6.920400,0,10.219905,5.000000,11
334,275,0.802456,65737,2.711216038,2.722000000,10.783962,0,10.219905,5.000000,11
335,275,0.853061,65737,2.724896756,2.731500000,6.603244,0,10.219905,5.000000,11
336,275,0.749346,65737,2.735843183,2.742000000,6.156817,0,10.219905,5.000000,11
337,275,0.638767,65737,2.748963680,2.754500000,5.536320,0,10.219905,5.000000,11
338,275,0.632380,65737,2.759687605,2.767000000,7.312395,0,10.219905,5.000000,11
339,275,0.512889,65737,2.769658572,2.778500000,8.841428,0,10.219905,5.000000,11
341,275,0.270588,65737,2.779782800,2.786000000,6.217200,0,10.219905,5.000000,11
343,275,0.327324,65737,2.790023142,2.798500000,8.476858,0,10.219905,5.000000,11
345,275,0.338577,65737,2.799956755,2.810000000,10.043245,0,10.219905,5.000000,14
346,275,0.351886,65737,2.810039038,2.816000000,5.960962,0,10.219905,5.000000,14
348,275,0.488756,65737,2.820877107,2.824000000,3.122893,1,0.488756,5.000000,14
349,275,0.400804,65737,2.830771292,2.836500000,5.728708,0,10.219905,5.000000,14
351,275,0.278585,65737,2.842870102,2.846000000,3.129898,1,0.278585,5.000000,14
352,275,0.194846,65737,2.855725534,2.859000000,3.274466,1,0.194846,5.000000,14
355,275,0.393175,65737,2.865700498,2.869000000,3.299502,1,0.393175,5.000000,14
356,275,0.548369,65737,2.875736934,2.879500000,3.763066,1,0.548369,5.000000,14
357,275,0.479644,65737,2.887784522,2.891000000,3.215478,1,0.479644,5.000000,14
358,275,0.439717,65737,2.898631763,2.904500000,5.868237,0,10.219905,5.000000,14
362,275,0.454317,65737,2.921951447,2.994500000,72.548553,0,10.219905,5.000000,14
363,275,0.399722,65737,2.933512134,2.994500000,60.987866,0,10.219905,5.000000,14
364,275,0.381662,65737,2.944462658,2.994500000,50.037342,0,10.219905,5.000000,14
365,275,0.320178,65737,2.956728020,2.994500000,37.771980,0,10.219905,5.000000,14
369,275,0.785816,65737,2.968156195,2.994500000,26.343805,0,10.219905,5.000000,14
370,275,0.716603,65737,2.980040165,2.994500000,14.459835,0,10.219905,5.000000,14
371,275,0.816040,65737,2.991832930,2.994500000,2.667070,1,0.816040,5.000000,14
372,275,0.684531,65737,3.002637809,3.012000000,9.362191,0,10.219905,5.000000,14
373,275,0.444809,65737,3.015087957,3.018000000,2.912043,1,0.444809,5.000000,14
375,275,0.369102,65737,3.028526878,3.032500000,3.973122,1,0.369102,5.000000,14
376,275,0.405457,65737,3.041124214,3.045500000,4.375786,1,0.405457,5.000000,14
377,275,0.459009,65737,3.053022287,3.056000000,2.977713,1,0.459009,5.000000,14
378,275,0.421796,65737,3.066029635,3.069000000,2.970365,1,0.421796,5.000000,14
379,275,0.441594,65737,3.077135251,3.080000000,2.864749,1,0.441594,5.000000,14
380,275,0.390034,65737,3.088202855,3.092000000,3.797145,1,0.390034,5.000000,14
381,275,0.310851,65737,3.099561206,3.108500000,8.938794,0,10.219905,5.000000,14
382,275,0.319958,65737,3.110591713,3.116500000,5.908287,0,10.219905,5.000000,14
384,275,0.295452,65737,3.121803323,3.124500000,2.696677,1,0.295452,5.000000,14
385,275,0.348837,65737,3.132107470,3.136500000,4.392530,1,0.348837,5.000000,14
386,275,0.388695,65737,3.144165280,3.147000000,2.834720,1,0.388695,5.000000,14
388,275,0.430866,65737,3.154976694,3.158000000,3.023306,1,0.430866,5.000000,14
389,275,0.437437,65737,3.166849507,3.169500000,2.650493,1,0.437437,5.000000,14
390,275,0.430705,65737,3.180346092,3.183500000,3.153908,1,0.430705,5.000000,14
391,275,0.499865,65737,3.192084870,3.195500000,3.415130,1,0.499865,5.000000,14
392,275,0.515055,65737,3.205552861,3.215000000,9.447139,0,10.219905,5.000000,14
394,275,0.628361,65737,3.217957325,3.220500000,2.542675,1,0.628361,5.000000,14
395,275,0.620342,65737,3.228584035,3.231500000,2.915965,1,0.620342,5.000000,14
396,275,0.576217,65737,3.240359091,3.243000000,2.640909,1,0.576217,5.000000,14
397,275,0.626351,65737,3.250961838,3.253500000,2.538162,1,0.626351,5.000000,14
398,275,0.625343,65737,3.261625273,3.264500000,2.874727,1,0.625343,5.000000,14
399,275,0.623918,65737,3.272008631,3.278000000,5.991369,0,10.219905,5.000000,14
400,275,2.058873,65737,3.284332229,3.287000000,2.667771,1,2.058873,5.000000,14
401,275,1.394434,65737,3.295012891,3.299000000,3.987109,1,1.394434,5.000000,14
403,275,1.113308,65737,3.306006347,3.315000000,8.993653,0,10.219905,5.000000,14
404,275,1.114194,65737,3.316593826,3.319500000,2.906174,1,1.114194,5.000000,14
405,275,0.863886,65737,3.328315681,3.331000000,2.684319,1,0.863886,5.000000,14
409,275,1.351777,65737,3.339531254,3.342500000,2.968746,1,1.351777,5.000000,14
412,275,1.164886,65737,3.350065965,3.353000000,2.934035,1,1.164886,5.000000,14
413,275,1.115727,65737,3.365734786,3.371000000,5.265214,0,10.219905,5.000000,14
415,275,0.785807,65737,3.377663858,3.380500000,2.836142,1,0.785807,5.000000,14
417,275,1.149711,65737,3.388370419,3.391000000,2.629581,1,1.149711,5.000000,14
418,275,1.393010,65737,3.398812090,3.404500000,5.687910,0,10.219905,5.000000,14
419,275,1.131355,65737,3.409553717,3.414000000,4.446283,1,1.131355,5.000000,14
421,275,0.812827,65737,3.419957022,3.422500000,2.542978,1,0.812827,5.000000,14
424,275,1.210464,65737,3.430952247,3.433500000,2.547753,1,1.210464,5.000000,14
425,275,1.729122,65737,3.442034796,3.447500000,5.465204,0,10.219905,5.000000,14
427,275,1.423276,65737,3.452329174,3.455000000,2.670826,1,1.423276,5.000000,14
428,275,1.307904,65737,3.463697824,3.466500000,2.802176,1,1.307904,5.000000,14
429,275,1.171213,65737,3.476196782,3.479000000,2.803218,1,1.171213,5.000000,14
431,275,0.972234,65737,3.487452714,3.490000000,2.547286,1,0.972234,5.000000,14
434,275,0.580951,65737,3.498929703,3.505500000,6.570297,0,10.219905,5.000000,14
437,275,0.989335,65737,3.511054560,3.517500000,6.445440,0,10.219905,5.000000,13
439,275,0.941902,65737,3.524264241,3.534000000,9.735759,0,10.219905,5.000000,13
441,275,0.705504,65737,3.534208841,3.537500000,3.291159,1,0.705504,5.000000,13
442,275,0.788468,65737,3.546078541,3.549500000,3.421459,1,0.788468,5.000000,13
444,275,0.817078,65737,3.557538368,3.561000000,3.461632,1,0.817078,5.000000,13
446,275,1.572976,65737,3.570690792,3.574000000,3.309208,1,1.572976,5.000000,13
447,275,1.758161,65737,3.583183296,3.587500000,4.316704,1,1.758161,5.000000,13
448,275,1.180497,65737,3.595487062,3.599500000,4.012938,1,1.180497,5.000000,13
449,275,1.205000,65737,3.611108419,3.618000000,6.891581,0,10.219905,5.000000,14
451,275,1.051693,65737,3.621937569,3.625500000,3.562431,1,1.051693,5.000000,14
452,275,1.134209,65737,3.636660082,3.640500000,3.839918,1,1.134209,5.000000,14
453,275,1.022711,65737,3.647309907,3.652000000,4.690093,1,1.022711,5.000000,14
454,275,1.128437,65737,3.659019790,3.665500000,6.480210,0,10.219905,5.000000,14
455,275,1.063107,65737,3.671141241,3.674500000,3.358759,1,1.063107,5.000000,14
456,275,1.042774,65737,3.683138395,3.686500000,3.361605,1,1.042774,5.000000,14
458,275,1.155531,65737,3.696320836,3.702000000,5.679164,0,10.219905,5.000000,14
459,275,0.877560,65737,3.710359670,3.715500000,5.140330,0,10.219905,5.000000,13
460,275,0.817254,65737,3.720775977,3.725000000,4.224023,1,0.817254,5.000000,13
462,275,0.576404,65737,3.733162739,3.738000000,4.837261,1,0.576404,5.000000,13
465,275,0.600662,65737,3.743096951,3.747000000,3.903049,1,0.600662,5.000000,13
466,275,0.778628,65737,3.754290565,3.757500000,3.209435,1,0.778628,5.000000,13
467,275,0.745098,65737,3.764895512,3.768000000,3.104488,1,0.745098,5.000000,13
468,275,0.661676,65737,3.776196152,3.786500000,10.303848,0,10.219905,5.000000,13
469,275,0.833301,65737,3.787526314,3.791000000,3.473686,1,0.833301,5.000000,13
470,275,0.728206,65737,3.799779220,3.806000000,6.220780,0,10.219905,5.000000,13
473,275,0.502076,65737,3.813829816,3.817000000,3.170184,1,0.502076,5.000000,13
474,275,0.543828,65737,3.825647414,3.829500000,3.852586,1,0.543828,5.000000,13
475,275,0.579056,65737,3.835772575,3.839000000,3.227425,1,0.579056,5.000000,13
476,275,0.405876,65737,3.848300869,3.860000000,11.699131,0,10.219905,5.000000,13
477,275,0.271737,65737,3.859381594,3.867000000,7.618406,0,10.219905,5.000000,13
481,275,0.249634,65737,3.871469086,3.874500000,3.030914,1,0.249634,5.000000,13
483,275,0.266737,65737,3.883439188,3.887500000,4.060812,1,0.266737,5.000000,13
484,275,0.286860,65737,3.893526344,3.899500000,5.973656,0,10.219905,5.000000,13
487,275,0.312337,65737,3.904297916,3.911500000,7.202084,0,10.219905,5.000000,13
488,275,0.338772,65737,3.917015416,3.923000000,5.984584,0,10.219905,5.000000,13
490,275,0.347608,65737,3.928489248,3.937500000,9.010752,0,10.219905,5.000000,13
491,275,0.320720,65737,3.940559525,3.946500000,5.940475,0,10.219905,5.000000,13
492,275,0.305826,65737,3.950762637,3.954000000,3.237363,1,0.305826,5.000000,13
493,275,0.359822,65737,3.961665628,3.968000000,6.334372,0,10.219905,5.000000,13
494,275,0.276436,65737,3.971985756,3.977500000,5.514244,0,10.219905,5.000000,13
496,275,0.210988,65737,3.982640668,3.986000000,3.359332,1,0.210988,5.000000,13
499,275,0.312770,65737,3.993429467,3.997000000,3.570533,1,0.312770,5.000000,13
500,275,0.305271,65737,4.004707795,4.011000000,6.292205,0,10.219905,5.000000,13
501,275,0.355868,65737,4.015497837,4.020000000,4.502163,1,0.355868,5.000000,13
502,275,0.416890,65737,4.028100727,4.034500000,6.399273,0,10.219905,5.000000,13
503,275,0.382096,65737,4.040562375,4.044000000,3.437625,1,0.382096,5.000000,13
504,275,0.410284,65737,4.051298675,4.054500000,3.201325,1,0.410284,5.000000,13
505,275,0.454668,65737,4.061348785,4.065000000,3.651215,1,0.454668,5.000000,13
506,275,0.349384,65737,4.072464678,4.078000000,5.535322,0,10.219905,5.000000,13
510,275,0.202216,65737,4.084431129,4.089500000,5.068871,0,10.219905,5.000000,13
512,275,0.273471,65737,4.095762647,4.100000000,4.237353,1,0.273471,5.000000,13
513,275,0.331565,65737,4.106736610,4.115500000,8.763390,0,10.219905,5.000000,13
514,275,0.379531,65737,4.118956296,4.128500000,9.543704,0,10.219905,5.000000,13
515,275,0.361755,65737,4.129983541,4.136000000,6.016459,0,10.219905,5.000000,13
516,275,0.357636,65737,4.142011602,4.145500000,3.488398,1,0.357636,5.000000,13
517,275,0.383432,65737,4.154317399,4.158000000,3.682601,1,0.383432,5.000000,13
519,275,0.342913,65737,4.166570011,4.170000000,3.429989,1,0.342913,5.000000,13
520,275,0.380788,65737,4.176875826,4.180000000,3.124174,1,0.380788,5.000000,13
523,275,0.359309,65737,4.187085516,4.195500000,8.414484,0,10.219905,5.000000,13
524,275,0.306696,65737,4.201246926,4.216000000,14.753074,0,10.219905,5.000000,13
525,275,0.255322,65737,4.214946423,4.223000000,8.053577,0,10.219905,5.000000,13
526,275,0.270779,65737,4.227154194,4.230500000,3.345806,1,0.270779,5.000000,13
531,275,0.252790,65737,4.237676652,4.242000000,4.323348,1,0.252790,5.000000,13
533,275,0.349238,65737,4.249644955,4.254500000,4.855045,1,0.349238,5.000000,13
534,275,0.440064,65737,4.261273480,4.267000000,5.726520,0,10.219905,5.000000,13
535,275,0.527752,65737,4.271616342,4.276500000,4.883658,1,0.527752,5.000000,13
536,275,0.486805,65737,4.282577614,4.286000000,3.422386,1,0.486805,5.000000,13
537,275,0.556055,65737,4.294863326,4.298500000,3.636674,1,0.556055,5.000000,13
538,275,0.574507,65737,4.307348748,4.314000000,6.651252,0,10.219905,5.000000,13
539,275,0.520743,65737,4.317748718,4.321000000,3.251282,1,0.520743,5.000000,13
540,275,0.505582,65737,4.328178818,4.331500000,3.321182,1,0.505582,5.000000,13
541,275,0.570136,65737,4.342383174,4.345500000,3.116826,1,0.570136,5.000000,13
542,275,0.503116,65737,4.353573820,4.360500000,6.926180,0,10.219905,5.000000,13
543,275,0.447413,65737,4.364649810,4.370500000,5.850190,0,10.219905,5.000000,13
545,275,0.451587,65737,4.376125183,4.379500000,3.374817,1,0.451587,5.000000,13
546,275,0.487827,65737,4.390017675,4.395500000,5.482325,0,10.219905,5.000000,13
547,275,0.535346,65737,4.400489557,4.406500000,6.010443,0,10.219905,5.000000,13
548,275,0.478209,65737,4.411120921,4.417500000,6.379079,0,10.219905,5.000000,13
549,275,0.468047,65737,4.423841962,4.430000000,6.158038,0,10.219905,5.000000,13
550,275,0.504237,65737,4.437022951,4.442500000,5.477049,0,10.219905,5.000000,13
551,275,0.406578,65737,4.450360619,4.456500000,6.139381,0,10.219905,5.000000,13
552,275,0.353090,65737,4.461847890,4.465000000,3.152110,1,0.353090,5.000000,13
553,275,0.377564,65737,4.472259131,4.476000000,3.740869,1,0.377564,5.000000,13
556,275,0.358722,65737,4.483128710,4.486500000,3.371290,1,0.358722,5.000000,13
557,275,0.359614,65737,4.494276470,4.500500000,6.223530,0,10.219905,5.000000,13
558,275,0.397779,65737,4.505494933,4.512500000,7.005067,0,10.219905,5.000000,14
559,275,0.461511,65737,4.517771802,4.520500000,2.728198,1,0.461511,5.000000,14
560,275,0.413888,65737,4.529343133,4.532000000,2.656867,1,0.413888,5.000000,14
561,275,0.372667,65737,4.539797788,4.545000000,5.202212,0,10.219905,5.000000,14
562,275,0.399924,65737,4.552724987,4.556000000,3.275013,1,0.399924,5.000000,14
563,275,0.328914,65737,4.563644947,4.569500000,5.855053,0,10.219905,5.000000,14
566,275,0.170322,65737,4.574422948,4.577000000,2.577052,1,0.170322,5.000000,14
569,275,0.283323,65737,4.585429651,4.588500000,3.070349,1,0.283323,5.000000,14
570,275,0.267052,65737,4.597374752,4.600000000,2.625248,1,0.267052,5.000000,14
571,275,0.322658,65737,4.607876039,4.614000000,6.123961,0,10.219905,5.000000,14
573,275,0.329481,65737,4.618378706,4.621000000,2.621294,1,0.329481,5.000000,14
574,275,0.361328,65737,4.630913306,4.633500000,2.586694,1,0.361328,5.000000,14
576,275,0.360347,65737,4.644084613,4.650000000,5.915387,0,10.219905,5.000000,14
577,275,0.404009,65737,4.657646230,4.660500000,2.853770,1,0.404009,5.000000,14
578,275,0.362034,65737,4.669264168,4.673000000,3.735832,1,0.362034,5.000000,14
579,275,0.332406,65737,4.680414959,4.684000000,3.585041,1,0.332406,5.000000,14
580,275,0.361721,65737,4.691569014,4.694500000,2.930986,1,0.361721,5.000000,14
583,275,0.358469,65737,4.702802516,4.713500000,10.697484,0,10.219905,5.000000,14
584,275,0.326951,65737,4.714404379,4.717500000,3.095621,1,0.326951,5.000000,14
585,275,0.385051,65737,4.725158194,4.728500000,3.341806,1,0.385051,5.000000,14
586,275,0.361492,65737,4.735211687,4.738500000,3.288313,1,0.361492,5.000000,14
587,275,0.342805,65737,4.746210040,4.750000000,3.789960,1,0.342805,5.000000,14
588,275,0.303674,65737,4.759060327,4.762000000,2.939673,1,0.303674,5.000000,14
589,275,0.326788,65737,4.768975558,4.772000000,3.024442,1,0.326788,5.000000,14
590,275,0.278602,65737,4.781014842,4.785500000,4.485158,1,0.278602,5.000000,14
591,275,0.222139,65737,4.791348378,4.794500000,3.151622,1,0.222139,5.000000,14
592,275,0.243631,65737,4.804009571,4.813000000,8.990429,0,10.219905,5.000000,14
593,275,0.186292,65737,4.815189070,4.821000000,5.810930,0,10.219905,5.000000,14
594,275,0.140772,65737,4.826520730,4.830000000,3.479270,1,0.140772,5.000000,14
595,275,0.118410,65737,4.838038675,4.841000000,2.961325,1,0.118410,5.000000,14
597,275,0.100747,65737,4.849806120,4.853000000,3.193880,1,0.100747,5.000000,14
600,275,1.809887,65737,4.859800396,4.862500000,2.699604,1,1.809887,5.000000,14
603,275,0.942871,65737,4.871336305,4.874000000,2.663695,1,0.942871,5.000000,14
604,275,0.874127,65737,4.881898730,4.884500000,2.601270,1,0.874127,5.000000,14
606,275,0.547093,65737,4.892223867,4.895000000,2.776133,1,0.547093,5.000000,14
608,275,0.726918,65737,4.903278702,4.910500000,7.221298,0,10.219905,5.000000,14
609,275,0.729363,65737,4.913212475,4.922000000,8.787525,0,10.219905,5.000000,14
612,275,0.450492,65737,4.925477769,4.928500000,3.022231,1,0.450492,5.000000,14
614,275,0.785049,65737,4.937566187,4.941500000,3.933813,1,0.785049,5.000000,14
615,275,0.924411,65737,4.949052898,4.952500000,3.447102,1,0.924411,5.000000,14
616,275,0.882424,65737,4.959846231,4.965500000,5.653769,0,10.219905,5.000000,14
619,275,0.553267,65737,4.971799039,4.975000000,3.200961,1,0.553267,5.000000,14
622,275,0.831282,65737,4.984927790,4.988000000,3.072210,1,0.831282,5.000000,14
623,275,1.670353,65737,4.994949384,4.998000000,3.050616,1,1.670353,5.000000,14
624,275,1.976991,65737,5.005865859,5.017500000,11.634141,0,10.219905,5.000000,14
625,275,1.675545,65737,5.017512229,5.023500000,5.987771,0,10.219905,5.000000,14
626,275,1.523649,65737,5.028662767,5.036000000,7.337233,0,10.219905,5.000000,14
627,275,1.589129,65737,5.040970947,5.045500000,4.529053,1,1.589129,5.000000,14
628,275,1.283040,65737,5.054085091,5.057500000,3.414909,1,1.283040,5.000000,14
630,275,0.567485,65737,5.064364029,5.070500000,6.135971,0,10.219905,5.000000,14
631,275,0.570539,65737,5.074289064,5.077500000,3.210936,1,0.570539,5.000000,14
633,275,0.391303,65737,5.086112122,5.089500000,3.387878,1,0.391303,5.000000,14
634,275,0.315319,65737,5.097672925,5.101000000,3.327075,1,0.315319,5.000000,14
635,275,0.233525,65737,5.109050969,5.115000000,5.949031,0,10.219905,5.000000,14
638,275,0.401807,65737,5.119258941,5.122500000,3.241059,1,0.401807,5.000000,14
639,275,0.541799,65737,5.132229443,5.135500000,3.270557,1,0.541799,5.000000,14
640,275,0.499045,65737,5.143240758,5.146500000,3.259242,1,0.499045,5.000000,14
641,275,0.514224,65737,5.156744641,5.160000000,3.255359,1,0.514224,5.000000,14
642,275,0.493337,65737,5.168532225,5.172000000,3.467775,1,0.493337,5.000000,14
644,275,0.425698,65737,5.180462725,5.183500000,3.037275,1,0.425698,5.000000,14
645,275,0.503175,65737,5.192541553,5.201000000,8.458447,0,10.219905,5.000000,14
648,275,0.304271,65737,5.216562258,5.254000000,37.437742,0,10.219905,5.000000,14
652,275,0.363829,65737,5.227540107,5.254000000,26.459893,0,10.219905,5.000000,14
653,275,0.432008,65737,5.240335228,5.254000000,13.664772,0,10.219905,5.000000,14
655,275,0.987152,65737,5.250757006,5.254000000,3.242994,1,0.987152,5.000000,14
656,275,0.912393,65737,5.264430872,5.267500000,3.069128,1,0.912393,5.000000,14
658,275,0.684362,65737,5.276201874,5.280000000,3.798126,1,0.684362,5.000000,14
659,275,1.104500,65737,5.288237380,5.294500000,6.262620,0,10.219905,5.000000,14
663,275,1.227811,65737,5.321146120,5.346500000,25.353880,0,10.219905,5.000000,13
664,275,1.347140,65737,5.331650153,5.346500000,14.849847,0,10.219905,5.000000,13
665,275,1.610341,65737,5.341567999,5.346500000,4.932001,1,1.610341,5.000000,13
666,275,1.571084,65737,5.352527675,5.359000000,6.472325,0,10.219905,5.000000,13
667,275,1.502867,65737,5.363934331,5.367000000,3.065669,1,1.502867,5.000000,13
669,275,0.800867,65737,5.374722007,5.380000000,5.277993,0,10.219905,5.000000,13
671,275,1.679225,65737,5.386542336,5.391500000,4.957664,1,1.679225,5.000000,13
672,275,2.340229,65737,5.396713682,5.400000000,3.286318,1,2.340229,5.000000,13
674,275,1.746934,65737,5.417532019,5.465000000,47.467981,0,10.219905,5.000000,13
675,275,1.700129,65737,5.429583820,5.465000000,35.416180,0,10.219905,5.000000,13
676,275,1.614795,65737,5.440081009,5.465000000,24.918991,0,10.219905,5.000000,13
677,275,1.028461,65737,5.451805061,5.465000000,13.194939,0,10.219905,5.000000,13
681,275,1.491088,65737,5.462156606,5.465500000,3.343394,1,1.491088,5.000000,13
682,275,1.367618,65737,5.472810051,5.476000000,3.189949,1,1.367618,5.000000,13
683,275,1.570292,65737,5.485116690,5.488500000,3.383310,1,1.570292,5.000000,13
684,275,2.011032,65737,5.496163303,5.500000000,3.836697,1,2.011032,5.000000,13
688,275,2.027234,65737,5.542660992,5.593000000,50.339008,0,10.219905,5.000000,13
691,275,1.267049,65737,5.578043958,5.631500000,53.456042,0,10.219905,5.000000,13
692,275,0.648096,65737,5.590948977,5.631500000,40.551023,0,10.219905,5.000000,13
697,275,0.690997,65737,5.628522166,5.680000000,51.477834,0,10.219905,5.000000,13
698,275,0.614842,65737,5.638749914,5.680000000,41.250086,0,10.219905,5.000000,13
699,275,0.605853,65737,5.651871716,5.680000000,28.128284,0,10.219905,5.000000,13
701,275,0.602900,65737,5.667335507,5.680000000,12.664493,0,10.219905,5.000000,13
703,275,0.590892,65737,5.687952794,5.737500000,49.547206,0,10.219905,5.000000,13
704,275,0.396774,65737,5.700040772,5.737500000,37.459228,0,10.219905,5.000000,13
706,275,0.346629,65737,5.710534520,5.737500000,26.965480,0,10.219905,5.000000,13
708,275,0.608594,65737,5.721089782,5.737500000,16.410218,0,10.219905,5.000000,13
713,275,1.040459,65737,5.779726272,5.828500000,48.773728,0,10.219905,5.000000,13
717,275,0.911061,65737,5.826223583,5.876000000,49.776417,0,10.219905,5.000000,13
718,275,0.786651,65737,5.839675625,5.876000000,36.324375,0,10.219905,5.000000,13
720,275,0.705726,65737,5.850111081,5.876000000,25.888919,0,10.219905,5.000000,13
722,275,0.603821,65737,5.871272585,5.920500000,49.227415,0,10.219905,5.000000,14
723,275,0.671715,65737,5.881411152,5.920500000,39.088848,0,10.219905,5.000000,14
724,275,0.548377,65737,5.896163818,5.920500000,24.336182,0,10.219905,5.000000,14
725,275,0.406505,65737,5.906605912,5.920500000,13.894088,0,10.219905,5.000000,14
726,275,0.396917,65737,5.916799580,5.925500000,8.700420,0,10.219905,5.000000,14
728,275,0.298322,65737,5.928055248,5.931500000,3.444752,1,0.298322,5.000000,14
730,275,0.364459,65737,5.939882805,5.943000000,3.117195,1,0.364459,5.000000,14
731,275,0.515757,65737,5.951441879,5.954500000,3.058121,1,0.515757,5.000000,14
732,275,0.647291,65737,5.964898029,5.968000000,3.101971,1,0.647291,5.000000,14
733,275,0.591398,65737,5.974853621,5.980500000,5.646379,0,10.219905,5.000000,14
734,275,0.625797,65737,5.987252516,5.991000000,3.747484,1,0.625797,5.000000,14
735,275,0.686580,65737,5.997143882,6.002500000,5.356118,0,10.219905,5.000000,14
737,275,0.553201,65737,6.008821939,6.014500000,5.678061,0,10.219905,5.000000,14
738,275,0.586422,65737,6.019477335,6.029000000,9.522665,0,10.219905,5.000000,14
739,275,0.475478,65737,6.031418452,6.036500000,5.081548,0,10.219905,5.000000,14
740,275,0.314608,65737,6.042617870,6.047000000,4.382130,1,0.314608,5.000000,14
743,275,0.369449,65737,6.055153889,6.059000000,3.846111,1,0.369449,5.000000,14
744,275,0.468507,65737,6.068175991,6.072000000,3.824009,1,0.468507,5.000000,14
745,275,0.412192,65737,6.081237033,6.084500000,3.262967,1,0.412192,5.000000,14
747,275,0.401961,65737,6.091691679,6.101000000,9.308321,0,10.219905,5.000000,14
749,275,0.539801,65737,6.103174668,6.114500000,11.325332,0,10.219905,5.000000,14
750,275,0.591824,65737,6.113209839,6.117500000,4.290161,1,0.591824,5.000000,14
751,275,0.632645,65737,6.126695876,6.130000000,3.304124,1,0.632645,5.000000,14
752,275,0.572621,65737,6.137203793,6.140500000,3.296207,1,0.572621,5.000000,14
753,275,0.598543,65737,6.147819475,6.150500000,2.680525,1,0.598543,5.000000,14
754,275,0.495951,65737,6.158983245,6.162000000,3.016755,1,0.495951,5.000000,14
757,275,0.213431,65737,6.171159297,6.176500000,5.340703,0,10.219905,5.000000,14
758,275,0.276192,65737,6.181164733,6.184500000,3.335267,1,0.276192,5.000000,14
760,275,0.345611,65737,6.194654711,6.197500000,2.845289,1,0.345611,5.000000,14
762,275,0.387441,65737,6.205230362,6.211500000,6.269638,0,10.219905,5.000000,14
763,275,0.309231,65737,6.217933623,6.223500000,5.566377,0,10.219905,5.000000,14
766,275,0.308996,65737,6.228705404,6.231500000,2.794596,1,0.308996,5.000000,14
768,275,0.614864,65737,6.239985456,6.249000000,9.014544,0,10.219905,5.000000,14
769,275,0.628148,65737,6.251633547,6.257000000,5.366453,0,10.219905,5.000000,14
770,275,0.695932,65737,6.265015028,6.268500000,3.484972,1,0.695932,5.000000,14
771,275,0.675944,65737,6.275354052,6.278000000,2.645948,1,0.675944,5.000000,14
773,275,0.739325,65737,6.287297747,6.290000000,2.702253,1,0.739325,5.000000,14
774,275,0.979184,65737,6.297321500,6.300000000,2.678500,1,0.979184,5.000000,14
775,275,1.075547,65737,6.308697300,6.314500000,5.802700,0,10.219905,5.000000,14
776,275,1.169708,65737,6.319734836,6.324000000,4.265164,1,1.169708,5.000000,14
777,275,1.152320,65737,6.332320732,6.335500000,3.179268,1,1.152320,5.000000,14
778,275,1.093869,65737,6.345266646,6.348000000,2.733354,1,1.093869,5.000000,14
779,275,1.200175,65737,6.355201692,6.358000000,2.798308,1,1.200175,5.000000,14
780,275,1.063549,65737,6.367587468,6.371000000,3.412532,1,1.063549,5.000000,14
783,275,1.380219,65737,6.378409004,6.381500000,3.090996,1,1.380219,5.000000,14
784,275,1.540321,65737,6.389549694,6.392500000,2.950306,1,1.540321,5.000000,14
785,275,1.287348,65737,6.401876054,6.408000000,6.123946,0,10.219905,5.000000,14
788,275,1.051761,65737,6.414060390,6.417500000,3.439610,1,1.051761,5.000000,14
791,275,1.493714,65737,6.424753651,6.427500000,2.746349,1,1.493714,5.000000,14
792,275,1.041196,65737,6.434710137,6.437500000,2.789863,1,1.041196,5.000000,14
793,275,1.664494,65737,6.445485203,6.448500000,3.014797,1,1.664494,5.000000,14
794,275,1.156545,65737,6.457696567,6.460500000,2.803433,1,1.156545,5.000000,14
795,275,1.515683,65737,6.468937781,6.471500000,2.562219,1,1.515683,5.000000,14
796,275,1.601929,65737,6.480432618,6.484000000,3.567382,1,1.601929,5.000000,14
797,275,1.523430,65737,6.491075766,6.494000000,2.924234,1,1.523430,5.000000,14
799,275,2.097512,65737,6.502408643,6.509000000,6.591357,0,10.219905,5.000000,14
800,275,3.092028,65737,6.513685534,6.517000000,3.314466,1,3.092028,5.000000,14
803,275,1.911129,65737,6.526009878,6.529000000,2.990122,1,1.911129,5.000000,14
804,275,2.449937,65737,6.536051299,6.539500000,3.448701,1,2.449937,5.000000,14
805,275,1.722097,65737,6.546451695,6.549000000,2.548305,1,1.722097,5.000000,14
806,275,2.068623,65737,6.559365475,6.562000000,2.634525,1,2.068623,5.000000,14
811,275,1.995496,65737,6.570859967,6.574000000,3.140033,1,1.995496,5.000000,14
813,275,1.712002,65737,6.580856740,6.583500000,2.643260,1,1.712002,5.000000,14
814,275,2.151026,65737,6.591534220,6.594500000,2.965780,1,2.151026,5.000000,14
815,275,3.299665,65737,6.604554702,6.610500000,5.945298,0,10.219905,5.000000,14
816,275,2.922346,65737,6.614673024,6.618000000,3.326976,1,2.922346,5.000000,14
817,275,2.202366,65737,6.625595004,6.628500000,2.904996,1,2.202366,5.000000,14
818,275,1.438586,65737,6.635486624,6.638500000,3.013376,1,1.438586,5.000000,14
820,275,1.310089,65737,6.647573458,6.650500000,2.926542,1,1.310089,5.000000,14
822,275,1.856335,65737,6.658021983,6.661000000,2.978017,1,1.856335,5.000000,14
823,275,1.980353,65737,6.668857793,6.673500000,4.642207,1,1.980353,5.000000,14
824,275,2.227537,65737,6.680553111,6.684000000,3.446889,1,2.227537,5.000000,14
825,275,2.072434,65737,6.693449243,6.696000000,2.550757,1,2.072434,5.000000,14
826,275,1.882270,65737,6.706481926,6.716000000,9.518074,0,10.219905,5.000000,14
827,275,1.804716,65737,6.717364494,6.720000000,2.635506,1,1.804716,5.000000,14
828,275,1.431597,65737,6.729691580,6.733000000,3.308420,1,1.431597,5.000000,14
830,275,0.721880,65737,6.739618140,6.742500000,2.881860,1,0.721880,5.000000,14
831,275,1.119376,65737,6.750295106,6.755000000,4.704894,1,1.119376,5.000000,14
832,275,0.650291,65737,6.761223402,6.764000000,2.776598,1,0.650291,5.000000,14
833,275,0.533273,65737,6.771501719,6.774500000,2.998281,1,0.533273,5.000000,14
835,275,0.299486,65737,6.783379645,6.786000000,2.620355,1,0.299486,5.000000,14
836,275,0.328794,65737,6.795427397,6.798500000,3.072603,1,0.328794,5.000000,14
837,275,0.219326,65737,6.805318239,6.817000000,11.681761,0,10.219905,5.000000,14
842,275,0.671234,65737,6.818554566,6.821500000,2.945434,1,0.671234,5.000000,14
843,275,0.477251,65737,6.830579563,6.833500000,2.920437,1,0.477251,5.000000,14
844,275,0.347822,65737,6.845066195,6.848000000,2.933805,1,0.347822,5.000000,14
846,275,0.679606,65737,6.857269866,6.860000000,2.730134,1,0.679606,5.000000,14
847,275,0.852686,65737,6.868674741,6.871500000,2.825259,1,0.852686,5.000000,14
848,275,1.080491,65737,6.879021511,6.882000000,2.978489,1,1.080491,5.000000,14
849,275,1.050210,65737,6.890606542,6.893500000,2.893458,1,1.050210,5.000000,14
850,275,1.069296,65737,6.903349074,6.912000000,8.650926,0,10.219905,5.000000,14
851,275,1.203148,65737,6.913455834,6.918500000,5.044166,0,10.219905,5.000000,14
852,275,0.962245,65737,6.924343521,6.929500000,5.156479,0,10.219905,5.000000,14
853,275,0.804252,65737,6.937318002,6.943000000,5.681998,0,10.219905,5.000000,14
854,275,0.790354,65737,6.949067155,6.952000000,2.932845,1,0.790354,5.000000,14
855,275,0.535726,65737,6.959644024,6.963000000,3.355976,1,0.535726,5.000000,14
858,275,0.185554,65737,6.971860764,6.974500000,2.639236,1,0.185554,5.000000,14
860,275,0.342651,65737,6.982479440,6.985500000,3.020560,1,0.342651,5.000000,14
862,275,0.678273,65737,6.995770418,6.998500000,2.729582,1,0.678273,5.000000,14
863,275,0.551171,65737,7.006618249,7.012500000,5.881751,0,10.219905,5.000000,14
864,275,0.539841,65737,7.022291489,7.025000000,2.708511,1,0.539841,5.000000,14
865,275,0.445334,65737,7.033511796,7.036500000,2.988204,1,0.445334,5.000000,14
868,275,0.317925,65737,7.044578220,7.048000000,3.421780,1,0.317925,5.000000,14
870,275,0.398554,65737,7.058732190,7.061500000,2.767810,1,0.398554,5.000000,14
871,275,0.402715,65737,7.068816614,7.071500000,2.683386,1,0.402715,5.000000,14
872,275,0.319364,65737,7.079979263,7.083000000,3.020737,1,0.319364,5.000000,14
875,275,0.248574,65737,7.090954448,7.093500000,2.545552,1,0.248574,5.000000,14
876,275,0.300000,65737,7.100923316,7.107000000,6.076684,0,10.219905,5.000000,14
877,275,0.363112,65737,7.115010636,7.118000000,2.989364,1,0.363112,5.000000,14
878,275,0.310905,65737,7.124906510,7.127500000,2.593490,1,0.310905,5.000000,14
880,275,0.353103,65737,7.135694504,7.138500000,2.805496,1,0.353103,5.000000,14
882,275,0.388485,65737,7.146429860,7.149000000,2.570140,1,0.388485,5.000000,14
883,275,0.447897,65737,7.157005481,7.160000000,2.994519,1,0.447897,5.000000,14
884,275,0.400736,65737,7.168849205,7.171500000,2.650795,1,0.400736,5.000000,14
885,275,0.352107,65737,7.180503061,7.184000000,3.496939,1,0.352107,5.000000,14
886,275,0.377514,65737,7.191103631,7.194000000,2.896369,1,0.377514,5.000000,14
887,275,0.280515,65737,7.206095557,7.215500000,9.404443,0,10.219905,5.000000,14
891,275,0.307740,65737,7.217528019,7.220500000,2.971981,1,0.307740,5.000000,14
892,275,0.392737,65737,7.230117220,7.233000000,2.882780,1,0.392737,5.000000,14
893,275,0.401570,65737,7.241644035,7.248000000,6.355965,0,10.219905,5.000000,14
894,275,0.426912,65737,7.252996133,7.257000000,4.003867,1,0.426912,5.000000,14
895,275,0.485016,65737,7.264940354,7.267500000,2.559646,1,0.485016,5.000000,14
896,275,0.440283,65737,7.275453411,7.278000000,2.546589,1,0.440283,5.000000,14
897,275,0.469447,65737,7.288417542,7.291000000,2.582458,1,0.469447,5.000000,14
898,275,0.491836,65737,7.298399307,7.306500000,8.100693,0,10.219905,5.000000,14
899,275,0.382094,65737,7.311588780,7.314500000,2.911220,1,0.382094,5.000000,14
901,275,0.259447,65737,7.322204850,7.325000000,2.795150,1,0.259447,5.000000,14
904,275,0.281250,65737,7.333527092,7.339000000,5.472908,0,10.219905,5.000000,14
905,275,0.259694,65737,7.348028316,7.351000000,2.971684,1,0.259694,5.000000,14
906,275,0.258137,65737,7.359468563,7.363000000,3.531437,1,0.258137,5.000000,14
908,275,0.278555,65737,7.369400046,7.373000000,3.599954,1,0.278555,5.000000,14
909,275,0.288500,65737,7.380280984,7.383500000,3.219016,1,0.288500,5.000000,14
910,275,0.323682,65737,7.390359465,7.394000000,3.640535,1,0.323682,5.000000,14
913,275,0.424510,65737,7.404600283,7.414500000,9.899717,0,10.219905,5.000000,14
914,275,0.411949,65737,7.416949867,7.420500000,3.550133,1,0.411949,5.000000,14
915,275,0.370162,65737,7.429020187,7.435000000,5.979813,0,10.219905,5.000000,14
917,275,0.412171,65737,7.439868414,7.447500000,7.631586,0,10.219905,5.000000,14
918,275,0.459200,65737,7.450453899,7.453500000,3.046101,1,0.459200,5.000000,14
919,275,0.572117,65737,7.461026168,7.470500000,9.473832,0,10.219905,5.000000,14
920,275,0.507392,65737,7.472574283,7.475500000,2.925717,1,0.507392,5.000000,14
921,275,0.473531,65737,7.485375767,7.491500000,6.124233,0,10.219905,5.000000,14
922,275,0.533686,65737,7.497082322,7.501000000,3.917678,1,0.533686,5.000000,14
924,275,0.452530,65737,7.508256215,7.514500000,6.243785,0,10.219905,5.000000,14
925,275,0.524925,65737,7.520875013,7.523500000,2.624987,1,0.524925,5.000000,14
926,275,0.428605,65737,7.531127044,7.535000000,3.872956,1,0.428605,5.000000,14
927,275,0.390126,65737,7.543522338,7.546500000,2.977662,1,0.390126,5.000000,14
928,275,0.473747,65737,7.554132718,7.557000000,2.867282,1,0.473747,5.000000,14
932,275,0.613977,65737,7.566213431,7.572500000,6.286569,0,10.219905,5.000000,14
933,275,0.786979,65737,7.577225976,7.582500000,5.274024,0,10.219905,5.000000,14
934,275,0.770004,65737,7.587707010,7.593000000,5.292990,0,10.219905,5.000000,14
935,275,0.635184,65737,7.598011655,7.601000000,2.988345,1,0.635184,5.000000,14
936,275,0.549208,65737,7.608214382,7.618000000,9.785618,0,10.219905,5.000000,14
938,275,0.660386,65737,7.620263126,7.623000000,2.736874,1,0.660386,5.000000,14
939,275,0.591383,65737,7.632275458,7.635500000,3.224542,1,0.591383,5.000000,14
943,275,0.771085,65737,7.643270252,7.646000000,2.729748,1,0.771085,5.000000,14
944,275,1.074579,65737,7.654201090,7.660000000,5.798910,0,10.219905,5.000000,14
946,275,1.218760,65737,7.664205758,7.673000000,8.794242,0,10.219905,5.000000,14
947,275,0.889697,65737,7.678058795,7.690000000,11.941205,0,10.219905,5.000000,14
948,275,0.747895,65737,7.692106631,7.695000000,2.893369,1,0.747895,5.000000,14
951,275,0.825354,65737,7.713104611,7.774000000,60.895389,0,10.219905,5.000000,14
953,275,1.032216,65737,7.723022978,7.774000000,50.977022,0,10.219905,5.000000,14
954,275,1.104779,65737,7.734115831,7.774000000,39.884169,0,10.219905,5.000000,14
955,275,2.237496,65737,7.748431765,7.774000000,25.568235,0,10.219905,5.000000,14
956,275,2.276244,65737,7.758662404,7.774000000,15.337596,0,10.219905,5.000000,14
957,275,1.409596,65737,7.770210363,7.774000000,3.789637,1,1.409596,5.000000,14
958,275,1.620954,65737,7.782908780,7.785500000,2.591220,1,1.620954,5.000000,14
959,275,1.496296,65737,7.794052536,7.797000000,2.947464,1,1.496296,5.000000,14
960,275,1.093364,65737,7.806654311,7.815500000,8.845689,0,10.219905,5.000000,14
961,275,1.005686,65737,7.818282594,7.821500000,3.217406,1,1.005686,5.000000,14
963,275,0.965892,65737,7.829694695,7.832500000,2.805305,1,0.965892,5.000000,14
966,275,0.897349,65737,7.840781681,7.843500000,2.718319,1,0.897349,5.000000,14
967,275,0.908645,65737,7.852509455,7.856000000,3.490545,1,0.908645,5.000000,14
968,275,1.076104,65737,7.863277418,7.868500000,5.222582,0,10.219905,5.000000,14
970,275,1.133759,65737,7.875194464,7.878000000,2.805536,1,1.133759,5.000000,14
971,275,1.022942,65737,7.887112997,7.891000000,3.887003,1,1.022942,5.000000,14
972,275,0.663756,65737,7.897015494,7.900000000,2.984506,1,0.663756,5.000000,14
975,275,0.573299,65737,7.918764583,7.988000000,69.235417,0,10.219905,5.000000,14
977,275,0.949414,65737,7.929746668,7.988000000,58.253332,0,10.219905,5.000000,14
978,275,0.655422,65737,7.939794779,7.988000000,48.205221,0,10.219905,5.000000,14
980,275,0.540454,65737,7.950251102,7.988000000,37.748898,0,10.219905,5.000000,14
981,275,0.663032,65737,7.961962181,7.988000000,26.037819,0,10.219905,5.000000,14
982,275,0.700656,65737,7.973993715,7.988000000,14.006285,0,10.219905,5.000000,14
983,275,0.565673,65737,7.985024536,7.988500000,3.475464,1,0.565673,5.000000,14
987,275,0.445339,65737,8.021860170,8.070000000,48.139830,0,10.219905,5.000000,14
988,275,0.453548,65737,8.033701561,8.070000000,36.298439,0,10.219905,5.000000,14
989,275,0.432977,65737,8.044130716,8.070000000,25.869284,0,10.219905,5.000000,14
991,275,0.473522,65737,8.054428001,8.070000000,15.571999,0,10.219905,5.000000,14
992,275,0.555775,65737,8.066033924,8.070000000,3.966076,1,0.555775,5.000000,14
993,275,0.869253,65737,8.077091485,8.081500000,4.408515,1,0.869253,5.000000,14
994,275,0.986336,65737,8.087819184,8.091000000,3.180816,1,0.986336,5.000000,14
995,275,0.978109,65737,8.099793372,8.109000000,9.206628,0,10.219905,5.000000,14
996,275,1.045062,65737,8.110095896,8.120000000,9.904104,0,10.219905,5.000000,14
997,275,1.119220,65737,8.121812388,8.125000000,3.187612,1,1.119220,5.000000,14
998,275,1.115179,65737,8.133460723,8.138500000,5.039277,0,10.219905,5.000000,14
999,275,1.205852,65737,8.144574580,8.150000000,5.425420,0,10.219905,5.000000,14
1000,275,1.345000,65737,8.154504523,8.160000000,5.495477,0,10.219905,5.000000,14
1002,275,1.059372,65737,8.168914635,8.172000000,3.085365,1,1.059372,5.000000,14
1003,275,1.057110,65737,8.179107178,8.182500000,3.392822,1,1.057110,5.000000,14
1006,275,1.117009,65737,8.189822506,8.195000000,5.177494,0,10.219905,5.000000,14
1007,275,1.217150,65737,8.200116457,8.210500000,10.383543,0,10.219905,5.000000,14
1008,275,1.470384,65737,8.212727961,8.216000000,3.272039,1,1.470384,5.000000,14
1009,275,1.457150,65737,8.224824375,8.228000000,3.175625,1,1.457150,5.000000,14
1011,275,1.253806,65737,8.234974325,8.238000000,3.025675,1,1.253806,5.000000,14
1012,275,1.440284,65737,8.245761775,8.249000000,3.238225,1,1.440284,5.000000,14
1013,275,1.186977,65737,8.259282121,8.263000000,3.717879,1,1.186977,5.000000,14
1015,275,1.005966,65737,8.269337764,8.272500000,3.162236,1,1.005966,5.000000,14
1016,275,1.026271,65737,8.281026893,8.284500000,3.473107,1,1.026271,5.000000,14
1018,275,1.140918,65737,8.294548286,8.300500000,5.951714,0,10.219905,5.000000,14
1019,275,1.156402,65737,8.304926714,8.310500000,5.573286,0,10.219905,5.000000,14
1020,275,1.337996,65737,8.316937188,8.320500000,3.562812,1,1.337996,5.000000,14
1021,275,1.446847,65737,8.328570963,8.332000000,3.429037,1,1.446847,5.000000,14
1022,275,1.258570,65737,8.339280188,8.345500000,6.219812,0,10.219905,5.000000,14
1024,275,1.003077,65737,8.350436846,8.354000000,3.563154,1,1.003077,5.000000,14
1026,275,0.937872,65737,8.361049759,8.370000000,8.950241,0,10.219905,5.000000,14
1028,275,0.839306,65737,8.374246476,8.382500000,8.253524,0,10.219905,5.000000,14
1030,275,0.283940,65737,8.384956158,8.388500000,3.543842,1,0.283940,5.000000,14
1032,275,0.239866,65737,8.410157682,8.458500000,48.342318,0,10.219905,5.000000,13
1035,275,0.141408,65737,8.423124179,8.458500000,35.375821,0,10.219905,5.000000,13
1037,275,0.177211,65737,8.433871992,8.458500000,24.628008,0,10.219905,5.000000,13
1038,275,0.177609,65737,8.445564134,8.458500000,12.935866,0,10.219905,5.000000,13
1039,275,0.200077,65737,8.455667425,8.464000000,8.332575,0,10.219905,5.000000,13
1040,275,0.195311,65737,8.468733182,8.472000000,3.266818,1,0.195311,5.000000,13
1042,275,0.209415,65737,8.479691376,8.483500000,3.808624,1,0.209415,5.000000,13
1043,275,0.190855,65737,8.490311314,8.498500000,8.188686,0,10.219905,5.000000,13
1045,275,0.188176,65737,8.502687418,8.510500000,7.812582,0,10.219905,5.000000,12
1046,275,0.149215,65737,8.513276613,8.519500000,6.223387,0,10.219905,5.000000,13
1049,275,0.137483,65737,8.525324478,8.530000000,4.675522,1,0.137483,5.000000,13
1051,275,0.181750,65737,8.537282295,8.542500000,5.217705,0,10.219905,5.000000,13
1052,275,0.184003,65737,8.547462616,8.554000000,6.537384,0,10.219905,5.000000,13
1053,275,0.201540,65737,8.561433418,8.566000000,4.566582,1,0.201540,5.000000,13
1054,275,0.207376,65737,8.571719778,8.577500000,5.780222,0,10.219905,5.000000,13
1057,275,0.282650,65737,8.583815055,8.589000000,5.184945,0,10.219905,5.000000,13
1058,275,0.613901,65737,8.594283545,8.599000000,4.716455,1,0.613901,5.000000,13
1060,275,0.575456,65737,8.619750560,8.655000000,35.249440,0,10.219905,5.000000,13
1063,275,0.439100,65737,8.641628914,8.676500000,34.871086,0,10.219905,5.000000,13
1065,275,0.347763,65737,8.662483245,8.708000000,45.516755,0,10.219905,5.000000,13
1066,275,0.360474,65737,8.672395205,8.708000000,35.604795,0,10.219905,5.000000,13
1067,275,0.302768,65737,8.685906910,8.708000000,22.093090,0,10.219905,5.000000,13
1070,275,0.361003,65737,8.709324739,8.759000000,49.675261,0,10.219905,5.000000,13
1071,275,0.350740,65737,8.721075460,8.759000000,37.924540,0,10.219905,5.000000,13
1072,275,0.268144,65737,8.731267373,8.759000000,27.732627,0,10.219905,5.000000,13
1074,275,0.206764,65737,8.743085282,8.759000000,15.914718,0,10.219905,5.000000,13
1076,275,0.227687,65737,8.754513686,8.759500000,4.986314,1,0.227687,5.000000,13
1077,275,0.277338,65737,8.765231292,8.774000000,8.768708,0,10.219905,5.000000,13
1078,275,0.267609,65737,8.776707170,8.783000000,6.292830,0,10.219905,5.000000,13
1079,275,0.255315,65737,8.789651468,8.793500000,3.848532,1,0.255315,5.000000,13
1081,275,0.240933,65737,8.800260304,8.808000000,7.739696,0,10.219905,5.000000,14
1082,275,0.199838,65737,8.812015911,8.815500000,3.484089,1,0.199838,5.000000,14
1085,275,0.349024,65737,8.824885096,8.830000000,5.114904,0,10.219905,5.000000,14
1086,275,0.388997,65737,8.835977159,8.842000000,6.022841,0,10.219905,5.000000,14
1087,275,0.315018,65737,8.845921062,8.848500000,2.578938,1,0.315018,5.000000,14
1088,275,0.275704,65737,8.857655260,8.861000000,3.344740,1,0.275704,5.000000,14
1090,275,0.271417,65737,8.868085512,8.871000000,2.914488,1,0.271417,5.000000,14
1092,275,0.356670,65737,8.879366758,8.888500000,9.133242,0,10.219905,5.000000,14
1093,275,0.321639,65737,8.890668603,8.894000000,3.331397,1,0.321639,5.000000,14
1095,275,0.467168,65737,8.902322205,8.908000000,5.677795,0,10.219905,5.000000,14
1096,275,0.404205,65737,8.914876285,8.917500000,2.623715,1,0.404205,5.000000,14
1098,275,0.285112,65737,8.924841911,8.927500000,2.658089,1,0.285112,5.000000,14
1101,275,0.201016,65737,8.938539596,8.941500000,2.960404,1,0.201016,5.000000,14
1104,275,0.284630,65737,8.950185826,8.953000000,2.814174,1,0.284630,5.000000,14
1106,275,0.548098,65737,8.964241751,8.967000000,2.758249,1,0.548098,5.000000,14
1107,275,0.832417,65737,8.977323135,8.982500000,5.176865,0,10.219905,5.000000,14
1108,275,1.224796,65737,8.989423492,8.992000000,2.576508,1,1.224796,5.000000,14
1109,275,0.671659,65737,8.999702737,9.009000000,9.297263,0,10.219905,5.000000,14
1111,275,0.668528,65737,9.009702154,9.013000000,3.297846,1,0.668528,5.000000,14
1112,275,0.746544,65737,9.020090887,9.023000000,2.909113,1,0.746544,5.000000,14
1115,275,0.693381,65737,9.031028900,9.035500000,4.471100,1,0.693381,5.000000,14
1118,275,0.743232,65737,9.042440511,9.045500000,3.059489,1,0.743232,5.000000,14
1119,275,0.905314,65737,9.053717599,9.057000000,3.282401,1,0.905314,5.000000,14
1120,275,1.361948,65737,9.065935473,9.068500000,2.564527,1,1.361948,5.000000,14
1121,275,0.881842,65737,9.076584126,9.079500000,2.915874,1,0.881842,5.000000,14
1122,275,1.264444,65737,9.088491044,9.097000000,8.508956,0,10.219905,5.000000,14
1123,275,0.775218,65737,9.101077750,9.112500000,11.422250,0,10.219905,5.000000,14
1126,275,0.844115,65737,9.113799605,9.118000000,4.200395,1,0.844115,5.000000,14
1129,275,1.724865,65737,9.124888564,9.129500000,4.611436,1,1.724865,5.000000,14
1130,275,1.802756,65737,9.135068951,9.139000000,3.931049,1,1.802756,5.000000,14
1131,275,1.173751,65737,9.146922497,9.152000000,5.077503,0,10.219905,5.000000,14
1132,275,1.195046,65737,9.157102873,9.160000000,2.897127,1,1.195046,5.000000,14
1133,275,0.943880,65737,9.170110818,9.173000000,2.889182,1,0.943880,5.000000,14
1134,275,0.944489,65737,9.181226973,9.186500000,5.273027,0,10.219905,5.000000,14
1136,275,0.728364,65737,9.191568484,9.194500000,2.931516,1,0.728364,5.000000,14
1139,275,1.663160,65737,9.213051052,9.262500000,49.448948,0,10.219905,5.000000,13
1140,275,1.353258,65737,9.223802354,9.262500000,38.697646,0,10.219905,5.000000,13
1141,275,1.544671,65737,9.234307314,9.262500000,28.192686,0,10.219905,5.000000,13
1142,275,1.266600,65737,9.246096711,9.262500000,16.403289,0,10.219905,5.000000,13
1143,275,1.214271,65737,9.259032535,9.265000000,5.967465,0,10.219905,5.000000,13
1144,275,0.872482,65737,9.269287676,9.277500000,8.212324,0,10.219905,5.000000,13
1145,275,0.862163,65737,9.280193241,9.283500000,3.306759,1,0.862163,5.000000,13
1147,275,0.772195,65737,9.290686588,9.296500000,5.813412,0,10.219905,5.000000,13
1148,275,0.387138,65737,9.301633412,9.311000000,9.366588,0,10.219905,5.000000,13
1150,275,0.457863,65737,9.311912837,9.315000000,3.087163,1,0.457863,5.000000,13
1152,275,0.716850,65737,9.323308657,9.327500000,4.191343,1,0.716850,5.000000,13
1153,275,0.889221,65737,9.334570297,9.343500000,8.929703,0,10.219905,5.000000,13
1154,275,0.843780,65737,9.345489125,9.350500000,5.010875,0,10.219905,5.000000,13
1155,275,0.879292,65737,9.357495401,9.361500000,4.004599,1,0.879292,5.000000,13
1156,275,0.866079,65737,9.367938985,9.372500000,4.561015,1,0.866079,5.000000,13
1157,275,0.722658,65737,9.380220506,9.388000000,7.779494,0,10.219905,5.000000,13
1158,275,0.739478,65737,9.390839602,9.395500000,4.660398,1,0.739478,5.000000,13
1159,275,0.544276,65737,9.400805186,9.414500000,13.694814,0,10.219905,5.000000,13
1160,275,0.409159,65737,9.412045542,9.420500000,8.454458,0,10.219905,5.000000,13
1162,275,0.282159,65737,9.423773108,9.429000000,5.226892,0,10.219905,5.000000,13
1164,275,0.245053,65737,9.434105154,9.442000000,7.894846,0,10.219905,5.000000,13
1166,275,0.422146,65737,9.446574653,9.452000000,5.425347,0,10.219905,5.000000,13
1167,275,0.490895,65737,9.458184593,9.461500000,3.315407,1,0.490895,5.000000,13
1168,275,0.436963,65737,9.471079505,9.474500000,3.420495,1,0.436963,5.000000,13
1169,275,0.489815,65737,9.482455841,9.488500000,6.044159,0,10.219905,5.000000,13
1170,275,0.564357,65737,9.492774168,9.504000000,11.225832,0,10.219905,5.000000,13
1171,275,0.506470,65737,9.503339182,9.507000000,3.660818,1,0.506470,5.000000,13
1172,275,0.465502,65737,9.514238184,9.518500000,4.261816,1,0.465502,5.000000,14
1174,275,0.339421,65737,9.525700726,9.530000000,4.299274,1,0.339421,5.000000,14
1175,275,0.308980,65737,9.536929504,9.539500000,2.570496,1,0.308980,5.000000,14
1176,275,0.317120,65737,9.547261582,9.550000000,2.738418,1,0.317120,5.000000,14
1180,275,0.241421,65737,9.559372602,9.563000000,3.627398,1,0.241421,5.000000,14
1181,275,0.270870,65737,9.569642651,9.574000000,4.357349,1,0.270870,5.000000,14
1182,275,0.318223,65737,9.580650313,9.583500000,2.849687,1,0.318223,5.000000,14
1183,275,0.268386,65737,9.590641951,9.593500000,2.858049,1,0.268386,5.000000,14
1184,275,0.226420,65737,9.602864036,9.610500000,7.635964,0,10.219905,5.000000,14
1188,275,0.239086,65737,9.613946640,9.616500000,2.553360,1,0.239086,5.000000,14
1191,275,0.300490,65737,9.625231642,9.628000000,2.768358,1,0.300490,5.000000,14
1192,275,0.298532,65737,9.635770969,9.638500000,2.729031,1,0.298532,5.000000,14
1193,275,0.275037,65737,9.647292685,9.650000000,2.707315,1,0.275037,5.000000,14
1197,275,0.734000,65737,9.657185948,9.660000000,2.814052,1,0.734000,5.000000,14
1198,275,0.781023,65737,9.667559586,9.670500000,2.940414,1,0.781023,5.000000,14
1199,275,0.804596,65737,9.680822055,9.683500000,2.677945,1,0.804596,5.000000,14
1201,275,0.886664,65737,9.692740536,9.695500000,2.759464,1,0.886664,5.000000,14
1202,275,1.097431,65737,9.702766045,9.709500000,6.733955,0,10.219905,5.000000,14
1203,275,1.009422,65737,9.713404498,9.718000000,4.595502,1,1.009422,5.000000,14
1204,275,1.044213,65737,9.723556290,9.726500000,2.943710,1,1.044213,5.000000,14
1205,275,1.016094,65737,9.736081847,9.742500000,6.418153,0,10.219905,5.000000,14
1206,275,0.639500,65737,9.746095626,9.751500000,5.404374,0,10.219905,5.000000,14
1209,275,0.617689,65737,9.756906102,9.760000000,3.093898,1,0.617689,5.000000,14
1212,275,1.083608,65737,9.769511689,9.775500000,5.988311,0,10.219905,5.000000,14
1214,275,0.994059,65737,9.783372761,9.790000000,6.627239,0,10.219905,5.000000,14
1215,275,0.949468,65737,9.794640356,9.797500000,2.859644,1,0.949468,5.000000,14
1217,275,0.885247,65737,9.806082747,9.815500000,9.417253,0,10.219905,5.000000,14
1218,275,1.089817,65737,9.820042294,9.823000000,2.957707,1,1.089817,5.000000,14
1219,275,1.165895,65737,9.831361872,9.834000000,2.638128,1,1.165895,5.000000,14
1221,275,0.815503,65737,9.841347861,9.845000000,3.652139,1,0.815503,5.000000,14
1223,275,0.855544,65737,9.853739253,9.857000000,3.260747,1,0.855544,5.000000,14
1224,275,0.838080,65737,9.864436173,9.867000000,2.563827,1,0.838080,5.000000,14
1226,275,0.874778,65737,9.875302719,9.878500000,3.197281,1,0.874778,5.000000,14
1227,275,1.186149,65737,9.886306483,9.889000000,2.693517,1,1.186149,5.000000,14
1228,275,1.420266,65737,9.897672484,9.910000000,12.327516,0,10.219905,5.000000,14
1230,275,0.981420,65737,9.907599698,9.912500000,4.900302,1,0.981420,5.000000,14
1231,275,0.568323,65737,9.917510693,9.920500000,2.989307,1,0.568323,5.000000,14
1232,275,0.645345,65737,9.928814078,9.931500000,2.685922,1,0.645345,5.000000,14
1233,275,0.434645,65737,9.941020779,9.944500000,3.479221,1,0.434645,5.000000,14
1235,275,0.320827,65737,9.953036631,9.957000000,3.963369,1,0.320827,5.000000,14
1236,275,0.296977,65737,9.963635907,9.968500000,4.864093,1,0.296977,5.000000,14
1237,275,0.303499,65737,9.975402296,9.978000000,2.597704,1,0.303499,5.000000,14
1238,275,0.255992,65737,9.986514144,9.990000000,3.485856,1,0.255992,5.000000,14
1239,275,0.216011,65737,9.996637466,9.999500000,2.862534,1,0.216011,5.000000,14
1240,275,0.214529,65737,10.009790575,10.018500000,8.709425,0,10.219905,5.000000,14
1243,275,0.209719,65737,10.024811845,10.027500000,2.688155,1,0.209719,5.000000,14
1244,275,0.191389,65737,10.037016075,10.042000000,4.983925,1,0.191389,5.000000,14
1245,275,0.227813,65737,10.052309604,10.056500000,4.190396,1,0.227813,5.000000,14
1246,275,0.257206,65737,10.062404682,10.066000000,3.595318,1,0.257206,5.000000,14
1248,275,0.246369,65737,10.072970410,10.078500000,5.529590,0,10.219905,5.000000,14
1249,275,0.259541,65737,10.084905951,10.088000000,3.094048,1,0.259541,5.000000,14
1250,275,0.230008,65737,10.099153427,10.105000000,5.846573,0,10.219905,5.000000,14
1252,275,0.213045,65737,10.110013266,10.117500000,7.486734,0,10.219905,5.000000,14
1254,275,0.210293,65737,10.121226004,10.124000000,2.773996,1,0.210293,5.000000,14
1256,275,0.234295,65737,10.132390268,10.135500000,3.109732,1,0.234295,5.000000,14
1257,275,0.242868,65737,10.143085902,10.146000000,2.914098,1,0.242868,5.000000,14
1258,275,0.279447,65737,10.153909840,10.156500000,2.590160,1,0.279447,5.000000,14
1260,275,0.284844,65737,10.164591571,10.167500000,2.908429,1,0.284844,5.000000,14
1261,275,0.342567,65737,10.174513493,10.179000000,4.486507,1,0.342567,5.000000,14
1262,275,0.292357,65737,10.186863537,10.190000000,3.136463,1,0.292357,5.000000,14
1263,275,0.284867,65737,10.196969479,10.200000000,3.030521,1,0.284867,5.000000,14
1265,275,0.263168,65737,10.208504571,10.217000000,8.495429,0,10.219905,5.000000,14
1266,275,0.284216,65737,10.218690319,10.221500000,2.809681,1,0.284216,5.000000,14
1267,275,0.324258,65737,10.229434836,10.232000000,2.565164,1,0.324258,5.000000,14
1268,275,0.267927,65737,10.241031823,10.244000000,2.968177,1,0.267927,5.000000,14
1271,275,0.220718,65737,10.252600839,10.255500000,2.899161,1,0.220718,5.000000,14
1272,275,0.298656,65737,10.264556209,10.267500000,2.943791,1,0.298656,5.000000,14
1273,275,0.337666,65737,10.276026347,10.279500000,3.473653,1,0.337666,5.000000,14
1274,275,0.313457,65737,10.287923384,10.291000000,3.076616,1,0.313457,5.000000,14
1275,275,0.335216,65737,10.300449375,10.310000000,9.550625,0,10.219905,5.000000,14
1276,275,0.383550,65737,10.311867172,10.315000000,3.132828,1,0.383550,5.000000,14
1277,275,0.359656,65737,10.323964687,10.327000000,3.035313,1,0.359656,5.000000,14
1279,275,0.359285,65737,10.335292016,10.338000000,2.707984,1,0.359285,5.000000,14
1280,275,0.343381,65737,10.345671511,10.348500000,2.828489,1,0.343381,5.000000,14
1281,275,0.317784,65737,10.356325951,10.359000000,2.674049,1,0.317784,5.000000,14
1282,275,0.369662,65737,10.366865087,10.369500000,2.634913,1,0.369662,5.000000,14
1283,275,0.314576,65737,10.378761489,10.382000000,3.238511,1,0.314576,5.000000,14
1284,275,0.294941,65737,10.389272771,10.392000000,2.727229,1,0.294941,5.000000,14
1286,275,0.283676,65737,10.399914748,10.407000000,7.085252,0,10.219905,5.000000,14
1287,275,0.272290,65737,10.411743299,10.420000000,8.256701,0,10.219905,5.000000,14
1288,275,0.308008,65737,10.421979083,10.425000000,3.020917,1,0.308008,5.000000,14
1290,275,0.305153,65737,10.432337706,10.435000000,2.662294,1,0.305153,5.000000,14
1291,275,0.334224,65737,10.444388831,10.447000000,2.611169,1,0.334224,5.000000,14
1292,275,0.293847,65737,10.456511694,10.462000000,5.488306,0,10.219905,5.000000,14
1294,275,0.329639,65737,10.467290794,10.470000000,2.709206,1,0.329639,5.000000,14
1295,275,0.313256,65737,10.478951732,10.481500000,2.548268,1,0.313256,5.000000,14
1296,275,0.299418,65737,10.490849919,10.494000000,3.150081,1,0.299418,5.000000,14
1297,275,0.360409,65737,10.501738178,10.510500000,8.761822,0,10.219905,5.000000,14
1298,275,0.316469,65737,10.512828923,10.515500000,2.671077,1,0.316469,5.000000,14
1300,275,0.295091,65737,10.524178170,10.527500000,3.321830,1,0.295091,5.000000,14
1301,275,0.277175,65737,10.536812902,10.539500000,2.687098,1,0.277175,5.000000,14
1303,275,0.302744,65737,10.547043767,10.550500000,3.456233,1,0.302744,5.000000,14
1304,275,0.284267,65737,10.559682776,10.563000000,3.317224,1,0.284267,5.000000,14
1305,275,0.286484,65737,10.574005912,10.577000000,2.994088,1,0.286484,5.000000,14
1306,275,0.342076,65737,10.584496093,10.593500000,9.003907,0,10.219905,5.000000,14
1308,275,0.335508,65737,10.597014003,10.600000000,2.985997,1,0.335508,5.000000,14
1311,275,0.366337,65737,10.619063575,10.694000000,74.936425,0,10.219905,5.000000,14
1312,275,0.412959,65737,10.633579125,10.694000000,60.420875,0,10.219905,5.000000,14
1313,275,0.379935,65737,10.644233907,10.694000000,49.766093,0,10.219905,5.000000,14
1314,275,0.382932,65737,10.656507207,10.694000000,37.492793,0,10.219905,5.000000,14
1315,275,0.422770,65737,10.666964453,10.694000000,27.035547,0,10.219905,5.000000,14
1316,275,0.374102,65737,10.679095390,10.694000000,14.904610,0,10.219905,5.000000,14
1318,275,0.334452,65737,10.691770814,10.694500000,2.729186,1,0.334452,5.000000,14
1320,275,0.285715,65737,10.711704200,10.757500000,45.795800,0,10.219905,5.000000,13
1321,275,0.308235,65737,10.723642669,10.757500000,33.857331,0,10.219905,5.000000,13
1323,275,0.287531,65737,10.733760517,10.757500000,23.739483,0,10.219905,5.000000,13
1324,275,0.323097,65737,10.743748657,10.757500000,13.751343,0,10.219905,5.000000,13
1326,275,0.370260,65737,10.754195993,10.760000000,5.804007,0,10.219905,5.000000,13
1327,275,0.396632,65737,10.767054354,10.770500000,3.445646,1,0.396632,5.000000,13
1328,275,0.352819,65737,10.777307064,10.785000000,7.692936,0,10.219905,5.000000,13
1329,275,0.345693,65737,10.791461842,10.797000000,5.538158,0,10.219905,5.000000,13
1331,275,0.310928,65737,10.802787827,10.809000000,6.212173,0,10.219905,5.000000,13
1332,275,0.295047,65737,10.813517504,10.817000000,3.482496,1,0.295047,5.000000,13
1334,275,0.255736,65737,10.824667309,10.828000000,3.332691,1,0.255736,5.000000,13
1335,275,0.210645,65737,10.837041261,10.840500000,3.458739,1,0.210645,5.000000,13
1339,275,0.368522,65737,10.848745643,10.856000000,7.254357,0,10.219905,5.000000,13
1340,275,0.431948,65737,10.859506804,10.863000000,3.493196,1,0.431948,5.000000,13
1341,275,0.703982,65737,10.869515756,10.873000000,3.484244,1,0.703982,5.000000,13
1342,275,0.736006,65737,10.884082295,10.892500000,8.417705,0,10.219905,5.000000,13
1343,275,0.669588,65737,10.894162193,10.897500000,3.337807,1,0.669588,5.000000,13
1345,275,0.820377,65737,10.915626789,10.954000000,38.373211,0,10.219905,5.000000,13
1346,275,0.805993,65737,10.926447040,10.954000000,27.552960,0,10.219905,5.000000,13
1347,275,0.798146,65737,10.938774312,10.954000000,15.225688,0,10.219905,5.000000,13
1348,275,0.940260,65737,10.950075672,10.955000000,4.924328,1,0.940260,5.000000,13
1349,275,0.932313,65737,10.962589424,10.967500000,4.910576,1,0.932313,5.000000,13
1353,275,0.539992,65737,10.973912173,10.979000000,5.087827,0,10.219905,5.000000,13
1354,275,0.705163,65737,10.988161902,10.994000000,5.838098,0,10.219905,5.000000,13
1358,275,0.553099,65737,10.998486360,11.005000000,6.513640,0,10.219905,5.000000,13
1359,275,1.040067,65737,11.008658501,11.017500000,8.841499,0,10.219905,5.000000,14
1361,275,1.225671,65737,11.018950450,11.022500000,3.549550,1,1.225671,5.000000,14
1362,275,1.349272,65737,11.029312815,11.032000000,2.687185,1,1.349272,5.000000,14
1363,275,1.406351,65737,11.040391354,11.045000000,4.608646,1,1.406351,5.000000,14
1365,275,0.859594,65737,11.053897736,11.056500000,2.602264,1,0.859594,5.000000,14
1367,275,0.852692,65737,11.064671178,11.067500000,2.828822,1,0.852692,5.000000,14
1369,275,0.743031,65737,11.077115529,11.081000000,3.884471,1,0.743031,5.000000,14
1371,275,1.783763,65737,11.087780858,11.094000000,6.219142,0,10.219905,5.000000,14
1372,275,2.210881,65737,11.098542291,11.105000000,6.457709,0,10.219905,5.000000,14
1373,275,1.462369,65737,11.108890935,11.113500000,4.609065,1,1.462369,5.000000,14
1375,275,1.238741,65737,11.122565078,11.125500000,2.934922,1,1.238741,5.000000,14
1381,275,1.646268,65737,11.133235113,11.136000000,2.764887,1,1.646268,5.000000,14
1382,275,1.064584,65737,11.144997011,11.149000000,4.002989,1,1.064584,5.000000,14
1383,275,1.323837,65737,11.154989350,11.158000000,3.010650,1,1.323837,5.000000,14
1384,275,1.508998,65737,11.165627572,11.169500000,3.872428,1,1.508998,5.000000,14
1385,275,1.127000,65737,11.176548574,11.179500000,2.951426,1,1.127000,5.000000,14
1386,275,1.345251,65737,11.187032100,11.191000000,3.967900,1,1.345251,5.000000,14
1388,275,1.189657,65737,11.202078352,11.216000000,13.921648,0,10.219905,5.000000,14
1389,275,1.363733,65737,11.212282639,11.218500000,6.217361,0,10.219905,5.000000,14
1390,275,1.440099,65737,11.222819054,11.225500000,2.680946,1,1.440099,5.000000,14
1391,275,1.050357,65737,11.233938515,11.236500000,2.561485,1,1.050357,5.000000,14
1392,275,0.968688,65737,11.244135198,11.248500000,4.364802,1,0.968688,5.000000,14
1393,275,0.966328,65737,11.254343364,11.257000000,2.656636,1,0.966328,5.000000,14
1394,275,0.757593,65737,11.264342974,11.267000000,2.657026,1,0.757593,5.000000,14
1396,275,0.359069,65737,11.276943386,11.279500000,2.556614,1,0.359069,5.000000,14
1397,275,0.336919,65737,11.287337126,11.295500000,8.162874,0,10.219905,5.000000,14
1399,275,0.379387,65737,11.299764899,11.305500000,5.735101,0,10.219905,5.000000,14
1400,275,2.583520,65737,11.309864231,11.321000000,11.135769,0,10.219905,5.000000,14
1401,275,1.918327,65737,11.320337209,11.324000000,3.662791,1,1.918327,5.000000,14
1402,275,1.411047,65737,11.330944179,11.335500000,4.555821,1,1.411047,5.000000,14
1403,275,1.271210,65737,11.342867478,11.345500000,2.632522,1,1.271210,5.000000,14
1407,275,1.037064,65737,11.355034600,11.358000000,2.965400,1,1.037064,5.000000,14
1408,275,1.186657,65737,11.365425033,11.368000000,2.574967,1,1.186657,5.000000,14
1409,275,1.041806,65737,11.376645705,11.380500000,3.854295,1,1.041806,5.000000,14
1411,275,1.168137,65737,11.388805551,11.392000000,3.194449,1,1.168137,5.000000,14
1412,275,1.399131,65737,11.398817454,11.405000000,6.182546,0,10.219905,5.000000,14
1413,275,1.179165,65737,11.409863839,11.417500000,7.636161,0,10.219905,5.000000,13
1415,275,1.053560,65737,11.420690960,11.427000000,6.309040,0,10.219905,5.000000,13
1416,275,1.110990,65737,11.433413680,11.436500000,3.086320,1,1.110990,5.000000,13
1417,275,0.841205,65737,11.444414580,11.452000000,7.585420,0,10.219905,5.000000,13
1420,275,1.195705,65737,11.456360696,11.461000000,4.639304,1,1.195705,5.000000,13
1423,275,1.360557,65737,11.466624237,11.475500000,8.875763,0,10.219905,5.000000,13
1424,275,1.756602,65737,11.478280680,11.481500000,3.219320,1,1.756602,5.000000,13
1425,275,1.327331,65737,11.488258189,11.493500000,5.241811,0,10.219905,5.000000,13
1426,275,0.939167,65737,11.499930282,11.506000000,6.069718,0,10.219905,5.000000,13
18,0,0,0,0,0,-1,0,10.219905,5.000000,0
23,0,0,0,0,0,-1,0,10.219905,5.000000,0
25,0,0,0,0,0,-1,0,10.219905,5.000000,0
29,0,0,0,0,0,-1,0,10.219905,5.000000,0
30,0,0,0,0,0,-1,0,10.219905,5.000000,0
43,0,0,0,0,0,-1,0,10.219905,5.000000,0
44,0,0,0,0,0,-1,0,10.219905,5.000000,0
48,0,0,0,0,0,-1,0,10.219905,5.000000,0
49,0,0,0,0,0,-1,0,10.219905,5.000000,0
51,0,0,0,0,0,-1,0,10.219905,5.000000,0
56,0,0,0,0,0,-1,0,10.219905,5.000000,0
57,0,0,0,0,0,-1,0,10.219905,5.000000,0
65,0,0,0,0,0,-1,0,10.219905,5.000000,0
67,0,0,0,0,0,-1,0,10.219905,5.000000,0
69,0,0,0,0,0,-1,0,10.219905,5.000000,0
70,0,0,0,0,0,-1,0,10.219905,5.000000,0
73,0,0,0,0,0,-1,0,10.219905,5.000000,0
76,0,0,0,0,0,-1,0,10.219905,5.000000,0
84,0,0,0,0,0,-1,0,10.219905,5.000000,0
93,0,0,0,0,0,-1,0,10.219905,5.000000,0
96,0,0,0,0,0,-1,0,10.219905,5.000000,0
99,0,0,0,0,0,-1,0,10.219905,5.000000,0
100,0,0,0,0,0,-1,0,10.219905,5.000000,0
109,0,0,0,0,0,-1,0,10.219905,5.000000,0
111,0,0,0,0,0,-1,0,10.219905,5.000000,0
118,0,0,0,0,0,-1,0,10.219905,5.000000,0
120,0,0,0,0,0,-1,0,10.219905,5.000000,0
123,0,0,0,0,0,-1,0,10.219905,5.000000,0
124,0,0,0,0,0,-1,0,10.219905,5.000000,0
128,0,0,0,0,0,-1,0,10.219905,5.000000,0
134,0,0,0,0,0,-1,0,10.219905,5.000000,0
135,0,0,0,0,0,-1,0,10.219905,5.000000,0
141,0,0,0,0,0,-1,0,10.219905,5.000000,0
149,0,0,0,0,0,-1,0,10.219905,5.000000,0
151,0,0,0,0,0,-1,0,10.219905,5.000000,0
157,0,0,0,0,0,-1,0,10.219905,5.000000,0
158,0,0,0,0,0,-1,0,10.219905,5.000000,0
163,0,0,0,0,0,-1,0,10.219905,5.000000,0
166,0,0,0,0,0,-1,0,10.219905,5.000000,0
168,0,0,0,0,0,-1,0,10.219905,5.000000,0
170,0,0,0,0,0,-1,0,10.219905,5.000000,0
173,0,0,0,0,0,-1,0,10.219905,5.000000,0
174,0,0,0,0,0,-1,0,10.219905,5.000000,0
175,0,0,0,0,0,-1,0,10.219905,5.000000,0
177,0,0,0,0,0,-1,0,10.219905,5.000000,0
178,0,0,0,0,0,-1,0,10.219905,5.000000,0
179,0,0,0,0,0,-1,0,10.219905,5.000000,0
184,0,0,0,0,0,-1,0,10.219905,5.000000,0
185,0,0,0,0,0,-1,0,10.219905,5.000000,0
188,0,0,0,0,0,-1,0,10.219905,5.000000,0
192,0,0,0,0,0,-1,0,10.219905,5.000000,0
194,0,0,0,0,0,-1,0,10.219905,5.000000,0
196,0,0,0,0,0,-1,0,10.219905,5.000000,0
199,0,0,0,0,0,-1,0,10.219905,5.000000,0
203,0,0,0,0,0,-1,0,10.219905,5.000000,0
208,0,0,0,0,0,-1,0,10.219905,5.000000,0
210,0,0,0,0,0,-1,0,10.219905,5.000000,0
211,0,0,0,0,0,-1,0,10.219905,5.000000,0
212,0,0,0,0,0,-1,0,10.219905,5.000000,0
218,0,0,0,0,0,-1,0,10.219905,5.000000,0
219,0,0,0,0,0,-1,0,10.219905,5.000000,0
220,0,0,0,0,0,-1,0,10.219905,5.000000,0
221,0,0,0,0,0,-1,0,10.219905,5.000000,0
229,0,0,0,0,0,-1,0,10.219905,5.000000,0
230,0,0,0,0,0,-1,0,10.219905,5.000000,0
231,0,0,0,0,0,-1,0,10.219905,5.000000,0
233,0,0,0,0,0,-1,0,10.219905,5.000000,0
237,0,0,0,0,0,-1,0,10.219905,5.000000,0
239,0,0,0,0,0,-1,0,10.219905,5.000000,0
240,0,0,0,0,0,-1,0,10.219905,5.000000,0
246,0,0,0,0,0,-1,0,10.219905,5.000000,0
247,0,0,0,0,0,-1,0,10.219905,5.000000,0
251,0,0,0,0,0,-1,0,10.219905,5.000000,0
252,0,0,0,0,0,-1,0,10.219905,5.000000,0
254,0,0,0,0,0,-1,0,10.219905,5.000000,0
257,0,0,0,0,0,-1,0,10.219905,5.000000,0
259,0,0,0,0,0,-1,0,10.219905,5.000000,0
261,0,0,0,0,0,-1,0,10.219905,5.000000,0
266,0,0,0,0,0,-1,0,10.219905,5.000000,0
275,0,0,0,0,0,-1,0,10.219905,5.000000,0
278,0,0,0,0,0,-1,0,10.219905,5.000000,0
279,0,0,0,0,0,-1,0,10.219905,5.000000,0
281,0,0,0,0,0,-1,0,10.219905,5.000000,0
282,0,0,0,0,0,-1,0,10.219905,5.000000,0
283,0,0,0,0,0,-1,0,10.219905,5.000000,0
286,0,0,0,0,0,-1,0,10.219905,5.000000,0
289,0,0,0,0,0,-1,0,10.219905,5.000000,0
290,0,0,0,0,0,-1,0,10.219905,5.000000,0
291,0,0,0,0,0,-1,0,10.219905,5.000000,0
296,0,0,0,0,0,-1,0,10.219905,5.000000,0
297,0,0,0,0,0,-1,0,10.219905,5.000000,0
298,0,0,0,0,0,-1,0,10.219905,5.000000,0
299,0,0,0,0,0,-1,0,10.219905,5.000000,0
303,0,0,0,0,0,-1,0,10.219905,5.000000,0
307,0,0,0,0,0,-1,0,10.219905,5.000000,0
315,0,0,0,0,0,-1,0,10.219905,5.000000,0
318,0,0,0,0,0,-1,0,10.219905,5.000000,0
321,0,0,0,0,0,-1,0,10.219905,5.000000,0
322,0,0,0,0,0,-1,0,10.219905,5.000000,0
324,0,0,0,0,0,-1,0,10.219905,5.000000,0
331,0,0,0,0,0,-1,0,10.219905,5.000000,0
332,0,0,0,0,0,-1,0,10.219905,5.000000,0
340,0,0,0,0,0,-1,0,10.219905,5.000000,0
342,0,0,0,0,0,-1,0,10.219905,5.000000,0
344,0,0,0,0,0,-1,0,10.219905,5.000000,0
347,0,0,0,0,0,-1,0,10.219905,5.000000,0
350,0,0,0,0,0,-1,0,10.219905,5.000000,0
353,0,0,0,0,0,-1,0,10.219905,5.000000,0
354,0,0,0,0,0,-1,0,10.219905,5.000000,0
360,0,0,0,0,0,-1,0,10.219905,5.000000,0
361,0,0,0,0,0,-1,0,10.219905,5.000000,0
366,0,0,0,0,0,-1,0,10.219905,5.000000,0
367,0,0,0,0,0,-1,0,10.219905,5.000000,0
368,0,0,0,0,0,-1,0,10.219905,5.000000,0
374,0,0,0,0,0,-1,0,10.219905,5.000000,0
383,0,0,0,0,0,-1,0,10.219905,5.000000,0
387,0,0,0,0,0,-1,0,10.219905,5.000000,0
393,0,0,0,0,0,-1,0,10.219905,5.000000,0
402,0,0,0,0,0,-1,0,10.219905,5.000000,0
406,0,0,0,0,0,-1,0,10.219905,5.000000,0
407,0,0,0,0,0,-1,0,10.219905,5.000000,0
408,0,0,0,0,0,-1,0,10.219905,5.000000,0
410,0,0,0,0,0,-1,0,10.219905,5.000000,0
411,0,0,0,0,0,-1,0,10.219905,5.000000,0
414,0,0,0,0,0,-1,0,10.219905,5.000000,0
416,0,0,0,0,0,-1,0,10.219905,5.000000,0
420,0,0,0,0,0,-1,0,10.219905,5.000000,0
422,0,0,0,0,0,-1,0,10.219905,5.000000,0
423,0,0,0,0,0,-1,0,10.219905,5.000000,0
426,0,0,0,0,0,-1,0,10.219905,5.000000,0
430,0,0,0,0,0,-1,0,10.219905,5.000000,0
432,0,0,0,0,0,-1,0,10.219905,5.000000,0
433,0,0,0,0,0,-1,0,10.219905,5.000000,0
435,0,0,0,0,0,-1,0,10.219905,5.000000,0
436,0,0,0,0,0,-1,0,10.219905,5.000000,0
438,0,0,0,0,0,-1,0,10.219905,5.000000,0
440,0,0,0,0,0,-1,0,10.219905,5.000000,0
443,0,0,0,0,0,-1,0,10.219905,5.000000,0
445,0,0,0,0,0,-1,0,10.219905,5.000000,0
450,0,0,0,0,0,-1,0,10.219905,5.000000,0
457,0,0,0,0,0,-1,0,10.219905,5.000000,0
461,0,0,0,0,0,-1,0,10.219905,5.000000,0
463,0,0,0,0,0,-1,0,10.219905,5.000000,0
464,0,0,0,0,0,-1,0,10.219905,5.000000,0
471,0,0,0,0,0,-1,0,10.219905,5.000000,0
472,0,0,0,0,0,-1,0,10.219905,5.000000,0
478,0,0,0,0,0,-1,0,10.219905,5.000000,0
479,0,0,0,0,0,-1,0,10.219905,5.000000,0
480,0,0,0,0,0,-1,0,10.219905,5.000000,0
482,0,0,0,0,0,-1,0,10.219905,5.000000,0
485,0,0,0,0,0,-1,0,10.219905,5.000000,0
486,0,0,0,0,0,-1,0,10.219905,5.000000,0
489,0,0,0,0,0,-1,0,10.219905,5.000000,0
495,0,0,0,0,0,-1,0,10.219905,5.000000,0
497,0,0,0,0,0,-1,0,10.219905,5.000000,0
498,0,0,0,0,0,-1,0,10.219905,5.000000,0
507,0,0,0,0,0,-1,0,10.219905,5.000000,0
508,0,0,0,0,0,-1,0,10.219905,5.000000,0
509,0,0,0,0,0,-1,0,10.219905,5.000000,0
511,0,0,0,0,0,-1,0,10.219905,5.000000,0
518,0,0,0,0,0,-1,0,10.219905,5.000000,0
521,0,0,0,0,0,-1,0,10.219905,5.000000,0
522,0,0,0,0,0,-1,0,10.219905,5.000000,0
527,0,0,0,0,0,-1,0,10.219905,5.000000,0
528,0,0,0,0,0,-1,0,10.219905,5.000000,0
529,0,0,0,0,0,-1,0,10.219905,5.000000,0
530,0,0,0,0,0,-1,0,10.219905,5.000000,0
532,0,0,0,0,0,-1,0,10.219905,5.000000,0
544,0,0,0,0,0,-1,0,10.219905,5.000000,0
554,0,0,0,0,0,-1,0,10.219905,5.000000,0
555,0,0,0,0,0,-1,0,10.219905,5.000000,0
564,0,0,0,0,0,-1,0,10.219905,5.000000,0
565,0,0,0,0,0,-1,0,10.219905,5.000000,0
567,0,0,0,0,0,-1,0,10.219905,5.000000,0
568,0,0,0,0,0,-1,0,10.219905,5.000000,0
572,0,0,0,0,0,-1,0,10.219905,5.000000,0
575,0,0,0,0,0,-1,0,10.219905,5.000000,0
581,0,0,0,0,0,-1,0,10.219905,5.000000,0
582,0,0,0,0,0,-1,0,10.219905,5.000000,0
596,0,0,0,0,0,-1,0,10.219905,5.000000,0
598,0,0,0,0,0,-1,0,10.219905,5.000000,0
599,0,0,0,0,0,-1,0,10.219905,5.000000,0
601,0,0,0,0,0,-1,0,10.219905,5.000000,0
602,0,0,0,0,0,-1,0,10.219905,5.000000,0
605,0,0,0,0,0,-1,0,10.219905,5.000000,0
607,0,0,0,0,0,-1,0,10.219905,5.000000,0
610,0,0,0,0,0,-1,0,10.219905,5.000000,0
611,0,0,0,0,0,-1,0,10.219905,5.000000,0
613,0,0,0,0,0,-1,0,10.219905,5.000000,0
617,0,0,0,0,0,-1,0,10.219905,5.000000,0
618,0,0,0,0,0,-1,0,10.219905,5.000000,0
620,0,0,0,0,0,-1,0,10.219905,5.000000,0
621,0,0,0,0,0,-1,0,10.219905,5.000000,0
629,0,0,0,0,0,-1,0,10.219905,5.000000,0
632,0,0,0,0,0,-1,0,10.219905,5.000000,0
636,0,0,0,0,0,-1,0,10.219905,5.000000,0
637,0,0,0,0,0,-1,0,10.219905,5.000000,0
643,0,0,0,0,0,-1,0,10.219905,5.000000,0
647,0,0,0,0,0,-1,0,10.219905,5.000000,0
649,0,0,0,0,0,-1,0,10.219905,5.000000,0
650,0,0,0,0,0,-1,0,10.219905,5.000000,0
651,0,0,0,0,0,-1,0,10.219905,5.000000,0
654,0,0,0,0,0,-1,0,10.219905,5.000000,0
657,0,0,0,0,0,-1,0,10.219905,5.000000,0
660,0,0,0,0,0,-1,0,10.219905,5.000000,0
662,0,0,0,0,0,-1,0,10.219905,5.000000,0
668,0,0,0,0,0,-1,0,10.219905,5.000000,0
670,0,0,0,0,0,-1,0,10.219905,5.000000,0
673,0,0,0,0,0,-1,0,10.219905,5.000000,0
678,0,0,0,0,0,-1,0,10.219905,5.000000,0
679,0,0,0,0,0,-1,0,10.219905,5.000000,0
680,0,0,0,0,0,-1,0,10.219905,5.000000,0
686,0,0,0,0,0,-1,0,10.219905,5.000000,0
689,0,0,0,0,0,-1,0,10.219905,5.000000,0
693,0,0,0,0,0,-1,0,10.219905,5.000000,0
694,0,0,0,0,0,-1,0,10.219905,5.000000,0
695,0,0,0,0,0,-1,0,10.219905,5.000000,0
696,0,0,0,0,0,-1,0,10.219905,5.000000,0
700,0,0,0,0,0,-1,0,10.219905,5.000000,0
702,0,0,0,0,0,-1,0,10.219905,5.000000,0
705,0,0,0,0,0,-1,0,10.219905,5.000000,0
707,0,0,0,0,0,-1,0,10.219905,5.000000,0
710,0,0,0,0,0,-1,0,10.219905,5.000000,0
711,0,0,0,0,0,-1,0,10.219905,5.000000,0
712,0,0,0,0,0,-1,0,10.219905,5.000000,0
714,0,0,0,0,0,-1,0,10.219905,5.000000,0
715,0,0,0,0,0,-1,0,10.219905,5.000000,0
716,0,0,0,0,0,-1,0,10.219905,5.000000,0
719,0,0,0,0,0,-1,0,10.219905,5.000000,0
721,0,0,0,0,0,-1,0,10.219905,5.000000,0
727,0,0,0,0,0,-1,0,10.219905,5.000000,0
729,0,0,0,0,0,-1,0,10.219905,5.000000,0
736,0,0,0,0,0,-1,0,10.219905,5.000000,0
741,0,0,0,0,0,-1,0,10.219905,5.000000,0
742,0,0,0,0,0,-1,0,10.219905,5.000000,0
746,0,0,0,0,0,-1,0,10.219905,5.000000,0
748,0,0,0,0,0,-1,0,10.219905,5.000000,0
755,0,0,0,0,0,-1,0,10.219905,5.000000,0
756,0,0,0,0,0,-1,0,10.219905,5.000000,0
759,0,0,0,0,0,-1,0,10.219905,5.000000,0
761,0,0,0,0,0,-1,0,10.219905,5.000000,0
764,0,0,0,0,0,-1,0,10.219905,5.000000,0
765,0,0,0,0,0,-1,0,10.219905,5.000000,0
767,0,0,0,0,0,-1,0,10.219905,5.000000,0
772,0,0,0,0,0,-1,0,10.219905,5.000000,0
781,0,0,0,0,0,-1,0,10.219905,5.000000,0
782,0,0,0,0,0,-1,0,10.219905,5.000000,0
786,0,0,0,0,0,-1,0,10.219905,5.000000,0
787,0,0,0,0,0,-1,0,10.219905,5.000000,0
789,0,0,0,0,0,-1,0,10.219905,5.000000,0
790,0,0,0,0,0,-1,0,10.219905,5.000000,0
798,0,0,0,0,0,-1,0,10.219905,5.000000,0
801,0,0,0,0,0,-1,0,10.219905,5.000000,0
802,0,0,0,0,0,-1,0,10.219905,5.000000,0
807,0,0,0,0,0,-1,0,10.219905,5.000000,0
808,0,0,0,0,0,-1,0,10.219905,5.000000,0
809,0,0,0,0,0,-1,0,10.219905,5.000000,0
810,0,0,0,0,0,-1,0,10.219905,5.000000,0
812,0,0,0,0,0,-1,0,10.219905,5.000000,0
819,0,0,0,0,0,-1,0,10.219905,5.000000,0
821,0,0,0,0,0,-1,0,10.219905,5.000000,0
829,0,0,0,0,0,-1,0,10.219905,5.000000,0
834,0,0,0,0,0,-1,0,10.219905,5.000000,0
838,0,0,0,0,0,-1,0,10.219905,5.000000,0
839,0,0,0,0,0,-1,0,10.219905,5.000000,0
840,0,0,0,0,0,-1,0,10.219905,5.000000,0
841,0,0,0,0,0,-1,0,10.219905,5.000000,0
845,0,0,0,0,0,-1,0,10.219905,5.000000,0
856,0,0,0,0,0,-1,0,10.219905,5.000000,0
857,0,0,0,0,0,-1,0,10.219905,5.000000,0
859,0,0,0,0,0,-1,0,10.219905,5.000000,0
861,0,0,0,0,0,-1,0,10.219905,5.000000,0
866,0,0,0,0,0,-1,0,10.219905,5.000000,0
867,0,0,0,0,0,-1,0,10.219905,5.000000,0
869,0,0,0,0,0,-1,0,10.219905,5.000000,0
873,0,0,0,0,0,-1,0,10.219905,5.000000,0
874,0,0,0,0,0,-1,0,10.219905,5.000000,0
879,0,0,0,0,0,-1,0,10.219905,5.000000,0
881,0,0,0,0,0,-1,0,10.219905,5.000000,0
888,0,0,0,0,0,-1,0,10.219905,5.000000,0
889,0,0,0,0,0,-1,0,10.219905,5.000000,0
890,0,0,0,0,0,-1,0,10.219905,5.000000,0
900,0,0,0,0,0,-1,0,10.219905,5.000000,0
902,0,0,0,0,0,-1,0,10.219905,5.000000,0
903,0,0,0,0,0,-1,0,10.219905,5.000000,0
907,0,0,0,0,0,-1,0,10.219905,5.000000,0
911,0,0,0,0,0,-1,0,10.219905,5.000000,0
912,0,0,0,0,0,-1,0,10.219905,5.000000,0
916,0,0,0,0,0,-1,0,10.219905,5.000000,0
923,0,0,0,0,0,-1,0,10.219905,5.000000,0
929,0,0,0,0,0,-1,0,10.219905,5.000000,0
930,0,0,0,0,0,-1,0,10.219905,5.000000,0
931,0,0,0,0,0,-1,0,10.219905,5.000000,0
937,0,0,0,0,0,-1,0,10.219905,5.000000,0
940,0,0,0,0,0,-1,0,10.219905,5.000000,0
941,0,0,0,0,0,-1,0,10.219905,5.000000,0
942,0,0,0,0,0,-1,0,10.219905,5.000000,0
945,0,0,0,0,0,-1,0,10.219905,5.000000,0
949,0,0,0,0,0,-1,0,10.219905,5.000000,0
952,0,0,0,0,0,-1,0,10.219905,5.000000,0
962,0,0,0,0,0,-1,0,10.219905,5.000000,0
964,0,0,0,0,0,-1,0,10.219905,5.000000,0
965,0,0,0,0,0,-1,0,10.219905,5.000000,0
969,0,0,0,0,0,-1,0,10.219905,5.000000,0
973,0,0,0,0,0,-1,0,10.219905,5.000000,0
976,0,0,0,0,0,-1,0,10.219905,5.000000,0
979,0,0,0,0,0,-1,0,10.219905,5.000000,0
984,0,0,0,0,0,-1,0,10.219905,5.000000,0
985,0,0,0,0,0,-1,0,10.219905,5.000000,0
986,0,0,0,0,0,-1,0,10.219905,5.000000,0
990,0,0,0,0,0,-1,0,10.219905,5.000000,0
1001,0,0,0,0,0,-1,0,10.219905,5.000000,0
1004,0,0,0,0,0,-1,0,10.219905,5.000000,0
1005,0,0,0,0,0,-1,0,10.219905,5.000000,0
1010,0,0,0,0,0,-1,0,10.219905,5.000000,0
1014,0,0,0,0,0,-1,0,10.219905,5.000000,0
1017,0,0,0,0,0,-1,0,10.219905,5.000000,0
1023,0,0,0,0,0,-1,0,10.219905,5.000000,0
1025,0,0,0,0,0,-1,0,10.219905,5.000000,0
1027,0,0,0,0,0,-1,0,10.219905,5.000000,0
1029,0,0,0,0,0,-1,0,10.219905,5.000000,0
1033,0,0,0,0,0,-1,0,10.219905,5.000000,0
1034,0,0,0,0,0,-1,0,10.219905,5.000000,0
1036,0,0,0,0,0,-1,0,10.219905,5.000000,0
1041,0,0,0,0,0,-1,0,10.219905,5.000000,0
1044,0,0,0,0,0,-1,0,10.219905,5.000000,0
1047,0,0,0,0,0,-1,0,10.219905,5.000000,0
1048,0,0,0,0,0,-1,0,10.219905,5.000000,0
1050,0,0,0,0,0,-1,0,10.219905,5.000000,0
1055,0,0,0,0,0,-1,0,10.219905,5.000000,0
1056,0,0,0,0,0,-1,0,10.219905,5.000000,0
1059,0,0,0,0,0,-1,0,10.219905,5.000000,0
1061,0,0,0,0,0,-1,0,10.219905,5.000000,0
1062,0,0,0,0,0,-1,0,10.219905,5.000000,0
1068,0,0,0,0,0,-1,0,10.219905,5.000000,0
1073,0,0,0,0,0,-1,0,10.219905,5.000000,0
1075,0,0,0,0,0,-1,0,10.219905,5.000000,0
1080,0,0,0,0,0,-1,0,10.219905,5.000000,0
1083,0,0,0,0,0,-1,0,10.219905,5.000000,0
1084,0,0,0,0,0,-1,0,10.219905,5.000000,0
1089,0,0,0,0,0,-1,0,10.219905,5.000000,0
1091,0,0,0,0,0,-1,0,10.219905,5.000000,0
1094,0,0,0,0,0,-1,0,10.219905,5.000000,0
1097,0,0,0,0,0,-1,0,10.219905,5.000000,0
1099,0,0,0,0,0,-1,0,10.219905,5.000000,0
1100,0,0,0,0,0,-1,0,10.219905,5.000000,0
1102,0,0,0,0,0,-1,0,10.219905,5.000000,0
1103,0,0,0,0,0,-1,0,10.219905,5.000000,0
1105,0,0,0,0,0,-1,0,10.219905,5.000000,0
1110,0,0,0,0,0,-1,0,10.219905,5.000000,0
1113,0,0,0,0,0,-1,0,10.219905,5.000000,0
1114,0,0,0,0,0,-1,0,10.219905,5.000000,0
1116,0,0,0,0,0,-1,0,10.219905,5.000000,0
1117,0,0,0,0,0,-1,0,10.219905,5.000000,0
1124,0,0,0,0,0,-1,0,10.219905,5.000000,0
1125,0,0,0,0,0,-1,0,10.219905,5.000000,0
1127,0,0,0,0,0,-1,0,10.219905,5.000000,0
1128,0,0,0,0,0,-1,0,10.219905,5.000000,0
1135,0,0,0,0,0,-1,0,10.219905,5.000000,0
1137,0,0,0,0,0,-1,0,10.219905,5.000000,0
1146,0,0,0,0,0,-1,0,10.219905,5.000000,0
1149,0,0,0,0,0,-1,0,10.219905,5.000000,0
1151,0,0,0,0,0,-1,0,10.219905,5.000000,0
1161,0,0,0,0,0,-1,0,10.219905,5.000000,0
1163,0,0,0,0,0,-1,0,10.219905,5.000000,0
1165,0,0,0,0,0,-1,0,10.219905,5.000000,0
1173,0,0,0,0,0,-1,0,10.219905,5.000000,0
1177,0,0,0,0,0,-1,0,10.219905,5.000000,0
1178,0,0,0,0,0,-1,0,10.219905,5.000000,0
1179,0,0,0,0,0,-1,0,10.219905,5.000000,0
1185,0,0,0,0,0,-1,0,10.219905,5.000000,0
1186,0,0,0,0,0,-1,0,10.219905,5.000000,0
1187,0,0,0,0,0,-1,0,10.219905,5.000000,0
1189,0,0,0,0,0,-1,0,10.219905,5.000000,0
1190,0,0,0,0,0,-1,0,10.219905,5.000000,0
1194,0,0,0,0,0,-1,0,10.219905,5.000000,0
1195,0,0,0,0,0,-1,0,10.219905,5.000000,0
1196,0,0,0,0,0,-1,0,10.219905,5.000000,0
1200,0,0,0,0,0,-1,0,10.219905,5.000000,0
1207,0,0,0,0,0,-1,0,10.219905,5.000000,0
1208,0,0,0,0,0,-1,0,10.219905,5.000000,0
1210,0,0,0,0,0,-1,0,10.219905,5.000000,0
1211,0,0,0,0,0,-1,0,10.219905,5.000000,0
1213,0,0,0,0,0,-1,0,10.219905,5.000000,0
1216,0,0,0,0,0,-1,0,10.219905,5.000000,0
1220,0,0,0,0,0,-1,0,10.219905,5.000000,0
1222,0,0,0,0,0,-1,0,10.219905,5.000000,0
1225,0,0,0,0,0,-1,0,10.219905,5.000000,0
1229,0,0,0,0,0,-1,0,10.219905,5.000000,0
1234,0,0,0,0,0,-1,0,10.219905,5.000000,0
1241,0,0,0,0,0,-1,0,10.219905,5.000000,0
1242,0,0,0,0,0,-1,0,10.219905,5.000000,0
1247,0,0,0,0,0,-1,0,10.219905,5.000000,0
1251,0,0,0,0,0,-1,0,10.219905,5.000000,0
1253,0,0,0,0,0,-1,0,10.219905,5.000000,0
1255,0,0,0,0,0,-1,0,10.219905,5.000000,0
1259,0,0,0,0,0,-1,0,10.219905,5.000000,0
1264,0,0,0,0,0,-1,0,10.219905,5.000000,0
1269,0,0,0,0,0,-1,0,10.219905,5.000000,0
1270,0,0,0,0,0,-1,0,10.219905,5.000000,0
1278,0,0,0,0,0,-1,0,10.219905,5.000000,0
1285,0,0,0,0,0,-1,0,10.219905,5.000000,0
1289,0,0,0,0,0,-1,0,10.219905,5.000000,0
1293,0,0,0,0,0,-1,0,10.219905,5.000000,0
1299,0,0,0,0,0,-1,0,10.219905,5.000000,0
1302,0,0,0,0,0,-1,0,10.219905,5.000000,0
1307,0,0,0,0,0,-1,0,10.219905,5.000000,0
1310,0,0,0,0,0,-1,0,10.219905,5.000000,0
1317,0,0,0,0,0,-1,0,10.219905,5.000000,0
1319,0,0,0,0,0,-1,0,10.219905,5.000000,0
1322,0,0,0,0,0,-1,0,10.219905,5.000000,0
1325,0,0,0,0,0,-1,0,10.219905,5.000000,0
1330,0,0,0,0,0,-1,0,10.219905,5.000000,0
1333,0,0,0,0,0,-1,0,10.219905,5.000000,0
1336,0,0,0,0,0,-1,0,10.219905,5.000000,0
1337,0,0,0,0,0,-1,0,10.219905,5.000000,0
1338,0,0,0,0,0,-1,0,10.219905,5.000000,0
1350,0,0,0,0,0,-1,0,10.219905,5.000000,0
1351,0,0,0,0,0,-1,0,10.219905,5.000000,0
1352,0,0,0,0,0,-1,0,10.219905,5.000000,0
1355,0,0,0,0,0,-1,0,10.219905,5.000000,0
1356,0,0,0,0,0,-1,0,10.219905,5.000000,0
1357,0,0,0,0,0,-1,0,10.219905,5.000000,0
1360,0,0,0,0,0,-1,0,10.219905,5.000000,0
1364,0,0,0,0,0,-1,0,10.219905,5.000000,0
1366,0,0,0,0,0,-1,0,10.219905,5.000000,0
1368,0,0,0,0,0,-1,0,10.219905,5.000000,0
1370,0,0,0,0,0,-1,0,10.219905,5.000000,0
1374,0,0,0,0,0,-1,0,10.219905,5.000000,0
1376,0,0,0,0,0,-1,0,10.219905,5.000000,0
1377,0,0,0,0,0,-1,0,10.219905,5.000000,0
1378,0,0,0,0,0,-1,0,10.219905,5.000000,0
1379,0,0,0,0,0,-1,0,10.219905,5.000000,0
1380,0,0,0,0,0,-1,0,10.219905,5.000000,0
1387,0,0,0,0,0,-1,0,10.219905,5.000000,0
1395,0,0,0,0,0,-1,0,10.219905,5.000000,0
1398,0,0,0,0,0,-1,0,10.219905,5.000000,0
1404,0,0,0,0,0,-1,0,10.219905,5.000000,0
1405,0,0,0,0,0,-1,0,10.219905,5.000000,0
1406,0,0,0,0,0,-1,0,10.219905,5.000000,0
1410,0,0,0,0,0,-1,0,10.219905,5.000000,0
1414,0,0,0,0,0,-1,0,10.219905,5.000000,0
1418,0,0,0,0,0,-1,0,10.219905,5.000000,0
1419,0,0,0,0,0,-1,0,10.219905,5.000000,0
1421,0,0,0,0,0,-1,0,10.219905,5.000000,0
1422,0,0,0,0,0,-1,0,10.219905,5.000000,0
1427,0,0,0,0,0,-1,0,10.219905,5.000000,0
1428,0,0,0,0,0,-1,0,10.219905,5.000000,0
1429,0,0,0,0,0,-1,0,10.219905,5.000000,0
1430,0,0,0,0,0,-1,0,10.219905,5.000000,0
1431,0,0,0,0,0,-1,0,10.219905,5.000000,0
1432,0,0,0,0,0,-1,0,10.219905,5.000000,0
1433,0,0,0,0,0,-1,0,10.219905,5.000000,0
1434,0,0,0,0,0,-1,0,10.219905,5.000000,0
1435,0,0,0,0,0,-1,0,10.219905,5.000000,0
1436,0,0,0,0,0,-1,0,10.219905,5.000000,0
1437,0,0,0,0,0,-1,0,10.219905,5.000000,0
1438,0,0,0,0,0,-1,0,10.219905,5.000000,0
1439,0,0,0,0,0,-1,0,10.219905,5.000000,0
1440,0,0,0,0,0,-1,0,10.219905,5.000000,0
1441,0,0,0,0,0,-1,0,10.219905,5.000000,0
1442,0,0,0,0,0,-1,0,10.219905,5.000000,0
1443,0,0,0,0,0,-1,0,10.219905,5.000000,0
1444,0,0,0,0,0,-1,0,10.219905,5.000000,0
1445,0,0,0,0,0,-1,0,10.219905,5.000000,0
1446,0,0,0,0,0,-1,0,10.219905,5.000000,0
1447,0,0,0,0,0,-1,0,10.219905,5.000000,0
1448,0,0,0,0,0,-1,0,10.219905,5.000000,0
1449,0,0,0,0,0,-1,0,10.219905,5.000000,0
1450,0,0,0,0,0,-1,0,10.219905,5.000000,0
1451,0,0,0,0,0,-1,0,10.219905,5.000000,0
1452,0,0,0,0,0,-1,0,10.219905,5.000000,0
1453,0,0,0,0,0,-1,0,10.219905,5.000000,0
1454,0,0,0,0,0,-1,0,10.219905,5.000000,0
1455,0,0,0,0,0,-1,0,10.219905,5.000000,0
1456,0,0,0,0,0,-1,0,10.219905,5.000000,0
1457,0,0,0,0,0,-1,0,10.219905,5.000000,0
1458,0,0,0,0,0,-1,0,10.219905,5.000000,0
1459,0,0,0,0,0,-1,0,10.219905,5.000000,0
1460,0,0,0,0,0,-1,0,10.219905,5.000000,0
1461,0,0,0,0,0,-1,0,10.219905,5.000000,0
1462,0,0,0,0,0,-1,0,10.219905,5.000000,0
1463,0,0,0,0,0,-1,0,10.219905,5.000000,0
1464,0,0,0,0,0,-1,0,10.219905,5.000000,0
1465,0,0,0,0,0,-1,0,10.219905,5.000000,0
1466,0,0,0,0,0,-1,0,10.219905,5.000000,0
1467,0,0,0,0,0,-1,0,10.219905,5.000000,0
1468,0,0,0,0,0,-1,0,10.219905,5.000000,0
1469,0,0,0,0,0,-1,0,10.219905,5.000000,0
1470,0,0,0,0,0,-1,0,10.219905,5.000000,0
1471,0,0,0,0,0,-1,0,10.219905,5.000000,0
1472,0,0,0,0,0,-1,0,10.219905,5.000000,0
1473,0,0,0,0,0,-1,0,10.219905,5.000000,0
1474,0,0,0,0,0,-1,0,10.219905,5.000000,0
1475,0,0,0,0,0,-1,0,10.219905,5.000000,0
1476,0,0,0,0,0,-1,0,10.219905,5.000000,0
1477,0,0,0,0,0,-1,0,10.219905,5.000000,0
1478,0,0,0,0,0,-1,0,10.219905,5.000000,0
1479,0,0,0,0,0,-1,0,10.219905,5.000000,0
1480,0,0,0,0,0,-1,0,10.219905,5.000000,0
1481,0,0,0,0,0,-1,0,10.219905,5.000000,0
1482,0,0,0,0,0,-1,0,10.219905,5.000000,0
1483,0,0,0,0,0,-1,0,10.219905,5.000000,0
1484,0,0,0,0,0,-1,0,10.219905,5.000000,0
1485,0,0,0,0,0,-1,0,10.219905,5.000000,0
1486,0,0,0,0,0,-1,0,10.219905,5.000000,0
1487,0,0,0,0,0,-1,0,10.219905,5.000000,0
1488,0,0,0,0,0,-1,0,10.219905,5.000000,0
1489,0,0,0,0,0,-1,0,10.219905,5.000000,0
1490,0,0,0,0,0,-1,0,10.219905,5.000000,0
1491,0,0,0,0,0,-1,0,10.219905,5.000000,0
1492,0,0,0,0,0,-1,0,10.219905,5.000000,0
1493,0,0,0,0,0,-1,0,10.219905,5.000000,0
1494,0,0,0,0,0,-1,0,10.219905,5.000000,0
1495,0,0,0,0,0,-1,0,10.219905,5.000000,0
1496,0,0,0,0,0,-1,0,10.219905,5.000000,0
1497,0,0,0,0,0,-1,0,10.219905,5.000000,0
1498,0,0,0,0,0,-1,0,10.219905,5.000000,0
1499,0,0,0,0,0,-1,0,10.219905,5.000000,0
1500,0,0,0,0,0,-1,0,10.219905,5.000000,0
1501,0,0,0,0,0,-1,0,10.219905,5.000000,0
1502,0,0,0,0,0,-1,0,10.219905,5.000000,0
1503,0,0,0,0,0,-1,0,10.219905,5.000000,0
1504,0,0,0,0,0,-1,0,10.219905,5.000000,0
1505,0,0,0,0,0,-1,0,10.219905,5.000000,0
1506,0,0,0,0,0,-1,0,10.219905,5.000000,0
1507,0,0,0,0,0,-1,0,10.219905,5.000000,0
1508,0,0,0,0,0,-1,0,10.219905,5.000000,0
1509,0,0,0,0,0,-1,0,10.219905,5.000000,0
1510,0,0,0,0,0,-1,0,10.219905,5.000000,0
1511,0,0,0,0,0,-1,0,10.219905,5.000000,0
1512,0,0,0,0,0,-1,0,10.219905,5.000000,0
1513,0,0,0,0,0,-1,0,10.219905,5.000000,0
1514,0,0,0,0,0,-1,0,10.219905,5.000000,0
1515,0,0,0,0,0,-1,0,10.219905,5.000000,0
1516,0,0,0,0,0,-1,0,10.219905,5.000000,0
1517,0,0,0,0,0,-1,0,10.219905,5.000000,0
1518,0,0,0,0,0,-1,0,10.219905,5.000000,0
1519,0,0,0,0,0,-1,0,10.219905,5.000000,0
1520,0,0,0,0,0,-1,0,10.219905,5.000000,0
1521,0,0,0,0,0,-1,0,10.219905,5.000000,0
1522,0,0,0,0,0,-1,0,10.219905,5.000000,0
1523,0,0,0,0,0,-1,0,10.219905,5.000000,0
1524,0,0,0,0,0,-1,0,10.219905,5.000000,0
1525,0,0,0,0,0,-1,0,10.219905,5.000000,0
1526,0,0,0,0,0,-1,0,10.219905,5.000000,0
1527,0,0,0,0,0,-1,0,10.219905,5.000000,0
1528,0,0,0,0,0,-1,0,10.219905,5.000000,0
1529,0,0,0,0,0,-1,0,10.219905,5.000000,0
1530,0,0,0,0,0,-1,0,10.219905,5.000000,0
1531,0,0,0,0,0,-1,0,10.219905,5.000000,0
1532,0,0,0,0,0,-1,0,10.219905,5.000000,0
1533,0,0,0,0,0,-1,0,10.219905,5.000000,0
1534,0,0,0,0,0,-1,0,10.219905,5.000000,0
1535,0,0,0,0,0,-1,0,10.219905,5.000000,0
1536,0,0,0,0,0,-1,0,10.219905,5.000000,0
1537,0,0,0,0,0,-1,0,10.219905,5.000000,0
1538,0,0,0,0,0,-1,0,10.219905,5.000000,0
1539,0,0,0,0,0,-1,0,10.219905,5.000000,0
1540,0,0,0,0,0,-1,0,10.219905,5.000000,0
1541,0,0,0,0,0,-1,0,10.219905,5.000000,0
1542,0,0,0,0,0,-1,0,10.219905,5.000000,0
1543,0,0,0,0,0,-1,0,10.219905,5.000000,0
1544,0,0,0,0,0,-1,0,10.219905,5.000000,0
1545,0,0,0,0,0,-1,0,10.219905,5.000000,0
1546,0,0,0,0,0,-1,0,10.219905,5.000000,0
1547,0,0,0,0,0,-1,0,10.219905,5.000000,0
1548,0,0,0,0,0,-1,0,10.219905,5.000000,0
1549,0,0,0,0,0,-1,0,10.219905,5.000000,0
1550,0,0,0,0,0,-1,0,10.219905,5.000000,0
1551,0,0,0,0,0,-1,0,10.219905,5.000000,0
1552,0,0,0,0,0,-1,0,10.219905,5.000000,0
1553,0,0,0,0,0,-1,0,10.219905,5.000000,0
1554,0,0,0,0,0,-1,0,10.219905,5.000000,0
1555,0,0,0,0,0,-1,0,10.219905,5.000000,0
1556,0,0,0,0,0,-1,0,10.219905,5.000000,0
1557,0,0,0,0,0,-1,0,10.219905,5.000000,0
1558,0,0,0,0,0,-1,0,10.219905,5.000000,0
1559,0,0,0,0,0,-1,0,10.219905,5.000000,0
1560,0,0,0,0,0,-1,0,10.219905,5.000000,0
1561,0,0,0,0,0,-1,0,10.219905,5.000000,0
1562,0,0,0,0,0,-1,0,10.219905,5.000000,0
1563,0,0,0,0,0,-1,0,10.219905,5.000000,0
1564,0,0,0,0,0,-1,0,10.219905,5.000000,0
1565,0,0,0,0,0,-1,0,10.219905,5.000000,0
1566,0,0,0,0,0,-1,0,10.219905,5.000000,0
1567,0,0,0,0,0,-1,0,10.219905,5.000000,0
1568,0,0,0,0,0,-1,0,10.219905,5.000000,0
1569,0,0,0,0,0,-1,0,10.219905,5.000000,0
1570,0,0,0,0,0,-1,0,10.219905,5.000000,0
1571,0,0,0,0,0,-1,0,10.219905,5.000000,0
1572,0,0,0,0,0,-1,0,10.219905,5.000000,0
1573,0,0,0,0,0,-1,0,10.219905,5.000000,0
1574,0,0,0,0,0,-1,0,10.219905,5.000000,0
1575,0,0,0,0,0,-1,0,10.219905,5.000000,0
1576,0,0,0,0,0,-1,0,10.219905,5.000000,0
1577,0,0,0,0,0,-1,0,10.219905,5.000000,0
1578,0,0,0,0,0,-1,0,10.219905,5.000000,0
1579,0,0,0,0,0,-1,0,10.219905,5.000000,0
1580,0,0,0,0,0,-1,0,10.219905,5.000000,0
1581,0,0,0,0,0,-1,0,10.219905,5.000000,0
1582,0,0,0,0,0,-1,0,10.219905,5.000000,0
1583,0,0,0,0,0,-1,0,10.219905,5.000000,0
1584,0,0,0,0,0,-1,0,10.219905,5.000000,0
1585,0,0,0,0,0,-1,0,10.219905,5.000000,0
1586,0,0,0,0,0,-1,0,10.219905,5.000000,0
1587,0,0,0,0,0,-1,0,10.219905,5.000000,0
1588,0,0,0,0,0,-1,0,10.219905,5.000000,0
1589,0,0,0,0,0,-1,0,10.219905,5.000000,0
1590,0,0,0,0,0,-1,0,10.219905,5.000000,0
1591,0,0,0,0,0,-1,0,10.219905,5.000000,0
1592,0,0,0,0,0,-1,0,10.219905,5.000000,0
1593,0,0,0,0,0,-1,0,10.219905,5.000000,0
1594,0,0,0,0,0,-1,0,10.219905,5.000000,0
1595,0,0,0,0,0,-1,0,10.219905,5.000000,0
1596,0,0,0,0,0,-1,0,10.219905,5.000000,0
1597,0,0,0,0,0,-1,0,10.219905,5.000000,0
1598,0,0,0,0,0,-1,0,10.219905,5.000000,0
1599,0,0,0,0,0,-1,0,10.219905,5.000000,0
1600,0,0,0,0,0,-1,0,10.219905,5.000000,0
1601,0,0,0,0,0,-1,0,10.219905,5.000000,0
1602,0,0,0,0,0,-1,0,10.219905,5.000000,0
1603,0,0,0,0,0,-1,0,10.219905,5.000000,0
1604,0,0,0,0,0,-1,0,10.219905,5.000000,0
1605,0,0,0,0,0,-1,0,10.219905,5.000000,0
1606,0,0,0,0,0,-1,0,10.219905,5.000000,0
1607,0,0,0,0,0,-1,0,10.219905,5.000000,0
1608,0,0,0,0,0,-1,0,10.219905,5.000000,0
1609,0,0,0,0,0,-1,0,10.219905,5.000000,0
1610,0,0,0,0,0,-1,0,10.219905,5.000000,0
1611,0,0,0,0,0,-1,0,10.219905,5.000000,0
1612,0,0,0,0,0,-1,0,10.219905,5.000000,0
1613,0,0,0,0,0,-1,0,10.219905,5.000000,0
1614,0,0,0,0,0,-1,0,10.219905,5.000000,0
1615,0,0,0,0,0,-1,0,10.219905,5.000000,0
1616,0,0,0,0,0,-1,0,10.219905,5.000000,0
1617,0,0,0,0,0,-1,0,10.219905,5.000000,0
1618,0,0,0,0,0,-1,0,10.219905,5.000000,0
1619,0,0,0,0,0,-1,0,10.219905,5.000000,0
1620,0,0,0,0,0,-1,0,10.219905,5.000000,0
1621,0,0,0,0,0,-1,0,10.219905,5.000000,0
1622,0,0,0,0,0,-1,0,10.219905,5.000000,0
1623,0,0,0,0,0,-1,0,10.219905,5.000000,0
1624,0,0,0,0,0,-1,0,10.219905,5.000000,0
1625,0,0,0,0,0,-1,0,10.219905,5.000000,0
1626,0,0,0,0,0,-1,0,10.219905,5.000000,0
1627,0,0,0,0,0,-1,0,10.219905,5.000000,0
1628,0,0,0,0,0,-1,0,10.219905,5.000000,0
1629,0,0,0,0,0,-1,0,10.219905,5.000000,0
1630,0,0,0,0,0,-1,0,10.219905,5.000000,0
1631,0,0,0,0,0,-1,0,10.219905,5.000000,0
1632,0,0,0,0,0,-1,0,10.219905,5.000000,0
1633,0,0,0,0,0,-1,0,10.219905,5.000000,0
1634,0,0,0,0,0,-1,0,10.219905,5.000000,0
1635,0,0,0,0,0,-1,0,10.219905,5.000000,0
1636,0,0,0,0,0,-1,0,10.219905,5.000000,0
1637,0,0,0,0,0,-1,0,10.219905,5.000000,0
1638,0,0,0,0,0,-1,0,10.219905,5.000000,0
1639,0,0,0,0,0,-1,0,10.219905,5.000000,0
1640,0,0,0,0,0,-1,0,10.219905,5.000000,0
1641,0,0,0,0,0,-1,0,10.219905,5.000000,0
1642,0,0,0,0,0,-1,0,10.219905,5.000000,0
1643,0,0,0,0,0,-1,0,10.219905,5.000000,0
1644,0,0,0,0,0,-1,0,10.219905,5.000000,0
1645,0,0,0,0,0,-1,0,10.219905,5.000000,0
1646,0,0,0,0,0,-1,0,10.219905,5.000000,0
1647,0,0,0,0,0,-1,0,10.219905,5.000000,0
1648,0,0,0,0,0,-1,0,10.219905,5.000000,0
1649,0,0,0,0,0,-1,0,10.219905,5.000000,0
1650,0,0,0,0,0,-1,0,10.219905,5.000000,0
1651,0,0,0,0,0,-1,0,10.219905,5.000000,0
1652,0,0,0,0,0,-1,0,10.219905,5.000000,0
1653,0,0,0,0,0,-1,0,10.219905,5.000000,0
1654,0,0,0,0,0,-1,0,10.219905,5.000000,0
1655,0,0,0,0,0,-1,0,10.219905,5.000000,0
1656,0,0,0,0,0,-1,0,10.219905,5.000000,0
1657,0,0,0,0,0,-1,0,10.219905,5.000000,0
1658,0,0,0,0,0,-1,0,10.219905,5.000000,0
1659,0,0,0,0,0,-1,0,10.219905,5.000000,0
1660,0,0,0,0,0,-1,0,10.219905,5.000000,0
1661,0,0,0,0,0,-1,0,10.219905,5.000000,0
1662,0,0,0,0,0,-1,0,10.219905,5.000000,0
1663,0,0,0,0,0,-1,0,10.219905,5.000000,0
1664,0,0,0,0,0,-1,0,10.219905,5.000000,0
1665,0,0,0,0,0,-1,0,10.219905,5.000000,0
1666,0,0,0,0,0,-1,0,10.219905,5.000000,0
1667,0,0,0,0,0,-1,0,10.219905,5.000000,0
1668,0,0,0,0,0,-1,0,10.219905,5.000000,0
1669,0,0,0,0,0,-1,0,10.219905,5.000000,0
1670,0,0,0,0,0,-1,0,10.219905,5.000000,0
1671,0,0,0,0,0,-1,0,10.219905,5.000000,0
1672,0,0,0,0,0,-1,0,10.219905,5.000000,0
1673,0,0,0,0,0,-1,0,10.219905,5.000000,0
1674,0,0,0,0,0,-1,0,10.219905,5.000000,0
1675,0,0,0,0,0,-1,0,10.219905,5.000000,0
1676,0,0,0,0,0,-1,0,10.219905,5.000000,0
1677,0,0,0,0,0,-1,0,10.219905,5.000000,0
1678,0,0,0,0,0,-1,0,10.219905,5.000000,0
1679,0,0,0,0,0,-1,0,10.219905,5.000000,0
1680,0,0,0,0,0,-1,0,10.219905,5.000000,0
1681,0,0,0,0,0,-1,0,10.219905,5.000000,0
1682,0,0,0,0,0,-1,0,10.219905,5.000000,0
1683,0,0,0,0,0,-1,0,10.219905,5.000000,0
1684,0,0,0,0,0,-1,0,10.219905,5.000000,0
1685,0,0,0,0,0,-1,0,10.219905,5.000000,0
1686,0,0,0,0,0,-1,0,10.219905,5.000000,0
1687,0,0,0,0,0,-1,0,10.219905,5.000000,0
1688,0,0,0,0,0,-1,0,10.219905,5.000000,0
1689,0,0,0,0,0,-1,0,10.219905,5.000000,0
1690,0,0,0,0,0,-1,0,10.219905,5.000000,0
1691,0,0,0,0,0,-1,0,10.219905,5.000000,0
1692,0,0,0,0,0,-1,0,10.219905,5.000000,0
1693,0,0,0,0,0,-1,0,10.219905,5.000000,0
1694,0,0,0,0,0,-1,0,10.219905,5.000000,0
1695,0,0,0,0,0,-1,0,10.219905,5.000000,0
1696,0,0,0,0,0,-1,0,10.219905,5.000000,0
1697,0,0,0,0,0,-1,0,10.219905,5.000000,0
1698,0,0,0,0,0,-1,0,10.219905,5.000000,0
1699,0,0,0,0,0,-1,0,10.219905,5.000000,0
1700,0,0,0,0,0,-1,0,10.219905,5.000000,0
1701,0,0,0,0,0,-1,0,10.219905,5.000000,0
1702,0,0,0,0,0,-1,0,10.219905,5.000000,0
1703,0,0,0,0,0,-1,0,10.219905,5.000000,0
1704,0,0,0,0,0,-1,0,10.219905,5.000000,0
1705,0,0,0,0,0,-1,0,10.219905,5.000000,0
1706,0,0,0,0,0,-1,0,10.219905,5.000000,0
1707,0,0,0,0,0,-1,0,10.219905,5.000000,0
1708,0,0,0,0,0,-1,0,10.219905,5.000000,0
1709,0,0,0,0,0,-1,0,10.219905,5.000000,0
1710,0,0,0,0,0,-1,0,10.219905,5.000000,0
1711,0,0,0,0,0,-1,0,10.219905,5.000000,0
1712,0,0,0,0,0,-1,0,10.219905,5.000000,0
1713,0,0,0,0,0,-1,0,10.219905,5.000000,0
1714,0,0,0,0,0,-1,0,10.219905,5.000000,0
1715,0,0,0,0,0,-1,0,10.219905,5.000000,0
1716,0,0,0,0,0,-1,0,10.219905,5.000000,0
1717,0,0,0,0,0,-1,0,10.219905,5.000000,0
1718,0,0,0,0,0,-1,0,10.219905,5.000000,0
1719,0,0,0,0,0,-1,0,10.219905,5.000000,0
1720,0,0,0,0,0,-1,0,10.219905,5.000000,0
1721,0,0,0,0,0,-1,0,10.219905,5.000000,0
1722,0,0,0,0,0,-1,0,10.219905,5.000000,0
1723,0,0,0,0,0,-1,0,10.219905,5.000000,0
1724,0,0,0,0,0,-1,0,10.219905,5.000000,0
1725,0,0,0,0,0,-1,0,10.219905,5.000000,0
1726,0,0,0,0,0,-1,0,10.219905,5.000000,0
1727,0,0,0,0,0,-1,0,10.219905,5.000000,0
1728,0,0,0,0,0,-1,0,10.219905,5.000000,0
1729,0,0,0,0,0,-1,0,10.219905,5.000000,0
1730,0,0,0,0,0,-1,0,10.219905,5.000000,0
1731,0,0,0,0,0,-1,0,10.219905,5.000000,0
1732,0,0,0,0,0,-1,0,10.219905,5.000000,0
1733,0,0,0,0,0,-1,0,10.219905,5.000000,0
1734,0,0,0,0,0,-1,0,10.219905,5.000000,0
1735,0,0,0,0,0,-1,0,10.219905,5.000000,0
1736,0,0,0,0,0,-1,0,10.219905,5.000000,0
1737,0,0,0,0,0,-1,0,10.219905,5.000000,0
1738,0,0,0,0,0,-1,0,10.219905,5.000000,0
1739,0,0,0,0,0,-1,0,10.219905,5.000000,0
1740,0,0,0,0,0,-1,0,10.219905,5.000000,0
1741,0,0,0,0,0,-1,0,10.219905,5.000000,0
1742,0,0,0,0,0,-1,0,10.219905,5.000000,0
1743,0,0,0,0,0,-1,0,10.219905,5.000000,0
1744,0,0,0,0,0,-1,0,10.219905,5.000000,0
1745,0,0,0,0,0,-1,0,10.219905,5.000000,0
1746,0,0,0,0,0,-1,0,10.219905,5.000000,0
1747,0,0,0,0,0,-1,0,10.219905,5.000000,0
1748,0,0,0,0,0,-1,0,10.219905,5.000000,0
1749,0,0,0,0,0,-1,0,10.219905,5.000000,0
1750,0,0,0,0,0,-1,0,10.219905,5.000000,0
1751,0,0,0,0,0,-1,0,10.219905,5.000000,0
1752,0,0,0,0,0,-1,0,10.219905,5.000000,0
1753,0,0,0,0,0,-1,0,10.219905,5.000000,0
1754,0,0,0,0,0,-1,0,10.219905,5.000000,0
1755,0,0,0,0,0,-1,0,10.219905,5.000000,0
1756,0,0,0,0,0,-1,0,10.219905,5.000000,0
1757,0,0,0,0,0,-1,0,10.219905,5.000000,0
1758,0,0,0,0,0,-1,0,10.219905,5.000000,0
1759,0,0,0,0,0,-1,0,10.219905,5.000000,0
1760,0,0,0,0,0,-1,0,10.219905,5.000000,0
1761,0,0,0,0,0,-1,0,10.219905,5.000000,0
1762,0,0,0,0,0,-1,0,10.219905,5.000000,0
1763,0,0,0,0,0,-1,0,10.219905,5.000000,0
1764,0,0,0,0,0,-1,0,10.219905,5.000000,0
1765,0,0,0,0,0,-1,0,10.219905,5.000000,0
1766,0,0,0,0,0,-1,0,10.219905,5.000000,0
1767,0,0,0,0,0,-1,0,10.219905,5.000000,0
1768,0,0,0,0,0,-1,0,10.219905,5.000000,0
1769,0,0,0,0,0,-1,0,10.219905,5.000000,0
1770,0,0,0,0,0,-1,0,10.219905,5.000000,0
1771,0,0,0,0,0,-1,0,10.219905,5.000000,0
1772,0,0,0,0,0,-1,0,10.219905,5.000000,0
1773,0,0,0,0,0,-1,0,10.219905,5.000000,0
1774,0,0,0,0,0,-1,0,10.219905,5.000000,0
1775,0,0,0,0,0,-1,0,10.219905,5.000000,0
1776,0,0,0,0,0,-1,0,10.219905,5.000000,0
1777,0,0,0,0,0,-1,0,10.219905,5.000000,0
1778,0,0,0,0,0,-1,0,10.219905,5.000000,0
1779,0,0,0,0,0,-1,0,10.219905,5.000000,0
1780,0,0,0,0,0,-1,0,10.219905,5.000000,0
1781,0,0,0,0,0,-1,0,10.219905,5.000000,0
1782,0,0,0,0,0,-1,0,10.219905,5.000000,0
1783,0,0,0,0,0,-1,0,10.219905,5.000000,0
1784,0,0,0,0,0,-1,0,10.219905,5.000000,0
1785,0,0,0,0,0,-1,0,10.219905,5.000000,0
1786,0,0,0,0,0,-1,0,10.219905,5.000000,0
1787,0,0,0,0,0,-1,0,10.219905,5.000000,0
1788,0,0,0,0,0,-1,0,10.219905,5.000000,0
1789,0,0,0,0,0,-1,0,10.219905,5.000000,0
1790,0,0,0,0,0,-1,0,10.219905,5.000000,0
1791,0,0,0,0,0,-1,0,10.219905,5.000000,0
1792,0,0,0,0,0,-1,0,10.219905,5.000000,0
1793,0,0,0,0,0,-1,0,10.219905,5.000000,0
1794,0,0,0,0,0,-1,0,10.219905,5.000000,0
1795,0,0,0,0,0,-1,0,10.219905,5.000000,0
1796,0,0,0,0,0,-1,0,10.219905,5.000000,0
1797,0,0,0,0,0,-1,0,10.219905,5.000000,0
1798,0,0,0,0,0,-1,0,10.219905,5.000000,0
1799,0,0,0,0,0,-1,0,10.219905,5.000000,0
1800,0,0,0,0,0,-1,0,10.219905,5.000000,0
1801,0,0,0,0,0,-1,0,10.219905,5.000000,0
1802,0,0,0,0,0,-1,0,10.219905,5.000000,0
1803,0,0,0,0,0,-1,0,10.219905,5.000000,0
1804,0,0,0,0,0,-1,0,10.219905,5.000000,0
1805,0,0,0,0,0,-1,0,10.219905,5.000000,0
1806,0,0,0,0,0,-1,0,10.219905,5.000000,0
1807,0,0,0,0,0,-1,0,10.219905,5.000000,0
1808,0,0,0,0,0,-1,0,10.219905,5.000000,0
1809,0,0,0,0,0,-1,0,10.219905,5.000000,0
1810,0,0,0,0,0,-1,0,10.219905,5.000000,0
1811,0,0,0,0,0,-1,0,10.219905,5.000000,0
1812,0,0,0,0,0,-1,0,10.219905,5.000000,0
1813,0,0,0,0,0,-1,0,10.219905,5.000000,0
1814,0,0,0,0,0,-1,0,10.219905,5.000000,0
1815,0,0,0,0,0,-1,0,10.219905,5.000000,0
1816,0,0,0,0,0,-1,0,10.219905,5.000000,0
1817,0,0,0,0,0,-1,0,10.219905,5.000000,0
1818,0,0,0,0,0,-1,0,10.219905,5.000000,0
1819,0,0,0,0,0,-1,0,10.219905,5.000000,0
1820,0,0,0,0,0,-1,0,10.219905,5.000000,0
1821,0,0,0,0,0,-1,0,10.219905,5.000000,0
1822,0,0,0,0,0,-1,0,10.219905,5.000000,0
1823,0,0,0,0,0,-1,0,10.219905,5.000000,0
1824,0,0,0,0,0,-1,0,10.219905,5.000000,0
1825,0,0,0,0,0,-1,0,10.219905,5.000000,0
1826,0,0,0,0,0,-1,0,10.219905,5.000000,0
1827,0,0,0,0,0,-1,0,10.219905,5.000000,0
1828,0,0,0,0,0,-1,0,10.219905,5.000000,0
1829,0,0,0,0,0,-1,0,10.219905,5.000000,0
1830,0,0,0,0,0,-1,0,10.219905,5.000000,0
1831,0,0,0,0,0,-1,0,10.219905,5.000000,0
1832,0,0,0,0,0,-1,0,10.219905,5.000000,0
1833,0,0,0,0,0,-1,0,10.219905,5.000000,0
1834,0,0,0,0,0,-1,0,10.219905,5.000000,0
1835,0,0,0,0,0,-1,0,10.219905,5.000000,0
1836,0,0,0,0,0,-1,0,10.219905,5.000000,0
1837,0,0,0,0,0,-1,0,10.219905,5.000000,0
1838,0,0,0,0,0,-1,0,10.219905,5.000000,0
1839,0,0,0,0,0,-1,0,10.219905,5.000000,0
1840,0,0,0,0,0,-1,0,10.219905,5.000000,0
1841,0,0,0,0,0,-1,0,10.219905,5.000000,0
1842,0,0,0,0,0,-1,0,10.219905,5.000000,0
1843,0,0,0,0,0,-1,0,10.219905,5.000000,0
1844,0,0,0,0,0,-1,0,10.219905,5.000000,0
1845,0,0,0,0,0,-1,0,10.219905,5.000000,0
1846,0,0,0,0,0,-1,0,10.219905,5.000000,0
1847,0,0,0,0,0,-1,0,10.219905,5.000000,0
1848,0,0,0,0,0,-1,0,10.219905,5.000000,0
1849,0,0,0,0,0,-1,0,10.219905,5.000000,0
1850,0,0,0,0,0,-1,0,10.219905,5.000000,0
1851,0,0,0,0,0,-1,0,10.219905,5.000000,0
1852,0,0,0,0,0,-1,0,10.219905,5.000000,0
1853,0,0,0,0,0,-1,0,10.219905,5.000000,0
1854,0,0,0,0,0,-1,0,10.219905,5.000000,0
1855,0,0,0,0,0,-1,0,10.219905,5.000000,0
1856,0,0,0,0,0,-1,0,10.219905,5.000000,0
1857,0,0,0,0,0,-1,0,10.219905,5.000000,0
1858,0,0,0,0,0,-1,0,10.219905,5.000000,0
1859,0,0,0,0,0,-1,0,10.219905,5.000000,0
1860,0,0,0,0,0,-1,0,10.219905,5.000000,0
1861,0,0,0,0,0,-1,0,10.219905,5.000000,0
1862,0,0,0,0,0,-1,0,10.219905,5.000000,0
1863,0,0,0,0,0,-1,0,10.219905,5.000000,0
1864,0,0,0,0,0,-1,0,10.219905,5.000000,0
1865,0,0,0,0,0,-1,0,10.219905,5.000000,0
1866,0,0,0,0,0,-1,0,10.219905,5.000000,0
1867,0,0,0,0,0,-1,0,10.219905,5.000000,0
1868,0,0,0,0,0,-1,0,10.219905,5.000000,0
1869,0,0,0,0,0,-1,0,10.219905,5.000000,0
1870,0,0,0,0,0,-1,0,10.219905,5.000000,0
1871,0,0,0,0,0,-1,0,10.219905,5.000000,0
1872,0,0,0,0,0,-1,0,10.219905,5.000000,0
1873,0,0,0,0,0,-1,0,10.219905,5.000000,0
1874,0,0,0,0,0,-1,0,10.219905,5.000000,0
1875,0,0,0,0,0,-1,0,10.219905,5.000000,0
1876,0,0,0,0,0,-1,0,10.219905,5.000000,0
1877,0,0,0,0,0,-1,0,10.219905,5.000000,0
1878,0,0,0,0,0,-1,0,10.219905,5.000000,0
1879,0,0,0,0,0,-1,0,10.219905,5.000000,0
1880,0,0,0,0,0,-1,0,10.219905,5.000000,0
1881,0,0,0,0,0,-1,0,10.219905,5.000000,0
1882,0,0,0,0,0,-1,0,10.219905,5.000000,0
1883,0,0,0,0,0,-1,0,10.219905,5.000000,0
1884,0,0,0,0,0,-1,0,10.219905,5.000000,0
1885,0,0,0,0,0,-1,0,10.219905,5.000000,0
1886,0,0,0,0,0,-1,0,10.219905,5.000000,0
1887,0,0,0,0,0,-1,0,10.219905,5.000000,0
1888,0,0,0,0,0,-1,0,10.219905,5.000000,0
1889,0,0,0,0,0,-1,0,10.219905,5.000000,0
1890,0,0,0,0,0,-1,0,10.219905,5.000000,0
1891,0,0,0,0,0,-1,0,10.219905,5.000000,0
1892,0,0,0,0,0,-1,0,10.219905,5.000000,0
1893,0,0,0,0,0,-1,0,10.219905,5.000000,0
1894,0,0,0,0,0,-1,0,10.219905,5.000000,0
1895,0,0,0,0,0,-1,0,10.219905,5.000000,0
1896,0,0,0,0,0,-1,0,10.219905,5.000000,0
1897,0,0,0,0,0,-1,0,10.219905,5.000000,0
1898,0,0,0,0,0,-1,0,10.219905,5.000000,0
1899,0,0,0,0,0,-1,0,10.219905,5.000000,0
1900,0,0,0,0,0,-1,0,10.219905,5.000000,0
1901,0,0,0,0,0,-1,0,10.219905,5.000000,0
1902,0,0,0,0,0,-1,0,10.219905,5.000000,0
1903,0,0,0,0,0,-1,0,10.219905,5.000000,0
1904,0,0,0,0,0,-1,0,10.219905,5.000000,0
1905,0,0,0,0,0,-1,0,10.219905,5.000000,0
1906,0,0,0,0,0,-1,0,10.219905,5.000000,0
1907,0,0,0,0,0,-1,0,10.219905,5.000000,0
1908,0,0,0,0,0,-1,0,10.219905,5.000000,0
1909,0,0,0,0,0,-1,0,10.219905,5.000000,0
1910,0,0,0,0,0,-1,0,10.219905,5.000000,0
1911,0,0,0,0,0,-1,0,10.219905,5.000000,0
1912,0,0,0,0,0,-1,0,10.219905,5.000000,0
1913,0,0,0,0,0,-1,0,10.219905,5.000000,0
1914,0,0,0,0,0,-1,0,10.219905,5.000000,0
1915,0,0,0,0,0,-1,0,10.219905,5.000000,0
1916,0,0,0,0,0,-1,0,10.219905,5.000000,0
1917,0,0,0,0,0,-1,0,10.219905,5.000000,0
1918,0,0,0,0,0,-1,0,10.219905,5.000000,0
1919,0,0,0,0,0,-1,0,10.219905,5.000000,0
1920,0,0,0,0,0,-1,0,10.219905,5.000000,0
1921,0,0,0,0,0,-1,0,10.219905,5.000000,0
1922,0,0,0,0,0,-1,0,10.219905,5.000000,0
1923,0,0,0,0,0,-1,0,10.219905,5.000000,0
1924,0,0,0,0,0,-1,0,10.219905,5.000000,0
1925,0,0,0,0,0,-1,0,10.219905,5.000000,0
1926,0,0,0,0,0,-1,0,10.219905,5.000000,0
1927,0,0,0,0,0,-1,0,10.219905,5.000000,0
1928,0,0,0,0,0,-1,0,10.219905,5.000000,0
1929,0,0,0,0,0,-1,0,10.219905,5.000000,0
1930,0,0,0,0,0,-1,0,10.219905,5.000000,0
1931,0,0,0,0,0,-1,0,10.219905,5.000000,0
1932,0,0,0,0,0,-1,0,10.219905,5.000000,0
1933,0,0,0,0,0,-1,0,10.219905,5.000000,0
1934,0,0,0,0,0,-1,0,10.219905,5.000000,0
1935,0,0,0,0,0,-1,0,10.219905,5.000000,0
1936,0,0,0,0,0,-1,0,10.219905,5.000000,0
1937,0,0,0,0,0,-1,0,10.219905,5.000000,0
1938,0,0,0,0,0,-1,0,10.219905,5.000000,0
1939,0,0,0,0,0,-1,0,10.219905,5.000000,0
1940,0,0,0,0,0,-1,0,10.219905,5.000000,0
1941,0,0,0,0,0,-1,0,10.219905,5.000000,0
1942,0,0,0,0,0,-1,0,10.219905,5.000000,0
1943,0,0,0,0,0,-1,0,10.219905,5.000000,0
1944,0,0,0,0,0,-1,0,10.219905,5.000000,0
1945,0,0,0,0,0,-1,0,10.219905,5.000000,0
1946,0,0,0,0,0,-1,0,10.219905,5.000000,0
1947,0,0,0,0,0,-1,0,10.219905,5.000000,0
1948,0,0,0,0,0,-1,0,10.219905,5.000000,0
1949,0,0,0,0,0,-1,0,10.219905,5.000000,0
1950,0,0,0,0,0,-1,0,10.219905,5.000000,0
1951,0,0,0,0,0,-1,0,10.219905,5.000000,0
1952,0,0,0,0,0,-1,0,10.219905,5.000000,0
1953,0,0,0,0,0,-1,0,10.219905,5.000000,0
1954,0,0,0,0,0,-1,0,10.219905,5.000000,0
1955,0,0,0,0,0,-1,0,10.219905,5.000000,0
1956,0,0,0,0,0,-1,0,10.219905,5.000000,0
1957,0,0,0,0,0,-1,0,10.219905,5.000000,0
1958,0,0,0,0,0,-1,0,10.219905,5.000000,0
1959,0,0,0,0,0,-1,0,10.219905,5.000000,0
1960,0,0,0,0,0,-1,0,10.219905,5.000000,0
1961,0,0,0,0,0,-1,0,10.219905,5.000000,0
1962,0,0,0,0,0,-1,0,10.219905,5.000000,0
1963,0,0,0,0,0,-1,0,10.219905,5.000000,0
1964,0,0,0,0,0,-1,0,10.219905,5.000000,0
1965,0,0,0,0,0,-1,0,10.219905,5.000000,0
1966,0,0,0,0,0,-1,0,10.219905,5.000000,0
1967,0,0,0,0,0,-1,0,10.219905,5.000000,0
1968,0,0,0,0,0,-1,0,10.219905,5.000000,0
1969,0,0,0,0,0,-1,0,10.219905,5.000000,0
1970,0,0,0,0,0,-1,0,10.219905,5.000000,0
1971,0,0,0,0,0,-1,0,10.219905,5.000000,0
1972,0,0,0,0,0,-1,0,10.219905,5.000000,0
1973,0,0,0,0,0,-1,0,10.219905,5.000000,0
1974,0,0,0,0,0,-1,0,10.219905,5.000000,0
1975,0,0,0,0,0,-1,0,10.219905,5.000000,0
1976,0,0,0,0,0,-1,0,10.219905,5.000000,0
1977,0,0,0,0,0,-1,0,10.219905,5.000000,0
1978,0,0,0,0,0,-1,0,10.219905,5.000000,0
1979,0,0,0,0,0,-1,0,10.219905,5.000000,0
1980,0,0,0,0,0,-1,0,10.219905,5.000000,0
1981,0,0,0,0,0,-1,0,10.219905,5.000000,0
1982,0,0,0,0,0,-1,0,10.219905,5.000000,0
1983,0,0,0,0,0,-1,0,10.219905,5.000000,0
1984,0,0,0,0,0,-1,0,10.219905,5.000000,0
1985,0,0,0,0,0,-1,0,10.219905,5.000000,0
1986,0,0,0,0,0,-1,0,10.219905,5.000000,0
1987,0,0,0,0,0,-1,0,10.219905,5.000000,0
1988,0,0,0,0,0,-1,0,10.219905,5.000000,0
1989,0,0,0,0,0,-1,0,10.219905,5.000000,0
1990,0,0,0,0,0,-1,0,10.219905,5.000000,0
1991,0,0,0,0,0,-1,0,10.219905,5.000000,0
1992,0,0,0,0,0,-1,0,10.219905,5.000000,0
1993,0,0,0,0,0,-1,0,10.219905,5.000000,0
1994,0,0,0,0,0,-1,0,10.219905,5.000000,0
1995,0,0,0,0,0,-1,0,10.219905,5.000000,0
1996,0,0,0,0,0,-1,0,10.219905,5.000000,0
1997,0,0,0,0,0,-1,0,10.219905,5.000000,0
1998,0,0,0,0,0,-1,0,10.219905,5.000000,0
1999,0,0,0,0,0,-1,0,10.219905,5.000000,0
2000,0,0,0,0,0,-1,0,10.219905,5.000000,0
