frameNumber,components,mse,sizeBytes,genTime,recvTime,delay_ms,receivedOnTime,effectiveError,deadline_ms,cqi
0,275,2.87604,65737,0.022619003,0.025500000,2.880997,1,2.876036,5.000000,14
1,275,2.339395,65737,0.041683955,0.047000000,5.316045,0,10.219905,5.000000,14
2,275,2.126167,65737,0.063196367,0.066000000,2.803633,1,2.126167,5.000000,14
3,275,2.332710,65737,0.081696711,0.087000000,5.303289,0,10.219905,5.000000,14
4,275,2.062618,65737,0.100099546,0.106500000,6.400454,0,10.219905,5.000000,14
5,275,1.994846,65737,0.119253058,0.122000000,2.746942,1,1.994846,5.000000,14
6,275,2.205018,65737,0.139391697,0.142000000,2.608303,1,2.205018,5.000000,14
7,275,1.924778,65737,0.162229272,0.167500000,5.270728,0,10.219905,5.000000,14
8,275,1.933191,65737,0.181376255,0.184000000,2.623745,1,1.933191,5.000000,14
9,275,2.125001,65737,0.200013947,0.206500000,6.486053,0,10.219905,5.000000,14
10,275,1.857830,65737,0.220991806,0.224000000,3.008194,1,1.857830,5.000000,14
11,275,1.876562,65737,0.241785451,0.244500000,2.714549,1,1.876562,5.000000,14
12,275,2.293269,65737,0.262500938,0.266000000,3.499062,1,2.293269,5.000000,14
13,275,1.859389,65737,0.281143796,0.284000000,2.856204,1,1.859389,5.000000,14
14,275,1.644892,65737,0.302124827,0.310000000,7.875173,0,10.219905,5.000000,14
15,275,1.757344,65737,0.323408163,0.326500000,3.091837,1,1.757344,5.000000,14
16,275,1.372643,65737,0.342428654,0.346000000,3.571346,1,1.372643,5.000000,14
17,275,0.738261,65737,0.361592373,0.364500000,2.907627,1,0.738261,5.000000,14
19,275,0.779780,65737,0.381600869,0.385000000,3.399131,1,0.779780,5.000000,14
20,275,1.183760,65737,0.401391893,0.410500000,9.108107,0,10.219905,5.000000,14
21,275,1.421329,65737,0.421548871,0.424500000,2.951129,1,1.421329,5.000000,14
22,275,1.148390,65737,0.443482848,0.446500000,3.017152,1,1.148390,5.000000,14
24,275,0.742931,65737,0.463482404,0.466500000,3.017596,1,0.742931,5.000000,14
26,275,1.093730,65737,0.484253180,0.487000000,2.746820,1,1.093730,5.000000,14
27,275,1.355742,65737,0.502690667,0.511500000,8.809333,0,10.219905,5.000000,14
28,275,1.394515,65737,0.522285806,0.525000000,2.714194,1,1.394515,5.000000,14
31,275,0.468408,65737,0.543076834,0.546500000,3.423166,1,0.468408,5.000000,14
32,275,0.361551,65737,0.563301932,0.567500000,4.198068,1,0.361551,5.000000,14
33,275,0.341495,65737,0.582019780,0.585500000,3.480220,1,0.341495,5.000000,14
34,275,0.296210,65737,0.600576623,0.606500000,5.923377,0,10.219905,5.000000,14
35,275,0.291972,65737,0.622900910,0.628500000,5.599090,0,10.219905,5.000000,14
36,275,0.303643,65737,0.642689413,0.646500000,3.810587,1,0.303643,5.000000,14
37,275,0.282241,65737,0.661135586,0.665500000,4.364414,1,0.282241,5.000000,14
38,275,0.271869,65737,0.680474137,0.684000000,3.525863,1,0.271869,5.000000,14
39,275,0.288566,65737,0.698708974,0.704500000,5.791026,0,10.219905,5.000000,14
40,275,0.234181,65737,0.716940917,0.719500000,2.559083,1,0.234181,5.000000,14
41,275,0.196280,65737,0.736788736,0.739500000,2.711264,1,0.196280,5.000000,14
42,275,0.195627,65737,0.757777047,0.760500000,2.722953,1,0.195627,5.000000,14
45,275,0.132393,65737,0.777606229,0.781000000,3.393771,1,0.132393,5.000000,14
46,275,0.112924,65737,0.798784677,0.801500000,2.715323,1,0.112924,5.000000,14
47,275,0.103462,65737,0.819944011,0.822500000,2.555989,1,0.103462,5.000000,14
50,275,0.141484,65737,0.842599671,0.845500000,2.900329,1,0.141484,5.000000,14
52,275,0.132070,65737,0.861617835,0.868000000,6.382165,0,10.219905,5.000000,14
53,275,0.164747,65737,0.882716495,0.885500000,2.783505,1,0.164747,5.000000,14
54,275,0.187874,65737,0.901532659,0.911000000,9.467341,0,10.219905,5.000000,14
55,275,0.170229,65737,0.920906639,0.924000000,3.093361,1,0.170229,5.000000,14
58,275,0.181606,65737,0.939966739,0.943000000,3.033261,1,0.181606,5.000000,14
59,275,0.178795,65737,0.961583932,0.965000000,3.416068,1,0.178795,5.000000,14
60,275,0.226056,65737,0.980813133,0.983500000,2.686867,1,0.226056,5.000000,14
61,275,0.193956,65737,1.001809464,1.016000000,14.190536,0,10.219905,5.000000,14
62,275,0.181510,65737,1.021783023,1.024500000,2.716977,1,0.181510,5.000000,14
63,275,0.203680,65737,1.042159622,1.045000000,2.840378,1,0.203680,5.000000,14
64,275,0.168076,65737,1.064326697,1.067000000,2.673303,1,0.168076,5.000000,14
66,275,0.139931,65737,1.087196778,1.090000000,2.803222,1,0.139931,5.000000,14
68,275,0.096516,65737,1.109146482,1.115000000,5.853518,0,10.219905,5.000000,14
71,275,0.108497,65737,1.130047627,1.133000000,2.952373,1,0.108497,5.000000,14
72,275,0.125577,65737,1.150101501,1.153500000,3.398499,1,0.125577,5.000000,14
74,275,0.156548,65737,1.168603790,1.173500000,4.896210,1,0.156548,5.000000,14
75,275,0.165469,65737,1.186840563,1.190000000,3.159437,1,0.165469,5.000000,14
77,275,0.211365,65737,1.207477578,1.213500000,6.022422,0,10.219905,5.000000,14
78,275,0.230249,65737,1.228633024,1.231500000,2.866976,1,0.230249,5.000000,14
79,275,0.213644,65737,1.250207591,1.254000000,3.792409,1,0.213644,5.000000,14
80,275,0.233003,65737,1.271382789,1.274500000,3.117211,1,0.233003,5.000000,14
81,275,0.270382,65737,1.292443838,1.296000000,3.556162,1,0.270382,5.000000,14
82,275,0.243020,65737,1.311860246,1.317000000,5.139754,0,10.219905,5.000000,14
83,275,0.253090,65737,1.331180817,1.334000000,2.819183,1,0.253090,5.000000,14
85,275,0.290233,65737,1.350488546,1.354000000,3.511454,1,0.290233,5.000000,14
86,275,0.285497,65737,1.372238265,1.375500000,3.261735,1,0.285497,5.000000,14
87,275,0.307468,65737,1.391333372,1.394500000,3.166628,1,0.307468,5.000000,14
88,275,0.300616,65737,1.413676314,1.419500000,5.823686,0,10.219905,5.000000,14
89,275,0.270920,65737,1.432617255,1.436000000,3.382745,1,0.270920,5.000000,14
90,275,0.282382,65737,1.452521496,1.455500000,2.978504,1,0.282382,5.000000,14
91,275,0.234247,65737,1.473427635,1.476500000,3.072365,1,0.234247,5.000000,14
92,275,0.221785,65737,1.493059348,1.496000000,2.940652,1,0.221785,5.000000,14
94,275,0.182844,65737,1.513234376,1.516000000,2.765624,1,0.182844,5.000000,14
95,275,0.167739,65737,1.534549235,1.538000000,3.450765,1,0.167739,5.000000,14
97,275,0.143258,65737,1.556086465,1.560500000,4.413535,1,0.143258,5.000000,14
98,275,0.136510,65737,1.575153054,1.578000000,2.846946,1,0.136510,5.000000,14
101,275,0.186153,65737,1.594053298,1.597000000,2.946702,1,0.186153,5.000000,14
102,275,0.227413,65737,1.612351266,1.617500000,5.148734,0,10.219905,5.000000,14
103,275,0.224225,65737,1.633188498,1.636500000,3.311502,1,0.224225,5.000000,14
104,275,0.237181,65737,1.654352301,1.657000000,2.647699,1,0.237181,5.000000,14
105,275,0.266792,65737,1.673122808,1.676000000,2.877192,1,0.266792,5.000000,14
106,275,0.255269,65737,1.692011571,1.695000000,2.988429,1,0.255269,5.000000,14
107,275,0.252358,65737,1.711660073,1.716000000,4.339927,1,0.252358,5.000000,14
108,275,0.301015,65737,1.731451088,1.737000000,5.548912,0,10.219905,5.000000,14
110,275,0.271727,65737,1.749986708,1.753500000,3.513292,1,0.271727,5.000000,14
112,275,0.268444,65737,1.768264017,1.772500000,4.235983,1,0.268444,5.000000,14
113,275,0.299528,65737,1.787532140,1.793000000,5.467860,0,10.219905,5.000000,14
114,275,0.363073,65737,1.806253971,1.809500000,3.246029,1,0.363073,5.000000,14
115,275,0.305591,65737,1.826252221,1.829500000,3.247779,1,0.305591,5.000000,14
116,275,0.303044,65737,1.846216570,1.849000000,2.783430,1,0.303044,5.000000,14
117,275,0.336166,65737,1.867236425,1.871000000,3.763575,1,0.336166,5.000000,14
119,275,0.183272,65737,1.887148451,1.891000000,3.851549,1,0.183272,5.000000,14
121,275,0.166074,65737,1.906846213,1.910000000,3.153787,1,0.166074,5.000000,14
122,275,0.149390,65737,1.929437242,1.932500000,3.062758,1,0.149390,5.000000,14
125,275,0.186719,65737,1.949372581,1.952000000,2.627419,1,0.186719,5.000000,14
126,275,0.230150,65737,1.967762343,1.970500000,2.737657,1,0.230150,5.000000,14
127,275,0.224187,65737,1.987402754,1.990500000,3.097246,1,0.224187,5.000000,14
129,275,0.241965,65737,2.008698926,2.012000000,3.301074,1,0.241965,5.000000,14
130,275,0.230909,65737,2.031557251,2.034500000,2.942749,1,0.230909,5.000000,14
131,275,0.238691,65737,2.052747824,2.055500000,2.752176,1,0.238691,5.000000,14
132,275,0.276188,65737,2.072339288,2.075000000,2.660712,1,0.276188,5.000000,14
133,275,0.232543,65737,2.090970083,2.094000000,3.029917,1,0.232543,5.000000,14
136,275,0.226255,65737,2.112466416,2.117500000,5.033584,0,10.219905,5.000000,14
137,275,0.269715,65737,2.130882804,2.135000000,4.117196,1,0.269715,5.000000,14
138,275,0.313366,65737,2.152265627,2.155500000,3.234373,1,0.313366,5.000000,14
139,275,0.295439,65737,2.172570845,2.175500000,2.929155,1,0.295439,5.000000,14
140,275,0.307362,65737,2.192897344,2.196500000,3.602656,1,0.307362,5.000000,14
142,275,0.304173,65737,2.214907279,2.223000000,8.092721,0,10.219905,5.000000,14
143,275,0.316599,65737,2.233779238,2.236500000,2.720762,1,0.316599,5.000000,14
144,275,0.354748,65737,2.253026473,2.257000000,3.973527,1,0.354748,5.000000,14
145,275,0.312072,65737,2.274612793,2.279000000,4.387207,1,0.312072,5.000000,14
146,275,0.292056,65737,2.292908502,2.295500000,2.591498,1,0.292056,5.000000,14
147,275,0.326140,65737,2.312245884,2.316000000,3.754116,1,0.326140,5.000000,14
148,275,0.269535,65737,2.333537527,2.337500000,3.962473,1,0.269535,5.000000,14
150,275,0.254534,65737,2.355191598,2.358500000,3.308402,1,0.254534,5.000000,14
152,275,0.256584,65737,2.374000481,2.377000000,2.999519,1,0.256584,5.000000,14
153,275,0.280650,65737,2.392679069,2.395500000,2.820931,1,0.280650,5.000000,14
154,275,0.250710,65737,2.412385542,2.417500000,5.114458,0,10.219905,5.000000,14
155,275,0.241130,65737,2.431796200,2.434500000,2.703800,1,0.241130,5.000000,14
156,275,0.287217,65737,2.451280867,2.454000000,2.719133,1,0.287217,5.000000,14
159,275,0.267789,65737,2.470701131,2.473500000,2.798869,1,0.267789,5.000000,14
160,275,0.244975,65737,2.489072707,2.492500000,3.427293,1,0.244975,5.000000,14
161,275,0.252019,65737,2.511931352,2.517500000,5.568648,0,10.219905,5.000000,14
162,275,0.278499,65737,2.531432302,2.534000000,2.567698,1,0.278499,5.000000,14
164,275,0.234408,65737,2.551571004,2.554500000,2.928996,1,0.234408,5.000000,14
165,275,0.287774,65737,2.571344874,2.574000000,2.655126,1,0.287774,5.000000,14
167,275,0.212860,65737,2.590798141,2.594000000,3.201859,1,0.212860,5.000000,14
169,275,0.217642,65737,2.610640326,2.617000000,6.359674,0,10.219905,5.000000,14
171,275,0.216420,65737,2.633444028,2.636500000,3.055972,1,0.216420,5.000000,14
172,275,0.241709,65737,2.655093590,2.658000000,2.906410,1,0.241709,5.000000,14
176,275,0.135200,65737,2.673925658,2.680000000,6.074342,0,10.219905,5.000000,14
180,275,0.232994,65737,2.692535255,2.695500000,2.964745,1,0.232994,5.000000,14
181,275,0.200978,65737,2.711865006,2.717500000,5.634994,0,10.219905,5.000000,14
182,275,0.204757,65737,2.730442640,2.734500000,4.057360,1,0.204757,5.000000,14
183,275,0.239782,65737,2.750701694,2.753500000,2.798306,1,0.239782,5.000000,14
186,275,0.199777,65737,2.771285248,2.774500000,3.214752,1,0.199777,5.000000,14
187,275,0.161905,65737,2.790399016,2.793000000,2.600984,1,0.161905,5.000000,14
189,275,0.148017,65737,2.810569260,2.817500000,6.930740,0,10.219905,5.000000,14
190,275,0.124840,65737,2.831866548,2.837000000,5.133452,0,10.219905,5.000000,14
191,275,0.098828,65737,2.852448810,2.855000000,2.551190,1,0.098828,5.000000,14
193,275,0.071854,65737,2.875484707,2.879000000,3.515293,1,0.071854,5.000000,14
195,275,0.068935,65737,2.894370307,2.897500000,3.129693,1,0.068935,5.000000,14
197,275,0.094666,65737,2.912628238,2.918500000,5.871762,0,10.219905,5.000000,14
198,275,0.074696,65737,2.931183241,2.934500000,3.316759,1,0.074696,5.000000,14
200,275,2.203652,65737,2.950613085,2.955000000,4.386915,1,2.203652,5.000000,14
201,275,1.481208,65737,2.969334396,2.972000000,2.665604,1,1.481208,5.000000,14
202,275,0.975142,65737,2.988739461,2.991500000,2.760539,1,0.975142,5.000000,14
204,275,1.507117,65737,3.007414283,3.109500000,102.085717,0,10.219905,5.000000,14
205,275,1.337735,65737,3.026275100,3.109500000,83.224900,0,10.219905,5.000000,14
206,275,1.489311,65737,3.046278404,3.109500000,63.221596,0,10.219905,5.000000,14
207,275,1.176514,65737,3.068353382,3.109500000,41.146618,0,10.219905,5.000000,14
209,275,0.714330,65737,3.087069010,3.109500000,22.430990,0,10.219905,5.000000,14
213,275,0.883936,65737,3.109044854,3.115500000,6.455146,0,10.219905,5.000000,14
214,275,1.194098,65737,3.130418463,3.133000000,2.581537,1,1.194098,5.000000,14
215,275,1.437949,65737,3.148799091,3.152000000,3.200909,1,1.437949,5.000000,14
216,275,1.202111,65737,3.169342781,3.174500000,5.157219,0,10.219905,5.000000,14
217,275,0.809842,65737,3.188509051,3.191500000,2.990949,1,0.809842,5.000000,14
222,275,0.991030,65737,3.207202994,3.210000000,2.797006,1,0.991030,5.000000,14
223,275,1.309901,65737,3.225549558,3.228500000,2.950442,1,1.309901,5.000000,14
224,275,1.653634,65737,3.245718007,3.248500000,2.781993,1,1.653634,5.000000,14
225,275,1.448371,65737,3.264267511,3.267000000,2.732489,1,1.448371,5.000000,14
226,275,1.351855,65737,3.283255768,3.287500000,4.244232,1,1.351855,5.000000,14
227,275,1.482334,65737,3.304226771,3.313000000,8.773229,0,10.219905,5.000000,14
228,275,1.172815,65737,3.323777729,3.327000000,3.222271,1,1.172815,5.000000,14
232,275,0.194627,65737,3.342835176,3.345500000,2.664824,1,0.194627,5.000000,14
234,275,0.131137,65737,3.362623706,3.365500000,2.876294,1,0.131137,5.000000,14
235,275,0.131109,65737,3.384279732,3.387000000,2.720268,1,0.131109,5.000000,14
236,275,0.166070,65737,3.403898855,3.412500000,8.601145,0,10.219905,5.000000,14
238,275,0.135169,65737,3.424779572,3.430500000,5.720428,0,10.219905,5.000000,14
241,275,0.145476,65737,3.444059221,3.447000000,2.940779,1,0.145476,5.000000,14
242,275,0.180882,65737,3.463744204,3.469000000,5.255796,0,10.219905,5.000000,14
243,275,0.155178,65737,3.483521509,3.486500000,2.978491,1,0.155178,5.000000,14
244,275,0.141469,65737,3.501790649,3.510000000,8.209351,0,10.219905,5.000000,14
245,275,0.151724,65737,3.522004777,3.525000000,2.995223,1,0.151724,5.000000,14
248,275,0.137044,65737,3.541703858,3.544500000,2.796142,1,0.137044,5.000000,14
249,275,0.126484,65737,3.560596363,3.563500000,2.903637,1,0.126484,5.000000,14
250,275,0.119683,65737,3.583415428,3.586500000,3.084572,1,0.119683,5.000000,14
253,275,0.108549,65737,3.604719798,3.613500000,8.780202,0,10.219905,5.000000,14
255,275,0.101828,65737,3.625055487,3.628000000,2.944513,1,0.101828,5.000000,14
256,275,0.105534,65737,3.645135789,3.648000000,2.864211,1,0.105534,5.000000,14
258,275,0.121727,65737,3.663657239,3.667000000,3.342761,1,0.121727,5.000000,14
260,275,0.149647,65737,3.681975938,3.685000000,3.024062,1,0.149647,5.000000,14
262,275,0.177309,65737,3.702827279,3.705500000,2.672721,1,0.177309,5.000000,14
263,275,0.196025,65737,3.721449218,3.724000000,2.550782,1,0.196025,5.000000,14
264,275,0.186682,65737,3.741930179,3.744500000,2.569821,1,0.186682,5.000000,14
265,275,0.190174,65737,3.763613507,3.766500000,2.886493,1,0.190174,5.000000,14
267,275,0.216665,65737,3.784662984,3.787500000,2.837016,1,0.216665,5.000000,14
268,275,0.269824,65737,3.804492029,3.811000000,6.507971,0,10.219905,5.000000,14
269,275,0.290092,65737,3.822790863,3.825500000,2.709137,1,0.290092,5.000000,14
270,275,0.258127,65737,3.843648329,3.846500000,2.851671,1,0.258127,5.000000,14
271,275,0.251244,65737,3.863586586,3.866500000,2.913414,1,0.251244,5.000000,14
272,275,0.287352,65737,3.883335081,3.886000000,2.664919,1,0.287352,5.000000,14
273,275,0.240842,65737,3.902600543,3.908000000,5.399457,0,10.219905,5.000000,14
274,275,0.233056,65737,3.922710341,3.925500000,2.789659,1,0.233056,5.000000,14
276,275,0.210704,65737,3.942098912,3.945000000,2.901088,1,0.210704,5.000000,14
277,275,0.176438,65737,3.960798960,3.963500000,2.701040,1,0.176438,5.000000,14
280,275,0.133217,65737,3.979366162,3.982000000,2.633838,1,0.133217,5.000000,14
284,275,0.324702,65737,3.999759715,4.005500000,5.740285,0,10.219905,5.000000,14
285,275,0.315487,65737,4.019011090,4.022000000,2.988910,1,0.315487,5.000000,14
287,275,0.605529,65737,4.037752872,4.040500000,2.747128,1,0.605529,5.000000,14
288,275,0.494054,65737,4.056354195,4.059000000,2.645805,1,0.494054,5.000000,14
292,275,0.503350,65737,4.075666175,4.079000000,3.333825,1,0.503350,5.000000,14
293,275,0.832543,65737,4.096762333,4.099500000,2.737667,1,0.832543,5.000000,14
294,275,0.697789,65737,4.115335543,4.121000000,5.664457,0,10.219905,5.000000,14
295,275,0.661277,65737,4.134629816,4.137500000,2.870184,1,0.661277,5.000000,14
300,275,0.769873,65737,4.153866473,4.157000000,3.133527,1,0.769873,5.000000,14
301,275,1.274518,65737,4.172591963,4.175500000,2.908037,1,1.274518,5.000000,14
302,275,1.010644,65737,4.192873911,4.195500000,2.626089,1,1.010644,5.000000,14
304,275,0.853051,65737,4.212645208,4.218500000,5.854792,0,10.219905,5.000000,14
305,275,1.015366,65737,4.232360018,4.235500000,3.139982,1,1.015366,5.000000,14
306,275,1.002925,65737,4.254145694,4.257500000,3.354306,1,1.002925,5.000000,14
308,275,1.172016,65737,4.274588696,4.279500000,4.911304,1,1.172016,5.000000,14
309,275,1.042052,65737,4.293847782,4.296500000,2.652218,1,1.042052,5.000000,14
310,275,1.991581,65737,4.312858438,4.315500000,2.641562,1,1.991581,5.000000,14
311,275,2.161686,65737,4.331624037,4.334500000,2.875963,1,2.161686,5.000000,14
312,275,1.219605,65737,4.352841170,4.356000000,3.158830,1,1.219605,5.000000,14
313,275,1.152189,65737,4.372702400,4.376500000,3.797600,1,1.152189,5.000000,14
314,275,1.308048,65737,4.391585431,4.394500000,2.914569,1,1.308048,5.000000,14
316,275,0.792511,65737,4.412332259,4.416000000,3.667741,1,0.792511,5.000000,14
317,275,0.875678,65737,4.432097782,4.435500000,3.402218,1,0.875678,5.000000,14
319,275,0.661485,65737,4.451353601,4.454000000,2.646399,1,0.661485,5.000000,14
320,275,1.186514,65737,4.472440634,4.475000000,2.559366,1,1.186514,5.000000,14
323,275,0.675333,65737,4.491498153,4.495000000,3.501847,1,0.675333,5.000000,14
325,275,1.031390,65737,4.511747562,4.517000000,5.252438,0,10.219905,5.000000,14
326,275,1.172053,65737,4.532070856,4.535000000,2.929144,1,1.172053,5.000000,14
327,275,0.945084,65737,4.550408910,4.553000000,2.591090,1,0.945084,5.000000,14
328,275,1.018797,65737,4.568950363,4.572000000,3.049637,1,1.018797,5.000000,14
329,275,0.995502,65737,4.587416265,4.590000000,2.583735,1,0.995502,5.000000,14
330,275,0.874065,65737,4.606744455,4.613000000,6.255545,0,10.219905,5.000000,14
333,275,0.696842,65737,4.627166844,4.630000000,2.833156,1,0.696842,5.000000,14
334,275,0.802456,65737,4.649403347,4.652000000,2.596653,1,0.802456,5.000000,14
335,275,0.853061,65737,4.669835279,4.672500000,2.664721,1,0.853061,5.000000,14
336,275,0.749346,65737,4.688351747,4.691000000,2.648253,1,0.749346,5.000000,14
337,275,0.638767,65737,4.708566033,4.714000000,5.433967,0,10.219905,5.000000,14
338,275,0.632380,65737,4.727027557,4.730000000,2.972443,1,0.632380,5.000000,14
339,275,0.512889,65737,4.746477932,4.750000000,3.522068,1,0.512889,5.000000,14
341,275,0.270588,65737,4.765109990,4.768500000,3.390010,1,0.270588,5.000000,14
343,275,0.327324,65737,4.784979331,4.788000000,3.020669,1,0.327324,5.000000,14
345,275,0.338577,65737,4.804363515,4.810000000,5.636485,0,10.219905,5.000000,14
346,275,0.351886,65737,4.824478951,4.829500000,5.021049,0,10.219905,5.000000,14
348,275,0.488756,65737,4.843552356,4.846500000,2.947644,1,0.488756,5.000000,14
349,275,0.400804,65737,4.862266562,4.865000000,2.733438,1,0.400804,5.000000,14
351,275,0.278585,65737,4.883184215,4.886500000,3.315785,1,0.278585,5.000000,14
352,275,0.194846,65737,4.902951666,4.906500000,3.548334,1,0.194846,5.000000,15
355,275,0.393175,65737,4.921604708,4.924500000,2.895292,1,0.393175,5.000000,14
356,275,0.548369,65737,4.942401776,4.945000000,2.598224,1,0.548369,5.000000,14
357,275,0.479644,65737,4.961685293,4.964500000,2.814707,1,0.479644,5.000000,14
358,275,0.439717,65737,4.981846561,4.984500000,2.653439,1,0.439717,5.000000,14
359,275,0.465105,65737,5.003559279,5.007500000,3.940721,1,0.465105,5.000000,14
362,275,0.454317,65737,5.024301526,5.027000000,2.698474,1,0.454317,5.000000,14
363,275,0.399722,65737,5.043830235,5.046500000,2.669765,1,0.399722,5.000000,14
364,275,0.381662,65737,5.064750099,5.068000000,3.249901,1,0.381662,5.000000,14
365,275,0.320178,65737,5.085231590,5.088000000,2.768410,1,0.320178,5.000000,14
369,275,0.785816,65737,5.104329115,5.108500000,4.170885,1,0.785816,5.000000,14
370,275,0.716603,65737,5.123988211,5.128000000,4.011789,1,0.716603,5.000000,14
371,275,0.816040,65737,5.144829330,5.147500000,2.670670,1,0.816040,5.000000,14
372,275,0.684531,65737,5.163505583,5.166500000,2.994417,1,0.684531,5.000000,14
373,275,0.444809,65737,5.182356567,5.185000000,2.643433,1,0.444809,5.000000,14
375,275,0.369102,65737,5.200771460,5.206500000,5.728540,0,10.219905,5.000000,14
376,275,0.405457,65737,5.219707229,5.224000000,4.292771,1,0.405457,5.000000,14
377,275,0.459009,65737,5.238901015,5.241500000,2.598985,1,0.459009,5.000000,14
378,275,0.421796,65737,5.257552686,5.260500000,2.947314,1,0.421796,5.000000,14
379,275,0.441594,65737,5.277229529,5.280000000,2.770471,1,0.441594,5.000000,14
380,275,0.390034,65737,5.296916716,5.299500000,2.583284,1,0.390034,5.000000,14
381,275,0.310851,65737,5.317043168,5.326000000,8.956832,0,10.219905,5.000000,14
382,275,0.319958,65737,5.335387383,5.338000000,2.612617,1,0.319958,5.000000,14
384,275,0.295452,65737,5.355279121,5.358000000,2.720879,1,0.295452,5.000000,14
385,275,0.348837,65737,5.374581225,5.378500000,3.918775,1,0.348837,5.000000,14
386,275,0.388695,65737,5.394074885,5.397000000,2.925115,1,0.388695,5.000000,14
388,275,0.430866,65737,5.416477846,5.419500000,3.022154,1,0.430866,5.000000,14
389,275,0.437437,65737,5.438634103,5.441500000,2.865897,1,0.437437,5.000000,14
390,275,0.430705,65737,5.460250573,5.464000000,3.749427,1,0.430705,5.000000,14
391,275,0.499865,65737,5.481995123,5.486500000,4.504877,1,0.499865,5.000000,14
392,275,0.515055,65737,5.502107471,5.514000000,11.892529,0,10.219905,5.000000,14
394,275,0.628361,65737,5.520593337,5.523500000,2.906663,1,0.628361,5.000000,14
395,275,0.620342,65737,5.539874038,5.543000000,3.125962,1,0.620342,5.000000,14
396,275,0.576217,65737,5.561976748,5.565000000,3.023252,1,0.576217,5.000000,14
397,275,0.626351,65737,5.582417797,5.585500000,3.082203,1,0.626351,5.000000,14
398,275,0.625343,65737,5.601353082,5.610500000,9.146918,0,10.219905,5.000000,14
399,275,0.623918,65737,5.621542981,5.624500000,2.957019,1,0.623918,5.000000,14
400,275,2.058873,65737,5.640454099,5.643500000,3.045901,1,2.058873,5.000000,14
401,275,1.394434,65737,5.659009106,5.662000000,2.990894,1,1.394434,5.000000,14
403,275,1.113308,65737,5.677354378,5.680000000,2.645622,1,1.113308,5.000000,14
404,275,1.114194,65737,5.698124909,5.701000000,2.875091,1,1.114194,5.000000,14
405,275,0.863886,65737,5.717255194,5.723000000,5.744806,0,10.219905,5.000000,14
409,275,1.351777,65737,5.737892229,5.741500000,3.607771,1,1.351777,5.000000,14
412,275,1.164886,65737,5.756225169,5.759000000,2.774831,1,1.164886,5.000000,14
413,275,1.115727,65737,5.776067201,5.779000000,2.932799,1,1.115727,5.000000,14
415,275,0.785807,65737,5.795803530,5.798500000,2.696470,1,0.785807,5.000000,14
417,275,1.149711,65737,5.815656898,5.821500000,5.843102,0,10.219905,5.000000,14
418,275,1.393010,65737,5.834493848,5.837500000,3.006152,1,1.393010,5.000000,14
419,275,1.131355,65737,5.855329070,5.859000000,3.670930,1,1.131355,5.000000,14
421,275,0.812827,65737,5.875010415,5.879000000,3.989585,1,0.812827,5.000000,14
424,275,1.210464,65737,5.893859646,5.896500000,2.640354,1,1.210464,5.000000,14
425,275,1.729122,65737,5.912790129,5.921000000,8.209871,0,10.219905,5.000000,14
427,275,1.423276,65737,5.931730578,5.934500000,2.769422,1,1.423276,5.000000,14
428,275,1.307904,65737,5.950131710,5.953000000,2.868290,1,1.307904,5.000000,14
429,275,1.171213,65737,5.969812311,5.972500000,2.687689,1,1.171213,5.000000,14
431,275,0.972234,65737,5.990579461,5.993500000,2.920539,1,0.972234,5.000000,14
434,275,0.580951,65737,6.010984679,6.017000000,6.015321,0,10.219905,5.000000,14
437,275,0.989335,65737,6.031222734,6.035500000,4.277266,1,0.989335,5.000000,14
439,275,0.941902,65737,6.050286769,6.053500000,3.213231,1,0.941902,5.000000,14
441,275,0.705504,65737,6.070869869,6.074500000,3.630131,1,0.705504,5.000000,14
442,275,0.788468,65737,6.089172291,6.094000000,4.827709,1,0.788468,5.000000,14
444,275,0.817078,65737,6.107533392,6.116500000,8.966608,0,10.219905,5.000000,14
446,275,1.572976,65737,6.126793799,6.130500000,3.706201,1,1.572976,5.000000,14
447,275,1.758161,65737,6.146321305,6.149500000,3.178695,1,1.758161,5.000000,14
448,275,1.180497,65737,6.165680861,6.168500000,2.819139,1,1.180497,5.000000,14
449,275,1.205000,65737,6.185819281,6.188500000,2.680719,1,1.205000,5.000000,14
451,275,1.051693,65737,6.204129048,6.210000000,5.870952,0,10.219905,5.000000,14
452,275,1.134209,65737,6.222874768,6.226500000,3.625232,1,1.134209,5.000000,14
453,275,1.022711,65737,6.241566736,6.244500000,2.933264,1,1.022711,5.000000,14
454,275,1.128437,65737,6.263133349,6.267000000,3.866651,1,1.128437,5.000000,14
455,275,1.063107,65737,6.282504167,6.286000000,3.495833,1,1.063107,5.000000,14
456,275,1.042774,65737,6.303219157,6.306000000,2.780843,1,1.042774,5.000000,15
458,275,1.155531,65737,6.322499138,6.325500000,3.000862,1,1.155531,5.000000,14
459,275,0.877560,65737,6.343126905,6.346000000,2.873095,1,0.877560,5.000000,14
460,275,0.817254,65737,6.362285171,6.365000000,2.714829,1,0.817254,5.000000,14
462,275,0.576404,65737,6.382821268,6.386000000,3.178732,1,0.576404,5.000000,14
465,275,0.600662,65737,6.401525536,6.408000000,6.474464,0,10.219905,5.000000,14
466,275,0.778628,65737,6.425025821,6.428500000,3.474179,1,0.778628,5.000000,14
467,275,0.745098,65737,6.444664542,6.447500000,2.835458,1,0.745098,5.000000,14
468,275,0.661676,65737,6.465343910,6.468000000,2.656090,1,0.661676,5.000000,14
469,275,0.833301,65737,6.485158530,6.489000000,3.841470,1,0.833301,5.000000,14
470,275,0.728206,65737,6.504801280,6.508000000,3.198720,1,0.728206,5.000000,14
473,275,0.502076,65737,6.525624958,6.531000000,5.375042,0,10.219905,5.000000,14
474,275,0.543828,65737,6.548585757,6.551500000,2.914243,1,0.543828,5.000000,14
475,275,0.579056,65737,6.568109960,6.571500000,3.390040,1,0.579056,5.000000,14
476,275,0.405876,65737,6.587680905,6.590500000,2.819095,1,0.405876,5.000000,14
477,275,0.271737,65737,6.607759323,6.611000000,3.240677,1,0.271737,5.000000,14
481,275,0.249634,65737,6.626734071,6.629500000,2.765929,1,0.249634,5.000000,14
483,275,0.266737,65737,6.645256434,6.649000000,3.743566,1,0.266737,5.000000,14
484,275,0.286860,65737,6.668119772,6.671000000,2.880228,1,0.286860,5.000000,14
487,275,0.312337,65737,6.687353237,6.690000000,2.646763,1,0.312337,5.000000,14
488,275,0.338772,65737,6.709597666,6.714500000,4.902334,1,0.338772,5.000000,14
490,275,0.347608,65737,6.727941289,6.732000000,4.058711,1,0.347608,5.000000,14
491,275,0.320720,65737,6.748995994,6.753000000,4.004006,1,0.320720,5.000000,14
492,275,0.305826,65737,6.767626010,6.770500000,2.873990,1,0.305826,5.000000,14
493,275,0.359822,65737,6.790008638,6.793000000,2.991362,1,0.359822,5.000000,14
494,275,0.276436,65737,6.809869188,6.815000000,5.130812,0,10.219905,5.000000,14
496,275,0.210988,65737,6.828189826,6.831000000,2.810174,1,0.210988,5.000000,14
499,275,0.312770,65737,6.846679124,6.850000000,3.320876,1,0.312770,5.000000,14
500,275,0.305271,65737,6.865501325,6.868500000,2.998675,1,0.305271,5.000000,14
501,275,0.355868,65737,6.887665405,6.891000000,3.334595,1,0.355868,5.000000,14
502,275,0.416890,65737,6.906187918,6.910000000,3.812082,1,0.416890,5.000000,14
503,275,0.382096,65737,6.925728495,6.928500000,2.771505,1,0.382096,5.000000,14
504,275,0.410284,65737,6.944665316,6.947500000,2.834684,1,0.410284,5.000000,14
505,275,0.454668,65737,6.964001474,6.967000000,2.998526,1,0.454668,5.000000,14
506,275,0.349384,65737,6.983194045,6.988000000,4.805955,1,0.349384,5.000000,14
510,275,0.202216,65737,7.004157494,7.007500000,3.342506,1,0.202216,5.000000,14
512,275,0.273471,65737,7.023228836,7.026000000,2.771164,1,0.273471,5.000000,14
513,275,0.331565,65737,7.042727437,7.045500000,2.772563,1,0.331565,5.000000,14
514,275,0.379531,65737,7.061296425,7.064000000,2.703575,1,0.379531,5.000000,14
515,275,0.361755,65737,7.080985021,7.084000000,3.014979,1,0.361755,5.000000,14
516,275,0.357636,65737,7.099409827,7.102000000,2.590173,1,0.357636,5.000000,14
517,275,0.383432,65737,7.119273077,7.122000000,2.726923,1,0.383432,5.000000,14
519,275,0.342913,65737,7.140891819,7.144500000,3.608181,1,0.342913,5.000000,14
520,275,0.380788,65737,7.161664291,7.165500000,3.835709,1,0.380788,5.000000,14
523,275,0.359309,65737,7.180086828,7.183000000,2.913172,1,0.359309,5.000000,14
524,275,0.306696,65737,7.199570304,7.205500000,5.929696,0,10.219905,5.000000,14
525,275,0.255322,65737,7.220332314,7.223000000,2.667686,1,0.255322,5.000000,14
526,275,0.270779,65737,7.240527368,7.245500000,4.972632,1,0.270779,5.000000,14
531,275,0.252790,65737,7.259911694,7.262500000,2.588306,1,0.252790,5.000000,14
533,275,0.349238,65737,7.279632520,7.282500000,2.867480,1,0.349238,5.000000,14
534,275,0.440064,65737,7.300729465,7.306000000,5.270535,0,10.219905,5.000000,14
535,275,0.527752,65737,7.320314369,7.323000000,2.685631,1,0.527752,5.000000,14
536,275,0.486805,65737,7.340563452,7.344000000,3.436548,1,0.486805,5.000000,14
537,275,0.556055,65737,7.359334396,7.362500000,3.165604,1,0.556055,5.000000,14
538,275,0.574507,65737,7.379781388,7.382500000,2.718612,1,0.574507,5.000000,14
539,275,0.520743,65737,7.398276277,7.402000000,3.723723,1,0.520743,5.000000,14
540,275,0.505582,65737,7.416896000,7.419500000,2.604000,1,0.505582,5.000000,14
541,275,0.570136,65737,7.439636519,7.443500000,3.863481,1,0.570136,5.000000,14
542,275,0.503116,65737,7.459256215,7.462000000,2.743785,1,0.503116,5.000000,14
543,275,0.447413,65737,7.479261144,7.482000000,2.738856,1,0.447413,5.000000,14
545,275,0.451587,65737,7.499513806,7.502500000,2.986194,1,0.451587,5.000000,14
546,275,0.487827,65737,7.522350045,7.525500000,3.149955,1,0.487827,5.000000,14
547,275,0.535346,65737,7.543608237,7.547500000,3.891763,1,0.535346,5.000000,14
548,275,0.478209,65737,7.563408773,7.566000000,2.591227,1,0.478209,5.000000,14
549,275,0.468047,65737,7.582128209,7.588000000,5.871791,0,10.219905,5.000000,14
550,275,0.504237,65737,7.600729455,7.603500000,2.770545,1,0.504237,5.000000,14
551,275,0.406578,65737,7.619880594,7.623500000,3.619406,1,0.406578,5.000000,14
552,275,0.353090,65737,7.641427035,7.644000000,2.572965,1,0.353090,5.000000,14
553,275,0.377564,65737,7.660113296,7.663000000,2.886704,1,0.377564,5.000000,14
556,275,0.358722,65737,7.681554512,7.685500000,3.945488,1,0.358722,5.000000,14
557,275,0.359614,65737,7.702348921,7.708000000,5.651079,0,10.219905,5.000000,14
558,275,0.397779,65737,7.722840018,7.725500000,2.659982,1,0.397779,5.000000,14
559,275,0.461511,65737,7.742090345,7.745000000,2.909655,1,0.461511,5.000000,14
560,275,0.413888,65737,7.761025862,7.764000000,2.974138,1,0.413888,5.000000,14
561,275,0.372667,65737,7.779919766,7.782500000,2.580234,1,0.372667,5.000000,14
562,275,0.399924,65737,7.798289816,7.801500000,3.210184,1,0.399924,5.000000,14
563,275,0.328914,65737,7.820328058,7.828500000,8.171942,0,10.219905,5.000000,14
566,275,0.170322,65737,7.839787078,7.842500000,2.712922,1,0.170322,5.000000,14
569,275,0.283323,65737,7.860027191,7.863500000,3.472809,1,0.283323,5.000000,14
570,275,0.267052,65737,7.880005363,7.883000000,2.994637,1,0.267052,5.000000,14
571,275,0.322658,65737,7.899288529,7.905000000,5.711471,0,10.219905,5.000000,14
573,275,0.329481,65737,7.919761466,7.922500000,2.738534,1,0.329481,5.000000,14
574,275,0.361328,65737,7.942014969,7.945000000,2.985031,1,0.361328,5.000000,14
576,275,0.360347,65737,7.962596159,7.965500000,2.903841,1,0.360347,5.000000,14
577,275,0.404009,65737,7.981265007,7.984000000,2.734993,1,0.404009,5.000000,14
578,275,0.362034,65737,8.003147598,8.006500000,3.352402,1,0.362034,5.000000,14
579,275,0.332406,65737,8.023116558,8.026000000,2.883442,1,0.332406,5.000000,14
580,275,0.361721,65737,8.042964330,8.046000000,3.035670,1,0.361721,5.000000,14
583,275,0.358469,65737,8.061280945,8.064000000,2.719055,1,0.358469,5.000000,14
584,275,0.326951,65737,8.080036973,8.083000000,2.963027,1,0.326951,5.000000,14
585,275,0.385051,65737,8.098385596,8.104500000,6.114404,0,10.219905,5.000000,14
586,275,0.361492,65737,8.116733440,8.122000000,5.266560,0,10.219905,5.000000,14
587,275,0.342805,65737,8.136003964,8.139500000,3.496036,1,0.342805,5.000000,14
588,275,0.303674,65737,8.158810840,8.162000000,3.189160,1,0.303674,5.000000,14
589,275,0.326788,65737,8.178428414,8.181000000,2.571586,1,0.326788,5.000000,14
590,275,0.278602,65737,8.198754716,8.209500000,10.745284,0,10.219905,5.000000,14
591,275,0.222139,65737,8.217131544,8.220500000,3.368456,1,0.222139,5.000000,14
592,275,0.243631,65737,8.235744459,8.239000000,3.255541,1,0.243631,5.000000,14
593,275,0.186292,65737,8.255641912,8.258500000,2.858088,1,0.186292,5.000000,14
594,275,0.140772,65737,8.275403693,8.278000000,2.596307,1,0.140772,5.000000,14
595,275,0.118410,65737,8.295302522,8.300000000,4.697478,1,0.118410,5.000000,14
597,275,0.100747,65737,8.314722740,8.320500000,5.777260,0,10.219905,5.000000,14
600,275,1.809887,65737,8.334874203,8.337500000,2.625797,1,1.809887,5.000000,14
603,275,0.942871,65737,8.354256546,8.357000000,2.743454,1,0.942871,5.000000,14
604,275,0.874127,65737,8.377297844,8.380500000,3.202156,1,0.874127,5.000000,14
606,275,0.547093,65737,8.396028594,8.399000000,2.971406,1,0.547093,5.000000,14
608,275,0.726918,65737,8.417240364,8.423000000,5.759636,0,10.219905,5.000000,14
609,275,0.729363,65737,8.435945433,8.438500000,2.554567,1,0.729363,5.000000,14
612,275,0.450492,65737,8.454960440,8.457500000,2.539560,1,0.450492,5.000000,14
614,275,0.785049,65737,8.476159816,8.479000000,2.840184,1,0.785049,5.000000,14
615,275,0.924411,65737,8.495124568,8.499000000,3.875432,1,0.924411,5.000000,14
616,275,0.882424,65737,8.515284197,8.522000000,6.715803,0,10.219905,5.000000,14
619,275,0.553267,65737,8.533636113,8.536500000,2.863887,1,0.553267,5.000000,14
622,275,0.831282,65737,8.552087595,8.555000000,2.912405,1,0.831282,5.000000,14
623,275,1.670353,65737,8.570642028,8.574000000,3.357972,1,1.670353,5.000000,14
624,275,1.976991,65737,8.590754176,8.593500000,2.745824,1,1.976991,5.000000,14
625,275,1.675545,65737,8.612719040,8.621500000,8.780960,0,10.219905,5.000000,14
626,275,1.523649,65737,8.631802367,8.634500000,2.697633,1,1.523649,5.000000,14
627,275,1.589129,65737,8.652199218,8.655000000,2.800782,1,1.589129,5.000000,14
628,275,1.283040,65737,8.671850335,8.674500000,2.649665,1,1.283040,5.000000,14
630,275,0.567485,65737,8.691989131,8.695000000,3.010869,1,0.567485,5.000000,14
631,275,0.570539,65737,8.711393202,8.720000000,8.606798,0,10.219905,5.000000,14
633,275,0.391303,65737,8.731540152,8.735000000,3.459848,1,0.391303,5.000000,14
634,275,0.315319,65737,8.752270021,8.756000000,3.729979,1,0.315319,5.000000,14
635,275,0.233525,65737,8.772329926,8.775000000,2.670074,1,0.233525,5.000000,14
638,275,0.401807,65737,8.792325746,8.795500000,3.174254,1,0.401807,5.000000,14
639,275,0.541799,65737,8.812212627,8.822500000,10.287373,0,10.219905,5.000000,14
640,275,0.499045,65737,8.831589209,8.834500000,2.910791,1,0.499045,5.000000,14
641,275,0.514224,65737,8.849971649,8.855500000,5.528351,0,10.219905,5.000000,14
642,275,0.493337,65737,8.873031429,8.876500000,3.468571,1,0.493337,5.000000,14
644,275,0.425698,65737,8.894069985,8.897500000,3.430015,1,0.425698,5.000000,14
645,275,0.503175,65737,8.913593421,8.922000000,8.406579,0,10.219905,5.000000,14
646,275,0.452157,65737,8.933849293,8.936500000,2.650707,1,0.452157,5.000000,14
648,275,0.304271,65737,8.953083759,8.956000000,2.916241,1,0.304271,5.000000,14
652,275,0.363829,65737,8.973424381,8.976000000,2.575619,1,0.363829,5.000000,14
653,275,0.432008,65737,8.992156252,8.995000000,2.843748,1,0.432008,5.000000,14
655,275,0.987152,65737,9.012828429,9.021000000,8.171571,0,10.219905,5.000000,14
656,275,0.912393,65737,9.031857827,9.035000000,3.142173,1,0.912393,5.000000,14
658,275,0.684362,65737,9.051358055,9.054000000,2.641945,1,0.684362,5.000000,14
659,275,1.104500,65737,9.070257709,9.073000000,2.742291,1,1.104500,5.000000,14
660,275,1.678175,65737,9.089721977,9.093000000,3.278023,1,1.678175,5.000000,14
661,275,1.621788,65737,9.109364063,9.112000000,2.635937,1,1.621788,5.000000,14
663,275,1.227811,65737,9.128467394,9.131500000,3.032606,1,1.227811,5.000000,14
664,275,1.347140,65737,9.147441183,9.150000000,2.558817,1,1.347140,5.000000,14
665,275,1.610341,65737,9.165966638,9.169000000,3.033362,1,1.610341,5.000000,14
666,275,1.571084,65737,9.184496224,9.188500000,4.003776,1,1.571084,5.000000,14
667,275,1.502867,65737,9.203971942,9.209500000,5.528058,0,10.219905,5.000000,14
669,275,0.800867,65737,9.223079657,9.226000000,2.920343,1,0.800867,5.000000,14
671,275,1.679225,65737,9.243380215,9.246000000,2.619785,1,1.679225,5.000000,14
672,275,2.340229,65737,9.263653826,9.266500000,2.846174,1,2.340229,5.000000,14
673,275,2.050693,65737,9.282018066,9.285000000,2.981934,1,2.050693,5.000000,14
674,275,1.746934,65737,9.301396639,9.304000000,2.603361,1,1.746934,5.000000,14
675,275,1.700129,65737,9.321090170,9.325000000,3.909830,1,1.700129,5.000000,14
676,275,1.614795,65737,9.340891834,9.345000000,4.108166,1,1.614795,5.000000,14
677,275,1.028461,65737,9.359495044,9.363500000,4.004956,1,1.028461,5.000000,14
681,275,1.491088,65737,9.378588993,9.381500000,2.911007,1,1.491088,5.000000,14
682,275,1.367618,65737,9.399351189,9.405000000,5.648811,0,10.219905,5.000000,14
683,275,1.570292,65737,9.418419961,9.421500000,3.080039,1,1.570292,5.000000,14
684,275,2.011032,65737,9.437010960,9.440000000,2.989040,1,2.011032,5.000000,14
685,275,1.574303,65737,9.457864972,9.460500000,2.635028,1,1.574303,5.000000,14
686,275,1.605617,65737,9.477008196,9.480500000,3.491804,1,1.605617,5.000000,14
687,275,2.239592,65737,9.496586627,9.500500000,3.913373,1,2.239592,5.000000,14
688,275,2.027234,65737,9.515685572,9.520000000,4.314428,1,2.027234,5.000000,14
689,275,1.676524,65737,9.534502738,9.537500000,2.997262,1,1.676524,5.000000,14
690,275,1.673150,65737,9.555172016,9.558000000,2.827984,1,1.673150,5.000000,14
691,275,1.267049,65737,9.578021052,9.581000000,2.978948,1,1.267049,5.000000,14
692,275,0.648096,65737,9.596352739,9.599000000,2.647261,1,0.648096,5.000000,14
694,275,0.533925,65737,9.617093432,9.625500000,8.406568,0,10.219905,5.000000,14
696,275,0.825514,65737,9.636159624,9.639500000,3.340376,1,0.825514,5.000000,14
697,275,0.690997,65737,9.654628578,9.657500000,2.871422,1,0.690997,5.000000,14
698,275,0.614842,65737,9.674663657,9.677500000,2.836343,1,0.614842,5.000000,14
699,275,0.605853,65737,9.694749377,9.697500000,2.750623,1,0.605853,5.000000,14
701,275,0.602900,65737,9.714704749,9.721000000,6.295251,0,10.219905,5.000000,14
702,275,0.648835,65737,9.736356479,9.739000000,2.643521,1,0.648835,5.000000,14
703,275,0.590892,65737,9.758387290,9.761000000,2.612710,1,0.590892,5.000000,14
704,275,0.396774,65737,9.776733504,9.779500000,2.766496,1,0.396774,5.000000,14
706,275,0.346629,65737,9.795922495,9.799000000,3.077505,1,0.346629,5.000000,14
708,275,0.608594,65737,9.816358940,9.820000000,3.641060,1,0.608594,5.000000,14
709,275,0.650246,65737,9.835956459,9.839000000,3.043541,1,0.650246,5.000000,14
710,275,0.848295,65737,9.855589819,9.860000000,4.410181,1,0.848295,5.000000,14
711,275,1.120382,65737,9.875505971,9.879000000,3.494029,1,1.120382,5.000000,14
712,275,1.027261,65737,9.894235947,9.897000000,2.764053,1,1.027261,5.000000,14
713,275,1.040459,65737,9.912569186,9.918500000,5.930814,0,10.219905,5.000000,14
714,275,1.149682,65737,9.934820117,9.937500000,2.679883,1,1.149682,5.000000,14
715,275,0.979910,65737,9.953178690,9.956500000,3.321310,1,0.979910,5.000000,14
716,275,0.872416,65737,9.973432702,9.977000000,3.567298,1,0.872416,5.000000,14
717,275,0.911061,65737,9.994049269,9.998500000,4.450731,1,0.911061,5.000000,14
718,275,0.786651,65737,10.012533978,10.018000000,5.466022,0,10.219905,5.000000,14
720,275,0.705726,65737,10.030788414,10.033500000,2.711586,1,0.705726,5.000000,14
721,275,0.616136,65737,10.050899764,10.053500000,2.600236,1,0.616136,5.000000,14
722,275,0.603821,65737,10.071041445,10.076500000,5.458555,0,10.219905,5.000000,14
723,275,0.671715,65737,10.089929973,10.094500000,4.570027,1,0.671715,5.000000,14
724,275,0.548377,65737,10.108785616,10.118000000,9.214384,0,10.219905,5.000000,14
725,275,0.406505,65737,10.127465953,10.130500000,3.034047,1,0.406505,5.000000,14
726,275,0.396917,65737,10.147261137,10.152000000,4.738863,1,0.396917,5.000000,14
728,275,0.298322,65737,10.165742258,10.168500000,2.757742,1,0.298322,5.000000,14
730,275,0.364459,65737,10.186443155,10.189000000,2.556845,1,0.364459,5.000000,14
731,275,0.515757,65737,10.207121321,10.213000000,5.878679,0,10.219905,5.000000,14
732,275,0.647291,65737,10.228198711,10.231000000,2.801289,1,0.647291,5.000000,14
733,275,0.591398,65737,10.247189244,10.252500000,5.310756,0,10.219905,5.000000,14
734,275,0.625797,65737,10.266866016,10.269500000,2.633984,1,0.625797,5.000000,14
735,275,0.686580,65737,10.287056436,10.291500000,4.443564,1,0.686580,5.000000,14
737,275,0.553201,65737,10.306839006,10.408500000,101.660994,0,10.219905,5.000000,14
738,275,0.586422,65737,10.325790073,10.408500000,82.709927,0,10.219905,5.000000,14
739,275,0.475478,65737,10.345205239,10.408500000,63.294761,0,10.219905,5.000000,14
740,275,0.314608,65737,10.365357702,10.408500000,43.142298,0,10.219905,5.000000,14
743,275,0.369449,65737,10.383751362,10.408500000,24.748638,0,10.219905,5.000000,14
744,275,0.468507,65737,10.404412150,10.414000000,9.587850,0,10.219905,5.000000,14
745,275,0.412192,65737,10.423934909,10.432000000,8.065091,0,10.219905,5.000000,14
747,275,0.401961,65737,10.444713852,10.448500000,3.786148,1,0.401961,5.000000,14
749,275,0.539801,65737,10.464281881,10.467500000,3.218119,1,0.539801,5.000000,14
750,275,0.591824,65737,10.483637250,10.488000000,4.362750,1,0.591824,5.000000,14
751,275,0.632645,65737,10.502735406,10.508500000,5.764594,0,10.219905,5.000000,14
752,275,0.572621,65737,10.522878009,10.525500000,2.621991,1,0.572621,5.000000,14
753,275,0.598543,65737,10.541434297,10.544500000,3.065703,1,0.598543,5.000000,14
754,275,0.495951,65737,10.559964814,10.563500000,3.535186,1,0.495951,5.000000,14
757,275,0.213431,65737,10.578278776,10.582000000,3.721224,1,0.213431,5.000000,14
758,275,0.276192,65737,10.597795051,10.601000000,3.204949,1,0.276192,5.000000,14
760,275,0.345611,65737,10.616293054,10.620000000,3.706946,1,0.345611,5.000000,14
762,275,0.387441,65737,10.635772167,10.638500000,2.727833,1,0.387441,5.000000,14
763,275,0.309231,65737,10.654259764,10.658000000,3.740236,1,0.309231,5.000000,14
766,275,0.308996,65737,10.673897787,10.676500000,2.602213,1,0.308996,5.000000,14
768,275,0.614864,65737,10.692314675,10.695500000,3.185325,1,0.614864,5.000000,14
769,275,0.628148,65737,10.711333007,10.720000000,8.666993,0,10.219905,5.000000,14
770,275,0.695932,65737,10.732533359,10.736000000,3.466641,1,0.695932,5.000000,14
771,275,0.675944,65737,10.751428135,10.754500000,3.071865,1,0.675944,5.000000,14
773,275,0.739325,65737,10.770691253,10.774000000,3.308747,1,0.739325,5.000000,14
774,275,0.979184,65737,10.790028802,10.793000000,2.971198,1,0.979184,5.000000,14
775,275,1.075547,65737,10.809324114,10.815000000,5.675886,0,10.219905,5.000000,14
776,275,1.169708,65737,10.829288962,10.832000000,2.711038,1,1.169708,5.000000,14
777,275,1.152320,65737,10.847869973,10.852000000,4.130027,1,1.152320,5.000000,14
778,275,1.093869,65737,10.866887205,10.869500000,2.612795,1,1.093869,5.000000,14
779,275,1.200175,65737,10.887869077,10.893000000,5.130923,0,10.219905,5.000000,14
780,275,1.063549,65737,10.906879648,10.914500000,7.620352,0,10.219905,5.000000,14
783,275,1.380219,65737,10.926959077,10.929500000,2.540923,1,1.380219,5.000000,14
784,275,1.540321,65737,10.947638948,10.950500000,2.861052,1,1.540321,5.000000,14
785,275,1.287348,65737,10.968436988,10.976500000,8.063012,0,10.219905,5.000000,14
788,275,1.051761,65737,10.986777485,10.989500000,2.722515,1,1.051761,5.000000,14
791,275,1.493714,65737,11.006646319,11.015000000,8.353681,0,10.219905,5.000000,14
792,275,1.041196,65737,11.025296652,11.028000000,2.703348,1,1.041196,5.000000,14
793,275,1.664494,65737,11.047092891,11.050500000,3.407109,1,1.664494,5.000000,14
794,275,1.156545,65737,11.065732138,11.078000000,12.267862,0,10.219905,5.000000,14
795,275,1.515683,65737,11.087319720,11.090500000,3.180280,1,1.515683,5.000000,14
796,275,1.601929,65737,11.108933761,11.115500000,6.566239,0,10.219905,5.000000,14
797,275,1.523430,65737,11.129542070,11.132500000,2.957930,1,1.523430,5.000000,14
799,275,2.097512,65737,11.148320545,11.151000000,2.679455,1,2.097512,5.000000,14
800,275,3.092028,65737,11.169400968,11.174500000,5.099032,0,10.219905,5.000000,14
803,275,1.911129,65737,11.187950486,11.196000000,8.049514,0,10.219905,5.000000,14
804,275,2.449937,65737,11.207737149,11.309000000,101.262851,0,10.219905,5.000000,14
805,275,1.722097,65737,11.227307321,11.309000000,81.692679,0,10.219905,5.000000,14
806,275,2.068623,65737,11.250741424,11.309000000,58.258576,0,10.219905,5.000000,14
811,275,1.995496,65737,11.270846105,11.309000000,38.153895,0,10.219905,5.000000,14
813,275,1.712002,65737,11.289509338,11.309000000,19.490662,0,10.219905,5.000000,14
814,275,2.151026,65737,11.307956976,11.316000000,8.043024,0,10.219905,5.000000,14
815,275,3.299665,65737,11.327827362,11.330500000,2.672638,1,3.299665,5.000000,14
816,275,2.922346,65737,11.346525657,11.350000000,3.474343,1,2.922346,5.000000,14
817,275,2.202366,65737,11.365508196,11.369000000,3.491804,1,2.202366,5.000000,14
818,275,1.438586,65737,11.386669476,11.390000000,3.330524,1,1.438586,5.000000,14
820,275,1.310089,65737,11.406637585,11.412500000,5.862415,0,10.219905,5.000000,14
822,275,1.856335,65737,11.425842904,11.428500000,2.657096,1,1.856335,5.000000,14
823,275,1.980353,65737,11.445195415,11.448500000,3.304585,1,1.980353,5.000000,14
824,275,2.227537,65737,11.464944584,11.467500000,2.555416,1,2.227537,5.000000,14
825,275,2.072434,65737,11.484637256,11.487500000,2.862744,1,2.072434,5.000000,14
826,275,1.882270,65737,11.502962756,11.509500000,6.537244,0,10.219905,5.000000,14
827,275,1.804716,65737,11.521580026,11.524500000,2.919974,1,1.804716,5.000000,14
828,275,1.431597,65737,11.540214428,11.543000000,2.785572,1,1.431597,5.000000,14
830,275,0.721880,65737,11.559886065,11.563000000,3.113935,1,0.721880,5.000000,14
831,275,1.119376,65737,11.581611821,11.584500000,2.888179,1,1.119376,5.000000,14
832,275,0.650291,65737,11.599968257,11.608500000,8.531743,0,10.219905,5.000000,14
833,275,0.533273,65737,11.619084525,11.622000000,2.915475,1,0.533273,5.000000,14
835,275,0.299486,65737,11.640487665,11.643500000,3.012335,1,0.299486,5.000000,14
836,275,0.328794,65737,11.659874473,11.662500000,2.625527,1,0.328794,5.000000,14
837,275,0.219326,65737,11.680028403,11.683000000,2.971597,1,0.219326,5.000000,14
842,275,0.671234,65737,11.699691518,11.708500000,8.808482,0,10.219905,5.000000,14
843,275,0.477251,65737,11.718272180,11.721000000,2.727820,1,0.477251,5.000000,14
844,275,0.347822,65737,11.740556041,11.743500000,2.943959,1,0.347822,5.000000,14
846,275,0.679606,65737,11.760369034,11.763000000,2.630966,1,0.679606,5.000000,14
847,275,0.852686,65737,11.778717119,11.781500000,2.782881,1,0.852686,5.000000,14
848,275,1.080491,65737,11.800257585,11.813000000,12.742415,0,10.219905,5.000000,14
849,275,1.050210,65737,11.819256523,11.822000000,2.743477,1,1.050210,5.000000,14
850,275,1.069296,65737,11.839011564,11.842000000,2.988436,1,1.069296,5.000000,14
851,275,1.203148,65737,11.857990148,11.861000000,3.009852,1,1.203148,5.000000,14
852,275,0.962245,65737,11.877824032,11.883500000,5.675968,0,10.219905,5.000000,14
853,275,0.804252,65737,11.896824931,11.901000000,4.175069,1,0.804252,5.000000,14
854,275,0.790354,65737,11.916223658,11.922000000,5.776342,0,10.219905,5.000000,14
855,275,0.535726,65737,11.934751420,11.937500000,2.748580,1,0.535726,5.000000,14
858,275,0.185554,65737,11.955211112,11.958500000,3.288888,1,0.185554,5.000000,14
860,275,0.342651,65737,11.976322960,11.981500000,5.177040,0,10.219905,5.000000,14
862,275,0.678273,65737,11.994619946,11.998000000,3.380054,1,0.678273,5.000000,14
863,275,0.551171,65737,12.016083138,12.024500000,8.416862,0,10.219905,5.000000,14
864,275,0.539841,65737,12.037594132,12.041500000,3.905868,1,0.539841,5.000000,14
865,275,0.445334,65737,12.057846635,12.060500000,2.653365,1,0.445334,5.000000,14
868,275,0.317925,65737,12.078990155,12.082000000,3.009845,1,0.317925,5.000000,14
870,275,0.398554,65737,12.101822812,12.107500000,5.677188,0,10.219905,5.000000,14
871,275,0.402715,65737,12.124469986,12.127500000,3.030014,1,0.402715,5.000000,14
872,275,0.319364,65737,12.143748718,12.146500000,2.751282,1,0.319364,5.000000,14
875,275,0.248574,65737,12.162653478,12.167000000,4.346522,1,0.248574,5.000000,14
876,275,0.300000,65737,12.182405816,12.185000000,2.594184,1,0.300000,5.000000,14
877,275,0.363112,65737,12.201527574,12.204500000,2.972426,1,0.363112,5.000000,14
878,275,0.310905,65737,12.219766986,12.222500000,2.733014,1,0.310905,5.000000,14
880,275,0.353103,65737,12.240375201,12.243000000,2.624799,1,0.353103,5.000000,14
882,275,0.388485,65737,12.258873910,12.262500000,3.626090,1,0.388485,5.000000,14
883,275,0.447897,65737,12.280373710,12.283000000,2.626290,1,0.447897,5.000000,14
884,275,0.400736,65737,12.300354013,12.303000000,2.645987,1,0.400736,5.000000,14
885,275,0.352107,65737,12.319956958,12.322500000,2.543042,1,0.352107,5.000000,14
886,275,0.377514,65737,12.339636868,12.342500000,2.863132,1,0.377514,5.000000,14
887,275,0.280515,65737,12.359855312,12.362500000,2.644688,1,0.280515,5.000000,14
891,275,0.307740,65737,12.379418052,12.382000000,2.581948,1,0.307740,5.000000,14
892,275,0.392737,65737,12.399915114,12.402500000,2.584886,1,0.392737,5.000000,14
893,275,0.401570,65737,12.421899153,12.424500000,2.600847,1,0.401570,5.000000,14
894,275,0.426912,65737,12.441140024,12.444000000,2.859976,1,0.426912,5.000000,14
895,275,0.485016,65737,12.462434632,12.465500000,3.065368,1,0.485016,5.000000,14
896,275,0.440283,65737,12.481372501,12.484000000,2.627499,1,0.440283,5.000000,14
897,275,0.469447,65737,12.500635790,12.506000000,5.364210,0,10.219905,5.000000,14
898,275,0.491836,65737,12.522553371,12.525500000,2.946629,1,0.491836,5.000000,14
899,275,0.382094,65737,12.545108810,12.548500000,3.391190,1,0.382094,5.000000,14
901,275,0.259447,65737,12.564271932,12.567000000,2.728068,1,0.259447,5.000000,14
904,275,0.281250,65737,12.583422955,12.587000000,3.577045,1,0.281250,5.000000,14
905,275,0.259694,65737,12.601962897,12.606000000,4.037103,1,0.259694,5.000000,14
906,275,0.258137,65737,12.623334713,12.626000000,2.665287,1,0.258137,5.000000,14
908,275,0.278555,65737,12.643418888,12.646500000,3.081112,1,0.278555,5.000000,14
909,275,0.288500,65737,12.664007226,12.667000000,2.992774,1,0.288500,5.000000,14
910,275,0.323682,65737,12.685368411,12.688000000,2.631589,1,0.323682,5.000000,14
913,275,0.424510,65737,12.704744883,12.711000000,6.255117,0,10.219905,5.000000,14
914,275,0.411949,65737,12.727204339,12.730000000,2.795661,1,0.411949,5.000000,14
915,275,0.370162,65737,12.746876186,12.749500000,2.623814,1,0.370162,5.000000,14
917,275,0.412171,65737,12.767431864,12.770000000,2.568136,1,0.412171,5.000000,14
918,275,0.459200,65737,12.785822902,12.788500000,2.677098,1,0.459200,5.000000,14
919,275,0.572117,65737,12.805958025,12.811500000,5.541975,0,10.219905,5.000000,14
920,275,0.507392,65737,12.827779930,12.830500000,2.720070,1,0.507392,5.000000,14
921,275,0.473531,65737,12.846780155,12.849500000,2.719845,1,0.473531,5.000000,14
922,275,0.533686,65737,12.865044467,12.868000000,2.955533,1,0.533686,5.000000,14
924,275,0.452530,65737,12.884809426,12.888000000,3.190574,1,0.452530,5.000000,14
925,275,0.524925,65737,12.903736554,12.909500000,5.763446,0,10.219905,5.000000,14
926,275,0.428605,65737,12.923423510,12.926000000,2.576490,1,0.428605,5.000000,14
927,275,0.390126,65737,12.942640098,12.951000000,8.359902,0,10.219905,5.000000,14
928,275,0.473747,65737,12.962450223,12.965000000,2.549777,1,0.473747,5.000000,14
932,275,0.613977,65737,12.982274897,12.985000000,2.725103,1,0.613977,5.000000,14
933,275,0.786979,65737,13.003192553,13.010500000,7.307447,0,10.219905,5.000000,14
934,275,0.770004,65737,13.021789471,13.024500000,2.710529,1,0.770004,5.000000,14
935,275,0.635184,65737,13.040627515,13.050500000,9.872485,0,10.219905,5.000000,14
936,275,0.549208,65737,13.059410887,13.062000000,2.589113,1,0.549208,5.000000,14
938,275,0.660386,65737,13.079306774,13.082000000,2.693226,1,0.660386,5.000000,14
939,275,0.591383,65737,13.098584411,13.102500000,3.915589,1,0.591383,5.000000,14
943,275,0.771085,65737,13.117258895,13.121000000,3.741105,1,0.771085,5.000000,14
944,275,1.074579,65737,13.135779323,13.138500000,2.720677,1,1.074579,5.000000,14
946,275,1.218760,65737,13.154113605,13.157000000,2.886395,1,1.218760,5.000000,14
947,275,0.889697,65737,13.173640178,13.176500000,2.859822,1,0.889697,5.000000,14
948,275,0.747895,65737,13.192584943,13.195500000,2.915057,1,0.747895,5.000000,14
950,275,0.716914,65737,13.211033519,13.219500000,8.466481,0,10.219905,5.000000,14
951,275,0.825354,65737,13.233641373,13.237000000,3.358627,1,0.825354,5.000000,14
953,275,1.032216,65737,13.252860807,13.255500000,2.639193,1,1.032216,5.000000,14
954,275,1.104779,65737,13.271804364,13.274500000,2.695636,1,1.104779,5.000000,14
955,275,2.237496,65737,13.292250644,13.296000000,3.749356,1,2.237496,5.000000,14
956,275,2.276244,65737,13.310736024,13.320000000,9.263976,0,10.219905,5.000000,14
957,275,1.409596,65737,13.329977972,13.333000000,3.022028,1,1.409596,5.000000,14
958,275,1.620954,65737,13.351365855,13.354000000,2.634145,1,1.620954,5.000000,14
959,275,1.496296,65737,13.370859659,13.373500000,2.640341,1,1.496296,5.000000,14
960,275,1.093364,65737,13.391047585,13.394000000,2.952415,1,1.093364,5.000000,14
961,275,1.005686,65737,13.410360314,13.507500000,97.139686,0,10.219905,5.000000,14
963,275,0.965892,65737,13.429637816,13.507500000,77.862184,0,10.219905,5.000000,14
966,275,0.897349,65737,13.449501018,13.507500000,57.998982,0,10.219905,5.000000,14
967,275,0.908645,65737,13.469109360,13.507500000,38.390640,0,10.219905,5.000000,14
968,275,1.076104,65737,13.488681852,13.507500000,18.818148,0,10.219905,5.000000,14
970,275,1.133759,65737,13.508849616,13.511500000,2.650384,1,1.133759,5.000000,14
971,275,1.022942,65737,13.527995584,13.531000000,3.004416,1,1.022942,5.000000,14
972,275,0.663756,65737,13.548827100,13.553000000,4.172900,1,0.663756,5.000000,14
974,275,0.606904,65737,13.569962851,13.573000000,3.037149,1,0.606904,5.000000,14
975,275,0.573299,65737,13.589667846,13.592500000,2.832154,1,0.573299,5.000000,14
977,275,0.949414,65737,13.607962191,13.708500000,100.537809,0,10.219905,5.000000,14
978,275,0.655422,65737,13.626739702,13.708500000,81.760298,0,10.219905,5.000000,14
980,275,0.540454,65737,13.647443672,13.708500000,61.056328,0,10.219905,5.000000,14
981,275,0.663032,65737,13.668177673,13.708500000,40.322327,0,10.219905,5.000000,14
982,275,0.700656,65737,13.686642540,13.708500000,21.857460,0,10.219905,5.000000,14
983,275,0.565673,65737,13.705105630,13.710500000,5.394370,0,10.219905,5.000000,14
984,275,0.498953,65737,13.726008181,13.729000000,2.991819,1,0.498953,5.000000,14
985,275,0.413336,65737,13.744426304,13.747000000,2.573696,1,0.413336,5.000000,14
987,275,0.445339,65737,13.764649774,13.767500000,2.850226,1,0.445339,5.000000,14
988,275,0.453548,65737,13.784459248,13.787500000,3.040752,1,0.453548,5.000000,14
989,275,0.432977,65737,13.803355704,13.812000000,8.644296,0,10.219905,5.000000,14
991,275,0.473522,65737,13.823958592,13.826500000,2.541408,1,0.473522,5.000000,14
992,275,0.555775,65737,13.842906533,13.846500000,3.593467,1,0.555775,5.000000,14
993,275,0.869253,65737,13.861529236,13.865000000,3.470764,1,0.869253,5.000000,14
994,275,0.986336,65737,13.879973265,13.883000000,3.026735,1,0.986336,5.000000,14
995,275,0.978109,65737,13.901529331,13.910000000,8.470669,0,10.219905,5.000000,14
996,275,1.045062,65737,13.921163925,13.924000000,2.836075,1,1.045062,5.000000,14
997,275,1.119220,65737,13.940207946,13.943500000,3.292054,1,1.119220,5.000000,14
998,275,1.115179,65737,13.960018743,13.963000000,2.981257,1,1.115179,5.000000,14
999,275,1.205852,65737,13.983063847,13.987000000,3.936153,1,1.205852,5.000000,14
1000,275,1.345000,65737,14.004067802,14.014500000,10.432198,0,10.219905,5.000000,14
1002,275,1.059372,65737,14.024808546,14.028500000,3.691454,1,1.059372,5.000000,14
1003,275,1.057110,65737,14.044289611,14.047500000,3.210389,1,1.057110,5.000000,14
1006,275,1.117009,65737,14.064598446,14.067500000,2.901554,1,1.117009,5.000000,14
1007,275,1.217150,65737,14.083791416,14.086500000,2.708584,1,1.217150,5.000000,14
1008,275,1.470384,65737,14.102172949,14.111500000,9.327051,0,10.219905,5.000000,14
1009,275,1.457150,65737,14.120491896,14.123500000,3.008104,1,1.457150,5.000000,14
1011,275,1.253806,65737,14.138923252,14.141500000,2.576748,1,1.253806,5.000000,14
1012,275,1.440284,65737,14.162007725,14.165000000,2.992275,1,1.440284,5.000000,14
1013,275,1.186977,65737,14.181107705,14.184000000,2.892295,1,1.186977,5.000000,14
1015,275,1.005966,65737,14.199591784,14.205500000,5.908216,0,10.219905,5.000000,14
1016,275,1.026271,65737,14.221516782,14.227000000,5.483218,0,10.219905,5.000000,14
1018,275,1.140918,65737,14.240123724,14.243000000,2.876276,1,1.140918,5.000000,14
1019,275,1.156402,65737,14.258695285,14.263000000,4.304715,1,1.156402,5.000000,14
1020,275,1.337996,65737,14.278369859,14.281000000,2.630141,1,1.337996,5.000000,14
1021,275,1.446847,65737,14.297205445,14.300000000,2.794555,1,1.446847,5.000000,14
1022,275,1.258570,65737,14.318814242,14.324500000,5.685758,0,10.219905,5.000000,14
1024,275,1.003077,65737,14.337300220,14.340000000,2.699780,1,1.003077,5.000000,14
1026,275,0.937872,65737,14.357329854,14.363000000,5.670146,0,10.219905,5.000000,14
1028,275,0.839306,65737,14.376884185,14.379500000,2.615815,1,0.839306,5.000000,14
1030,275,0.283940,65737,14.395786314,14.398500000,2.713686,1,0.283940,5.000000,14
1031,275,0.449355,65737,14.416866377,14.422500000,5.633623,0,10.219905,5.000000,14
1032,275,0.239866,65737,14.435775526,14.438500000,2.724474,1,0.239866,5.000000,14
1035,275,0.141408,65737,14.455984262,14.459000000,3.015738,1,0.141408,5.000000,14
1037,275,0.177211,65737,14.474596892,14.477500000,2.903108,1,0.177211,5.000000,14
1038,275,0.177609,65737,14.494748982,14.497500000,2.751018,1,0.177609,5.000000,14
1039,275,0.200077,65737,14.514143569,14.520000000,5.856431,0,10.219905,5.000000,14
1040,275,0.195311,65737,14.532418070,14.538000000,5.581930,0,10.219905,5.000000,14
1042,275,0.209415,65737,14.551517513,14.555000000,3.482487,1,0.209415,5.000000,14
1043,275,0.190855,65737,14.572375658,14.578000000,5.624342,0,10.219905,5.000000,14
1045,275,0.188176,65737,14.590840425,14.594000000,3.159575,1,0.188176,5.000000,14
1049,275,0.137483,65737,14.630168710,14.711500000,81.331290,0,10.219905,5.000000,14
1051,275,0.181750,65737,14.649933286,14.711500000,61.566714,0,10.219905,5.000000,14
1052,275,0.184003,65737,14.670866019,14.711500000,40.633981,0,10.219905,5.000000,14
1053,275,0.201540,65737,14.689652046,14.711500000,21.847954,0,10.219905,5.000000,14
1054,275,0.207376,65737,14.708152130,14.714000000,5.847870,0,10.219905,5.000000,14
1057,275,0.282650,65737,14.727184491,14.730500000,3.315509,1,0.282650,5.000000,14
1058,275,0.613901,65737,14.747469100,14.750500000,3.030900,1,0.613901,5.000000,14
1059,275,0.527332,65737,14.766438885,14.769500000,3.061115,1,0.527332,5.000000,14
1060,275,0.575456,65737,14.787608184,14.793000000,5.391816,0,10.219905,5.000000,14
1063,275,0.439100,65737,14.826188473,14.909500000,83.311527,0,10.219905,5.000000,14
1064,275,0.377904,65737,14.846714141,14.909500000,62.785859,0,10.219905,5.000000,14
1065,275,0.347763,65737,14.865381479,14.909500000,44.118521,0,10.219905,5.000000,14
1066,275,0.360474,65737,14.884426224,14.909500000,25.073776,0,10.219905,5.000000,14
1067,275,0.302768,65737,14.902945555,14.910000000,7.054445,0,10.219905,5.000000,14
1069,275,0.422181,65737,14.921742342,14.927500000,5.757658,0,10.219905,5.000000,14
1070,275,0.361003,65737,14.940302478,14.943000000,2.697522,1,0.361003,5.000000,14
1071,275,0.350740,65737,14.958607518,14.961500000,2.892482,1,0.350740,5.000000,14
1072,275,0.268144,65737,14.980036002,14.992000000,11.963998,0,10.219905,5.000000,14
1074,275,0.206764,65737,14.998992790,15.008000000,9.007210,0,10.219905,5.000000,14
1076,275,0.227687,65737,15.018214313,15.021000000,2.785687,1,0.227687,5.000000,14
1077,275,0.277338,65737,15.036758269,15.045500000,8.741731,0,10.219905,5.000000,14
1078,275,0.267609,65737,15.056039452,15.059000000,2.960548,1,0.267609,5.000000,14
1079,275,0.255315,65737,15.077569921,15.080500000,2.930079,1,0.255315,5.000000,14
1081,275,0.240933,65737,15.097819676,15.100500000,2.680324,1,0.240933,5.000000,14
1082,275,0.199838,65737,15.116121008,15.124500000,8.378992,0,10.219905,5.000000,14
1085,275,0.349024,65737,15.137448202,15.140000000,2.551798,1,0.349024,5.000000,14
1086,275,0.388997,65737,15.157300485,15.160000000,2.699515,1,0.388997,5.000000,14
1087,275,0.315018,65737,15.175610412,15.178500000,2.889588,1,0.315018,5.000000,14
1088,275,0.275704,65737,15.194494077,15.200000000,5.505923,0,10.219905,5.000000,14
1090,275,0.271417,65737,15.213496658,15.219500000,6.003342,0,10.219905,5.000000,14
1092,275,0.356670,65737,15.232559633,15.235500000,2.940367,1,0.356670,5.000000,14
1093,275,0.321639,65737,15.251730871,15.254500000,2.769129,1,0.321639,5.000000,14
1095,275,0.467168,65737,15.270209682,15.276000000,5.790318,0,10.219905,5.000000,14
1096,275,0.404205,65737,15.290547945,15.293500000,2.952055,1,0.404205,5.000000,14
1098,275,0.285112,65737,15.309828358,15.315500000,5.671642,0,10.219905,5.000000,14
1101,275,0.201016,65737,15.329118759,15.335000000,5.881241,0,10.219905,5.000000,14
1104,275,0.284630,65737,15.350381555,15.353000000,2.618445,1,0.284630,5.000000,14
1106,275,0.548098,65737,15.369653135,15.372500000,2.846865,1,0.548098,5.000000,14
1107,275,0.832417,65737,15.388694620,15.397500000,8.805380,0,10.219905,5.000000,14
1108,275,1.224796,65737,15.408315088,15.414000000,5.684912,0,10.219905,5.000000,14
1109,275,0.671659,65737,15.428850580,15.434000000,5.149420,0,10.219905,5.000000,14
1111,275,0.668528,65737,15.448467913,15.456500000,8.032087,0,10.219905,5.000000,14
1112,275,0.746544,65737,15.469079492,15.472000000,2.920508,1,0.746544,5.000000,14
1115,275,0.693381,65737,15.487635792,15.490500000,2.864208,1,0.693381,5.000000,14
1118,275,0.743232,65737,15.507736528,15.516500000,8.763472,0,10.219905,5.000000,14
1119,275,0.905314,65737,15.527637506,15.530500000,2.862494,1,0.905314,5.000000,14
1120,275,1.361948,65737,15.547672252,15.550500000,2.827748,1,1.361948,5.000000,14
1121,275,0.881842,65737,15.568995462,15.572000000,3.004538,1,0.881842,5.000000,14
1122,275,1.264444,65737,15.588139493,15.591000000,2.860507,1,1.264444,5.000000,14
1123,275,0.775218,65737,15.607385791,15.613000000,5.614209,0,10.219905,5.000000,14
1126,275,0.844115,65737,15.626126293,15.629000000,2.873707,1,0.844115,5.000000,14
1129,275,1.724865,65737,15.645020299,15.648000000,2.979701,1,1.724865,5.000000,14
1130,275,1.802756,65737,15.665915589,15.668500000,2.584411,1,1.802756,5.000000,14
1131,275,1.173751,65737,15.687371234,15.690000000,2.628766,1,1.173751,5.000000,14
1132,275,1.195046,65737,15.710058112,15.716000000,5.941888,0,10.219905,5.000000,14
1133,275,0.943880,65737,15.730248576,15.733000000,2.751424,1,0.943880,5.000000,14
1134,275,0.944489,65737,15.748630862,15.751500000,2.869138,1,0.944489,5.000000,14
1136,275,0.728364,65737,15.769312902,15.772000000,2.687098,1,0.728364,5.000000,14
1138,275,0.929313,65737,15.788110043,15.791000000,2.889957,1,0.929313,5.000000,14
1139,275,1.663160,65737,15.806911355,15.815500000,8.588645,0,10.219905,5.000000,14
1140,275,1.353258,65737,15.826077089,15.829000000,2.922911,1,1.353258,5.000000,14
1141,275,1.544671,65737,15.846272833,15.849000000,2.727167,1,1.544671,5.000000,14
1142,275,1.266600,65737,15.866620585,15.869500000,2.879415,1,1.266600,5.000000,14
1143,275,1.214271,65737,15.887383720,15.890000000,2.616280,1,1.214271,5.000000,14
1144,275,0.872482,65737,15.908996380,15.920500000,11.503620,0,10.219905,5.000000,14
1145,275,0.862163,65737,15.928845941,15.931500000,2.654059,1,0.862163,5.000000,14
1147,275,0.772195,65737,15.947657533,15.950500000,2.842467,1,0.772195,5.000000,14
1148,275,0.387138,65737,15.966375932,15.969000000,2.624068,1,0.387138,5.000000,14
1150,275,0.457863,65737,15.986700715,15.989500000,2.799285,1,0.457863,5.000000,14
1152,275,0.716850,65737,16.005724032,16.014500000,8.775968,0,10.219905,5.000000,14
1153,275,0.889221,65737,16.025808622,16.028500000,2.691378,1,0.889221,5.000000,14
1154,275,0.843780,65737,16.045444805,16.048000000,2.555195,1,0.843780,5.000000,14
1155,275,0.879292,65737,16.064738540,16.067500000,2.761460,1,0.879292,5.000000,14
1156,275,0.866079,65737,16.084417505,16.087000000,2.582495,1,0.866079,5.000000,14
1158,275,0.739478,65737,16.124002062,16.265000000,140.997938,0,10.219905,5.000000,14
1159,275,0.544276,65737,16.142745427,16.265000000,122.254573,0,10.219905,5.000000,14
1160,275,0.409159,65737,16.161898562,16.265000000,103.101438,0,10.219905,5.000000,14
1162,275,0.282159,65737,16.182424261,16.265000000,82.575739,0,10.219905,5.000000,14
1164,275,0.245053,65737,16.201507450,16.265000000,63.492550,0,10.219905,5.000000,14
1166,275,0.422146,65737,16.222029673,16.265000000,42.970327,0,10.219905,5.000000,14
1167,275,0.490895,65737,16.242647615,16.265000000,22.352385,0,10.219905,5.000000,14
1168,275,0.436963,65737,16.262648394,16.268500000,5.851606,0,10.219905,5.000000,14
1169,275,0.489815,65737,16.285923661,16.288500000,2.576339,1,0.489815,5.000000,14
1170,275,0.564357,65737,16.306817086,16.312500000,5.682914,0,10.219905,5.000000,14
1171,275,0.506470,65737,16.327818604,16.330500000,2.681396,1,0.506470,5.000000,14
1172,275,0.465502,65737,16.347093382,16.355500000,8.406618,0,10.219905,5.000000,14
1174,275,0.339421,65737,16.365885953,16.368500000,2.614047,1,0.339421,5.000000,14
1175,275,0.308980,65737,16.386908866,16.389500000,2.591134,1,0.308980,5.000000,14
1176,275,0.317120,65737,16.405859811,16.411500000,5.640189,0,10.219905,5.000000,14
1180,275,0.241421,65737,16.426810861,16.429500000,2.689139,1,0.241421,5.000000,14
1181,275,0.270870,65737,16.446167466,16.451500000,5.332534,0,10.219905,5.000000,14
1182,275,0.318223,65737,16.464476644,16.467500000,3.023356,1,0.318223,5.000000,14
1183,275,0.268386,65737,16.483392585,16.486000000,2.607415,1,0.268386,5.000000,14
1184,275,0.226420,65737,16.501870287,16.511000000,9.129713,0,10.219905,5.000000,14
1188,275,0.239086,65737,16.520163166,16.523000000,2.836834,1,0.239086,5.000000,14
1191,275,0.300490,65737,16.539999820,16.543000000,3.000180,1,0.300490,5.000000,14
1192,275,0.298532,65737,16.558388522,16.561000000,2.611478,1,0.298532,5.000000,14
1193,275,0.275037,65737,16.577454585,16.580000000,2.545415,1,0.275037,5.000000,14
1197,275,0.734000,65737,16.597101783,16.600000000,2.898217,1,0.734000,5.000000,14
1198,275,0.781023,65737,16.615636393,16.624000000,8.363607,0,10.219905,5.000000,14
1199,275,0.804596,65737,16.635131783,16.638000000,2.868217,1,0.804596,5.000000,14
1201,275,0.886664,65737,16.654805275,16.657500000,2.694725,1,0.886664,5.000000,14
1202,275,1.097431,65737,16.675187124,16.678000000,2.812876,1,1.097431,5.000000,14
1203,275,1.009422,65737,16.693964669,16.697000000,3.035331,1,1.009422,5.000000,14
1204,275,1.044213,65737,16.713815476,16.719500000,5.684524,0,10.219905,5.000000,14
1205,275,1.016094,65737,16.733064738,16.736000000,2.935262,1,1.016094,5.000000,14
1206,275,0.639500,65737,16.751872055,16.754500000,2.627945,1,0.639500,5.000000,14
1209,275,0.617689,65737,16.775141967,16.778000000,2.858033,1,0.617689,5.000000,14
1212,275,1.083608,65737,16.796182622,16.799000000,2.817378,1,1.083608,5.000000,14
1214,275,0.994059,65737,16.815970866,16.821500000,5.529134,0,10.219905,5.000000,14
1215,275,0.949468,65737,16.834723652,16.837500000,2.776348,1,0.949468,5.000000,14
1217,275,0.885247,65737,16.853889901,16.856500000,2.610099,1,0.885247,5.000000,14
1218,275,1.089817,65737,16.872570037,16.875500000,2.929963,1,1.089817,5.000000,14
1219,275,1.165895,65737,16.893683957,16.896500000,2.816043,1,1.165895,5.000000,14
1221,275,0.815503,65737,16.913300069,16.916000000,2.699931,1,0.815503,5.000000,14
1223,275,0.855544,65737,16.931885847,16.934500000,2.614153,1,0.855544,5.000000,14
1224,275,0.838080,65737,16.950272939,16.953000000,2.727061,1,0.838080,5.000000,14
1226,275,0.874778,65737,16.969617472,16.972500000,2.882528,1,0.874778,5.000000,14
1227,275,1.186149,65737,16.990415054,16.993000000,2.584946,1,1.186149,5.000000,14
1228,275,1.420266,65737,17.009061381,17.012000000,2.938619,1,1.420266,5.000000,14
1230,275,0.981420,65737,17.028045177,17.031000000,2.954823,1,0.981420,5.000000,14
1231,275,0.568323,65737,17.046342952,17.049000000,2.657048,1,0.568323,5.000000,14
1232,275,0.645345,65737,17.064640854,17.067500000,2.859146,1,0.645345,5.000000,14
1233,275,0.434645,65737,17.083913324,17.086500000,2.586676,1,0.434645,5.000000,14
1235,275,0.320827,65737,17.103503931,17.106500000,2.996069,1,0.320827,5.000000,14
1236,275,0.296977,65737,17.122632873,17.125500000,2.867127,1,0.296977,5.000000,14
1237,275,0.303499,65737,17.141161688,17.144000000,2.838312,1,0.303499,5.000000,14
1238,275,0.255992,65737,17.160783243,17.163500000,2.716757,1,0.255992,5.000000,14
1239,275,0.216011,65737,17.181574899,17.184500000,2.925101,1,0.216011,5.000000,14
1240,275,0.214529,65737,17.202322190,17.205000000,2.677810,1,0.214529,5.000000,14
1243,275,0.209719,65737,17.222311982,17.225000000,2.688018,1,0.209719,5.000000,14
1244,275,0.191389,65737,17.241106793,17.244000000,2.893207,1,0.191389,5.000000,14
1245,275,0.227813,65737,17.262331159,17.265000000,2.668841,1,0.227813,5.000000,14
1246,275,0.257206,65737,17.281655681,17.284500000,2.844319,1,0.257206,5.000000,14
1248,275,0.246369,65737,17.300130226,17.303000000,2.869774,1,0.246369,5.000000,14
1249,275,0.259541,65737,17.320111371,17.323000000,2.888629,1,0.259541,5.000000,14
1250,275,0.230008,65737,17.340370509,17.343000000,2.629491,1,0.230008,5.000000,14
1252,275,0.213045,65737,17.359549991,17.362500000,2.950009,1,0.213045,5.000000,14
1254,275,0.210293,65737,17.378327884,17.381000000,2.672116,1,0.210293,5.000000,14
1256,275,0.234295,65737,17.397408561,17.400000000,2.591439,1,0.234295,5.000000,14
1257,275,0.242868,65737,17.416952862,17.419500000,2.547138,1,0.242868,5.000000,14
1258,275,0.279447,65737,17.435615518,17.438500000,2.884482,1,0.279447,5.000000,14
1260,275,0.284844,65737,17.453976565,17.457000000,3.023435,1,0.284844,5.000000,14
1261,275,0.342567,65737,17.473945442,17.476500000,2.554558,1,0.342567,5.000000,14
1262,275,0.292357,65737,17.493271134,17.496000000,2.728866,1,0.292357,5.000000,14
1263,275,0.284867,65737,17.512227801,17.515000000,2.772199,1,0.284867,5.000000,14
1265,275,0.263168,65737,17.531173539,17.534000000,2.826461,1,0.263168,5.000000,14
1266,275,0.284216,65737,17.549740651,17.552500000,2.759349,1,0.284216,5.000000,14
1267,275,0.324258,65737,17.568966982,17.572000000,3.033018,1,0.324258,5.000000,14
1268,275,0.267927,65737,17.589408284,17.592000000,2.591716,1,0.267927,5.000000,14
1271,275,0.220718,65737,17.609861634,17.615500000,5.638366,0,10.219905,5.000000,14
1272,275,0.298656,65737,17.629557612,17.632500000,2.942388,1,0.298656,5.000000,14
1273,275,0.337666,65737,17.650405204,17.653000000,2.594796,1,0.337666,5.000000,14
1274,275,0.313457,65737,17.669246882,17.672000000,2.753118,1,0.313457,5.000000,14
1275,275,0.335216,65737,17.688223314,17.691000000,2.776686,1,0.335216,5.000000,14
1276,275,0.383550,65737,17.711744103,17.717000000,5.255897,0,10.219905,5.000000,14
1277,275,0.359656,65737,17.730569016,17.733500000,2.930984,1,0.359656,5.000000,14
1279,275,0.359285,65737,17.752402314,17.755000000,2.597686,1,0.359285,5.000000,14
1280,275,0.343381,65737,17.771941617,17.774500000,2.558383,1,0.343381,5.000000,14
1281,275,0.317784,65737,17.791355958,17.794000000,2.644042,1,0.317784,5.000000,14
1282,275,0.369662,65737,17.813415052,17.816000000,2.584948,1,0.369662,5.000000,14
1283,275,0.314576,65737,17.833913941,17.836500000,2.586059,1,0.314576,5.000000,14
1284,275,0.294941,65737,17.852293000,17.855000000,2.707000,1,0.294941,5.000000,14
1286,275,0.283676,65737,17.874126063,17.877000000,2.873937,1,0.283676,5.000000,14
1287,275,0.272290,65737,17.893256381,17.896000000,2.743619,1,0.272290,5.000000,14
1288,275,0.308008,65737,17.912841093,17.915500000,2.658907,1,0.308008,5.000000,14
1290,275,0.305153,65737,17.931870875,17.934500000,2.629125,1,0.305153,5.000000,14
1291,275,0.334224,65737,17.952580826,17.955500000,2.919174,1,0.334224,5.000000,14
1292,275,0.293847,65737,17.972581498,17.975500000,2.918502,1,0.293847,5.000000,14
1294,275,0.329639,65737,17.992986161,17.996000000,3.013839,1,0.329639,5.000000,14
1295,275,0.313256,65737,18.011774634,18.014500000,2.725366,1,0.313256,5.000000,14
1296,275,0.299418,65737,18.032124285,18.035000000,2.875715,1,0.299418,5.000000,14
1297,275,0.360409,65737,18.050917006,18.053500000,2.582994,1,0.360409,5.000000,14
1298,275,0.316469,65737,18.069407238,18.072000000,2.592762,1,0.316469,5.000000,14
1300,275,0.295091,65737,18.090065872,18.093000000,2.934128,1,0.295091,5.000000,14
1301,275,0.277175,65737,18.110635096,18.116500000,5.864904,0,10.219905,5.000000,14
1303,275,0.302744,65737,18.129057779,18.132000000,2.942221,1,0.302744,5.000000,14
1304,275,0.284267,65737,18.147549765,18.150500000,2.950235,1,0.284267,5.000000,14
1305,275,0.286484,65737,18.166899049,18.169500000,2.600951,1,0.286484,5.000000,14
1306,275,0.342076,65737,18.185982916,18.189000000,3.017084,1,0.342076,5.000000,14
1308,275,0.335508,65737,18.205397017,18.214500000,9.102983,0,10.219905,5.000000,14
1309,275,0.393658,65737,18.224110251,18.227000000,2.889749,1,0.393658,5.000000,14
1311,275,0.366337,65737,18.243584590,18.246500000,2.915410,1,0.366337,5.000000,14
1312,275,0.412959,65737,18.262359635,18.265000000,2.640365,1,0.412959,5.000000,14
1313,275,0.379935,65737,18.282845280,18.285500000,2.654720,1,0.379935,5.000000,14
1314,275,0.382932,65737,18.303512170,18.309500000,5.987830,0,10.219905,5.000000,14
1315,275,0.422770,65737,18.323989295,18.327000000,3.010705,1,0.422770,5.000000,14
1316,275,0.374102,65737,18.344190166,18.347000000,2.809834,1,0.374102,5.000000,14
1318,275,0.334452,65737,18.364050711,18.370000000,5.949289,0,10.219905,5.000000,14
1319,275,0.340236,65737,18.382800317,18.385500000,2.699683,1,0.340236,5.000000,14
1320,275,0.285715,65737,18.402886421,18.408500000,5.613579,0,10.219905,5.000000,14
1321,275,0.308235,65737,18.423863211,18.426500000,2.636789,1,0.308235,5.000000,14
1323,275,0.287531,65737,18.442230273,18.445000000,2.769727,1,0.287531,5.000000,14
1324,275,0.323097,65737,18.463470902,18.466500000,3.029098,1,0.323097,5.000000,14
1326,275,0.370260,65737,18.483401604,18.486000000,2.598396,1,0.370260,5.000000,14
1327,275,0.396632,65737,18.503735292,18.509500000,5.764708,0,10.219905,5.000000,14
1328,275,0.352819,65737,18.523626217,18.526500000,2.873783,1,0.352819,5.000000,14
1329,275,0.345693,65737,18.546783976,18.555000000,8.216024,0,10.219905,5.000000,14
1331,275,0.310928,65737,18.565149717,18.570500000,5.350283,0,10.219905,5.000000,14
1332,275,0.295047,65737,18.586238835,18.589000000,2.761165,1,0.295047,5.000000,14
1334,275,0.255736,65737,18.604638040,18.610500000,5.861960,0,10.219905,5.000000,14
1335,275,0.210645,65737,18.625479328,18.628500000,3.020672,1,0.210645,5.000000,14
1339,275,0.368522,65737,18.645885855,18.648500000,2.614145,1,0.368522,5.000000,14
1340,275,0.431948,65737,18.664361465,18.667000000,2.638535,1,0.431948,5.000000,14
1341,275,0.703982,65737,18.687270679,18.693000000,5.729321,0,10.219905,5.000000,14
1342,275,0.736006,65737,18.707385971,18.811500000,104.114029,0,10.219905,5.000000,14
1343,275,0.669588,65737,18.726448927,18.811500000,85.051073,0,10.219905,5.000000,14
1344,275,0.699120,65737,18.746034636,18.811500000,65.465364,0,10.219905,5.000000,14
1345,275,0.820377,65737,18.767308277,18.811500000,44.191723,0,10.219905,5.000000,14
1346,275,0.805993,65737,18.787520578,18.811500000,23.979422,0,10.219905,5.000000,14
1347,275,0.798146,65737,18.807031531,18.813000000,5.968469,0,10.219905,5.000000,14
1348,275,0.940260,65737,18.828424834,18.831000000,2.575166,1,0.940260,5.000000,14
1349,275,0.932313,65737,18.847574646,18.850500000,2.925354,1,0.932313,5.000000,14
1353,275,0.539992,65737,18.866660427,18.878500000,11.839573,0,10.219905,5.000000,14
1354,275,0.705163,65737,18.885461381,18.891000000,5.538619,0,10.219905,5.000000,14
1358,275,0.553099,65737,18.909768948,18.918000000,8.231052,0,10.219905,5.000000,14
1359,275,1.040067,65737,18.930746809,18.933500000,2.753191,1,1.040067,5.000000,14
1361,275,1.225671,65737,18.950879377,18.953500000,2.620623,1,1.225671,5.000000,14
1362,275,1.349272,65737,18.971495397,18.974500000,3.004603,1,1.349272,5.000000,14
1363,275,1.406351,65737,18.991433138,18.994000000,2.566862,1,1.406351,5.000000,14
1365,275,0.859594,65737,19.011712072,19.020000000,8.287928,0,10.219905,5.000000,14
1367,275,0.852692,65737,19.031149855,19.034000000,2.850145,1,0.852692,5.000000,14
1369,275,0.743031,65737,19.054681291,19.057500000,2.818709,1,0.743031,5.000000,14
1371,275,1.783763,65737,19.073215293,19.076000000,2.784707,1,1.783763,5.000000,14
1372,275,2.210881,65737,19.093451042,19.096000000,2.548958,1,2.210881,5.000000,14
1373,275,1.462369,65737,19.112549988,19.121500000,8.950012,0,10.219905,5.000000,14
1375,275,1.238741,65737,19.132783042,19.135500000,2.716958,1,1.238741,5.000000,14
1381,275,1.646268,65737,19.151052399,19.154000000,2.947601,1,1.646268,5.000000,14
1382,275,1.064584,65737,19.170308234,19.173000000,2.691766,1,1.064584,5.000000,14
1383,275,1.323837,65737,19.190187045,19.195500000,5.312955,0,10.219905,5.000000,14
1384,275,1.508998,65737,19.210805034,19.219000000,8.194966,0,10.219905,5.000000,14
1385,275,1.127000,65737,19.231231523,19.234000000,2.768477,1,1.127000,5.000000,14
1386,275,1.345251,65737,19.250000091,19.253000000,2.999909,1,1.345251,5.000000,14
1388,275,1.189657,65737,19.268653940,19.271500000,2.846060,1,1.189657,5.000000,14
1389,275,1.363733,65737,19.290858596,19.296000000,5.141404,0,10.219905,5.000000,14
1390,275,1.440099,65737,19.312757432,19.321500000,8.742568,0,10.219905,5.000000,14
1391,275,1.050357,65737,19.332603462,19.338000000,5.396538,0,10.219905,5.000000,14
1392,275,0.968688,65737,19.354195596,19.357500000,3.304404,1,0.968688,5.000000,14
1393,275,0.966328,65737,19.376476839,19.379500000,3.023161,1,0.966328,5.000000,14
1394,275,0.757593,65737,19.394710487,19.398000000,3.289513,1,0.757593,5.000000,14
1396,275,0.359069,65737,19.416494557,19.422500000,6.005443,0,10.219905,5.000000,14
1397,275,0.336919,65737,19.438124706,19.446500000,8.375294,0,10.219905,5.000000,14
1399,275,0.379387,65737,19.458209141,19.461500000,3.290859,1,0.379387,5.000000,14
1400,275,2.583520,65737,19.478161476,19.481500000,3.338524,1,2.583520,5.000000,14
1401,275,1.918327,65737,19.500067799,19.511000000,10.932201,0,10.219905,5.000000,14
1402,275,1.411047,65737,19.520045806,19.523500000,3.454194,1,1.411047,5.000000,14
1403,275,1.271210,65737,19.541495280,19.545000000,3.504720,1,1.271210,5.000000,14
1407,275,1.037064,65737,19.560246762,19.563500000,3.253238,1,1.037064,5.000000,14
1408,275,1.186657,65737,19.581389850,19.586500000,5.110150,0,10.219905,5.000000,14
1409,275,1.041806,65737,19.602701006,19.613000000,10.298994,0,10.219905,5.000000,14
1411,275,1.168137,65737,19.621974583,19.625000000,3.025417,1,1.168137,5.000000,14
1412,275,1.399131,65737,19.641045891,19.644500000,3.454109,1,1.399131,5.000000,14
1413,275,1.179165,65737,19.660143094,19.668500000,8.356906,0,10.219905,5.000000,14
1415,275,1.053560,65737,19.679404045,19.682500000,3.095955,1,1.053560,5.000000,14
1417,275,0.841205,65737,19.721531217,19.807500000,85.968783,0,10.219905,5.000000,13
1420,275,1.195705,65737,19.739779607,19.807500000,67.720393,0,10.219905,5.000000,13
1423,275,1.360557,65737,19.760198517,19.807500000,47.301483,0,10.219905,5.000000,13
1424,275,1.756602,65737,19.782496155,19.807500000,25.003845,0,10.219905,5.000000,13
1425,275,1.327331,65737,19.801040403,19.809500000,8.459597,0,10.219905,5.000000,13
1426,275,0.939167,65737,19.822706631,19.831500000,8.793369,0,10.219905,5.000000,13
18,0,0,0,0,0,-1,0,10.219905,5.000000,0
23,0,0,0,0,0,-1,0,10.219905,5.000000,0
25,0,0,0,0,0,-1,0,10.219905,5.000000,0
29,0,0,0,0,0,-1,0,10.219905,5.000000,0
30,0,0,0,0,0,-1,0,10.219905,5.000000,0
43,0,0,0,0,0,-1,0,10.219905,5.000000,0
44,0,0,0,0,0,-1,0,10.219905,5.000000,0
48,0,0,0,0,0,-1,0,10.219905,5.000000,0
49,0,0,0,0,0,-1,0,10.219905,5.000000,0
51,0,0,0,0,0,-1,0,10.219905,5.000000,0
56,0,0,0,0,0,-1,0,10.219905,5.000000,0
57,0,0,0,0,0,-1,0,10.219905,5.000000,0
65,0,0,0,0,0,-1,0,10.219905,5.000000,0
67,0,0,0,0,0,-1,0,10.219905,5.000000,0
69,0,0,0,0,0,-1,0,10.219905,5.000000,0
70,0,0,0,0,0,-1,0,10.219905,5.000000,0
73,0,0,0,0,0,-1,0,10.219905,5.000000,0
76,0,0,0,0,0,-1,0,10.219905,5.000000,0
84,0,0,0,0,0,-1,0,10.219905,5.000000,0
93,0,0,0,0,0,-1,0,10.219905,5.000000,0
96,0,0,0,0,0,-1,0,10.219905,5.000000,0
99,0,0,0,0,0,-1,0,10.219905,5.000000,0
100,0,0,0,0,0,-1,0,10.219905,5.000000,0
109,0,0,0,0,0,-1,0,10.219905,5.000000,0
111,0,0,0,0,0,-1,0,10.219905,5.000000,0
118,0,0,0,0,0,-1,0,10.219905,5.000000,0
120,0,0,0,0,0,-1,0,10.219905,5.000000,0
123,0,0,0,0,0,-1,0,10.219905,5.000000,0
124,0,0,0,0,0,-1,0,10.219905,5.000000,0
128,0,0,0,0,0,-1,0,10.219905,5.000000,0
134,0,0,0,0,0,-1,0,10.219905,5.000000,0
135,0,0,0,0,0,-1,0,10.219905,5.000000,0
141,0,0,0,0,0,-1,0,10.219905,5.000000,0
149,0,0,0,0,0,-1,0,10.219905,5.000000,0
151,0,0,0,0,0,-1,0,10.219905,5.000000,0
157,0,0,0,0,0,-1,0,10.219905,5.000000,0
158,0,0,0,0,0,-1,0,10.219905,5.000000,0
163,0,0,0,0,0,-1,0,10.219905,5.000000,0
166,0,0,0,0,0,-1,0,10.219905,5.000000,0
168,0,0,0,0,0,-1,0,10.219905,5.000000,0
170,0,0,0,0,0,-1,0,10.219905,5.000000,0
173,0,0,0,0,0,-1,0,10.219905,5.000000,0
174,0,0,0,0,0,-1,0,10.219905,5.000000,0
175,0,0,0,0,0,-1,0,10.219905,5.000000,0
177,0,0,0,0,0,-1,0,10.219905,5.000000,0
178,0,0,0,0,0,-1,0,10.219905,5.000000,0
179,0,0,0,0,0,-1,0,10.219905,5.000000,0
184,0,0,0,0,0,-1,0,10.219905,5.000000,0
185,0,0,0,0,0,-1,0,10.219905,5.000000,0
188,0,0,0,0,0,-1,0,10.219905,5.000000,0
192,0,0,0,0,0,-1,0,10.219905,5.000000,0
194,0,0,0,0,0,-1,0,10.219905,5.000000,0
196,0,0,0,0,0,-1,0,10.219905,5.000000,0
199,0,0,0,0,0,-1,0,10.219905,5.000000,0
203,0,0,0,0,0,-1,0,10.219905,5.000000,0
208,0,0,0,0,0,-1,0,10.219905,5.000000,0
210,0,0,0,0,0,-1,0,10.219905,5.000000,0
211,0,0,0,0,0,-1,0,10.219905,5.000000,0
212,0,0,0,0,0,-1,0,10.219905,5.000000,0
218,0,0,0,0,0,-1,0,10.219905,5.000000,0
219,0,0,0,0,0,-1,0,10.219905,5.000000,0
220,0,0,0,0,0,-1,0,10.219905,5.000000,0
221,0,0,0,0,0,-1,0,10.219905,5.000000,0
229,0,0,0,0,0,-1,0,10.219905,5.000000,0
230,0,0,0,0,0,-1,0,10.219905,5.000000,0
231,0,0,0,0,0,-1,0,10.219905,5.000000,0
233,0,0,0,0,0,-1,0,10.219905,5.000000,0
237,0,0,0,0,0,-1,0,10.219905,5.000000,0
239,0,0,0,0,0,-1,0,10.219905,5.000000,0
240,0,0,0,0,0,-1,0,10.219905,5.000000,0
246,0,0,0,0,0,-1,0,10.219905,5.000000,0
247,0,0,0,0,0,-1,0,10.219905,5.000000,0
251,0,0,0,0,0,-1,0,10.219905,5.000000,0
252,0,0,0,0,0,-1,0,10.219905,5.000000,0
254,0,0,0,0,0,-1,0,10.219905,5.000000,0
257,0,0,0,0,0,-1,0,10.219905,5.000000,0
259,0,0,0,0,0,-1,0,10.219905,5.000000,0
261,0,0,0,0,0,-1,0,10.219905,5.000000,0
266,0,0,0,0,0,-1,0,10.219905,5.000000,0
275,0,0,0,0,0,-1,0,10.219905,5.000000,0
278,0,0,0,0,0,-1,0,10.219905,5.000000,0
279,0,0,0,0,0,-1,0,10.219905,5.000000,0
281,0,0,0,0,0,-1,0,10.219905,5.000000,0
282,0,0,0,0,0,-1,0,10.219905,5.000000,0
283,0,0,0,0,0,-1,0,10.219905,5.000000,0
286,0,0,0,0,0,-1,0,10.219905,5.000000,0
289,0,0,0,0,0,-1,0,10.219905,5.000000,0
290,0,0,0,0,0,-1,0,10.219905,5.000000,0
291,0,0,0,0,0,-1,0,10.219905,5.000000,0
296,0,0,0,0,0,-1,0,10.219905,5.000000,0
297,0,0,0,0,0,-1,0,10.219905,5.000000,0
298,0,0,0,0,0,-1,0,10.219905,5.000000,0
299,0,0,0,0,0,-1,0,10.219905,5.000000,0
303,0,0,0,0,0,-1,0,10.219905,5.000000,0
307,0,0,0,0,0,-1,0,10.219905,5.000000,0
315,0,0,0,0,0,-1,0,10.219905,5.000000,0
318,0,0,0,0,0,-1,0,10.219905,5.000000,0
321,0,0,0,0,0,-1,0,10.219905,5.000000,0
322,0,0,0,0,0,-1,0,10.219905,5.000000,0
324,0,0,0,0,0,-1,0,10.219905,5.000000,0
331,0,0,0,0,0,-1,0,10.219905,5.000000,0
332,0,0,0,0,0,-1,0,10.219905,5.000000,0
340,0,0,0,0,0,-1,0,10.219905,5.000000,0
342,0,0,0,0,0,-1,0,10.219905,5.000000,0
344,0,0,0,0,0,-1,0,10.219905,5.000000,0
347,0,0,0,0,0,-1,0,10.219905,5.000000,0
350,0,0,0,0,0,-1,0,10.219905,5.000000,0
353,0,0,0,0,0,-1,0,10.219905,5.000000,0
354,0,0,0,0,0,-1,0,10.219905,5.000000,0
360,0,0,0,0,0,-1,0,10.219905,5.000000,0
361,0,0,0,0,0,-1,0,10.219905,5.000000,0
366,0,0,0,0,0,-1,0,10.219905,5.000000,0
367,0,0,0,0,0,-1,0,10.219905,5.000000,0
368,0,0,0,0,0,-1,0,10.219905,5.000000,0
374,0,0,0,0,0,-1,0,10.219905,5.000000,0
383,0,0,0,0,0,-1,0,10.219905,5.000000,0
387,0,0,0,0,0,-1,0,10.219905,5.000000,0
393,0,0,0,0,0,-1,0,10.219905,5.000000,0
402,0,0,0,0,0,-1,0,10.219905,5.000000,0
406,0,0,0,0,0,-1,0,10.219905,5.000000,0
407,0,0,0,0,0,-1,0,10.219905,5.000000,0
408,0,0,0,0,0,-1,0,10.219905,5.000000,0
410,0,0,0,0,0,-1,0,10.219905,5.000000,0
411,0,0,0,0,0,-1,0,10.219905,5.000000,0
414,0,0,0,0,0,-1,0,10.219905,5.000000,0
416,0,0,0,0,0,-1,0,10.219905,5.000000,0
420,0,0,0,0,0,-1,0,10.219905,5.000000,0
422,0,0,0,0,0,-1,0,10.219905,5.000000,0
423,0,0,0,0,0,-1,0,10.219905,5.000000,0
426,0,0,0,0,0,-1,0,10.219905,5.000000,0
430,0,0,0,0,0,-1,0,10.219905,5.000000,0
432,0,0,0,0,0,-1,0,10.219905,5.000000,0
433,0,0,0,0,0,-1,0,10.219905,5.000000,0
435,0,0,0,0,0,-1,0,10.219905,5.000000,0
436,0,0,0,0,0,-1,0,10.219905,5.000000,0
438,0,0,0,0,0,-1,0,10.219905,5.000000,0
440,0,0,0,0,0,-1,0,10.219905,5.000000,0
443,0,0,0,0,0,-1,0,10.219905,5.000000,0
445,0,0,0,0,0,-1,0,10.219905,5.000000,0
450,0,0,0,0,0,-1,0,10.219905,5.000000,0
457,0,0,0,0,0,-1,0,10.219905,5.000000,0
461,0,0,0,0,0,-1,0,10.219905,5.000000,0
463,0,0,0,0,0,-1,0,10.219905,5.000000,0
464,0,0,0,0,0,-1,0,10.219905,5.000000,0
471,0,0,0,0,0,-1,0,10.219905,5.000000,0
472,0,0,0,0,0,-1,0,10.219905,5.000000,0
478,0,0,0,0,0,-1,0,10.219905,5.000000,0
479,0,0,0,0,0,-1,0,10.219905,5.000000,0
480,0,0,0,0,0,-1,0,10.219905,5.000000,0
482,0,0,0,0,0,-1,0,10.219905,5.000000,0
485,0,0,0,0,0,-1,0,10.219905,5.000000,0
486,0,0,0,0,0,-1,0,10.219905,5.000000,0
489,0,0,0,0,0,-1,0,10.219905,5.000000,0
495,0,0,0,0,0,-1,0,10.219905,5.000000,0
497,0,0,0,0,0,-1,0,10.219905,5.000000,0
498,0,0,0,0,0,-1,0,10.219905,5.000000,0
507,0,0,0,0,0,-1,0,10.219905,5.000000,0
508,0,0,0,0,0,-1,0,10.219905,5.000000,0
509,0,0,0,0,0,-1,0,10.219905,5.000000,0
511,0,0,0,0,0,-1,0,10.219905,5.000000,0
518,0,0,0,0,0,-1,0,10.219905,5.000000,0
521,0,0,0,0,0,-1,0,10.219905,5.000000,0
522,0,0,0,0,0,-1,0,10.219905,5.000000,0
527,0,0,0,0,0,-1,0,10.219905,5.000000,0
528,0,0,0,0,0,-1,0,10.219905,5.000000,0
529,0,0,0,0,0,-1,0,10.219905,5.000000,0
530,0,0,0,0,0,-1,0,10.219905,5.000000,0
532,0,0,0,0,0,-1,0,10.219905,5.000000,0
544,0,0,0,0,0,-1,0,10.219905,5.000000,0
554,0,0,0,0,0,-1,0,10.219905,5.000000,0
555,0,0,0,0,0,-1,0,10.219905,5.000000,0
564,0,0,0,0,0,-1,0,10.219905,5.000000,0
565,0,0,0,0,0,-1,0,10.219905,5.000000,0
567,0,0,0,0,0,-1,0,10.219905,5.000000,0
568,0,0,0,0,0,-1,0,10.219905,5.000000,0
572,0,0,0,0,0,-1,0,10.219905,5.000000,0
575,0,0,0,0,0,-1,0,10.219905,5.000000,0
581,0,0,0,0,0,-1,0,10.219905,5.000000,0
582,0,0,0,0,0,-1,0,10.219905,5.000000,0
596,0,0,0,0,0,-1,0,10.219905,5.000000,0
598,0,0,0,0,0,-1,0,10.219905,5.000000,0
599,0,0,0,0,0,-1,0,10.219905,5.000000,0
601,0,0,0,0,0,-1,0,10.219905,5.000000,0
602,0,0,0,0,0,-1,0,10.219905,5.000000,0
605,0,0,0,0,0,-1,0,10.219905,5.000000,0
607,0,0,0,0,0,-1,0,10.219905,5.000000,0
610,0,0,0,0,0,-1,0,10.219905,5.000000,0
611,0,0,0,0,0,-1,0,10.219905,5.000000,0
613,0,0,0,0,0,-1,0,10.219905,5.000000,0
617,0,0,0,0,0,-1,0,10.219905,5.000000,0
618,0,0,0,0,0,-1,0,10.219905,5.000000,0
620,0,0,0,0,0,-1,0,10.219905,5.000000,0
621,0,0,0,0,0,-1,0,10.219905,5.000000,0
629,0,0,0,0,0,-1,0,10.219905,5.000000,0
632,0,0,0,0,0,-1,0,10.219905,5.000000,0
636,0,0,0,0,0,-1,0,10.219905,5.000000,0
637,0,0,0,0,0,-1,0,10.219905,5.000000,0
643,0,0,0,0,0,-1,0,10.219905,5.000000,0
647,0,0,0,0,0,-1,0,10.219905,5.000000,0
649,0,0,0,0,0,-1,0,10.219905,5.000000,0
650,0,0,0,0,0,-1,0,10.219905,5.000000,0
651,0,0,0,0,0,-1,0,10.219905,5.000000,0
654,0,0,0,0,0,-1,0,10.219905,5.000000,0
657,0,0,0,0,0,-1,0,10.219905,5.000000,0
662,0,0,0,0,0,-1,0,10.219905,5.000000,0
668,0,0,0,0,0,-1,0,10.219905,5.000000,0
670,0,0,0,0,0,-1,0,10.219905,5.000000,0
678,0,0,0,0,0,-1,0,10.219905,5.000000,0
679,0,0,0,0,0,-1,0,10.219905,5.000000,0
680,0,0,0,0,0,-1,0,10.219905,5.000000,0
693,0,0,0,0,0,-1,0,10.219905,5.000000,0
695,0,0,0,0,0,-1,0,10.219905,5.000000,0
700,0,0,0,0,0,-1,0,10.219905,5.000000,0
705,0,0,0,0,0,-1,0,10.219905,5.000000,0
707,0,0,0,0,0,-1,0,10.219905,5.000000,0
719,0,0,0,0,0,-1,0,10.219905,5.000000,0
727,0,0,0,0,0,-1,0,10.219905,5.000000,0
729,0,0,0,0,0,-1,0,10.219905,5.000000,0
736,0,0,0,0,0,-1,0,10.219905,5.000000,0
741,0,0,0,0,0,-1,0,10.219905,5.000000,0
742,0,0,0,0,0,-1,0,10.219905,5.000000,0
746,0,0,0,0,0,-1,0,10.219905,5.000000,0
748,0,0,0,0,0,-1,0,10.219905,5.000000,0
755,0,0,0,0,0,-1,0,10.219905,5.000000,0
756,0,0,0,0,0,-1,0,10.219905,5.000000,0
759,0,0,0,0,0,-1,0,10.219905,5.000000,0
761,0,0,0,0,0,-1,0,10.219905,5.000000,0
764,0,0,0,0,0,-1,0,10.219905,5.000000,0
765,0,0,0,0,0,-1,0,10.219905,5.000000,0
767,0,0,0,0,0,-1,0,10.219905,5.000000,0
772,0,0,0,0,0,-1,0,10.219905,5.000000,0
781,0,0,0,0,0,-1,0,10.219905,5.000000,0
782,0,0,0,0,0,-1,0,10.219905,5.000000,0
786,0,0,0,0,0,-1,0,10.219905,5.000000,0
787,0,0,0,0,0,-1,0,10.219905,5.000000,0
789,0,0,0,0,0,-1,0,10.219905,5.000000,0
790,0,0,0,0,0,-1,0,10.219905,5.000000,0
798,0,0,0,0,0,-1,0,10.219905,5.000000,0
801,0,0,0,0,0,-1,0,10.219905,5.000000,0
802,0,0,0,0,0,-1,0,10.219905,5.000000,0
807,0,0,0,0,0,-1,0,10.219905,5.000000,0
808,0,0,0,0,0,-1,0,10.219905,5.000000,0
809,0,0,0,0,0,-1,0,10.219905,5.000000,0
810,0,0,0,0,0,-1,0,10.219905,5.000000,0
812,0,0,0,0,0,-1,0,10.219905,5.000000,0
819,0,0,0,0,0,-1,0,10.219905,5.000000,0
821,0,0,0,0,0,-1,0,10.219905,5.000000,0
829,0,0,0,0,0,-1,0,10.219905,5.000000,0
834,0,0,0,0,0,-1,0,10.219905,5.000000,0
838,0,0,0,0,0,-1,0,10.219905,5.000000,0
839,0,0,0,0,0,-1,0,10.219905,5.000000,0
840,0,0,0,0,0,-1,0,10.219905,5.000000,0
841,0,0,0,0,0,-1,0,10.219905,5.000000,0
845,0,0,0,0,0,-1,0,10.219905,5.000000,0
856,0,0,0,0,0,-1,0,10.219905,5.000000,0
857,0,0,0,0,0,-1,0,10.219905,5.000000,0
859,0,0,0,0,0,-1,0,10.219905,5.000000,0
861,0,0,0,0,0,-1,0,10.219905,5.000000,0
866,0,0,0,0,0,-1,0,10.219905,5.000000,0
867,0,0,0,0,0,-1,0,10.219905,5.000000,0
869,0,0,0,0,0,-1,0,10.219905,5.000000,0
873,0,0,0,0,0,-1,0,10.219905,5.000000,0
874,0,0,0,0,0,-1,0,10.219905,5.000000,0
879,0,0,0,0,0,-1,0,10.219905,5.000000,0
881,0,0,0,0,0,-1,0,10.219905,5.000000,0
888,0,0,0,0,0,-1,0,10.219905,5.000000,0
889,0,0,0,0,0,-1,0,10.219905,5.000000,0
890,0,0,0,0,0,-1,0,10.219905,5.000000,0
900,0,0,0,0,0,-1,0,10.219905,5.000000,0
902,0,0,0,0,0,-1,0,10.219905,5.000000,0
903,0,0,0,0,0,-1,0,10.219905,5.000000,0
907,0,0,0,0,0,-1,0,10.219905,5.000000,0
911,0,0,0,0,0,-1,0,10.219905,5.000000,0
912,0,0,0,0,0,-1,0,10.219905,5.000000,0
916,0,0,0,0,0,-1,0,10.219905,5.000000,0
923,0,0,0,0,0,-1,0,10.219905,5.000000,0
929,0,0,0,0,0,-1,0,10.219905,5.000000,0
930,0,0,0,0,0,-1,0,10.219905,5.000000,0
931,0,0,0,0,0,-1,0,10.219905,5.000000,0
937,0,0,0,0,0,-1,0,10.219905,5.000000,0
940,0,0,0,0,0,-1,0,10.219905,5.000000,0
941,0,0,0,0,0,-1,0,10.219905,5.000000,0
942,0,0,0,0,0,-1,0,10.219905,5.000000,0
945,0,0,0,0,0,-1,0,10.219905,5.000000,0
949,0,0,0,0,0,-1,0,10.219905,5.000000,0
952,0,0,0,0,0,-1,0,10.219905,5.000000,0
962,0,0,0,0,0,-1,0,10.219905,5.000000,0
964,0,0,0,0,0,-1,0,10.219905,5.000000,0
965,0,0,0,0,0,-1,0,10.219905,5.000000,0
969,0,0,0,0,0,-1,0,10.219905,5.000000,0
973,0,0,0,0,0,-1,0,10.219905,5.000000,0
976,0,0,0,0,0,-1,0,10.219905,5.000000,0
979,0,0,0,0,0,-1,0,10.219905,5.000000,0
986,0,0,0,0,0,-1,0,10.219905,5.000000,0
990,0,0,0,0,0,-1,0,10.219905,5.000000,0
1001,0,0,0,0,0,-1,0,10.219905,5.000000,0
1004,0,0,0,0,0,-1,0,10.219905,5.000000,0
1005,0,0,0,0,0,-1,0,10.219905,5.000000,0
1010,0,0,0,0,0,-1,0,10.219905,5.000000,0
1014,0,0,0,0,0,-1,0,10.219905,5.000000,0
1017,0,0,0,0,0,-1,0,10.219905,5.000000,0
1023,0,0,0,0,0,-1,0,10.219905,5.000000,0
1025,0,0,0,0,0,-1,0,10.219905,5.000000,0
1027,0,0,0,0,0,-1,0,10.219905,5.000000,0
1029,0,0,0,0,0,-1,0,10.219905,5.000000,0
1033,0,0,0,0,0,-1,0,10.219905,5.000000,0
1034,0,0,0,0,0,-1,0,10.219905,5.000000,0
1036,0,0,0,0,0,-1,0,10.219905,5.000000,0
1041,0,0,0,0,0,-1,0,10.219905,5.000000,0
1044,0,0,0,0,0,-1,0,10.219905,5.000000,0
1047,0,0,0,0,0,-1,0,10.219905,5.000000,0
1048,0,0,0,0,0,-1,0,10.219905,5.000000,0
1050,0,0,0,0,0,-1,0,10.219905,5.000000,0
1055,0,0,0,0,0,-1,0,10.219905,5.000000,0
1056,0,0,0,0,0,-1,0,10.219905,5.000000,0
1061,0,0,0,0,0,-1,0,10.219905,5.000000,0
1068,0,0,0,0,0,-1,0,10.219905,5.000000,0
1073,0,0,0,0,0,-1,0,10.219905,5.000000,0
1075,0,0,0,0,0,-1,0,10.219905,5.000000,0
1080,0,0,0,0,0,-1,0,10.219905,5.000000,0
1083,0,0,0,0,0,-1,0,10.219905,5.000000,0
1084,0,0,0,0,0,-1,0,10.219905,5.000000,0
1089,0,0,0,0,0,-1,0,10.219905,5.000000,0
1091,0,0,0,0,0,-1,0,10.219905,5.000000,0
1094,0,0,0,0,0,-1,0,10.219905,5.000000,0
1097,0,0,0,0,0,-1,0,10.219905,5.000000,0
1099,0,0,0,0,0,-1,0,10.219905,5.000000,0
1100,0,0,0,0,0,-1,0,10.219905,5.000000,0
1102,0,0,0,0,0,-1,0,10.219905,5.000000,0
1103,0,0,0,0,0,-1,0,10.219905,5.000000,0
1105,0,0,0,0,0,-1,0,10.219905,5.000000,0
1110,0,0,0,0,0,-1,0,10.219905,5.000000,0
1113,0,0,0,0,0,-1,0,10.219905,5.000000,0
1114,0,0,0,0,0,-1,0,10.219905,5.000000,0
1116,0,0,0,0,0,-1,0,10.219905,5.000000,0
1117,0,0,0,0,0,-1,0,10.219905,5.000000,0
1124,0,0,0,0,0,-1,0,10.219905,5.000000,0
1125,0,0,0,0,0,-1,0,10.219905,5.000000,0
1127,0,0,0,0,0,-1,0,10.219905,5.000000,0
1128,0,0,0,0,0,-1,0,10.219905,5.000000,0
1135,0,0,0,0,0,-1,0,10.219905,5.000000,0
1137,0,0,0,0,0,-1,0,10.219905,5.000000,0
1146,0,0,0,0,0,-1,0,10.219905,5.000000,0
1149,0,0,0,0,0,-1,0,10.219905,5.000000,0
1151,0,0,0,0,0,-1,0,10.219905,5.000000,0
1161,0,0,0,0,0,-1,0,10.219905,5.000000,0
1163,0,0,0,0,0,-1,0,10.219905,5.000000,0
1165,0,0,0,0,0,-1,0,10.219905,5.000000,0
1173,0,0,0,0,0,-1,0,10.219905,5.000000,0
1177,0,0,0,0,0,-1,0,10.219905,5.000000,0
1178,0,0,0,0,0,-1,0,10.219905,5.000000,0
1179,0,0,0,0,0,-1,0,10.219905,5.000000,0
1185,0,0,0,0,0,-1,0,10.219905,5.000000,0
1186,0,0,0,0,0,-1,0,10.219905,5.000000,0
1187,0,0,0,0,0,-1,0,10.219905,5.000000,0
1189,0,0,0,0,0,-1,0,10.219905,5.000000,0
1190,0,0,0,0,0,-1,0,10.219905,5.000000,0
1194,0,0,0,0,0,-1,0,10.219905,5.000000,0
1195,0,0,0,0,0,-1,0,10.219905,5.000000,0
1196,0,0,0,0,0,-1,0,10.219905,5.000000,0
1200,0,0,0,0,0,-1,0,10.219905,5.000000,0
1207,0,0,0,0,0,-1,0,10.219905,5.000000,0
1208,0,0,0,0,0,-1,0,10.219905,5.000000,0
1210,0,0,0,0,0,-1,0,10.219905,5.000000,0
1211,0,0,0,0,0,-1,0,10.219905,5.000000,0
1213,0,0,0,0,0,-1,0,10.219905,5.000000,0
1216,0,0,0,0,0,-1,0,10.219905,5.000000,0
1220,0,0,0,0,0,-1,0,10.219905,5.000000,0
1222,0,0,0,0,0,-1,0,10.219905,5.000000,0
1225,0,0,0,0,0,-1,0,10.219905,5.000000,0
1229,0,0,0,0,0,-1,0,10.219905,5.000000,0
1234,0,0,0,0,0,-1,0,10.219905,5.000000,0
1241,0,0,0,0,0,-1,0,10.219905,5.000000,0
1242,0,0,0,0,0,-1,0,10.219905,5.000000,0
1247,0,0,0,0,0,-1,0,10.219905,5.000000,0
1251,0,0,0,0,0,-1,0,10.219905,5.000000,0
1253,0,0,0,0,0,-1,0,10.219905,5.000000,0
1255,0,0,0,0,0,-1,0,10.219905,5.000000,0
1259,0,0,0,0,0,-1,0,10.219905,5.000000,0
1264,0,0,0,0,0,-1,0,10.219905,5.000000,0
1269,0,0,0,0,0,-1,0,10.219905,5.000000,0
1270,0,0,0,0,0,-1,0,10.219905,5.000000,0
1278,0,0,0,0,0,-1,0,10.219905,5.000000,0
1285,0,0,0,0,0,-1,0,10.219905,5.000000,0
1289,0,0,0,0,0,-1,0,10.219905,5.000000,0
1293,0,0,0,0,0,-1,0,10.219905,5.000000,0
1299,0,0,0,0,0,-1,0,10.219905,5.000000,0
1302,0,0,0,0,0,-1,0,10.219905,5.000000,0
1307,0,0,0,0,0,-1,0,10.219905,5.000000,0
1310,0,0,0,0,0,-1,0,10.219905,5.000000,0
1317,0,0,0,0,0,-1,0,10.219905,5.000000,0
1322,0,0,0,0,0,-1,0,10.219905,5.000000,0
1325,0,0,0,0,0,-1,0,10.219905,5.000000,0
1330,0,0,0,0,0,-1,0,10.219905,5.000000,0
1333,0,0,0,0,0,-1,0,10.219905,5.000000,0
1336,0,0,0,0,0,-1,0,10.219905,5.000000,0
1337,0,0,0,0,0,-1,0,10.219905,5.000000,0
1338,0,0,0,0,0,-1,0,10.219905,5.000000,0
1350,0,0,0,0,0,-1,0,10.219905,5.000000,0
1351,0,0,0,0,0,-1,0,10.219905,5.000000,0
1352,0,0,0,0,0,-1,0,10.219905,5.000000,0
1355,0,0,0,0,0,-1,0,10.219905,5.000000,0
1356,0,0,0,0,0,-1,0,10.219905,5.000000,0
1357,0,0,0,0,0,-1,0,10.219905,5.000000,0
1360,0,0,0,0,0,-1,0,10.219905,5.000000,0
1364,0,0,0,0,0,-1,0,10.219905,5.000000,0
1366,0,0,0,0,0,-1,0,10.219905,5.000000,0
1368,0,0,0,0,0,-1,0,10.219905,5.000000,0
1370,0,0,0,0,0,-1,0,10.219905,5.000000,0
1374,0,0,0,0,0,-1,0,10.219905,5.000000,0
1376,0,0,0,0,0,-1,0,10.219905,5.000000,0
1377,0,0,0,0,0,-1,0,10.219905,5.000000,0
1378,0,0,0,0,0,-1,0,10.219905,5.000000,0
1379,0,0,0,0,0,-1,0,10.219905,5.000000,0
1380,0,0,0,0,0,-1,0,10.219905,5.000000,0
1387,0,0,0,0,0,-1,0,10.219905,5.000000,0
1395,0,0,0,0,0,-1,0,10.219905,5.000000,0
1398,0,0,0,0,0,-1,0,10.219905,5.000000,0
1404,0,0,0,0,0,-1,0,10.219905,5.000000,0
1405,0,0,0,0,0,-1,0,10.219905,5.000000,0
1406,0,0,0,0,0,-1,0,10.219905,5.000000,0
1410,0,0,0,0,0,-1,0,10.219905,5.000000,0
1414,0,0,0,0,0,-1,0,10.219905,5.000000,0
1416,0,0,0,0,0,-1,0,10.219905,5.000000,0
1418,0,0,0,0,0,-1,0,10.219905,5.000000,0
1419,0,0,0,0,0,-1,0,10.219905,5.000000,0
1421,0,0,0,0,0,-1,0,10.219905,5.000000,0
1422,0,0,0,0,0,-1,0,10.219905,5.000000,0
1427,0,0,0,0,0,-1,0,10.219905,5.000000,0
1428,0,0,0,0,0,-1,0,10.219905,5.000000,0
1429,0,0,0,0,0,-1,0,10.219905,5.000000,0
1430,0,0,0,0,0,-1,0,10.219905,5.000000,0
1431,0,0,0,0,0,-1,0,10.219905,5.000000,0
1432,0,0,0,0,0,-1,0,10.219905,5.000000,0
1433,0,0,0,0,0,-1,0,10.219905,5.000000,0
1434,0,0,0,0,0,-1,0,10.219905,5.000000,0
1435,0,0,0,0,0,-1,0,10.219905,5.000000,0
1436,0,0,0,0,0,-1,0,10.219905,5.000000,0
1437,0,0,0,0,0,-1,0,10.219905,5.000000,0
1438,0,0,0,0,0,-1,0,10.219905,5.000000,0
1439,0,0,0,0,0,-1,0,10.219905,5.000000,0
1440,0,0,0,0,0,-1,0,10.219905,5.000000,0
1441,0,0,0,0,0,-1,0,10.219905,5.000000,0
1442,0,0,0,0,0,-1,0,10.219905,5.000000,0
1443,0,0,0,0,0,-1,0,10.219905,5.000000,0
1444,0,0,0,0,0,-1,0,10.219905,5.000000,0
1445,0,0,0,0,0,-1,0,10.219905,5.000000,0
1446,0,0,0,0,0,-1,0,10.219905,5.000000,0
1447,0,0,0,0,0,-1,0,10.219905,5.000000,0
1448,0,0,0,0,0,-1,0,10.219905,5.000000,0
1449,0,0,0,0,0,-1,0,10.219905,5.000000,0
1450,0,0,0,0,0,-1,0,10.219905,5.000000,0
1451,0,0,0,0,0,-1,0,10.219905,5.000000,0
1452,0,0,0,0,0,-1,0,10.219905,5.000000,0
1453,0,0,0,0,0,-1,0,10.219905,5.000000,0
1454,0,0,0,0,0,-1,0,10.219905,5.000000,0
1455,0,0,0,0,0,-1,0,10.219905,5.000000,0
1456,0,0,0,0,0,-1,0,10.219905,5.000000,0
1457,0,0,0,0,0,-1,0,10.219905,5.000000,0
1458,0,0,0,0,0,-1,0,10.219905,5.000000,0
1459,0,0,0,0,0,-1,0,10.219905,5.000000,0
1460,0,0,0,0,0,-1,0,10.219905,5.000000,0
1461,0,0,0,0,0,-1,0,10.219905,5.000000,0
1462,0,0,0,0,0,-1,0,10.219905,5.000000,0
1463,0,0,0,0,0,-1,0,10.219905,5.000000,0
1464,0,0,0,0,0,-1,0,10.219905,5.000000,0
1465,0,0,0,0,0,-1,0,10.219905,5.000000,0
1466,0,0,0,0,0,-1,0,10.219905,5.000000,0
1467,0,0,0,0,0,-1,0,10.219905,5.000000,0
1468,0,0,0,0,0,-1,0,10.219905,5.000000,0
1469,0,0,0,0,0,-1,0,10.219905,5.000000,0
1470,0,0,0,0,0,-1,0,10.219905,5.000000,0
1471,0,0,0,0,0,-1,0,10.219905,5.000000,0
1472,0,0,0,0,0,-1,0,10.219905,5.000000,0
1473,0,0,0,0,0,-1,0,10.219905,5.000000,0
1474,0,0,0,0,0,-1,0,10.219905,5.000000,0
1475,0,0,0,0,0,-1,0,10.219905,5.000000,0
1476,0,0,0,0,0,-1,0,10.219905,5.000000,0
1477,0,0,0,0,0,-1,0,10.219905,5.000000,0
1478,0,0,0,0,0,-1,0,10.219905,5.000000,0
1479,0,0,0,0,0,-1,0,10.219905,5.000000,0
1480,0,0,0,0,0,-1,0,10.219905,5.000000,0
1481,0,0,0,0,0,-1,0,10.219905,5.000000,0
1482,0,0,0,0,0,-1,0,10.219905,5.000000,0
1483,0,0,0,0,0,-1,0,10.219905,5.000000,0
1484,0,0,0,0,0,-1,0,10.219905,5.000000,0
1485,0,0,0,0,0,-1,0,10.219905,5.000000,0
1486,0,0,0,0,0,-1,0,10.219905,5.000000,0
1487,0,0,0,0,0,-1,0,10.219905,5.000000,0
1488,0,0,0,0,0,-1,0,10.219905,5.000000,0
1489,0,0,0,0,0,-1,0,10.219905,5.000000,0
1490,0,0,0,0,0,-1,0,10.219905,5.000000,0
1491,0,0,0,0,0,-1,0,10.219905,5.000000,0
1492,0,0,0,0,0,-1,0,10.219905,5.000000,0
1493,0,0,0,0,0,-1,0,10.219905,5.000000,0
1494,0,0,0,0,0,-1,0,10.219905,5.000000,0
1495,0,0,0,0,0,-1,0,10.219905,5.000000,0
1496,0,0,0,0,0,-1,0,10.219905,5.000000,0
1497,0,0,0,0,0,-1,0,10.219905,5.000000,0
1498,0,0,0,0,0,-1,0,10.219905,5.000000,0
1499,0,0,0,0,0,-1,0,10.219905,5.000000,0
1500,0,0,0,0,0,-1,0,10.219905,5.000000,0
1501,0,0,0,0,0,-1,0,10.219905,5.000000,0
1502,0,0,0,0,0,-1,0,10.219905,5.000000,0
1503,0,0,0,0,0,-1,0,10.219905,5.000000,0
1504,0,0,0,0,0,-1,0,10.219905,5.000000,0
1505,0,0,0,0,0,-1,0,10.219905,5.000000,0
1506,0,0,0,0,0,-1,0,10.219905,5.000000,0
1507,0,0,0,0,0,-1,0,10.219905,5.000000,0
1508,0,0,0,0,0,-1,0,10.219905,5.000000,0
1509,0,0,0,0,0,-1,0,10.219905,5.000000,0
1510,0,0,0,0,0,-1,0,10.219905,5.000000,0
1511,0,0,0,0,0,-1,0,10.219905,5.000000,0
1512,0,0,0,0,0,-1,0,10.219905,5.000000,0
1513,0,0,0,0,0,-1,0,10.219905,5.000000,0
1514,0,0,0,0,0,-1,0,10.219905,5.000000,0
1515,0,0,0,0,0,-1,0,10.219905,5.000000,0
1516,0,0,0,0,0,-1,0,10.219905,5.000000,0
1517,0,0,0,0,0,-1,0,10.219905,5.000000,0
1518,0,0,0,0,0,-1,0,10.219905,5.000000,0
1519,0,0,0,0,0,-1,0,10.219905,5.000000,0
1520,0,0,0,0,0,-1,0,10.219905,5.000000,0
1521,0,0,0,0,0,-1,0,10.219905,5.000000,0
1522,0,0,0,0,0,-1,0,10.219905,5.000000,0
1523,0,0,0,0,0,-1,0,10.219905,5.000000,0
1524,0,0,0,0,0,-1,0,10.219905,5.000000,0
1525,0,0,0,0,0,-1,0,10.219905,5.000000,0
1526,0,0,0,0,0,-1,0,10.219905,5.000000,0
1527,0,0,0,0,0,-1,0,10.219905,5.000000,0
1528,0,0,0,0,0,-1,0,10.219905,5.000000,0
1529,0,0,0,0,0,-1,0,10.219905,5.000000,0
1530,0,0,0,0,0,-1,0,10.219905,5.000000,0
1531,0,0,0,0,0,-1,0,10.219905,5.000000,0
1532,0,0,0,0,0,-1,0,10.219905,5.000000,0
1533,0,0,0,0,0,-1,0,10.219905,5.000000,0
1534,0,0,0,0,0,-1,0,10.219905,5.000000,0
1535,0,0,0,0,0,-1,0,10.219905,5.000000,0
1536,0,0,0,0,0,-1,0,10.219905,5.000000,0
1537,0,0,0,0,0,-1,0,10.219905,5.000000,0
1538,0,0,0,0,0,-1,0,10.219905,5.000000,0
1539,0,0,0,0,0,-1,0,10.219905,5.000000,0
1540,0,0,0,0,0,-1,0,10.219905,5.000000,0
1541,0,0,0,0,0,-1,0,10.219905,5.000000,0
1542,0,0,0,0,0,-1,0,10.219905,5.000000,0
1543,0,0,0,0,0,-1,0,10.219905,5.000000,0
1544,0,0,0,0,0,-1,0,10.219905,5.000000,0
1545,0,0,0,0,0,-1,0,10.219905,5.000000,0
1546,0,0,0,0,0,-1,0,10.219905,5.000000,0
1547,0,0,0,0,0,-1,0,10.219905,5.000000,0
1548,0,0,0,0,0,-1,0,10.219905,5.000000,0
1549,0,0,0,0,0,-1,0,10.219905,5.000000,0
1550,0,0,0,0,0,-1,0,10.219905,5.000000,0
1551,0,0,0,0,0,-1,0,10.219905,5.000000,0
1552,0,0,0,0,0,-1,0,10.219905,5.000000,0
1553,0,0,0,0,0,-1,0,10.219905,5.000000,0
1554,0,0,0,0,0,-1,0,10.219905,5.000000,0
1555,0,0,0,0,0,-1,0,10.219905,5.000000,0
1556,0,0,0,0,0,-1,0,10.219905,5.000000,0
1557,0,0,0,0,0,-1,0,10.219905,5.000000,0
1558,0,0,0,0,0,-1,0,10.219905,5.000000,0
1559,0,0,0,0,0,-1,0,10.219905,5.000000,0
1560,0,0,0,0,0,-1,0,10.219905,5.000000,0
1561,0,0,0,0,0,-1,0,10.219905,5.000000,0
1562,0,0,0,0,0,-1,0,10.219905,5.000000,0
1563,0,0,0,0,0,-1,0,10.219905,5.000000,0
1564,0,0,0,0,0,-1,0,10.219905,5.000000,0
1565,0,0,0,0,0,-1,0,10.219905,5.000000,0
1566,0,0,0,0,0,-1,0,10.219905,5.000000,0
1567,0,0,0,0,0,-1,0,10.219905,5.000000,0
1568,0,0,0,0,0,-1,0,10.219905,5.000000,0
1569,0,0,0,0,0,-1,0,10.219905,5.000000,0
1570,0,0,0,0,0,-1,0,10.219905,5.000000,0
1571,0,0,0,0,0,-1,0,10.219905,5.000000,0
1572,0,0,0,0,0,-1,0,10.219905,5.000000,0
1573,0,0,0,0,0,-1,0,10.219905,5.000000,0
1574,0,0,0,0,0,-1,0,10.219905,5.000000,0
1575,0,0,0,0,0,-1,0,10.219905,5.000000,0
1576,0,0,0,0,0,-1,0,10.219905,5.000000,0
1577,0,0,0,0,0,-1,0,10.219905,5.000000,0
1578,0,0,0,0,0,-1,0,10.219905,5.000000,0
1579,0,0,0,0,0,-1,0,10.219905,5.000000,0
1580,0,0,0,0,0,-1,0,10.219905,5.000000,0
1581,0,0,0,0,0,-1,0,10.219905,5.000000,0
1582,0,0,0,0,0,-1,0,10.219905,5.000000,0
1583,0,0,0,0,0,-1,0,10.219905,5.000000,0
1584,0,0,0,0,0,-1,0,10.219905,5.000000,0
1585,0,0,0,0,0,-1,0,10.219905,5.000000,0
1586,0,0,0,0,0,-1,0,10.219905,5.000000,0
1587,0,0,0,0,0,-1,0,10.219905,5.000000,0
1588,0,0,0,0,0,-1,0,10.219905,5.000000,0
1589,0,0,0,0,0,-1,0,10.219905,5.000000,0
1590,0,0,0,0,0,-1,0,10.219905,5.000000,0
1591,0,0,0,0,0,-1,0,10.219905,5.000000,0
1592,0,0,0,0,0,-1,0,10.219905,5.000000,0
1593,0,0,0,0,0,-1,0,10.219905,5.000000,0
1594,0,0,0,0,0,-1,0,10.219905,5.000000,0
1595,0,0,0,0,0,-1,0,10.219905,5.000000,0
1596,0,0,0,0,0,-1,0,10.219905,5.000000,0
1597,0,0,0,0,0,-1,0,10.219905,5.000000,0
1598,0,0,0,0,0,-1,0,10.219905,5.000000,0
1599,0,0,0,0,0,-1,0,10.219905,5.000000,0
1600,0,0,0,0,0,-1,0,10.219905,5.000000,0
1601,0,0,0,0,0,-1,0,10.219905,5.000000,0
1602,0,0,0,0,0,-1,0,10.219905,5.000000,0
1603,0,0,0,0,0,-1,0,10.219905,5.000000,0
1604,0,0,0,0,0,-1,0,10.219905,5.000000,0
1605,0,0,0,0,0,-1,0,10.219905,5.000000,0
1606,0,0,0,0,0,-1,0,10.219905,5.000000,0
1607,0,0,0,0,0,-1,0,10.219905,5.000000,0
1608,0,0,0,0,0,-1,0,10.219905,5.000000,0
1609,0,0,0,0,0,-1,0,10.219905,5.000000,0
1610,0,0,0,0,0,-1,0,10.219905,5.000000,0
1611,0,0,0,0,0,-1,0,10.219905,5.000000,0
1612,0,0,0,0,0,-1,0,10.219905,5.000000,0
1613,0,0,0,0,0,-1,0,10.219905,5.000000,0
1614,0,0,0,0,0,-1,0,10.219905,5.000000,0
1615,0,0,0,0,0,-1,0,10.219905,5.000000,0
1616,0,0,0,0,0,-1,0,10.219905,5.000000,0
1617,0,0,0,0,0,-1,0,10.219905,5.000000,0
1618,0,0,0,0,0,-1,0,10.219905,5.000000,0
1619,0,0,0,0,0,-1,0,10.219905,5.000000,0
1620,0,0,0,0,0,-1,0,10.219905,5.000000,0
1621,0,0,0,0,0,-1,0,10.219905,5.000000,0
1622,0,0,0,0,0,-1,0,10.219905,5.000000,0
1623,0,0,0,0,0,-1,0,10.219905,5.000000,0
1624,0,0,0,0,0,-1,0,10.219905,5.000000,0
1625,0,0,0,0,0,-1,0,10.219905,5.000000,0
1626,0,0,0,0,0,-1,0,10.219905,5.000000,0
1627,0,0,0,0,0,-1,0,10.219905,5.000000,0
1628,0,0,0,0,0,-1,0,10.219905,5.000000,0
1629,0,0,0,0,0,-1,0,10.219905,5.000000,0
1630,0,0,0,0,0,-1,0,10.219905,5.000000,0
1631,0,0,0,0,0,-1,0,10.219905,5.000000,0
1632,0,0,0,0,0,-1,0,10.219905,5.000000,0
1633,0,0,0,0,0,-1,0,10.219905,5.000000,0
1634,0,0,0,0,0,-1,0,10.219905,5.000000,0
1635,0,0,0,0,0,-1,0,10.219905,5.000000,0
1636,0,0,0,0,0,-1,0,10.219905,5.000000,0
1637,0,0,0,0,0,-1,0,10.219905,5.000000,0
1638,0,0,0,0,0,-1,0,10.219905,5.000000,0
1639,0,0,0,0,0,-1,0,10.219905,5.000000,0
1640,0,0,0,0,0,-1,0,10.219905,5.000000,0
1641,0,0,0,0,0,-1,0,10.219905,5.000000,0
1642,0,0,0,0,0,-1,0,10.219905,5.000000,0
1643,0,0,0,0,0,-1,0,10.219905,5.000000,0
1644,0,0,0,0,0,-1,0,10.219905,5.000000,0
1645,0,0,0,0,0,-1,0,10.219905,5.000000,0
1646,0,0,0,0,0,-1,0,10.219905,5.000000,0
1647,0,0,0,0,0,-1,0,10.219905,5.000000,0
1648,0,0,0,0,0,-1,0,10.219905,5.000000,0
1649,0,0,0,0,0,-1,0,10.219905,5.000000,0
1650,0,0,0,0,0,-1,0,10.219905,5.000000,0
1651,0,0,0,0,0,-1,0,10.219905,5.000000,0
1652,0,0,0,0,0,-1,0,10.219905,5.000000,0
1653,0,0,0,0,0,-1,0,10.219905,5.000000,0
1654,0,0,0,0,0,-1,0,10.219905,5.000000,0
1655,0,0,0,0,0,-1,0,10.219905,5.000000,0
1656,0,0,0,0,0,-1,0,10.219905,5.000000,0
1657,0,0,0,0,0,-1,0,10.219905,5.000000,0
1658,0,0,0,0,0,-1,0,10.219905,5.000000,0
1659,0,0,0,0,0,-1,0,10.219905,5.000000,0
1660,0,0,0,0,0,-1,0,10.219905,5.000000,0
1661,0,0,0,0,0,-1,0,10.219905,5.000000,0
1662,0,0,0,0,0,-1,0,10.219905,5.000000,0
1663,0,0,0,0,0,-1,0,10.219905,5.000000,0
1664,0,0,0,0,0,-1,0,10.219905,5.000000,0
1665,0,0,0,0,0,-1,0,10.219905,5.000000,0
1666,0,0,0,0,0,-1,0,10.219905,5.000000,0
1667,0,0,0,0,0,-1,0,10.219905,5.000000,0
1668,0,0,0,0,0,-1,0,10.219905,5.000000,0
1669,0,0,0,0,0,-1,0,10.219905,5.000000,0
1670,0,0,0,0,0,-1,0,10.219905,5.000000,0
1671,0,0,0,0,0,-1,0,10.219905,5.000000,0
1672,0,0,0,0,0,-1,0,10.219905,5.000000,0
1673,0,0,0,0,0,-1,0,10.219905,5.000000,0
1674,0,0,0,0,0,-1,0,10.219905,5.000000,0
1675,0,0,0,0,0,-1,0,10.219905,5.000000,0
1676,0,0,0,0,0,-1,0,10.219905,5.000000,0
1677,0,0,0,0,0,-1,0,10.219905,5.000000,0
1678,0,0,0,0,0,-1,0,10.219905,5.000000,0
1679,0,0,0,0,0,-1,0,10.219905,5.000000,0
1680,0,0,0,0,0,-1,0,10.219905,5.000000,0
1681,0,0,0,0,0,-1,0,10.219905,5.000000,0
1682,0,0,0,0,0,-1,0,10.219905,5.000000,0
1683,0,0,0,0,0,-1,0,10.219905,5.000000,0
1684,0,0,0,0,0,-1,0,10.219905,5.000000,0
1685,0,0,0,0,0,-1,0,10.219905,5.000000,0
1686,0,0,0,0,0,-1,0,10.219905,5.000000,0
1687,0,0,0,0,0,-1,0,10.219905,5.000000,0
1688,0,0,0,0,0,-1,0,10.219905,5.000000,0
1689,0,0,0,0,0,-1,0,10.219905,5.000000,0
1690,0,0,0,0,0,-1,0,10.219905,5.000000,0
1691,0,0,0,0,0,-1,0,10.219905,5.000000,0
1692,0,0,0,0,0,-1,0,10.219905,5.000000,0
1693,0,0,0,0,0,-1,0,10.219905,5.000000,0
1694,0,0,0,0,0,-1,0,10.219905,5.000000,0
1695,0,0,0,0,0,-1,0,10.219905,5.000000,0
1696,0,0,0,0,0,-1,0,10.219905,5.000000,0
1697,0,0,0,0,0,-1,0,10.219905,5.000000,0
1698,0,0,0,0,0,-1,0,10.219905,5.000000,0
1699,0,0,0,0,0,-1,0,10.219905,5.000000,0
1700,0,0,0,0,0,-1,0,10.219905,5.000000,0
1701,0,0,0,0,0,-1,0,10.219905,5.000000,0
1702,0,0,0,0,0,-1,0,10.219905,5.000000,0
1703,0,0,0,0,0,-1,0,10.219905,5.000000,0
1704,0,0,0,0,0,-1,0,10.219905,5.000000,0
1705,0,0,0,0,0,-1,0,10.219905,5.000000,0
1706,0,0,0,0,0,-1,0,10.219905,5.000000,0
1707,0,0,0,0,0,-1,0,10.219905,5.000000,0
1708,0,0,0,0,0,-1,0,10.219905,5.000000,0
1709,0,0,0,0,0,-1,0,10.219905,5.000000,0
1710,0,0,0,0,0,-1,0,10.219905,5.000000,0
1711,0,0,0,0,0,-1,0,10.219905,5.000000,0
1712,0,0,0,0,0,-1,0,10.219905,5.000000,0
1713,0,0,0,0,0,-1,0,10.219905,5.000000,0
1714,0,0,0,0,0,-1,0,10.219905,5.000000,0
1715,0,0,0,0,0,-1,0,10.219905,5.000000,0
1716,0,0,0,0,0,-1,0,10.219905,5.000000,0
1717,0,0,0,0,0,-1,0,10.219905,5.000000,0
1718,0,0,0,0,0,-1,0,10.219905,5.000000,0
1719,0,0,0,0,0,-1,0,10.219905,5.000000,0
1720,0,0,0,0,0,-1,0,10.219905,5.000000,0
1721,0,0,0,0,0,-1,0,10.219905,5.000000,0
1722,0,0,0,0,0,-1,0,10.219905,5.000000,0
1723,0,0,0,0,0,-1,0,10.219905,5.000000,0
1724,0,0,0,0,0,-1,0,10.219905,5.000000,0
1725,0,0,0,0,0,-1,0,10.219905,5.000000,0
1726,0,0,0,0,0,-1,0,10.219905,5.000000,0
1727,0,0,0,0,0,-1,0,10.219905,5.000000,0
1728,0,0,0,0,0,-1,0,10.219905,5.000000,0
1729,0,0,0,0,0,-1,0,10.219905,5.000000,0
1730,0,0,0,0,0,-1,0,10.219905,5.000000,0
1731,0,0,0,0,0,-1,0,10.219905,5.000000,0
1732,0,0,0,0,0,-1,0,10.219905,5.000000,0
1733,0,0,0,0,0,-1,0,10.219905,5.000000,0
1734,0,0,0,0,0,-1,0,10.219905,5.000000,0
1735,0,0,0,0,0,-1,0,10.219905,5.000000,0
1736,0,0,0,0,0,-1,0,10.219905,5.000000,0
1737,0,0,0,0,0,-1,0,10.219905,5.000000,0
1738,0,0,0,0,0,-1,0,10.219905,5.000000,0
1739,0,0,0,0,0,-1,0,10.219905,5.000000,0
1740,0,0,0,0,0,-1,0,10.219905,5.000000,0
1741,0,0,0,0,0,-1,0,10.219905,5.000000,0
1742,0,0,0,0,0,-1,0,10.219905,5.000000,0
1743,0,0,0,0,0,-1,0,10.219905,5.000000,0
1744,0,0,0,0,0,-1,0,10.219905,5.000000,0
1745,0,0,0,0,0,-1,0,10.219905,5.000000,0
1746,0,0,0,0,0,-1,0,10.219905,5.000000,0
1747,0,0,0,0,0,-1,0,10.219905,5.000000,0
1748,0,0,0,0,0,-1,0,10.219905,5.000000,0
1749,0,0,0,0,0,-1,0,10.219905,5.000000,0
1750,0,0,0,0,0,-1,0,10.219905,5.000000,0
1751,0,0,0,0,0,-1,0,10.219905,5.000000,0
1752,0,0,0,0,0,-1,0,10.219905,5.000000,0
1753,0,0,0,0,0,-1,0,10.219905,5.000000,0
1754,0,0,0,0,0,-1,0,10.219905,5.000000,0
1755,0,0,0,0,0,-1,0,10.219905,5.000000,0
1756,0,0,0,0,0,-1,0,10.219905,5.000000,0
1757,0,0,0,0,0,-1,0,10.219905,5.000000,0
1758,0,0,0,0,0,-1,0,10.219905,5.000000,0
1759,0,0,0,0,0,-1,0,10.219905,5.000000,0
1760,0,0,0,0,0,-1,0,10.219905,5.000000,0
1761,0,0,0,0,0,-1,0,10.219905,5.000000,0
1762,0,0,0,0,0,-1,0,10.219905,5.000000,0
1763,0,0,0,0,0,-1,0,10.219905,5.000000,0
1764,0,0,0,0,0,-1,0,10.219905,5.000000,0
1765,0,0,0,0,0,-1,0,10.219905,5.000000,0
1766,0,0,0,0,0,-1,0,10.219905,5.000000,0
1767,0,0,0,0,0,-1,0,10.219905,5.000000,0
1768,0,0,0,0,0,-1,0,10.219905,5.000000,0
1769,0,0,0,0,0,-1,0,10.219905,5.000000,0
1770,0,0,0,0,0,-1,0,10.219905,5.000000,0
1771,0,0,0,0,0,-1,0,10.219905,5.000000,0
1772,0,0,0,0,0,-1,0,10.219905,5.000000,0
1773,0,0,0,0,0,-1,0,10.219905,5.000000,0
1774,0,0,0,0,0,-1,0,10.219905,5.000000,0
1775,0,0,0,0,0,-1,0,10.219905,5.000000,0
1776,0,0,0,0,0,-1,0,10.219905,5.000000,0
1777,0,0,0,0,0,-1,0,10.219905,5.000000,0
1778,0,0,0,0,0,-1,0,10.219905,5.000000,0
1779,0,0,0,0,0,-1,0,10.219905,5.000000,0
1780,0,0,0,0,0,-1,0,10.219905,5.000000,0
1781,0,0,0,0,0,-1,0,10.219905,5.000000,0
1782,0,0,0,0,0,-1,0,10.219905,5.000000,0
1783,0,0,0,0,0,-1,0,10.219905,5.000000,0
1784,0,0,0,0,0,-1,0,10.219905,5.000000,0
1785,0,0,0,0,0,-1,0,10.219905,5.000000,0
1786,0,0,0,0,0,-1,0,10.219905,5.000000,0
1787,0,0,0,0,0,-1,0,10.219905,5.000000,0
1788,0,0,0,0,0,-1,0,10.219905,5.000000,0
1789,0,0,0,0,0,-1,0,10.219905,5.000000,0
1790,0,0,0,0,0,-1,0,10.219905,5.000000,0
1791,0,0,0,0,0,-1,0,10.219905,5.000000,0
1792,0,0,0,0,0,-1,0,10.219905,5.000000,0
1793,0,0,0,0,0,-1,0,10.219905,5.000000,0
1794,0,0,0,0,0,-1,0,10.219905,5.000000,0
1795,0,0,0,0,0,-1,0,10.219905,5.000000,0
1796,0,0,0,0,0,-1,0,10.219905,5.000000,0
1797,0,0,0,0,0,-1,0,10.219905,5.000000,0
1798,0,0,0,0,0,-1,0,10.219905,5.000000,0
1799,0,0,0,0,0,-1,0,10.219905,5.000000,0
1800,0,0,0,0,0,-1,0,10.219905,5.000000,0
1801,0,0,0,0,0,-1,0,10.219905,5.000000,0
1802,0,0,0,0,0,-1,0,10.219905,5.000000,0
1803,0,0,0,0,0,-1,0,10.219905,5.000000,0
1804,0,0,0,0,0,-1,0,10.219905,5.000000,0
1805,0,0,0,0,0,-1,0,10.219905,5.000000,0
1806,0,0,0,0,0,-1,0,10.219905,5.000000,0
1807,0,0,0,0,0,-1,0,10.219905,5.000000,0
1808,0,0,0,0,0,-1,0,10.219905,5.000000,0
1809,0,0,0,0,0,-1,0,10.219905,5.000000,0
1810,0,0,0,0,0,-1,0,10.219905,5.000000,0
1811,0,0,0,0,0,-1,0,10.219905,5.000000,0
1812,0,0,0,0,0,-1,0,10.219905,5.000000,0
1813,0,0,0,0,0,-1,0,10.219905,5.000000,0
1814,0,0,0,0,0,-1,0,10.219905,5.000000,0
1815,0,0,0,0,0,-1,0,10.219905,5.000000,0
1816,0,0,0,0,0,-1,0,10.219905,5.000000,0
1817,0,0,0,0,0,-1,0,10.219905,5.000000,0
1818,0,0,0,0,0,-1,0,10.219905,5.000000,0
1819,0,0,0,0,0,-1,0,10.219905,5.000000,0
1820,0,0,0,0,0,-1,0,10.219905,5.000000,0
1821,0,0,0,0,0,-1,0,10.219905,5.000000,0
1822,0,0,0,0,0,-1,0,10.219905,5.000000,0
1823,0,0,0,0,0,-1,0,10.219905,5.000000,0
1824,0,0,0,0,0,-1,0,10.219905,5.000000,0
1825,0,0,0,0,0,-1,0,10.219905,5.000000,0
1826,0,0,0,0,0,-1,0,10.219905,5.000000,0
1827,0,0,0,0,0,-1,0,10.219905,5.000000,0
1828,0,0,0,0,0,-1,0,10.219905,5.000000,0
1829,0,0,0,0,0,-1,0,10.219905,5.000000,0
1830,0,0,0,0,0,-1,0,10.219905,5.000000,0
1831,0,0,0,0,0,-1,0,10.219905,5.000000,0
1832,0,0,0,0,0,-1,0,10.219905,5.000000,0
1833,0,0,0,0,0,-1,0,10.219905,5.000000,0
1834,0,0,0,0,0,-1,0,10.219905,5.000000,0
1835,0,0,0,0,0,-1,0,10.219905,5.000000,0
1836,0,0,0,0,0,-1,0,10.219905,5.000000,0
1837,0,0,0,0,0,-1,0,10.219905,5.000000,0
1838,0,0,0,0,0,-1,0,10.219905,5.000000,0
1839,0,0,0,0,0,-1,0,10.219905,5.000000,0
1840,0,0,0,0,0,-1,0,10.219905,5.000000,0
1841,0,0,0,0,0,-1,0,10.219905,5.000000,0
1842,0,0,0,0,0,-1,0,10.219905,5.000000,0
1843,0,0,0,0,0,-1,0,10.219905,5.000000,0
1844,0,0,0,0,0,-1,0,10.219905,5.000000,0
1845,0,0,0,0,0,-1,0,10.219905,5.000000,0
1846,0,0,0,0,0,-1,0,10.219905,5.000000,0
1847,0,0,0,0,0,-1,0,10.219905,5.000000,0
1848,0,0,0,0,0,-1,0,10.219905,5.000000,0
1849,0,0,0,0,0,-1,0,10.219905,5.000000,0
1850,0,0,0,0,0,-1,0,10.219905,5.000000,0
1851,0,0,0,0,0,-1,0,10.219905,5.000000,0
1852,0,0,0,0,0,-1,0,10.219905,5.000000,0
1853,0,0,0,0,0,-1,0,10.219905,5.000000,0
1854,0,0,0,0,0,-1,0,10.219905,5.000000,0
1855,0,0,0,0,0,-1,0,10.219905,5.000000,0
1856,0,0,0,0,0,-1,0,10.219905,5.000000,0
1857,0,0,0,0,0,-1,0,10.219905,5.000000,0
1858,0,0,0,0,0,-1,0,10.219905,5.000000,0
1859,0,0,0,0,0,-1,0,10.219905,5.000000,0
1860,0,0,0,0,0,-1,0,10.219905,5.000000,0
1861,0,0,0,0,0,-1,0,10.219905,5.000000,0
1862,0,0,0,0,0,-1,0,10.219905,5.000000,0
1863,0,0,0,0,0,-1,0,10.219905,5.000000,0
1864,0,0,0,0,0,-1,0,10.219905,5.000000,0
1865,0,0,0,0,0,-1,0,10.219905,5.000000,0
1866,0,0,0,0,0,-1,0,10.219905,5.000000,0
1867,0,0,0,0,0,-1,0,10.219905,5.000000,0
1868,0,0,0,0,0,-1,0,10.219905,5.000000,0
1869,0,0,0,0,0,-1,0,10.219905,5.000000,0
1870,0,0,0,0,0,-1,0,10.219905,5.000000,0
1871,0,0,0,0,0,-1,0,10.219905,5.000000,0
1872,0,0,0,0,0,-1,0,10.219905,5.000000,0
1873,0,0,0,0,0,-1,0,10.219905,5.000000,0
1874,0,0,0,0,0,-1,0,10.219905,5.000000,0
1875,0,0,0,0,0,-1,0,10.219905,5.000000,0
1876,0,0,0,0,0,-1,0,10.219905,5.000000,0
1877,0,0,0,0,0,-1,0,10.219905,5.000000,0
1878,0,0,0,0,0,-1,0,10.219905,5.000000,0
1879,0,0,0,0,0,-1,0,10.219905,5.000000,0
1880,0,0,0,0,0,-1,0,10.219905,5.000000,0
1881,0,0,0,0,0,-1,0,10.219905,5.000000,0
1882,0,0,0,0,0,-1,0,10.219905,5.000000,0
1883,0,0,0,0,0,-1,0,10.219905,5.000000,0
1884,0,0,0,0,0,-1,0,10.219905,5.000000,0
1885,0,0,0,0,0,-1,0,10.219905,5.000000,0
1886,0,0,0,0,0,-1,0,10.219905,5.000000,0
1887,0,0,0,0,0,-1,0,10.219905,5.000000,0
1888,0,0,0,0,0,-1,0,10.219905,5.000000,0
1889,0,0,0,0,0,-1,0,10.219905,5.000000,0
1890,0,0,0,0,0,-1,0,10.219905,5.000000,0
1891,0,0,0,0,0,-1,0,10.219905,5.000000,0
1892,0,0,0,0,0,-1,0,10.219905,5.000000,0
1893,0,0,0,0,0,-1,0,10.219905,5.000000,0
1894,0,0,0,0,0,-1,0,10.219905,5.000000,0
1895,0,0,0,0,0,-1,0,10.219905,5.000000,0
1896,0,0,0,0,0,-1,0,10.219905,5.000000,0
1897,0,0,0,0,0,-1,0,10.219905,5.000000,0
1898,0,0,0,0,0,-1,0,10.219905,5.000000,0
1899,0,0,0,0,0,-1,0,10.219905,5.000000,0
1900,0,0,0,0,0,-1,0,10.219905,5.000000,0
1901,0,0,0,0,0,-1,0,10.219905,5.000000,0
1902,0,0,0,0,0,-1,0,10.219905,5.000000,0
1903,0,0,0,0,0,-1,0,10.219905,5.000000,0
1904,0,0,0,0,0,-1,0,10.219905,5.000000,0
1905,0,0,0,0,0,-1,0,10.219905,5.000000,0
1906,0,0,0,0,0,-1,0,10.219905,5.000000,0
1907,0,0,0,0,0,-1,0,10.219905,5.000000,0
1908,0,0,0,0,0,-1,0,10.219905,5.000000,0
1909,0,0,0,0,0,-1,0,10.219905,5.000000,0
1910,0,0,0,0,0,-1,0,10.219905,5.000000,0
1911,0,0,0,0,0,-1,0,10.219905,5.000000,0
1912,0,0,0,0,0,-1,0,10.219905,5.000000,0
1913,0,0,0,0,0,-1,0,10.219905,5.000000,0
1914,0,0,0,0,0,-1,0,10.219905,5.000000,0
1915,0,0,0,0,0,-1,0,10.219905,5.000000,0
1916,0,0,0,0,0,-1,0,10.219905,5.000000,0
1917,0,0,0,0,0,-1,0,10.219905,5.000000,0
1918,0,0,0,0,0,-1,0,10.219905,5.000000,0
1919,0,0,0,0,0,-1,0,10.219905,5.000000,0
1920,0,0,0,0,0,-1,0,10.219905,5.000000,0
1921,0,0,0,0,0,-1,0,10.219905,5.000000,0
1922,0,0,0,0,0,-1,0,10.219905,5.000000,0
1923,0,0,0,0,0,-1,0,10.219905,5.000000,0
1924,0,0,0,0,0,-1,0,10.219905,5.000000,0
1925,0,0,0,0,0,-1,0,10.219905,5.000000,0
1926,0,0,0,0,0,-1,0,10.219905,5.000000,0
1927,0,0,0,0,0,-1,0,10.219905,5.000000,0
1928,0,0,0,0,0,-1,0,10.219905,5.000000,0
1929,0,0,0,0,0,-1,0,10.219905,5.000000,0
1930,0,0,0,0,0,-1,0,10.219905,5.000000,0
1931,0,0,0,0,0,-1,0,10.219905,5.000000,0
1932,0,0,0,0,0,-1,0,10.219905,5.000000,0
1933,0,0,0,0,0,-1,0,10.219905,5.000000,0
1934,0,0,0,0,0,-1,0,10.219905,5.000000,0
1935,0,0,0,0,0,-1,0,10.219905,5.000000,0
1936,0,0,0,0,0,-1,0,10.219905,5.000000,0
1937,0,0,0,0,0,-1,0,10.219905,5.000000,0
1938,0,0,0,0,0,-1,0,10.219905,5.000000,0
1939,0,0,0,0,0,-1,0,10.219905,5.000000,0
1940,0,0,0,0,0,-1,0,10.219905,5.000000,0
1941,0,0,0,0,0,-1,0,10.219905,5.000000,0
1942,0,0,0,0,0,-1,0,10.219905,5.000000,0
1943,0,0,0,0,0,-1,0,10.219905,5.000000,0
1944,0,0,0,0,0,-1,0,10.219905,5.000000,0
1945,0,0,0,0,0,-1,0,10.219905,5.000000,0
1946,0,0,0,0,0,-1,0,10.219905,5.000000,0
1947,0,0,0,0,0,-1,0,10.219905,5.000000,0
1948,0,0,0,0,0,-1,0,10.219905,5.000000,0
1949,0,0,0,0,0,-1,0,10.219905,5.000000,0
1950,0,0,0,0,0,-1,0,10.219905,5.000000,0
1951,0,0,0,0,0,-1,0,10.219905,5.000000,0
1952,0,0,0,0,0,-1,0,10.219905,5.000000,0
1953,0,0,0,0,0,-1,0,10.219905,5.000000,0
1954,0,0,0,0,0,-1,0,10.219905,5.000000,0
1955,0,0,0,0,0,-1,0,10.219905,5.000000,0
1956,0,0,0,0,0,-1,0,10.219905,5.000000,0
1957,0,0,0,0,0,-1,0,10.219905,5.000000,0
1958,0,0,0,0,0,-1,0,10.219905,5.000000,0
1959,0,0,0,0,0,-1,0,10.219905,5.000000,0
1960,0,0,0,0,0,-1,0,10.219905,5.000000,0
1961,0,0,0,0,0,-1,0,10.219905,5.000000,0
1962,0,0,0,0,0,-1,0,10.219905,5.000000,0
1963,0,0,0,0,0,-1,0,10.219905,5.000000,0
1964,0,0,0,0,0,-1,0,10.219905,5.000000,0
1965,0,0,0,0,0,-1,0,10.219905,5.000000,0
1966,0,0,0,0,0,-1,0,10.219905,5.000000,0
1967,0,0,0,0,0,-1,0,10.219905,5.000000,0
1968,0,0,0,0,0,-1,0,10.219905,5.000000,0
1969,0,0,0,0,0,-1,0,10.219905,5.000000,0
1970,0,0,0,0,0,-1,0,10.219905,5.000000,0
1971,0,0,0,0,0,-1,0,10.219905,5.000000,0
1972,0,0,0,0,0,-1,0,10.219905,5.000000,0
1973,0,0,0,0,0,-1,0,10.219905,5.000000,0
1974,0,0,0,0,0,-1,0,10.219905,5.000000,0
1975,0,0,0,0,0,-1,0,10.219905,5.000000,0
1976,0,0,0,0,0,-1,0,10.219905,5.000000,0
1977,0,0,0,0,0,-1,0,10.219905,5.000000,0
1978,0,0,0,0,0,-1,0,10.219905,5.000000,0
1979,0,0,0,0,0,-1,0,10.219905,5.000000,0
1980,0,0,0,0,0,-1,0,10.219905,5.000000,0
1981,0,0,0,0,0,-1,0,10.219905,5.000000,0
1982,0,0,0,0,0,-1,0,10.219905,5.000000,0
1983,0,0,0,0,0,-1,0,10.219905,5.000000,0
1984,0,0,0,0,0,-1,0,10.219905,5.000000,0
1985,0,0,0,0,0,-1,0,10.219905,5.000000,0
1986,0,0,0,0,0,-1,0,10.219905,5.000000,0
1987,0,0,0,0,0,-1,0,10.219905,5.000000,0
1988,0,0,0,0,0,-1,0,10.219905,5.000000,0
1989,0,0,0,0,0,-1,0,10.219905,5.000000,0
1990,0,0,0,0,0,-1,0,10.219905,5.000000,0
1991,0,0,0,0,0,-1,0,10.219905,5.000000,0
1992,0,0,0,0,0,-1,0,10.219905,5.000000,0
1993,0,0,0,0,0,-1,0,10.219905,5.000000,0
1994,0,0,0,0,0,-1,0,10.219905,5.000000,0
1995,0,0,0,0,0,-1,0,10.219905,5.000000,0
1996,0,0,0,0,0,-1,0,10.219905,5.000000,0
1997,0,0,0,0,0,-1,0,10.219905,5.000000,0
1998,0,0,0,0,0,-1,0,10.219905,5.000000,0
1999,0,0,0,0,0,-1,0,10.219905,5.000000,0
2000,0,0,0,0,0,-1,0,10.219905,5.000000,0
